ori,state_fips,block_group_geoid,weight_share,geometry_source_type,geometry_source_ref,footprint_note
CA0012100,06,060014001002,0.0076069620474,official_gtfs_plus_official_kmz_geometry,"BART official GTFS permalink plus official stations-tracks-entrances KMZ from the BART developer/geospatial pages; footprint uses a 20 m track buffer and 45 m station-complex buffer in EPSG:5070, with 75 m buffers for the unlinked Coliseum/Airport Connector and eBART Transfer KMZ station centroids.","Union of the official BART track centerline buffered 20 m, station-complex convex hulls built from official station entrances plus linked official station centroids buffered 45 m, and 75 m buffers for the unlinked official Coliseum/Airport Connector and eBART Transfer station centroids; intersected with 2020 California TIGER block groups using EPSG:5070 area shares."
CA0012100,06,060014002002,0.000788600710627,official_gtfs_plus_official_kmz_geometry,"BART official GTFS permalink plus official stations-tracks-entrances KMZ from the BART developer/geospatial pages; footprint uses a 20 m track buffer and 45 m station-complex buffer in EPSG:5070, with 75 m buffers for the unlinked Coliseum/Airport Connector and eBART Transfer KMZ station centroids.","Union of the official BART track centerline buffered 20 m, station-complex convex hulls built from official station entrances plus linked official station centroids buffered 45 m, and 75 m buffers for the unlinked official Coliseum/Airport Connector and eBART Transfer station centroids; intersected with 2020 California TIGER block groups using EPSG:5070 area shares."
CA0012100,06,060014003001,0.003862958408037,official_gtfs_plus_official_kmz_geometry,"BART official GTFS permalink plus official stations-tracks-entrances KMZ from the BART developer/geospatial pages; footprint uses a 20 m track buffer and 45 m station-complex buffer in EPSG:5070, with 75 m buffers for the unlinked Coliseum/Airport Connector and eBART Transfer KMZ station centroids.","Union of the official BART track centerline buffered 20 m, station-complex convex hulls built from official station entrances plus linked official station centroids buffered 45 m, and 75 m buffers for the unlinked official Coliseum/Airport Connector and eBART Transfer station centroids; intersected with 2020 California TIGER block groups using EPSG:5070 area shares."
CA0012100,06,060014003003,0.005124666003304,official_gtfs_plus_official_kmz_geometry,"BART official GTFS permalink plus official stations-tracks-entrances KMZ from the BART developer/geospatial pages; footprint uses a 20 m track buffer and 45 m station-complex buffer in EPSG:5070, with 75 m buffers for the unlinked Coliseum/Airport Connector and eBART Transfer KMZ station centroids.","Union of the official BART track centerline buffered 20 m, station-complex convex hulls built from official station entrances plus linked official station centroids buffered 45 m, and 75 m buffers for the unlinked official Coliseum/Airport Connector and eBART Transfer station centroids; intersected with 2020 California TIGER block groups using EPSG:5070 area shares."
CA0012100,06,060014003004,0.001094913635694,official_gtfs_plus_official_kmz_geometry,"BART official GTFS permalink plus official stations-tracks-entrances KMZ from the BART developer/geospatial pages; footprint uses a 20 m track buffer and 45 m station-complex buffer in EPSG:5070, with 75 m buffers for the unlinked Coliseum/Airport Connector and eBART Transfer KMZ station centroids.","Union of the official BART track centerline buffered 20 m, station-complex convex hulls built from official station entrances plus linked official station centroids buffered 45 m, and 75 m buffers for the unlinked official Coliseum/Airport Connector and eBART Transfer station centroids; intersected with 2020 California TIGER block groups using EPSG:5070 area shares."
CA0012100,06,060014004002,0.00014770806861,official_gtfs_plus_official_kmz_geometry,"BART official GTFS permalink plus official stations-tracks-entrances KMZ from the BART developer/geospatial pages; footprint uses a 20 m track buffer and 45 m station-complex buffer in EPSG:5070, with 75 m buffers for the unlinked Coliseum/Airport Connector and eBART Transfer KMZ station centroids.","Union of the official BART track centerline buffered 20 m, station-complex convex hulls built from official station entrances plus linked official station centroids buffered 45 m, and 75 m buffers for the unlinked official Coliseum/Airport Connector and eBART Transfer station centroids; intersected with 2020 California TIGER block groups using EPSG:5070 area shares."
CA0012100,06,060014006002,0.000361713630292,official_gtfs_plus_official_kmz_geometry,"BART official GTFS permalink plus official stations-tracks-entrances KMZ from the BART developer/geospatial pages; footprint uses a 20 m track buffer and 45 m station-complex buffer in EPSG:5070, with 75 m buffers for the unlinked Coliseum/Airport Connector and eBART Transfer KMZ station centroids.","Union of the official BART track centerline buffered 20 m, station-complex convex hulls built from official station entrances plus linked official station centroids buffered 45 m, and 75 m buffers for the unlinked official Coliseum/Airport Connector and eBART Transfer station centroids; intersected with 2020 California TIGER block groups using EPSG:5070 area shares."
CA0012100,06,060014007001,0.001165612322691,official_gtfs_plus_official_kmz_geometry,"BART official GTFS permalink plus official stations-tracks-entrances KMZ from the BART developer/geospatial pages; footprint uses a 20 m track buffer and 45 m station-complex buffer in EPSG:5070, with 75 m buffers for the unlinked Coliseum/Airport Connector and eBART Transfer KMZ station centroids.","Union of the official BART track centerline buffered 20 m, station-complex convex hulls built from official station entrances plus linked official station centroids buffered 45 m, and 75 m buffers for the unlinked official Coliseum/Airport Connector and eBART Transfer station centroids; intersected with 2020 California TIGER block groups using EPSG:5070 area shares."
CA0012100,06,060014007002,0.001518244537569,official_gtfs_plus_official_kmz_geometry,"BART official GTFS permalink plus official stations-tracks-entrances KMZ from the BART developer/geospatial pages; footprint uses a 20 m track buffer and 45 m station-complex buffer in EPSG:5070, with 75 m buffers for the unlinked Coliseum/Airport Connector and eBART Transfer KMZ station centroids.","Union of the official BART track centerline buffered 20 m, station-complex convex hulls built from official station entrances plus linked official station centroids buffered 45 m, and 75 m buffers for the unlinked official Coliseum/Airport Connector and eBART Transfer station centroids; intersected with 2020 California TIGER block groups using EPSG:5070 area shares."
CA0012100,06,060014007003,0.000797373154611,official_gtfs_plus_official_kmz_geometry,"BART official GTFS permalink plus official stations-tracks-entrances KMZ from the BART developer/geospatial pages; footprint uses a 20 m track buffer and 45 m station-complex buffer in EPSG:5070, with 75 m buffers for the unlinked Coliseum/Airport Connector and eBART Transfer KMZ station centroids.","Union of the official BART track centerline buffered 20 m, station-complex convex hulls built from official station entrances plus linked official station centroids buffered 45 m, and 75 m buffers for the unlinked official Coliseum/Airport Connector and eBART Transfer station centroids; intersected with 2020 California TIGER block groups using EPSG:5070 area shares."
CA0012100,06,060014007004,0.00142095842563,official_gtfs_plus_official_kmz_geometry,"BART official GTFS permalink plus official stations-tracks-entrances KMZ from the BART developer/geospatial pages; footprint uses a 20 m track buffer and 45 m station-complex buffer in EPSG:5070, with 75 m buffers for the unlinked Coliseum/Airport Connector and eBART Transfer KMZ station centroids.","Union of the official BART track centerline buffered 20 m, station-complex convex hulls built from official station entrances plus linked official station centroids buffered 45 m, and 75 m buffers for the unlinked official Coliseum/Airport Connector and eBART Transfer station centroids; intersected with 2020 California TIGER block groups using EPSG:5070 area shares."
CA0012100,06,060014010001,0.002075411592162,official_gtfs_plus_official_kmz_geometry,"BART official GTFS permalink plus official stations-tracks-entrances KMZ from the BART developer/geospatial pages; footprint uses a 20 m track buffer and 45 m station-complex buffer in EPSG:5070, with 75 m buffers for the unlinked Coliseum/Airport Connector and eBART Transfer KMZ station centroids.","Union of the official BART track centerline buffered 20 m, station-complex convex hulls built from official station entrances plus linked official station centroids buffered 45 m, and 75 m buffers for the unlinked official Coliseum/Airport Connector and eBART Transfer station centroids; intersected with 2020 California TIGER block groups using EPSG:5070 area shares."
CA0012100,06,060014010004,0.000109693447954,official_gtfs_plus_official_kmz_geometry,"BART official GTFS permalink plus official stations-tracks-entrances KMZ from the BART developer/geospatial pages; footprint uses a 20 m track buffer and 45 m station-complex buffer in EPSG:5070, with 75 m buffers for the unlinked Coliseum/Airport Connector and eBART Transfer KMZ station centroids.","Union of the official BART track centerline buffered 20 m, station-complex convex hulls built from official station entrances plus linked official station centroids buffered 45 m, and 75 m buffers for the unlinked official Coliseum/Airport Connector and eBART Transfer station centroids; intersected with 2020 California TIGER block groups using EPSG:5070 area shares."
CA0012100,06,060014011003,0.001380587645409,official_gtfs_plus_official_kmz_geometry,"BART official GTFS permalink plus official stations-tracks-entrances KMZ from the BART developer/geospatial pages; footprint uses a 20 m track buffer and 45 m station-complex buffer in EPSG:5070, with 75 m buffers for the unlinked Coliseum/Airport Connector and eBART Transfer KMZ station centroids.","Union of the official BART track centerline buffered 20 m, station-complex convex hulls built from official station entrances plus linked official station centroids buffered 45 m, and 75 m buffers for the unlinked official Coliseum/Airport Connector and eBART Transfer station centroids; intersected with 2020 California TIGER block groups using EPSG:5070 area shares."
CA0012100,06,060014011004,0.005816694518506,official_gtfs_plus_official_kmz_geometry,"BART official GTFS permalink plus official stations-tracks-entrances KMZ from the BART developer/geospatial pages; footprint uses a 20 m track buffer and 45 m station-complex buffer in EPSG:5070, with 75 m buffers for the unlinked Coliseum/Airport Connector and eBART Transfer KMZ station centroids.","Union of the official BART track centerline buffered 20 m, station-complex convex hulls built from official station entrances plus linked official station centroids buffered 45 m, and 75 m buffers for the unlinked official Coliseum/Airport Connector and eBART Transfer station centroids; intersected with 2020 California TIGER block groups using EPSG:5070 area shares."
CA0012100,06,060014013001,0.002877281380959,official_gtfs_plus_official_kmz_geometry,"BART official GTFS permalink plus official stations-tracks-entrances KMZ from the BART developer/geospatial pages; footprint uses a 20 m track buffer and 45 m station-complex buffer in EPSG:5070, with 75 m buffers for the unlinked Coliseum/Airport Connector and eBART Transfer KMZ station centroids.","Union of the official BART track centerline buffered 20 m, station-complex convex hulls built from official station entrances plus linked official station centroids buffered 45 m, and 75 m buffers for the unlinked official Coliseum/Airport Connector and eBART Transfer station centroids; intersected with 2020 California TIGER block groups using EPSG:5070 area shares."
CA0012100,06,060014013002,0.003715475155473,official_gtfs_plus_official_kmz_geometry,"BART official GTFS permalink plus official stations-tracks-entrances KMZ from the BART developer/geospatial pages; footprint uses a 20 m track buffer and 45 m station-complex buffer in EPSG:5070, with 75 m buffers for the unlinked Coliseum/Airport Connector and eBART Transfer KMZ station centroids.","Union of the official BART track centerline buffered 20 m, station-complex convex hulls built from official station entrances plus linked official station centroids buffered 45 m, and 75 m buffers for the unlinked official Coliseum/Airport Connector and eBART Transfer station centroids; intersected with 2020 California TIGER block groups using EPSG:5070 area shares."
CA0012100,06,060014013003,7.913755915e-06,official_gtfs_plus_official_kmz_geometry,"BART official GTFS permalink plus official stations-tracks-entrances KMZ from the BART developer/geospatial pages; footprint uses a 20 m track buffer and 45 m station-complex buffer in EPSG:5070, with 75 m buffers for the unlinked Coliseum/Airport Connector and eBART Transfer KMZ station centroids.","Union of the official BART track centerline buffered 20 m, station-complex convex hulls built from official station entrances plus linked official station centroids buffered 45 m, and 75 m buffers for the unlinked official Coliseum/Airport Connector and eBART Transfer station centroids; intersected with 2020 California TIGER block groups using EPSG:5070 area shares."
CA0012100,06,060014014001,3.8555639419e-05,official_gtfs_plus_official_kmz_geometry,"BART official GTFS permalink plus official stations-tracks-entrances KMZ from the BART developer/geospatial pages; footprint uses a 20 m track buffer and 45 m station-complex buffer in EPSG:5070, with 75 m buffers for the unlinked Coliseum/Airport Connector and eBART Transfer KMZ station centroids.","Union of the official BART track centerline buffered 20 m, station-complex convex hulls built from official station entrances plus linked official station centroids buffered 45 m, and 75 m buffers for the unlinked official Coliseum/Airport Connector and eBART Transfer station centroids; intersected with 2020 California TIGER block groups using EPSG:5070 area shares."
CA0012100,06,060014014003,6.5759847347e-05,official_gtfs_plus_official_kmz_geometry,"BART official GTFS permalink plus official stations-tracks-entrances KMZ from the BART developer/geospatial pages; footprint uses a 20 m track buffer and 45 m station-complex buffer in EPSG:5070, with 75 m buffers for the unlinked Coliseum/Airport Connector and eBART Transfer KMZ station centroids.","Union of the official BART track centerline buffered 20 m, station-complex convex hulls built from official station entrances plus linked official station centroids buffered 45 m, and 75 m buffers for the unlinked official Coliseum/Airport Connector and eBART Transfer station centroids; intersected with 2020 California TIGER block groups using EPSG:5070 area shares."
CA0012100,06,060014017001,0.000461425159578,official_gtfs_plus_official_kmz_geometry,"BART official GTFS permalink plus official stations-tracks-entrances KMZ from the BART developer/geospatial pages; footprint uses a 20 m track buffer and 45 m station-complex buffer in EPSG:5070, with 75 m buffers for the unlinked Coliseum/Airport Connector and eBART Transfer KMZ station centroids.","Union of the official BART track centerline buffered 20 m, station-complex convex hulls built from official station entrances plus linked official station centroids buffered 45 m, and 75 m buffers for the unlinked official Coliseum/Airport Connector and eBART Transfer station centroids; intersected with 2020 California TIGER block groups using EPSG:5070 area shares."
CA0012100,06,060014017003,0.003827652959965,official_gtfs_plus_official_kmz_geometry,"BART official GTFS permalink plus official stations-tracks-entrances KMZ from the BART developer/geospatial pages; footprint uses a 20 m track buffer and 45 m station-complex buffer in EPSG:5070, with 75 m buffers for the unlinked Coliseum/Airport Connector and eBART Transfer KMZ station centroids.","Union of the official BART track centerline buffered 20 m, station-complex convex hulls built from official station entrances plus linked official station centroids buffered 45 m, and 75 m buffers for the unlinked official Coliseum/Airport Connector and eBART Transfer station centroids; intersected with 2020 California TIGER block groups using EPSG:5070 area shares."
CA0012100,06,060014018002,0.000881119398696,official_gtfs_plus_official_kmz_geometry,"BART official GTFS permalink plus official stations-tracks-entrances KMZ from the BART developer/geospatial pages; footprint uses a 20 m track buffer and 45 m station-complex buffer in EPSG:5070, with 75 m buffers for the unlinked Coliseum/Airport Connector and eBART Transfer KMZ station centroids.","Union of the official BART track centerline buffered 20 m, station-complex convex hulls built from official station entrances plus linked official station centroids buffered 45 m, and 75 m buffers for the unlinked official Coliseum/Airport Connector and eBART Transfer station centroids; intersected with 2020 California TIGER block groups using EPSG:5070 area shares."
CA0012100,06,060014022002,0.000183160051771,official_gtfs_plus_official_kmz_geometry,"BART official GTFS permalink plus official stations-tracks-entrances KMZ from the BART developer/geospatial pages; footprint uses a 20 m track buffer and 45 m station-complex buffer in EPSG:5070, with 75 m buffers for the unlinked Coliseum/Airport Connector and eBART Transfer KMZ station centroids.","Union of the official BART track centerline buffered 20 m, station-complex convex hulls built from official station entrances plus linked official station centroids buffered 45 m, and 75 m buffers for the unlinked official Coliseum/Airport Connector and eBART Transfer station centroids; intersected with 2020 California TIGER block groups using EPSG:5070 area shares."
CA0012100,06,060014022003,0.005097271577953,official_gtfs_plus_official_kmz_geometry,"BART official GTFS permalink plus official stations-tracks-entrances KMZ from the BART developer/geospatial pages; footprint uses a 20 m track buffer and 45 m station-complex buffer in EPSG:5070, with 75 m buffers for the unlinked Coliseum/Airport Connector and eBART Transfer KMZ station centroids.","Union of the official BART track centerline buffered 20 m, station-complex convex hulls built from official station entrances plus linked official station centroids buffered 45 m, and 75 m buffers for the unlinked official Coliseum/Airport Connector and eBART Transfer station centroids; intersected with 2020 California TIGER block groups using EPSG:5070 area shares."
CA0012100,06,060014025002,1.9678428695e-05,official_gtfs_plus_official_kmz_geometry,"BART official GTFS permalink plus official stations-tracks-entrances KMZ from the BART developer/geospatial pages; footprint uses a 20 m track buffer and 45 m station-complex buffer in EPSG:5070, with 75 m buffers for the unlinked Coliseum/Airport Connector and eBART Transfer KMZ station centroids.","Union of the official BART track centerline buffered 20 m, station-complex convex hulls built from official station entrances plus linked official station centroids buffered 45 m, and 75 m buffers for the unlinked official Coliseum/Airport Connector and eBART Transfer station centroids; intersected with 2020 California TIGER block groups using EPSG:5070 area shares."
CA0012100,06,060014028011,0.004171629057462,official_gtfs_plus_official_kmz_geometry,"BART official GTFS permalink plus official stations-tracks-entrances KMZ from the BART developer/geospatial pages; footprint uses a 20 m track buffer and 45 m station-complex buffer in EPSG:5070, with 75 m buffers for the unlinked Coliseum/Airport Connector and eBART Transfer KMZ station centroids.","Union of the official BART track centerline buffered 20 m, station-complex convex hulls built from official station entrances plus linked official station centroids buffered 45 m, and 75 m buffers for the unlinked official Coliseum/Airport Connector and eBART Transfer station centroids; intersected with 2020 California TIGER block groups using EPSG:5070 area shares."
CA0012100,06,060014028021,0.000250301007981,official_gtfs_plus_official_kmz_geometry,"BART official GTFS permalink plus official stations-tracks-entrances KMZ from the BART developer/geospatial pages; footprint uses a 20 m track buffer and 45 m station-complex buffer in EPSG:5070, with 75 m buffers for the unlinked Coliseum/Airport Connector and eBART Transfer KMZ station centroids.","Union of the official BART track centerline buffered 20 m, station-complex convex hulls built from official station entrances plus linked official station centroids buffered 45 m, and 75 m buffers for the unlinked official Coliseum/Airport Connector and eBART Transfer station centroids; intersected with 2020 California TIGER block groups using EPSG:5070 area shares."
CA0012100,06,060014029001,0.004337429729849,official_gtfs_plus_official_kmz_geometry,"BART official GTFS permalink plus official stations-tracks-entrances KMZ from the BART developer/geospatial pages; footprint uses a 20 m track buffer and 45 m station-complex buffer in EPSG:5070, with 75 m buffers for the unlinked Coliseum/Airport Connector and eBART Transfer KMZ station centroids.","Union of the official BART track centerline buffered 20 m, station-complex convex hulls built from official station entrances plus linked official station centroids buffered 45 m, and 75 m buffers for the unlinked official Coliseum/Airport Connector and eBART Transfer station centroids; intersected with 2020 California TIGER block groups using EPSG:5070 area shares."
CA0012100,06,060014030001,0.002469337879489,official_gtfs_plus_official_kmz_geometry,"BART official GTFS permalink plus official stations-tracks-entrances KMZ from the BART developer/geospatial pages; footprint uses a 20 m track buffer and 45 m station-complex buffer in EPSG:5070, with 75 m buffers for the unlinked Coliseum/Airport Connector and eBART Transfer KMZ station centroids.","Union of the official BART track centerline buffered 20 m, station-complex convex hulls built from official station entrances plus linked official station centroids buffered 45 m, and 75 m buffers for the unlinked official Coliseum/Airport Connector and eBART Transfer station centroids; intersected with 2020 California TIGER block groups using EPSG:5070 area shares."
CA0012100,06,060014030002,0.001077029719679,official_gtfs_plus_official_kmz_geometry,"BART official GTFS permalink plus official stations-tracks-entrances KMZ from the BART developer/geospatial pages; footprint uses a 20 m track buffer and 45 m station-complex buffer in EPSG:5070, with 75 m buffers for the unlinked Coliseum/Airport Connector and eBART Transfer KMZ station centroids.","Union of the official BART track centerline buffered 20 m, station-complex convex hulls built from official station entrances plus linked official station centroids buffered 45 m, and 75 m buffers for the unlinked official Coliseum/Airport Connector and eBART Transfer station centroids; intersected with 2020 California TIGER block groups using EPSG:5070 area shares."
CA0012100,06,060014030003,0.003617659549172,official_gtfs_plus_official_kmz_geometry,"BART official GTFS permalink plus official stations-tracks-entrances KMZ from the BART developer/geospatial pages; footprint uses a 20 m track buffer and 45 m station-complex buffer in EPSG:5070, with 75 m buffers for the unlinked Coliseum/Airport Connector and eBART Transfer KMZ station centroids.","Union of the official BART track centerline buffered 20 m, station-complex convex hulls built from official station entrances plus linked official station centroids buffered 45 m, and 75 m buffers for the unlinked official Coliseum/Airport Connector and eBART Transfer station centroids; intersected with 2020 California TIGER block groups using EPSG:5070 area shares."
CA0012100,06,060014031001,0.00206927527701,official_gtfs_plus_official_kmz_geometry,"BART official GTFS permalink plus official stations-tracks-entrances KMZ from the BART developer/geospatial pages; footprint uses a 20 m track buffer and 45 m station-complex buffer in EPSG:5070, with 75 m buffers for the unlinked Coliseum/Airport Connector and eBART Transfer KMZ station centroids.","Union of the official BART track centerline buffered 20 m, station-complex convex hulls built from official station entrances plus linked official station centroids buffered 45 m, and 75 m buffers for the unlinked official Coliseum/Airport Connector and eBART Transfer station centroids; intersected with 2020 California TIGER block groups using EPSG:5070 area shares."
CA0012100,06,060014031002,0.000703619031543,official_gtfs_plus_official_kmz_geometry,"BART official GTFS permalink plus official stations-tracks-entrances KMZ from the BART developer/geospatial pages; footprint uses a 20 m track buffer and 45 m station-complex buffer in EPSG:5070, with 75 m buffers for the unlinked Coliseum/Airport Connector and eBART Transfer KMZ station centroids.","Union of the official BART track centerline buffered 20 m, station-complex convex hulls built from official station entrances plus linked official station centroids buffered 45 m, and 75 m buffers for the unlinked official Coliseum/Airport Connector and eBART Transfer station centroids; intersected with 2020 California TIGER block groups using EPSG:5070 area shares."
CA0012100,06,060014033011,0.000544845219213,official_gtfs_plus_official_kmz_geometry,"BART official GTFS permalink plus official stations-tracks-entrances KMZ from the BART developer/geospatial pages; footprint uses a 20 m track buffer and 45 m station-complex buffer in EPSG:5070, with 75 m buffers for the unlinked Coliseum/Airport Connector and eBART Transfer KMZ station centroids.","Union of the official BART track centerline buffered 20 m, station-complex convex hulls built from official station entrances plus linked official station centroids buffered 45 m, and 75 m buffers for the unlinked official Coliseum/Airport Connector and eBART Transfer station centroids; intersected with 2020 California TIGER block groups using EPSG:5070 area shares."
CA0012100,06,060014033012,0.001777630416787,official_gtfs_plus_official_kmz_geometry,"BART official GTFS permalink plus official stations-tracks-entrances KMZ from the BART developer/geospatial pages; footprint uses a 20 m track buffer and 45 m station-complex buffer in EPSG:5070, with 75 m buffers for the unlinked Coliseum/Airport Connector and eBART Transfer KMZ station centroids.","Union of the official BART track centerline buffered 20 m, station-complex convex hulls built from official station entrances plus linked official station centroids buffered 45 m, and 75 m buffers for the unlinked official Coliseum/Airport Connector and eBART Transfer station centroids; intersected with 2020 California TIGER block groups using EPSG:5070 area shares."
CA0012100,06,060014033022,0.002780757447917,official_gtfs_plus_official_kmz_geometry,"BART official GTFS permalink plus official stations-tracks-entrances KMZ from the BART developer/geospatial pages; footprint uses a 20 m track buffer and 45 m station-complex buffer in EPSG:5070, with 75 m buffers for the unlinked Coliseum/Airport Connector and eBART Transfer KMZ station centroids.","Union of the official BART track centerline buffered 20 m, station-complex convex hulls built from official station entrances plus linked official station centroids buffered 45 m, and 75 m buffers for the unlinked official Coliseum/Airport Connector and eBART Transfer station centroids; intersected with 2020 California TIGER block groups using EPSG:5070 area shares."
CA0012100,06,060014043001,0.0036406610468,official_gtfs_plus_official_kmz_geometry,"BART official GTFS permalink plus official stations-tracks-entrances KMZ from the BART developer/geospatial pages; footprint uses a 20 m track buffer and 45 m station-complex buffer in EPSG:5070, with 75 m buffers for the unlinked Coliseum/Airport Connector and eBART Transfer KMZ station centroids.","Union of the official BART track centerline buffered 20 m, station-complex convex hulls built from official station entrances plus linked official station centroids buffered 45 m, and 75 m buffers for the unlinked official Coliseum/Airport Connector and eBART Transfer station centroids; intersected with 2020 California TIGER block groups using EPSG:5070 area shares."
CA0012100,06,060014044004,0.000708671847663,official_gtfs_plus_official_kmz_geometry,"BART official GTFS permalink plus official stations-tracks-entrances KMZ from the BART developer/geospatial pages; footprint uses a 20 m track buffer and 45 m station-complex buffer in EPSG:5070, with 75 m buffers for the unlinked Coliseum/Airport Connector and eBART Transfer KMZ station centroids.","Union of the official BART track centerline buffered 20 m, station-complex convex hulls built from official station entrances plus linked official station centroids buffered 45 m, and 75 m buffers for the unlinked official Coliseum/Airport Connector and eBART Transfer station centroids; intersected with 2020 California TIGER block groups using EPSG:5070 area shares."
CA0012100,06,060014060001,0.009735302590827,official_gtfs_plus_official_kmz_geometry,"BART official GTFS permalink plus official stations-tracks-entrances KMZ from the BART developer/geospatial pages; footprint uses a 20 m track buffer and 45 m station-complex buffer in EPSG:5070, with 75 m buffers for the unlinked Coliseum/Airport Connector and eBART Transfer KMZ station centroids.","Union of the official BART track centerline buffered 20 m, station-complex convex hulls built from official station entrances plus linked official station centroids buffered 45 m, and 75 m buffers for the unlinked official Coliseum/Airport Connector and eBART Transfer station centroids; intersected with 2020 California TIGER block groups using EPSG:5070 area shares."
CA0012100,06,060014060002,0.001311634311759,official_gtfs_plus_official_kmz_geometry,"BART official GTFS permalink plus official stations-tracks-entrances KMZ from the BART developer/geospatial pages; footprint uses a 20 m track buffer and 45 m station-complex buffer in EPSG:5070, with 75 m buffers for the unlinked Coliseum/Airport Connector and eBART Transfer KMZ station centroids.","Union of the official BART track centerline buffered 20 m, station-complex convex hulls built from official station entrances plus linked official station centroids buffered 45 m, and 75 m buffers for the unlinked official Coliseum/Airport Connector and eBART Transfer station centroids; intersected with 2020 California TIGER block groups using EPSG:5070 area shares."
CA0012100,06,060014061001,0.007136353073466,official_gtfs_plus_official_kmz_geometry,"BART official GTFS permalink plus official stations-tracks-entrances KMZ from the BART developer/geospatial pages; footprint uses a 20 m track buffer and 45 m station-complex buffer in EPSG:5070, with 75 m buffers for the unlinked Coliseum/Airport Connector and eBART Transfer KMZ station centroids.","Union of the official BART track centerline buffered 20 m, station-complex convex hulls built from official station entrances plus linked official station centroids buffered 45 m, and 75 m buffers for the unlinked official Coliseum/Airport Connector and eBART Transfer station centroids; intersected with 2020 California TIGER block groups using EPSG:5070 area shares."
CA0012100,06,060014061004,0.004214295058905,official_gtfs_plus_official_kmz_geometry,"BART official GTFS permalink plus official stations-tracks-entrances KMZ from the BART developer/geospatial pages; footprint uses a 20 m track buffer and 45 m station-complex buffer in EPSG:5070, with 75 m buffers for the unlinked Coliseum/Airport Connector and eBART Transfer KMZ station centroids.","Union of the official BART track centerline buffered 20 m, station-complex convex hulls built from official station entrances plus linked official station centroids buffered 45 m, and 75 m buffers for the unlinked official Coliseum/Airport Connector and eBART Transfer station centroids; intersected with 2020 California TIGER block groups using EPSG:5070 area shares."
CA0012100,06,060014073001,0.003051302866079,official_gtfs_plus_official_kmz_geometry,"BART official GTFS permalink plus official stations-tracks-entrances KMZ from the BART developer/geospatial pages; footprint uses a 20 m track buffer and 45 m station-complex buffer in EPSG:5070, with 75 m buffers for the unlinked Coliseum/Airport Connector and eBART Transfer KMZ station centroids.","Union of the official BART track centerline buffered 20 m, station-complex convex hulls built from official station entrances plus linked official station centroids buffered 45 m, and 75 m buffers for the unlinked official Coliseum/Airport Connector and eBART Transfer station centroids; intersected with 2020 California TIGER block groups using EPSG:5070 area shares."
CA0012100,06,060014073002,0.003816284151921,official_gtfs_plus_official_kmz_geometry,"BART official GTFS permalink plus official stations-tracks-entrances KMZ from the BART developer/geospatial pages; footprint uses a 20 m track buffer and 45 m station-complex buffer in EPSG:5070, with 75 m buffers for the unlinked Coliseum/Airport Connector and eBART Transfer KMZ station centroids.","Union of the official BART track centerline buffered 20 m, station-complex convex hulls built from official station entrances plus linked official station centroids buffered 45 m, and 75 m buffers for the unlinked official Coliseum/Airport Connector and eBART Transfer station centroids; intersected with 2020 California TIGER block groups using EPSG:5070 area shares."
CA0012100,06,060014088002,0.005171559601473,official_gtfs_plus_official_kmz_geometry,"BART official GTFS permalink plus official stations-tracks-entrances KMZ from the BART developer/geospatial pages; footprint uses a 20 m track buffer and 45 m station-complex buffer in EPSG:5070, with 75 m buffers for the unlinked Coliseum/Airport Connector and eBART Transfer KMZ station centroids.","Union of the official BART track centerline buffered 20 m, station-complex convex hulls built from official station entrances plus linked official station centroids buffered 45 m, and 75 m buffers for the unlinked official Coliseum/Airport Connector and eBART Transfer station centroids; intersected with 2020 California TIGER block groups using EPSG:5070 area shares."
CA0012100,06,060014088004,0.002872693765891,official_gtfs_plus_official_kmz_geometry,"BART official GTFS permalink plus official stations-tracks-entrances KMZ from the BART developer/geospatial pages; footprint uses a 20 m track buffer and 45 m station-complex buffer in EPSG:5070, with 75 m buffers for the unlinked Coliseum/Airport Connector and eBART Transfer KMZ station centroids.","Union of the official BART track centerline buffered 20 m, station-complex convex hulls built from official station entrances plus linked official station centroids buffered 45 m, and 75 m buffers for the unlinked official Coliseum/Airport Connector and eBART Transfer station centroids; intersected with 2020 California TIGER block groups using EPSG:5070 area shares."
CA0012100,06,060014089001,0.002876369696103,official_gtfs_plus_official_kmz_geometry,"BART official GTFS permalink plus official stations-tracks-entrances KMZ from the BART developer/geospatial pages; footprint uses a 20 m track buffer and 45 m station-complex buffer in EPSG:5070, with 75 m buffers for the unlinked Coliseum/Airport Connector and eBART Transfer KMZ station centroids.","Union of the official BART track centerline buffered 20 m, station-complex convex hulls built from official station entrances plus linked official station centroids buffered 45 m, and 75 m buffers for the unlinked official Coliseum/Airport Connector and eBART Transfer station centroids; intersected with 2020 California TIGER block groups using EPSG:5070 area shares."
CA0012100,06,060014089002,0.001031975772763,official_gtfs_plus_official_kmz_geometry,"BART official GTFS permalink plus official stations-tracks-entrances KMZ from the BART developer/geospatial pages; footprint uses a 20 m track buffer and 45 m station-complex buffer in EPSG:5070, with 75 m buffers for the unlinked Coliseum/Airport Connector and eBART Transfer KMZ station centroids.","Union of the official BART track centerline buffered 20 m, station-complex convex hulls built from official station entrances plus linked official station centroids buffered 45 m, and 75 m buffers for the unlinked official Coliseum/Airport Connector and eBART Transfer station centroids; intersected with 2020 California TIGER block groups using EPSG:5070 area shares."
CA0012100,06,060014090001,0.001970545793648,official_gtfs_plus_official_kmz_geometry,"BART official GTFS permalink plus official stations-tracks-entrances KMZ from the BART developer/geospatial pages; footprint uses a 20 m track buffer and 45 m station-complex buffer in EPSG:5070, with 75 m buffers for the unlinked Coliseum/Airport Connector and eBART Transfer KMZ station centroids.","Union of the official BART track centerline buffered 20 m, station-complex convex hulls built from official station entrances plus linked official station centroids buffered 45 m, and 75 m buffers for the unlinked official Coliseum/Airport Connector and eBART Transfer station centroids; intersected with 2020 California TIGER block groups using EPSG:5070 area shares."
CA0012100,06,060014090002,0.009613635629056,official_gtfs_plus_official_kmz_geometry,"BART official GTFS permalink plus official stations-tracks-entrances KMZ from the BART developer/geospatial pages; footprint uses a 20 m track buffer and 45 m station-complex buffer in EPSG:5070, with 75 m buffers for the unlinked Coliseum/Airport Connector and eBART Transfer KMZ station centroids.","Union of the official BART track centerline buffered 20 m, station-complex convex hulls built from official station entrances plus linked official station centroids buffered 45 m, and 75 m buffers for the unlinked official Coliseum/Airport Connector and eBART Transfer station centroids; intersected with 2020 California TIGER block groups using EPSG:5070 area shares."
CA0012100,06,060014090003,0.011660793775131,official_gtfs_plus_official_kmz_geometry,"BART official GTFS permalink plus official stations-tracks-entrances KMZ from the BART developer/geospatial pages; footprint uses a 20 m track buffer and 45 m station-complex buffer in EPSG:5070, with 75 m buffers for the unlinked Coliseum/Airport Connector and eBART Transfer KMZ station centroids.","Union of the official BART track centerline buffered 20 m, station-complex convex hulls built from official station entrances plus linked official station centroids buffered 45 m, and 75 m buffers for the unlinked official Coliseum/Airport Connector and eBART Transfer station centroids; intersected with 2020 California TIGER block groups using EPSG:5070 area shares."
CA0012100,06,060014093003,0.00280273082393,official_gtfs_plus_official_kmz_geometry,"BART official GTFS permalink plus official stations-tracks-entrances KMZ from the BART developer/geospatial pages; footprint uses a 20 m track buffer and 45 m station-complex buffer in EPSG:5070, with 75 m buffers for the unlinked Coliseum/Airport Connector and eBART Transfer KMZ station centroids.","Union of the official BART track centerline buffered 20 m, station-complex convex hulls built from official station entrances plus linked official station centroids buffered 45 m, and 75 m buffers for the unlinked official Coliseum/Airport Connector and eBART Transfer station centroids; intersected with 2020 California TIGER block groups using EPSG:5070 area shares."
CA0012100,06,060014093004,0.002492688708367,official_gtfs_plus_official_kmz_geometry,"BART official GTFS permalink plus official stations-tracks-entrances KMZ from the BART developer/geospatial pages; footprint uses a 20 m track buffer and 45 m station-complex buffer in EPSG:5070, with 75 m buffers for the unlinked Coliseum/Airport Connector and eBART Transfer KMZ station centroids.","Union of the official BART track centerline buffered 20 m, station-complex convex hulls built from official station entrances plus linked official station centroids buffered 45 m, and 75 m buffers for the unlinked official Coliseum/Airport Connector and eBART Transfer station centroids; intersected with 2020 California TIGER block groups using EPSG:5070 area shares."
CA0012100,06,060014094002,0.005494144101117,official_gtfs_plus_official_kmz_geometry,"BART official GTFS permalink plus official stations-tracks-entrances KMZ from the BART developer/geospatial pages; footprint uses a 20 m track buffer and 45 m station-complex buffer in EPSG:5070, with 75 m buffers for the unlinked Coliseum/Airport Connector and eBART Transfer KMZ station centroids.","Union of the official BART track centerline buffered 20 m, station-complex convex hulls built from official station entrances plus linked official station centroids buffered 45 m, and 75 m buffers for the unlinked official Coliseum/Airport Connector and eBART Transfer station centroids; intersected with 2020 California TIGER block groups using EPSG:5070 area shares."
CA0012100,06,060014095001,0.001942275874676,official_gtfs_plus_official_kmz_geometry,"BART official GTFS permalink plus official stations-tracks-entrances KMZ from the BART developer/geospatial pages; footprint uses a 20 m track buffer and 45 m station-complex buffer in EPSG:5070, with 75 m buffers for the unlinked Coliseum/Airport Connector and eBART Transfer KMZ station centroids.","Union of the official BART track centerline buffered 20 m, station-complex convex hulls built from official station entrances plus linked official station centroids buffered 45 m, and 75 m buffers for the unlinked official Coliseum/Airport Connector and eBART Transfer station centroids; intersected with 2020 California TIGER block groups using EPSG:5070 area shares."
CA0012100,06,060014105001,0.00075778963178,official_gtfs_plus_official_kmz_geometry,"BART official GTFS permalink plus official stations-tracks-entrances KMZ from the BART developer/geospatial pages; footprint uses a 20 m track buffer and 45 m station-complex buffer in EPSG:5070, with 75 m buffers for the unlinked Coliseum/Airport Connector and eBART Transfer KMZ station centroids.","Union of the official BART track centerline buffered 20 m, station-complex convex hulls built from official station entrances plus linked official station centroids buffered 45 m, and 75 m buffers for the unlinked official Coliseum/Airport Connector and eBART Transfer station centroids; intersected with 2020 California TIGER block groups using EPSG:5070 area shares."
CA0012100,06,060014201001,0.002500020301629,official_gtfs_plus_official_kmz_geometry,"BART official GTFS permalink plus official stations-tracks-entrances KMZ from the BART developer/geospatial pages; footprint uses a 20 m track buffer and 45 m station-complex buffer in EPSG:5070, with 75 m buffers for the unlinked Coliseum/Airport Connector and eBART Transfer KMZ station centroids.","Union of the official BART track centerline buffered 20 m, station-complex convex hulls built from official station entrances plus linked official station centroids buffered 45 m, and 75 m buffers for the unlinked official Coliseum/Airport Connector and eBART Transfer station centroids; intersected with 2020 California TIGER block groups using EPSG:5070 area shares."
CA0012100,06,060014202001,0.000314697912801,official_gtfs_plus_official_kmz_geometry,"BART official GTFS permalink plus official stations-tracks-entrances KMZ from the BART developer/geospatial pages; footprint uses a 20 m track buffer and 45 m station-complex buffer in EPSG:5070, with 75 m buffers for the unlinked Coliseum/Airport Connector and eBART Transfer KMZ station centroids.","Union of the official BART track centerline buffered 20 m, station-complex convex hulls built from official station entrances plus linked official station centroids buffered 45 m, and 75 m buffers for the unlinked official Coliseum/Airport Connector and eBART Transfer station centroids; intersected with 2020 California TIGER block groups using EPSG:5070 area shares."
CA0012100,06,060014202002,0.00166422418571,official_gtfs_plus_official_kmz_geometry,"BART official GTFS permalink plus official stations-tracks-entrances KMZ from the BART developer/geospatial pages; footprint uses a 20 m track buffer and 45 m station-complex buffer in EPSG:5070, with 75 m buffers for the unlinked Coliseum/Airport Connector and eBART Transfer KMZ station centroids.","Union of the official BART track centerline buffered 20 m, station-complex convex hulls built from official station entrances plus linked official station centroids buffered 45 m, and 75 m buffers for the unlinked official Coliseum/Airport Connector and eBART Transfer station centroids; intersected with 2020 California TIGER block groups using EPSG:5070 area shares."
CA0012100,06,060014205001,0.000668060949506,official_gtfs_plus_official_kmz_geometry,"BART official GTFS permalink plus official stations-tracks-entrances KMZ from the BART developer/geospatial pages; footprint uses a 20 m track buffer and 45 m station-complex buffer in EPSG:5070, with 75 m buffers for the unlinked Coliseum/Airport Connector and eBART Transfer KMZ station centroids.","Union of the official BART track centerline buffered 20 m, station-complex convex hulls built from official station entrances plus linked official station centroids buffered 45 m, and 75 m buffers for the unlinked official Coliseum/Airport Connector and eBART Transfer station centroids; intersected with 2020 California TIGER block groups using EPSG:5070 area shares."
CA0012100,06,060014205002,0.001027208923497,official_gtfs_plus_official_kmz_geometry,"BART official GTFS permalink plus official stations-tracks-entrances KMZ from the BART developer/geospatial pages; footprint uses a 20 m track buffer and 45 m station-complex buffer in EPSG:5070, with 75 m buffers for the unlinked Coliseum/Airport Connector and eBART Transfer KMZ station centroids.","Union of the official BART track centerline buffered 20 m, station-complex convex hulls built from official station entrances plus linked official station centroids buffered 45 m, and 75 m buffers for the unlinked official Coliseum/Airport Connector and eBART Transfer station centroids; intersected with 2020 California TIGER block groups using EPSG:5070 area shares."
CA0012100,06,060014206003,0.00228029425623,official_gtfs_plus_official_kmz_geometry,"BART official GTFS permalink plus official stations-tracks-entrances KMZ from the BART developer/geospatial pages; footprint uses a 20 m track buffer and 45 m station-complex buffer in EPSG:5070, with 75 m buffers for the unlinked Coliseum/Airport Connector and eBART Transfer KMZ station centroids.","Union of the official BART track centerline buffered 20 m, station-complex convex hulls built from official station entrances plus linked official station centroids buffered 45 m, and 75 m buffers for the unlinked official Coliseum/Airport Connector and eBART Transfer station centroids; intersected with 2020 California TIGER block groups using EPSG:5070 area shares."
CA0012100,06,060014219001,0.001260695099603,official_gtfs_plus_official_kmz_geometry,"BART official GTFS permalink plus official stations-tracks-entrances KMZ from the BART developer/geospatial pages; footprint uses a 20 m track buffer and 45 m station-complex buffer in EPSG:5070, with 75 m buffers for the unlinked Coliseum/Airport Connector and eBART Transfer KMZ station centroids.","Union of the official BART track centerline buffered 20 m, station-complex convex hulls built from official station entrances plus linked official station centroids buffered 45 m, and 75 m buffers for the unlinked official Coliseum/Airport Connector and eBART Transfer station centroids; intersected with 2020 California TIGER block groups using EPSG:5070 area shares."
CA0012100,06,060014219002,0.001135019911489,official_gtfs_plus_official_kmz_geometry,"BART official GTFS permalink plus official stations-tracks-entrances KMZ from the BART developer/geospatial pages; footprint uses a 20 m track buffer and 45 m station-complex buffer in EPSG:5070, with 75 m buffers for the unlinked Coliseum/Airport Connector and eBART Transfer KMZ station centroids.","Union of the official BART track centerline buffered 20 m, station-complex convex hulls built from official station entrances plus linked official station centroids buffered 45 m, and 75 m buffers for the unlinked official Coliseum/Airport Connector and eBART Transfer station centroids; intersected with 2020 California TIGER block groups using EPSG:5070 area shares."
CA0012100,06,060014219003,0.001160169806734,official_gtfs_plus_official_kmz_geometry,"BART official GTFS permalink plus official stations-tracks-entrances KMZ from the BART developer/geospatial pages; footprint uses a 20 m track buffer and 45 m station-complex buffer in EPSG:5070, with 75 m buffers for the unlinked Coliseum/Airport Connector and eBART Transfer KMZ station centroids.","Union of the official BART track centerline buffered 20 m, station-complex convex hulls built from official station entrances plus linked official station centroids buffered 45 m, and 75 m buffers for the unlinked official Coliseum/Airport Connector and eBART Transfer station centroids; intersected with 2020 California TIGER block groups using EPSG:5070 area shares."
CA0012100,06,060014219004,0.000328870173356,official_gtfs_plus_official_kmz_geometry,"BART official GTFS permalink plus official stations-tracks-entrances KMZ from the BART developer/geospatial pages; footprint uses a 20 m track buffer and 45 m station-complex buffer in EPSG:5070, with 75 m buffers for the unlinked Coliseum/Airport Connector and eBART Transfer KMZ station centroids.","Union of the official BART track centerline buffered 20 m, station-complex convex hulls built from official station entrances plus linked official station centroids buffered 45 m, and 75 m buffers for the unlinked official Coliseum/Airport Connector and eBART Transfer station centroids; intersected with 2020 California TIGER block groups using EPSG:5070 area shares."
CA0012100,06,060014222001,0.003038404897255,official_gtfs_plus_official_kmz_geometry,"BART official GTFS permalink plus official stations-tracks-entrances KMZ from the BART developer/geospatial pages; footprint uses a 20 m track buffer and 45 m station-complex buffer in EPSG:5070, with 75 m buffers for the unlinked Coliseum/Airport Connector and eBART Transfer KMZ station centroids.","Union of the official BART track centerline buffered 20 m, station-complex convex hulls built from official station entrances plus linked official station centroids buffered 45 m, and 75 m buffers for the unlinked official Coliseum/Airport Connector and eBART Transfer station centroids; intersected with 2020 California TIGER block groups using EPSG:5070 area shares."
CA0012100,06,060014223002,0.003786597841186,official_gtfs_plus_official_kmz_geometry,"BART official GTFS permalink plus official stations-tracks-entrances KMZ from the BART developer/geospatial pages; footprint uses a 20 m track buffer and 45 m station-complex buffer in EPSG:5070, with 75 m buffers for the unlinked Coliseum/Airport Connector and eBART Transfer KMZ station centroids.","Union of the official BART track centerline buffered 20 m, station-complex convex hulls built from official station entrances plus linked official station centroids buffered 45 m, and 75 m buffers for the unlinked official Coliseum/Airport Connector and eBART Transfer station centroids; intersected with 2020 California TIGER block groups using EPSG:5070 area shares."
CA0012100,06,060014224001,0.000295611146409,official_gtfs_plus_official_kmz_geometry,"BART official GTFS permalink plus official stations-tracks-entrances KMZ from the BART developer/geospatial pages; footprint uses a 20 m track buffer and 45 m station-complex buffer in EPSG:5070, with 75 m buffers for the unlinked Coliseum/Airport Connector and eBART Transfer KMZ station centroids.","Union of the official BART track centerline buffered 20 m, station-complex convex hulls built from official station entrances plus linked official station centroids buffered 45 m, and 75 m buffers for the unlinked official Coliseum/Airport Connector and eBART Transfer station centroids; intersected with 2020 California TIGER block groups using EPSG:5070 area shares."
CA0012100,06,060014224002,0.00219618011338,official_gtfs_plus_official_kmz_geometry,"BART official GTFS permalink plus official stations-tracks-entrances KMZ from the BART developer/geospatial pages; footprint uses a 20 m track buffer and 45 m station-complex buffer in EPSG:5070, with 75 m buffers for the unlinked Coliseum/Airport Connector and eBART Transfer KMZ station centroids.","Union of the official BART track centerline buffered 20 m, station-complex convex hulls built from official station entrances plus linked official station centroids buffered 45 m, and 75 m buffers for the unlinked official Coliseum/Airport Connector and eBART Transfer station centroids; intersected with 2020 California TIGER block groups using EPSG:5070 area shares."
CA0012100,06,060014229011,0.000754306870625,official_gtfs_plus_official_kmz_geometry,"BART official GTFS permalink plus official stations-tracks-entrances KMZ from the BART developer/geospatial pages; footprint uses a 20 m track buffer and 45 m station-complex buffer in EPSG:5070, with 75 m buffers for the unlinked Coliseum/Airport Connector and eBART Transfer KMZ station centroids.","Union of the official BART track centerline buffered 20 m, station-complex convex hulls built from official station entrances plus linked official station centroids buffered 45 m, and 75 m buffers for the unlinked official Coliseum/Airport Connector and eBART Transfer station centroids; intersected with 2020 California TIGER block groups using EPSG:5070 area shares."
CA0012100,06,060014229012,0.001127229459826,official_gtfs_plus_official_kmz_geometry,"BART official GTFS permalink plus official stations-tracks-entrances KMZ from the BART developer/geospatial pages; footprint uses a 20 m track buffer and 45 m station-complex buffer in EPSG:5070, with 75 m buffers for the unlinked Coliseum/Airport Connector and eBART Transfer KMZ station centroids.","Union of the official BART track centerline buffered 20 m, station-complex convex hulls built from official station entrances plus linked official station centroids buffered 45 m, and 75 m buffers for the unlinked official Coliseum/Airport Connector and eBART Transfer station centroids; intersected with 2020 California TIGER block groups using EPSG:5070 area shares."
CA0012100,06,060014229022,0.002666301975412,official_gtfs_plus_official_kmz_geometry,"BART official GTFS permalink plus official stations-tracks-entrances KMZ from the BART developer/geospatial pages; footprint uses a 20 m track buffer and 45 m station-complex buffer in EPSG:5070, with 75 m buffers for the unlinked Coliseum/Airport Connector and eBART Transfer KMZ station centroids.","Union of the official BART track centerline buffered 20 m, station-complex convex hulls built from official station entrances plus linked official station centroids buffered 45 m, and 75 m buffers for the unlinked official Coliseum/Airport Connector and eBART Transfer station centroids; intersected with 2020 California TIGER block groups using EPSG:5070 area shares."
CA0012100,06,060014229023,0.001775944283799,official_gtfs_plus_official_kmz_geometry,"BART official GTFS permalink plus official stations-tracks-entrances KMZ from the BART developer/geospatial pages; footprint uses a 20 m track buffer and 45 m station-complex buffer in EPSG:5070, with 75 m buffers for the unlinked Coliseum/Airport Connector and eBART Transfer KMZ station centroids.","Union of the official BART track centerline buffered 20 m, station-complex convex hulls built from official station entrances plus linked official station centroids buffered 45 m, and 75 m buffers for the unlinked official Coliseum/Airport Connector and eBART Transfer station centroids; intersected with 2020 California TIGER block groups using EPSG:5070 area shares."
CA0012100,06,060014235001,0.001894679926994,official_gtfs_plus_official_kmz_geometry,"BART official GTFS permalink plus official stations-tracks-entrances KMZ from the BART developer/geospatial pages; footprint uses a 20 m track buffer and 45 m station-complex buffer in EPSG:5070, with 75 m buffers for the unlinked Coliseum/Airport Connector and eBART Transfer KMZ station centroids.","Union of the official BART track centerline buffered 20 m, station-complex convex hulls built from official station entrances plus linked official station centroids buffered 45 m, and 75 m buffers for the unlinked official Coliseum/Airport Connector and eBART Transfer station centroids; intersected with 2020 California TIGER block groups using EPSG:5070 area shares."
CA0012100,06,060014235002,0.001529545844108,official_gtfs_plus_official_kmz_geometry,"BART official GTFS permalink plus official stations-tracks-entrances KMZ from the BART developer/geospatial pages; footprint uses a 20 m track buffer and 45 m station-complex buffer in EPSG:5070, with 75 m buffers for the unlinked Coliseum/Airport Connector and eBART Transfer KMZ station centroids.","Union of the official BART track centerline buffered 20 m, station-complex convex hulls built from official station entrances plus linked official station centroids buffered 45 m, and 75 m buffers for the unlinked official Coliseum/Airport Connector and eBART Transfer station centroids; intersected with 2020 California TIGER block groups using EPSG:5070 area shares."
CA0012100,06,060014235003,0.001512161281044,official_gtfs_plus_official_kmz_geometry,"BART official GTFS permalink plus official stations-tracks-entrances KMZ from the BART developer/geospatial pages; footprint uses a 20 m track buffer and 45 m station-complex buffer in EPSG:5070, with 75 m buffers for the unlinked Coliseum/Airport Connector and eBART Transfer KMZ station centroids.","Union of the official BART track centerline buffered 20 m, station-complex convex hulls built from official station entrances plus linked official station centroids buffered 45 m, and 75 m buffers for the unlinked official Coliseum/Airport Connector and eBART Transfer station centroids; intersected with 2020 California TIGER block groups using EPSG:5070 area shares."
CA0012100,06,060014238001,0.001052348832153,official_gtfs_plus_official_kmz_geometry,"BART official GTFS permalink plus official stations-tracks-entrances KMZ from the BART developer/geospatial pages; footprint uses a 20 m track buffer and 45 m station-complex buffer in EPSG:5070, with 75 m buffers for the unlinked Coliseum/Airport Connector and eBART Transfer KMZ station centroids.","Union of the official BART track centerline buffered 20 m, station-complex convex hulls built from official station entrances plus linked official station centroids buffered 45 m, and 75 m buffers for the unlinked official Coliseum/Airport Connector and eBART Transfer station centroids; intersected with 2020 California TIGER block groups using EPSG:5070 area shares."
CA0012100,06,060014239011,0.005289432876945,official_gtfs_plus_official_kmz_geometry,"BART official GTFS permalink plus official stations-tracks-entrances KMZ from the BART developer/geospatial pages; footprint uses a 20 m track buffer and 45 m station-complex buffer in EPSG:5070, with 75 m buffers for the unlinked Coliseum/Airport Connector and eBART Transfer KMZ station centroids.","Union of the official BART track centerline buffered 20 m, station-complex convex hulls built from official station entrances plus linked official station centroids buffered 45 m, and 75 m buffers for the unlinked official Coliseum/Airport Connector and eBART Transfer station centroids; intersected with 2020 California TIGER block groups using EPSG:5070 area shares."
CA0012100,06,060014240012,1.0690438897e-05,official_gtfs_plus_official_kmz_geometry,"BART official GTFS permalink plus official stations-tracks-entrances KMZ from the BART developer/geospatial pages; footprint uses a 20 m track buffer and 45 m station-complex buffer in EPSG:5070, with 75 m buffers for the unlinked Coliseum/Airport Connector and eBART Transfer KMZ station centroids.","Union of the official BART track centerline buffered 20 m, station-complex convex hulls built from official station entrances plus linked official station centroids buffered 45 m, and 75 m buffers for the unlinked official Coliseum/Airport Connector and eBART Transfer station centroids; intersected with 2020 California TIGER block groups using EPSG:5070 area shares."
CA0012100,06,060014240013,7.2317820865e-05,official_gtfs_plus_official_kmz_geometry,"BART official GTFS permalink plus official stations-tracks-entrances KMZ from the BART developer/geospatial pages; footprint uses a 20 m track buffer and 45 m station-complex buffer in EPSG:5070, with 75 m buffers for the unlinked Coliseum/Airport Connector and eBART Transfer KMZ station centroids.","Union of the official BART track centerline buffered 20 m, station-complex convex hulls built from official station entrances plus linked official station centroids buffered 45 m, and 75 m buffers for the unlinked official Coliseum/Airport Connector and eBART Transfer station centroids; intersected with 2020 California TIGER block groups using EPSG:5070 area shares."
CA0012100,06,060014240014,2.3092574611e-05,official_gtfs_plus_official_kmz_geometry,"BART official GTFS permalink plus official stations-tracks-entrances KMZ from the BART developer/geospatial pages; footprint uses a 20 m track buffer and 45 m station-complex buffer in EPSG:5070, with 75 m buffers for the unlinked Coliseum/Airport Connector and eBART Transfer KMZ station centroids.","Union of the official BART track centerline buffered 20 m, station-complex convex hulls built from official station entrances plus linked official station centroids buffered 45 m, and 75 m buffers for the unlinked official Coliseum/Airport Connector and eBART Transfer station centroids; intersected with 2020 California TIGER block groups using EPSG:5070 area shares."
CA0012100,06,060014301011,8.0775155719e-05,official_gtfs_plus_official_kmz_geometry,"BART official GTFS permalink plus official stations-tracks-entrances KMZ from the BART developer/geospatial pages; footprint uses a 20 m track buffer and 45 m station-complex buffer in EPSG:5070, with 75 m buffers for the unlinked Coliseum/Airport Connector and eBART Transfer KMZ station centroids.","Union of the official BART track centerline buffered 20 m, station-complex convex hulls built from official station entrances plus linked official station centroids buffered 45 m, and 75 m buffers for the unlinked official Coliseum/Airport Connector and eBART Transfer station centroids; intersected with 2020 California TIGER block groups using EPSG:5070 area shares."
CA0012100,06,060014301013,0.003043039760973,official_gtfs_plus_official_kmz_geometry,"BART official GTFS permalink plus official stations-tracks-entrances KMZ from the BART developer/geospatial pages; footprint uses a 20 m track buffer and 45 m station-complex buffer in EPSG:5070, with 75 m buffers for the unlinked Coliseum/Airport Connector and eBART Transfer KMZ station centroids.","Union of the official BART track centerline buffered 20 m, station-complex convex hulls built from official station entrances plus linked official station centroids buffered 45 m, and 75 m buffers for the unlinked official Coliseum/Airport Connector and eBART Transfer station centroids; intersected with 2020 California TIGER block groups using EPSG:5070 area shares."
CA0012100,06,060014301014,0.002982790529368,official_gtfs_plus_official_kmz_geometry,"BART official GTFS permalink plus official stations-tracks-entrances KMZ from the BART developer/geospatial pages; footprint uses a 20 m track buffer and 45 m station-complex buffer in EPSG:5070, with 75 m buffers for the unlinked Coliseum/Airport Connector and eBART Transfer KMZ station centroids.","Union of the official BART track centerline buffered 20 m, station-complex convex hulls built from official station entrances plus linked official station centroids buffered 45 m, and 75 m buffers for the unlinked official Coliseum/Airport Connector and eBART Transfer station centroids; intersected with 2020 California TIGER block groups using EPSG:5070 area shares."
CA0012100,06,060014305003,0.00157823622685,official_gtfs_plus_official_kmz_geometry,"BART official GTFS permalink plus official stations-tracks-entrances KMZ from the BART developer/geospatial pages; footprint uses a 20 m track buffer and 45 m station-complex buffer in EPSG:5070, with 75 m buffers for the unlinked Coliseum/Airport Connector and eBART Transfer KMZ station centroids.","Union of the official BART track centerline buffered 20 m, station-complex convex hulls built from official station entrances plus linked official station centroids buffered 45 m, and 75 m buffers for the unlinked official Coliseum/Airport Connector and eBART Transfer station centroids; intersected with 2020 California TIGER block groups using EPSG:5070 area shares."
CA0012100,06,060014308003,1.7787617882e-05,official_gtfs_plus_official_kmz_geometry,"BART official GTFS permalink plus official stations-tracks-entrances KMZ from the BART developer/geospatial pages; footprint uses a 20 m track buffer and 45 m station-complex buffer in EPSG:5070, with 75 m buffers for the unlinked Coliseum/Airport Connector and eBART Transfer KMZ station centroids.","Union of the official BART track centerline buffered 20 m, station-complex convex hulls built from official station entrances plus linked official station centroids buffered 45 m, and 75 m buffers for the unlinked official Coliseum/Airport Connector and eBART Transfer station centroids; intersected with 2020 California TIGER block groups using EPSG:5070 area shares."
CA0012100,06,060014310001,0.000911740765641,official_gtfs_plus_official_kmz_geometry,"BART official GTFS permalink plus official stations-tracks-entrances KMZ from the BART developer/geospatial pages; footprint uses a 20 m track buffer and 45 m station-complex buffer in EPSG:5070, with 75 m buffers for the unlinked Coliseum/Airport Connector and eBART Transfer KMZ station centroids.","Union of the official BART track centerline buffered 20 m, station-complex convex hulls built from official station entrances plus linked official station centroids buffered 45 m, and 75 m buffers for the unlinked official Coliseum/Airport Connector and eBART Transfer station centroids; intersected with 2020 California TIGER block groups using EPSG:5070 area shares."
CA0012100,06,060014310002,0.00019628878591,official_gtfs_plus_official_kmz_geometry,"BART official GTFS permalink plus official stations-tracks-entrances KMZ from the BART developer/geospatial pages; footprint uses a 20 m track buffer and 45 m station-complex buffer in EPSG:5070, with 75 m buffers for the unlinked Coliseum/Airport Connector and eBART Transfer KMZ station centroids.","Union of the official BART track centerline buffered 20 m, station-complex convex hulls built from official station entrances plus linked official station centroids buffered 45 m, and 75 m buffers for the unlinked official Coliseum/Airport Connector and eBART Transfer station centroids; intersected with 2020 California TIGER block groups using EPSG:5070 area shares."
CA0012100,06,060014311001,0.005663776533266,official_gtfs_plus_official_kmz_geometry,"BART official GTFS permalink plus official stations-tracks-entrances KMZ from the BART developer/geospatial pages; footprint uses a 20 m track buffer and 45 m station-complex buffer in EPSG:5070, with 75 m buffers for the unlinked Coliseum/Airport Connector and eBART Transfer KMZ station centroids.","Union of the official BART track centerline buffered 20 m, station-complex convex hulls built from official station entrances plus linked official station centroids buffered 45 m, and 75 m buffers for the unlinked official Coliseum/Airport Connector and eBART Transfer station centroids; intersected with 2020 California TIGER block groups using EPSG:5070 area shares."
CA0012100,06,060014312001,0.002492178074068,official_gtfs_plus_official_kmz_geometry,"BART official GTFS permalink plus official stations-tracks-entrances KMZ from the BART developer/geospatial pages; footprint uses a 20 m track buffer and 45 m station-complex buffer in EPSG:5070, with 75 m buffers for the unlinked Coliseum/Airport Connector and eBART Transfer KMZ station centroids.","Union of the official BART track centerline buffered 20 m, station-complex convex hulls built from official station entrances plus linked official station centroids buffered 45 m, and 75 m buffers for the unlinked official Coliseum/Airport Connector and eBART Transfer station centroids; intersected with 2020 California TIGER block groups using EPSG:5070 area shares."
CA0012100,06,060014312003,0.005469313554814,official_gtfs_plus_official_kmz_geometry,"BART official GTFS permalink plus official stations-tracks-entrances KMZ from the BART developer/geospatial pages; footprint uses a 20 m track buffer and 45 m station-complex buffer in EPSG:5070, with 75 m buffers for the unlinked Coliseum/Airport Connector and eBART Transfer KMZ station centroids.","Union of the official BART track centerline buffered 20 m, station-complex convex hulls built from official station entrances plus linked official station centroids buffered 45 m, and 75 m buffers for the unlinked official Coliseum/Airport Connector and eBART Transfer station centroids; intersected with 2020 California TIGER block groups using EPSG:5070 area shares."
CA0012100,06,060014323003,0.004002501560255,official_gtfs_plus_official_kmz_geometry,"BART official GTFS permalink plus official stations-tracks-entrances KMZ from the BART developer/geospatial pages; footprint uses a 20 m track buffer and 45 m station-complex buffer in EPSG:5070, with 75 m buffers for the unlinked Coliseum/Airport Connector and eBART Transfer KMZ station centroids.","Union of the official BART track centerline buffered 20 m, station-complex convex hulls built from official station entrances plus linked official station centroids buffered 45 m, and 75 m buffers for the unlinked official Coliseum/Airport Connector and eBART Transfer station centroids; intersected with 2020 California TIGER block groups using EPSG:5070 area shares."
CA0012100,06,060014326011,0.004322071052724,official_gtfs_plus_official_kmz_geometry,"BART official GTFS permalink plus official stations-tracks-entrances KMZ from the BART developer/geospatial pages; footprint uses a 20 m track buffer and 45 m station-complex buffer in EPSG:5070, with 75 m buffers for the unlinked Coliseum/Airport Connector and eBART Transfer KMZ station centroids.","Union of the official BART track centerline buffered 20 m, station-complex convex hulls built from official station entrances plus linked official station centroids buffered 45 m, and 75 m buffers for the unlinked official Coliseum/Airport Connector and eBART Transfer station centroids; intersected with 2020 California TIGER block groups using EPSG:5070 area shares."
CA0012100,06,060014326012,0.003165510761819,official_gtfs_plus_official_kmz_geometry,"BART official GTFS permalink plus official stations-tracks-entrances KMZ from the BART developer/geospatial pages; footprint uses a 20 m track buffer and 45 m station-complex buffer in EPSG:5070, with 75 m buffers for the unlinked Coliseum/Airport Connector and eBART Transfer KMZ station centroids.","Union of the official BART track centerline buffered 20 m, station-complex convex hulls built from official station entrances plus linked official station centroids buffered 45 m, and 75 m buffers for the unlinked official Coliseum/Airport Connector and eBART Transfer station centroids; intersected with 2020 California TIGER block groups using EPSG:5070 area shares."
CA0012100,06,060014331021,0.004301061239274,official_gtfs_plus_official_kmz_geometry,"BART official GTFS permalink plus official stations-tracks-entrances KMZ from the BART developer/geospatial pages; footprint uses a 20 m track buffer and 45 m station-complex buffer in EPSG:5070, with 75 m buffers for the unlinked Coliseum/Airport Connector and eBART Transfer KMZ station centroids.","Union of the official BART track centerline buffered 20 m, station-complex convex hulls built from official station entrances plus linked official station centroids buffered 45 m, and 75 m buffers for the unlinked official Coliseum/Airport Connector and eBART Transfer station centroids; intersected with 2020 California TIGER block groups using EPSG:5070 area shares."
CA0012100,06,060014331022,0.001603116766548,official_gtfs_plus_official_kmz_geometry,"BART official GTFS permalink plus official stations-tracks-entrances KMZ from the BART developer/geospatial pages; footprint uses a 20 m track buffer and 45 m station-complex buffer in EPSG:5070, with 75 m buffers for the unlinked Coliseum/Airport Connector and eBART Transfer KMZ station centroids.","Union of the official BART track centerline buffered 20 m, station-complex convex hulls built from official station entrances plus linked official station centroids buffered 45 m, and 75 m buffers for the unlinked official Coliseum/Airport Connector and eBART Transfer station centroids; intersected with 2020 California TIGER block groups using EPSG:5070 area shares."
CA0012100,06,060014331031,0.002790606145819,official_gtfs_plus_official_kmz_geometry,"BART official GTFS permalink plus official stations-tracks-entrances KMZ from the BART developer/geospatial pages; footprint uses a 20 m track buffer and 45 m station-complex buffer in EPSG:5070, with 75 m buffers for the unlinked Coliseum/Airport Connector and eBART Transfer KMZ station centroids.","Union of the official BART track centerline buffered 20 m, station-complex convex hulls built from official station entrances plus linked official station centroids buffered 45 m, and 75 m buffers for the unlinked official Coliseum/Airport Connector and eBART Transfer station centroids; intersected with 2020 California TIGER block groups using EPSG:5070 area shares."
CA0012100,06,060014331041,0.005048841524546,official_gtfs_plus_official_kmz_geometry,"BART official GTFS permalink plus official stations-tracks-entrances KMZ from the BART developer/geospatial pages; footprint uses a 20 m track buffer and 45 m station-complex buffer in EPSG:5070, with 75 m buffers for the unlinked Coliseum/Airport Connector and eBART Transfer KMZ station centroids.","Union of the official BART track centerline buffered 20 m, station-complex convex hulls built from official station entrances plus linked official station centroids buffered 45 m, and 75 m buffers for the unlinked official Coliseum/Airport Connector and eBART Transfer station centroids; intersected with 2020 California TIGER block groups using EPSG:5070 area shares."
CA0012100,06,060014337001,0.002211370707052,official_gtfs_plus_official_kmz_geometry,"BART official GTFS permalink plus official stations-tracks-entrances KMZ from the BART developer/geospatial pages; footprint uses a 20 m track buffer and 45 m station-complex buffer in EPSG:5070, with 75 m buffers for the unlinked Coliseum/Airport Connector and eBART Transfer KMZ station centroids.","Union of the official BART track centerline buffered 20 m, station-complex convex hulls built from official station entrances plus linked official station centroids buffered 45 m, and 75 m buffers for the unlinked official Coliseum/Airport Connector and eBART Transfer station centroids; intersected with 2020 California TIGER block groups using EPSG:5070 area shares."
CA0012100,06,060014337002,0.001580865340745,official_gtfs_plus_official_kmz_geometry,"BART official GTFS permalink plus official stations-tracks-entrances KMZ from the BART developer/geospatial pages; footprint uses a 20 m track buffer and 45 m station-complex buffer in EPSG:5070, with 75 m buffers for the unlinked Coliseum/Airport Connector and eBART Transfer KMZ station centroids.","Union of the official BART track centerline buffered 20 m, station-complex convex hulls built from official station entrances plus linked official station centroids buffered 45 m, and 75 m buffers for the unlinked official Coliseum/Airport Connector and eBART Transfer station centroids; intersected with 2020 California TIGER block groups using EPSG:5070 area shares."
CA0012100,06,060014338021,0.001155653683509,official_gtfs_plus_official_kmz_geometry,"BART official GTFS permalink plus official stations-tracks-entrances KMZ from the BART developer/geospatial pages; footprint uses a 20 m track buffer and 45 m station-complex buffer in EPSG:5070, with 75 m buffers for the unlinked Coliseum/Airport Connector and eBART Transfer KMZ station centroids.","Union of the official BART track centerline buffered 20 m, station-complex convex hulls built from official station entrances plus linked official station centroids buffered 45 m, and 75 m buffers for the unlinked official Coliseum/Airport Connector and eBART Transfer station centroids; intersected with 2020 California TIGER block groups using EPSG:5070 area shares."
CA0012100,06,060014338022,0.00473920552633,official_gtfs_plus_official_kmz_geometry,"BART official GTFS permalink plus official stations-tracks-entrances KMZ from the BART developer/geospatial pages; footprint uses a 20 m track buffer and 45 m station-complex buffer in EPSG:5070, with 75 m buffers for the unlinked Coliseum/Airport Connector and eBART Transfer KMZ station centroids.","Union of the official BART track centerline buffered 20 m, station-complex convex hulls built from official station entrances plus linked official station centroids buffered 45 m, and 75 m buffers for the unlinked official Coliseum/Airport Connector and eBART Transfer station centroids; intersected with 2020 California TIGER block groups using EPSG:5070 area shares."
CA0012100,06,060014340001,0.003243493099078,official_gtfs_plus_official_kmz_geometry,"BART official GTFS permalink plus official stations-tracks-entrances KMZ from the BART developer/geospatial pages; footprint uses a 20 m track buffer and 45 m station-complex buffer in EPSG:5070, with 75 m buffers for the unlinked Coliseum/Airport Connector and eBART Transfer KMZ station centroids.","Union of the official BART track centerline buffered 20 m, station-complex convex hulls built from official station entrances plus linked official station centroids buffered 45 m, and 75 m buffers for the unlinked official Coliseum/Airport Connector and eBART Transfer station centroids; intersected with 2020 California TIGER block groups using EPSG:5070 area shares."
CA0012100,06,060014340002,0.005984750501408,official_gtfs_plus_official_kmz_geometry,"BART official GTFS permalink plus official stations-tracks-entrances KMZ from the BART developer/geospatial pages; footprint uses a 20 m track buffer and 45 m station-complex buffer in EPSG:5070, with 75 m buffers for the unlinked Coliseum/Airport Connector and eBART Transfer KMZ station centroids.","Union of the official BART track centerline buffered 20 m, station-complex convex hulls built from official station entrances plus linked official station centroids buffered 45 m, and 75 m buffers for the unlinked official Coliseum/Airport Connector and eBART Transfer station centroids; intersected with 2020 California TIGER block groups using EPSG:5070 area shares."
CA0012100,06,060014340003,6.870021159e-06,official_gtfs_plus_official_kmz_geometry,"BART official GTFS permalink plus official stations-tracks-entrances KMZ from the BART developer/geospatial pages; footprint uses a 20 m track buffer and 45 m station-complex buffer in EPSG:5070, with 75 m buffers for the unlinked Coliseum/Airport Connector and eBART Transfer KMZ station centroids.","Union of the official BART track centerline buffered 20 m, station-complex convex hulls built from official station entrances plus linked official station centroids buffered 45 m, and 75 m buffers for the unlinked official Coliseum/Airport Connector and eBART Transfer station centroids; intersected with 2020 California TIGER block groups using EPSG:5070 area shares."
CA0012100,06,060014351031,0.00060829893775,official_gtfs_plus_official_kmz_geometry,"BART official GTFS permalink plus official stations-tracks-entrances KMZ from the BART developer/geospatial pages; footprint uses a 20 m track buffer and 45 m station-complex buffer in EPSG:5070, with 75 m buffers for the unlinked Coliseum/Airport Connector and eBART Transfer KMZ station centroids.","Union of the official BART track centerline buffered 20 m, station-complex convex hulls built from official station entrances plus linked official station centroids buffered 45 m, and 75 m buffers for the unlinked official Coliseum/Airport Connector and eBART Transfer station centroids; intersected with 2020 California TIGER block groups using EPSG:5070 area shares."
CA0012100,06,060014351033,0.004219271512685,official_gtfs_plus_official_kmz_geometry,"BART official GTFS permalink plus official stations-tracks-entrances KMZ from the BART developer/geospatial pages; footprint uses a 20 m track buffer and 45 m station-complex buffer in EPSG:5070, with 75 m buffers for the unlinked Coliseum/Airport Connector and eBART Transfer KMZ station centroids.","Union of the official BART track centerline buffered 20 m, station-complex convex hulls built from official station entrances plus linked official station centroids buffered 45 m, and 75 m buffers for the unlinked official Coliseum/Airport Connector and eBART Transfer station centroids; intersected with 2020 California TIGER block groups using EPSG:5070 area shares."
CA0012100,06,060014351043,0.002843035834304,official_gtfs_plus_official_kmz_geometry,"BART official GTFS permalink plus official stations-tracks-entrances KMZ from the BART developer/geospatial pages; footprint uses a 20 m track buffer and 45 m station-complex buffer in EPSG:5070, with 75 m buffers for the unlinked Coliseum/Airport Connector and eBART Transfer KMZ station centroids.","Union of the official BART track centerline buffered 20 m, station-complex convex hulls built from official station entrances plus linked official station centroids buffered 45 m, and 75 m buffers for the unlinked official Coliseum/Airport Connector and eBART Transfer station centroids; intersected with 2020 California TIGER block groups using EPSG:5070 area shares."
CA0012100,06,060014351044,0.002485392919276,official_gtfs_plus_official_kmz_geometry,"BART official GTFS permalink plus official stations-tracks-entrances KMZ from the BART developer/geospatial pages; footprint uses a 20 m track buffer and 45 m station-complex buffer in EPSG:5070, with 75 m buffers for the unlinked Coliseum/Airport Connector and eBART Transfer KMZ station centroids.","Union of the official BART track centerline buffered 20 m, station-complex convex hulls built from official station entrances plus linked official station centroids buffered 45 m, and 75 m buffers for the unlinked official Coliseum/Airport Connector and eBART Transfer station centroids; intersected with 2020 California TIGER block groups using EPSG:5070 area shares."
CA0012100,06,060014352001,0.00657267657248,official_gtfs_plus_official_kmz_geometry,"BART official GTFS permalink plus official stations-tracks-entrances KMZ from the BART developer/geospatial pages; footprint uses a 20 m track buffer and 45 m station-complex buffer in EPSG:5070, with 75 m buffers for the unlinked Coliseum/Airport Connector and eBART Transfer KMZ station centroids.","Union of the official BART track centerline buffered 20 m, station-complex convex hulls built from official station entrances plus linked official station centroids buffered 45 m, and 75 m buffers for the unlinked official Coliseum/Airport Connector and eBART Transfer station centroids; intersected with 2020 California TIGER block groups using EPSG:5070 area shares."
CA0012100,06,060014354003,0.003712375987595,official_gtfs_plus_official_kmz_geometry,"BART official GTFS permalink plus official stations-tracks-entrances KMZ from the BART developer/geospatial pages; footprint uses a 20 m track buffer and 45 m station-complex buffer in EPSG:5070, with 75 m buffers for the unlinked Coliseum/Airport Connector and eBART Transfer KMZ station centroids.","Union of the official BART track centerline buffered 20 m, station-complex convex hulls built from official station entrances plus linked official station centroids buffered 45 m, and 75 m buffers for the unlinked official Coliseum/Airport Connector and eBART Transfer station centroids; intersected with 2020 California TIGER block groups using EPSG:5070 area shares."
CA0012100,06,060014355003,0.001410075406024,official_gtfs_plus_official_kmz_geometry,"BART official GTFS permalink plus official stations-tracks-entrances KMZ from the BART developer/geospatial pages; footprint uses a 20 m track buffer and 45 m station-complex buffer in EPSG:5070, with 75 m buffers for the unlinked Coliseum/Airport Connector and eBART Transfer KMZ station centroids.","Union of the official BART track centerline buffered 20 m, station-complex convex hulls built from official station entrances plus linked official station centroids buffered 45 m, and 75 m buffers for the unlinked official Coliseum/Airport Connector and eBART Transfer station centroids; intersected with 2020 California TIGER block groups using EPSG:5070 area shares."
CA0012100,06,060014356012,0.002073378871333,official_gtfs_plus_official_kmz_geometry,"BART official GTFS permalink plus official stations-tracks-entrances KMZ from the BART developer/geospatial pages; footprint uses a 20 m track buffer and 45 m station-complex buffer in EPSG:5070, with 75 m buffers for the unlinked Coliseum/Airport Connector and eBART Transfer KMZ station centroids.","Union of the official BART track centerline buffered 20 m, station-complex convex hulls built from official station entrances plus linked official station centroids buffered 45 m, and 75 m buffers for the unlinked official Coliseum/Airport Connector and eBART Transfer station centroids; intersected with 2020 California TIGER block groups using EPSG:5070 area shares."
CA0012100,06,060014356021,0.001273577515904,official_gtfs_plus_official_kmz_geometry,"BART official GTFS permalink plus official stations-tracks-entrances KMZ from the BART developer/geospatial pages; footprint uses a 20 m track buffer and 45 m station-complex buffer in EPSG:5070, with 75 m buffers for the unlinked Coliseum/Airport Connector and eBART Transfer KMZ station centroids.","Union of the official BART track centerline buffered 20 m, station-complex convex hulls built from official station entrances plus linked official station centroids buffered 45 m, and 75 m buffers for the unlinked official Coliseum/Airport Connector and eBART Transfer station centroids; intersected with 2020 California TIGER block groups using EPSG:5070 area shares."
CA0012100,06,060014356022,0.00083146201045,official_gtfs_plus_official_kmz_geometry,"BART official GTFS permalink plus official stations-tracks-entrances KMZ from the BART developer/geospatial pages; footprint uses a 20 m track buffer and 45 m station-complex buffer in EPSG:5070, with 75 m buffers for the unlinked Coliseum/Airport Connector and eBART Transfer KMZ station centroids.","Union of the official BART track centerline buffered 20 m, station-complex convex hulls built from official station entrances plus linked official station centroids buffered 45 m, and 75 m buffers for the unlinked official Coliseum/Airport Connector and eBART Transfer station centroids; intersected with 2020 California TIGER block groups using EPSG:5070 area shares."
CA0012100,06,060014356023,0.001055900979402,official_gtfs_plus_official_kmz_geometry,"BART official GTFS permalink plus official stations-tracks-entrances KMZ from the BART developer/geospatial pages; footprint uses a 20 m track buffer and 45 m station-complex buffer in EPSG:5070, with 75 m buffers for the unlinked Coliseum/Airport Connector and eBART Transfer KMZ station centroids.","Union of the official BART track centerline buffered 20 m, station-complex convex hulls built from official station entrances plus linked official station centroids buffered 45 m, and 75 m buffers for the unlinked official Coliseum/Airport Connector and eBART Transfer station centroids; intersected with 2020 California TIGER block groups using EPSG:5070 area shares."
CA0012100,06,060014356024,0.00086777139035,official_gtfs_plus_official_kmz_geometry,"BART official GTFS permalink plus official stations-tracks-entrances KMZ from the BART developer/geospatial pages; footprint uses a 20 m track buffer and 45 m station-complex buffer in EPSG:5070, with 75 m buffers for the unlinked Coliseum/Airport Connector and eBART Transfer KMZ station centroids.","Union of the official BART track centerline buffered 20 m, station-complex convex hulls built from official station entrances plus linked official station centroids buffered 45 m, and 75 m buffers for the unlinked official Coliseum/Airport Connector and eBART Transfer station centroids; intersected with 2020 California TIGER block groups using EPSG:5070 area shares."
CA0012100,06,060014363011,0.001783254109147,official_gtfs_plus_official_kmz_geometry,"BART official GTFS permalink plus official stations-tracks-entrances KMZ from the BART developer/geospatial pages; footprint uses a 20 m track buffer and 45 m station-complex buffer in EPSG:5070, with 75 m buffers for the unlinked Coliseum/Airport Connector and eBART Transfer KMZ station centroids.","Union of the official BART track centerline buffered 20 m, station-complex convex hulls built from official station entrances plus linked official station centroids buffered 45 m, and 75 m buffers for the unlinked official Coliseum/Airport Connector and eBART Transfer station centroids; intersected with 2020 California TIGER block groups using EPSG:5070 area shares."
CA0012100,06,060014363022,0.001688743314803,official_gtfs_plus_official_kmz_geometry,"BART official GTFS permalink plus official stations-tracks-entrances KMZ from the BART developer/geospatial pages; footprint uses a 20 m track buffer and 45 m station-complex buffer in EPSG:5070, with 75 m buffers for the unlinked Coliseum/Airport Connector and eBART Transfer KMZ station centroids.","Union of the official BART track centerline buffered 20 m, station-complex convex hulls built from official station entrances plus linked official station centroids buffered 45 m, and 75 m buffers for the unlinked official Coliseum/Airport Connector and eBART Transfer station centroids; intersected with 2020 California TIGER block groups using EPSG:5070 area shares."
CA0012100,06,060014365001,0.006367355816285,official_gtfs_plus_official_kmz_geometry,"BART official GTFS permalink plus official stations-tracks-entrances KMZ from the BART developer/geospatial pages; footprint uses a 20 m track buffer and 45 m station-complex buffer in EPSG:5070, with 75 m buffers for the unlinked Coliseum/Airport Connector and eBART Transfer KMZ station centroids.","Union of the official BART track centerline buffered 20 m, station-complex convex hulls built from official station entrances plus linked official station centroids buffered 45 m, and 75 m buffers for the unlinked official Coliseum/Airport Connector and eBART Transfer station centroids; intersected with 2020 California TIGER block groups using EPSG:5070 area shares."
CA0012100,06,060014366012,0.002072264047733,official_gtfs_plus_official_kmz_geometry,"BART official GTFS permalink plus official stations-tracks-entrances KMZ from the BART developer/geospatial pages; footprint uses a 20 m track buffer and 45 m station-complex buffer in EPSG:5070, with 75 m buffers for the unlinked Coliseum/Airport Connector and eBART Transfer KMZ station centroids.","Union of the official BART track centerline buffered 20 m, station-complex convex hulls built from official station entrances plus linked official station centroids buffered 45 m, and 75 m buffers for the unlinked official Coliseum/Airport Connector and eBART Transfer station centroids; intersected with 2020 California TIGER block groups using EPSG:5070 area shares."
CA0012100,06,060014366013,0.001067334812274,official_gtfs_plus_official_kmz_geometry,"BART official GTFS permalink plus official stations-tracks-entrances KMZ from the BART developer/geospatial pages; footprint uses a 20 m track buffer and 45 m station-complex buffer in EPSG:5070, with 75 m buffers for the unlinked Coliseum/Airport Connector and eBART Transfer KMZ station centroids.","Union of the official BART track centerline buffered 20 m, station-complex convex hulls built from official station entrances plus linked official station centroids buffered 45 m, and 75 m buffers for the unlinked official Coliseum/Airport Connector and eBART Transfer station centroids; intersected with 2020 California TIGER block groups using EPSG:5070 area shares."
CA0012100,06,060014378002,0.002927202680727,official_gtfs_plus_official_kmz_geometry,"BART official GTFS permalink plus official stations-tracks-entrances KMZ from the BART developer/geospatial pages; footprint uses a 20 m track buffer and 45 m station-complex buffer in EPSG:5070, with 75 m buffers for the unlinked Coliseum/Airport Connector and eBART Transfer KMZ station centroids.","Union of the official BART track centerline buffered 20 m, station-complex convex hulls built from official station entrances plus linked official station centroids buffered 45 m, and 75 m buffers for the unlinked official Coliseum/Airport Connector and eBART Transfer station centroids; intersected with 2020 California TIGER block groups using EPSG:5070 area shares."
CA0012100,06,060014379002,0.006054631619899,official_gtfs_plus_official_kmz_geometry,"BART official GTFS permalink plus official stations-tracks-entrances KMZ from the BART developer/geospatial pages; footprint uses a 20 m track buffer and 45 m station-complex buffer in EPSG:5070, with 75 m buffers for the unlinked Coliseum/Airport Connector and eBART Transfer KMZ station centroids.","Union of the official BART track centerline buffered 20 m, station-complex convex hulls built from official station entrances plus linked official station centroids buffered 45 m, and 75 m buffers for the unlinked official Coliseum/Airport Connector and eBART Transfer station centroids; intersected with 2020 California TIGER block groups using EPSG:5070 area shares."
CA0012100,06,060014381001,0.001431776620298,official_gtfs_plus_official_kmz_geometry,"BART official GTFS permalink plus official stations-tracks-entrances KMZ from the BART developer/geospatial pages; footprint uses a 20 m track buffer and 45 m station-complex buffer in EPSG:5070, with 75 m buffers for the unlinked Coliseum/Airport Connector and eBART Transfer KMZ station centroids.","Union of the official BART track centerline buffered 20 m, station-complex convex hulls built from official station entrances plus linked official station centroids buffered 45 m, and 75 m buffers for the unlinked official Coliseum/Airport Connector and eBART Transfer station centroids; intersected with 2020 California TIGER block groups using EPSG:5070 area shares."
CA0012100,06,060014382031,0.011438795024336,official_gtfs_plus_official_kmz_geometry,"BART official GTFS permalink plus official stations-tracks-entrances KMZ from the BART developer/geospatial pages; footprint uses a 20 m track buffer and 45 m station-complex buffer in EPSG:5070, with 75 m buffers for the unlinked Coliseum/Airport Connector and eBART Transfer KMZ station centroids.","Union of the official BART track centerline buffered 20 m, station-complex convex hulls built from official station entrances plus linked official station centroids buffered 45 m, and 75 m buffers for the unlinked official Coliseum/Airport Connector and eBART Transfer station centroids; intersected with 2020 California TIGER block groups using EPSG:5070 area shares."
CA0012100,06,060014382042,0.001178083394456,official_gtfs_plus_official_kmz_geometry,"BART official GTFS permalink plus official stations-tracks-entrances KMZ from the BART developer/geospatial pages; footprint uses a 20 m track buffer and 45 m station-complex buffer in EPSG:5070, with 75 m buffers for the unlinked Coliseum/Airport Connector and eBART Transfer KMZ station centroids.","Union of the official BART track centerline buffered 20 m, station-complex convex hulls built from official station entrances plus linked official station centroids buffered 45 m, and 75 m buffers for the unlinked official Coliseum/Airport Connector and eBART Transfer station centroids; intersected with 2020 California TIGER block groups using EPSG:5070 area shares."
CA0012100,06,060014402002,0.003219386965354,official_gtfs_plus_official_kmz_geometry,"BART official GTFS permalink plus official stations-tracks-entrances KMZ from the BART developer/geospatial pages; footprint uses a 20 m track buffer and 45 m station-complex buffer in EPSG:5070, with 75 m buffers for the unlinked Coliseum/Airport Connector and eBART Transfer KMZ station centroids.","Union of the official BART track centerline buffered 20 m, station-complex convex hulls built from official station entrances plus linked official station centroids buffered 45 m, and 75 m buffers for the unlinked official Coliseum/Airport Connector and eBART Transfer station centroids; intersected with 2020 California TIGER block groups using EPSG:5070 area shares."
CA0012100,06,060014402003,0.002633310806229,official_gtfs_plus_official_kmz_geometry,"BART official GTFS permalink plus official stations-tracks-entrances KMZ from the BART developer/geospatial pages; footprint uses a 20 m track buffer and 45 m station-complex buffer in EPSG:5070, with 75 m buffers for the unlinked Coliseum/Airport Connector and eBART Transfer KMZ station centroids.","Union of the official BART track centerline buffered 20 m, station-complex convex hulls built from official station entrances plus linked official station centroids buffered 45 m, and 75 m buffers for the unlinked official Coliseum/Airport Connector and eBART Transfer station centroids; intersected with 2020 California TIGER block groups using EPSG:5070 area shares."
CA0012100,06,060014403014,0.002484576032719,official_gtfs_plus_official_kmz_geometry,"BART official GTFS permalink plus official stations-tracks-entrances KMZ from the BART developer/geospatial pages; footprint uses a 20 m track buffer and 45 m station-complex buffer in EPSG:5070, with 75 m buffers for the unlinked Coliseum/Airport Connector and eBART Transfer KMZ station centroids.","Union of the official BART track centerline buffered 20 m, station-complex convex hulls built from official station entrances plus linked official station centroids buffered 45 m, and 75 m buffers for the unlinked official Coliseum/Airport Connector and eBART Transfer station centroids; intersected with 2020 California TIGER block groups using EPSG:5070 area shares."
CA0012100,06,060014403082,0.000418842458746,official_gtfs_plus_official_kmz_geometry,"BART official GTFS permalink plus official stations-tracks-entrances KMZ from the BART developer/geospatial pages; footprint uses a 20 m track buffer and 45 m station-complex buffer in EPSG:5070, with 75 m buffers for the unlinked Coliseum/Airport Connector and eBART Transfer KMZ station centroids.","Union of the official BART track centerline buffered 20 m, station-complex convex hulls built from official station entrances plus linked official station centroids buffered 45 m, and 75 m buffers for the unlinked official Coliseum/Airport Connector and eBART Transfer station centroids; intersected with 2020 California TIGER block groups using EPSG:5070 area shares."
CA0012100,06,060014403083,1.645851067e-06,official_gtfs_plus_official_kmz_geometry,"BART official GTFS permalink plus official stations-tracks-entrances KMZ from the BART developer/geospatial pages; footprint uses a 20 m track buffer and 45 m station-complex buffer in EPSG:5070, with 75 m buffers for the unlinked Coliseum/Airport Connector and eBART Transfer KMZ station centroids.","Union of the official BART track centerline buffered 20 m, station-complex convex hulls built from official station entrances plus linked official station centroids buffered 45 m, and 75 m buffers for the unlinked official Coliseum/Airport Connector and eBART Transfer station centroids; intersected with 2020 California TIGER block groups using EPSG:5070 area shares."
CA0012100,06,060014403362,3.50158364e-07,official_gtfs_plus_official_kmz_geometry,"BART official GTFS permalink plus official stations-tracks-entrances KMZ from the BART developer/geospatial pages; footprint uses a 20 m track buffer and 45 m station-complex buffer in EPSG:5070, with 75 m buffers for the unlinked Coliseum/Airport Connector and eBART Transfer KMZ station centroids.","Union of the official BART track centerline buffered 20 m, station-complex convex hulls built from official station entrances plus linked official station centroids buffered 45 m, and 75 m buffers for the unlinked official Coliseum/Airport Connector and eBART Transfer station centroids; intersected with 2020 California TIGER block groups using EPSG:5070 area shares."
CA0012100,06,060014403381,0.003543801410972,official_gtfs_plus_official_kmz_geometry,"BART official GTFS permalink plus official stations-tracks-entrances KMZ from the BART developer/geospatial pages; footprint uses a 20 m track buffer and 45 m station-complex buffer in EPSG:5070, with 75 m buffers for the unlinked Coliseum/Airport Connector and eBART Transfer KMZ station centroids.","Union of the official BART track centerline buffered 20 m, station-complex convex hulls built from official station entrances plus linked official station centroids buffered 45 m, and 75 m buffers for the unlinked official Coliseum/Airport Connector and eBART Transfer station centroids; intersected with 2020 California TIGER block groups using EPSG:5070 area shares."
CA0012100,06,060014403383,0.004122661970249,official_gtfs_plus_official_kmz_geometry,"BART official GTFS permalink plus official stations-tracks-entrances KMZ from the BART developer/geospatial pages; footprint uses a 20 m track buffer and 45 m station-complex buffer in EPSG:5070, with 75 m buffers for the unlinked Coliseum/Airport Connector and eBART Transfer KMZ station centroids.","Union of the official BART track centerline buffered 20 m, station-complex convex hulls built from official station entrances plus linked official station centroids buffered 45 m, and 75 m buffers for the unlinked official Coliseum/Airport Connector and eBART Transfer station centroids; intersected with 2020 California TIGER block groups using EPSG:5070 area shares."
CA0012100,06,060014412002,5.1607177471e-05,official_gtfs_plus_official_kmz_geometry,"BART official GTFS permalink plus official stations-tracks-entrances KMZ from the BART developer/geospatial pages; footprint uses a 20 m track buffer and 45 m station-complex buffer in EPSG:5070, with 75 m buffers for the unlinked Coliseum/Airport Connector and eBART Transfer KMZ station centroids.","Union of the official BART track centerline buffered 20 m, station-complex convex hulls built from official station entrances plus linked official station centroids buffered 45 m, and 75 m buffers for the unlinked official Coliseum/Airport Connector and eBART Transfer station centroids; intersected with 2020 California TIGER block groups using EPSG:5070 area shares."
CA0012100,06,060014412003,0.00062637478178,official_gtfs_plus_official_kmz_geometry,"BART official GTFS permalink plus official stations-tracks-entrances KMZ from the BART developer/geospatial pages; footprint uses a 20 m track buffer and 45 m station-complex buffer in EPSG:5070, with 75 m buffers for the unlinked Coliseum/Airport Connector and eBART Transfer KMZ station centroids.","Union of the official BART track centerline buffered 20 m, station-complex convex hulls built from official station entrances plus linked official station centroids buffered 45 m, and 75 m buffers for the unlinked official Coliseum/Airport Connector and eBART Transfer station centroids; intersected with 2020 California TIGER block groups using EPSG:5070 area shares."
CA0012100,06,060014412005,0.000883142045323,official_gtfs_plus_official_kmz_geometry,"BART official GTFS permalink plus official stations-tracks-entrances KMZ from the BART developer/geospatial pages; footprint uses a 20 m track buffer and 45 m station-complex buffer in EPSG:5070, with 75 m buffers for the unlinked Coliseum/Airport Connector and eBART Transfer KMZ station centroids.","Union of the official BART track centerline buffered 20 m, station-complex convex hulls built from official station entrances plus linked official station centroids buffered 45 m, and 75 m buffers for the unlinked official Coliseum/Airport Connector and eBART Transfer station centroids; intersected with 2020 California TIGER block groups using EPSG:5070 area shares."
CA0012100,06,060014413011,0.001768531669268,official_gtfs_plus_official_kmz_geometry,"BART official GTFS permalink plus official stations-tracks-entrances KMZ from the BART developer/geospatial pages; footprint uses a 20 m track buffer and 45 m station-complex buffer in EPSG:5070, with 75 m buffers for the unlinked Coliseum/Airport Connector and eBART Transfer KMZ station centroids.","Union of the official BART track centerline buffered 20 m, station-complex convex hulls built from official station entrances plus linked official station centroids buffered 45 m, and 75 m buffers for the unlinked official Coliseum/Airport Connector and eBART Transfer station centroids; intersected with 2020 California TIGER block groups using EPSG:5070 area shares."
CA0012100,06,060014413012,0.008910432865965,official_gtfs_plus_official_kmz_geometry,"BART official GTFS permalink plus official stations-tracks-entrances KMZ from the BART developer/geospatial pages; footprint uses a 20 m track buffer and 45 m station-complex buffer in EPSG:5070, with 75 m buffers for the unlinked Coliseum/Airport Connector and eBART Transfer KMZ station centroids.","Union of the official BART track centerline buffered 20 m, station-complex convex hulls built from official station entrances plus linked official station centroids buffered 45 m, and 75 m buffers for the unlinked official Coliseum/Airport Connector and eBART Transfer station centroids; intersected with 2020 California TIGER block groups using EPSG:5070 area shares."
CA0012100,06,060014415031,0.004860581130694,official_gtfs_plus_official_kmz_geometry,"BART official GTFS permalink plus official stations-tracks-entrances KMZ from the BART developer/geospatial pages; footprint uses a 20 m track buffer and 45 m station-complex buffer in EPSG:5070, with 75 m buffers for the unlinked Coliseum/Airport Connector and eBART Transfer KMZ station centroids.","Union of the official BART track centerline buffered 20 m, station-complex convex hulls built from official station entrances plus linked official station centroids buffered 45 m, and 75 m buffers for the unlinked official Coliseum/Airport Connector and eBART Transfer station centroids; intersected with 2020 California TIGER block groups using EPSG:5070 area shares."
CA0012100,06,060014415032,0.011349614906691,official_gtfs_plus_official_kmz_geometry,"BART official GTFS permalink plus official stations-tracks-entrances KMZ from the BART developer/geospatial pages; footprint uses a 20 m track buffer and 45 m station-complex buffer in EPSG:5070, with 75 m buffers for the unlinked Coliseum/Airport Connector and eBART Transfer KMZ station centroids.","Union of the official BART track centerline buffered 20 m, station-complex convex hulls built from official station entrances plus linked official station centroids buffered 45 m, and 75 m buffers for the unlinked official Coliseum/Airport Connector and eBART Transfer station centroids; intersected with 2020 California TIGER block groups using EPSG:5070 area shares."
CA0012100,06,060014415251,0.010770654568566,official_gtfs_plus_official_kmz_geometry,"BART official GTFS permalink plus official stations-tracks-entrances KMZ from the BART developer/geospatial pages; footprint uses a 20 m track buffer and 45 m station-complex buffer in EPSG:5070, with 75 m buffers for the unlinked Coliseum/Airport Connector and eBART Transfer KMZ station centroids.","Union of the official BART track centerline buffered 20 m, station-complex convex hulls built from official station entrances plus linked official station centroids buffered 45 m, and 75 m buffers for the unlinked official Coliseum/Airport Connector and eBART Transfer station centroids; intersected with 2020 California TIGER block groups using EPSG:5070 area shares."
CA0012100,06,060014415252,0.004796938735106,official_gtfs_plus_official_kmz_geometry,"BART official GTFS permalink plus official stations-tracks-entrances KMZ from the BART developer/geospatial pages; footprint uses a 20 m track buffer and 45 m station-complex buffer in EPSG:5070, with 75 m buffers for the unlinked Coliseum/Airport Connector and eBART Transfer KMZ station centroids.","Union of the official BART track centerline buffered 20 m, station-complex convex hulls built from official station entrances plus linked official station centroids buffered 45 m, and 75 m buffers for the unlinked official Coliseum/Airport Connector and eBART Transfer station centroids; intersected with 2020 California TIGER block groups using EPSG:5070 area shares."
CA0012100,06,060014415253,2.0049839126e-05,official_gtfs_plus_official_kmz_geometry,"BART official GTFS permalink plus official stations-tracks-entrances KMZ from the BART developer/geospatial pages; footprint uses a 20 m track buffer and 45 m station-complex buffer in EPSG:5070, with 75 m buffers for the unlinked Coliseum/Airport Connector and eBART Transfer KMZ station centroids.","Union of the official BART track centerline buffered 20 m, station-complex convex hulls built from official station entrances plus linked official station centroids buffered 45 m, and 75 m buffers for the unlinked official Coliseum/Airport Connector and eBART Transfer station centroids; intersected with 2020 California TIGER block groups using EPSG:5070 area shares."
CA0012100,06,060014418003,0.002778857120172,official_gtfs_plus_official_kmz_geometry,"BART official GTFS permalink plus official stations-tracks-entrances KMZ from the BART developer/geospatial pages; footprint uses a 20 m track buffer and 45 m station-complex buffer in EPSG:5070, with 75 m buffers for the unlinked Coliseum/Airport Connector and eBART Transfer KMZ station centroids.","Union of the official BART track centerline buffered 20 m, station-complex convex hulls built from official station entrances plus linked official station centroids buffered 45 m, and 75 m buffers for the unlinked official Coliseum/Airport Connector and eBART Transfer station centroids; intersected with 2020 California TIGER block groups using EPSG:5070 area shares."
CA0012100,06,060014418004,0.00143776101488,official_gtfs_plus_official_kmz_geometry,"BART official GTFS permalink plus official stations-tracks-entrances KMZ from the BART developer/geospatial pages; footprint uses a 20 m track buffer and 45 m station-complex buffer in EPSG:5070, with 75 m buffers for the unlinked Coliseum/Airport Connector and eBART Transfer KMZ station centroids.","Union of the official BART track centerline buffered 20 m, station-complex convex hulls built from official station entrances plus linked official station centroids buffered 45 m, and 75 m buffers for the unlinked official Coliseum/Airport Connector and eBART Transfer station centroids; intersected with 2020 California TIGER block groups using EPSG:5070 area shares."
CA0012100,06,060014419241,0.003472603690202,official_gtfs_plus_official_kmz_geometry,"BART official GTFS permalink plus official stations-tracks-entrances KMZ from the BART developer/geospatial pages; footprint uses a 20 m track buffer and 45 m station-complex buffer in EPSG:5070, with 75 m buffers for the unlinked Coliseum/Airport Connector and eBART Transfer KMZ station centroids.","Union of the official BART track centerline buffered 20 m, station-complex convex hulls built from official station entrances plus linked official station centroids buffered 45 m, and 75 m buffers for the unlinked official Coliseum/Airport Connector and eBART Transfer station centroids; intersected with 2020 California TIGER block groups using EPSG:5070 area shares."
CA0012100,06,060014419281,0.003259040404704,official_gtfs_plus_official_kmz_geometry,"BART official GTFS permalink plus official stations-tracks-entrances KMZ from the BART developer/geospatial pages; footprint uses a 20 m track buffer and 45 m station-complex buffer in EPSG:5070, with 75 m buffers for the unlinked Coliseum/Airport Connector and eBART Transfer KMZ station centroids.","Union of the official BART track centerline buffered 20 m, station-complex convex hulls built from official station entrances plus linked official station centroids buffered 45 m, and 75 m buffers for the unlinked official Coliseum/Airport Connector and eBART Transfer station centroids; intersected with 2020 California TIGER block groups using EPSG:5070 area shares."
CA0012100,06,060014419282,0.007106531837538,official_gtfs_plus_official_kmz_geometry,"BART official GTFS permalink plus official stations-tracks-entrances KMZ from the BART developer/geospatial pages; footprint uses a 20 m track buffer and 45 m station-complex buffer in EPSG:5070, with 75 m buffers for the unlinked Coliseum/Airport Connector and eBART Transfer KMZ station centroids.","Union of the official BART track centerline buffered 20 m, station-complex convex hulls built from official station entrances plus linked official station centroids buffered 45 m, and 75 m buffers for the unlinked official Coliseum/Airport Connector and eBART Transfer station centroids; intersected with 2020 California TIGER block groups using EPSG:5070 area shares."
CA0012100,06,060014419291,1.30807708e-07,official_gtfs_plus_official_kmz_geometry,"BART official GTFS permalink plus official stations-tracks-entrances KMZ from the BART developer/geospatial pages; footprint uses a 20 m track buffer and 45 m station-complex buffer in EPSG:5070, with 75 m buffers for the unlinked Coliseum/Airport Connector and eBART Transfer KMZ station centroids.","Union of the official BART track centerline buffered 20 m, station-complex convex hulls built from official station entrances plus linked official station centroids buffered 45 m, and 75 m buffers for the unlinked official Coliseum/Airport Connector and eBART Transfer station centroids; intersected with 2020 California TIGER block groups using EPSG:5070 area shares."
CA0012100,06,060014419292,0.003417199516795,official_gtfs_plus_official_kmz_geometry,"BART official GTFS permalink plus official stations-tracks-entrances KMZ from the BART developer/geospatial pages; footprint uses a 20 m track buffer and 45 m station-complex buffer in EPSG:5070, with 75 m buffers for the unlinked Coliseum/Airport Connector and eBART Transfer KMZ station centroids.","Union of the official BART track centerline buffered 20 m, station-complex convex hulls built from official station entrances plus linked official station centroids buffered 45 m, and 75 m buffers for the unlinked official Coliseum/Airport Connector and eBART Transfer station centroids; intersected with 2020 California TIGER block groups using EPSG:5070 area shares."
CA0012100,06,060014421003,0.004502525306395,official_gtfs_plus_official_kmz_geometry,"BART official GTFS permalink plus official stations-tracks-entrances KMZ from the BART developer/geospatial pages; footprint uses a 20 m track buffer and 45 m station-complex buffer in EPSG:5070, with 75 m buffers for the unlinked Coliseum/Airport Connector and eBART Transfer KMZ station centroids.","Union of the official BART track centerline buffered 20 m, station-complex convex hulls built from official station entrances plus linked official station centroids buffered 45 m, and 75 m buffers for the unlinked official Coliseum/Airport Connector and eBART Transfer station centroids; intersected with 2020 California TIGER block groups using EPSG:5070 area shares."
CA0012100,06,060014422004,0.011325800887782,official_gtfs_plus_official_kmz_geometry,"BART official GTFS permalink plus official stations-tracks-entrances KMZ from the BART developer/geospatial pages; footprint uses a 20 m track buffer and 45 m station-complex buffer in EPSG:5070, with 75 m buffers for the unlinked Coliseum/Airport Connector and eBART Transfer KMZ station centroids.","Union of the official BART track centerline buffered 20 m, station-complex convex hulls built from official station entrances plus linked official station centroids buffered 45 m, and 75 m buffers for the unlinked official Coliseum/Airport Connector and eBART Transfer station centroids; intersected with 2020 California TIGER block groups using EPSG:5070 area shares."
CA0012100,06,060014423013,4.309942131e-06,official_gtfs_plus_official_kmz_geometry,"BART official GTFS permalink plus official stations-tracks-entrances KMZ from the BART developer/geospatial pages; footprint uses a 20 m track buffer and 45 m station-complex buffer in EPSG:5070, with 75 m buffers for the unlinked Coliseum/Airport Connector and eBART Transfer KMZ station centroids.","Union of the official BART track centerline buffered 20 m, station-complex convex hulls built from official station entrances plus linked official station centroids buffered 45 m, and 75 m buffers for the unlinked official Coliseum/Airport Connector and eBART Transfer station centroids; intersected with 2020 California TIGER block groups using EPSG:5070 area shares."
CA0012100,06,060014423022,0.00012477695223,official_gtfs_plus_official_kmz_geometry,"BART official GTFS permalink plus official stations-tracks-entrances KMZ from the BART developer/geospatial pages; footprint uses a 20 m track buffer and 45 m station-complex buffer in EPSG:5070, with 75 m buffers for the unlinked Coliseum/Airport Connector and eBART Transfer KMZ station centroids.","Union of the official BART track centerline buffered 20 m, station-complex convex hulls built from official station entrances plus linked official station centroids buffered 45 m, and 75 m buffers for the unlinked official Coliseum/Airport Connector and eBART Transfer station centroids; intersected with 2020 California TIGER block groups using EPSG:5070 area shares."
CA0012100,06,060014430011,1.0313145907e-05,official_gtfs_plus_official_kmz_geometry,"BART official GTFS permalink plus official stations-tracks-entrances KMZ from the BART developer/geospatial pages; footprint uses a 20 m track buffer and 45 m station-complex buffer in EPSG:5070, with 75 m buffers for the unlinked Coliseum/Airport Connector and eBART Transfer KMZ station centroids.","Union of the official BART track centerline buffered 20 m, station-complex convex hulls built from official station entrances plus linked official station centroids buffered 45 m, and 75 m buffers for the unlinked official Coliseum/Airport Connector and eBART Transfer station centroids; intersected with 2020 California TIGER block groups using EPSG:5070 area shares."
CA0012100,06,060014501011,0.00017719353551,official_gtfs_plus_official_kmz_geometry,"BART official GTFS permalink plus official stations-tracks-entrances KMZ from the BART developer/geospatial pages; footprint uses a 20 m track buffer and 45 m station-complex buffer in EPSG:5070, with 75 m buffers for the unlinked Coliseum/Airport Connector and eBART Transfer KMZ station centroids.","Union of the official BART track centerline buffered 20 m, station-complex convex hulls built from official station entrances plus linked official station centroids buffered 45 m, and 75 m buffers for the unlinked official Coliseum/Airport Connector and eBART Transfer station centroids; intersected with 2020 California TIGER block groups using EPSG:5070 area shares."
CA0012100,06,060014503002,0.00083628470914,official_gtfs_plus_official_kmz_geometry,"BART official GTFS permalink plus official stations-tracks-entrances KMZ from the BART developer/geospatial pages; footprint uses a 20 m track buffer and 45 m station-complex buffer in EPSG:5070, with 75 m buffers for the unlinked Coliseum/Airport Connector and eBART Transfer KMZ station centroids.","Union of the official BART track centerline buffered 20 m, station-complex convex hulls built from official station entrances plus linked official station centroids buffered 45 m, and 75 m buffers for the unlinked official Coliseum/Airport Connector and eBART Transfer station centroids; intersected with 2020 California TIGER block groups using EPSG:5070 area shares."
CA0012100,06,060014504003,0.000572782823744,official_gtfs_plus_official_kmz_geometry,"BART official GTFS permalink plus official stations-tracks-entrances KMZ from the BART developer/geospatial pages; footprint uses a 20 m track buffer and 45 m station-complex buffer in EPSG:5070, with 75 m buffers for the unlinked Coliseum/Airport Connector and eBART Transfer KMZ station centroids.","Union of the official BART track centerline buffered 20 m, station-complex convex hulls built from official station entrances plus linked official station centroids buffered 45 m, and 75 m buffers for the unlinked official Coliseum/Airport Connector and eBART Transfer station centroids; intersected with 2020 California TIGER block groups using EPSG:5070 area shares."
CA0012100,06,060014505022,0.000379949902829,official_gtfs_plus_official_kmz_geometry,"BART official GTFS permalink plus official stations-tracks-entrances KMZ from the BART developer/geospatial pages; footprint uses a 20 m track buffer and 45 m station-complex buffer in EPSG:5070, with 75 m buffers for the unlinked Coliseum/Airport Connector and eBART Transfer KMZ station centroids.","Union of the official BART track centerline buffered 20 m, station-complex convex hulls built from official station entrances plus linked official station centroids buffered 45 m, and 75 m buffers for the unlinked official Coliseum/Airport Connector and eBART Transfer station centroids; intersected with 2020 California TIGER block groups using EPSG:5070 area shares."
CA0012100,06,060014506012,0.035050252095722,official_gtfs_plus_official_kmz_geometry,"BART official GTFS permalink plus official stations-tracks-entrances KMZ from the BART developer/geospatial pages; footprint uses a 20 m track buffer and 45 m station-complex buffer in EPSG:5070, with 75 m buffers for the unlinked Coliseum/Airport Connector and eBART Transfer KMZ station centroids.","Union of the official BART track centerline buffered 20 m, station-complex convex hulls built from official station entrances plus linked official station centroids buffered 45 m, and 75 m buffers for the unlinked official Coliseum/Airport Connector and eBART Transfer station centroids; intersected with 2020 California TIGER block groups using EPSG:5070 area shares."
CA0012100,06,060014506034,0.005749681063175,official_gtfs_plus_official_kmz_geometry,"BART official GTFS permalink plus official stations-tracks-entrances KMZ from the BART developer/geospatial pages; footprint uses a 20 m track buffer and 45 m station-complex buffer in EPSG:5070, with 75 m buffers for the unlinked Coliseum/Airport Connector and eBART Transfer KMZ station centroids.","Union of the official BART track centerline buffered 20 m, station-complex convex hulls built from official station entrances plus linked official station centroids buffered 45 m, and 75 m buffers for the unlinked official Coliseum/Airport Connector and eBART Transfer station centroids; intersected with 2020 California TIGER block groups using EPSG:5070 area shares."
CA0012100,06,060014506091,0.005261683116513,official_gtfs_plus_official_kmz_geometry,"BART official GTFS permalink plus official stations-tracks-entrances KMZ from the BART developer/geospatial pages; footprint uses a 20 m track buffer and 45 m station-complex buffer in EPSG:5070, with 75 m buffers for the unlinked Coliseum/Airport Connector and eBART Transfer KMZ station centroids.","Union of the official BART track centerline buffered 20 m, station-complex convex hulls built from official station entrances plus linked official station centroids buffered 45 m, and 75 m buffers for the unlinked official Coliseum/Airport Connector and eBART Transfer station centroids; intersected with 2020 California TIGER block groups using EPSG:5070 area shares."
CA0012100,06,060014507432,0.003832499572206,official_gtfs_plus_official_kmz_geometry,"BART official GTFS permalink plus official stations-tracks-entrances KMZ from the BART developer/geospatial pages; footprint uses a 20 m track buffer and 45 m station-complex buffer in EPSG:5070, with 75 m buffers for the unlinked Coliseum/Airport Connector and eBART Transfer KMZ station centroids.","Union of the official BART track centerline buffered 20 m, station-complex convex hulls built from official station entrances plus linked official station centroids buffered 45 m, and 75 m buffers for the unlinked official Coliseum/Airport Connector and eBART Transfer station centroids; intersected with 2020 California TIGER block groups using EPSG:5070 area shares."
CA0012100,06,060019819001,0.012636555065682,official_gtfs_plus_official_kmz_geometry,"BART official GTFS permalink plus official stations-tracks-entrances KMZ from the BART developer/geospatial pages; footprint uses a 20 m track buffer and 45 m station-complex buffer in EPSG:5070, with 75 m buffers for the unlinked Coliseum/Airport Connector and eBART Transfer KMZ station centroids.","Union of the official BART track centerline buffered 20 m, station-complex convex hulls built from official station entrances plus linked official station centroids buffered 45 m, and 75 m buffers for the unlinked official Coliseum/Airport Connector and eBART Transfer station centroids; intersected with 2020 California TIGER block groups using EPSG:5070 area shares."
CA0012100,06,060019820001,0.003810960881024,official_gtfs_plus_official_kmz_geometry,"BART official GTFS permalink plus official stations-tracks-entrances KMZ from the BART developer/geospatial pages; footprint uses a 20 m track buffer and 45 m station-complex buffer in EPSG:5070, with 75 m buffers for the unlinked Coliseum/Airport Connector and eBART Transfer KMZ station centroids.","Union of the official BART track centerline buffered 20 m, station-complex convex hulls built from official station entrances plus linked official station centroids buffered 45 m, and 75 m buffers for the unlinked official Coliseum/Airport Connector and eBART Transfer station centroids; intersected with 2020 California TIGER block groups using EPSG:5070 area shares."
CA0012100,06,060019832001,0.00192879095237,official_gtfs_plus_official_kmz_geometry,"BART official GTFS permalink plus official stations-tracks-entrances KMZ from the BART developer/geospatial pages; footprint uses a 20 m track buffer and 45 m station-complex buffer in EPSG:5070, with 75 m buffers for the unlinked Coliseum/Airport Connector and eBART Transfer KMZ station centroids.","Union of the official BART track centerline buffered 20 m, station-complex convex hulls built from official station entrances plus linked official station centroids buffered 45 m, and 75 m buffers for the unlinked official Coliseum/Airport Connector and eBART Transfer station centroids; intersected with 2020 California TIGER block groups using EPSG:5070 area shares."
CA0012100,06,060133071022,0.000850384357946,official_gtfs_plus_official_kmz_geometry,"BART official GTFS permalink plus official stations-tracks-entrances KMZ from the BART developer/geospatial pages; footprint uses a 20 m track buffer and 45 m station-complex buffer in EPSG:5070, with 75 m buffers for the unlinked Coliseum/Airport Connector and eBART Transfer KMZ station centroids.","Union of the official BART track centerline buffered 20 m, station-complex convex hulls built from official station entrances plus linked official station centroids buffered 45 m, and 75 m buffers for the unlinked official Coliseum/Airport Connector and eBART Transfer station centroids; intersected with 2020 California TIGER block groups using EPSG:5070 area shares."
CA0012100,06,060133071023,0.00193356518843,official_gtfs_plus_official_kmz_geometry,"BART official GTFS permalink plus official stations-tracks-entrances KMZ from the BART developer/geospatial pages; footprint uses a 20 m track buffer and 45 m station-complex buffer in EPSG:5070, with 75 m buffers for the unlinked Coliseum/Airport Connector and eBART Transfer KMZ station centroids.","Union of the official BART track centerline buffered 20 m, station-complex convex hulls built from official station entrances plus linked official station centroids buffered 45 m, and 75 m buffers for the unlinked official Coliseum/Airport Connector and eBART Transfer station centroids; intersected with 2020 California TIGER block groups using EPSG:5070 area shares."
CA0012100,06,060133071024,0.002612117821568,official_gtfs_plus_official_kmz_geometry,"BART official GTFS permalink plus official stations-tracks-entrances KMZ from the BART developer/geospatial pages; footprint uses a 20 m track buffer and 45 m station-complex buffer in EPSG:5070, with 75 m buffers for the unlinked Coliseum/Airport Connector and eBART Transfer KMZ station centroids.","Union of the official BART track centerline buffered 20 m, station-complex convex hulls built from official station entrances plus linked official station centroids buffered 45 m, and 75 m buffers for the unlinked official Coliseum/Airport Connector and eBART Transfer station centroids; intersected with 2020 California TIGER block groups using EPSG:5070 area shares."
CA0012100,06,060133072011,0.004561881246281,official_gtfs_plus_official_kmz_geometry,"BART official GTFS permalink plus official stations-tracks-entrances KMZ from the BART developer/geospatial pages; footprint uses a 20 m track buffer and 45 m station-complex buffer in EPSG:5070, with 75 m buffers for the unlinked Coliseum/Airport Connector and eBART Transfer KMZ station centroids.","Union of the official BART track centerline buffered 20 m, station-complex convex hulls built from official station entrances plus linked official station centroids buffered 45 m, and 75 m buffers for the unlinked official Coliseum/Airport Connector and eBART Transfer station centroids; intersected with 2020 California TIGER block groups using EPSG:5070 area shares."
CA0012100,06,060133072012,0.003235985453742,official_gtfs_plus_official_kmz_geometry,"BART official GTFS permalink plus official stations-tracks-entrances KMZ from the BART developer/geospatial pages; footprint uses a 20 m track buffer and 45 m station-complex buffer in EPSG:5070, with 75 m buffers for the unlinked Coliseum/Airport Connector and eBART Transfer KMZ station centroids.","Union of the official BART track centerline buffered 20 m, station-complex convex hulls built from official station entrances plus linked official station centroids buffered 45 m, and 75 m buffers for the unlinked official Coliseum/Airport Connector and eBART Transfer station centroids; intersected with 2020 California TIGER block groups using EPSG:5070 area shares."
CA0012100,06,060133072021,0.001221909135322,official_gtfs_plus_official_kmz_geometry,"BART official GTFS permalink plus official stations-tracks-entrances KMZ from the BART developer/geospatial pages; footprint uses a 20 m track buffer and 45 m station-complex buffer in EPSG:5070, with 75 m buffers for the unlinked Coliseum/Airport Connector and eBART Transfer KMZ station centroids.","Union of the official BART track centerline buffered 20 m, station-complex convex hulls built from official station entrances plus linked official station centroids buffered 45 m, and 75 m buffers for the unlinked official Coliseum/Airport Connector and eBART Transfer station centroids; intersected with 2020 California TIGER block groups using EPSG:5070 area shares."
CA0012100,06,060133072051,0.00558792782414,official_gtfs_plus_official_kmz_geometry,"BART official GTFS permalink plus official stations-tracks-entrances KMZ from the BART developer/geospatial pages; footprint uses a 20 m track buffer and 45 m station-complex buffer in EPSG:5070, with 75 m buffers for the unlinked Coliseum/Airport Connector and eBART Transfer KMZ station centroids.","Union of the official BART track centerline buffered 20 m, station-complex convex hulls built from official station entrances plus linked official station centroids buffered 45 m, and 75 m buffers for the unlinked official Coliseum/Airport Connector and eBART Transfer station centroids; intersected with 2020 California TIGER block groups using EPSG:5070 area shares."
CA0012100,06,060133080011,0.009247784575056,official_gtfs_plus_official_kmz_geometry,"BART official GTFS permalink plus official stations-tracks-entrances KMZ from the BART developer/geospatial pages; footprint uses a 20 m track buffer and 45 m station-complex buffer in EPSG:5070, with 75 m buffers for the unlinked Coliseum/Airport Connector and eBART Transfer KMZ station centroids.","Union of the official BART track centerline buffered 20 m, station-complex convex hulls built from official station entrances plus linked official station centroids buffered 45 m, and 75 m buffers for the unlinked official Coliseum/Airport Connector and eBART Transfer station centroids; intersected with 2020 California TIGER block groups using EPSG:5070 area shares."
CA0012100,06,060133080021,0.003369171413789,official_gtfs_plus_official_kmz_geometry,"BART official GTFS permalink plus official stations-tracks-entrances KMZ from the BART developer/geospatial pages; footprint uses a 20 m track buffer and 45 m station-complex buffer in EPSG:5070, with 75 m buffers for the unlinked Coliseum/Airport Connector and eBART Transfer KMZ station centroids.","Union of the official BART track centerline buffered 20 m, station-complex convex hulls built from official station entrances plus linked official station centroids buffered 45 m, and 75 m buffers for the unlinked official Coliseum/Airport Connector and eBART Transfer station centroids; intersected with 2020 California TIGER block groups using EPSG:5070 area shares."
CA0012100,06,060133110001,0.000445790104256,official_gtfs_plus_official_kmz_geometry,"BART official GTFS permalink plus official stations-tracks-entrances KMZ from the BART developer/geospatial pages; footprint uses a 20 m track buffer and 45 m station-complex buffer in EPSG:5070, with 75 m buffers for the unlinked Coliseum/Airport Connector and eBART Transfer KMZ station centroids.","Union of the official BART track centerline buffered 20 m, station-complex convex hulls built from official station entrances plus linked official station centroids buffered 45 m, and 75 m buffers for the unlinked official Coliseum/Airport Connector and eBART Transfer station centroids; intersected with 2020 California TIGER block groups using EPSG:5070 area shares."
CA0012100,06,060133110002,0.000593819533856,official_gtfs_plus_official_kmz_geometry,"BART official GTFS permalink plus official stations-tracks-entrances KMZ from the BART developer/geospatial pages; footprint uses a 20 m track buffer and 45 m station-complex buffer in EPSG:5070, with 75 m buffers for the unlinked Coliseum/Airport Connector and eBART Transfer KMZ station centroids.","Union of the official BART track centerline buffered 20 m, station-complex convex hulls built from official station entrances plus linked official station centroids buffered 45 m, and 75 m buffers for the unlinked official Coliseum/Airport Connector and eBART Transfer station centroids; intersected with 2020 California TIGER block groups using EPSG:5070 area shares."
CA0012100,06,060133110003,0.000547352543113,official_gtfs_plus_official_kmz_geometry,"BART official GTFS permalink plus official stations-tracks-entrances KMZ from the BART developer/geospatial pages; footprint uses a 20 m track buffer and 45 m station-complex buffer in EPSG:5070, with 75 m buffers for the unlinked Coliseum/Airport Connector and eBART Transfer KMZ station centroids.","Union of the official BART track centerline buffered 20 m, station-complex convex hulls built from official station entrances plus linked official station centroids buffered 45 m, and 75 m buffers for the unlinked official Coliseum/Airport Connector and eBART Transfer station centroids; intersected with 2020 California TIGER block groups using EPSG:5070 area shares."
CA0012100,06,060133120001,0.00278537217505,official_gtfs_plus_official_kmz_geometry,"BART official GTFS permalink plus official stations-tracks-entrances KMZ from the BART developer/geospatial pages; footprint uses a 20 m track buffer and 45 m station-complex buffer in EPSG:5070, with 75 m buffers for the unlinked Coliseum/Airport Connector and eBART Transfer KMZ station centroids.","Union of the official BART track centerline buffered 20 m, station-complex convex hulls built from official station entrances plus linked official station centroids buffered 45 m, and 75 m buffers for the unlinked official Coliseum/Airport Connector and eBART Transfer station centroids; intersected with 2020 California TIGER block groups using EPSG:5070 area shares."
CA0012100,06,060133131021,0.003485229470898,official_gtfs_plus_official_kmz_geometry,"BART official GTFS permalink plus official stations-tracks-entrances KMZ from the BART developer/geospatial pages; footprint uses a 20 m track buffer and 45 m station-complex buffer in EPSG:5070, with 75 m buffers for the unlinked Coliseum/Airport Connector and eBART Transfer KMZ station centroids.","Union of the official BART track centerline buffered 20 m, station-complex convex hulls built from official station entrances plus linked official station centroids buffered 45 m, and 75 m buffers for the unlinked official Coliseum/Airport Connector and eBART Transfer station centroids; intersected with 2020 California TIGER block groups using EPSG:5070 area shares."
CA0012100,06,060133131042,0.002484926538046,official_gtfs_plus_official_kmz_geometry,"BART official GTFS permalink plus official stations-tracks-entrances KMZ from the BART developer/geospatial pages; footprint uses a 20 m track buffer and 45 m station-complex buffer in EPSG:5070, with 75 m buffers for the unlinked Coliseum/Airport Connector and eBART Transfer KMZ station centroids.","Union of the official BART track centerline buffered 20 m, station-complex convex hulls built from official station entrances plus linked official station centroids buffered 45 m, and 75 m buffers for the unlinked official Coliseum/Airport Connector and eBART Transfer station centroids; intersected with 2020 California TIGER block groups using EPSG:5070 area shares."
CA0012100,06,060133131053,0.005217350635805,official_gtfs_plus_official_kmz_geometry,"BART official GTFS permalink plus official stations-tracks-entrances KMZ from the BART developer/geospatial pages; footprint uses a 20 m track buffer and 45 m station-complex buffer in EPSG:5070, with 75 m buffers for the unlinked Coliseum/Airport Connector and eBART Transfer KMZ station centroids.","Union of the official BART track centerline buffered 20 m, station-complex convex hulls built from official station entrances plus linked official station centroids buffered 45 m, and 75 m buffers for the unlinked official Coliseum/Airport Connector and eBART Transfer station centroids; intersected with 2020 California TIGER block groups using EPSG:5070 area shares."
CA0012100,06,060133132031,0.001477873720971,official_gtfs_plus_official_kmz_geometry,"BART official GTFS permalink plus official stations-tracks-entrances KMZ from the BART developer/geospatial pages; footprint uses a 20 m track buffer and 45 m station-complex buffer in EPSG:5070, with 75 m buffers for the unlinked Coliseum/Airport Connector and eBART Transfer KMZ station centroids.","Union of the official BART track centerline buffered 20 m, station-complex convex hulls built from official station entrances plus linked official station centroids buffered 45 m, and 75 m buffers for the unlinked official Coliseum/Airport Connector and eBART Transfer station centroids; intersected with 2020 California TIGER block groups using EPSG:5070 area shares."
CA0012100,06,060133132051,0.011865667277762,official_gtfs_plus_official_kmz_geometry,"BART official GTFS permalink plus official stations-tracks-entrances KMZ from the BART developer/geospatial pages; footprint uses a 20 m track buffer and 45 m station-complex buffer in EPSG:5070, with 75 m buffers for the unlinked Coliseum/Airport Connector and eBART Transfer KMZ station centroids.","Union of the official BART track centerline buffered 20 m, station-complex convex hulls built from official station entrances plus linked official station centroids buffered 45 m, and 75 m buffers for the unlinked official Coliseum/Airport Connector and eBART Transfer station centroids; intersected with 2020 California TIGER block groups using EPSG:5070 area shares."
CA0012100,06,060133132061,0.00627778511678,official_gtfs_plus_official_kmz_geometry,"BART official GTFS permalink plus official stations-tracks-entrances KMZ from the BART developer/geospatial pages; footprint uses a 20 m track buffer and 45 m station-complex buffer in EPSG:5070, with 75 m buffers for the unlinked Coliseum/Airport Connector and eBART Transfer KMZ station centroids.","Union of the official BART track centerline buffered 20 m, station-complex convex hulls built from official station entrances plus linked official station centroids buffered 45 m, and 75 m buffers for the unlinked official Coliseum/Airport Connector and eBART Transfer station centroids; intersected with 2020 California TIGER block groups using EPSG:5070 area shares."
CA0012100,06,060133141022,0.000747091611494,official_gtfs_plus_official_kmz_geometry,"BART official GTFS permalink plus official stations-tracks-entrances KMZ from the BART developer/geospatial pages; footprint uses a 20 m track buffer and 45 m station-complex buffer in EPSG:5070, with 75 m buffers for the unlinked Coliseum/Airport Connector and eBART Transfer KMZ station centroids.","Union of the official BART track centerline buffered 20 m, station-complex convex hulls built from official station entrances plus linked official station centroids buffered 45 m, and 75 m buffers for the unlinked official Coliseum/Airport Connector and eBART Transfer station centroids; intersected with 2020 California TIGER block groups using EPSG:5070 area shares."
CA0012100,06,060133141023,0.000596510164214,official_gtfs_plus_official_kmz_geometry,"BART official GTFS permalink plus official stations-tracks-entrances KMZ from the BART developer/geospatial pages; footprint uses a 20 m track buffer and 45 m station-complex buffer in EPSG:5070, with 75 m buffers for the unlinked Coliseum/Airport Connector and eBART Transfer KMZ station centroids.","Union of the official BART track centerline buffered 20 m, station-complex convex hulls built from official station entrances plus linked official station centroids buffered 45 m, and 75 m buffers for the unlinked official Coliseum/Airport Connector and eBART Transfer station centroids; intersected with 2020 California TIGER block groups using EPSG:5070 area shares."
CA0012100,06,060133141051,0.000642659221466,official_gtfs_plus_official_kmz_geometry,"BART official GTFS permalink plus official stations-tracks-entrances KMZ from the BART developer/geospatial pages; footprint uses a 20 m track buffer and 45 m station-complex buffer in EPSG:5070, with 75 m buffers for the unlinked Coliseum/Airport Connector and eBART Transfer KMZ station centroids.","Union of the official BART track centerline buffered 20 m, station-complex convex hulls built from official station entrances plus linked official station centroids buffered 45 m, and 75 m buffers for the unlinked official Coliseum/Airport Connector and eBART Transfer station centroids; intersected with 2020 California TIGER block groups using EPSG:5070 area shares."
CA0012100,06,060133141061,3.0524099571e-05,official_gtfs_plus_official_kmz_geometry,"BART official GTFS permalink plus official stations-tracks-entrances KMZ from the BART developer/geospatial pages; footprint uses a 20 m track buffer and 45 m station-complex buffer in EPSG:5070, with 75 m buffers for the unlinked Coliseum/Airport Connector and eBART Transfer KMZ station centroids.","Union of the official BART track centerline buffered 20 m, station-complex convex hulls built from official station entrances plus linked official station centroids buffered 45 m, and 75 m buffers for the unlinked official Coliseum/Airport Connector and eBART Transfer station centroids; intersected with 2020 California TIGER block groups using EPSG:5070 area shares."
CA0012100,06,060133141062,0.000724576209157,official_gtfs_plus_official_kmz_geometry,"BART official GTFS permalink plus official stations-tracks-entrances KMZ from the BART developer/geospatial pages; footprint uses a 20 m track buffer and 45 m station-complex buffer in EPSG:5070, with 75 m buffers for the unlinked Coliseum/Airport Connector and eBART Transfer KMZ station centroids.","Union of the official BART track centerline buffered 20 m, station-complex convex hulls built from official station entrances plus linked official station centroids buffered 45 m, and 75 m buffers for the unlinked official Coliseum/Airport Connector and eBART Transfer station centroids; intersected with 2020 California TIGER block groups using EPSG:5070 area shares."
CA0012100,06,060133150002,0.000319291001118,official_gtfs_plus_official_kmz_geometry,"BART official GTFS permalink plus official stations-tracks-entrances KMZ from the BART developer/geospatial pages; footprint uses a 20 m track buffer and 45 m station-complex buffer in EPSG:5070, with 75 m buffers for the unlinked Coliseum/Airport Connector and eBART Transfer KMZ station centroids.","Union of the official BART track centerline buffered 20 m, station-complex convex hulls built from official station entrances plus linked official station centroids buffered 45 m, and 75 m buffers for the unlinked official Coliseum/Airport Connector and eBART Transfer station centroids; intersected with 2020 California TIGER block groups using EPSG:5070 area shares."
CA0012100,06,060133240031,2.3229684346e-05,official_gtfs_plus_official_kmz_geometry,"BART official GTFS permalink plus official stations-tracks-entrances KMZ from the BART developer/geospatial pages; footprint uses a 20 m track buffer and 45 m station-complex buffer in EPSG:5070, with 75 m buffers for the unlinked Coliseum/Airport Connector and eBART Transfer KMZ station centroids.","Union of the official BART track centerline buffered 20 m, station-complex convex hulls built from official station entrances plus linked official station centroids buffered 45 m, and 75 m buffers for the unlinked official Coliseum/Airport Connector and eBART Transfer station centroids; intersected with 2020 California TIGER block groups using EPSG:5070 area shares."
CA0012100,06,060133240032,0.002838716773323,official_gtfs_plus_official_kmz_geometry,"BART official GTFS permalink plus official stations-tracks-entrances KMZ from the BART developer/geospatial pages; footprint uses a 20 m track buffer and 45 m station-complex buffer in EPSG:5070, with 75 m buffers for the unlinked Coliseum/Airport Connector and eBART Transfer KMZ station centroids.","Union of the official BART track centerline buffered 20 m, station-complex convex hulls built from official station entrances plus linked official station centroids buffered 45 m, and 75 m buffers for the unlinked official Coliseum/Airport Connector and eBART Transfer station centroids; intersected with 2020 California TIGER block groups using EPSG:5070 area shares."
CA0012100,06,060133280001,0.000547148751366,official_gtfs_plus_official_kmz_geometry,"BART official GTFS permalink plus official stations-tracks-entrances KMZ from the BART developer/geospatial pages; footprint uses a 20 m track buffer and 45 m station-complex buffer in EPSG:5070, with 75 m buffers for the unlinked Coliseum/Airport Connector and eBART Transfer KMZ station centroids.","Union of the official BART track centerline buffered 20 m, station-complex convex hulls built from official station entrances plus linked official station centroids buffered 45 m, and 75 m buffers for the unlinked official Coliseum/Airport Connector and eBART Transfer station centroids; intersected with 2020 California TIGER block groups using EPSG:5070 area shares."
CA0012100,06,060133290001,0.000792834637819,official_gtfs_plus_official_kmz_geometry,"BART official GTFS permalink plus official stations-tracks-entrances KMZ from the BART developer/geospatial pages; footprint uses a 20 m track buffer and 45 m station-complex buffer in EPSG:5070, with 75 m buffers for the unlinked Coliseum/Airport Connector and eBART Transfer KMZ station centroids.","Union of the official BART track centerline buffered 20 m, station-complex convex hulls built from official station entrances plus linked official station centroids buffered 45 m, and 75 m buffers for the unlinked official Coliseum/Airport Connector and eBART Transfer station centroids; intersected with 2020 California TIGER block groups using EPSG:5070 area shares."
CA0012100,06,060133290003,0.00078713640745,official_gtfs_plus_official_kmz_geometry,"BART official GTFS permalink plus official stations-tracks-entrances KMZ from the BART developer/geospatial pages; footprint uses a 20 m track buffer and 45 m station-complex buffer in EPSG:5070, with 75 m buffers for the unlinked Coliseum/Airport Connector and eBART Transfer KMZ station centroids.","Union of the official BART track centerline buffered 20 m, station-complex convex hulls built from official station entrances plus linked official station centroids buffered 45 m, and 75 m buffers for the unlinked official Coliseum/Airport Connector and eBART Transfer station centroids; intersected with 2020 California TIGER block groups using EPSG:5070 area shares."
CA0012100,06,060133290004,0.001149474763004,official_gtfs_plus_official_kmz_geometry,"BART official GTFS permalink plus official stations-tracks-entrances KMZ from the BART developer/geospatial pages; footprint uses a 20 m track buffer and 45 m station-complex buffer in EPSG:5070, with 75 m buffers for the unlinked Coliseum/Airport Connector and eBART Transfer KMZ station centroids.","Union of the official BART track centerline buffered 20 m, station-complex convex hulls built from official station entrances plus linked official station centroids buffered 45 m, and 75 m buffers for the unlinked official Coliseum/Airport Connector and eBART Transfer station centroids; intersected with 2020 California TIGER block groups using EPSG:5070 area shares."
CA0012100,06,060133300001,0.003625159261232,official_gtfs_plus_official_kmz_geometry,"BART official GTFS permalink plus official stations-tracks-entrances KMZ from the BART developer/geospatial pages; footprint uses a 20 m track buffer and 45 m station-complex buffer in EPSG:5070, with 75 m buffers for the unlinked Coliseum/Airport Connector and eBART Transfer KMZ station centroids.","Union of the official BART track centerline buffered 20 m, station-complex convex hulls built from official station entrances plus linked official station centroids buffered 45 m, and 75 m buffers for the unlinked official Coliseum/Airport Connector and eBART Transfer station centroids; intersected with 2020 California TIGER block groups using EPSG:5070 area shares."
CA0012100,06,060133300002,0.002480156384737,official_gtfs_plus_official_kmz_geometry,"BART official GTFS permalink plus official stations-tracks-entrances KMZ from the BART developer/geospatial pages; footprint uses a 20 m track buffer and 45 m station-complex buffer in EPSG:5070, with 75 m buffers for the unlinked Coliseum/Airport Connector and eBART Transfer KMZ station centroids.","Union of the official BART track centerline buffered 20 m, station-complex convex hulls built from official station entrances plus linked official station centroids buffered 45 m, and 75 m buffers for the unlinked official Coliseum/Airport Connector and eBART Transfer station centroids; intersected with 2020 California TIGER block groups using EPSG:5070 area shares."
CA0012100,06,060133300004,0.004214363591624,official_gtfs_plus_official_kmz_geometry,"BART official GTFS permalink plus official stations-tracks-entrances KMZ from the BART developer/geospatial pages; footprint uses a 20 m track buffer and 45 m station-complex buffer in EPSG:5070, with 75 m buffers for the unlinked Coliseum/Airport Connector and eBART Transfer KMZ station centroids.","Union of the official BART track centerline buffered 20 m, station-complex convex hulls built from official station entrances plus linked official station centroids buffered 45 m, and 75 m buffers for the unlinked official Coliseum/Airport Connector and eBART Transfer station centroids; intersected with 2020 California TIGER block groups using EPSG:5070 area shares."
CA0012100,06,060133310003,0.000712191183041,official_gtfs_plus_official_kmz_geometry,"BART official GTFS permalink plus official stations-tracks-entrances KMZ from the BART developer/geospatial pages; footprint uses a 20 m track buffer and 45 m station-complex buffer in EPSG:5070, with 75 m buffers for the unlinked Coliseum/Airport Connector and eBART Transfer KMZ station centroids.","Union of the official BART track centerline buffered 20 m, station-complex convex hulls built from official station entrances plus linked official station centroids buffered 45 m, and 75 m buffers for the unlinked official Coliseum/Airport Connector and eBART Transfer station centroids; intersected with 2020 California TIGER block groups using EPSG:5070 area shares."
CA0012100,06,060133310006,0.001048515942457,official_gtfs_plus_official_kmz_geometry,"BART official GTFS permalink plus official stations-tracks-entrances KMZ from the BART developer/geospatial pages; footprint uses a 20 m track buffer and 45 m station-complex buffer in EPSG:5070, with 75 m buffers for the unlinked Coliseum/Airport Connector and eBART Transfer KMZ station centroids.","Union of the official BART track centerline buffered 20 m, station-complex convex hulls built from official station entrances plus linked official station centroids buffered 45 m, and 75 m buffers for the unlinked official Coliseum/Airport Connector and eBART Transfer station centroids; intersected with 2020 California TIGER block groups using EPSG:5070 area shares."
CA0012100,06,060133350003,0.004550620804731,official_gtfs_plus_official_kmz_geometry,"BART official GTFS permalink plus official stations-tracks-entrances KMZ from the BART developer/geospatial pages; footprint uses a 20 m track buffer and 45 m station-complex buffer in EPSG:5070, with 75 m buffers for the unlinked Coliseum/Airport Connector and eBART Transfer KMZ station centroids.","Union of the official BART track centerline buffered 20 m, station-complex convex hulls built from official station entrances plus linked official station centroids buffered 45 m, and 75 m buffers for the unlinked official Coliseum/Airport Connector and eBART Transfer station centroids; intersected with 2020 California TIGER block groups using EPSG:5070 area shares."
CA0012100,06,060133361013,0.001779076894141,official_gtfs_plus_official_kmz_geometry,"BART official GTFS permalink plus official stations-tracks-entrances KMZ from the BART developer/geospatial pages; footprint uses a 20 m track buffer and 45 m station-complex buffer in EPSG:5070, with 75 m buffers for the unlinked Coliseum/Airport Connector and eBART Transfer KMZ station centroids.","Union of the official BART track centerline buffered 20 m, station-complex convex hulls built from official station entrances plus linked official station centroids buffered 45 m, and 75 m buffers for the unlinked official Coliseum/Airport Connector and eBART Transfer station centroids; intersected with 2020 California TIGER block groups using EPSG:5070 area shares."
CA0012100,06,060133371002,0.000935823923665,official_gtfs_plus_official_kmz_geometry,"BART official GTFS permalink plus official stations-tracks-entrances KMZ from the BART developer/geospatial pages; footprint uses a 20 m track buffer and 45 m station-complex buffer in EPSG:5070, with 75 m buffers for the unlinked Coliseum/Airport Connector and eBART Transfer KMZ station centroids.","Union of the official BART track centerline buffered 20 m, station-complex convex hulls built from official station entrances plus linked official station centroids buffered 45 m, and 75 m buffers for the unlinked official Coliseum/Airport Connector and eBART Transfer station centroids; intersected with 2020 California TIGER block groups using EPSG:5070 area shares."
CA0012100,06,060133372011,0.003073355694901,official_gtfs_plus_official_kmz_geometry,"BART official GTFS permalink plus official stations-tracks-entrances KMZ from the BART developer/geospatial pages; footprint uses a 20 m track buffer and 45 m station-complex buffer in EPSG:5070, with 75 m buffers for the unlinked Coliseum/Airport Connector and eBART Transfer KMZ station centroids.","Union of the official BART track centerline buffered 20 m, station-complex convex hulls built from official station entrances plus linked official station centroids buffered 45 m, and 75 m buffers for the unlinked official Coliseum/Airport Connector and eBART Transfer station centroids; intersected with 2020 California TIGER block groups using EPSG:5070 area shares."
CA0012100,06,060133372012,0.004647866271171,official_gtfs_plus_official_kmz_geometry,"BART official GTFS permalink plus official stations-tracks-entrances KMZ from the BART developer/geospatial pages; footprint uses a 20 m track buffer and 45 m station-complex buffer in EPSG:5070, with 75 m buffers for the unlinked Coliseum/Airport Connector and eBART Transfer KMZ station centroids.","Union of the official BART track centerline buffered 20 m, station-complex convex hulls built from official station entrances plus linked official station centroids buffered 45 m, and 75 m buffers for the unlinked official Coliseum/Airport Connector and eBART Transfer station centroids; intersected with 2020 California TIGER block groups using EPSG:5070 area shares."
CA0012100,06,060133372021,0.000782928132246,official_gtfs_plus_official_kmz_geometry,"BART official GTFS permalink plus official stations-tracks-entrances KMZ from the BART developer/geospatial pages; footprint uses a 20 m track buffer and 45 m station-complex buffer in EPSG:5070, with 75 m buffers for the unlinked Coliseum/Airport Connector and eBART Transfer KMZ station centroids.","Union of the official BART track centerline buffered 20 m, station-complex convex hulls built from official station entrances plus linked official station centroids buffered 45 m, and 75 m buffers for the unlinked official Coliseum/Airport Connector and eBART Transfer station centroids; intersected with 2020 California TIGER block groups using EPSG:5070 area shares."
CA0012100,06,060133372022,0.002590933477812,official_gtfs_plus_official_kmz_geometry,"BART official GTFS permalink plus official stations-tracks-entrances KMZ from the BART developer/geospatial pages; footprint uses a 20 m track buffer and 45 m station-complex buffer in EPSG:5070, with 75 m buffers for the unlinked Coliseum/Airport Connector and eBART Transfer KMZ station centroids.","Union of the official BART track centerline buffered 20 m, station-complex convex hulls built from official station entrances plus linked official station centroids buffered 45 m, and 75 m buffers for the unlinked official Coliseum/Airport Connector and eBART Transfer station centroids; intersected with 2020 California TIGER block groups using EPSG:5070 area shares."
CA0012100,06,060133372023,0.000290851081462,official_gtfs_plus_official_kmz_geometry,"BART official GTFS permalink plus official stations-tracks-entrances KMZ from the BART developer/geospatial pages; footprint uses a 20 m track buffer and 45 m station-complex buffer in EPSG:5070, with 75 m buffers for the unlinked Coliseum/Airport Connector and eBART Transfer KMZ station centroids.","Union of the official BART track centerline buffered 20 m, station-complex convex hulls built from official station entrances plus linked official station centroids buffered 45 m, and 75 m buffers for the unlinked official Coliseum/Airport Connector and eBART Transfer station centroids; intersected with 2020 California TIGER block groups using EPSG:5070 area shares."
CA0012100,06,060133381022,0.004193050589108,official_gtfs_plus_official_kmz_geometry,"BART official GTFS permalink plus official stations-tracks-entrances KMZ from the BART developer/geospatial pages; footprint uses a 20 m track buffer and 45 m station-complex buffer in EPSG:5070, with 75 m buffers for the unlinked Coliseum/Airport Connector and eBART Transfer KMZ station centroids.","Union of the official BART track centerline buffered 20 m, station-complex convex hulls built from official station entrances plus linked official station centroids buffered 45 m, and 75 m buffers for the unlinked official Coliseum/Airport Connector and eBART Transfer station centroids; intersected with 2020 California TIGER block groups using EPSG:5070 area shares."
CA0012100,06,060133382011,0.004339333805719,official_gtfs_plus_official_kmz_geometry,"BART official GTFS permalink plus official stations-tracks-entrances KMZ from the BART developer/geospatial pages; footprint uses a 20 m track buffer and 45 m station-complex buffer in EPSG:5070, with 75 m buffers for the unlinked Coliseum/Airport Connector and eBART Transfer KMZ station centroids.","Union of the official BART track centerline buffered 20 m, station-complex convex hulls built from official station entrances plus linked official station centroids buffered 45 m, and 75 m buffers for the unlinked official Coliseum/Airport Connector and eBART Transfer station centroids; intersected with 2020 California TIGER block groups using EPSG:5070 area shares."
CA0012100,06,060133382031,5.4651219589e-05,official_gtfs_plus_official_kmz_geometry,"BART official GTFS permalink plus official stations-tracks-entrances KMZ from the BART developer/geospatial pages; footprint uses a 20 m track buffer and 45 m station-complex buffer in EPSG:5070, with 75 m buffers for the unlinked Coliseum/Airport Connector and eBART Transfer KMZ station centroids.","Union of the official BART track centerline buffered 20 m, station-complex convex hulls built from official station entrances plus linked official station centroids buffered 45 m, and 75 m buffers for the unlinked official Coliseum/Airport Connector and eBART Transfer station centroids; intersected with 2020 California TIGER block groups using EPSG:5070 area shares."
CA0012100,06,060133382032,0.002342874925602,official_gtfs_plus_official_kmz_geometry,"BART official GTFS permalink plus official stations-tracks-entrances KMZ from the BART developer/geospatial pages; footprint uses a 20 m track buffer and 45 m station-complex buffer in EPSG:5070, with 75 m buffers for the unlinked Coliseum/Airport Connector and eBART Transfer KMZ station centroids.","Union of the official BART track centerline buffered 20 m, station-complex convex hulls built from official station entrances plus linked official station centroids buffered 45 m, and 75 m buffers for the unlinked official Coliseum/Airport Connector and eBART Transfer station centroids; intersected with 2020 California TIGER block groups using EPSG:5070 area shares."
CA0012100,06,060133382034,0.000997568861923,official_gtfs_plus_official_kmz_geometry,"BART official GTFS permalink plus official stations-tracks-entrances KMZ from the BART developer/geospatial pages; footprint uses a 20 m track buffer and 45 m station-complex buffer in EPSG:5070, with 75 m buffers for the unlinked Coliseum/Airport Connector and eBART Transfer KMZ station centroids.","Union of the official BART track centerline buffered 20 m, station-complex convex hulls built from official station entrances plus linked official station centroids buffered 45 m, and 75 m buffers for the unlinked official Coliseum/Airport Connector and eBART Transfer station centroids; intersected with 2020 California TIGER block groups using EPSG:5070 area shares."
CA0012100,06,060133382035,0.005174050233843,official_gtfs_plus_official_kmz_geometry,"BART official GTFS permalink plus official stations-tracks-entrances KMZ from the BART developer/geospatial pages; footprint uses a 20 m track buffer and 45 m station-complex buffer in EPSG:5070, with 75 m buffers for the unlinked Coliseum/Airport Connector and eBART Transfer KMZ station centroids.","Union of the official BART track centerline buffered 20 m, station-complex convex hulls built from official station entrances plus linked official station centroids buffered 45 m, and 75 m buffers for the unlinked official Coliseum/Airport Connector and eBART Transfer station centroids; intersected with 2020 California TIGER block groups using EPSG:5070 area shares."
CA0012100,06,060133382044,0.000196402790695,official_gtfs_plus_official_kmz_geometry,"BART official GTFS permalink plus official stations-tracks-entrances KMZ from the BART developer/geospatial pages; footprint uses a 20 m track buffer and 45 m station-complex buffer in EPSG:5070, with 75 m buffers for the unlinked Coliseum/Airport Connector and eBART Transfer KMZ station centroids.","Union of the official BART track centerline buffered 20 m, station-complex convex hulls built from official station entrances plus linked official station centroids buffered 45 m, and 75 m buffers for the unlinked official Coliseum/Airport Connector and eBART Transfer station centroids; intersected with 2020 California TIGER block groups using EPSG:5070 area shares."
CA0012100,06,060133390031,0.001972648843289,official_gtfs_plus_official_kmz_geometry,"BART official GTFS permalink plus official stations-tracks-entrances KMZ from the BART developer/geospatial pages; footprint uses a 20 m track buffer and 45 m station-complex buffer in EPSG:5070, with 75 m buffers for the unlinked Coliseum/Airport Connector and eBART Transfer KMZ station centroids.","Union of the official BART track centerline buffered 20 m, station-complex convex hulls built from official station entrances plus linked official station centroids buffered 45 m, and 75 m buffers for the unlinked official Coliseum/Airport Connector and eBART Transfer station centroids; intersected with 2020 California TIGER block groups using EPSG:5070 area shares."
CA0012100,06,060133390041,0.004674782513132,official_gtfs_plus_official_kmz_geometry,"BART official GTFS permalink plus official stations-tracks-entrances KMZ from the BART developer/geospatial pages; footprint uses a 20 m track buffer and 45 m station-complex buffer in EPSG:5070, with 75 m buffers for the unlinked Coliseum/Airport Connector and eBART Transfer KMZ station centroids.","Union of the official BART track centerline buffered 20 m, station-complex convex hulls built from official station entrances plus linked official station centroids buffered 45 m, and 75 m buffers for the unlinked official Coliseum/Airport Connector and eBART Transfer station centroids; intersected with 2020 California TIGER block groups using EPSG:5070 area shares."
CA0012100,06,060133390042,0.002826788126287,official_gtfs_plus_official_kmz_geometry,"BART official GTFS permalink plus official stations-tracks-entrances KMZ from the BART developer/geospatial pages; footprint uses a 20 m track buffer and 45 m station-complex buffer in EPSG:5070, with 75 m buffers for the unlinked Coliseum/Airport Connector and eBART Transfer KMZ station centroids.","Union of the official BART track centerline buffered 20 m, station-complex convex hulls built from official station entrances plus linked official station centroids buffered 45 m, and 75 m buffers for the unlinked official Coliseum/Airport Connector and eBART Transfer station centroids; intersected with 2020 California TIGER block groups using EPSG:5070 area shares."
CA0012100,06,060133400041,0.00863411403229,official_gtfs_plus_official_kmz_geometry,"BART official GTFS permalink plus official stations-tracks-entrances KMZ from the BART developer/geospatial pages; footprint uses a 20 m track buffer and 45 m station-complex buffer in EPSG:5070, with 75 m buffers for the unlinked Coliseum/Airport Connector and eBART Transfer KMZ station centroids.","Union of the official BART track centerline buffered 20 m, station-complex convex hulls built from official station entrances plus linked official station centroids buffered 45 m, and 75 m buffers for the unlinked official Coliseum/Airport Connector and eBART Transfer station centroids; intersected with 2020 California TIGER block groups using EPSG:5070 area shares."
CA0012100,06,060133400042,0.001112408712498,official_gtfs_plus_official_kmz_geometry,"BART official GTFS permalink plus official stations-tracks-entrances KMZ from the BART developer/geospatial pages; footprint uses a 20 m track buffer and 45 m station-complex buffer in EPSG:5070, with 75 m buffers for the unlinked Coliseum/Airport Connector and eBART Transfer KMZ station centroids.","Union of the official BART track centerline buffered 20 m, station-complex convex hulls built from official station entrances plus linked official station centroids buffered 45 m, and 75 m buffers for the unlinked official Coliseum/Airport Connector and eBART Transfer station centroids; intersected with 2020 California TIGER block groups using EPSG:5070 area shares."
CA0012100,06,060133400043,2.200048508e-06,official_gtfs_plus_official_kmz_geometry,"BART official GTFS permalink plus official stations-tracks-entrances KMZ from the BART developer/geospatial pages; footprint uses a 20 m track buffer and 45 m station-complex buffer in EPSG:5070, with 75 m buffers for the unlinked Coliseum/Airport Connector and eBART Transfer KMZ station centroids.","Union of the official BART track centerline buffered 20 m, station-complex convex hulls built from official station entrances plus linked official station centroids buffered 45 m, and 75 m buffers for the unlinked official Coliseum/Airport Connector and eBART Transfer station centroids; intersected with 2020 California TIGER block groups using EPSG:5070 area shares."
CA0012100,06,060133480001,0.007288139107934,official_gtfs_plus_official_kmz_geometry,"BART official GTFS permalink plus official stations-tracks-entrances KMZ from the BART developer/geospatial pages; footprint uses a 20 m track buffer and 45 m station-complex buffer in EPSG:5070, with 75 m buffers for the unlinked Coliseum/Airport Connector and eBART Transfer KMZ station centroids.","Union of the official BART track centerline buffered 20 m, station-complex convex hulls built from official station entrances plus linked official station centroids buffered 45 m, and 75 m buffers for the unlinked official Coliseum/Airport Connector and eBART Transfer station centroids; intersected with 2020 California TIGER block groups using EPSG:5070 area shares."
CA0012100,06,060133480002,0.011617517125798,official_gtfs_plus_official_kmz_geometry,"BART official GTFS permalink plus official stations-tracks-entrances KMZ from the BART developer/geospatial pages; footprint uses a 20 m track buffer and 45 m station-complex buffer in EPSG:5070, with 75 m buffers for the unlinked Coliseum/Airport Connector and eBART Transfer KMZ station centroids.","Union of the official BART track centerline buffered 20 m, station-complex convex hulls built from official station entrances plus linked official station centroids buffered 45 m, and 75 m buffers for the unlinked official Coliseum/Airport Connector and eBART Transfer station centroids; intersected with 2020 California TIGER block groups using EPSG:5070 area shares."
CA0012100,06,060133480003,0.006971242165395,official_gtfs_plus_official_kmz_geometry,"BART official GTFS permalink plus official stations-tracks-entrances KMZ from the BART developer/geospatial pages; footprint uses a 20 m track buffer and 45 m station-complex buffer in EPSG:5070, with 75 m buffers for the unlinked Coliseum/Airport Connector and eBART Transfer KMZ station centroids.","Union of the official BART track centerline buffered 20 m, station-complex convex hulls built from official station entrances plus linked official station centroids buffered 45 m, and 75 m buffers for the unlinked official Coliseum/Airport Connector and eBART Transfer station centroids; intersected with 2020 California TIGER block groups using EPSG:5070 area shares."
CA0012100,06,060133490001,6.2801463444e-05,official_gtfs_plus_official_kmz_geometry,"BART official GTFS permalink plus official stations-tracks-entrances KMZ from the BART developer/geospatial pages; footprint uses a 20 m track buffer and 45 m station-complex buffer in EPSG:5070, with 75 m buffers for the unlinked Coliseum/Airport Connector and eBART Transfer KMZ station centroids.","Union of the official BART track centerline buffered 20 m, station-complex convex hulls built from official station entrances plus linked official station centroids buffered 45 m, and 75 m buffers for the unlinked official Coliseum/Airport Connector and eBART Transfer station centroids; intersected with 2020 California TIGER block groups using EPSG:5070 area shares."
CA0012100,06,060133500001,0.00052346110053,official_gtfs_plus_official_kmz_geometry,"BART official GTFS permalink plus official stations-tracks-entrances KMZ from the BART developer/geospatial pages; footprint uses a 20 m track buffer and 45 m station-complex buffer in EPSG:5070, with 75 m buffers for the unlinked Coliseum/Airport Connector and eBART Transfer KMZ station centroids.","Union of the official BART track centerline buffered 20 m, station-complex convex hulls built from official station entrances plus linked official station centroids buffered 45 m, and 75 m buffers for the unlinked official Coliseum/Airport Connector and eBART Transfer station centroids; intersected with 2020 California TIGER block groups using EPSG:5070 area shares."
CA0012100,06,060133500002,1.4696404105e-05,official_gtfs_plus_official_kmz_geometry,"BART official GTFS permalink plus official stations-tracks-entrances KMZ from the BART developer/geospatial pages; footprint uses a 20 m track buffer and 45 m station-complex buffer in EPSG:5070, with 75 m buffers for the unlinked Coliseum/Airport Connector and eBART Transfer KMZ station centroids.","Union of the official BART track centerline buffered 20 m, station-complex convex hulls built from official station entrances plus linked official station centroids buffered 45 m, and 75 m buffers for the unlinked official Coliseum/Airport Connector and eBART Transfer station centroids; intersected with 2020 California TIGER block groups using EPSG:5070 area shares."
CA0012100,06,060133500004,5.23497101e-06,official_gtfs_plus_official_kmz_geometry,"BART official GTFS permalink plus official stations-tracks-entrances KMZ from the BART developer/geospatial pages; footprint uses a 20 m track buffer and 45 m station-complex buffer in EPSG:5070, with 75 m buffers for the unlinked Coliseum/Airport Connector and eBART Transfer KMZ station centroids.","Union of the official BART track centerline buffered 20 m, station-complex convex hulls built from official station entrances plus linked official station centroids buffered 45 m, and 75 m buffers for the unlinked official Coliseum/Airport Connector and eBART Transfer station centroids; intersected with 2020 California TIGER block groups using EPSG:5070 area shares."
CA0012100,06,060133530012,0.001715825627826,official_gtfs_plus_official_kmz_geometry,"BART official GTFS permalink plus official stations-tracks-entrances KMZ from the BART developer/geospatial pages; footprint uses a 20 m track buffer and 45 m station-complex buffer in EPSG:5070, with 75 m buffers for the unlinked Coliseum/Airport Connector and eBART Transfer KMZ station centroids.","Union of the official BART track centerline buffered 20 m, station-complex convex hulls built from official station entrances plus linked official station centroids buffered 45 m, and 75 m buffers for the unlinked official Coliseum/Airport Connector and eBART Transfer station centroids; intersected with 2020 California TIGER block groups using EPSG:5070 area shares."
CA0012100,06,060133530021,7.4433998812e-05,official_gtfs_plus_official_kmz_geometry,"BART official GTFS permalink plus official stations-tracks-entrances KMZ from the BART developer/geospatial pages; footprint uses a 20 m track buffer and 45 m station-complex buffer in EPSG:5070, with 75 m buffers for the unlinked Coliseum/Airport Connector and eBART Transfer KMZ station centroids.","Union of the official BART track centerline buffered 20 m, station-complex convex hulls built from official station entrances plus linked official station centroids buffered 45 m, and 75 m buffers for the unlinked official Coliseum/Airport Connector and eBART Transfer station centroids; intersected with 2020 California TIGER block groups using EPSG:5070 area shares."
CA0012100,06,060133530022,4.264533594e-06,official_gtfs_plus_official_kmz_geometry,"BART official GTFS permalink plus official stations-tracks-entrances KMZ from the BART developer/geospatial pages; footprint uses a 20 m track buffer and 45 m station-complex buffer in EPSG:5070, with 75 m buffers for the unlinked Coliseum/Airport Connector and eBART Transfer KMZ station centroids.","Union of the official BART track centerline buffered 20 m, station-complex convex hulls built from official station entrances plus linked official station centroids buffered 45 m, and 75 m buffers for the unlinked official Coliseum/Airport Connector and eBART Transfer station centroids; intersected with 2020 California TIGER block groups using EPSG:5070 area shares."
CA0012100,06,060133540011,0.014885540352706,official_gtfs_plus_official_kmz_geometry,"BART official GTFS permalink plus official stations-tracks-entrances KMZ from the BART developer/geospatial pages; footprint uses a 20 m track buffer and 45 m station-complex buffer in EPSG:5070, with 75 m buffers for the unlinked Coliseum/Airport Connector and eBART Transfer KMZ station centroids.","Union of the official BART track centerline buffered 20 m, station-complex convex hulls built from official station entrances plus linked official station centroids buffered 45 m, and 75 m buffers for the unlinked official Coliseum/Airport Connector and eBART Transfer station centroids; intersected with 2020 California TIGER block groups using EPSG:5070 area shares."
CA0012100,06,060133540021,0.006793625245034,official_gtfs_plus_official_kmz_geometry,"BART official GTFS permalink plus official stations-tracks-entrances KMZ from the BART developer/geospatial pages; footprint uses a 20 m track buffer and 45 m station-complex buffer in EPSG:5070, with 75 m buffers for the unlinked Coliseum/Airport Connector and eBART Transfer KMZ station centroids.","Union of the official BART track centerline buffered 20 m, station-complex convex hulls built from official station entrances plus linked official station centroids buffered 45 m, and 75 m buffers for the unlinked official Coliseum/Airport Connector and eBART Transfer station centroids; intersected with 2020 California TIGER block groups using EPSG:5070 area shares."
CA0012100,06,060133540024,0.008641066345226,official_gtfs_plus_official_kmz_geometry,"BART official GTFS permalink plus official stations-tracks-entrances KMZ from the BART developer/geospatial pages; footprint uses a 20 m track buffer and 45 m station-complex buffer in EPSG:5070, with 75 m buffers for the unlinked Coliseum/Airport Connector and eBART Transfer KMZ station centroids.","Union of the official BART track centerline buffered 20 m, station-complex convex hulls built from official station entrances plus linked official station centroids buffered 45 m, and 75 m buffers for the unlinked official Coliseum/Airport Connector and eBART Transfer station centroids; intersected with 2020 California TIGER block groups using EPSG:5070 area shares."
CA0012100,06,060133552011,0.010762460375925,official_gtfs_plus_official_kmz_geometry,"BART official GTFS permalink plus official stations-tracks-entrances KMZ from the BART developer/geospatial pages; footprint uses a 20 m track buffer and 45 m station-complex buffer in EPSG:5070, with 75 m buffers for the unlinked Coliseum/Airport Connector and eBART Transfer KMZ station centroids.","Union of the official BART track centerline buffered 20 m, station-complex convex hulls built from official station entrances plus linked official station centroids buffered 45 m, and 75 m buffers for the unlinked official Coliseum/Airport Connector and eBART Transfer station centroids; intersected with 2020 California TIGER block groups using EPSG:5070 area shares."
CA0012100,06,060133552021,0.024569437038507,official_gtfs_plus_official_kmz_geometry,"BART official GTFS permalink plus official stations-tracks-entrances KMZ from the BART developer/geospatial pages; footprint uses a 20 m track buffer and 45 m station-complex buffer in EPSG:5070, with 75 m buffers for the unlinked Coliseum/Airport Connector and eBART Transfer KMZ station centroids.","Union of the official BART track centerline buffered 20 m, station-complex convex hulls built from official station entrances plus linked official station centroids buffered 45 m, and 75 m buffers for the unlinked official Coliseum/Airport Connector and eBART Transfer station centroids; intersected with 2020 California TIGER block groups using EPSG:5070 area shares."
CA0012100,06,060133552022,0.003209806516897,official_gtfs_plus_official_kmz_geometry,"BART official GTFS permalink plus official stations-tracks-entrances KMZ from the BART developer/geospatial pages; footprint uses a 20 m track buffer and 45 m station-complex buffer in EPSG:5070, with 75 m buffers for the unlinked Coliseum/Airport Connector and eBART Transfer KMZ station centroids.","Union of the official BART track centerline buffered 20 m, station-complex convex hulls built from official station entrances plus linked official station centroids buffered 45 m, and 75 m buffers for the unlinked official Coliseum/Airport Connector and eBART Transfer station centroids; intersected with 2020 California TIGER block groups using EPSG:5070 area shares."
CA0012100,06,060133750002,0.001472164544339,official_gtfs_plus_official_kmz_geometry,"BART official GTFS permalink plus official stations-tracks-entrances KMZ from the BART developer/geospatial pages; footprint uses a 20 m track buffer and 45 m station-complex buffer in EPSG:5070, with 75 m buffers for the unlinked Coliseum/Airport Connector and eBART Transfer KMZ station centroids.","Union of the official BART track centerline buffered 20 m, station-complex convex hulls built from official station entrances plus linked official station centroids buffered 45 m, and 75 m buffers for the unlinked official Coliseum/Airport Connector and eBART Transfer station centroids; intersected with 2020 California TIGER block groups using EPSG:5070 area shares."
CA0012100,06,060133760003,0.000930633193278,official_gtfs_plus_official_kmz_geometry,"BART official GTFS permalink plus official stations-tracks-entrances KMZ from the BART developer/geospatial pages; footprint uses a 20 m track buffer and 45 m station-complex buffer in EPSG:5070, with 75 m buffers for the unlinked Coliseum/Airport Connector and eBART Transfer KMZ station centroids.","Union of the official BART track centerline buffered 20 m, station-complex convex hulls built from official station entrances plus linked official station centroids buffered 45 m, and 75 m buffers for the unlinked official Coliseum/Airport Connector and eBART Transfer station centroids; intersected with 2020 California TIGER block groups using EPSG:5070 area shares."
CA0012100,06,060133770001,2.7945321524e-05,official_gtfs_plus_official_kmz_geometry,"BART official GTFS permalink plus official stations-tracks-entrances KMZ from the BART developer/geospatial pages; footprint uses a 20 m track buffer and 45 m station-complex buffer in EPSG:5070, with 75 m buffers for the unlinked Coliseum/Airport Connector and eBART Transfer KMZ station centroids.","Union of the official BART track centerline buffered 20 m, station-complex convex hulls built from official station entrances plus linked official station centroids buffered 45 m, and 75 m buffers for the unlinked official Coliseum/Airport Connector and eBART Transfer station centroids; intersected with 2020 California TIGER block groups using EPSG:5070 area shares."
CA0012100,06,060133810001,0.004013113876295,official_gtfs_plus_official_kmz_geometry,"BART official GTFS permalink plus official stations-tracks-entrances KMZ from the BART developer/geospatial pages; footprint uses a 20 m track buffer and 45 m station-complex buffer in EPSG:5070, with 75 m buffers for the unlinked Coliseum/Airport Connector and eBART Transfer KMZ station centroids.","Union of the official BART track centerline buffered 20 m, station-complex convex hulls built from official station entrances plus linked official station centroids buffered 45 m, and 75 m buffers for the unlinked official Coliseum/Airport Connector and eBART Transfer station centroids; intersected with 2020 California TIGER block groups using EPSG:5070 area shares."
CA0012100,06,060133810002,0.000671941836525,official_gtfs_plus_official_kmz_geometry,"BART official GTFS permalink plus official stations-tracks-entrances KMZ from the BART developer/geospatial pages; footprint uses a 20 m track buffer and 45 m station-complex buffer in EPSG:5070, with 75 m buffers for the unlinked Coliseum/Airport Connector and eBART Transfer KMZ station centroids.","Union of the official BART track centerline buffered 20 m, station-complex convex hulls built from official station entrances plus linked official station centroids buffered 45 m, and 75 m buffers for the unlinked official Coliseum/Airport Connector and eBART Transfer station centroids; intersected with 2020 California TIGER block groups using EPSG:5070 area shares."
CA0012100,06,060133810003,0.003425341655974,official_gtfs_plus_official_kmz_geometry,"BART official GTFS permalink plus official stations-tracks-entrances KMZ from the BART developer/geospatial pages; footprint uses a 20 m track buffer and 45 m station-complex buffer in EPSG:5070, with 75 m buffers for the unlinked Coliseum/Airport Connector and eBART Transfer KMZ station centroids.","Union of the official BART track centerline buffered 20 m, station-complex convex hulls built from official station entrances plus linked official station centroids buffered 45 m, and 75 m buffers for the unlinked official Coliseum/Airport Connector and eBART Transfer station centroids; intersected with 2020 California TIGER block groups using EPSG:5070 area shares."
CA0012100,06,060133810004,0.00438414865368,official_gtfs_plus_official_kmz_geometry,"BART official GTFS permalink plus official stations-tracks-entrances KMZ from the BART developer/geospatial pages; footprint uses a 20 m track buffer and 45 m station-complex buffer in EPSG:5070, with 75 m buffers for the unlinked Coliseum/Airport Connector and eBART Transfer KMZ station centroids.","Union of the official BART track centerline buffered 20 m, station-complex convex hulls built from official station entrances plus linked official station centroids buffered 45 m, and 75 m buffers for the unlinked official Coliseum/Airport Connector and eBART Transfer station centroids; intersected with 2020 California TIGER block groups using EPSG:5070 area shares."
CA0012100,06,060133860001,0.006366902133338,official_gtfs_plus_official_kmz_geometry,"BART official GTFS permalink plus official stations-tracks-entrances KMZ from the BART developer/geospatial pages; footprint uses a 20 m track buffer and 45 m station-complex buffer in EPSG:5070, with 75 m buffers for the unlinked Coliseum/Airport Connector and eBART Transfer KMZ station centroids.","Union of the official BART track centerline buffered 20 m, station-complex convex hulls built from official station entrances plus linked official station centroids buffered 45 m, and 75 m buffers for the unlinked official Coliseum/Airport Connector and eBART Transfer station centroids; intersected with 2020 California TIGER block groups using EPSG:5070 area shares."
CA0012100,06,060133860002,0.003448621335494,official_gtfs_plus_official_kmz_geometry,"BART official GTFS permalink plus official stations-tracks-entrances KMZ from the BART developer/geospatial pages; footprint uses a 20 m track buffer and 45 m station-complex buffer in EPSG:5070, with 75 m buffers for the unlinked Coliseum/Airport Connector and eBART Transfer KMZ station centroids.","Union of the official BART track centerline buffered 20 m, station-complex convex hulls built from official station entrances plus linked official station centroids buffered 45 m, and 75 m buffers for the unlinked official Coliseum/Airport Connector and eBART Transfer station centroids; intersected with 2020 California TIGER block groups using EPSG:5070 area shares."
CA0012100,06,060133870003,0.002623964351123,official_gtfs_plus_official_kmz_geometry,"BART official GTFS permalink plus official stations-tracks-entrances KMZ from the BART developer/geospatial pages; footprint uses a 20 m track buffer and 45 m station-complex buffer in EPSG:5070, with 75 m buffers for the unlinked Coliseum/Airport Connector and eBART Transfer KMZ station centroids.","Union of the official BART track centerline buffered 20 m, station-complex convex hulls built from official station entrances plus linked official station centroids buffered 45 m, and 75 m buffers for the unlinked official Coliseum/Airport Connector and eBART Transfer station centroids; intersected with 2020 California TIGER block groups using EPSG:5070 area shares."
CA0012100,06,060133880001,0.002078063314507,official_gtfs_plus_official_kmz_geometry,"BART official GTFS permalink plus official stations-tracks-entrances KMZ from the BART developer/geospatial pages; footprint uses a 20 m track buffer and 45 m station-complex buffer in EPSG:5070, with 75 m buffers for the unlinked Coliseum/Airport Connector and eBART Transfer KMZ station centroids.","Union of the official BART track centerline buffered 20 m, station-complex convex hulls built from official station entrances plus linked official station centroids buffered 45 m, and 75 m buffers for the unlinked official Coliseum/Airport Connector and eBART Transfer station centroids; intersected with 2020 California TIGER block groups using EPSG:5070 area shares."
CA0012100,06,060133880002,0.00211219954249,official_gtfs_plus_official_kmz_geometry,"BART official GTFS permalink plus official stations-tracks-entrances KMZ from the BART developer/geospatial pages; footprint uses a 20 m track buffer and 45 m station-complex buffer in EPSG:5070, with 75 m buffers for the unlinked Coliseum/Airport Connector and eBART Transfer KMZ station centroids.","Union of the official BART track centerline buffered 20 m, station-complex convex hulls built from official station entrances plus linked official station centroids buffered 45 m, and 75 m buffers for the unlinked official Coliseum/Airport Connector and eBART Transfer station centroids; intersected with 2020 California TIGER block groups using EPSG:5070 area shares."
CA0012100,06,060133891001,0.001165216330572,official_gtfs_plus_official_kmz_geometry,"BART official GTFS permalink plus official stations-tracks-entrances KMZ from the BART developer/geospatial pages; footprint uses a 20 m track buffer and 45 m station-complex buffer in EPSG:5070, with 75 m buffers for the unlinked Coliseum/Airport Connector and eBART Transfer KMZ station centroids.","Union of the official BART track centerline buffered 20 m, station-complex convex hulls built from official station entrances plus linked official station centroids buffered 45 m, and 75 m buffers for the unlinked official Coliseum/Airport Connector and eBART Transfer station centroids; intersected with 2020 California TIGER block groups using EPSG:5070 area shares."
CA0012100,06,060133891002,0.003312590085348,official_gtfs_plus_official_kmz_geometry,"BART official GTFS permalink plus official stations-tracks-entrances KMZ from the BART developer/geospatial pages; footprint uses a 20 m track buffer and 45 m station-complex buffer in EPSG:5070, with 75 m buffers for the unlinked Coliseum/Airport Connector and eBART Transfer KMZ station centroids.","Union of the official BART track centerline buffered 20 m, station-complex convex hulls built from official station entrances plus linked official station centroids buffered 45 m, and 75 m buffers for the unlinked official Coliseum/Airport Connector and eBART Transfer station centroids; intersected with 2020 California TIGER block groups using EPSG:5070 area shares."
CA0012100,06,060750105002,0.003112782460035,official_gtfs_plus_official_kmz_geometry,"BART official GTFS permalink plus official stations-tracks-entrances KMZ from the BART developer/geospatial pages; footprint uses a 20 m track buffer and 45 m station-complex buffer in EPSG:5070, with 75 m buffers for the unlinked Coliseum/Airport Connector and eBART Transfer KMZ station centroids.","Union of the official BART track centerline buffered 20 m, station-complex convex hulls built from official station entrances plus linked official station centroids buffered 45 m, and 75 m buffers for the unlinked official Coliseum/Airport Connector and eBART Transfer station centroids; intersected with 2020 California TIGER block groups using EPSG:5070 area shares."
CA0012100,06,060750117002,0.001790373318324,official_gtfs_plus_official_kmz_geometry,"BART official GTFS permalink plus official stations-tracks-entrances KMZ from the BART developer/geospatial pages; footprint uses a 20 m track buffer and 45 m station-complex buffer in EPSG:5070, with 75 m buffers for the unlinked Coliseum/Airport Connector and eBART Transfer KMZ station centroids.","Union of the official BART track centerline buffered 20 m, station-complex convex hulls built from official station entrances plus linked official station centroids buffered 45 m, and 75 m buffers for the unlinked official Coliseum/Airport Connector and eBART Transfer station centroids; intersected with 2020 California TIGER block groups using EPSG:5070 area shares."
CA0012100,06,060750117003,0.002173862522103,official_gtfs_plus_official_kmz_geometry,"BART official GTFS permalink plus official stations-tracks-entrances KMZ from the BART developer/geospatial pages; footprint uses a 20 m track buffer and 45 m station-complex buffer in EPSG:5070, with 75 m buffers for the unlinked Coliseum/Airport Connector and eBART Transfer KMZ station centroids.","Union of the official BART track centerline buffered 20 m, station-complex convex hulls built from official station entrances plus linked official station centroids buffered 45 m, and 75 m buffers for the unlinked official Coliseum/Airport Connector and eBART Transfer station centroids; intersected with 2020 California TIGER block groups using EPSG:5070 area shares."
CA0012100,06,060750117004,0.003177967999011,official_gtfs_plus_official_kmz_geometry,"BART official GTFS permalink plus official stations-tracks-entrances KMZ from the BART developer/geospatial pages; footprint uses a 20 m track buffer and 45 m station-complex buffer in EPSG:5070, with 75 m buffers for the unlinked Coliseum/Airport Connector and eBART Transfer KMZ station centroids.","Union of the official BART track centerline buffered 20 m, station-complex convex hulls built from official station entrances plus linked official station centroids buffered 45 m, and 75 m buffers for the unlinked official Coliseum/Airport Connector and eBART Transfer station centroids; intersected with 2020 California TIGER block groups using EPSG:5070 area shares."
CA0012100,06,060750124051,0.002111605377031,official_gtfs_plus_official_kmz_geometry,"BART official GTFS permalink plus official stations-tracks-entrances KMZ from the BART developer/geospatial pages; footprint uses a 20 m track buffer and 45 m station-complex buffer in EPSG:5070, with 75 m buffers for the unlinked Coliseum/Airport Connector and eBART Transfer KMZ station centroids.","Union of the official BART track centerline buffered 20 m, station-complex convex hulls built from official station entrances plus linked official station centroids buffered 45 m, and 75 m buffers for the unlinked official Coliseum/Airport Connector and eBART Transfer station centroids; intersected with 2020 California TIGER block groups using EPSG:5070 area shares."
CA0012100,06,060750124052,0.000318914676254,official_gtfs_plus_official_kmz_geometry,"BART official GTFS permalink plus official stations-tracks-entrances KMZ from the BART developer/geospatial pages; footprint uses a 20 m track buffer and 45 m station-complex buffer in EPSG:5070, with 75 m buffers for the unlinked Coliseum/Airport Connector and eBART Transfer KMZ station centroids.","Union of the official BART track centerline buffered 20 m, station-complex convex hulls built from official station entrances plus linked official station centroids buffered 45 m, and 75 m buffers for the unlinked official Coliseum/Airport Connector and eBART Transfer station centroids; intersected with 2020 California TIGER block groups using EPSG:5070 area shares."
CA0012100,06,060750124053,0.00030246744426,official_gtfs_plus_official_kmz_geometry,"BART official GTFS permalink plus official stations-tracks-entrances KMZ from the BART developer/geospatial pages; footprint uses a 20 m track buffer and 45 m station-complex buffer in EPSG:5070, with 75 m buffers for the unlinked Coliseum/Airport Connector and eBART Transfer KMZ station centroids.","Union of the official BART track centerline buffered 20 m, station-complex convex hulls built from official station entrances plus linked official station centroids buffered 45 m, and 75 m buffers for the unlinked official Coliseum/Airport Connector and eBART Transfer station centroids; intersected with 2020 California TIGER block groups using EPSG:5070 area shares."
CA0012100,06,060750125031,0.000665279011305,official_gtfs_plus_official_kmz_geometry,"BART official GTFS permalink plus official stations-tracks-entrances KMZ from the BART developer/geospatial pages; footprint uses a 20 m track buffer and 45 m station-complex buffer in EPSG:5070, with 75 m buffers for the unlinked Coliseum/Airport Connector and eBART Transfer KMZ station centroids.","Union of the official BART track centerline buffered 20 m, station-complex convex hulls built from official station entrances plus linked official station centroids buffered 45 m, and 75 m buffers for the unlinked official Coliseum/Airport Connector and eBART Transfer station centroids; intersected with 2020 California TIGER block groups using EPSG:5070 area shares."
CA0012100,06,060750125032,0.000280705224887,official_gtfs_plus_official_kmz_geometry,"BART official GTFS permalink plus official stations-tracks-entrances KMZ from the BART developer/geospatial pages; footprint uses a 20 m track buffer and 45 m station-complex buffer in EPSG:5070, with 75 m buffers for the unlinked Coliseum/Airport Connector and eBART Transfer KMZ station centroids.","Union of the official BART track centerline buffered 20 m, station-complex convex hulls built from official station entrances plus linked official station centroids buffered 45 m, and 75 m buffers for the unlinked official Coliseum/Airport Connector and eBART Transfer station centroids; intersected with 2020 California TIGER block groups using EPSG:5070 area shares."
CA0012100,06,060750125033,0.000776831795976,official_gtfs_plus_official_kmz_geometry,"BART official GTFS permalink plus official stations-tracks-entrances KMZ from the BART developer/geospatial pages; footprint uses a 20 m track buffer and 45 m station-complex buffer in EPSG:5070, with 75 m buffers for the unlinked Coliseum/Airport Connector and eBART Transfer KMZ station centroids.","Union of the official BART track centerline buffered 20 m, station-complex convex hulls built from official station entrances plus linked official station centroids buffered 45 m, and 75 m buffers for the unlinked official Coliseum/Airport Connector and eBART Transfer station centroids; intersected with 2020 California TIGER block groups using EPSG:5070 area shares."
CA0012100,06,060750125041,0.000749196308937,official_gtfs_plus_official_kmz_geometry,"BART official GTFS permalink plus official stations-tracks-entrances KMZ from the BART developer/geospatial pages; footprint uses a 20 m track buffer and 45 m station-complex buffer in EPSG:5070, with 75 m buffers for the unlinked Coliseum/Airport Connector and eBART Transfer KMZ station centroids.","Union of the official BART track centerline buffered 20 m, station-complex convex hulls built from official station entrances plus linked official station centroids buffered 45 m, and 75 m buffers for the unlinked official Coliseum/Airport Connector and eBART Transfer station centroids; intersected with 2020 California TIGER block groups using EPSG:5070 area shares."
CA0012100,06,060750168021,5.6014276642e-05,official_gtfs_plus_official_kmz_geometry,"BART official GTFS permalink plus official stations-tracks-entrances KMZ from the BART developer/geospatial pages; footprint uses a 20 m track buffer and 45 m station-complex buffer in EPSG:5070, with 75 m buffers for the unlinked Coliseum/Airport Connector and eBART Transfer KMZ station centroids.","Union of the official BART track centerline buffered 20 m, station-complex convex hulls built from official station entrances plus linked official station centroids buffered 45 m, and 75 m buffers for the unlinked official Coliseum/Airport Connector and eBART Transfer station centroids; intersected with 2020 California TIGER block groups using EPSG:5070 area shares."
CA0012100,06,060750176022,0.000993741038726,official_gtfs_plus_official_kmz_geometry,"BART official GTFS permalink plus official stations-tracks-entrances KMZ from the BART developer/geospatial pages; footprint uses a 20 m track buffer and 45 m station-complex buffer in EPSG:5070, with 75 m buffers for the unlinked Coliseum/Airport Connector and eBART Transfer KMZ station centroids.","Union of the official BART track centerline buffered 20 m, station-complex convex hulls built from official station entrances plus linked official station centroids buffered 45 m, and 75 m buffers for the unlinked official Coliseum/Airport Connector and eBART Transfer station centroids; intersected with 2020 California TIGER block groups using EPSG:5070 area shares."
CA0012100,06,060750176023,0.002001872884342,official_gtfs_plus_official_kmz_geometry,"BART official GTFS permalink plus official stations-tracks-entrances KMZ from the BART developer/geospatial pages; footprint uses a 20 m track buffer and 45 m station-complex buffer in EPSG:5070, with 75 m buffers for the unlinked Coliseum/Airport Connector and eBART Transfer KMZ station centroids.","Union of the official BART track centerline buffered 20 m, station-complex convex hulls built from official station entrances plus linked official station centroids buffered 45 m, and 75 m buffers for the unlinked official Coliseum/Airport Connector and eBART Transfer station centroids; intersected with 2020 California TIGER block groups using EPSG:5070 area shares."
CA0012100,06,060750176031,0.000544850825825,official_gtfs_plus_official_kmz_geometry,"BART official GTFS permalink plus official stations-tracks-entrances KMZ from the BART developer/geospatial pages; footprint uses a 20 m track buffer and 45 m station-complex buffer in EPSG:5070, with 75 m buffers for the unlinked Coliseum/Airport Connector and eBART Transfer KMZ station centroids.","Union of the official BART track centerline buffered 20 m, station-complex convex hulls built from official station entrances plus linked official station centroids buffered 45 m, and 75 m buffers for the unlinked official Coliseum/Airport Connector and eBART Transfer station centroids; intersected with 2020 California TIGER block groups using EPSG:5070 area shares."
CA0012100,06,060750176033,0.000410114570504,official_gtfs_plus_official_kmz_geometry,"BART official GTFS permalink plus official stations-tracks-entrances KMZ from the BART developer/geospatial pages; footprint uses a 20 m track buffer and 45 m station-complex buffer in EPSG:5070, with 75 m buffers for the unlinked Coliseum/Airport Connector and eBART Transfer KMZ station centroids.","Union of the official BART track centerline buffered 20 m, station-complex convex hulls built from official station entrances plus linked official station centroids buffered 45 m, and 75 m buffers for the unlinked official Coliseum/Airport Connector and eBART Transfer station centroids; intersected with 2020 California TIGER block groups using EPSG:5070 area shares."
CA0012100,06,060750176034,0.000456303257444,official_gtfs_plus_official_kmz_geometry,"BART official GTFS permalink plus official stations-tracks-entrances KMZ from the BART developer/geospatial pages; footprint uses a 20 m track buffer and 45 m station-complex buffer in EPSG:5070, with 75 m buffers for the unlinked Coliseum/Airport Connector and eBART Transfer KMZ station centroids.","Union of the official BART track centerline buffered 20 m, station-complex convex hulls built from official station entrances plus linked official station centroids buffered 45 m, and 75 m buffers for the unlinked official Coliseum/Airport Connector and eBART Transfer station centroids; intersected with 2020 California TIGER block groups using EPSG:5070 area shares."
CA0012100,06,060750176042,0.001819490860123,official_gtfs_plus_official_kmz_geometry,"BART official GTFS permalink plus official stations-tracks-entrances KMZ from the BART developer/geospatial pages; footprint uses a 20 m track buffer and 45 m station-complex buffer in EPSG:5070, with 75 m buffers for the unlinked Coliseum/Airport Connector and eBART Transfer KMZ station centroids.","Union of the official BART track centerline buffered 20 m, station-complex convex hulls built from official station entrances plus linked official station centroids buffered 45 m, and 75 m buffers for the unlinked official Coliseum/Airport Connector and eBART Transfer station centroids; intersected with 2020 California TIGER block groups using EPSG:5070 area shares."
CA0012100,06,060750176043,0.000706614787877,official_gtfs_plus_official_kmz_geometry,"BART official GTFS permalink plus official stations-tracks-entrances KMZ from the BART developer/geospatial pages; footprint uses a 20 m track buffer and 45 m station-complex buffer in EPSG:5070, with 75 m buffers for the unlinked Coliseum/Airport Connector and eBART Transfer KMZ station centroids.","Union of the official BART track centerline buffered 20 m, station-complex convex hulls built from official station entrances plus linked official station centroids buffered 45 m, and 75 m buffers for the unlinked official Coliseum/Airport Connector and eBART Transfer station centroids; intersected with 2020 California TIGER block groups using EPSG:5070 area shares."
CA0012100,06,060750177002,0.00026020295202,official_gtfs_plus_official_kmz_geometry,"BART official GTFS permalink plus official stations-tracks-entrances KMZ from the BART developer/geospatial pages; footprint uses a 20 m track buffer and 45 m station-complex buffer in EPSG:5070, with 75 m buffers for the unlinked Coliseum/Airport Connector and eBART Transfer KMZ station centroids.","Union of the official BART track centerline buffered 20 m, station-complex convex hulls built from official station entrances plus linked official station centroids buffered 45 m, and 75 m buffers for the unlinked official Coliseum/Airport Connector and eBART Transfer station centroids; intersected with 2020 California TIGER block groups using EPSG:5070 area shares."
CA0012100,06,060750179031,0.002487434118471,official_gtfs_plus_official_kmz_geometry,"BART official GTFS permalink plus official stations-tracks-entrances KMZ from the BART developer/geospatial pages; footprint uses a 20 m track buffer and 45 m station-complex buffer in EPSG:5070, with 75 m buffers for the unlinked Coliseum/Airport Connector and eBART Transfer KMZ station centroids.","Union of the official BART track centerline buffered 20 m, station-complex convex hulls built from official station entrances plus linked official station centroids buffered 45 m, and 75 m buffers for the unlinked official Coliseum/Airport Connector and eBART Transfer station centroids; intersected with 2020 California TIGER block groups using EPSG:5070 area shares."
CA0012100,06,060750201011,0.002656408150794,official_gtfs_plus_official_kmz_geometry,"BART official GTFS permalink plus official stations-tracks-entrances KMZ from the BART developer/geospatial pages; footprint uses a 20 m track buffer and 45 m station-complex buffer in EPSG:5070, with 75 m buffers for the unlinked Coliseum/Airport Connector and eBART Transfer KMZ station centroids.","Union of the official BART track centerline buffered 20 m, station-complex convex hulls built from official station entrances plus linked official station centroids buffered 45 m, and 75 m buffers for the unlinked official Coliseum/Airport Connector and eBART Transfer station centroids; intersected with 2020 California TIGER block groups using EPSG:5070 area shares."
CA0012100,06,060750201012,0.001728142879155,official_gtfs_plus_official_kmz_geometry,"BART official GTFS permalink plus official stations-tracks-entrances KMZ from the BART developer/geospatial pages; footprint uses a 20 m track buffer and 45 m station-complex buffer in EPSG:5070, with 75 m buffers for the unlinked Coliseum/Airport Connector and eBART Transfer KMZ station centroids.","Union of the official BART track centerline buffered 20 m, station-complex convex hulls built from official station entrances plus linked official station centroids buffered 45 m, and 75 m buffers for the unlinked official Coliseum/Airport Connector and eBART Transfer station centroids; intersected with 2020 California TIGER block groups using EPSG:5070 area shares."
CA0012100,06,060750201021,0.001420807284926,official_gtfs_plus_official_kmz_geometry,"BART official GTFS permalink plus official stations-tracks-entrances KMZ from the BART developer/geospatial pages; footprint uses a 20 m track buffer and 45 m station-complex buffer in EPSG:5070, with 75 m buffers for the unlinked Coliseum/Airport Connector and eBART Transfer KMZ station centroids.","Union of the official BART track centerline buffered 20 m, station-complex convex hulls built from official station entrances plus linked official station centroids buffered 45 m, and 75 m buffers for the unlinked official Coliseum/Airport Connector and eBART Transfer station centroids; intersected with 2020 California TIGER block groups using EPSG:5070 area shares."
CA0012100,06,060750201022,0.000512186195059,official_gtfs_plus_official_kmz_geometry,"BART official GTFS permalink plus official stations-tracks-entrances KMZ from the BART developer/geospatial pages; footprint uses a 20 m track buffer and 45 m station-complex buffer in EPSG:5070, with 75 m buffers for the unlinked Coliseum/Airport Connector and eBART Transfer KMZ station centroids.","Union of the official BART track centerline buffered 20 m, station-complex convex hulls built from official station entrances plus linked official station centroids buffered 45 m, and 75 m buffers for the unlinked official Coliseum/Airport Connector and eBART Transfer station centroids; intersected with 2020 California TIGER block groups using EPSG:5070 area shares."
CA0012100,06,060750201023,0.000921609549459,official_gtfs_plus_official_kmz_geometry,"BART official GTFS permalink plus official stations-tracks-entrances KMZ from the BART developer/geospatial pages; footprint uses a 20 m track buffer and 45 m station-complex buffer in EPSG:5070, with 75 m buffers for the unlinked Coliseum/Airport Connector and eBART Transfer KMZ station centroids.","Union of the official BART track centerline buffered 20 m, station-complex convex hulls built from official station entrances plus linked official station centroids buffered 45 m, and 75 m buffers for the unlinked official Coliseum/Airport Connector and eBART Transfer station centroids; intersected with 2020 California TIGER block groups using EPSG:5070 area shares."
CA0012100,06,060750208011,0.000830812467271,official_gtfs_plus_official_kmz_geometry,"BART official GTFS permalink plus official stations-tracks-entrances KMZ from the BART developer/geospatial pages; footprint uses a 20 m track buffer and 45 m station-complex buffer in EPSG:5070, with 75 m buffers for the unlinked Coliseum/Airport Connector and eBART Transfer KMZ station centroids.","Union of the official BART track centerline buffered 20 m, station-complex convex hulls built from official station entrances plus linked official station centroids buffered 45 m, and 75 m buffers for the unlinked official Coliseum/Airport Connector and eBART Transfer station centroids; intersected with 2020 California TIGER block groups using EPSG:5070 area shares."
CA0012100,06,060750208012,0.000828622421648,official_gtfs_plus_official_kmz_geometry,"BART official GTFS permalink plus official stations-tracks-entrances KMZ from the BART developer/geospatial pages; footprint uses a 20 m track buffer and 45 m station-complex buffer in EPSG:5070, with 75 m buffers for the unlinked Coliseum/Airport Connector and eBART Transfer KMZ station centroids.","Union of the official BART track centerline buffered 20 m, station-complex convex hulls built from official station entrances plus linked official station centroids buffered 45 m, and 75 m buffers for the unlinked official Coliseum/Airport Connector and eBART Transfer station centroids; intersected with 2020 California TIGER block groups using EPSG:5070 area shares."
CA0012100,06,060750208013,0.00082886063092,official_gtfs_plus_official_kmz_geometry,"BART official GTFS permalink plus official stations-tracks-entrances KMZ from the BART developer/geospatial pages; footprint uses a 20 m track buffer and 45 m station-complex buffer in EPSG:5070, with 75 m buffers for the unlinked Coliseum/Airport Connector and eBART Transfer KMZ station centroids.","Union of the official BART track centerline buffered 20 m, station-complex convex hulls built from official station entrances plus linked official station centroids buffered 45 m, and 75 m buffers for the unlinked official Coliseum/Airport Connector and eBART Transfer station centroids; intersected with 2020 California TIGER block groups using EPSG:5070 area shares."
CA0012100,06,060750208021,0.000826371074626,official_gtfs_plus_official_kmz_geometry,"BART official GTFS permalink plus official stations-tracks-entrances KMZ from the BART developer/geospatial pages; footprint uses a 20 m track buffer and 45 m station-complex buffer in EPSG:5070, with 75 m buffers for the unlinked Coliseum/Airport Connector and eBART Transfer KMZ station centroids.","Union of the official BART track centerline buffered 20 m, station-complex convex hulls built from official station entrances plus linked official station centroids buffered 45 m, and 75 m buffers for the unlinked official Coliseum/Airport Connector and eBART Transfer station centroids; intersected with 2020 California TIGER block groups using EPSG:5070 area shares."
CA0012100,06,060750208022,0.000830221819333,official_gtfs_plus_official_kmz_geometry,"BART official GTFS permalink plus official stations-tracks-entrances KMZ from the BART developer/geospatial pages; footprint uses a 20 m track buffer and 45 m station-complex buffer in EPSG:5070, with 75 m buffers for the unlinked Coliseum/Airport Connector and eBART Transfer KMZ station centroids.","Union of the official BART track centerline buffered 20 m, station-complex convex hulls built from official station entrances plus linked official station centroids buffered 45 m, and 75 m buffers for the unlinked official Coliseum/Airport Connector and eBART Transfer station centroids; intersected with 2020 California TIGER block groups using EPSG:5070 area shares."
CA0012100,06,060750209001,0.001724165189641,official_gtfs_plus_official_kmz_geometry,"BART official GTFS permalink plus official stations-tracks-entrances KMZ from the BART developer/geospatial pages; footprint uses a 20 m track buffer and 45 m station-complex buffer in EPSG:5070, with 75 m buffers for the unlinked Coliseum/Airport Connector and eBART Transfer KMZ station centroids.","Union of the official BART track centerline buffered 20 m, station-complex convex hulls built from official station entrances plus linked official station centroids buffered 45 m, and 75 m buffers for the unlinked official Coliseum/Airport Connector and eBART Transfer station centroids; intersected with 2020 California TIGER block groups using EPSG:5070 area shares."
CA0012100,06,060750209002,0.000479055003317,official_gtfs_plus_official_kmz_geometry,"BART official GTFS permalink plus official stations-tracks-entrances KMZ from the BART developer/geospatial pages; footprint uses a 20 m track buffer and 45 m station-complex buffer in EPSG:5070, with 75 m buffers for the unlinked Coliseum/Airport Connector and eBART Transfer KMZ station centroids.","Union of the official BART track centerline buffered 20 m, station-complex convex hulls built from official station entrances plus linked official station centroids buffered 45 m, and 75 m buffers for the unlinked official Coliseum/Airport Connector and eBART Transfer station centroids; intersected with 2020 California TIGER block groups using EPSG:5070 area shares."
CA0012100,06,060750209003,0.000795316962955,official_gtfs_plus_official_kmz_geometry,"BART official GTFS permalink plus official stations-tracks-entrances KMZ from the BART developer/geospatial pages; footprint uses a 20 m track buffer and 45 m station-complex buffer in EPSG:5070, with 75 m buffers for the unlinked Coliseum/Airport Connector and eBART Transfer KMZ station centroids.","Union of the official BART track centerline buffered 20 m, station-complex convex hulls built from official station entrances plus linked official station centroids buffered 45 m, and 75 m buffers for the unlinked official Coliseum/Airport Connector and eBART Transfer station centroids; intersected with 2020 California TIGER block groups using EPSG:5070 area shares."
CA0012100,06,060750209004,0.001967078429313,official_gtfs_plus_official_kmz_geometry,"BART official GTFS permalink plus official stations-tracks-entrances KMZ from the BART developer/geospatial pages; footprint uses a 20 m track buffer and 45 m station-complex buffer in EPSG:5070, with 75 m buffers for the unlinked Coliseum/Airport Connector and eBART Transfer KMZ station centroids.","Union of the official BART track centerline buffered 20 m, station-complex convex hulls built from official station entrances plus linked official station centroids buffered 45 m, and 75 m buffers for the unlinked official Coliseum/Airport Connector and eBART Transfer station centroids; intersected with 2020 California TIGER block groups using EPSG:5070 area shares."
CA0012100,06,060750218002,0.00176379854351,official_gtfs_plus_official_kmz_geometry,"BART official GTFS permalink plus official stations-tracks-entrances KMZ from the BART developer/geospatial pages; footprint uses a 20 m track buffer and 45 m station-complex buffer in EPSG:5070, with 75 m buffers for the unlinked Coliseum/Airport Connector and eBART Transfer KMZ station centroids.","Union of the official BART track centerline buffered 20 m, station-complex convex hulls built from official station entrances plus linked official station centroids buffered 45 m, and 75 m buffers for the unlinked official Coliseum/Airport Connector and eBART Transfer station centroids; intersected with 2020 California TIGER block groups using EPSG:5070 area shares."
CA0012100,06,060750218003,0.001333584351006,official_gtfs_plus_official_kmz_geometry,"BART official GTFS permalink plus official stations-tracks-entrances KMZ from the BART developer/geospatial pages; footprint uses a 20 m track buffer and 45 m station-complex buffer in EPSG:5070, with 75 m buffers for the unlinked Coliseum/Airport Connector and eBART Transfer KMZ station centroids.","Union of the official BART track centerline buffered 20 m, station-complex convex hulls built from official station entrances plus linked official station centroids buffered 45 m, and 75 m buffers for the unlinked official Coliseum/Airport Connector and eBART Transfer station centroids; intersected with 2020 California TIGER block groups using EPSG:5070 area shares."
CA0012100,06,060750218004,0.00179885232956,official_gtfs_plus_official_kmz_geometry,"BART official GTFS permalink plus official stations-tracks-entrances KMZ from the BART developer/geospatial pages; footprint uses a 20 m track buffer and 45 m station-complex buffer in EPSG:5070, with 75 m buffers for the unlinked Coliseum/Airport Connector and eBART Transfer KMZ station centroids.","Union of the official BART track centerline buffered 20 m, station-complex convex hulls built from official station entrances plus linked official station centroids buffered 45 m, and 75 m buffers for the unlinked official Coliseum/Airport Connector and eBART Transfer station centroids; intersected with 2020 California TIGER block groups using EPSG:5070 area shares."
CA0012100,06,060750252001,0.000308293237157,official_gtfs_plus_official_kmz_geometry,"BART official GTFS permalink plus official stations-tracks-entrances KMZ from the BART developer/geospatial pages; footprint uses a 20 m track buffer and 45 m station-complex buffer in EPSG:5070, with 75 m buffers for the unlinked Coliseum/Airport Connector and eBART Transfer KMZ station centroids.","Union of the official BART track centerline buffered 20 m, station-complex convex hulls built from official station entrances plus linked official station centroids buffered 45 m, and 75 m buffers for the unlinked official Coliseum/Airport Connector and eBART Transfer station centroids; intersected with 2020 California TIGER block groups using EPSG:5070 area shares."
CA0012100,06,060750253003,0.00197475623378,official_gtfs_plus_official_kmz_geometry,"BART official GTFS permalink plus official stations-tracks-entrances KMZ from the BART developer/geospatial pages; footprint uses a 20 m track buffer and 45 m station-complex buffer in EPSG:5070, with 75 m buffers for the unlinked Coliseum/Airport Connector and eBART Transfer KMZ station centroids.","Union of the official BART track centerline buffered 20 m, station-complex convex hulls built from official station entrances plus linked official station centroids buffered 45 m, and 75 m buffers for the unlinked official Coliseum/Airport Connector and eBART Transfer station centroids; intersected with 2020 California TIGER block groups using EPSG:5070 area shares."
CA0012100,06,060750253004,0.00233624492039,official_gtfs_plus_official_kmz_geometry,"BART official GTFS permalink plus official stations-tracks-entrances KMZ from the BART developer/geospatial pages; footprint uses a 20 m track buffer and 45 m station-complex buffer in EPSG:5070, with 75 m buffers for the unlinked Coliseum/Airport Connector and eBART Transfer KMZ station centroids.","Union of the official BART track centerline buffered 20 m, station-complex convex hulls built from official station entrances plus linked official station centroids buffered 45 m, and 75 m buffers for the unlinked official Coliseum/Airport Connector and eBART Transfer station centroids; intersected with 2020 California TIGER block groups using EPSG:5070 area shares."
CA0012100,06,060750254011,0.000546335045522,official_gtfs_plus_official_kmz_geometry,"BART official GTFS permalink plus official stations-tracks-entrances KMZ from the BART developer/geospatial pages; footprint uses a 20 m track buffer and 45 m station-complex buffer in EPSG:5070, with 75 m buffers for the unlinked Coliseum/Airport Connector and eBART Transfer KMZ station centroids.","Union of the official BART track centerline buffered 20 m, station-complex convex hulls built from official station entrances plus linked official station centroids buffered 45 m, and 75 m buffers for the unlinked official Coliseum/Airport Connector and eBART Transfer station centroids; intersected with 2020 California TIGER block groups using EPSG:5070 area shares."
CA0012100,06,060750255012,0.004318095380639,official_gtfs_plus_official_kmz_geometry,"BART official GTFS permalink plus official stations-tracks-entrances KMZ from the BART developer/geospatial pages; footprint uses a 20 m track buffer and 45 m station-complex buffer in EPSG:5070, with 75 m buffers for the unlinked Coliseum/Airport Connector and eBART Transfer KMZ station centroids.","Union of the official BART track centerline buffered 20 m, station-complex convex hulls built from official station entrances plus linked official station centroids buffered 45 m, and 75 m buffers for the unlinked official Coliseum/Airport Connector and eBART Transfer station centroids; intersected with 2020 California TIGER block groups using EPSG:5070 area shares."
CA0012100,06,060750255021,4.7014600379e-05,official_gtfs_plus_official_kmz_geometry,"BART official GTFS permalink plus official stations-tracks-entrances KMZ from the BART developer/geospatial pages; footprint uses a 20 m track buffer and 45 m station-complex buffer in EPSG:5070, with 75 m buffers for the unlinked Coliseum/Airport Connector and eBART Transfer KMZ station centroids.","Union of the official BART track centerline buffered 20 m, station-complex convex hulls built from official station entrances plus linked official station centroids buffered 45 m, and 75 m buffers for the unlinked official Coliseum/Airport Connector and eBART Transfer station centroids; intersected with 2020 California TIGER block groups using EPSG:5070 area shares."
CA0012100,06,060750255022,0.002042004564327,official_gtfs_plus_official_kmz_geometry,"BART official GTFS permalink plus official stations-tracks-entrances KMZ from the BART developer/geospatial pages; footprint uses a 20 m track buffer and 45 m station-complex buffer in EPSG:5070, with 75 m buffers for the unlinked Coliseum/Airport Connector and eBART Transfer KMZ station centroids.","Union of the official BART track centerline buffered 20 m, station-complex convex hulls built from official station entrances plus linked official station centroids buffered 45 m, and 75 m buffers for the unlinked official Coliseum/Airport Connector and eBART Transfer station centroids; intersected with 2020 California TIGER block groups using EPSG:5070 area shares."
CA0012100,06,060750261003,0.000863126443093,official_gtfs_plus_official_kmz_geometry,"BART official GTFS permalink plus official stations-tracks-entrances KMZ from the BART developer/geospatial pages; footprint uses a 20 m track buffer and 45 m station-complex buffer in EPSG:5070, with 75 m buffers for the unlinked Coliseum/Airport Connector and eBART Transfer KMZ station centroids.","Union of the official BART track centerline buffered 20 m, station-complex convex hulls built from official station entrances plus linked official station centroids buffered 45 m, and 75 m buffers for the unlinked official Coliseum/Airport Connector and eBART Transfer station centroids; intersected with 2020 California TIGER block groups using EPSG:5070 area shares."
CA0012100,06,060750261004,0.003618805275011,official_gtfs_plus_official_kmz_geometry,"BART official GTFS permalink plus official stations-tracks-entrances KMZ from the BART developer/geospatial pages; footprint uses a 20 m track buffer and 45 m station-complex buffer in EPSG:5070, with 75 m buffers for the unlinked Coliseum/Airport Connector and eBART Transfer KMZ station centroids.","Union of the official BART track centerline buffered 20 m, station-complex convex hulls built from official station entrances plus linked official station centroids buffered 45 m, and 75 m buffers for the unlinked official Coliseum/Airport Connector and eBART Transfer station centroids; intersected with 2020 California TIGER block groups using EPSG:5070 area shares."
CA0012100,06,060750262011,0.001422982557034,official_gtfs_plus_official_kmz_geometry,"BART official GTFS permalink plus official stations-tracks-entrances KMZ from the BART developer/geospatial pages; footprint uses a 20 m track buffer and 45 m station-complex buffer in EPSG:5070, with 75 m buffers for the unlinked Coliseum/Airport Connector and eBART Transfer KMZ station centroids.","Union of the official BART track centerline buffered 20 m, station-complex convex hulls built from official station entrances plus linked official station centroids buffered 45 m, and 75 m buffers for the unlinked official Coliseum/Airport Connector and eBART Transfer station centroids; intersected with 2020 California TIGER block groups using EPSG:5070 area shares."
CA0012100,06,060750262012,0.002224357243199,official_gtfs_plus_official_kmz_geometry,"BART official GTFS permalink plus official stations-tracks-entrances KMZ from the BART developer/geospatial pages; footprint uses a 20 m track buffer and 45 m station-complex buffer in EPSG:5070, with 75 m buffers for the unlinked Coliseum/Airport Connector and eBART Transfer KMZ station centroids.","Union of the official BART track centerline buffered 20 m, station-complex convex hulls built from official station entrances plus linked official station centroids buffered 45 m, and 75 m buffers for the unlinked official Coliseum/Airport Connector and eBART Transfer station centroids; intersected with 2020 California TIGER block groups using EPSG:5070 area shares."
CA0012100,06,060750262013,0.003108117010763,official_gtfs_plus_official_kmz_geometry,"BART official GTFS permalink plus official stations-tracks-entrances KMZ from the BART developer/geospatial pages; footprint uses a 20 m track buffer and 45 m station-complex buffer in EPSG:5070, with 75 m buffers for the unlinked Coliseum/Airport Connector and eBART Transfer KMZ station centroids.","Union of the official BART track centerline buffered 20 m, station-complex convex hulls built from official station entrances plus linked official station centroids buffered 45 m, and 75 m buffers for the unlinked official Coliseum/Airport Connector and eBART Transfer station centroids; intersected with 2020 California TIGER block groups using EPSG:5070 area shares."
CA0012100,06,060750262021,0.002996833389897,official_gtfs_plus_official_kmz_geometry,"BART official GTFS permalink plus official stations-tracks-entrances KMZ from the BART developer/geospatial pages; footprint uses a 20 m track buffer and 45 m station-complex buffer in EPSG:5070, with 75 m buffers for the unlinked Coliseum/Airport Connector and eBART Transfer KMZ station centroids.","Union of the official BART track centerline buffered 20 m, station-complex convex hulls built from official station entrances plus linked official station centroids buffered 45 m, and 75 m buffers for the unlinked official Coliseum/Airport Connector and eBART Transfer station centroids; intersected with 2020 California TIGER block groups using EPSG:5070 area shares."
CA0012100,06,060750311001,0.001919382402303,official_gtfs_plus_official_kmz_geometry,"BART official GTFS permalink plus official stations-tracks-entrances KMZ from the BART developer/geospatial pages; footprint uses a 20 m track buffer and 45 m station-complex buffer in EPSG:5070, with 75 m buffers for the unlinked Coliseum/Airport Connector and eBART Transfer KMZ station centroids.","Union of the official BART track centerline buffered 20 m, station-complex convex hulls built from official station entrances plus linked official station centroids buffered 45 m, and 75 m buffers for the unlinked official Coliseum/Airport Connector and eBART Transfer station centroids; intersected with 2020 California TIGER block groups using EPSG:5070 area shares."
CA0012100,06,060750615011,0.002196840672778,official_gtfs_plus_official_kmz_geometry,"BART official GTFS permalink plus official stations-tracks-entrances KMZ from the BART developer/geospatial pages; footprint uses a 20 m track buffer and 45 m station-complex buffer in EPSG:5070, with 75 m buffers for the unlinked Coliseum/Airport Connector and eBART Transfer KMZ station centroids.","Union of the official BART track centerline buffered 20 m, station-complex convex hulls built from official station entrances plus linked official station centroids buffered 45 m, and 75 m buffers for the unlinked official Coliseum/Airport Connector and eBART Transfer station centroids; intersected with 2020 California TIGER block groups using EPSG:5070 area shares."
CA0012100,06,060750615012,0.00133632601996,official_gtfs_plus_official_kmz_geometry,"BART official GTFS permalink plus official stations-tracks-entrances KMZ from the BART developer/geospatial pages; footprint uses a 20 m track buffer and 45 m station-complex buffer in EPSG:5070, with 75 m buffers for the unlinked Coliseum/Airport Connector and eBART Transfer KMZ station centroids.","Union of the official BART track centerline buffered 20 m, station-complex convex hulls built from official station entrances plus linked official station centroids buffered 45 m, and 75 m buffers for the unlinked official Coliseum/Airport Connector and eBART Transfer station centroids; intersected with 2020 California TIGER block groups using EPSG:5070 area shares."
CA0012100,06,060750615013,0.00122601383549,official_gtfs_plus_official_kmz_geometry,"BART official GTFS permalink plus official stations-tracks-entrances KMZ from the BART developer/geospatial pages; footprint uses a 20 m track buffer and 45 m station-complex buffer in EPSG:5070, with 75 m buffers for the unlinked Coliseum/Airport Connector and eBART Transfer KMZ station centroids.","Union of the official BART track centerline buffered 20 m, station-complex convex hulls built from official station entrances plus linked official station centroids buffered 45 m, and 75 m buffers for the unlinked official Coliseum/Airport Connector and eBART Transfer station centroids; intersected with 2020 California TIGER block groups using EPSG:5070 area shares."
CA0012100,06,060750615071,0.001776490185573,official_gtfs_plus_official_kmz_geometry,"BART official GTFS permalink plus official stations-tracks-entrances KMZ from the BART developer/geospatial pages; footprint uses a 20 m track buffer and 45 m station-complex buffer in EPSG:5070, with 75 m buffers for the unlinked Coliseum/Airport Connector and eBART Transfer KMZ station centroids.","Union of the official BART track centerline buffered 20 m, station-complex convex hulls built from official station entrances plus linked official station centroids buffered 45 m, and 75 m buffers for the unlinked official Coliseum/Airport Connector and eBART Transfer station centroids; intersected with 2020 California TIGER block groups using EPSG:5070 area shares."
CA0012100,06,060759902000,0.016439063238861,official_gtfs_plus_official_kmz_geometry,"BART official GTFS permalink plus official stations-tracks-entrances KMZ from the BART developer/geospatial pages; footprint uses a 20 m track buffer and 45 m station-complex buffer in EPSG:5070, with 75 m buffers for the unlinked Coliseum/Airport Connector and eBART Transfer KMZ station centroids.","Union of the official BART track centerline buffered 20 m, station-complex convex hulls built from official station entrances plus linked official station centroids buffered 45 m, and 75 m buffers for the unlinked official Coliseum/Airport Connector and eBART Transfer station centroids; intersected with 2020 California TIGER block groups using EPSG:5070 area shares."
CA0012100,06,060816006001,0.00429619852083,official_gtfs_plus_official_kmz_geometry,"BART official GTFS permalink plus official stations-tracks-entrances KMZ from the BART developer/geospatial pages; footprint uses a 20 m track buffer and 45 m station-complex buffer in EPSG:5070, with 75 m buffers for the unlinked Coliseum/Airport Connector and eBART Transfer KMZ station centroids.","Union of the official BART track centerline buffered 20 m, station-complex convex hulls built from official station entrances plus linked official station centroids buffered 45 m, and 75 m buffers for the unlinked official Coliseum/Airport Connector and eBART Transfer station centroids; intersected with 2020 California TIGER block groups using EPSG:5070 area shares."
CA0012100,06,060816007013,0.002955443982704,official_gtfs_plus_official_kmz_geometry,"BART official GTFS permalink plus official stations-tracks-entrances KMZ from the BART developer/geospatial pages; footprint uses a 20 m track buffer and 45 m station-complex buffer in EPSG:5070, with 75 m buffers for the unlinked Coliseum/Airport Connector and eBART Transfer KMZ station centroids.","Union of the official BART track centerline buffered 20 m, station-complex convex hulls built from official station entrances plus linked official station centroids buffered 45 m, and 75 m buffers for the unlinked official Coliseum/Airport Connector and eBART Transfer station centroids; intersected with 2020 California TIGER block groups using EPSG:5070 area shares."
CA0012100,06,060816007022,0.001945033533513,official_gtfs_plus_official_kmz_geometry,"BART official GTFS permalink plus official stations-tracks-entrances KMZ from the BART developer/geospatial pages; footprint uses a 20 m track buffer and 45 m station-complex buffer in EPSG:5070, with 75 m buffers for the unlinked Coliseum/Airport Connector and eBART Transfer KMZ station centroids.","Union of the official BART track centerline buffered 20 m, station-complex convex hulls built from official station entrances plus linked official station centroids buffered 45 m, and 75 m buffers for the unlinked official Coliseum/Airport Connector and eBART Transfer station centroids; intersected with 2020 California TIGER block groups using EPSG:5070 area shares."
CA0012100,06,060816013012,0.003168817448638,official_gtfs_plus_official_kmz_geometry,"BART official GTFS permalink plus official stations-tracks-entrances KMZ from the BART developer/geospatial pages; footprint uses a 20 m track buffer and 45 m station-complex buffer in EPSG:5070, with 75 m buffers for the unlinked Coliseum/Airport Connector and eBART Transfer KMZ station centroids.","Union of the official BART track centerline buffered 20 m, station-complex convex hulls built from official station entrances plus linked official station centroids buffered 45 m, and 75 m buffers for the unlinked official Coliseum/Airport Connector and eBART Transfer station centroids; intersected with 2020 California TIGER block groups using EPSG:5070 area shares."
CA0012100,06,060816013021,0.003316475390282,official_gtfs_plus_official_kmz_geometry,"BART official GTFS permalink plus official stations-tracks-entrances KMZ from the BART developer/geospatial pages; footprint uses a 20 m track buffer and 45 m station-complex buffer in EPSG:5070, with 75 m buffers for the unlinked Coliseum/Airport Connector and eBART Transfer KMZ station centroids.","Union of the official BART track centerline buffered 20 m, station-complex convex hulls built from official station entrances plus linked official station centroids buffered 45 m, and 75 m buffers for the unlinked official Coliseum/Airport Connector and eBART Transfer station centroids; intersected with 2020 California TIGER block groups using EPSG:5070 area shares."
CA0012100,06,060816016011,0.009921968692628,official_gtfs_plus_official_kmz_geometry,"BART official GTFS permalink plus official stations-tracks-entrances KMZ from the BART developer/geospatial pages; footprint uses a 20 m track buffer and 45 m station-complex buffer in EPSG:5070, with 75 m buffers for the unlinked Coliseum/Airport Connector and eBART Transfer KMZ station centroids.","Union of the official BART track centerline buffered 20 m, station-complex convex hulls built from official station entrances plus linked official station centroids buffered 45 m, and 75 m buffers for the unlinked official Coliseum/Airport Connector and eBART Transfer station centroids; intersected with 2020 California TIGER block groups using EPSG:5070 area shares."
CA0012100,06,060816019021,0.010110772219689,official_gtfs_plus_official_kmz_geometry,"BART official GTFS permalink plus official stations-tracks-entrances KMZ from the BART developer/geospatial pages; footprint uses a 20 m track buffer and 45 m station-complex buffer in EPSG:5070, with 75 m buffers for the unlinked Coliseum/Airport Connector and eBART Transfer KMZ station centroids.","Union of the official BART track centerline buffered 20 m, station-complex convex hulls built from official station entrances plus linked official station centroids buffered 45 m, and 75 m buffers for the unlinked official Coliseum/Airport Connector and eBART Transfer station centroids; intersected with 2020 California TIGER block groups using EPSG:5070 area shares."
CA0012100,06,060816019023,0.001386804553251,official_gtfs_plus_official_kmz_geometry,"BART official GTFS permalink plus official stations-tracks-entrances KMZ from the BART developer/geospatial pages; footprint uses a 20 m track buffer and 45 m station-complex buffer in EPSG:5070, with 75 m buffers for the unlinked Coliseum/Airport Connector and eBART Transfer KMZ station centroids.","Union of the official BART track centerline buffered 20 m, station-complex convex hulls built from official station entrances plus linked official station centroids buffered 45 m, and 75 m buffers for the unlinked official Coliseum/Airport Connector and eBART Transfer station centroids; intersected with 2020 California TIGER block groups using EPSG:5070 area shares."
CA0012100,06,060816019024,2.61887757e-06,official_gtfs_plus_official_kmz_geometry,"BART official GTFS permalink plus official stations-tracks-entrances KMZ from the BART developer/geospatial pages; footprint uses a 20 m track buffer and 45 m station-complex buffer in EPSG:5070, with 75 m buffers for the unlinked Coliseum/Airport Connector and eBART Transfer KMZ station centroids.","Union of the official BART track centerline buffered 20 m, station-complex convex hulls built from official station entrances plus linked official station centroids buffered 45 m, and 75 m buffers for the unlinked official Coliseum/Airport Connector and eBART Transfer station centroids; intersected with 2020 California TIGER block groups using EPSG:5070 area shares."
CA0012100,06,060816023001,0.003993073184604,official_gtfs_plus_official_kmz_geometry,"BART official GTFS permalink plus official stations-tracks-entrances KMZ from the BART developer/geospatial pages; footprint uses a 20 m track buffer and 45 m station-complex buffer in EPSG:5070, with 75 m buffers for the unlinked Coliseum/Airport Connector and eBART Transfer KMZ station centroids.","Union of the official BART track centerline buffered 20 m, station-complex convex hulls built from official station entrances plus linked official station centroids buffered 45 m, and 75 m buffers for the unlinked official Coliseum/Airport Connector and eBART Transfer station centroids; intersected with 2020 California TIGER block groups using EPSG:5070 area shares."
CA0012100,06,060816023002,0.004162358640591,official_gtfs_plus_official_kmz_geometry,"BART official GTFS permalink plus official stations-tracks-entrances KMZ from the BART developer/geospatial pages; footprint uses a 20 m track buffer and 45 m station-complex buffer in EPSG:5070, with 75 m buffers for the unlinked Coliseum/Airport Connector and eBART Transfer KMZ station centroids.","Union of the official BART track centerline buffered 20 m, station-complex convex hulls built from official station entrances plus linked official station centroids buffered 45 m, and 75 m buffers for the unlinked official Coliseum/Airport Connector and eBART Transfer station centroids; intersected with 2020 California TIGER block groups using EPSG:5070 area shares."
CA0012100,06,060816041023,0.004456924332124,official_gtfs_plus_official_kmz_geometry,"BART official GTFS permalink plus official stations-tracks-entrances KMZ from the BART developer/geospatial pages; footprint uses a 20 m track buffer and 45 m station-complex buffer in EPSG:5070, with 75 m buffers for the unlinked Coliseum/Airport Connector and eBART Transfer KMZ station centroids.","Union of the official BART track centerline buffered 20 m, station-complex convex hulls built from official station entrances plus linked official station centroids buffered 45 m, and 75 m buffers for the unlinked official Coliseum/Airport Connector and eBART Transfer station centroids; intersected with 2020 California TIGER block groups using EPSG:5070 area shares."
CA0012100,06,060816041031,0.002112438035245,official_gtfs_plus_official_kmz_geometry,"BART official GTFS permalink plus official stations-tracks-entrances KMZ from the BART developer/geospatial pages; footprint uses a 20 m track buffer and 45 m station-complex buffer in EPSG:5070, with 75 m buffers for the unlinked Coliseum/Airport Connector and eBART Transfer KMZ station centroids.","Union of the official BART track centerline buffered 20 m, station-complex convex hulls built from official station entrances plus linked official station centroids buffered 45 m, and 75 m buffers for the unlinked official Coliseum/Airport Connector and eBART Transfer station centroids; intersected with 2020 California TIGER block groups using EPSG:5070 area shares."
CA0012100,06,060816041041,0.001826175987478,official_gtfs_plus_official_kmz_geometry,"BART official GTFS permalink plus official stations-tracks-entrances KMZ from the BART developer/geospatial pages; footprint uses a 20 m track buffer and 45 m station-complex buffer in EPSG:5070, with 75 m buffers for the unlinked Coliseum/Airport Connector and eBART Transfer KMZ station centroids.","Union of the official BART track centerline buffered 20 m, station-complex convex hulls built from official station entrances plus linked official station centroids buffered 45 m, and 75 m buffers for the unlinked official Coliseum/Airport Connector and eBART Transfer station centroids; intersected with 2020 California TIGER block groups using EPSG:5070 area shares."
CA0012100,06,060816041042,0.001806870865613,official_gtfs_plus_official_kmz_geometry,"BART official GTFS permalink plus official stations-tracks-entrances KMZ from the BART developer/geospatial pages; footprint uses a 20 m track buffer and 45 m station-complex buffer in EPSG:5070, with 75 m buffers for the unlinked Coliseum/Airport Connector and eBART Transfer KMZ station centroids.","Union of the official BART track centerline buffered 20 m, station-complex convex hulls built from official station entrances plus linked official station centroids buffered 45 m, and 75 m buffers for the unlinked official Coliseum/Airport Connector and eBART Transfer station centroids; intersected with 2020 California TIGER block groups using EPSG:5070 area shares."
CA0012100,06,060816042001,0.000197216040945,official_gtfs_plus_official_kmz_geometry,"BART official GTFS permalink plus official stations-tracks-entrances KMZ from the BART developer/geospatial pages; footprint uses a 20 m track buffer and 45 m station-complex buffer in EPSG:5070, with 75 m buffers for the unlinked Coliseum/Airport Connector and eBART Transfer KMZ station centroids.","Union of the official BART track centerline buffered 20 m, station-complex convex hulls built from official station entrances plus linked official station centroids buffered 45 m, and 75 m buffers for the unlinked official Coliseum/Airport Connector and eBART Transfer station centroids; intersected with 2020 California TIGER block groups using EPSG:5070 area shares."
CA0012100,06,060816042002,0.000471603158618,official_gtfs_plus_official_kmz_geometry,"BART official GTFS permalink plus official stations-tracks-entrances KMZ from the BART developer/geospatial pages; footprint uses a 20 m track buffer and 45 m station-complex buffer in EPSG:5070, with 75 m buffers for the unlinked Coliseum/Airport Connector and eBART Transfer KMZ station centroids.","Union of the official BART track centerline buffered 20 m, station-complex convex hulls built from official station entrances plus linked official station centroids buffered 45 m, and 75 m buffers for the unlinked official Coliseum/Airport Connector and eBART Transfer station centroids; intersected with 2020 California TIGER block groups using EPSG:5070 area shares."
CA0012100,06,060816042003,0.0103887540807,official_gtfs_plus_official_kmz_geometry,"BART official GTFS permalink plus official stations-tracks-entrances KMZ from the BART developer/geospatial pages; footprint uses a 20 m track buffer and 45 m station-complex buffer in EPSG:5070, with 75 m buffers for the unlinked Coliseum/Airport Connector and eBART Transfer KMZ station centroids.","Union of the official BART track centerline buffered 20 m, station-complex convex hulls built from official station entrances plus linked official station centroids buffered 45 m, and 75 m buffers for the unlinked official Coliseum/Airport Connector and eBART Transfer station centroids; intersected with 2020 California TIGER block groups using EPSG:5070 area shares."
CA0012100,06,060816044001,0.000746861408423,official_gtfs_plus_official_kmz_geometry,"BART official GTFS permalink plus official stations-tracks-entrances KMZ from the BART developer/geospatial pages; footprint uses a 20 m track buffer and 45 m station-complex buffer in EPSG:5070, with 75 m buffers for the unlinked Coliseum/Airport Connector and eBART Transfer KMZ station centroids.","Union of the official BART track centerline buffered 20 m, station-complex convex hulls built from official station entrances plus linked official station centroids buffered 45 m, and 75 m buffers for the unlinked official Coliseum/Airport Connector and eBART Transfer station centroids; intersected with 2020 California TIGER block groups using EPSG:5070 area shares."
CA0012100,06,060816044002,0.005439852617547,official_gtfs_plus_official_kmz_geometry,"BART official GTFS permalink plus official stations-tracks-entrances KMZ from the BART developer/geospatial pages; footprint uses a 20 m track buffer and 45 m station-complex buffer in EPSG:5070, with 75 m buffers for the unlinked Coliseum/Airport Connector and eBART Transfer KMZ station centroids.","Union of the official BART track centerline buffered 20 m, station-complex convex hulls built from official station entrances plus linked official station centroids buffered 45 m, and 75 m buffers for the unlinked official Coliseum/Airport Connector and eBART Transfer station centroids; intersected with 2020 California TIGER block groups using EPSG:5070 area shares."
CA0012100,06,060816044003,0.002809341731072,official_gtfs_plus_official_kmz_geometry,"BART official GTFS permalink plus official stations-tracks-entrances KMZ from the BART developer/geospatial pages; footprint uses a 20 m track buffer and 45 m station-complex buffer in EPSG:5070, with 75 m buffers for the unlinked Coliseum/Airport Connector and eBART Transfer KMZ station centroids.","Union of the official BART track centerline buffered 20 m, station-complex convex hulls built from official station entrances plus linked official station centroids buffered 45 m, and 75 m buffers for the unlinked official Coliseum/Airport Connector and eBART Transfer station centroids; intersected with 2020 California TIGER block groups using EPSG:5070 area shares."
CA0012100,06,060819843001,0.003220428635393,official_gtfs_plus_official_kmz_geometry,"BART official GTFS permalink plus official stations-tracks-entrances KMZ from the BART developer/geospatial pages; footprint uses a 20 m track buffer and 45 m station-complex buffer in EPSG:5070, with 75 m buffers for the unlinked Coliseum/Airport Connector and eBART Transfer KMZ station centroids.","Union of the official BART track centerline buffered 20 m, station-complex convex hulls built from official station entrances plus linked official station centroids buffered 45 m, and 75 m buffers for the unlinked official Coliseum/Airport Connector and eBART Transfer station centroids; intersected with 2020 California TIGER block groups using EPSG:5070 area shares."
CA0012100,06,060855043111,8.7394059933e-05,official_gtfs_plus_official_kmz_geometry,"BART official GTFS permalink plus official stations-tracks-entrances KMZ from the BART developer/geospatial pages; footprint uses a 20 m track buffer and 45 m station-complex buffer in EPSG:5070, with 75 m buffers for the unlinked Coliseum/Airport Connector and eBART Transfer KMZ station centroids.","Union of the official BART track centerline buffered 20 m, station-complex convex hulls built from official station entrances plus linked official station centroids buffered 45 m, and 75 m buffers for the unlinked official Coliseum/Airport Connector and eBART Transfer station centroids; intersected with 2020 California TIGER block groups using EPSG:5070 area shares."
CA0012100,06,060855043113,0.001866260278879,official_gtfs_plus_official_kmz_geometry,"BART official GTFS permalink plus official stations-tracks-entrances KMZ from the BART developer/geospatial pages; footprint uses a 20 m track buffer and 45 m station-complex buffer in EPSG:5070, with 75 m buffers for the unlinked Coliseum/Airport Connector and eBART Transfer KMZ station centroids.","Union of the official BART track centerline buffered 20 m, station-complex convex hulls built from official station entrances plus linked official station centroids buffered 45 m, and 75 m buffers for the unlinked official Coliseum/Airport Connector and eBART Transfer station centroids; intersected with 2020 California TIGER block groups using EPSG:5070 area shares."
CA0012100,06,060855043114,0.002390979017257,official_gtfs_plus_official_kmz_geometry,"BART official GTFS permalink plus official stations-tracks-entrances KMZ from the BART developer/geospatial pages; footprint uses a 20 m track buffer and 45 m station-complex buffer in EPSG:5070, with 75 m buffers for the unlinked Coliseum/Airport Connector and eBART Transfer KMZ station centroids.","Union of the official BART track centerline buffered 20 m, station-complex convex hulls built from official station entrances plus linked official station centroids buffered 45 m, and 75 m buffers for the unlinked official Coliseum/Airport Connector and eBART Transfer station centroids; intersected with 2020 California TIGER block groups using EPSG:5070 area shares."
CA0012100,06,060855043171,0.004594731161379,official_gtfs_plus_official_kmz_geometry,"BART official GTFS permalink plus official stations-tracks-entrances KMZ from the BART developer/geospatial pages; footprint uses a 20 m track buffer and 45 m station-complex buffer in EPSG:5070, with 75 m buffers for the unlinked Coliseum/Airport Connector and eBART Transfer KMZ station centroids.","Union of the official BART track centerline buffered 20 m, station-complex convex hulls built from official station entrances plus linked official station centroids buffered 45 m, and 75 m buffers for the unlinked official Coliseum/Airport Connector and eBART Transfer station centroids; intersected with 2020 California TIGER block groups using EPSG:5070 area shares."
CA0012100,06,060855043172,5.8941930915e-05,official_gtfs_plus_official_kmz_geometry,"BART official GTFS permalink plus official stations-tracks-entrances KMZ from the BART developer/geospatial pages; footprint uses a 20 m track buffer and 45 m station-complex buffer in EPSG:5070, with 75 m buffers for the unlinked Coliseum/Airport Connector and eBART Transfer KMZ station centroids.","Union of the official BART track centerline buffered 20 m, station-complex convex hulls built from official station entrances plus linked official station centroids buffered 45 m, and 75 m buffers for the unlinked official Coliseum/Airport Connector and eBART Transfer station centroids; intersected with 2020 California TIGER block groups using EPSG:5070 area shares."
CA0012100,06,060855043193,0.003209982679932,official_gtfs_plus_official_kmz_geometry,"BART official GTFS permalink plus official stations-tracks-entrances KMZ from the BART developer/geospatial pages; footprint uses a 20 m track buffer and 45 m station-complex buffer in EPSG:5070, with 75 m buffers for the unlinked Coliseum/Airport Connector and eBART Transfer KMZ station centroids.","Union of the official BART track centerline buffered 20 m, station-complex convex hulls built from official station entrances plus linked official station centroids buffered 45 m, and 75 m buffers for the unlinked official Coliseum/Airport Connector and eBART Transfer station centroids; intersected with 2020 California TIGER block groups using EPSG:5070 area shares."
CA0012100,06,060855043222,0.004926160478812,official_gtfs_plus_official_kmz_geometry,"BART official GTFS permalink plus official stations-tracks-entrances KMZ from the BART developer/geospatial pages; footprint uses a 20 m track buffer and 45 m station-complex buffer in EPSG:5070, with 75 m buffers for the unlinked Coliseum/Airport Connector and eBART Transfer KMZ station centroids.","Union of the official BART track centerline buffered 20 m, station-complex convex hulls built from official station entrances plus linked official station centroids buffered 45 m, and 75 m buffers for the unlinked official Coliseum/Airport Connector and eBART Transfer station centroids; intersected with 2020 California TIGER block groups using EPSG:5070 area shares."
CA0012100,06,060855043232,0.003092204565134,official_gtfs_plus_official_kmz_geometry,"BART official GTFS permalink plus official stations-tracks-entrances KMZ from the BART developer/geospatial pages; footprint uses a 20 m track buffer and 45 m station-complex buffer in EPSG:5070, with 75 m buffers for the unlinked Coliseum/Airport Connector and eBART Transfer KMZ station centroids.","Union of the official BART track centerline buffered 20 m, station-complex convex hulls built from official station entrances plus linked official station centroids buffered 45 m, and 75 m buffers for the unlinked official Coliseum/Airport Connector and eBART Transfer station centroids; intersected with 2020 California TIGER block groups using EPSG:5070 area shares."
CA0012100,06,060855043233,0.001480471261945,official_gtfs_plus_official_kmz_geometry,"BART official GTFS permalink plus official stations-tracks-entrances KMZ from the BART developer/geospatial pages; footprint uses a 20 m track buffer and 45 m station-complex buffer in EPSG:5070, with 75 m buffers for the unlinked Coliseum/Airport Connector and eBART Transfer KMZ station centroids.","Union of the official BART track centerline buffered 20 m, station-complex convex hulls built from official station entrances plus linked official station centroids buffered 45 m, and 75 m buffers for the unlinked official Coliseum/Airport Connector and eBART Transfer station centroids; intersected with 2020 California TIGER block groups using EPSG:5070 area shares."
CA0012100,06,060855044131,0.006004480057853,official_gtfs_plus_official_kmz_geometry,"BART official GTFS permalink plus official stations-tracks-entrances KMZ from the BART developer/geospatial pages; footprint uses a 20 m track buffer and 45 m station-complex buffer in EPSG:5070, with 75 m buffers for the unlinked Coliseum/Airport Connector and eBART Transfer KMZ station centroids.","Union of the official BART track centerline buffered 20 m, station-complex convex hulls built from official station entrances plus linked official station centroids buffered 45 m, and 75 m buffers for the unlinked official Coliseum/Airport Connector and eBART Transfer station centroids; intersected with 2020 California TIGER block groups using EPSG:5070 area shares."
CA0012100,06,060855045054,0.001182876800595,official_gtfs_plus_official_kmz_geometry,"BART official GTFS permalink plus official stations-tracks-entrances KMZ from the BART developer/geospatial pages; footprint uses a 20 m track buffer and 45 m station-complex buffer in EPSG:5070, with 75 m buffers for the unlinked Coliseum/Airport Connector and eBART Transfer KMZ station centroids.","Union of the official BART track centerline buffered 20 m, station-complex convex hulls built from official station entrances plus linked official station centroids buffered 45 m, and 75 m buffers for the unlinked official Coliseum/Airport Connector and eBART Transfer station centroids; intersected with 2020 California TIGER block groups using EPSG:5070 area shares."
CA0012100,06,060855045062,0.000184177359304,official_gtfs_plus_official_kmz_geometry,"BART official GTFS permalink plus official stations-tracks-entrances KMZ from the BART developer/geospatial pages; footprint uses a 20 m track buffer and 45 m station-complex buffer in EPSG:5070, with 75 m buffers for the unlinked Coliseum/Airport Connector and eBART Transfer KMZ station centroids.","Union of the official BART track centerline buffered 20 m, station-complex convex hulls built from official station entrances plus linked official station centroids buffered 45 m, and 75 m buffers for the unlinked official Coliseum/Airport Connector and eBART Transfer station centroids; intersected with 2020 California TIGER block groups using EPSG:5070 area shares."
CA0012100,06,060855045063,0.006530404846391,official_gtfs_plus_official_kmz_geometry,"BART official GTFS permalink plus official stations-tracks-entrances KMZ from the BART developer/geospatial pages; footprint uses a 20 m track buffer and 45 m station-complex buffer in EPSG:5070, with 75 m buffers for the unlinked Coliseum/Airport Connector and eBART Transfer KMZ station centroids.","Union of the official BART track centerline buffered 20 m, station-complex convex hulls built from official station entrances plus linked official station centroids buffered 45 m, and 75 m buffers for the unlinked official Coliseum/Airport Connector and eBART Transfer station centroids; intersected with 2020 California TIGER block groups using EPSG:5070 area shares."
CA0012100,06,060855045064,0.000254369767778,official_gtfs_plus_official_kmz_geometry,"BART official GTFS permalink plus official stations-tracks-entrances KMZ from the BART developer/geospatial pages; footprint uses a 20 m track buffer and 45 m station-complex buffer in EPSG:5070, with 75 m buffers for the unlinked Coliseum/Airport Connector and eBART Transfer KMZ station centroids.","Union of the official BART track centerline buffered 20 m, station-complex convex hulls built from official station entrances plus linked official station centroids buffered 45 m, and 75 m buffers for the unlinked official Coliseum/Airport Connector and eBART Transfer station centroids; intersected with 2020 California TIGER block groups using EPSG:5070 area shares."
CA0012100,06,060855045072,0.001829305859035,official_gtfs_plus_official_kmz_geometry,"BART official GTFS permalink plus official stations-tracks-entrances KMZ from the BART developer/geospatial pages; footprint uses a 20 m track buffer and 45 m station-complex buffer in EPSG:5070, with 75 m buffers for the unlinked Coliseum/Airport Connector and eBART Transfer KMZ station centroids.","Union of the official BART track centerline buffered 20 m, station-complex convex hulls built from official station entrances plus linked official station centroids buffered 45 m, and 75 m buffers for the unlinked official Coliseum/Airport Connector and eBART Transfer station centroids; intersected with 2020 California TIGER block groups using EPSG:5070 area shares."
CA0012100,06,060855045091,0.008288443574254,official_gtfs_plus_official_kmz_geometry,"BART official GTFS permalink plus official stations-tracks-entrances KMZ from the BART developer/geospatial pages; footprint uses a 20 m track buffer and 45 m station-complex buffer in EPSG:5070, with 75 m buffers for the unlinked Coliseum/Airport Connector and eBART Transfer KMZ station centroids.","Union of the official BART track centerline buffered 20 m, station-complex convex hulls built from official station entrances plus linked official station centroids buffered 45 m, and 75 m buffers for the unlinked official Coliseum/Airport Connector and eBART Transfer station centroids; intersected with 2020 California TIGER block groups using EPSG:5070 area shares."
CA0012100,06,060855045101,0.003024426617428,official_gtfs_plus_official_kmz_geometry,"BART official GTFS permalink plus official stations-tracks-entrances KMZ from the BART developer/geospatial pages; footprint uses a 20 m track buffer and 45 m station-complex buffer in EPSG:5070, with 75 m buffers for the unlinked Coliseum/Airport Connector and eBART Transfer KMZ station centroids.","Union of the official BART track centerline buffered 20 m, station-complex convex hulls built from official station entrances plus linked official station centroids buffered 45 m, and 75 m buffers for the unlinked official Coliseum/Airport Connector and eBART Transfer station centroids; intersected with 2020 California TIGER block groups using EPSG:5070 area shares."
CA0012100,06,060855045102,0.00308233945079,official_gtfs_plus_official_kmz_geometry,"BART official GTFS permalink plus official stations-tracks-entrances KMZ from the BART developer/geospatial pages; footprint uses a 20 m track buffer and 45 m station-complex buffer in EPSG:5070, with 75 m buffers for the unlinked Coliseum/Airport Connector and eBART Transfer KMZ station centroids.","Union of the official BART track centerline buffered 20 m, station-complex convex hulls built from official station entrances plus linked official station centroids buffered 45 m, and 75 m buffers for the unlinked official Coliseum/Airport Connector and eBART Transfer station centroids; intersected with 2020 California TIGER block groups using EPSG:5070 area shares."
