priority_rank,review_lane,state_abbr,state_fips,ori9,agency_name,agency_type_name,official_is_nibrs,official_effective_nibrs_2024,official_nibrs_start_date,repo_has_srs_2024,repo_has_nibrs_2024,repo_preferred_source_any_offense_2024,repo_reporting_regime_mix_2024,repo_preferred_support_count_2024,official_repo_presence_flag,official_repo_transition_flag,mismatch_reason,state_priority_score_abs
1,source_policy_disagreement,GA,13.0,GA0440200,DeKalb County Police Department,County,True,True,2018-01-01,True,True,srs_return_a_annual,full_monthly,23961.0,aligned,mixed_source_2024,aligned,0.0
2,source_policy_disagreement,GA,13.0,GAAPD0000,Atlanta Police Department,City,True,True,2020-10-01,True,True,srs_return_a_annual,true_partial,18047.0,aligned,mixed_source_2024,aligned,0.0
3,source_policy_disagreement,GA,13.0,GA0670200,Gwinnett County Police Department,County,True,True,2020-01-01,True,True,srs_return_a_annual,full_monthly,12360.0,aligned,mixed_source_2024,aligned,0.0
4,source_policy_disagreement,GA,13.0,GA0330200,Cobb County Police Department,County,True,True,2019-08-01,True,True,srs_return_a_annual,full_monthly,8065.0,aligned,mixed_source_2024,aligned,0.0
5,source_policy_disagreement,GA,13.0,GA0110000,Bibb County Sheriff's Office,County,True,True,2019-02-01,True,True,srs_return_a_annual,full_monthly,8020.0,aligned,mixed_source_2024,aligned,0.0
6,source_policy_disagreement,GA,13.0,GA1210000,Augusta-Richmond County Sheriff's Office,County,True,True,2023-01-01,True,True,srs_return_a_annual,true_partial,7741.0,aligned,mixed_source_2024,aligned,0.0
7,source_policy_disagreement,GA,13.0,GA1060100,Columbus Police Department,City,True,True,2018-01-01,True,True,srs_return_a_annual,full_monthly,5709.0,aligned,mixed_source_2024,aligned,0.0
8,source_policy_disagreement,GA,13.0,GA0290100,Athens-Clarke County Police Department,City,True,True,2018-01-01,True,True,srs_return_a_annual,full_monthly,3481.0,aligned,mixed_source_2024,aligned,0.0
9,source_policy_disagreement,GA,13.0,GA0310100,Clayton County Police Department,County,True,True,2019-06-01,True,True,srs_return_a_annual,true_partial,3271.0,aligned,mixed_source_2024,aligned,0.0
10,source_policy_disagreement,GA,13.0,GA0760200,Warner Robins Police Department,City,True,True,2019-09-01,True,True,srs_return_a_annual,full_monthly,3132.0,aligned,mixed_source_2024,aligned,0.0
11,source_policy_disagreement,GA,13.0,GA0600200,East Point Police Department,City,True,True,2019-10-01,True,True,srs_return_a_annual,full_monthly,3008.0,aligned,mixed_source_2024,aligned,0.0
12,source_policy_disagreement,GA,13.0,GA0750500,Henry County Police Department,County,True,True,2019-06-01,True,True,srs_return_a_annual,full_monthly,2959.0,aligned,mixed_source_2024,aligned,0.0
13,source_policy_disagreement,GA,13.0,GA0607200,South Fulton Police Department,City,True,True,2019-08-01,True,True,srs_return_a_annual,full_monthly,2674.0,aligned,mixed_source_2024,aligned,0.0
14,source_policy_disagreement,GA,13.0,GA0920100,Valdosta Police Department,City,True,True,2019-11-01,True,True,srs_return_a_annual,full_monthly,2544.0,aligned,mixed_source_2024,aligned,0.0
15,source_policy_disagreement,GA,13.0,GA0480100,Douglasville Police Department,City,True,True,2019-07-01,True,True,srs_return_a_annual,full_monthly,2098.0,aligned,mixed_source_2024,aligned,0.0
16,source_policy_disagreement,GA,13.0,GA0447100,Dunwoody  Police Department,City,True,True,2018-01-01,True,True,srs_return_a_annual,full_monthly,1810.0,aligned,mixed_source_2024,aligned,0.0
17,source_policy_disagreement,GA,13.0,GA0630200,Glynn County Police Department,County,True,True,2019-05-01,True,True,srs_return_a_annual,full_monthly,1793.0,aligned,mixed_source_2024,aligned,0.0
18,source_policy_disagreement,GA,13.0,GA0605600,Sandy Springs Police Department,City,True,True,2018-01-01,True,True,srs_return_a_annual,full_monthly,1689.0,aligned,mixed_source_2024,aligned,0.0
19,source_policy_disagreement,GA,13.0,GA1410200,LaGrange Police Department,City,True,True,2018-01-01,True,True,srs_return_a_annual,full_monthly,1678.0,aligned,mixed_source_2024,aligned,0.0
20,source_policy_disagreement,GA,13.0,GA0470100,Albany Police Department,City,True,True,2019-05-01,True,True,srs_return_a_annual,full_monthly,1609.0,aligned,mixed_source_2024,aligned,0.0
21,source_policy_disagreement,GA,13.0,GA1100000,Paulding County Sheriff's Office,County,True,True,2018-01-01,True,True,srs_return_a_annual,full_monthly,1544.0,aligned,mixed_source_2024,aligned,0.0
22,source_policy_disagreement,GA,13.0,GA0570200,Rome Police Department,City,True,True,2020-05-01,True,True,srs_return_a_annual,full_monthly,1521.0,aligned,mixed_source_2024,aligned,0.0
23,source_policy_disagreement,GA,13.0,GA0447200,Brookhaven Police Department,City,True,True,2019-10-01,True,True,srs_return_a_annual,full_monthly,1484.0,aligned,mixed_source_2024,aligned,0.0
24,source_policy_disagreement,GA,13.0,GA0690000,Hall County Sheriff's Office,County,True,True,2018-01-01,True,True,srs_return_a_annual,full_monthly,1429.0,aligned,mixed_source_2024,aligned,0.0
25,source_policy_disagreement,GA,13.0,GA0690100,Gainesville Police Department,City,True,True,2019-10-01,True,True,srs_return_a_annual,full_monthly,1365.0,aligned,mixed_source_2024,aligned,0.0
26,source_policy_disagreement,GA,13.0,GA0440400,Chamblee Police Department,City,True,True,2020-01-01,True,True,srs_return_a_annual,full_monthly,1355.0,aligned,mixed_source_2024,aligned,0.0
27,source_policy_disagreement,GA,13.0,GA0330300,Marietta Police Department,City,True,True,2019-09-01,True,True,srs_return_a_annual,full_monthly,1336.0,aligned,mixed_source_2024,aligned,0.0
28,source_policy_disagreement,GA,13.0,GA1070000,Newton County Sheriff's Office,County,True,True,2018-10-01,True,True,srs_return_a_annual,full_monthly,1319.0,aligned,mixed_source_2024,aligned,0.0
29,source_policy_disagreement,GA,13.0,GA0600100,College Park Police Department,City,True,True,2019-09-01,True,True,srs_return_a_annual,full_monthly,1215.0,aligned,mixed_source_2024,aligned,0.0
30,source_policy_disagreement,GA,13.0,GA0480000,Douglas County Sheriff's Office,County,True,True,2019-10-01,True,True,srs_return_a_annual,full_monthly,1165.0,aligned,mixed_source_2024,aligned,0.0
31,source_policy_disagreement,GA,13.0,GA0890100,Hinesville Police Department,City,True,True,2019-06-01,True,True,srs_return_a_annual,full_monthly,1140.0,aligned,mixed_source_2024,aligned,0.0
32,source_policy_disagreement,GA,13.0,GA0380000,Coweta County Sheriff's Office,County,True,True,2018-12-01,True,True,srs_return_a_annual,full_monthly,1101.0,aligned,mixed_source_2024,aligned,0.0
33,source_policy_disagreement,GA,13.0,GA0600500,Roswell Police Department,City,True,True,2019-08-01,True,True,srs_return_a_annual,full_monthly,1084.0,aligned,mixed_source_2024,aligned,0.0
34,source_policy_disagreement,GA,13.0,GA0580000,Forsyth County Sheriff's Office,County,True,True,2019-08-01,True,True,srs_return_a_annual,full_monthly|structurally_missing_or_unreliable,1065.0,aligned,mixed_source_2024,aligned,0.0
35,source_policy_disagreement,GA,13.0,GA0360000,Columbia County Sheriff's Office,County,True,True,2019-10-01,True,True,srs_return_a_annual,full_monthly,1051.0,aligned,mixed_source_2024,aligned,0.0
36,source_policy_disagreement,GA,13.0,GA1550000,Whitfield County Sheriff's Office,County,True,True,2019-06-01,True,True,srs_return_a_annual,full_monthly,1049.0,aligned,mixed_source_2024,aligned,0.0
37,source_policy_disagreement,GA,13.0,GA0380100,Newnan Police Department,City,True,True,2019-07-01,True,True,srs_return_a_annual,full_monthly,1048.0,aligned,mixed_source_2024,aligned,0.0
38,source_policy_disagreement,GA,13.0,GA1260100,Griffin Police Department,City,True,True,2019-10-01,True,True,srs_return_a_annual,full_monthly,1039.0,aligned,mixed_source_2024,aligned,0.0
39,source_policy_disagreement,GA,13.0,GA0080000,Bartow County Sheriff's Office,County,True,True,2020-01-01,True,True,srs_return_a_annual,full_monthly,986.0,aligned,mixed_source_2024,aligned,0.0
40,source_policy_disagreement,GA,13.0,GA0750100,McDonough Police Department,City,True,True,2019-01-01,True,True,srs_return_a_annual,full_monthly,981.0,aligned,mixed_source_2024,aligned,0.0
41,source_policy_disagreement,GA,13.0,GA0280000,Cherokee County Sheriff's Office,County,True,True,2019-10-01,True,True,srs_return_a_annual,full_monthly,956.0,aligned,mixed_source_2024,aligned,0.0
42,source_policy_disagreement,GA,13.0,GA0920000,Lowndes County Sheriff's Office,County,True,True,2019-08-01,True,True,srs_return_a_annual,full_monthly|structurally_missing_or_unreliable,954.0,aligned,mixed_source_2024,aligned,0.0
43,source_policy_disagreement,GA,13.0,GA0600400,Alpharetta Police Department,City,True,True,2019-03-01,True,True,srs_return_a_annual,full_monthly,950.0,aligned,mixed_source_2024,aligned,0.0
44,source_policy_disagreement,GA,13.0,GA0750200,Stockbridge Police Department,City,True,True,2022-06-01,True,True,srs_return_a_annual,full_monthly|structurally_missing_or_unreliable,912.0,aligned,mixed_source_2024,aligned,0.0
45,source_policy_disagreement,GA,13.0,GA0160100,Statesboro Police Department,City,True,True,2019-11-01,True,True,srs_return_a_annual,full_monthly,908.0,aligned,mixed_source_2024,aligned,0.0
46,source_policy_disagreement,GA,13.0,GA0350100,Moultrie Police Department,City,True,True,2019-07-01,True,True,srs_return_a_annual,full_monthly,883.0,aligned,mixed_source_2024,aligned,0.0
47,source_policy_disagreement,GA,13.0,GA0330400,Smyrna Police Department,City,True,True,2019-07-01,True,True,srs_return_a_annual,full_monthly,873.0,aligned,mixed_source_2024,aligned,0.0
48,source_policy_disagreement,GA,13.0,GA1290100,Americus Police Department,City,True,True,2019-08-01,True,True,srs_return_a_annual,full_monthly,868.0,aligned,mixed_source_2024,aligned,0.0
49,source_policy_disagreement,GA,13.0,GA1220000,Rockdale County Sheriff's Office,County,True,True,2020-09-01,True,True,srs_return_a_annual,full_monthly,855.0,aligned,mixed_source_2024,aligned,0.0
50,source_policy_disagreement,GA,13.0,GA1480100,Waycross Police Department,City,True,True,2019-06-01,True,True,srs_return_a_annual,full_monthly,827.0,aligned,mixed_source_2024,aligned,0.0
51,source_policy_disagreement,GA,13.0,GA0070000,Barrow County Sheriff's Office,County,True,True,2018-01-01,True,True,srs_return_a_annual,full_monthly,794.0,aligned,mixed_source_2024,aligned,0.0
52,source_policy_disagreement,GA,13.0,GA0670300,Lawrenceville Police Department,City,True,True,2021-01-01,True,True,srs_return_a_annual,full_monthly,778.0,aligned,mixed_source_2024,aligned,0.0
53,source_policy_disagreement,GA,13.0,GA0670900,Suwanee Police Department,City,True,True,2018-08-01,True,True,srs_return_a_annual,full_monthly,763.0,aligned,mixed_source_2024,aligned,0.0
54,source_policy_disagreement,GA,13.0,GA1550100,Dalton Police Department,City,True,True,2020-11-01,True,True,srs_return_a_annual,full_monthly|structurally_missing_or_unreliable,741.0,aligned,mixed_source_2024,aligned,0.0
55,source_policy_disagreement,GA,13.0,GA1360100,Thomasville Police Department,City,True,True,2019-10-01,True,True,srs_return_a_annual,full_monthly,728.0,aligned,mixed_source_2024,aligned,0.0
56,source_policy_disagreement,GA,13.0,GA0570100,Floyd County Police Department,County,True,True,2020-01-01,True,True,srs_return_a_annual,full_monthly,662.0,aligned,mixed_source_2024,aligned,0.0
57,source_policy_disagreement,GA,13.0,GA1070100,Covington Police Department,City,True,True,2020-01-01,True,True,srs_return_a_annual,full_monthly,662.0,aligned,mixed_source_2024,aligned,0.0
58,source_policy_disagreement,GA,13.0,GA0310200,Forest Park Police Department,City,True,True,2019-10-01,True,True,srs_return_a_annual,full_monthly,661.0,aligned,mixed_source_2024,aligned,0.0
59,source_policy_disagreement,GA,13.0,GA1370000,Tift County Sheriff's Office,County,True,True,2018-08-01,True,True,srs_return_a_annual,full_monthly,655.0,aligned,mixed_source_2024,aligned,0.0
60,source_policy_disagreement,GA,13.0,GA0050100,Milledgeville Police Department,City,True,True,2019-02-01,True,True,srs_return_a_annual,full_monthly|structurally_missing_or_unreliable,634.0,aligned,mixed_source_2024,aligned,0.0
61,source_policy_disagreement,GA,13.0,GA0440600,Doraville Police Department,City,True,True,2019-09-01,True,True,srs_return_a_annual,full_monthly|structurally_missing_or_unreliable,627.0,aligned,mixed_source_2024,aligned,0.0
62,source_policy_disagreement,GA,13.0,GA0220000,Carroll County Sheriff's Office,County,True,True,2018-01-01,True,True,srs_return_a_annual,full_monthly|structurally_missing_or_unreliable,582.0,aligned,mixed_source_2024,aligned,0.0
63,source_policy_disagreement,GA,13.0,GA0440100,Decatur Police Department,City,True,True,2019-10-01,True,True,srs_return_a_annual,full_monthly|structurally_missing_or_unreliable,579.0,aligned,mixed_source_2024,aligned,0.0
64,source_policy_disagreement,GA,13.0,GA1220100,Conyers Police Department,City,True,True,2020-02-01,True,True,srs_return_a_annual,full_monthly|structurally_missing_or_unreliable,578.0,aligned,mixed_source_2024,aligned,0.0
65,source_policy_disagreement,GA,13.0,GA1380200,Vidalia Police Department,City,True,True,2019-10-01,True,True,srs_return_a_annual,full_monthly,578.0,aligned,mixed_source_2024,aligned,0.0
66,source_policy_disagreement,GA,13.0,GA0250400,Pooler Police Department,City,True,True,2018-06-01,True,True,srs_return_a_annual,full_monthly|structurally_missing_or_unreliable,556.0,aligned,mixed_source_2024,aligned,0.0
67,source_policy_disagreement,GA,13.0,GA0560100,Fayetteville Police Department,City,True,True,2019-08-01,True,True,srs_return_a_annual,full_monthly,552.0,aligned,mixed_source_2024,aligned,0.0
68,source_policy_disagreement,GA,13.0,GA1260000,Spalding County Sheriff's Office,County,True,True,2019-11-01,True,True,srs_return_a_annual,full_monthly|structurally_missing_or_unreliable,549.0,aligned,mixed_source_2024,aligned,0.0
69,source_policy_disagreement,GA,13.0,GA0050000,Baldwin County Sheriff's Office,County,True,True,2019-10-01,True,True,srs_return_a_annual,full_monthly,545.0,aligned,mixed_source_2024,aligned,0.0
70,source_policy_disagreement,GA,13.0,GA0220100,Carrollton Police Department,City,True,True,2020-11-01,True,True,srs_return_a_annual,full_monthly|structurally_missing_or_unreliable,542.0,aligned,mixed_source_2024,aligned,0.0
71,source_policy_disagreement,GA,13.0,GA1080000,Oconee County Sheriff's Office,County,True,True,2019-01-01,True,True,srs_return_a_annual,full_monthly|structurally_missing_or_unreliable,539.0,aligned,mixed_source_2024,aligned,0.0
72,source_policy_disagreement,GA,13.0,GA0430100,Bainbridge Police Department,City,True,True,2019-09-01,True,True,srs_return_a_annual,full_monthly,523.0,aligned,mixed_source_2024,aligned,0.0
73,source_policy_disagreement,GA,13.0,GA0400100,Cordele Police Department,City,True,True,2019-10-01,True,True,srs_return_a_annual,full_monthly,520.0,aligned,mixed_source_2024,aligned,0.0
74,source_policy_disagreement,GA,13.0,GA0670800,Snellville Police Department,City,True,True,2019-10-01,True,True,srs_return_a_annual,full_monthly,510.0,aligned,mixed_source_2024,aligned,0.0
75,source_policy_disagreement,GA,13.0,GA0670700,Norcross Police Department,City,True,True,2018-12-01,True,True,srs_return_a_annual,full_monthly,506.0,aligned,mixed_source_2024,aligned,0.0
76,source_policy_disagreement,GA,13.0,GA0080100,Cartersville Police Department,City,True,True,2018-12-01,True,True,srs_return_a_annual,full_monthly,498.0,aligned,mixed_source_2024,aligned,0.0
77,source_policy_disagreement,GA,13.0,GA0760100,Perry Police Department,City,True,True,2020-02-01,True,True,srs_return_a_annual,full_monthly|structurally_missing_or_unreliable,477.0,aligned,mixed_source_2024,aligned,0.0
78,source_policy_disagreement,GA,13.0,GA0605800,Johns Creek Police Department,City,True,True,2019-08-01,True,True,srs_return_a_annual,full_monthly|structurally_missing_or_unreliable,464.0,aligned,mixed_source_2024,aligned,0.0
79,source_policy_disagreement,GA,13.0,GA1410000,Troup County Sheriff's Office,County,True,True,2019-10-01,True,True,srs_return_a_annual,full_monthly,454.0,aligned,mixed_source_2024,aligned,0.0
80,source_policy_disagreement,GA,13.0,GA0310300,Morrow Police Department,City,True,True,2019-10-01,True,True,srs_return_a_annual,full_monthly|structurally_missing_or_unreliable,444.0,aligned,mixed_source_2024,aligned,0.0
81,source_policy_disagreement,GA,13.0,GA0670500,Duluth Police Department,City,True,True,2019-09-01,True,True,srs_return_a_annual,full_monthly|structurally_missing_or_unreliable,443.0,aligned,mixed_source_2024,aligned,0.0
82,source_policy_disagreement,GA,13.0,GA0280500,Woodstock Police Department,City,True,True,2019-09-01,True,True,srs_return_a_annual,full_monthly,428.0,aligned,mixed_source_2024,aligned,0.0
83,source_policy_disagreement,GA,13.0,GA0250200,Garden City Police Department,City,True,True,2018-11-01,True,True,srs_return_a_annual,full_monthly|structurally_missing_or_unreliable,417.0,aligned,mixed_source_2024,aligned,0.0
84,source_policy_disagreement,GA,13.0,GA0670600,Lilburn Police Department,City,True,True,2018-12-01,True,True,srs_return_a_annual,full_monthly,403.0,aligned,mixed_source_2024,aligned,0.0
85,source_policy_disagreement,GA,13.0,GA0870000,Laurens County Sheriff's Office,County,True,True,2018-01-01,True,True,srs_return_a_annual,full_monthly,395.0,aligned,mixed_source_2024,aligned,0.0
86,source_policy_disagreement,GA,13.0,GA0780000,Jackson County Sheriff's Office,County,True,True,2019-10-01,True,True,srs_return_a_annual,true_partial,392.0,aligned,mixed_source_2024,aligned,0.0
87,source_policy_disagreement,GA,13.0,GA0330600,Kennesaw Police Department,City,True,True,2019-10-01,True,True,srs_return_a_annual,full_monthly,386.0,aligned,mixed_source_2024,aligned,0.0
88,source_policy_disagreement,GA,13.0,GA0750400,Locust Grove Police Department,City,True,True,2021-01-01,True,True,srs_return_a_annual,full_monthly|structurally_missing_or_unreliable,386.0,aligned,mixed_source_2024,aligned,0.0
89,source_policy_disagreement,GA,13.0,GA0601000,Georgia Institute of Technology,University or College,True,True,2019-10-01,True,True,srs_return_a_annual,full_monthly|structurally_missing_or_unreliable,360.0,aligned,mixed_source_2024,aligned,0.0
90,source_policy_disagreement,GA,13.0,GA0340000,Coffee County Sheriff's Office,County,True,True,2019-10-01,True,True,srs_return_a_annual,full_monthly|structurally_missing_or_unreliable,354.0,aligned,mixed_source_2024,aligned,0.0
91,source_policy_disagreement,GA,13.0,GA0280100,Canton Police Department,City,True,True,2020-11-01,True,True,srs_return_a_annual,full_monthly|structurally_missing_or_unreliable,354.0,aligned,mixed_source_2024,aligned,0.0
92,source_policy_disagreement,GA,13.0,GA0470200,Dougherty County Police Department,County,True,True,2019-09-01,True,True,srs_return_a_annual,full_monthly,345.0,aligned,mixed_source_2024,aligned,0.0
93,source_policy_disagreement,GA,13.0,GA1360000,Thomas County Sheriff's Office,County,True,True,2019-10-01,True,True,srs_return_a_annual,full_monthly,342.0,aligned,mixed_source_2024,aligned,0.0
94,source_policy_disagreement,GA,13.0,GA0560200,Peachtree City Police Department,City,True,True,2019-11-01,True,True,srs_return_a_annual,full_monthly|structurally_missing_or_unreliable,342.0,aligned,mixed_source_2024,aligned,0.0
95,source_policy_disagreement,GA,13.0,GA0710000,Haralson County Sheriff's Office,County,True,True,2019-10-01,True,True,srs_return_a_annual,full_monthly|structurally_missing_or_unreliable,335.0,aligned,mixed_source_2024,aligned,0.0
96,source_policy_disagreement,GA,13.0,GA0090100,Fitzgerald Police Department,City,True,True,2019-10-01,True,True,srs_return_a_annual,full_monthly,335.0,aligned,mixed_source_2024,aligned,0.0
97,source_policy_disagreement,GA,13.0,GA0230100,Fort Oglethorpe Police Department,City,True,True,2019-10-01,True,True,srs_return_a_annual,full_monthly|structurally_missing_or_unreliable,334.0,aligned,mixed_source_2024,aligned,0.0
98,source_policy_disagreement,GA,13.0,GA1150300,Polk County Police Department,County,True,True,2019-10-01,True,True,srs_return_a_annual,full_monthly|structurally_missing_or_unreliable,330.0,aligned,mixed_source_2024,aligned,0.0
99,source_policy_disagreement,GA,13.0,GA0420000,Dawson County Sheriff's Office,County,True,True,2019-09-01,True,True,srs_return_a_annual,full_monthly|structurally_missing_or_unreliable,318.0,aligned,mixed_source_2024,aligned,0.0
100,source_policy_disagreement,GA,13.0,GA1470100,Monroe Police Department,City,True,True,2019-02-01,True,True,srs_return_a_annual,full_monthly,317.0,aligned,mixed_source_2024,aligned,0.0
101,source_policy_disagreement,GA,13.0,GA0450100,Eastman Police Department,City,True,True,2019-09-01,True,True,srs_return_a_annual,full_monthly|structurally_missing_or_unreliable,314.0,aligned,mixed_source_2024,aligned,0.0
102,source_policy_disagreement,GA,13.0,GA0640000,Gordon County Sheriff's Office,County,True,True,2018-12-01,True,True,srs_return_a_annual,full_monthly,288.0,aligned,mixed_source_2024,aligned,0.0
103,source_policy_disagreement,GA,13.0,GA0200200,St. Marys Police Department,City,True,True,2022-05-01,True,True,srs_return_a_annual,full_monthly,284.0,aligned,mixed_source_2024,aligned,0.0
104,source_policy_disagreement,GA,13.0,GA1100200,Hiram Police Department,City,True,True,2019-03-01,True,True,srs_return_a_annual,full_monthly|structurally_missing_or_unreliable,284.0,aligned,mixed_source_2024,aligned,0.0
105,source_policy_disagreement,GA,13.0,GA0230000,Catoosa County Sheriff's Office,County,True,True,2019-10-01,True,True,srs_return_a_annual,full_monthly,279.0,aligned,mixed_source_2024,aligned,0.0
106,source_policy_disagreement,GA,13.0,GA1270100,Toccoa Police Department,City,True,True,2019-05-01,True,True,srs_return_a_annual,full_monthly|structurally_missing_or_unreliable,279.0,aligned,mixed_source_2024,aligned,0.0
107,source_policy_disagreement,GA,13.0,GA0070100,Winder Police Department,City,True,True,2019-11-01,True,True,srs_return_a_annual,full_monthly|structurally_missing_or_unreliable,276.0,aligned,mixed_source_2024,aligned,0.0
108,source_policy_disagreement,GA,13.0,GA0330500,Acworth Police Department,City,True,True,2019-10-01,True,True,srs_return_a_annual,full_monthly|structurally_missing_or_unreliable,275.0,aligned,mixed_source_2024,aligned,0.0
109,source_policy_disagreement,GA,13.0,GA0650100,Cairo Police Department,City,True,True,2019-04-01,True,True,srs_return_a_annual,full_monthly,271.0,aligned,mixed_source_2024,aligned,0.0
110,source_policy_disagreement,GA,13.0,GA1450100,Thomaston Police Department,City,True,True,2019-08-01,True,True,srs_return_a_annual,full_monthly,271.0,aligned,mixed_source_2024,aligned,0.0
111,source_policy_disagreement,GA,13.0,GA0970000,Madison County Sheriff's Office,County,True,True,2019-10-01,True,True,srs_return_a_annual,full_monthly,269.0,aligned,mixed_source_2024,aligned,0.0
112,source_policy_disagreement,GA,13.0,GA0200100,Kingsland Police Department,City,True,True,2019-09-01,True,True,srs_return_a_annual,full_monthly,264.0,aligned,mixed_source_2024,aligned,0.0
113,source_policy_disagreement,GA,13.0,GA0880000,Lee County Sheriff's Office,County,True,True,2019-04-01,True,True,srs_return_a_annual,full_monthly,259.0,aligned,mixed_source_2024,aligned,0.0
114,source_policy_disagreement,GA,13.0,GA0160000,Bulloch County Sheriff's Office,County,True,True,2018-12-01,True,True,srs_return_a_annual,full_monthly,251.0,aligned,mixed_source_2024,aligned,0.0
115,source_policy_disagreement,GA,13.0,GA0270000,Chattooga County Sheriff's Office,County,True,True,2019-10-01,True,True,srs_return_a_annual,full_monthly|structurally_missing_or_unreliable,251.0,aligned,mixed_source_2024,aligned,0.0
116,source_policy_disagreement,GA,13.0,GA1150100,Cedartown Police Department,City,True,True,2019-09-01,True,True,srs_return_a_annual,full_monthly|structurally_missing_or_unreliable,244.0,aligned,mixed_source_2024,aligned,0.0
117,source_policy_disagreement,GA,13.0,GA0560000,Fayette County Sheriff's Office,County,True,True,2019-10-01,True,True,srs_return_a_annual,full_monthly,238.0,aligned,mixed_source_2024,aligned,0.0
118,source_policy_disagreement,GA,13.0,GA0600300,Hapeville Police Department,City,True,True,2019-11-01,True,True,srs_return_a_annual,lumpy_or_batched,238.0,aligned,mixed_source_2024,aligned,0.0
119,source_policy_disagreement,GA,13.0,GA0610000,Gilmer County Sheriff's Office,County,True,True,2019-09-01,True,True,srs_return_a_annual,full_monthly,236.0,aligned,mixed_source_2024,aligned,0.0
120,source_policy_disagreement,GA,13.0,GA0150200,Richmond Hill Police Department,City,True,True,2019-10-01,True,True,srs_return_a_annual,full_monthly|structurally_missing_or_unreliable,235.0,aligned,mixed_source_2024,aligned,0.0
121,source_policy_disagreement,GA,13.0,GA0220200,Villa Rica Police Department,City,True,True,2019-04-01,True,True,srs_return_a_annual,structurally_missing_or_unreliable|true_partial,232.0,aligned,mixed_source_2024,aligned,0.0
122,source_policy_disagreement,GA,13.0,GA0250500,Port Wentworth Police Department,City,True,True,2019-05-01,True,True,srs_return_a_annual,full_monthly,232.0,aligned,mixed_source_2024,aligned,0.0
123,source_policy_disagreement,GA,13.0,GA0150000,Bryan County Sheriff's Office,County,True,True,2019-10-01,True,True,srs_return_a_annual,full_monthly|structurally_missing_or_unreliable,229.0,aligned,mixed_source_2024,aligned,0.0
124,source_policy_disagreement,GA,13.0,GA0605700,Milton Police Department,City,True,True,2019-08-01,True,True,srs_return_a_annual,full_monthly|structurally_missing_or_unreliable,226.0,aligned,mixed_source_2024,aligned,0.0
125,source_policy_disagreement,GA,13.0,GA0170000,Burke  County Sheriff's Office,County,True,True,2019-09-01,True,True,srs_return_a_annual,full_monthly,218.0,aligned,mixed_source_2024,aligned,0.0
126,source_policy_disagreement,GA,13.0,GA0602100,Metropolitan Atlanta Rapid Transit Authority,Other,True,True,2019-10-01,True,True,srs_return_a_annual,full_monthly|structurally_missing_or_unreliable,218.0,aligned,mixed_source_2024,aligned,0.0
127,source_policy_disagreement,GA,13.0,GA1470000,Walton County Sheriff's Office,County,True,True,2019-08-01,True,True,srs_return_a_annual,full_monthly|structurally_missing_or_unreliable,208.0,aligned,mixed_source_2024,aligned,0.0
128,source_policy_disagreement,GA,13.0,GA0290200,University of Georgia,University or College,True,True,2019-08-01,True,True,srs_return_a_annual,structurally_missing_or_unreliable|true_partial,206.0,aligned,mixed_source_2024,aligned,0.0
129,source_policy_disagreement,GA,13.0,GA0400000,Crisp County Sheriff's Office,County,True,True,2018-09-01,True,True,srs_return_a_annual,full_monthly|structurally_missing_or_unreliable,199.0,aligned,mixed_source_2024,aligned,0.0
130,source_policy_disagreement,GA,13.0,GA0603800,Georgia World Congress,Other State Agency,True,True,2019-10-01,True,True,srs_return_a_annual,full_monthly|structurally_missing_or_unreliable,198.0,aligned,mixed_source_2024,aligned,0.0
131,source_policy_disagreement,GA,13.0,GA0680000,Habersham County Sheriff's Office,County,True,True,2019-08-01,True,True,srs_return_a_annual,full_monthly|structurally_missing_or_unreliable,197.0,aligned,mixed_source_2024,aligned,0.0
132,source_policy_disagreement,GA,13.0,GA0510000,Effingham County Sheriff's Office,County,True,True,2019-10-01,True,True,srs_return_a_annual,full_monthly|structurally_missing_or_unreliable,193.0,aligned,mixed_source_2024,aligned,0.0
133,source_policy_disagreement,GA,13.0,GA0930000,Lumpkin County Sheriff's Office,County,True,True,2019-07-01,True,True,srs_return_a_annual,full_monthly|structurally_missing_or_unreliable,192.0,aligned,mixed_source_2024,aligned,0.0
134,source_policy_disagreement,GA,13.0,GA0600700,Fairburn Police Department,City,True,True,2019-10-01,True,True,srs_return_a_annual,full_monthly|structurally_missing_or_unreliable,192.0,aligned,mixed_source_2024,aligned,0.0
135,source_policy_disagreement,GA,13.0,GA0430000,Decatur County Sheriff's Office,County,True,True,2019-10-01,True,True,srs_return_a_annual,full_monthly,191.0,aligned,mixed_source_2024,aligned,0.0
136,source_policy_disagreement,GA,13.0,GA0730000,Hart County Sheriff's Office,County,True,True,2019-10-01,True,True,srs_return_a_annual,full_monthly|structurally_missing_or_unreliable,190.0,aligned,mixed_source_2024,aligned,0.0
137,source_policy_disagreement,GA,13.0,GA0840000,Jones County Sheriff's Office,County,True,True,2019-10-01,True,True,srs_return_a_annual,full_monthly|structurally_missing_or_unreliable,187.0,aligned,mixed_source_2024,aligned,0.0
138,source_policy_disagreement,GA,13.0,GA1120000,Pickens County Sheriff's Office,County,True,True,2019-09-01,True,True,srs_return_a_annual,full_monthly|structurally_missing_or_unreliable,187.0,aligned,mixed_source_2024,aligned,0.0
139,source_policy_disagreement,GA,13.0,GA1480000,Ware County Sheriff's Office,County,True,True,2019-10-01,True,True,srs_return_a_annual,full_monthly|structurally_missing_or_unreliable,187.0,aligned,mixed_source_2024,aligned,0.0
140,source_policy_disagreement,GA,13.0,GA0671000,Gwinnett County Public Schools,Other,True,True,2018-01-01,True,True,srs_return_a_annual,full_monthly|structurally_missing_or_unreliable,183.0,aligned,mixed_source_2024,aligned,0.0
141,source_policy_disagreement,GA,13.0,GA1290000,Sumter County Sheriff's Office,County,True,True,2018-01-01,True,True,srs_return_a_annual,full_monthly,180.0,aligned,mixed_source_2024,aligned,0.0
142,source_policy_disagreement,GA,13.0,GA0550000,Fannin County Sheriff's Office,County,True,True,2019-10-01,True,True,srs_return_a_annual,full_monthly|structurally_missing_or_unreliable,179.0,aligned,mixed_source_2024,aligned,0.0
143,source_policy_disagreement,GA,13.0,GA0010100,Baxley Police Department,City,True,True,2018-12-01,True,True,srs_return_a_annual,full_monthly|structurally_missing_or_unreliable,177.0,aligned,mixed_source_2024,aligned,0.0
144,source_policy_disagreement,GA,13.0,GA0030100,Alma Police Department,City,True,True,2018-11-01,True,True,srs_return_a_annual,full_monthly|structurally_missing_or_unreliable,174.0,aligned,mixed_source_2024,aligned,0.0
145,source_policy_disagreement,GA,13.0,GA1210400,Georgia Regents University,University or College,True,True,2019-08-01,True,True,srs_return_a_annual,full_monthly|structurally_missing_or_unreliable,172.0,aligned,mixed_source_2024,aligned,0.0
146,source_policy_disagreement,GA,13.0,GA0530100,Swainsboro Police Department,City,True,True,2019-08-01,True,True,srs_return_a_annual,structurally_missing_or_unreliable|true_partial,170.0,aligned,mixed_source_2024,aligned,0.0
147,source_policy_disagreement,GA,13.0,GA0330000,Cobb County Sheriff's Office,County,True,True,2019-08-01,True,True,srs_return_a_annual,full_monthly|structurally_missing_or_unreliable,168.0,aligned,mixed_source_2024,aligned,0.0
148,source_policy_disagreement,GA,13.0,GA0990000,Meriwether County Sheriff's Office,County,True,True,2019-01-01,True,True,srs_return_a_annual,full_monthly,164.0,aligned,mixed_source_2024,aligned,0.0
149,source_policy_disagreement,GA,13.0,GA1470200,Loganville Police Department,City,True,True,2019-10-01,True,True,srs_return_a_annual,full_monthly|structurally_missing_or_unreliable,164.0,aligned,mixed_source_2024,aligned,0.0
150,source_policy_disagreement,GA,13.0,GA0800100,Hazlehurst Police Department,City,True,True,2019-09-01,True,True,srs_return_a_annual,full_monthly,161.0,aligned,mixed_source_2024,aligned,0.0
151,source_policy_disagreement,GA,13.0,GA0520100,Elberton Police Department,City,True,True,2018-11-01,True,True,srs_return_a_annual,full_monthly|structurally_missing_or_unreliable,160.0,aligned,mixed_source_2024,aligned,0.0
152,source_policy_disagreement,GA,13.0,GA0990100,Manchester Police Department,City,True,True,2018-12-01,True,True,srs_return_a_annual,full_monthly|structurally_missing_or_unreliable,160.0,aligned,mixed_source_2024,aligned,0.0
153,source_policy_disagreement,GA,13.0,GA0440900,Stone Mountain Police Department,City,True,True,2019-08-01,True,True,srs_return_a_annual,full_monthly|structurally_missing_or_unreliable,157.0,aligned,mixed_source_2024,aligned,0.0
154,source_policy_disagreement,GA,13.0,GA1590000,Worth County Sheriff's Office,County,True,True,2019-10-01,True,True,srs_return_a_annual,full_monthly|structurally_missing_or_unreliable,156.0,aligned,mixed_source_2024,aligned,0.0
155,source_policy_disagreement,GA,13.0,GA0940000,McDuffie County Sheriff's Office,County,True,True,2019-10-01,True,True,srs_return_a_annual,full_monthly,155.0,aligned,mixed_source_2024,aligned,0.0
156,source_policy_disagreement,GA,13.0,GA1010000,Mitchell County Sheriff's Office,County,True,True,2019-10-01,True,True,srs_return_a_annual,full_monthly|structurally_missing_or_unreliable,154.0,aligned,mixed_source_2024,aligned,0.0
157,source_policy_disagreement,GA,13.0,GA0710100,Bremen Police Department,City,True,True,2019-05-01,True,True,srs_return_a_annual,full_monthly|structurally_missing_or_unreliable,153.0,aligned,mixed_source_2024,aligned,0.0
158,source_policy_disagreement,GA,13.0,GA1170000,Putnam County Sheriff's Office,County,True,True,2019-09-01,True,True,srs_return_a_annual,full_monthly|structurally_missing_or_unreliable,152.0,aligned,mixed_source_2024,aligned,0.0
159,source_policy_disagreement,GA,13.0,GA0180000,Butts County Sheriff's Office,County,True,True,2019-10-01,True,True,srs_return_a_annual,full_monthly,151.0,aligned,mixed_source_2024,aligned,0.0
160,source_policy_disagreement,GA,13.0,GA0100000,Berrien County Sheriff's Office,County,True,True,2019-10-01,True,True,srs_return_a_annual,full_monthly|structurally_missing_or_unreliable,149.0,aligned,mixed_source_2024,aligned,0.0
161,source_policy_disagreement,GA,13.0,GA0490100,Blakely Police Department,City,True,True,2019-07-01,True,True,srs_return_a_annual,full_monthly|structurally_missing_or_unreliable,149.0,aligned,mixed_source_2024,aligned,0.0
162,source_policy_disagreement,GA,13.0,GA0690400,Oakwood Police Department,City,True,True,2019-11-01,True,True,srs_return_a_annual,full_monthly,149.0,aligned,mixed_source_2024,aligned,0.0
163,source_policy_disagreement,GA,13.0,GA0790000,Jasper County Sheriff's Office,County,True,True,2019-10-01,True,True,srs_return_a_annual,annual_only_but_usable|structurally_missing_or_unreliable,148.0,aligned,mixed_source_2024,aligned,0.0
164,source_policy_disagreement,GA,13.0,GA1210600,Richmond County Board of Education,Other,True,True,2019-09-01,True,True,srs_return_a_annual,annual_only_but_usable|structurally_missing_or_unreliable,142.0,aligned,mixed_source_2024,aligned,0.0
165,source_policy_disagreement,GA,13.0,GA0605400,Atlanta Public Schools,Other,True,True,2019-06-01,True,True,srs_return_a_annual,full_monthly|structurally_missing_or_unreliable,141.0,aligned,mixed_source_2024,aligned,0.0
166,source_policy_disagreement,GA,13.0,GA1320000,Tattnall County Sheriff's Office,County,True,True,2019-01-01,True,True,srs_return_a_annual,full_monthly|structurally_missing_or_unreliable,138.0,aligned,mixed_source_2024,aligned,0.0
167,source_policy_disagreement,GA,13.0,GA0130000,Brantley County Sheriff's Office,County,True,True,2019-10-01,True,True,srs_return_a_annual,lumpy_or_batched|structurally_missing_or_unreliable,137.0,aligned,mixed_source_2024,aligned,0.0
168,source_policy_disagreement,GA,13.0,GA0100100,Nashville Police Department,City,True,True,2019-02-01,True,True,srs_return_a_annual,full_monthly|structurally_missing_or_unreliable,137.0,aligned,mixed_source_2024,aligned,0.0
169,source_policy_disagreement,GA,13.0,GA1150200,Rockmart Police Department,City,True,True,2018-01-01,True,True,srs_return_a_annual,full_monthly|structurally_missing_or_unreliable,131.0,aligned,mixed_source_2024,aligned,0.0
170,source_policy_disagreement,GA,13.0,GA0340100,Douglas Police Department,City,True,True,2019-10-01,True,True,srs_return_a_annual,annual_only_but_usable|structurally_missing_or_unreliable,130.0,aligned,mixed_source_2024,aligned,0.0
171,source_policy_disagreement,GA,13.0,GA1570000,Wilkes County Sheriff's Office,County,True,True,2019-10-01,True,True,srs_return_a_annual,full_monthly,129.0,aligned,mixed_source_2024,aligned,0.0
172,source_policy_disagreement,GA,13.0,GA0780600,Braselton Police Department,City,True,True,2018-09-01,True,True,srs_return_a_annual,full_monthly,128.0,aligned,mixed_source_2024,aligned,0.0
173,source_policy_disagreement,GA,13.0,GA0600900,Georgia State University,University or College,True,True,2019-05-01,True,True,srs_return_a_annual,full_monthly|structurally_missing_or_unreliable,128.0,aligned,mixed_source_2024,aligned,0.0
174,source_policy_disagreement,GA,13.0,GA1130000,Pierce County Sheriff's Office,County,True,True,2018-06-01,True,True,srs_return_a_annual,full_monthly|structurally_missing_or_unreliable,127.0,aligned,mixed_source_2024,aligned,0.0
175,source_policy_disagreement,GA,13.0,GA0860000,Lanier County Sheriff's Office,County,True,True,2019-10-01,True,True,srs_return_a_annual,full_monthly|structurally_missing_or_unreliable,126.0,aligned,mixed_source_2024,aligned,0.0
176,source_policy_disagreement,GA,13.0,GA0760300,Centerville Police Department,City,True,True,2019-01-01,True,True,srs_return_a_annual,structurally_missing_or_unreliable|true_partial,125.0,aligned,mixed_source_2024,aligned,0.0
177,source_policy_disagreement,GA,13.0,GA0810000,Jefferson County Sheriff's Office,County,True,True,2019-10-01,True,True,srs_return_a_annual,full_monthly|structurally_missing_or_unreliable,124.0,aligned,mixed_source_2024,aligned,0.0
178,source_policy_disagreement,GA,13.0,GA0390000,Crawford County Sheriff's Office,County,True,True,2019-09-01,True,True,srs_return_a_annual,full_monthly,123.0,aligned,mixed_source_2024,aligned,0.0
179,source_policy_disagreement,GA,13.0,GA0730100,Hartwell Police Department,City,True,True,2019-09-01,True,True,srs_return_a_annual,full_monthly,120.0,aligned,mixed_source_2024,aligned,0.0
180,source_policy_disagreement,GA,13.0,GA1040100,Madison Police Department,City,True,True,2019-10-01,True,True,srs_return_a_annual,full_monthly|structurally_missing_or_unreliable,120.0,aligned,mixed_source_2024,aligned,0.0
181,source_policy_disagreement,GA,13.0,GA0950000,McIntosh County Sheriff's Office,County,True,True,2019-02-01,True,True,srs_return_a_annual,full_monthly|structurally_missing_or_unreliable,118.0,aligned,mixed_source_2024,aligned,0.0
182,source_policy_disagreement,GA,13.0,GA0590000,Franklin County Sheriff's Office,County,True,True,2019-10-01,True,True,srs_return_a_annual,structurally_missing_or_unreliable|true_partial,116.0,aligned,mixed_source_2024,aligned,0.0
183,source_policy_disagreement,GA,13.0,GA0200000,Camden County Sheriff's Office,County,True,True,2021-12-01,True,True,srs_return_a_annual,full_monthly|structurally_missing_or_unreliable,115.0,aligned,mixed_source_2024,aligned,0.0
184,source_policy_disagreement,GA,13.0,GA0520000,Elbert County Sheriff's Office,County,True,True,2018-01-01,True,True,srs_return_a_annual,structurally_missing_or_unreliable|true_partial,114.0,aligned,mixed_source_2024,aligned,0.0
185,source_policy_disagreement,GA,13.0,GA0120100,Cochran Police Department,City,True,True,2019-06-01,True,True,srs_return_a_annual,full_monthly|structurally_missing_or_unreliable,114.0,aligned,mixed_source_2024,aligned,0.0
186,source_policy_disagreement,GA,13.0,GA1540000,White County Sheriff's Office,County,True,True,2018-01-01,True,True,srs_return_a_annual,full_monthly,113.0,aligned,mixed_source_2024,aligned,0.0
187,source_policy_disagreement,GA,13.0,GA0690300,Flowery Branch Police Department,City,True,True,2019-12-01,True,True,srs_return_a_annual,full_monthly|structurally_missing_or_unreliable,113.0,aligned,mixed_source_2024,aligned,0.0
188,source_policy_disagreement,GA,13.0,GA1010300,Pelham Police Department,City,True,True,2019-10-01,True,True,srs_return_a_annual,full_monthly|structurally_missing_or_unreliable,113.0,aligned,mixed_source_2024,aligned,0.0
189,source_policy_disagreement,GA,13.0,GA0140000,Brooks County Sheriff's Office,County,True,True,2019-10-01,True,True,srs_return_a_annual,full_monthly|structurally_missing_or_unreliable,106.0,aligned,mixed_source_2024,aligned,0.0
190,source_policy_disagreement,GA,13.0,GA0210100,Metter Police Department,City,True,True,2019-05-01,True,True,srs_return_a_annual,full_monthly|structurally_missing_or_unreliable,104.0,aligned,mixed_source_2024,aligned,0.0
191,source_policy_disagreement,GA,13.0,GA1100100,Dallas Police Department,City,True,True,2019-02-01,True,True,srs_return_a_annual,full_monthly|structurally_missing_or_unreliable,104.0,aligned,mixed_source_2024,aligned,0.0
192,source_policy_disagreement,GA,13.0,GA0280300,Holly Springs Police Department,City,True,True,2019-10-01,True,True,srs_return_a_annual,full_monthly|structurally_missing_or_unreliable,101.0,aligned,mixed_source_2024,aligned,0.0
193,source_policy_disagreement,GA,13.0,GA0090000,Ben Hill County Sheriff's Office,County,True,True,2019-06-01,True,True,srs_return_a_annual,full_monthly|structurally_missing_or_unreliable,100.0,aligned,mixed_source_2024,aligned,0.0
194,source_policy_disagreement,GA,13.0,GA1170100,Eatonton Police Department,City,True,True,2019-01-01,True,True,srs_return_a_annual,full_monthly|structurally_missing_or_unreliable,98.0,aligned,mixed_source_2024,aligned,0.0
195,source_policy_disagreement,GA,13.0,GA0120000,Bleckley County Sheriff's Office,County,True,True,2019-09-01,True,True,srs_return_a_annual,full_monthly|structurally_missing_or_unreliable,97.0,aligned,mixed_source_2024,aligned,0.0
196,source_policy_disagreement,GA,13.0,GA0370000,Cook County Sheriff's Office,County,True,True,2019-10-01,True,True,srs_return_a_annual,full_monthly|structurally_missing_or_unreliable,97.0,aligned,mixed_source_2024,aligned,0.0
197,source_policy_disagreement,GA,13.0,GA1160000,Pulaski County Sheriff's Office,County,True,True,2019-10-01,True,True,srs_return_a_annual,structurally_missing_or_unreliable|true_partial,95.0,aligned,mixed_source_2024,aligned,0.0
198,source_policy_disagreement,GA,13.0,GA0310600,Lake City Police Department,City,True,True,2018-09-01,True,True,srs_return_a_annual,full_monthly|structurally_missing_or_unreliable,93.0,aligned,mixed_source_2024,aligned,0.0
199,source_policy_disagreement,GA,13.0,GA0660000,Greene County Sheriff's Office,County,True,True,2020-01-01,True,True,srs_return_a_annual,full_monthly|structurally_missing_or_unreliable,92.0,aligned,mixed_source_2024,aligned,0.0
200,source_policy_disagreement,GA,13.0,GA1190000,Rabun County Sheriff's Office,County,True,True,2019-10-01,True,True,srs_return_a_annual,full_monthly|structurally_missing_or_unreliable,91.0,aligned,mixed_source_2024,aligned,0.0
201,source_policy_disagreement,GA,13.0,GA0740000,Heard County Sheriff's Office,County,True,True,2018-11-01,True,True,srs_return_a_annual,full_monthly|structurally_missing_or_unreliable,90.0,aligned,mixed_source_2024,aligned,0.0
202,source_policy_disagreement,GA,13.0,GA0230200,Ringgold Police Department,City,True,True,2019-03-01,True,True,srs_return_a_annual,full_monthly|structurally_missing_or_unreliable,90.0,aligned,mixed_source_2024,aligned,0.0
203,source_policy_disagreement,GA,13.0,GA0170100,Waynesboro Police Department,City,True,True,2019-09-01,True,True,srs_return_a_annual,annual_only_but_usable|structurally_missing_or_unreliable,87.0,aligned,mixed_source_2024,aligned,0.0
204,source_policy_disagreement,GA,13.0,GA1140000,Pike County Sheriff's Office,County,True,True,2019-10-01,True,True,srs_return_a_annual,full_monthly,86.0,aligned,mixed_source_2024,aligned,0.0
205,source_policy_disagreement,GA,13.0,GA1010100,Camilla Police Department,City,True,True,2019-10-01,True,True,srs_return_a_annual,full_monthly|structurally_missing_or_unreliable,85.0,aligned,mixed_source_2024,aligned,0.0
206,source_policy_disagreement,GA,13.0,GA0210000,Candler County Sheriff's Office,County,True,True,2019-06-01,True,True,srs_return_a_annual,annual_only_but_usable|structurally_missing_or_unreliable,82.0,aligned,mixed_source_2024,aligned,0.0
207,source_policy_disagreement,GA,13.0,GA0590200,Lavonia Police Department,City,True,True,2019-09-01,True,True,srs_return_a_annual,full_monthly|structurally_missing_or_unreliable,82.0,aligned,mixed_source_2024,aligned,0.0
208,source_policy_disagreement,GA,13.0,GA0780200,Jefferson Police Department,City,True,True,2019-09-01,True,True,srs_return_a_annual,full_monthly|structurally_missing_or_unreliable,82.0,aligned,mixed_source_2024,aligned,0.0
209,source_policy_disagreement,GA,13.0,GA0080200,Adairsville Police Department,City,True,True,2018-11-01,True,True,srs_return_a_annual,full_monthly|structurally_missing_or_unreliable,81.0,aligned,mixed_source_2024,aligned,0.0
210,source_policy_disagreement,GA,13.0,GA1590100,Sylvester Police Department,City,True,True,2019-09-01,True,True,srs_return_a_annual,annual_only_but_usable,81.0,aligned,mixed_source_2024,aligned,0.0
211,source_policy_disagreement,GA,13.0,GA1430000,Twiggs County Sheriff's Office,County,True,True,2019-08-01,True,True,srs_return_a_annual,full_monthly|structurally_missing_or_unreliable,80.0,aligned,mixed_source_2024,aligned,0.0
212,source_policy_disagreement,GA,13.0,GA0270100,Summerville Police Department,City,True,True,2020-11-01,True,True,srs_return_a_annual,full_monthly|structurally_missing_or_unreliable,80.0,aligned,mixed_source_2024,aligned,0.0
213,source_policy_disagreement,GA,13.0,GA0540100,Claxton Police Department,City,True,True,2018-12-01,True,True,srs_return_a_annual,full_monthly|structurally_missing_or_unreliable,80.0,aligned,mixed_source_2024,aligned,0.0
214,source_policy_disagreement,GA,13.0,GA0331200,Kennesaw State University,University or College,True,True,2019-08-01,True,True,srs_return_a_annual,full_monthly|structurally_missing_or_unreliable,80.0,aligned,mixed_source_2024,aligned,0.0
215,source_policy_disagreement,GA,13.0,GA1210300,Hephzibah Police Department,City,True,True,2020-10-01,True,True,srs_return_a_annual,full_monthly|structurally_missing_or_unreliable,78.0,aligned,mixed_source_2024,aligned,0.0
216,source_policy_disagreement,GA,13.0,GA1110200,Byron Police Department,City,True,True,2019-05-01,True,True,srs_return_a_annual,full_monthly|structurally_missing_or_unreliable,77.0,aligned,mixed_source_2024,aligned,0.0
217,source_policy_disagreement,GA,13.0,GA0440700,Lithonia Police Department,City,True,True,2019-05-01,True,True,srs_return_a_annual,full_monthly|structurally_missing_or_unreliable,76.0,aligned,mixed_source_2024,aligned,0.0
218,source_policy_disagreement,GA,13.0,GA1440000,Union County Sheriff's Office,County,True,True,2019-06-01,True,True,srs_return_a_annual,full_monthly|structurally_missing_or_unreliable,74.0,aligned,mixed_source_2024,aligned,0.0
219,source_policy_disagreement,GA,13.0,GA0510200,Rincon Police Department,City,True,True,2019-06-01,True,True,srs_return_a_annual,full_monthly|structurally_missing_or_unreliable,73.0,aligned,mixed_source_2024,aligned,0.0
220,source_policy_disagreement,GA,13.0,GA0603700,Fulton County School System,Other,True,True,2019-08-01,True,True,srs_return_a_annual,full_monthly|structurally_missing_or_unreliable,72.0,aligned,mixed_source_2024,aligned,0.0
221,source_policy_disagreement,GA,13.0,GA0410000,Dade County Sheriff's Office,County,True,True,2024-01-01,True,True,srs_return_a_annual,full_monthly|structurally_missing_or_unreliable,71.0,aligned,mixed_source_2024,aligned,0.0
222,source_policy_disagreement,GA,13.0,GA0220400,Temple Police Department,City,True,True,2019-06-01,True,True,srs_return_a_annual,full_monthly|structurally_missing_or_unreliable,71.0,aligned,mixed_source_2024,aligned,0.0
223,source_policy_disagreement,GA,13.0,GA0770100,Ocilla Police Department,City,True,True,2019-07-01,True,True,srs_return_a_annual,full_monthly|structurally_missing_or_unreliable,71.0,aligned,mixed_source_2024,aligned,0.0
224,source_policy_disagreement,GA,13.0,GA0160400,Georgia Southern University,University or College,True,True,2019-09-01,True,True,srs_return_a_annual,annual_only_but_usable|structurally_missing_or_unreliable,71.0,aligned,mixed_source_2024,aligned,0.0
225,source_policy_disagreement,GA,13.0,GA1050000,Murray County Sheriff's Office,County,True,True,2019-06-01,True,True,srs_return_a_annual,full_monthly|structurally_missing_or_unreliable,69.0,aligned,mixed_source_2024,aligned,0.0
226,source_policy_disagreement,GA,13.0,GA0140100,Quitman Police Department,City,True,True,2022-01-01,True,True,srs_return_a_annual,annual_only_but_usable|structurally_missing_or_unreliable,69.0,aligned,mixed_source_2024,aligned,0.0
227,source_policy_disagreement,GA,13.0,GA1120100,Jasper Police Department,City,True,True,2019-09-01,True,True,srs_return_a_annual,full_monthly|structurally_missing_or_unreliable,67.0,aligned,mixed_source_2024,aligned,0.0
228,source_policy_disagreement,GA,13.0,GA1190100,Clayton Police Department,City,True,True,2020-01-01,True,True,srs_return_a_annual,full_monthly|structurally_missing_or_unreliable,66.0,aligned,mixed_source_2024,aligned,0.0
229,source_policy_disagreement,GA,13.0,GA1500100,Sandersville Police Department,City,True,True,2019-06-01,True,True,srs_return_a_annual,structurally_missing_or_unreliable|true_partial,66.0,aligned,mixed_source_2024,aligned,0.0
230,source_policy_disagreement,GA,13.0,GA1340100,McRae Police Department,City,True,True,2020-01-01,True,True,srs_return_a_annual,full_monthly|structurally_missing_or_unreliable,65.0,aligned,mixed_source_2024,aligned,0.0
231,source_policy_disagreement,GA,13.0,GA1540100,Cleveland Police Department,City,True,True,2019-09-01,True,True,srs_return_a_annual,full_monthly|structurally_missing_or_unreliable,64.0,aligned,mixed_source_2024,aligned,0.0
232,source_policy_disagreement,GA,13.0,GA0601300,Fulton County Police Department,County,True,True,2019-08-01,True,True,srs_return_a_annual,full_monthly|structurally_missing_or_unreliable,63.0,aligned,mixed_source_2024,aligned,0.0
233,source_policy_disagreement,GA,13.0,GA0650000,Grady County Sheriff's Office,County,True,True,2019-10-01,True,True,srs_return_a_annual,full_monthly|structurally_missing_or_unreliable,63.0,aligned,mixed_source_2024,aligned,0.0
234,source_policy_disagreement,GA,13.0,GA1030000,Montgomery County Sheriff's Office,County,True,True,2019-07-01,True,True,srs_return_a_annual,full_monthly|structurally_missing_or_unreliable,62.0,aligned,mixed_source_2024,aligned,0.0
235,source_policy_disagreement,GA,13.0,GA1350100,Dawson Police Department,City,True,True,2020-01-01,True,True,srs_return_a_annual,full_monthly|structurally_missing_or_unreliable,62.0,aligned,mixed_source_2024,aligned,0.0
236,source_policy_disagreement,GA,13.0,GA0770000,Irwin County Sheriff's Office,County,True,True,2019-10-01,True,True,srs_return_a_annual,full_monthly|structurally_missing_or_unreliable,57.0,aligned,mixed_source_2024,aligned,0.0
237,source_policy_disagreement,GA,13.0,GA0070200,Auburn Police Department,City,True,True,2020-01-01,True,True,srs_return_a_annual,full_monthly|structurally_missing_or_unreliable,56.0,aligned,mixed_source_2024,aligned,0.0
238,source_policy_disagreement,GA,13.0,GA0750300,Hampton Police Department,City,True,True,2019-09-01,True,True,srs_return_a_annual,full_monthly|structurally_missing_or_unreliable,56.0,aligned,mixed_source_2024,aligned,0.0
239,source_policy_disagreement,GA,13.0,GA0920200,Hahira Police Department,City,True,True,2019-10-01,True,True,srs_return_a_annual,full_monthly,55.0,aligned,mixed_source_2024,aligned,0.0
240,source_policy_disagreement,GA,13.0,GA1110300,Fort Valley State University,University or College,True,True,2019-08-01,True,True,srs_return_a_annual,annual_only_but_usable|structurally_missing_or_unreliable,55.0,aligned,mixed_source_2024,aligned,0.0
241,source_policy_disagreement,GA,13.0,GA1250000,Seminole County Sheriff's Office,County,True,True,2019-10-01,True,True,srs_return_a_annual,structurally_missing_or_unreliable|true_partial,50.0,aligned,mixed_source_2024,aligned,0.0
242,source_policy_disagreement,GA,13.0,GA1530000,Wheeler County Sheriff's Office,County,True,True,2019-11-01,True,True,srs_return_a_annual,structurally_missing_or_unreliable|true_partial,50.0,aligned,mixed_source_2024,aligned,0.0
243,source_policy_disagreement,GA,13.0,GA1400100,Soperton Police Department,City,True,True,2022-01-01,True,True,srs_return_a_annual,full_monthly|structurally_missing_or_unreliable,50.0,aligned,mixed_source_2024,aligned,0.0
244,source_policy_disagreement,GA,13.0,GA0920500,Valdosta State University,University or College,True,True,2019-10-01,True,True,srs_return_a_annual,full_monthly|structurally_missing_or_unreliable,50.0,aligned,mixed_source_2024,aligned,0.0
245,source_policy_disagreement,GA,13.0,GA0020000,Atkinson County Sheriff's Office,County,True,True,2019-10-01,True,True,srs_return_a_annual,full_monthly|structurally_missing_or_unreliable,49.0,aligned,mixed_source_2024,aligned,0.0
246,source_policy_disagreement,GA,13.0,GA0250300,Savannah Police Department,City,True,True,2024-01-01,True,True,srs_return_a_annual,full_monthly|structurally_missing_or_unreliable,49.0,aligned,mixed_source_2024,aligned,0.0
247,source_policy_disagreement,GA,13.0,GA0671700,Georgia Gwinnett College,University or College,True,True,2019-08-01,True,True,srs_return_a_annual,annual_only_but_usable|structurally_missing_or_unreliable,49.0,aligned,mixed_source_2024,aligned,0.0
248,source_policy_disagreement,GA,13.0,GA0331300,Cobb County Board of Education,Other,True,True,2019-10-01,True,True,srs_return_a_annual,lumpy_or_batched|structurally_missing_or_unreliable,48.0,aligned,mixed_source_2024,aligned,0.0
249,source_policy_disagreement,GA,13.0,GA1060400,Columbus State University,University or College,True,True,2020-01-01,True,True,srs_return_a_annual,full_monthly|structurally_missing_or_unreliable,47.0,aligned,mixed_source_2024,aligned,0.0
250,source_policy_disagreement,GA,13.0,GA1020000,Monroe County Sheriff's Office,County,True,True,2019-09-01,True,True,srs_return_a_annual,full_monthly|structurally_missing_or_unreliable,46.0,aligned,mixed_source_2024,aligned,0.0
251,source_policy_disagreement,GA,13.0,GA0360100,Grovetown Police Department,City,True,True,2019-08-01,True,True,srs_return_a_annual,full_monthly|structurally_missing_or_unreliable,46.0,aligned,mixed_source_2024,aligned,0.0
252,source_policy_disagreement,GA,13.0,GA0820100,Millen Police Department,City,True,True,2019-10-01,True,True,srs_return_a_annual,full_monthly,45.0,aligned,mixed_source_2024,aligned,0.0
253,source_policy_disagreement,GA,13.0,GA0220600,University of West Georgia,University or College,True,True,2019-10-01,True,True,srs_return_a_annual,full_monthly|structurally_missing_or_unreliable,45.0,aligned,mixed_source_2024,aligned,0.0
254,source_policy_disagreement,GA,13.0,GA1300000,Talbot County Sheriff's Office,County,True,True,2019-04-01,True,True,srs_return_a_annual,full_monthly|structurally_missing_or_unreliable,44.0,aligned,mixed_source_2024,aligned,0.0
255,source_policy_disagreement,GA,13.0,GA0490000,Early County Sheriff's Office,County,True,True,2019-10-01,True,True,srs_return_a_annual,annual_only_but_usable|structurally_missing_or_unreliable,43.0,aligned,mixed_source_2024,aligned,0.0
256,source_policy_disagreement,GA,13.0,GA0610300,East Ellijay Police Department,City,True,True,2019-12-01,True,True,srs_return_a_annual,full_monthly|structurally_missing_or_unreliable,43.0,aligned,mixed_source_2024,aligned,0.0
257,source_policy_disagreement,GA,13.0,GA0810200,Wadley Police Department,City,True,True,2020-07-01,True,True,srs_return_a_annual,full_monthly|structurally_missing_or_unreliable,43.0,aligned,mixed_source_2024,aligned,0.0
258,source_policy_disagreement,GA,13.0,GA1130100,Blackshear Police Department,City,True,True,2019-10-01,True,True,srs_return_a_annual,full_monthly|structurally_missing_or_unreliable,43.0,aligned,mixed_source_2024,aligned,0.0
259,source_policy_disagreement,GA,13.0,GA0080700,Euharlee Police Department,City,True,True,2020-02-01,True,True,srs_return_a_annual,annual_only_but_usable|structurally_missing_or_unreliable,42.0,aligned,mixed_source_2024,aligned,0.0
260,source_policy_disagreement,GA,13.0,GA0560300,Tyrone Police Department,City,True,True,2019-08-01,True,True,srs_return_a_annual,full_monthly|structurally_missing_or_unreliable,41.0,aligned,mixed_source_2024,aligned,0.0
261,source_policy_disagreement,GA,13.0,GA1420000,Turner County Sheriff's Office,County,True,True,2019-12-01,True,True,srs_return_a_annual,annual_only_but_usable|structurally_missing_or_unreliable,40.0,aligned,mixed_source_2024,aligned,0.0
262,source_policy_disagreement,GA,13.0,GA0250900,Bloomingdale Police Department,City,True,True,2019-09-01,True,True,srs_return_a_annual,full_monthly|structurally_missing_or_unreliable,40.0,aligned,mixed_source_2024,aligned,0.0
263,source_policy_disagreement,GA,13.0,GA1410100,Hogansville Police Department,City,True,True,2019-11-01,True,True,srs_return_a_annual,full_monthly|structurally_missing_or_unreliable,39.0,aligned,mixed_source_2024,aligned,0.0
264,source_policy_disagreement,GA,13.0,GA1450000,Upson County Sheriff's Office,County,True,True,2022-10-01,True,True,srs_return_a_annual,annual_only_but_usable|structurally_missing_or_unreliable,38.0,aligned,mixed_source_2024,aligned,0.0
265,source_policy_disagreement,GA,13.0,GA0660100,Greensboro Police Department,City,True,True,2019-09-01,True,True,srs_return_a_annual,full_monthly|structurally_missing_or_unreliable,38.0,aligned,mixed_source_2024,aligned,0.0
266,source_policy_disagreement,GA,13.0,GA0720000,Harris County Sheriff's Office,County,True,True,2019-12-01,True,True,srs_return_a_annual,full_monthly|structurally_missing_or_unreliable,37.0,aligned,mixed_source_2024,aligned,0.0
267,source_policy_disagreement,GA,13.0,GA1510000,Wayne County Sheriff's Office,County,True,True,2019-10-01,True,True,srs_return_a_annual,lumpy_or_batched|structurally_missing_or_unreliable,37.0,aligned,mixed_source_2024,aligned,0.0
268,source_policy_disagreement,GA,13.0,GA1060000,Muscogee  County Sheriff's Office,County,True,True,2020-01-01,True,True,srs_return_a_annual,structurally_missing_or_unreliable|true_partial,36.0,aligned,mixed_source_2024,aligned,0.0
269,source_policy_disagreement,GA,13.0,GA0300000,Clay County Sheriff's Office,County,True,True,2019-06-01,True,True,srs_return_a_annual,full_monthly|structurally_missing_or_unreliable,35.0,aligned,mixed_source_2024,aligned,0.0
270,source_policy_disagreement,GA,13.0,GA0470500,Dougherty County Board of Education,Other,True,True,2019-07-01,True,True,srs_return_a_annual,full_monthly|structurally_missing_or_unreliable,35.0,aligned,mixed_source_2024,aligned,0.0
271,source_policy_disagreement,GA,13.0,GA0320000,Clinch County Sheriff's Office,County,True,True,2020-07-01,True,True,srs_return_a_annual,annual_only_but_usable|structurally_missing_or_unreliable,32.0,aligned,mixed_source_2024,aligned,0.0
272,source_policy_disagreement,GA,13.0,GA0780400,Arcade Police Department,City,True,True,2019-12-01,True,True,srs_return_a_annual,full_monthly|structurally_missing_or_unreliable,32.0,aligned,mixed_source_2024,aligned,0.0
273,source_policy_disagreement,GA,13.0,GA1050100,Chatsworth Police Department,City,True,True,2019-02-01,True,True,srs_return_a_annual,full_monthly|structurally_missing_or_unreliable,32.0,aligned,mixed_source_2024,aligned,0.0
274,source_policy_disagreement,GA,13.0,GA0980000,Marion County Sheriff's Office,County,True,True,2019-10-01,True,True,srs_return_a_annual,full_monthly|structurally_missing_or_unreliable,31.0,aligned,mixed_source_2024,aligned,0.0
275,source_policy_disagreement,GA,13.0,GA0190100,Arlington Police Department,City,True,True,2021-04-01,True,True,srs_return_a_annual,lumpy_or_batched|structurally_missing_or_unreliable,31.0,aligned,mixed_source_2024,aligned,0.0
276,source_policy_disagreement,GA,13.0,GA0330100,Austell Police Department,City,True,True,2020-01-01,True,True,srs_return_a_annual,annual_only_but_usable|structurally_missing_or_unreliable,31.0,aligned,mixed_source_2024,aligned,0.0
277,source_policy_disagreement,GA,13.0,GA0720300,Shiloh Police Department,City,True,True,2019-06-01,True,True,srs_return_a_annual,annual_only_but_usable|structurally_missing_or_unreliable,31.0,aligned,mixed_source_2024,aligned,0.0
278,source_policy_disagreement,GA,13.0,GA0910000,Long County Sheriff's Office,County,True,True,2019-06-01,True,True,srs_return_a_annual,lumpy_or_batched|structurally_missing_or_unreliable,30.0,aligned,mixed_source_2024,aligned,0.0
279,source_policy_disagreement,GA,13.0,GA1061900,Muscogee County Schools,Other,True,True,2019-10-01,True,True,srs_return_a_annual,annual_only_but_usable|structurally_missing_or_unreliable,30.0,aligned,mixed_source_2024,aligned,0.0
280,source_policy_disagreement,GA,13.0,GA0510300,Springfield Police Department,City,True,True,2019-08-01,True,True,srs_return_a_annual,full_monthly|structurally_missing_or_unreliable,29.0,aligned,mixed_source_2024,aligned,0.0
281,source_policy_disagreement,GA,13.0,GA0610100,Ellijay Police Department,City,True,True,2019-10-01,True,True,srs_return_a_annual,full_monthly|structurally_missing_or_unreliable,29.0,aligned,mixed_source_2024,aligned,0.0
282,source_policy_disagreement,GA,13.0,GA0050300,Georgia College and State University,University or College,True,True,2019-09-01,True,True,srs_return_a_annual,annual_only_but_usable|structurally_missing_or_unreliable,29.0,aligned,mixed_source_2024,aligned,0.0
283,source_policy_disagreement,GA,13.0,GA0670000,Gwinnett County Sheriff's Office,County,True,True,2022-01-01,True,True,srs_return_a_annual,annual_only_but_usable|structurally_missing_or_unreliable,28.0,aligned,mixed_source_2024,aligned,0.0
284,source_policy_disagreement,GA,13.0,GA0900000,Lincoln County Sheriff's Office,County,True,True,2021-07-01,True,True,srs_return_a_annual,structurally_missing_or_unreliable|true_partial,28.0,aligned,mixed_source_2024,aligned,0.0
285,source_policy_disagreement,GA,13.0,GA1070300,Porterdale Police Department,City,True,True,2023-12-01,True,True,srs_return_a_annual,annual_only_but_usable,28.0,aligned,mixed_source_2024,aligned,0.0
286,source_policy_disagreement,GA,13.0,GA0700100,Sparta Police Department,City,True,True,2019-10-01,True,True,srs_return_a_annual,structurally_missing_or_unreliable|true_partial,27.0,aligned,mixed_source_2024,aligned,0.0
287,source_policy_disagreement,GA,13.0,GA0620000,Glascock County Sheriff's Office,County,True,True,2019-10-01,True,True,srs_return_a_annual,full_monthly|structurally_missing_or_unreliable,26.0,aligned,mixed_source_2024,aligned,0.0
288,source_policy_disagreement,GA,13.0,GA0240100,Folkston Police Department,City,True,True,2019-06-01,True,True,srs_return_a_annual,annual_only_but_usable|structurally_missing_or_unreliable,26.0,aligned,mixed_source_2024,aligned,0.0
289,source_policy_disagreement,GA,13.0,GA0600800,Palmetto Police Department,City,True,True,2019-09-01,True,True,srs_return_a_annual,full_monthly|structurally_missing_or_unreliable,26.0,aligned,mixed_source_2024,aligned,0.0
290,source_policy_disagreement,GA,13.0,GA1250100,Donalsonville Police Department,City,True,True,2019-10-01,True,True,srs_return_a_annual,full_monthly|structurally_missing_or_unreliable,26.0,aligned,mixed_source_2024,aligned,0.0
291,source_policy_disagreement,GA,13.0,GA0600000,Fulton County Sheriff's Office,County,True,True,2019-10-01,True,True,srs_return_a_annual,annual_only_but_usable|structurally_missing_or_unreliable,25.0,aligned,mixed_source_2024,aligned,0.0
292,source_policy_disagreement,GA,13.0,GA0250600,Tybee Island Police Department,City,True,True,2019-05-01,True,True,srs_return_a_annual,lumpy_or_batched|structurally_missing_or_unreliable,25.0,aligned,mixed_source_2024,aligned,0.0
293,source_policy_disagreement,GA,13.0,GA0220300,Bowdon Police Department,City,True,True,2019-01-01,True,True,srs_return_a_annual,full_monthly|structurally_missing_or_unreliable,24.0,aligned,mixed_source_2024,aligned,0.0
294,source_policy_disagreement,GA,13.0,GA0380200,Grantville Police Department,City,True,True,2019-10-01,True,True,srs_return_a_annual,annual_only_but_usable|structurally_missing_or_unreliable,23.0,aligned,mixed_source_2024,aligned,0.0
295,source_policy_disagreement,GA,13.0,GA1230100,Ellaville Police Department,City,True,True,2019-10-01,True,True,srs_return_a_annual,full_monthly|structurally_missing_or_unreliable,23.0,aligned,mixed_source_2024,aligned,0.0
296,source_policy_disagreement,GA,13.0,GA1370400,Abraham Baldwin Agricultural College,University or College,True,True,2019-07-01,True,True,srs_return_a_annual,annual_only_but_usable|structurally_missing_or_unreliable,22.0,aligned,mixed_source_2024,aligned,0.0
297,source_policy_disagreement,GA,13.0,GA0310800,Clayton State University,University or College,True,True,2019-01-01,True,True,srs_return_a_annual,annual_only_but_usable|structurally_missing_or_unreliable,21.0,aligned,mixed_source_2024,aligned,0.0
298,source_policy_disagreement,GA,13.0,GA0440000,DeKalb County Sheriff's Office,County,True,True,2020-12-01,True,True,srs_return_a_annual,annual_only_but_usable|structurally_missing_or_unreliable,20.0,aligned,mixed_source_2024,aligned,0.0
299,source_policy_disagreement,GA,13.0,GA1230000,Schley County Sheriff's Office,County,True,True,2019-10-01,True,True,srs_return_a_annual,annual_only_but_usable|structurally_missing_or_unreliable,19.0,aligned,mixed_source_2024,aligned,0.0
300,source_policy_disagreement,GA,13.0,GA0710200,Tallapoosa Police Department,City,True,True,2019-06-01,True,True,srs_return_a_annual,structurally_missing_or_unreliable|true_partial,19.0,aligned,mixed_source_2024,aligned,0.0
301,source_policy_disagreement,GA,13.0,GA1390000,Towns County Sheriff's Office,County,True,True,2019-09-01,True,True,srs_return_a_annual,lumpy_or_batched|structurally_missing_or_unreliable,18.0,aligned,mixed_source_2024,aligned,0.0
302,source_policy_disagreement,GA,13.0,GA0070300,Statham Police Department,City,True,True,2023-03-01,True,True,srs_return_a_annual,annual_only_but_usable|structurally_missing_or_unreliable,18.0,aligned,mixed_source_2024,aligned,0.0
303,source_policy_disagreement,GA,13.0,GA0840100,Gray Police Department,City,True,True,2019-10-01,True,True,srs_return_a_annual,annual_only_but_usable|structurally_missing_or_unreliable,18.0,aligned,mixed_source_2024,aligned,0.0
304,source_policy_disagreement,GA,13.0,GA0920400,Remerton Police Department,City,True,True,2019-06-01,True,True,srs_return_a_annual,lumpy_or_batched|structurally_missing_or_unreliable,18.0,aligned,mixed_source_2024,aligned,0.0
305,source_policy_disagreement,GA,13.0,GA0720100,Pine Mountain Police Department,City,True,True,2019-01-01,True,True,srs_return_a_annual,annual_only_but_usable|structurally_missing_or_unreliable,17.0,aligned,mixed_source_2024,aligned,0.0
306,source_policy_disagreement,GA,13.0,GA0120200,Middle Georgia State University,University or College,True,True,2019-01-01,True,True,srs_return_a_annual,annual_only_but_usable|structurally_missing_or_unreliable,17.0,aligned,mixed_source_2024,aligned,0.0
307,source_policy_disagreement,GA,13.0,GA0252700,Savannah Airport,Other,True,True,2022-08-01,True,True,srs_return_a_annual,lumpy_or_batched|structurally_missing_or_unreliable,17.0,aligned,mixed_source_2024,aligned,0.0
308,source_policy_disagreement,GA,13.0,GA0280700,Cherokee County Board of Education,Other,True,True,2019-10-01,True,True,srs_return_a_annual,annual_only_but_usable|structurally_missing_or_unreliable,17.0,aligned,mixed_source_2024,aligned,0.0
309,source_policy_disagreement,GA,13.0,GA0080600,Emerson Police Department,City,True,True,2019-01-01,True,True,srs_return_a_annual,annual_only_but_usable|structurally_missing_or_unreliable,16.0,aligned,mixed_source_2024,aligned,0.0
310,source_policy_disagreement,GA,13.0,GA0350300,Doerun Police Department,City,True,True,2019-10-01,True,True,srs_return_a_annual,annual_only_but_usable|structurally_missing_or_unreliable,16.0,aligned,mixed_source_2024,aligned,0.0
311,source_policy_disagreement,GA,13.0,GA0880100,Leesburg Police Department,City,True,True,2020-01-01,True,True,srs_return_a_annual,full_monthly|structurally_missing_or_unreliable,16.0,aligned,mixed_source_2024,aligned,0.0
312,source_policy_disagreement,GA,13.0,GA1540200,Helen Police Department,City,True,True,2019-10-01,True,True,srs_return_a_annual,annual_only_but_usable|structurally_missing_or_unreliable,16.0,aligned,mixed_source_2024,aligned,0.0
313,source_policy_disagreement,GA,13.0,GA0470000,Dougherty County Sheriff's Office,County,True,True,2019-10-01,True,True,srs_return_a_annual,annual_only_but_usable|structurally_missing_or_unreliable,15.0,aligned,mixed_source_2024,aligned,0.0
314,source_policy_disagreement,GA,13.0,GA1440100,Blairsville Police Department,City,True,True,2019-10-01,True,True,srs_return_a_annual,annual_only_but_usable|structurally_missing_or_unreliable,15.0,aligned,mixed_source_2024,aligned,0.0
315,source_policy_disagreement,GA,13.0,GA0320100,Homerville Police Department,City,True,True,2018-12-01,True,True,srs_return_a_annual,annual_only_but_usable|structurally_missing_or_unreliable,14.0,aligned,mixed_source_2024,aligned,0.0
316,source_policy_disagreement,GA,13.0,GA0380300,Senoia Police Department,City,True,True,2021-10-01,True,True,srs_return_a_annual,annual_only_but_usable|structurally_missing_or_unreliable,14.0,aligned,mixed_source_2024,aligned,0.0
317,source_policy_disagreement,GA,13.0,GA1470300,Social Circle Police Department,City,True,True,2019-04-01,True,True,srs_return_a_annual,annual_only_but_usable|structurally_missing_or_unreliable,14.0,aligned,mixed_source_2024,aligned,0.0
318,source_policy_disagreement,GA,13.0,GA1200000,Randolph County Sheriff's Office,County,True,True,2019-10-01,True,True,srs_return_a_annual,lumpy_or_batched|structurally_missing_or_unreliable,13.0,aligned,mixed_source_2024,aligned,0.0
319,source_policy_disagreement,GA,13.0,GA1560000,Wilcox County Sheriff's Office,County,True,True,2019-10-01,True,True,srs_return_a_annual,structurally_missing_or_unreliable|true_partial,13.0,aligned,mixed_source_2024,aligned,0.0
320,source_policy_disagreement,GA,13.0,GA0250700,Thunderbolt Police Department,City,True,True,2019-08-01,True,True,srs_return_a_annual,annual_only_but_usable|structurally_missing_or_unreliable,13.0,aligned,mixed_source_2024,aligned,0.0
321,source_policy_disagreement,GA,13.0,GA0570300,Cave Spring Police Department,City,True,True,2019-03-01,True,True,srs_return_a_annual,annual_only_but_usable|structurally_missing_or_unreliable,13.0,aligned,mixed_source_2024,aligned,0.0
322,source_policy_disagreement,GA,13.0,GA1460400,Chickamauga Police Department,City,True,True,2020-01-01,True,True,srs_return_a_annual,annual_only_but_usable|structurally_missing_or_unreliable,13.0,aligned,mixed_source_2024,aligned,0.0
323,source_policy_disagreement,GA,13.0,GA1240100,Sylvania Police Department,City,True,True,2019-07-01,True,True,srs_return_a_annual,full_monthly|structurally_missing_or_unreliable,12.0,aligned,mixed_source_2024,aligned,0.0
324,source_policy_disagreement,GA,13.0,GA0630300,College of Coastal Georgia,University or College,True,True,2019-08-01,True,True,srs_return_a_annual,annual_only_but_usable|structurally_missing_or_unreliable,12.0,aligned,mixed_source_2024,aligned,0.0
325,source_policy_disagreement,GA,13.0,GA1360300,Coolidge Police Department,City,True,True,2019-10-01,True,True,srs_return_a_annual,annual_only_but_usable|structurally_missing_or_unreliable,11.0,aligned,mixed_source_2024,aligned,0.0
326,source_policy_disagreement,GA,13.0,GA0750000,Henry County Sheriff's Office,County,True,True,2019-09-01,True,True,srs_return_a_annual,annual_only_but_usable|structurally_missing_or_unreliable,10.0,aligned,mixed_source_2024,aligned,0.0
327,source_policy_disagreement,GA,13.0,GA1070200,Oxford Police Department,City,True,True,2019-06-01,True,True,srs_return_a_annual,annual_only_but_usable|structurally_missing_or_unreliable,10.0,aligned,mixed_source_2024,aligned,0.0
328,source_policy_disagreement,GA,13.0,GA0850300,Gordon State College,University or College,True,True,2019-09-01,True,True,srs_return_a_annual,lumpy_or_batched|structurally_missing_or_unreliable,10.0,aligned,mixed_source_2024,aligned,0.0
329,source_policy_disagreement,GA,13.0,GA0930200,University of North Georgia,University or College,True,True,2019-08-01,True,True,srs_return_a_annual,annual_only_but_usable|structurally_missing_or_unreliable,10.0,aligned,mixed_source_2024,aligned,0.0
330,source_policy_disagreement,GA,13.0,GA0250800,Ports Authority Savannah,Other State Agency,True,True,2018-12-01,True,True,srs_return_a_annual,annual_only_but_usable|structurally_missing_or_unreliable,10.0,aligned,mixed_source_2024,aligned,0.0
331,source_policy_disagreement,GA,13.0,GA0740100,Franklin Police Department,City,True,True,2019-10-01,True,True,srs_return_a_annual,annual_only_but_usable|structurally_missing_or_unreliable,9.0,aligned,mixed_source_2024,aligned,0.0
332,source_policy_disagreement,GA,13.0,GA0780900,Pendergrass  Police Department,City,True,True,2020-01-01,True,True,srs_return_a_annual,full_monthly|structurally_missing_or_unreliable,9.0,aligned,mixed_source_2024,aligned,0.0
333,source_policy_disagreement,GA,13.0,GA1240300,Newington Police Department,City,True,True,2019-10-01,True,True,srs_return_a_annual,annual_only_but_usable|structurally_missing_or_unreliable,9.0,aligned,mixed_source_2024,aligned,0.0
334,source_policy_disagreement,GA,13.0,GA1370200,Omega Police Department,City,True,True,2019-10-01,True,True,srs_return_a_annual,annual_only_but_usable|structurally_missing_or_unreliable,9.0,aligned,mixed_source_2024,aligned,0.0
335,source_policy_disagreement,GA,13.0,GA1290400,Georgia Southwestern State University,University or College,True,True,2018-12-01,True,True,srs_return_a_annual,annual_only_but_usable|structurally_missing_or_unreliable,9.0,aligned,mixed_source_2024,aligned,0.0
336,source_policy_disagreement,GA,13.0,GA0441100,Stone Mountain Park Police,Other,True,True,2019-09-01,True,True,srs_return_a_annual,annual_only_but_usable|structurally_missing_or_unreliable,9.0,aligned,mixed_source_2024,aligned,0.0
337,source_policy_disagreement,GA,13.0,GA0220700,Mount Zion Police Department,City,True,True,2019-10-01,True,True,srs_return_a_annual,annual_only_but_usable|structurally_missing_or_unreliable,8.0,aligned,mixed_source_2024,aligned,0.0
338,source_policy_disagreement,GA,13.0,GA0440300,Avondale Estates Police Department,City,True,True,2023-12-01,True,True,srs_return_a_annual,structurally_missing_or_unreliable|true_partial,8.0,aligned,mixed_source_2024,aligned,0.0
339,source_policy_disagreement,GA,13.0,GA0960400,Oglethorpe Police Department,City,True,True,2020-07-01,True,True,srs_return_a_annual,lumpy_or_batched|structurally_missing_or_unreliable,8.0,aligned,mixed_source_2024,aligned,0.0
340,source_policy_disagreement,GA,13.0,GA0850000,Lamar County Sheriff's Office,County,True,True,2019-06-01,True,True,srs_return_a_annual,annual_only_but_usable|structurally_missing_or_unreliable,7.0,aligned,mixed_source_2024,aligned,0.0
341,source_policy_disagreement,GA,13.0,GA0160200,Brooklet Police Department,City,True,True,2019-12-01,True,True,srs_return_a_annual,annual_only_but_usable|structurally_missing_or_unreliable,7.0,aligned,mixed_source_2024,aligned,0.0
342,source_policy_disagreement,GA,13.0,GA0340300,Broxton Police Department,City,True,True,2021-01-01,True,True,srs_return_a_annual,annual_only_but_usable|structurally_missing_or_unreliable,7.0,aligned,mixed_source_2024,aligned,0.0
343,source_policy_disagreement,GA,13.0,GA0680500,Baldwin Police Department,City,True,True,2024-01-01,True,True,srs_return_a_annual,structurally_missing_or_unreliable|true_partial,7.0,aligned,mixed_source_2024,aligned,0.0
344,source_policy_disagreement,GA,13.0,GA1140100,Zebulon Police Department,City,True,True,2020-01-01,True,True,srs_return_a_annual,lumpy_or_batched|structurally_missing_or_unreliable,7.0,aligned,mixed_source_2024,aligned,0.0
345,source_policy_disagreement,GA,13.0,GA0110400,Bibb County Board of Education,Other,True,True,2019-10-01,True,True,srs_return_a_annual,annual_only_but_usable|structurally_missing_or_unreliable,7.0,aligned,mixed_source_2024,aligned,0.0
346,source_policy_disagreement,GA,13.0,GA1150000,Polk County Sheriff's Office,County,True,True,2018-12-01,True,True,srs_return_a_annual,annual_only_but_usable|structurally_missing_or_unreliable,6.0,aligned,mixed_source_2024,aligned,0.0
347,source_policy_disagreement,GA,13.0,GA0360200,Harlem Police Department,City,True,True,2019-10-01,True,True,srs_return_a_annual,structurally_missing_or_unreliable|true_partial,6.0,aligned,mixed_source_2024,aligned,0.0
348,source_policy_disagreement,GA,13.0,GA0680300,Demorest Police Department,City,True,True,2019-08-01,True,True,srs_return_a_annual,annual_only_but_usable|structurally_missing_or_unreliable,6.0,aligned,mixed_source_2024,aligned,0.0
349,source_policy_disagreement,GA,13.0,GA0970300,Danielsville Police Department,City,True,True,2019-07-01,True,True,srs_return_a_annual,annual_only_but_usable|structurally_missing_or_unreliable,6.0,aligned,mixed_source_2024,aligned,0.0
350,source_policy_disagreement,GA,13.0,GA1400000,Treutlen County Sheriff's Office,County,True,True,2019-10-01,True,True,srs_return_a_annual,structurally_missing_or_unreliable|true_partial,5.0,aligned,mixed_source_2024,aligned,0.0
351,source_policy_disagreement,GA,13.0,GA0020200,Willacoochee Police Department,City,True,True,2024-02-01,True,True,srs_return_a_annual,lumpy_or_batched|structurally_missing_or_unreliable,5.0,aligned,mixed_source_2024,aligned,0.0
352,source_policy_disagreement,GA,13.0,GA1360200,Boston Police Department,City,True,True,2020-01-01,True,True,srs_return_a_annual,annual_only_but_usable|structurally_missing_or_unreliable,5.0,aligned,mixed_source_2024,aligned,0.0
353,source_policy_disagreement,GA,13.0,GA1460300,Lookout Mountain Police Department,City,True,True,2019-10-01,True,True,srs_return_a_annual,annual_only_but_usable|structurally_missing_or_unreliable,5.0,aligned,mixed_source_2024,aligned,0.0
354,source_policy_disagreement,GA,13.0,GA0710500,West Georgia Technical College,University or College,True,True,2019-03-01,True,True,srs_return_a_annual,annual_only_but_usable|structurally_missing_or_unreliable,5.0,aligned,mixed_source_2024,aligned,0.0
355,source_policy_disagreement,GA,13.0,GA1380000,Toombs County Sheriff's Office,County,True,True,2024-01-01,True,True,srs_return_a_annual,structurally_missing_or_unreliable|true_partial,4.0,aligned,mixed_source_2024,aligned,0.0
356,source_policy_disagreement,GA,13.0,GA0170200,Midville Police Department,City,True,True,2019-08-01,True,True,srs_return_a_annual,annual_only_but_usable|structurally_missing_or_unreliable,4.0,aligned,mixed_source_2024,aligned,0.0
357,source_policy_disagreement,GA,13.0,GA0720400,Hamilton Police Department,City,True,True,2021-01-01,True,True,srs_return_a_annual,annual_only_but_usable|structurally_missing_or_unreliable,4.0,aligned,mixed_source_2024,aligned,0.0
358,source_policy_disagreement,GA,13.0,GA0252400,Savannah Technical College,University or College,True,True,2019-01-01,True,True,srs_return_a_annual,annual_only_but_usable|structurally_missing_or_unreliable,4.0,aligned,mixed_source_2024,aligned,0.0
359,source_policy_disagreement,GA,13.0,GA0340800,Coffee County Board of Education,Other,True,True,2023-01-01,True,True,srs_return_a_annual,annual_only_but_usable|structurally_missing_or_unreliable,4.0,aligned,mixed_source_2024,aligned,0.0
360,source_policy_disagreement,GA,13.0,GA0602700,Fulton County Marshal,Other,True,True,2019-10-01,True,True,srs_return_a_annual,annual_only_but_usable|structurally_missing_or_unreliable,4.0,aligned,mixed_source_2024,aligned,0.0
361,source_policy_disagreement,GA,13.0,GA0500000,Echols County Sheriff's Office,County,True,True,2018-11-01,True,True,srs_return_a_annual,lumpy_or_batched|structurally_missing_or_unreliable,3.0,aligned,mixed_source_2024,aligned,0.0
362,source_policy_disagreement,GA,13.0,GA0570000,Floyd County Sheriff's Office,County,True,True,2019-10-01,True,True,srs_return_a_annual,annual_only_but_usable|structurally_missing_or_unreliable,3.0,aligned,mixed_source_2024,aligned,0.0
363,source_policy_disagreement,GA,13.0,GA0100400,Enigma Police Department,City,True,True,2020-11-01,True,True,srs_return_a_annual,lumpy_or_batched|structurally_missing_or_unreliable,3.0,aligned,mixed_source_2024,aligned,0.0
364,source_policy_disagreement,GA,13.0,GA0170300,Sardis Police Department,City,True,True,2020-01-01,True,True,srs_return_a_annual,lumpy_or_batched|structurally_missing_or_unreliable,3.0,aligned,mixed_source_2024,aligned,0.0
365,source_policy_disagreement,GA,13.0,GA0590500,Franklin Springs Police Department,City,True,True,2018-12-01,True,True,srs_return_a_annual,annual_only_but_usable|structurally_missing_or_unreliable,3.0,aligned,mixed_source_2024,aligned,0.0
366,source_policy_disagreement,GA,13.0,GA0680900,Alto Police Department,City,True,True,2019-01-01,True,True,srs_return_a_annual,annual_only_but_usable|structurally_missing_or_unreliable,3.0,aligned,mixed_source_2024,aligned,0.0
367,source_policy_disagreement,GA,13.0,GA0081100,Georgia Highlands College,University or College,True,True,2020-01-01,True,True,srs_return_a_annual,annual_only_but_usable|structurally_missing_or_unreliable,3.0,aligned,mixed_source_2024,aligned,0.0
368,source_policy_disagreement,GA,13.0,GA0630600,Glynn County School System,Other,True,True,2019-09-01,True,True,srs_return_a_annual,lumpy_or_batched|structurally_missing_or_unreliable,3.0,aligned,mixed_source_2024,aligned,0.0
369,source_policy_disagreement,GA,13.0,GA0080500,White Police Department,City,True,True,2022-09-01,True,True,srs_return_a_annual,lumpy_or_batched|structurally_missing_or_unreliable,2.0,aligned,mixed_source_2024,aligned,0.0
370,source_policy_disagreement,GA,13.0,GA1590300,Warwick Police Department,City,True,True,2019-03-01,True,True,srs_return_a_annual,annual_only_but_usable|structurally_missing_or_unreliable,2.0,aligned,mixed_source_2024,aligned,0.0
371,source_policy_disagreement,GA,13.0,GA0530700,East Georgia State College,University or College,True,True,2024-08-01,True,True,srs_return_a_annual,annual_only_but_usable|structurally_missing_or_unreliable,2.0,aligned,mixed_source_2024,aligned,0.0
372,source_policy_disagreement,GA,13.0,GA0530000,Emanuel County Sheriff's Office,County,True,True,2019-09-01,True,True,srs_return_a_annual,annual_only_but_usable|structurally_missing_or_unreliable,1.0,aligned,mixed_source_2024,aligned,0.0
373,source_policy_disagreement,GA,13.0,GA0080300,Kingston Police Department,City,True,True,2019-08-01,True,True,srs_return_a_annual,annual_only_but_usable|structurally_missing_or_unreliable,1.0,aligned,mixed_source_2024,aligned,0.0
374,source_policy_disagreement,GA,13.0,GA0100200,Alapaha Police Department,City,True,True,2018-12-01,True,True,srs_return_a_annual,annual_only_but_usable|structurally_missing_or_unreliable,1.0,aligned,mixed_source_2024,aligned,0.0
375,source_policy_disagreement,GA,13.0,GA0590400,Canon Police Department,City,True,True,2019-09-01,True,True,srs_return_a_annual,annual_only_but_usable|structurally_missing_or_unreliable,1.0,aligned,mixed_source_2024,aligned,0.0
376,source_policy_disagreement,GA,13.0,GA0720200,Waverly Hall Police Department,City,True,True,2019-08-01,True,True,srs_return_a_annual,annual_only_but_usable|structurally_missing_or_unreliable,1.0,aligned,mixed_source_2024,aligned,0.0
377,source_policy_disagreement,GA,13.0,GA1330100,Butler Police Department,City,True,True,2020-01-01,True,True,srs_return_a_annual,lumpy_or_batched|structurally_missing_or_unreliable,1.0,aligned,mixed_source_2024,aligned,0.0
378,source_policy_disagreement,GA,13.0,GA1530100,Alamo Police Department,City,True,True,2019-07-01,True,True,srs_return_a_annual,lumpy_or_batched|structurally_missing_or_unreliable,1.0,aligned,mixed_source_2024,aligned,0.0
379,source_policy_disagreement,GA,13.0,GA0081000,Chattahoochee Technical College,University or College,True,True,2019-10-01,True,True,srs_return_a_annual,annual_only_but_usable|structurally_missing_or_unreliable,1.0,aligned,mixed_source_2024,aligned,0.0
380,source_policy_disagreement,GA,13.0,GA0445400,Georgia Piedmont Technical College,University or College,True,True,2021-01-01,True,True,srs_return_a_annual,annual_only_but_usable|structurally_missing_or_unreliable,1.0,aligned,mixed_source_2024,aligned,0.0
381,source_policy_disagreement,GA,13.0,GA1260400,Southern Crescent Technical College,University or College,True,True,2019-10-01,True,True,srs_return_a_annual,annual_only_but_usable|structurally_missing_or_unreliable,1.0,aligned,mixed_source_2024,aligned,0.0
382,source_policy_disagreement,GA,13.0,GA0430400,Decatur County Schools,Other,True,True,2019-08-01,True,True,srs_return_a_annual,annual_only_but_usable|structurally_missing_or_unreliable,1.0,aligned,mixed_source_2024,aligned,0.0
383,source_policy_disagreement,GA,13.0,GA0110200,Georgia Forestry Commission,Other State Agency,True,True,2019-09-01,True,True,srs_return_a_annual,annual_only_but_usable|structurally_missing_or_unreliable,1.0,aligned,mixed_source_2024,aligned,0.0
384,present_but_no_2024_observation,GA,13.0,GA0010000,Appling County Sheriff's Office,County,True,True,2019-10-01,False,False,,structurally_missing_or_unreliable,0.0,present_but_no_2024_observation,official_nibrs_started_by_2024_but_repo_no_nibrs,official_nibrs_no_repo_nibrs|official_start_by_2024_but_repo_no_nibrs|no_2024_observation,0.0
385,present_but_no_2024_observation,GA,13.0,GA0060000,Banks County Sheriff's Office,County,True,True,2019-09-01,False,False,,structurally_missing_or_unreliable,0.0,present_but_no_2024_observation,official_nibrs_started_by_2024_but_repo_no_nibrs,official_nibrs_no_repo_nibrs|official_start_by_2024_but_repo_no_nibrs|no_2024_observation,0.0
386,present_but_no_2024_observation,GA,13.0,GA0240000,Charlton County Sheriff's Office,County,True,True,2022-01-01,False,False,,structurally_missing_or_unreliable,0.0,present_but_no_2024_observation,official_nibrs_started_by_2024_but_repo_no_nibrs,official_nibrs_no_repo_nibrs|official_start_by_2024_but_repo_no_nibrs|no_2024_observation,0.0
387,present_but_no_2024_observation,GA,13.0,GA0290000,Clarke County Sheriff's Office,County,True,True,2019-01-01,False,False,,structurally_missing_or_unreliable,0.0,present_but_no_2024_observation,official_nibrs_started_by_2024_but_repo_no_nibrs,official_nibrs_no_repo_nibrs|official_start_by_2024_but_repo_no_nibrs|no_2024_observation,0.0
388,present_but_no_2024_observation,GA,13.0,GA0450000,Dodge County Sheriff's Office,County,True,True,2019-10-01,False,False,,structurally_missing_or_unreliable,0.0,present_but_no_2024_observation,official_nibrs_started_by_2024_but_repo_no_nibrs,official_nibrs_no_repo_nibrs|official_start_by_2024_but_repo_no_nibrs|no_2024_observation,0.0
389,present_but_no_2024_observation,GA,13.0,GA0630000,Glynn County Sheriff's Office,County,True,True,2021-01-01,False,False,,structurally_missing_or_unreliable,0.0,present_but_no_2024_observation,official_nibrs_started_by_2024_but_repo_no_nibrs,official_nibrs_no_repo_nibrs|official_start_by_2024_but_repo_no_nibrs|no_2024_observation,0.0
390,present_but_no_2024_observation,GA,13.0,GA0700000,Hancock County Sheriff's Office,County,True,True,2019-10-01,False,False,,structurally_missing_or_unreliable,0.0,present_but_no_2024_observation,official_nibrs_started_by_2024_but_repo_no_nibrs,official_nibrs_no_repo_nibrs|official_start_by_2024_but_repo_no_nibrs|no_2024_observation,0.0
391,present_but_no_2024_observation,GA,13.0,GA0800000,Jeff Davis County Sheriff's Office,County,True,True,2019-10-01,False,False,,structurally_missing_or_unreliable,0.0,present_but_no_2024_observation,official_nibrs_started_by_2024_but_repo_no_nibrs,official_nibrs_no_repo_nibrs|official_start_by_2024_but_repo_no_nibrs|no_2024_observation,0.0
392,present_but_no_2024_observation,GA,13.0,GA0820000,Jenkins County Sheriff's Office,County,True,True,2020-01-01,False,False,,structurally_missing_or_unreliable,0.0,present_but_no_2024_observation,official_nibrs_started_by_2024_but_repo_no_nibrs,official_nibrs_no_repo_nibrs|official_start_by_2024_but_repo_no_nibrs|no_2024_observation,0.0
393,present_but_no_2024_observation,GA,13.0,GA0890000,Liberty County Sheriff's Office,County,True,True,2018-03-01,False,False,,structurally_missing_or_unreliable,0.0,present_but_no_2024_observation,official_nibrs_started_by_2024_but_repo_no_nibrs,official_nibrs_no_repo_nibrs|official_start_by_2024_but_repo_no_nibrs|no_2024_observation,0.0
394,present_but_no_2024_observation,GA,13.0,GA1090000,Oglethorpe County Sheriff's Office,County,True,True,2020-01-01,False,False,,structurally_missing_or_unreliable,0.0,present_but_no_2024_observation,official_nibrs_started_by_2024_but_repo_no_nibrs,official_nibrs_no_repo_nibrs|official_start_by_2024_but_repo_no_nibrs|no_2024_observation,0.0
395,present_but_no_2024_observation,GA,13.0,GA1110000,Peach County Sheriff's Office,County,True,True,2018-06-01,False,False,,structurally_missing_or_unreliable,0.0,present_but_no_2024_observation,official_nibrs_started_by_2024_but_repo_no_nibrs,official_nibrs_no_repo_nibrs|official_start_by_2024_but_repo_no_nibrs|no_2024_observation,0.0
396,present_but_no_2024_observation,GA,13.0,GA1240000,Screven  County Sheriff's Office,County,True,True,2019-10-01,False,False,,structurally_missing_or_unreliable,0.0,present_but_no_2024_observation,official_nibrs_started_by_2024_but_repo_no_nibrs,official_nibrs_no_repo_nibrs|official_start_by_2024_but_repo_no_nibrs|no_2024_observation,0.0
397,present_but_no_2024_observation,GA,13.0,GA1270000,Stephens County Sheriff's Office,County,True,True,2019-10-01,False,False,,structurally_missing_or_unreliable,0.0,present_but_no_2024_observation,official_nibrs_started_by_2024_but_repo_no_nibrs,official_nibrs_no_repo_nibrs|official_start_by_2024_but_repo_no_nibrs|no_2024_observation,0.0
398,present_but_no_2024_observation,GA,13.0,GA1280000,Stewart County Sheriff's Office,County,True,True,2019-10-01,False,False,,structurally_missing_or_unreliable,0.0,present_but_no_2024_observation,official_nibrs_started_by_2024_but_repo_no_nibrs,official_nibrs_no_repo_nibrs|official_start_by_2024_but_repo_no_nibrs|no_2024_observation,0.0
399,present_but_no_2024_observation,GA,13.0,GA1310000,Taliaferro County Sheriff's Office,County,True,True,2020-12-01,False,False,,structurally_missing_or_unreliable,0.0,present_but_no_2024_observation,official_nibrs_started_by_2024_but_repo_no_nibrs,official_nibrs_no_repo_nibrs|official_start_by_2024_but_repo_no_nibrs|no_2024_observation,0.0
400,present_but_no_2024_observation,GA,13.0,GA1490000,Warren County Sheriff's Office,County,True,True,2022-01-01,False,False,,structurally_missing_or_unreliable,0.0,present_but_no_2024_observation,official_nibrs_started_by_2024_but_repo_no_nibrs,official_nibrs_no_repo_nibrs|official_start_by_2024_but_repo_no_nibrs|no_2024_observation,0.0
401,present_but_no_2024_observation,GA,13.0,GA1500000,Washington County Sheriff's Office,County,True,True,2020-03-01,False,False,,structurally_missing_or_unreliable,0.0,present_but_no_2024_observation,official_nibrs_started_by_2024_but_repo_no_nibrs,official_nibrs_no_repo_nibrs|official_start_by_2024_but_repo_no_nibrs|no_2024_observation,0.0
402,present_but_no_2024_observation,GA,13.0,GA1520000,Webster County Sheriff's Office,County,True,True,2019-07-01,False,False,,structurally_missing_or_unreliable,0.0,present_but_no_2024_observation,official_nibrs_started_by_2024_but_repo_no_nibrs,official_nibrs_no_repo_nibrs|official_start_by_2024_but_repo_no_nibrs|no_2024_observation,0.0
403,present_but_no_2024_observation,GA,13.0,GA1580000,Wilkinson County Sheriff's Office,County,True,True,2019-09-01,False,False,,structurally_missing_or_unreliable,0.0,present_but_no_2024_observation,official_nibrs_started_by_2024_but_repo_no_nibrs,official_nibrs_no_repo_nibrs|official_start_by_2024_but_repo_no_nibrs|no_2024_observation,0.0
404,present_but_no_2024_observation,GA,13.0,GA0040100,Newton Police Department,City,True,True,2021-01-01,False,False,,structurally_missing_or_unreliable,0.0,present_but_no_2024_observation,official_nibrs_started_by_2024_but_repo_no_nibrs,official_nibrs_no_repo_nibrs|official_start_by_2024_but_repo_no_nibrs|no_2024_observation,0.0
405,present_but_no_2024_observation,GA,13.0,GA0130100,Nahunta Police Department,City,True,True,2019-10-01,False,False,,structurally_missing_or_unreliable,0.0,present_but_no_2024_observation,official_nibrs_started_by_2024_but_repo_no_nibrs,official_nibrs_no_repo_nibrs|official_start_by_2024_but_repo_no_nibrs|no_2024_observation,0.0
406,present_but_no_2024_observation,GA,13.0,GA0130200,Hoboken Police Department,City,True,True,2020-01-01,False,False,,structurally_missing_or_unreliable,0.0,present_but_no_2024_observation,official_nibrs_started_by_2024_but_repo_no_nibrs,official_nibrs_no_repo_nibrs|official_start_by_2024_but_repo_no_nibrs|no_2024_observation,0.0
407,present_but_no_2024_observation,GA,13.0,GA0150100,Pembroke Police Department,City,True,True,2019-10-01,False,False,,structurally_missing_or_unreliable,0.0,present_but_no_2024_observation,official_nibrs_started_by_2024_but_repo_no_nibrs,official_nibrs_no_repo_nibrs|official_start_by_2024_but_repo_no_nibrs|no_2024_observation,0.0
408,present_but_no_2024_observation,GA,13.0,GA0180100,Jackson Police Department,City,True,True,2019-10-01,False,False,,structurally_missing_or_unreliable,0.0,present_but_no_2024_observation,official_nibrs_started_by_2024_but_repo_no_nibrs,official_nibrs_no_repo_nibrs|official_start_by_2024_but_repo_no_nibrs|no_2024_observation,0.0
409,present_but_no_2024_observation,GA,13.0,GA0190200,Edison Police Department,City,True,True,2019-10-01,False,False,,structurally_missing_or_unreliable,0.0,present_but_no_2024_observation,official_nibrs_started_by_2024_but_repo_no_nibrs,official_nibrs_no_repo_nibrs|official_start_by_2024_but_repo_no_nibrs|no_2024_observation,0.0
410,present_but_no_2024_observation,GA,13.0,GA0190300,Leary Police Department,City,True,True,2022-01-01,False,False,,structurally_missing_or_unreliable,0.0,present_but_no_2024_observation,official_nibrs_started_by_2024_but_repo_no_nibrs,official_nibrs_no_repo_nibrs|official_start_by_2024_but_repo_no_nibrs|no_2024_observation,0.0
411,present_but_no_2024_observation,GA,13.0,GA0220500,Whitesburg Police Department,City,True,True,2021-01-01,False,False,,structurally_missing_or_unreliable,0.0,present_but_no_2024_observation,official_nibrs_started_by_2024_but_repo_no_nibrs,official_nibrs_no_repo_nibrs|official_start_by_2024_but_repo_no_nibrs|no_2024_observation,0.0
412,present_but_no_2024_observation,GA,13.0,GA0280200,Ball Ground Police Department,City,True,True,2019-09-01,False,False,,structurally_missing_or_unreliable,0.0,present_but_no_2024_observation,official_nibrs_started_by_2024_but_repo_no_nibrs,official_nibrs_no_repo_nibrs|official_start_by_2024_but_repo_no_nibrs|no_2024_observation,0.0
413,present_but_no_2024_observation,GA,13.0,GA0310500,Riverdale Police Department,City,True,True,2019-06-01,False,False,,structurally_missing_or_unreliable,0.0,present_but_no_2024_observation,official_nibrs_started_by_2024_but_repo_no_nibrs,official_nibrs_no_repo_nibrs|official_start_by_2024_but_repo_no_nibrs|no_2024_observation,0.0
414,present_but_no_2024_observation,GA,13.0,GA0350400,Norman Park Police Department,City,True,True,2019-01-01,False,False,,structurally_missing_or_unreliable,0.0,present_but_no_2024_observation,official_nibrs_started_by_2024_but_repo_no_nibrs,official_nibrs_no_repo_nibrs|official_start_by_2024_but_repo_no_nibrs|no_2024_observation,0.0
415,present_but_no_2024_observation,GA,13.0,GA0430200,Attapulgus Police Department,City,True,True,2018-01-01,False,False,,structurally_missing_or_unreliable,0.0,present_but_no_2024_observation,official_nibrs_started_by_2024_but_repo_no_nibrs,official_nibrs_no_repo_nibrs|official_start_by_2024_but_repo_no_nibrs|no_2024_observation,0.0
416,present_but_no_2024_observation,GA,13.0,GA0440500,Clarkston Police Department,City,True,True,2019-08-01,False,False,,structurally_missing_or_unreliable,0.0,present_but_no_2024_observation,official_nibrs_started_by_2024_but_repo_no_nibrs,official_nibrs_no_repo_nibrs|official_start_by_2024_but_repo_no_nibrs|no_2024_observation,0.0
417,present_but_no_2024_observation,GA,13.0,GA0460100,Vienna Police Department,City,True,True,2019-02-01,False,False,,structurally_missing_or_unreliable,0.0,present_but_no_2024_observation,official_nibrs_started_by_2024_but_repo_no_nibrs,official_nibrs_no_repo_nibrs|official_start_by_2024_but_repo_no_nibrs|no_2024_observation,0.0
418,present_but_no_2024_observation,GA,13.0,GA0510100,Guyton Police Department,City,True,True,2021-01-01,False,False,,structurally_missing_or_unreliable,0.0,present_but_no_2024_observation,official_nibrs_started_by_2024_but_repo_no_nibrs,official_nibrs_no_repo_nibrs|official_start_by_2024_but_repo_no_nibrs|no_2024_observation,0.0
419,present_but_no_2024_observation,GA,13.0,GA0530300,Twin City Police Department,City,True,True,2020-07-01,False,False,,structurally_missing_or_unreliable,0.0,present_but_no_2024_observation,official_nibrs_started_by_2024_but_repo_no_nibrs,official_nibrs_no_repo_nibrs|official_start_by_2024_but_repo_no_nibrs|no_2024_observation,0.0
420,present_but_no_2024_observation,GA,13.0,GA0540200,Hagan Police Department,City,True,True,2020-01-01,False,False,,structurally_missing_or_unreliable,0.0,present_but_no_2024_observation,official_nibrs_started_by_2024_but_repo_no_nibrs,official_nibrs_no_repo_nibrs|official_start_by_2024_but_repo_no_nibrs|no_2024_observation,0.0
421,present_but_no_2024_observation,GA,13.0,GA0640100,Calhoun Police Department,City,True,True,2018-01-01,False,False,,structurally_missing_or_unreliable,0.0,present_but_no_2024_observation,official_nibrs_started_by_2024_but_repo_no_nibrs,official_nibrs_no_repo_nibrs|official_start_by_2024_but_repo_no_nibrs|no_2024_observation,0.0
422,present_but_no_2024_observation,GA,13.0,GA0680200,Clarkesville Police Department,City,True,True,2021-03-01,False,False,,structurally_missing_or_unreliable,0.0,present_but_no_2024_observation,official_nibrs_started_by_2024_but_repo_no_nibrs,official_nibrs_no_repo_nibrs|official_start_by_2024_but_repo_no_nibrs|no_2024_observation,0.0
423,present_but_no_2024_observation,GA,13.0,GA0710300,Buchanan Police Department,City,True,True,2019-09-01,False,False,,structurally_missing_or_unreliable,0.0,present_but_no_2024_observation,official_nibrs_started_by_2024_but_repo_no_nibrs,official_nibrs_no_repo_nibrs|official_start_by_2024_but_repo_no_nibrs|no_2024_observation,0.0
424,present_but_no_2024_observation,GA,13.0,GA0780300,Maysville Police Department,City,True,True,2019-08-01,False,False,,structurally_missing_or_unreliable,0.0,present_but_no_2024_observation,official_nibrs_started_by_2024_but_repo_no_nibrs,official_nibrs_no_repo_nibrs|official_start_by_2024_but_repo_no_nibrs|no_2024_observation,0.0
425,present_but_no_2024_observation,GA,13.0,GA0810100,Louisville Police Department,City,True,True,2020-01-01,False,False,,structurally_missing_or_unreliable,0.0,present_but_no_2024_observation,official_nibrs_started_by_2024_but_repo_no_nibrs,official_nibrs_no_repo_nibrs|official_start_by_2024_but_repo_no_nibrs|no_2024_observation,0.0
426,present_but_no_2024_observation,GA,13.0,GA0810300,Wrens Police Department,City,True,True,2019-08-01,False,False,,structurally_missing_or_unreliable,0.0,present_but_no_2024_observation,official_nibrs_started_by_2024_but_repo_no_nibrs,official_nibrs_no_repo_nibrs|official_start_by_2024_but_repo_no_nibrs|no_2024_observation,0.0
427,present_but_no_2024_observation,GA,13.0,GA0810400,Bartow Police Department,City,True,True,2020-01-01,False,False,,structurally_missing_or_unreliable,0.0,present_but_no_2024_observation,official_nibrs_started_by_2024_but_repo_no_nibrs,official_nibrs_no_repo_nibrs|official_start_by_2024_but_repo_no_nibrs|no_2024_observation,0.0
428,present_but_no_2024_observation,GA,13.0,GA0810500,Stapleton Police Department,City,True,True,2020-07-01,False,False,,structurally_missing_or_unreliable,0.0,present_but_no_2024_observation,official_nibrs_started_by_2024_but_repo_no_nibrs,official_nibrs_no_repo_nibrs|official_start_by_2024_but_repo_no_nibrs|no_2024_observation,0.0
429,present_but_no_2024_observation,GA,13.0,GA0850100,Barnesville Police Department,City,True,True,2019-09-01,False,False,,structurally_missing_or_unreliable,0.0,present_but_no_2024_observation,official_nibrs_started_by_2024_but_repo_no_nibrs,official_nibrs_no_repo_nibrs|official_start_by_2024_but_repo_no_nibrs|no_2024_observation,0.0
430,present_but_no_2024_observation,GA,13.0,GA0850200,Milner Police Department,City,True,True,2021-11-01,False,False,,structurally_missing_or_unreliable,0.0,present_but_no_2024_observation,official_nibrs_started_by_2024_but_repo_no_nibrs,official_nibrs_no_repo_nibrs|official_start_by_2024_but_repo_no_nibrs|no_2024_observation,0.0
431,present_but_no_2024_observation,GA,13.0,GA0860100,Lakeland Police Department,City,True,True,2020-09-01,False,False,,structurally_missing_or_unreliable,0.0,present_but_no_2024_observation,official_nibrs_started_by_2024_but_repo_no_nibrs,official_nibrs_no_repo_nibrs|official_start_by_2024_but_repo_no_nibrs|no_2024_observation,0.0
432,present_but_no_2024_observation,GA,13.0,GA0870100,Dublin Police Department,City,True,True,2019-09-01,False,False,,structurally_missing_or_unreliable,0.0,present_but_no_2024_observation,official_nibrs_started_by_2024_but_repo_no_nibrs,official_nibrs_no_repo_nibrs|official_start_by_2024_but_repo_no_nibrs|no_2024_observation,0.0
433,present_but_no_2024_observation,GA,13.0,GA0890200,Midway Police Department,City,True,True,2020-08-01,False,False,,structurally_missing_or_unreliable,0.0,present_but_no_2024_observation,official_nibrs_started_by_2024_but_repo_no_nibrs,official_nibrs_no_repo_nibrs|official_start_by_2024_but_repo_no_nibrs|no_2024_observation,0.0
434,present_but_no_2024_observation,GA,13.0,GA0920300,Lake Park Police Department,City,True,True,2019-12-01,False,False,,structurally_missing_or_unreliable,0.0,present_but_no_2024_observation,official_nibrs_started_by_2024_but_repo_no_nibrs,official_nibrs_no_repo_nibrs|official_start_by_2024_but_repo_no_nibrs|no_2024_observation,0.0
435,present_but_no_2024_observation,GA,13.0,GA0940100,Thomson Police Department,City,True,True,2019-12-01,False,False,,structurally_missing_or_unreliable,0.0,present_but_no_2024_observation,official_nibrs_started_by_2024_but_repo_no_nibrs,official_nibrs_no_repo_nibrs|official_start_by_2024_but_repo_no_nibrs|no_2024_observation,0.0
436,present_but_no_2024_observation,GA,13.0,GA0960100,Montezuma Police Department,City,True,True,2019-08-01,False,False,,structurally_missing_or_unreliable,0.0,present_but_no_2024_observation,official_nibrs_started_by_2024_but_repo_no_nibrs,official_nibrs_no_repo_nibrs|official_start_by_2024_but_repo_no_nibrs|no_2024_observation,0.0
437,present_but_no_2024_observation,GA,13.0,GA0960300,Marshallville Police Department,City,True,True,2019-12-01,False,False,,structurally_missing_or_unreliable,0.0,present_but_no_2024_observation,official_nibrs_started_by_2024_but_repo_no_nibrs,official_nibrs_no_repo_nibrs|official_start_by_2024_but_repo_no_nibrs|no_2024_observation,0.0
438,present_but_no_2024_observation,GA,13.0,GA0980100,Buena Vista Police Department,City,True,True,2019-10-01,False,False,,structurally_missing_or_unreliable,0.0,present_but_no_2024_observation,official_nibrs_started_by_2024_but_repo_no_nibrs,official_nibrs_no_repo_nibrs|official_start_by_2024_but_repo_no_nibrs|no_2024_observation,0.0
439,present_but_no_2024_observation,GA,13.0,GA0990200,Greenville Police Department,City,True,True,2021-01-01,False,False,,structurally_missing_or_unreliable,0.0,present_but_no_2024_observation,official_nibrs_started_by_2024_but_repo_no_nibrs,official_nibrs_no_repo_nibrs|official_start_by_2024_but_repo_no_nibrs|no_2024_observation,0.0
440,present_but_no_2024_observation,GA,13.0,GA0990500,Warm Springs Police Department,City,True,True,2019-07-01,False,False,,structurally_missing_or_unreliable,0.0,present_but_no_2024_observation,official_nibrs_started_by_2024_but_repo_no_nibrs,official_nibrs_no_repo_nibrs|official_start_by_2024_but_repo_no_nibrs|no_2024_observation,0.0
441,present_but_no_2024_observation,GA,13.0,GA1000100,Colquitt Police Department,City,True,True,2019-10-01,False,False,,structurally_missing_or_unreliable,0.0,present_but_no_2024_observation,official_nibrs_started_by_2024_but_repo_no_nibrs,official_nibrs_no_repo_nibrs|official_start_by_2024_but_repo_no_nibrs|no_2024_observation,0.0
442,present_but_no_2024_observation,GA,13.0,GA1010400,Sale City Police Department,City,True,True,2021-08-01,False,False,,structurally_missing_or_unreliable,0.0,present_but_no_2024_observation,official_nibrs_started_by_2024_but_repo_no_nibrs,official_nibrs_no_repo_nibrs|official_start_by_2024_but_repo_no_nibrs|no_2024_observation,0.0
443,present_but_no_2024_observation,GA,13.0,GA1020100,Forsyth Police Department,City,True,True,2019-11-01,False,False,,structurally_missing_or_unreliable,0.0,present_but_no_2024_observation,official_nibrs_started_by_2024_but_repo_no_nibrs,official_nibrs_no_repo_nibrs|official_start_by_2024_but_repo_no_nibrs|no_2024_observation,0.0
444,present_but_no_2024_observation,GA,13.0,GA1050200,Eton Police Department,City,True,True,2019-08-01,False,False,,structurally_missing_or_unreliable,0.0,present_but_no_2024_observation,official_nibrs_started_by_2024_but_repo_no_nibrs,official_nibrs_no_repo_nibrs|official_start_by_2024_but_repo_no_nibrs|no_2024_observation,0.0
445,present_but_no_2024_observation,GA,13.0,GA1100400,Braswell  Police Department,City,True,True,2019-10-01,False,False,,structurally_missing_or_unreliable,0.0,present_but_no_2024_observation,official_nibrs_started_by_2024_but_repo_no_nibrs,official_nibrs_no_repo_nibrs|official_start_by_2024_but_repo_no_nibrs|no_2024_observation,0.0
446,present_but_no_2024_observation,GA,13.0,GA1110100,Fort Valley Police Department,City,True,True,2019-10-01,False,False,,structurally_missing_or_unreliable,0.0,present_but_no_2024_observation,official_nibrs_started_by_2024_but_repo_no_nibrs,official_nibrs_no_repo_nibrs|official_start_by_2024_but_repo_no_nibrs|no_2024_observation,0.0
447,present_but_no_2024_observation,GA,13.0,GA1130200,Patterson Police Department,City,True,True,2022-01-01,False,False,,structurally_missing_or_unreliable,0.0,present_but_no_2024_observation,official_nibrs_started_by_2024_but_repo_no_nibrs,official_nibrs_no_repo_nibrs|official_start_by_2024_but_repo_no_nibrs|no_2024_observation,0.0
448,present_but_no_2024_observation,GA,13.0,GA1190300,Tallulah Falls Police Department,City,True,True,2020-01-01,False,False,,structurally_missing_or_unreliable,0.0,present_but_no_2024_observation,official_nibrs_started_by_2024_but_repo_no_nibrs,official_nibrs_no_repo_nibrs|official_start_by_2024_but_repo_no_nibrs|no_2024_observation,0.0
449,present_but_no_2024_observation,GA,13.0,GA1190400,Dillard Police Department,City,True,True,2019-10-01,False,False,,structurally_missing_or_unreliable,0.0,present_but_no_2024_observation,official_nibrs_started_by_2024_but_repo_no_nibrs,official_nibrs_no_repo_nibrs|official_start_by_2024_but_repo_no_nibrs|no_2024_observation,0.0
450,present_but_no_2024_observation,GA,13.0,GA1200100,Cuthbert Police Department,City,True,True,2023-01-01,False,False,,structurally_missing_or_unreliable,0.0,present_but_no_2024_observation,official_nibrs_started_by_2024_but_repo_no_nibrs,official_nibrs_no_repo_nibrs|official_start_by_2024_but_repo_no_nibrs|no_2024_observation,0.0
451,present_but_no_2024_observation,GA,13.0,GA1210800,Blythe Police Department,City,True,True,2018-12-01,False,False,,structurally_missing_or_unreliable,0.0,present_but_no_2024_observation,official_nibrs_started_by_2024_but_repo_no_nibrs,official_nibrs_no_repo_nibrs|official_start_by_2024_but_repo_no_nibrs|no_2024_observation,0.0
452,present_but_no_2024_observation,GA,13.0,GA1290200,Leslie Police Department,City,True,True,2020-01-01,False,False,,structurally_missing_or_unreliable,0.0,present_but_no_2024_observation,official_nibrs_started_by_2024_but_repo_no_nibrs,official_nibrs_no_repo_nibrs|official_start_by_2024_but_repo_no_nibrs|no_2024_observation,0.0
453,present_but_no_2024_observation,GA,13.0,GA1320100,Glennville Police Department,City,True,True,2019-10-01,False,False,,structurally_missing_or_unreliable,0.0,present_but_no_2024_observation,official_nibrs_started_by_2024_but_repo_no_nibrs,official_nibrs_no_repo_nibrs|official_start_by_2024_but_repo_no_nibrs|no_2024_observation,0.0
454,present_but_no_2024_observation,GA,13.0,GA1330200,Reynolds Police Department,City,True,True,2020-01-01,False,False,,structurally_missing_or_unreliable,0.0,present_but_no_2024_observation,official_nibrs_started_by_2024_but_repo_no_nibrs,official_nibrs_no_repo_nibrs|official_start_by_2024_but_repo_no_nibrs|no_2024_observation,0.0
455,present_but_no_2024_observation,GA,13.0,GA1390100,Hiawassee Police Department,City,True,True,2019-09-01,False,False,,structurally_missing_or_unreliable,0.0,present_but_no_2024_observation,official_nibrs_started_by_2024_but_repo_no_nibrs,official_nibrs_no_repo_nibrs|official_start_by_2024_but_repo_no_nibrs|no_2024_observation,0.0
456,present_but_no_2024_observation,GA,13.0,GA1410300,West Point Police Department,City,True,True,2019-10-01,False,False,,structurally_missing_or_unreliable,0.0,present_but_no_2024_observation,official_nibrs_started_by_2024_but_repo_no_nibrs,official_nibrs_no_repo_nibrs|official_start_by_2024_but_repo_no_nibrs|no_2024_observation,0.0
457,present_but_no_2024_observation,GA,13.0,GA1460200,Rossville Police Department,City,True,True,2019-10-01,False,False,,structurally_missing_or_unreliable,0.0,present_but_no_2024_observation,official_nibrs_started_by_2024_but_repo_no_nibrs,official_nibrs_no_repo_nibrs|official_start_by_2024_but_repo_no_nibrs|no_2024_observation,0.0
458,present_but_no_2024_observation,GA,13.0,GA1490100,Warrenton Police Department,City,True,True,2020-01-01,False,False,,structurally_missing_or_unreliable,0.0,present_but_no_2024_observation,official_nibrs_started_by_2024_but_repo_no_nibrs,official_nibrs_no_repo_nibrs|official_start_by_2024_but_repo_no_nibrs|no_2024_observation,0.0
459,present_but_no_2024_observation,GA,13.0,GA1500300,Davisboro Police Department,City,True,True,2019-10-01,False,False,,structurally_missing_or_unreliable,0.0,present_but_no_2024_observation,official_nibrs_started_by_2024_but_repo_no_nibrs,official_nibrs_no_repo_nibrs|official_start_by_2024_but_repo_no_nibrs|no_2024_observation,0.0
460,present_but_no_2024_observation,GA,13.0,GA1510200,Screven Police Department,City,True,True,2022-12-01,False,False,,structurally_missing_or_unreliable,0.0,present_but_no_2024_observation,official_nibrs_started_by_2024_but_repo_no_nibrs,official_nibrs_no_repo_nibrs|official_start_by_2024_but_repo_no_nibrs|no_2024_observation,0.0
461,present_but_no_2024_observation,GA,13.0,GA1550200,Tunnel Hill Police Department,City,True,True,2020-02-01,False,False,,structurally_missing_or_unreliable,0.0,present_but_no_2024_observation,official_nibrs_started_by_2024_but_repo_no_nibrs,official_nibrs_no_repo_nibrs|official_start_by_2024_but_repo_no_nibrs|no_2024_observation,0.0
462,present_but_no_2024_observation,GA,13.0,GA1550300,Cohutta Police Department,City,True,True,2020-02-01,False,False,,structurally_missing_or_unreliable,0.0,present_but_no_2024_observation,official_nibrs_started_by_2024_but_repo_no_nibrs,official_nibrs_no_repo_nibrs|official_start_by_2024_but_repo_no_nibrs|no_2024_observation,0.0
463,present_but_no_2024_observation,GA,13.0,GA1560100,Abbeville Police Department,City,True,True,2018-12-01,False,False,,structurally_missing_or_unreliable,0.0,present_but_no_2024_observation,official_nibrs_started_by_2024_but_repo_no_nibrs,official_nibrs_no_repo_nibrs|official_start_by_2024_but_repo_no_nibrs|no_2024_observation,0.0
464,present_but_no_2024_observation,GA,13.0,GA1580100,Gordon Police Department,City,True,True,2019-02-01,False,False,,structurally_missing_or_unreliable,0.0,present_but_no_2024_observation,official_nibrs_started_by_2024_but_repo_no_nibrs,official_nibrs_no_repo_nibrs|official_start_by_2024_but_repo_no_nibrs|no_2024_observation,0.0
465,present_but_no_2024_observation,GA,13.0,GA1580200,Irwinton Police Department,City,True,True,2020-01-01,False,False,,structurally_missing_or_unreliable,0.0,present_but_no_2024_observation,official_nibrs_started_by_2024_but_repo_no_nibrs,official_nibrs_no_repo_nibrs|official_start_by_2024_but_repo_no_nibrs|no_2024_observation,0.0
466,present_but_no_2024_observation,GA,13.0,GA1580300,McIntyre Police Department,City,True,True,2019-10-01,False,False,,structurally_missing_or_unreliable,0.0,present_but_no_2024_observation,official_nibrs_started_by_2024_but_repo_no_nibrs,official_nibrs_no_repo_nibrs|official_start_by_2024_but_repo_no_nibrs|no_2024_observation,0.0
467,present_but_no_2024_observation,GA,13.0,GA1580500,Ivey Police Department,City,True,True,2019-02-01,False,False,,structurally_missing_or_unreliable,0.0,present_but_no_2024_observation,official_nibrs_started_by_2024_but_repo_no_nibrs,official_nibrs_no_repo_nibrs|official_start_by_2024_but_repo_no_nibrs|no_2024_observation,0.0
468,present_but_no_2024_observation,GA,13.0,GA1590200,Poulan Police Department,City,True,True,2021-01-01,False,False,,structurally_missing_or_unreliable,0.0,present_but_no_2024_observation,official_nibrs_started_by_2024_but_repo_no_nibrs,official_nibrs_no_repo_nibrs|official_start_by_2024_but_repo_no_nibrs|no_2024_observation,0.0
469,present_but_no_2024_observation,GA,13.0,GA0050400,Georgia Military College,University or College,True,True,2020-02-01,False,False,,structurally_missing_or_unreliable,0.0,present_but_no_2024_observation,official_nibrs_started_by_2024_but_repo_no_nibrs,official_nibrs_no_repo_nibrs|official_start_by_2024_but_repo_no_nibrs|no_2024_observation,0.0
470,present_but_no_2024_observation,GA,13.0,GA0290900,Athens Technical College,University or College,True,True,2019-01-01,False,False,,structurally_missing_or_unreliable,0.0,present_but_no_2024_observation,official_nibrs_started_by_2024_but_repo_no_nibrs,official_nibrs_no_repo_nibrs|official_start_by_2024_but_repo_no_nibrs|no_2024_observation,0.0
471,present_but_no_2024_observation,GA,13.0,GA0340500,South Georgia State College,University or College,True,True,2019-08-01,False,False,,structurally_missing_or_unreliable,0.0,present_but_no_2024_observation,official_nibrs_started_by_2024_but_repo_no_nibrs,official_nibrs_no_repo_nibrs|official_start_by_2024_but_repo_no_nibrs|no_2024_observation,0.0
472,present_but_no_2024_observation,GA,13.0,GA0430900,Southern Regional Technical College,University or College,True,True,2019-05-01,False,False,,structurally_missing_or_unreliable,0.0,present_but_no_2024_observation,official_nibrs_started_by_2024_but_repo_no_nibrs,official_nibrs_no_repo_nibrs|official_start_by_2024_but_repo_no_nibrs|no_2024_observation,0.0
473,present_but_no_2024_observation,GA,13.0,GA0471100,Albany Technical College,University or College,True,True,2019-10-01,False,False,,structurally_missing_or_unreliable,0.0,present_but_no_2024_observation,official_nibrs_started_by_2024_but_repo_no_nibrs,official_nibrs_no_repo_nibrs|official_start_by_2024_but_repo_no_nibrs|no_2024_observation,0.0
474,present_but_no_2024_observation,GA,13.0,GA0571400,Georgia Northwestern Technical College,University or College,True,True,2021-01-01,False,False,,structurally_missing_or_unreliable,0.0,present_but_no_2024_observation,official_nibrs_started_by_2024_but_repo_no_nibrs,official_nibrs_no_repo_nibrs|official_start_by_2024_but_repo_no_nibrs|no_2024_observation,0.0
475,present_but_no_2024_observation,GA,13.0,GA0604200,Atlanta Metropolitan State College,University or College,True,True,2019-01-01,False,False,,structurally_missing_or_unreliable,0.0,present_but_no_2024_observation,official_nibrs_started_by_2024_but_repo_no_nibrs,official_nibrs_no_repo_nibrs|official_start_by_2024_but_repo_no_nibrs|no_2024_observation,0.0
476,present_but_no_2024_observation,GA,13.0,GA0609900,Atlanta Technical College,University or College,True,True,2019-02-01,False,False,,structurally_missing_or_unreliable,0.0,present_but_no_2024_observation,official_nibrs_started_by_2024_but_repo_no_nibrs,official_nibrs_no_repo_nibrs|official_start_by_2024_but_repo_no_nibrs|no_2024_observation,0.0
477,present_but_no_2024_observation,GA,13.0,GA0671800,Gwinnett Technical College,University or College,True,True,2019-10-01,False,False,,structurally_missing_or_unreliable,0.0,present_but_no_2024_observation,official_nibrs_started_by_2024_but_repo_no_nibrs,official_nibrs_no_repo_nibrs|official_start_by_2024_but_repo_no_nibrs|no_2024_observation,0.0
478,present_but_no_2024_observation,GA,13.0,GA068089E,Piedmont College ,University or College,True,True,2019-02-01,False,False,,,0.0,present_but_no_2024_observation,official_nibrs_started_by_2024_but_repo_no_nibrs,official_nibrs_no_repo_nibrs|official_start_by_2024_but_repo_no_nibrs|no_2024_observation,0.0
479,present_but_no_2024_observation,GA,13.0,GA1212100,Augusta Technical College,University or College,True,True,2019-12-01,False,False,,structurally_missing_or_unreliable,0.0,present_but_no_2024_observation,official_nibrs_started_by_2024_but_repo_no_nibrs,official_nibrs_no_repo_nibrs|official_start_by_2024_but_repo_no_nibrs|no_2024_observation,0.0
480,present_but_no_2024_observation,GA,13.0,GA139039E,Young Harris College,University or College,True,True,2019-10-01,False,False,,,0.0,present_but_no_2024_observation,official_nibrs_started_by_2024_but_repo_no_nibrs,official_nibrs_no_repo_nibrs|official_start_by_2024_but_repo_no_nibrs|no_2024_observation,0.0
481,present_but_no_2024_observation,GA,13.0,GA1550500,Dalton State College,University or College,True,True,2020-02-01,False,False,,structurally_missing_or_unreliable,0.0,present_but_no_2024_observation,official_nibrs_started_by_2024_but_repo_no_nibrs,official_nibrs_no_repo_nibrs|official_start_by_2024_but_repo_no_nibrs|no_2024_observation,0.0
482,present_but_no_2024_observation,GA,13.0,GA0251600,Chatham County Board of Education,Other,True,True,2019-12-01,False,False,,structurally_missing_or_unreliable,0.0,present_but_no_2024_observation,official_nibrs_started_by_2024_but_repo_no_nibrs,official_nibrs_no_repo_nibrs|official_start_by_2024_but_repo_no_nibrs|no_2024_observation,0.0
483,present_but_no_2024_observation,GA,13.0,GA0280900,Cherokee County Marshal,Other,True,True,2019-02-01,False,False,,structurally_missing_or_unreliable,0.0,present_but_no_2024_observation,official_nibrs_started_by_2024_but_repo_no_nibrs,official_nibrs_no_repo_nibrs|official_start_by_2024_but_repo_no_nibrs|no_2024_observation,0.0
484,present_but_no_2024_observation,GA,13.0,GA0445100,DeKalb County School System,Other,True,True,2019-09-01,False,False,,structurally_missing_or_unreliable,0.0,present_but_no_2024_observation,official_nibrs_started_by_2024_but_repo_no_nibrs,official_nibrs_no_repo_nibrs|official_start_by_2024_but_repo_no_nibrs|no_2024_observation,0.0
485,present_but_no_2024_observation,GA,13.0,GA0480600,Douglas County Schools,Other,True,True,2023-03-01,False,False,,structurally_missing_or_unreliable,0.0,present_but_no_2024_observation,official_nibrs_started_by_2024_but_repo_no_nibrs,official_nibrs_no_repo_nibrs|official_start_by_2024_but_repo_no_nibrs|no_2024_observation,0.0
486,present_but_no_2024_observation,GA,13.0,GA0560400,Fayette County Marshal,Other,True,True,2019-10-01,False,False,,structurally_missing_or_unreliable,0.0,present_but_no_2024_observation,official_nibrs_started_by_2024_but_repo_no_nibrs,official_nibrs_no_repo_nibrs|official_start_by_2024_but_repo_no_nibrs|no_2024_observation,0.0
487,present_but_no_2024_observation,GA,13.0,GA0580300,Forsyth County Fire Investigation Unit,Other,True,True,2019-07-01,False,False,,structurally_missing_or_unreliable,0.0,present_but_no_2024_observation,official_nibrs_started_by_2024_but_repo_no_nibrs,official_nibrs_no_repo_nibrs|official_start_by_2024_but_repo_no_nibrs|no_2024_observation,0.0
488,present_but_no_2024_observation,GA,13.0,GA0650500,Grady County Schools,Other,True,True,2021-01-01,False,False,,structurally_missing_or_unreliable,0.0,present_but_no_2024_observation,official_nibrs_started_by_2024_but_repo_no_nibrs,official_nibrs_no_repo_nibrs|official_start_by_2024_but_repo_no_nibrs|no_2024_observation,0.0
489,present_but_no_2024_observation,GA,13.0,GA0690600,Hall County Marshal,Other,True,True,2018-12-01,False,False,,structurally_missing_or_unreliable,0.0,present_but_no_2024_observation,official_nibrs_started_by_2024_but_repo_no_nibrs,official_nibrs_no_repo_nibrs|official_start_by_2024_but_repo_no_nibrs|no_2024_observation,0.0
490,present_but_no_2024_observation,GA,13.0,GA1100300,Paulding County Marshal,Other,True,True,2020-02-01,False,False,,structurally_missing_or_unreliable,0.0,present_but_no_2024_observation,official_nibrs_started_by_2024_but_repo_no_nibrs,official_nibrs_no_repo_nibrs|official_start_by_2024_but_repo_no_nibrs|no_2024_observation,0.0
491,present_but_no_2024_observation,GA,13.0,GA1210700,Richmond County Marshal,Other,True,True,2020-08-01,False,False,,structurally_missing_or_unreliable,0.0,present_but_no_2024_observation,official_nibrs_started_by_2024_but_repo_no_nibrs,official_nibrs_no_repo_nibrs|official_start_by_2024_but_repo_no_nibrs|no_2024_observation,0.0
492,present_but_no_2024_observation,GA,13.0,GA1430400,Twiggs County Board of Education,Other,True,True,2021-10-01,False,False,,structurally_missing_or_unreliable,0.0,present_but_no_2024_observation,official_nibrs_started_by_2024_but_repo_no_nibrs,official_nibrs_no_repo_nibrs|official_start_by_2024_but_repo_no_nibrs|no_2024_observation,0.0
493,present_but_no_2024_observation,GA,13.0,GA1440200,Union County Schools,Other,True,True,2022-02-01,False,False,,structurally_missing_or_unreliable,0.0,present_but_no_2024_observation,official_nibrs_started_by_2024_but_repo_no_nibrs,official_nibrs_no_repo_nibrs|official_start_by_2024_but_repo_no_nibrs|no_2024_observation,0.0
494,present_but_no_2024_observation,GA,13.0,GA1500600,Washington County Board of Education,Other,True,True,2019-10-01,False,False,,structurally_missing_or_unreliable,0.0,present_but_no_2024_observation,official_nibrs_started_by_2024_but_repo_no_nibrs,official_nibrs_no_repo_nibrs|official_start_by_2024_but_repo_no_nibrs|no_2024_observation,0.0
495,present_but_no_2024_observation,GA,13.0,GA0602000,"Georgia Department of Transportation, Office of Investigations",Other State Agency,True,True,2019-10-01,False,False,,structurally_missing_or_unreliable,0.0,present_but_no_2024_observation,official_nibrs_started_by_2024_but_repo_no_nibrs,official_nibrs_no_repo_nibrs|official_start_by_2024_but_repo_no_nibrs|no_2024_observation,0.0
496,present_but_no_2024_observation,GA,13.0,GA060495Y,State Board of Workers Compensation Fraud Investigation Division,Other State Agency,True,True,2019-11-01,False,False,,,0.0,present_but_no_2024_observation,official_nibrs_started_by_2024_but_repo_no_nibrs,official_nibrs_no_repo_nibrs|official_start_by_2024_but_repo_no_nibrs|no_2024_observation,0.0
497,present_but_no_2024_observation,GA,13.0,GA0990800,Roosevelt Institute Facility Police,Other State Agency,True,True,2019-12-01,False,False,,structurally_missing_or_unreliable,0.0,present_but_no_2024_observation,official_nibrs_started_by_2024_but_repo_no_nibrs,official_nibrs_no_repo_nibrs|official_start_by_2024_but_repo_no_nibrs|no_2024_observation,0.0
498,present_but_no_2024_observation,GA,13.0,GA1020300,Georgia Public Safety Training Center,Other State Agency,True,True,2019-10-01,False,False,,structurally_missing_or_unreliable,0.0,present_but_no_2024_observation,official_nibrs_started_by_2024_but_repo_no_nibrs,official_nibrs_no_repo_nibrs|official_start_by_2024_but_repo_no_nibrs|no_2024_observation,0.0
499,present_but_no_2024_observation,GA,13.0,GAGBI0000,Georgia Bureau of Investigation: Headquarters,Other State Agency,True,True,2021-05-01,False,False,,structurally_missing_or_unreliable,0.0,present_but_no_2024_observation,official_nibrs_started_by_2024_but_repo_no_nibrs,official_nibrs_no_repo_nibrs|official_start_by_2024_but_repo_no_nibrs|no_2024_observation,0.0
500,present_but_no_2024_observation,GA,13.0,GA0030000,Bacon County Sheriff's Office,County,False,False,,False,False,,structurally_missing_or_unreliable,0.0,present_but_no_2024_observation,aligned_or_mixed,no_2024_observation,0.0
501,present_but_no_2024_observation,GA,13.0,GA0040000,Baker County Sheriff's Office,County,False,False,,False,False,,structurally_missing_or_unreliable,0.0,present_but_no_2024_observation,aligned_or_mixed,no_2024_observation,0.0
502,present_but_no_2024_observation,GA,13.0,GA0190000,Calhoun County Sheriff's Office,County,False,False,,False,False,,structurally_missing_or_unreliable,0.0,present_but_no_2024_observation,aligned_or_mixed,no_2024_observation,0.0
503,present_but_no_2024_observation,GA,13.0,GA0250000,Chatham County Sheriff's Office,County,False,False,,False,False,,structurally_missing_or_unreliable,0.0,present_but_no_2024_observation,aligned_or_mixed,no_2024_observation,0.0
504,present_but_no_2024_observation,GA,13.0,GA0250100,Chatham County Police Department,County,False,False,,False,False,,structurally_missing_or_unreliable,0.0,present_but_no_2024_observation,aligned_or_mixed,no_2024_observation,0.0
505,present_but_no_2024_observation,GA,13.0,GA0260000,Chattahoochee County Sheriff's Office,County,False,False,,False,False,,structurally_missing_or_unreliable,0.0,present_but_no_2024_observation,aligned_or_mixed,no_2024_observation,0.0
506,present_but_no_2024_observation,GA,13.0,GA0350000,Colquitt  County Sheriff's Office,County,False,False,,False,False,,structurally_missing_or_unreliable,0.0,present_but_no_2024_observation,aligned_or_mixed,no_2024_observation,0.0
507,present_but_no_2024_observation,GA,13.0,GA0460000,Dooly County Sheriff's Office,County,False,False,,False,False,,structurally_missing_or_unreliable,0.0,present_but_no_2024_observation,aligned_or_mixed,no_2024_observation,0.0
508,present_but_no_2024_observation,GA,13.0,GA0540000,Evans County Sheriff's Office,County,True,False,2025-01-01,False,False,,structurally_missing_or_unreliable,0.0,present_but_no_2024_observation,official_nibrs_start_after_2024,no_2024_observation,0.0
509,present_but_no_2024_observation,GA,13.0,GA0760000,Houston County Sheriff's Office,County,False,False,,False,False,,structurally_missing_or_unreliable,0.0,present_but_no_2024_observation,aligned_or_mixed,no_2024_observation,0.0
510,present_but_no_2024_observation,GA,13.0,GA0830000,Johnson County Sheriff's Office,County,False,False,,False,False,,structurally_missing_or_unreliable,0.0,present_but_no_2024_observation,aligned_or_mixed,no_2024_observation,0.0
511,present_but_no_2024_observation,GA,13.0,GA0960000,Macon County Sheriff's Office,County,False,False,,False,False,,structurally_missing_or_unreliable,0.0,present_but_no_2024_observation,aligned_or_mixed,no_2024_observation,0.0
512,present_but_no_2024_observation,GA,13.0,GA1000000,Miller County Sheriff's Office,County,False,False,,False,False,,structurally_missing_or_unreliable,0.0,present_but_no_2024_observation,aligned_or_mixed,no_2024_observation,0.0
513,present_but_no_2024_observation,GA,13.0,GA1040000,Morgan County Sheriff's Office,County,False,False,,False,False,,structurally_missing_or_unreliable,0.0,present_but_no_2024_observation,aligned_or_mixed,no_2024_observation,0.0
514,present_but_no_2024_observation,GA,13.0,GA1180000,Quitman County Sheriff's Office,County,False,False,,False,False,,structurally_missing_or_unreliable,0.0,present_but_no_2024_observation,aligned_or_mixed,no_2024_observation,0.0
515,present_but_no_2024_observation,GA,13.0,GA1330000,Taylor County Sheriff's Office,County,False,False,,False,False,,structurally_missing_or_unreliable,0.0,present_but_no_2024_observation,aligned_or_mixed,no_2024_observation,0.0
516,present_but_no_2024_observation,GA,13.0,GA1340000,Telfair County Sheriff's Office,County,False,False,,False,False,,structurally_missing_or_unreliable,0.0,present_but_no_2024_observation,aligned_or_mixed,no_2024_observation,0.0
517,present_but_no_2024_observation,GA,13.0,GA1350000,Terrell County Sheriff's Office,County,False,False,,False,False,,structurally_missing_or_unreliable,0.0,present_but_no_2024_observation,aligned_or_mixed,no_2024_observation,0.0
518,present_but_no_2024_observation,GA,13.0,GA1460000,Walker County Sheriff's Office,County,False,False,,False,False,,structurally_missing_or_unreliable,0.0,present_but_no_2024_observation,aligned_or_mixed,no_2024_observation,0.0
519,present_but_no_2024_observation,GA,13.0,GA0010300,Graham Police Department,City,False,False,,False,False,,structurally_missing_or_unreliable,0.0,present_but_no_2024_observation,aligned_or_mixed,no_2024_observation,0.0
520,present_but_no_2024_observation,GA,13.0,GA0020100,Pearson Police Department,City,False,False,,False,False,,structurally_missing_or_unreliable,0.0,present_but_no_2024_observation,aligned_or_mixed,no_2024_observation,0.0
521,present_but_no_2024_observation,GA,13.0,GA0100300,Ray City Police Department,City,False,False,,False,False,,structurally_missing_or_unreliable,0.0,present_but_no_2024_observation,aligned_or_mixed,no_2024_observation,0.0
522,present_but_no_2024_observation,GA,13.0,GA0140200,Morven Police Department,City,False,False,,False,False,,structurally_missing_or_unreliable,0.0,present_but_no_2024_observation,aligned_or_mixed,no_2024_observation,0.0
523,present_but_no_2024_observation,GA,13.0,GA0160300,Portal Police Department,City,False,False,,False,False,,structurally_missing_or_unreliable,0.0,present_but_no_2024_observation,aligned_or_mixed,no_2024_observation,0.0
524,present_but_no_2024_observation,GA,13.0,GA0240200,Homeland Police Department,City,False,False,,False,False,,structurally_missing_or_unreliable,0.0,present_but_no_2024_observation,aligned_or_mixed,no_2024_observation,0.0
525,present_but_no_2024_observation,GA,13.0,GA0280600,Nelson Police Department,City,False,False,,False,False,,structurally_missing_or_unreliable,0.0,present_but_no_2024_observation,aligned_or_mixed,no_2024_observation,0.0
526,present_but_no_2024_observation,GA,13.0,GA0290400,Winterville Police Department,City,False,False,,False,False,,structurally_missing_or_unreliable,0.0,present_but_no_2024_observation,aligned_or_mixed,no_2024_observation,0.0
527,present_but_no_2024_observation,GA,13.0,GA0310400,Jonesboro Police Department,City,False,False,,False,False,,structurally_missing_or_unreliable,0.0,present_but_no_2024_observation,aligned_or_mixed,no_2024_observation,0.0
528,present_but_no_2024_observation,GA,13.0,GA0311400,Lovejoy Police Department,City,False,False,,False,False,,structurally_missing_or_unreliable,0.0,present_but_no_2024_observation,aligned_or_mixed,no_2024_observation,0.0
529,present_but_no_2024_observation,GA,13.0,GA0330800,Powder Springs Police Department,City,False,False,,False,False,,structurally_missing_or_unreliable,0.0,present_but_no_2024_observation,aligned_or_mixed,no_2024_observation,0.0
530,present_but_no_2024_observation,GA,13.0,GA0340400,Nicholls Police Department,City,False,False,,False,False,,structurally_missing_or_unreliable,0.0,present_but_no_2024_observation,aligned_or_mixed,no_2024_observation,0.0
531,present_but_no_2024_observation,GA,13.0,GA0350200,Berlin Police Department,City,False,False,,False,False,,structurally_missing_or_unreliable,0.0,present_but_no_2024_observation,aligned_or_mixed,no_2024_observation,0.0
532,present_but_no_2024_observation,GA,13.0,GA0370100,Adel Police Department,City,False,False,,False,False,,structurally_missing_or_unreliable,0.0,present_but_no_2024_observation,aligned_or_mixed,no_2024_observation,0.0
533,present_but_no_2024_observation,GA,13.0,GA0370200,Lenox Police Department,City,False,False,,False,False,,structurally_missing_or_unreliable,0.0,present_but_no_2024_observation,aligned_or_mixed,no_2024_observation,0.0
534,present_but_no_2024_observation,GA,13.0,GA0370300,Sparks Police Department,City,False,False,,False,False,,structurally_missing_or_unreliable,0.0,present_but_no_2024_observation,aligned_or_mixed,no_2024_observation,0.0
535,present_but_no_2024_observation,GA,13.0,GA0390100,Roberta Police Department,City,False,False,,False,False,,structurally_missing_or_unreliable,0.0,present_but_no_2024_observation,aligned_or_mixed,no_2024_observation,0.0
536,present_but_no_2024_observation,GA,13.0,GA0410100,Trenton Police Department,City,False,False,,False,False,,structurally_missing_or_unreliable,0.0,present_but_no_2024_observation,aligned_or_mixed,no_2024_observation,0.0
537,present_but_no_2024_observation,GA,13.0,GA0440800,Pine Lake Police Department,City,False,False,,False,False,,structurally_missing_or_unreliable,0.0,present_but_no_2024_observation,aligned_or_mixed,no_2024_observation,0.0
538,present_but_no_2024_observation,GA,13.0,GA0530500,Stillmore Police Department,City,False,False,,False,False,,structurally_missing_or_unreliable,0.0,present_but_no_2024_observation,aligned_or_mixed,no_2024_observation,0.0
539,present_but_no_2024_observation,GA,13.0,GA0530600,Oak Park Police Department,City,False,False,,False,False,,structurally_missing_or_unreliable,0.0,present_but_no_2024_observation,aligned_or_mixed,no_2024_observation,0.0
540,present_but_no_2024_observation,GA,13.0,GA0550200,Blue Ridge Police Department,City,True,False,2025-01-01,False,False,,structurally_missing_or_unreliable,0.0,present_but_no_2024_observation,official_nibrs_start_after_2024,no_2024_observation,0.0
541,present_but_no_2024_observation,GA,13.0,GA0580100,Cumming Police Department,City,False,False,,False,False,,structurally_missing_or_unreliable,0.0,present_but_no_2024_observation,aligned_or_mixed,no_2024_observation,0.0
542,present_but_no_2024_observation,GA,13.0,GA0590300,Royston Police Department,City,False,False,,False,False,,structurally_missing_or_unreliable,0.0,present_but_no_2024_observation,aligned_or_mixed,no_2024_observation,0.0
543,present_but_no_2024_observation,GA,13.0,GA0600600,Union City Police Department,City,False,False,,False,False,,structurally_missing_or_unreliable,0.0,present_but_no_2024_observation,aligned_or_mixed,no_2024_observation,0.0
544,present_but_no_2024_observation,GA,13.0,GA0605900,Chattahoochee Hills Police Department,City,False,False,,False,False,,structurally_missing_or_unreliable,0.0,present_but_no_2024_observation,aligned_or_mixed,no_2024_observation,0.0
545,present_but_no_2024_observation,GA,13.0,GA0630100,Brunswick Police Department,City,False,False,,False,False,,structurally_missing_or_unreliable,0.0,present_but_no_2024_observation,aligned_or_mixed,no_2024_observation,0.0
546,present_but_no_2024_observation,GA,13.0,GA0640200,Fairmount Police Department,City,True,False,2025-01-01,False,False,,structurally_missing_or_unreliable,0.0,present_but_no_2024_observation,official_nibrs_start_after_2024,no_2024_observation,0.0
547,present_but_no_2024_observation,GA,13.0,GA0650200,Whigham Police Department,City,False,False,,False,False,,structurally_missing_or_unreliable,0.0,present_but_no_2024_observation,aligned_or_mixed,no_2024_observation,0.0
548,present_but_no_2024_observation,GA,13.0,GA0680100,Cornelia Police Department,City,False,False,,False,False,,structurally_missing_or_unreliable,0.0,present_but_no_2024_observation,aligned_or_mixed,no_2024_observation,0.0
549,present_but_no_2024_observation,GA,13.0,GA0680400,Mount Airy Police Department,City,False,False,,False,False,,structurally_missing_or_unreliable,0.0,present_but_no_2024_observation,aligned_or_mixed,no_2024_observation,0.0
550,present_but_no_2024_observation,GA,13.0,GA0780100,Commerce Police Department,City,False,False,,False,False,,structurally_missing_or_unreliable,0.0,present_but_no_2024_observation,aligned_or_mixed,no_2024_observation,0.0
551,present_but_no_2024_observation,GA,13.0,GA0780500,Hoschton Police Department,City,False,False,,False,False,,structurally_missing_or_unreliable,0.0,present_but_no_2024_observation,aligned_or_mixed,no_2024_observation,0.0
552,present_but_no_2024_observation,GA,13.0,GA0790100,Monticello Police Department,City,False,False,,False,False,,structurally_missing_or_unreliable,0.0,present_but_no_2024_observation,aligned_or_mixed,no_2024_observation,0.0
553,present_but_no_2024_observation,GA,13.0,GA0830100,Wrightsville Police Department,City,False,False,,False,False,,structurally_missing_or_unreliable,0.0,present_but_no_2024_observation,aligned_or_mixed,no_2024_observation,0.0
554,present_but_no_2024_observation,GA,13.0,GA0830200,Adrian Police Department,City,False,False,,False,False,,structurally_missing_or_unreliable,0.0,present_but_no_2024_observation,aligned_or_mixed,no_2024_observation,0.0
555,present_but_no_2024_observation,GA,13.0,GA0870200,East Dublin Police Department,City,False,False,,False,False,,structurally_missing_or_unreliable,0.0,present_but_no_2024_observation,aligned_or_mixed,no_2024_observation,0.0
556,present_but_no_2024_observation,GA,13.0,GA0900100,Lincolnton Police Department,City,False,False,,False,False,,structurally_missing_or_unreliable,0.0,present_but_no_2024_observation,aligned_or_mixed,no_2024_observation,0.0
557,present_but_no_2024_observation,GA,13.0,GA0910100,Ludowici Police Department,City,False,False,,False,False,,structurally_missing_or_unreliable,0.0,present_but_no_2024_observation,aligned_or_mixed,no_2024_observation,0.0
558,present_but_no_2024_observation,GA,13.0,GA0960200,Ideal Police Department,City,False,False,,False,False,,structurally_missing_or_unreliable,0.0,present_but_no_2024_observation,aligned_or_mixed,no_2024_observation,0.0
559,present_but_no_2024_observation,GA,13.0,GA0990300,Luthersville Police Department,City,False,False,,False,False,,structurally_missing_or_unreliable,0.0,present_but_no_2024_observation,aligned_or_mixed,no_2024_observation,0.0
560,present_but_no_2024_observation,GA,13.0,GA0990400,Woodbury Police Department,City,False,False,,False,False,,structurally_missing_or_unreliable,0.0,present_but_no_2024_observation,aligned_or_mixed,no_2024_observation,0.0
561,present_but_no_2024_observation,GA,13.0,GA1030100,Mount Vernon Police Department,City,False,False,,False,False,,structurally_missing_or_unreliable,0.0,present_but_no_2024_observation,aligned_or_mixed,no_2024_observation,0.0
562,present_but_no_2024_observation,GA,13.0,GA1030200,Uvalda Police Department,City,False,False,,False,False,,structurally_missing_or_unreliable,0.0,present_but_no_2024_observation,aligned_or_mixed,no_2024_observation,0.0
563,present_but_no_2024_observation,GA,13.0,GA1140300,Molena Police Department,City,False,False,,False,False,,structurally_missing_or_unreliable,0.0,present_but_no_2024_observation,aligned_or_mixed,no_2024_observation,0.0
564,present_but_no_2024_observation,GA,13.0,GA1150400,Aragon Police Department,City,False,False,,False,False,,structurally_missing_or_unreliable,0.0,present_but_no_2024_observation,aligned_or_mixed,no_2024_observation,0.0
565,present_but_no_2024_observation,GA,13.0,GA1190200,Mountain City Police Department,City,False,False,,False,False,,structurally_missing_or_unreliable,0.0,present_but_no_2024_observation,aligned_or_mixed,no_2024_observation,0.0
566,present_but_no_2024_observation,GA,13.0,GA1190500,Sky Valley Police Department,City,False,False,,False,False,,structurally_missing_or_unreliable,0.0,present_but_no_2024_observation,aligned_or_mixed,no_2024_observation,0.0
567,present_but_no_2024_observation,GA,13.0,GA1240400,Oliver Police Department,City,False,False,,False,False,,structurally_missing_or_unreliable,0.0,present_but_no_2024_observation,aligned_or_mixed,no_2024_observation,0.0
568,present_but_no_2024_observation,GA,13.0,GA1280100,Lumpkin Police Department,City,False,False,,False,False,,structurally_missing_or_unreliable,0.0,present_but_no_2024_observation,aligned_or_mixed,no_2024_observation,0.0
569,present_but_no_2024_observation,GA,13.0,GA1280200,Richland Police Department,City,False,False,,False,False,,structurally_missing_or_unreliable,0.0,present_but_no_2024_observation,aligned_or_mixed,no_2024_observation,0.0
570,present_but_no_2024_observation,GA,13.0,GA1290300,Plains Police Department,City,False,False,,False,False,,structurally_missing_or_unreliable,0.0,present_but_no_2024_observation,aligned_or_mixed,no_2024_observation,0.0
571,present_but_no_2024_observation,GA,13.0,GA1300100,Talbotton Police Department,City,False,False,,False,False,,structurally_missing_or_unreliable,0.0,present_but_no_2024_observation,aligned_or_mixed,no_2024_observation,0.0
572,present_but_no_2024_observation,GA,13.0,GA1320200,Reidsville Police Department,City,False,False,,False,False,,structurally_missing_or_unreliable,0.0,present_but_no_2024_observation,aligned_or_mixed,no_2024_observation,0.0
573,present_but_no_2024_observation,GA,13.0,GA1340300,Lumber City Police Department,City,False,False,,False,False,,structurally_missing_or_unreliable,0.0,present_but_no_2024_observation,aligned_or_mixed,no_2024_observation,0.0
574,present_but_no_2024_observation,GA,13.0,GA1340400,Milan Police Department,City,False,False,,False,False,,structurally_missing_or_unreliable,0.0,present_but_no_2024_observation,aligned_or_mixed,no_2024_observation,0.0
575,present_but_no_2024_observation,GA,13.0,GA1340600,Jacksonville Police Department,City,False,False,,False,False,,structurally_missing_or_unreliable,0.0,present_but_no_2024_observation,aligned_or_mixed,no_2024_observation,0.0
576,present_but_no_2024_observation,GA,13.0,GA1360400,Meigs Police Department,City,False,False,,False,False,,structurally_missing_or_unreliable,0.0,present_but_no_2024_observation,aligned_or_mixed,no_2024_observation,0.0
577,present_but_no_2024_observation,GA,13.0,GA1360600,Pavo Police Department,City,False,False,,False,False,,structurally_missing_or_unreliable,0.0,present_but_no_2024_observation,aligned_or_mixed,no_2024_observation,0.0
578,present_but_no_2024_observation,GA,13.0,GA1370100,Tifton Police Department,City,False,False,,False,False,,structurally_missing_or_unreliable,0.0,present_but_no_2024_observation,aligned_or_mixed,no_2024_observation,0.0
579,present_but_no_2024_observation,GA,13.0,GA1380100,Lyons Police Department,City,False,False,,False,False,,structurally_missing_or_unreliable,0.0,present_but_no_2024_observation,aligned_or_mixed,no_2024_observation,0.0
580,present_but_no_2024_observation,GA,13.0,GA1420100,Ashburn Police Department,City,False,False,,False,False,,structurally_missing_or_unreliable,0.0,present_but_no_2024_observation,aligned_or_mixed,no_2024_observation,0.0
581,present_but_no_2024_observation,GA,13.0,GA1420200,Sycamore Police Department,City,False,False,,False,False,,structurally_missing_or_unreliable,0.0,present_but_no_2024_observation,aligned_or_mixed,no_2024_observation,0.0
582,present_but_no_2024_observation,GA,13.0,GA1460100,LaFayette Police Department,City,False,False,,False,False,,structurally_missing_or_unreliable,0.0,present_but_no_2024_observation,aligned_or_mixed,no_2024_observation,0.0
583,present_but_no_2024_observation,GA,13.0,GA1500500,Oconee  Police Department,City,False,False,,False,False,,structurally_missing_or_unreliable,0.0,present_but_no_2024_observation,aligned_or_mixed,no_2024_observation,0.0
584,present_but_no_2024_observation,GA,13.0,GA1510100,Jesup Police Department,City,False,False,,False,False,,structurally_missing_or_unreliable,0.0,present_but_no_2024_observation,aligned_or_mixed,no_2024_observation,0.0
585,present_but_no_2024_observation,GA,13.0,GA1550600,Varnell Police Department,City,False,False,,False,False,,structurally_missing_or_unreliable,0.0,present_but_no_2024_observation,aligned_or_mixed,no_2024_observation,0.0
586,present_but_no_2024_observation,GA,13.0,GA1560200,Rochelle Police Department,City,False,False,,False,False,,structurally_missing_or_unreliable,0.0,present_but_no_2024_observation,aligned_or_mixed,no_2024_observation,0.0
587,present_but_no_2024_observation,GA,13.0,GA1560300,Pineview Police Department,City,False,False,,False,False,,structurally_missing_or_unreliable,0.0,present_but_no_2024_observation,aligned_or_mixed,no_2024_observation,0.0
588,present_but_no_2024_observation,GA,13.0,GA1580400,Toomsboro Police Department,City,False,False,,False,False,,structurally_missing_or_unreliable,0.0,present_but_no_2024_observation,aligned_or_mixed,no_2024_observation,0.0
589,present_but_no_2024_observation,GA,13.0,GA0251000,Savannah State University,University or College,False,False,,False,False,,structurally_missing_or_unreliable,0.0,present_but_no_2024_observation,aligned_or_mixed,no_2024_observation,0.0
590,present_but_no_2024_observation,GA,13.0,GA0470300,Albany State University,University or College,False,False,,False,False,,structurally_missing_or_unreliable,0.0,present_but_no_2024_observation,aligned_or_mixed,no_2024_observation,0.0
591,present_but_no_2024_observation,GA,13.0,GA060309E,Clark Atlanta University,University or College,False,False,,False,False,,,0.0,present_but_no_2024_observation,aligned_or_mixed,no_2024_observation,0.0
592,present_but_no_2024_observation,GA,13.0,GA060459E,Morris Brown College,University or College,False,False,,False,False,,,0.0,present_but_no_2024_observation,aligned_or_mixed,no_2024_observation,0.0
593,present_but_no_2024_observation,GA,13.0,GA0606200,Morehouse School of Medicine,University or College,False,False,,False,False,,structurally_missing_or_unreliable,0.0,present_but_no_2024_observation,aligned_or_mixed,no_2024_observation,0.0
594,present_but_no_2024_observation,GA,13.0,GA0681000,North Georgia Technical College,University or College,False,False,,False,False,,structurally_missing_or_unreliable,0.0,present_but_no_2024_observation,aligned_or_mixed,no_2024_observation,0.0
595,present_but_no_2024_observation,GA,13.0,GA120059E,Andrew College ,University or College,False,False,,False,False,,,0.0,present_but_no_2024_observation,aligned_or_mixed,no_2024_observation,0.0
596,present_but_no_2024_observation,GA,13.0,GA121159E,Paine College,University or College,False,False,,False,False,,,0.0,present_but_no_2024_observation,aligned_or_mixed,no_2024_observation,0.0
597,present_but_no_2024_observation,GA,13.0,GA1480700,Coastal Pines Technical College,University or College,False,False,,False,False,,structurally_missing_or_unreliable,0.0,present_but_no_2024_observation,aligned_or_mixed,no_2024_observation,0.0
598,present_but_no_2024_observation,GA,13.0,GA0010400,Appling County Board of Education,Other,False,False,,False,False,,structurally_missing_or_unreliable,0.0,present_but_no_2024_observation,aligned_or_mixed,no_2024_observation,0.0
599,present_but_no_2024_observation,GA,13.0,GA0252500,Savannah Fire and Emergency Services Arson Unit,Other,False,False,,False,False,,structurally_missing_or_unreliable,0.0,present_but_no_2024_observation,aligned_or_mixed,no_2024_observation,0.0
600,present_but_no_2024_observation,GA,13.0,GA0311700,Clayton County Schools,Other,False,False,,False,False,,structurally_missing_or_unreliable,0.0,present_but_no_2024_observation,aligned_or_mixed,no_2024_observation,0.0
601,present_but_no_2024_observation,GA,13.0,GA0441200,DeKalb County Marshal,Other,False,False,,False,False,,structurally_missing_or_unreliable,0.0,present_but_no_2024_observation,aligned_or_mixed,no_2024_observation,0.0
602,present_but_no_2024_observation,GA,13.0,GA0860200,Lanier County Board of Education,Other,False,False,,False,False,,structurally_missing_or_unreliable,0.0,present_but_no_2024_observation,aligned_or_mixed,no_2024_observation,0.0
603,present_but_no_2024_observation,GA,13.0,GA1060500,Muscogee City Marshal,Other,False,False,,False,False,,structurally_missing_or_unreliable,0.0,present_but_no_2024_observation,aligned_or_mixed,no_2024_observation,0.0
604,present_but_no_2024_observation,GA,13.0,GA1120300,Pickens County Board of Education,Other,False,False,,False,False,,structurally_missing_or_unreliable,0.0,present_but_no_2024_observation,aligned_or_mixed,no_2024_observation,0.0
605,present_but_no_2024_observation,GA,13.0,GA1420300,Turner County Schools,Other,False,False,,False,False,,structurally_missing_or_unreliable,0.0,present_but_no_2024_observation,aligned_or_mixed,no_2024_observation,0.0
606,present_but_no_2024_observation,GA,13.0,GAGSP0000,Georgia State Patrol Headquarters,State Police,False,False,,False,False,,structurally_missing_or_unreliable,0.0,present_but_no_2024_observation,aligned_or_mixed,no_2024_observation,0.0
607,present_but_no_2024_observation,GA,13.0,GAGSP0100,State Patrol: Griffin,State Police,False,False,,False,False,,structurally_missing_or_unreliable,0.0,present_but_no_2024_observation,aligned_or_mixed,no_2024_observation,0.0
608,present_but_no_2024_observation,GA,13.0,GAGSP0200,State Patrol: La Grange,State Police,False,False,,False,False,,structurally_missing_or_unreliable,0.0,present_but_no_2024_observation,aligned_or_mixed,no_2024_observation,0.0
609,present_but_no_2024_observation,GA,13.0,GAGSP0300,State Patrol: Cartersville,State Police,False,False,,False,False,,structurally_missing_or_unreliable,0.0,present_but_no_2024_observation,aligned_or_mixed,no_2024_observation,0.0
610,present_but_no_2024_observation,GA,13.0,GAGSP0400,State Patrol: Villa Rica,State Police,False,False,,False,False,,structurally_missing_or_unreliable,0.0,present_but_no_2024_observation,aligned_or_mixed,no_2024_observation,0.0
611,present_but_no_2024_observation,GA,13.0,GAGSP0500,State Patrol: Dalton,State Police,False,False,,False,False,,structurally_missing_or_unreliable,0.0,present_but_no_2024_observation,aligned_or_mixed,no_2024_observation,0.0
612,present_but_no_2024_observation,GA,13.0,GAGSP0600,State Patrol: Gainesville,State Police,False,False,,False,False,,structurally_missing_or_unreliable,0.0,present_but_no_2024_observation,aligned_or_mixed,no_2024_observation,0.0
613,present_but_no_2024_observation,GA,13.0,GAGSP0700,State Patrol: Toccoa,State Police,False,False,,False,False,,structurally_missing_or_unreliable,0.0,present_but_no_2024_observation,aligned_or_mixed,no_2024_observation,0.0
614,present_but_no_2024_observation,GA,13.0,GAGSP0800,State Patrol: Madison,State Police,False,False,,False,False,,structurally_missing_or_unreliable,0.0,present_but_no_2024_observation,aligned_or_mixed,no_2024_observation,0.0
615,present_but_no_2024_observation,GA,13.0,GAGSP0900,State Patrol: Marietta,State Police,False,False,,False,False,,structurally_missing_or_unreliable,0.0,present_but_no_2024_observation,aligned_or_mixed,no_2024_observation,0.0
616,present_but_no_2024_observation,GA,13.0,GAGSP1000,State Patrol: Americus,State Police,False,False,,False,False,,structurally_missing_or_unreliable,0.0,present_but_no_2024_observation,aligned_or_mixed,no_2024_observation,0.0
617,present_but_no_2024_observation,GA,13.0,GAGSP1100,State Patrol: Hinesville,State Police,False,False,,False,False,,structurally_missing_or_unreliable,0.0,present_but_no_2024_observation,aligned_or_mixed,no_2024_observation,0.0
618,present_but_no_2024_observation,GA,13.0,GAGSP1200,State Patrol: Thomasville,State Police,False,False,,False,False,,structurally_missing_or_unreliable,0.0,present_but_no_2024_observation,aligned_or_mixed,no_2024_observation,0.0
619,present_but_no_2024_observation,GA,13.0,GAGSP1300,State Patrol: Tifton,State Police,False,False,,False,False,,structurally_missing_or_unreliable,0.0,present_but_no_2024_observation,aligned_or_mixed,no_2024_observation,0.0
620,present_but_no_2024_observation,GA,13.0,GAGSP1400,State Patrol: Donalsonville,State Police,False,False,,False,False,,structurally_missing_or_unreliable,0.0,present_but_no_2024_observation,aligned_or_mixed,no_2024_observation,0.0
621,present_but_no_2024_observation,GA,13.0,GAGSP1500,State Patrol: Perry,State Police,False,False,,False,False,,structurally_missing_or_unreliable,0.0,present_but_no_2024_observation,aligned_or_mixed,no_2024_observation,0.0
622,present_but_no_2024_observation,GA,13.0,GAGSP1600,State Patrol: Helena,State Police,False,False,,False,False,,structurally_missing_or_unreliable,0.0,present_but_no_2024_observation,aligned_or_mixed,no_2024_observation,0.0
623,present_but_no_2024_observation,GA,13.0,GAGSP1700,State Patrol: Washington,State Police,False,False,,False,False,,structurally_missing_or_unreliable,0.0,present_but_no_2024_observation,aligned_or_mixed,no_2024_observation,0.0
624,present_but_no_2024_observation,GA,13.0,GAGSP1800,State Patrol: Reidsville,State Police,False,False,,False,False,,structurally_missing_or_unreliable,0.0,present_but_no_2024_observation,aligned_or_mixed,no_2024_observation,0.0
625,present_but_no_2024_observation,GA,13.0,GAGSP1900,State Patrol: Swainsboro,State Police,False,False,,False,False,,structurally_missing_or_unreliable,0.0,present_but_no_2024_observation,aligned_or_mixed,no_2024_observation,0.0
626,present_but_no_2024_observation,GA,13.0,GAGSP2000,State Patrol: Dublin,State Police,False,False,,False,False,,structurally_missing_or_unreliable,0.0,present_but_no_2024_observation,aligned_or_mixed,no_2024_observation,0.0
627,present_but_no_2024_observation,GA,13.0,GAGSP2100,State Patrol: Sylvania,State Police,False,False,,False,False,,structurally_missing_or_unreliable,0.0,present_but_no_2024_observation,aligned_or_mixed,no_2024_observation,0.0
628,present_but_no_2024_observation,GA,13.0,GAGSP2200,State Patrol: Waycross,State Police,False,False,,False,False,,structurally_missing_or_unreliable,0.0,present_but_no_2024_observation,aligned_or_mixed,no_2024_observation,0.0
629,present_but_no_2024_observation,GA,13.0,GAGSP2300,State Patrol: Brunswick,State Police,False,False,,False,False,,structurally_missing_or_unreliable,0.0,present_but_no_2024_observation,aligned_or_mixed,no_2024_observation,0.0
630,present_but_no_2024_observation,GA,13.0,GAGSP2400,State Patrol: Newnan,State Police,False,False,,False,False,,structurally_missing_or_unreliable,0.0,present_but_no_2024_observation,aligned_or_mixed,no_2024_observation,0.0
631,present_but_no_2024_observation,GA,13.0,GAGSP2500,State Patrol: Thomson,State Police,False,False,,False,False,,structurally_missing_or_unreliable,0.0,present_but_no_2024_observation,aligned_or_mixed,no_2024_observation,0.0
632,present_but_no_2024_observation,GA,13.0,GAGSP2600,State Patrol: Thomaston,State Police,False,False,,False,False,,structurally_missing_or_unreliable,0.0,present_but_no_2024_observation,aligned_or_mixed,no_2024_observation,0.0
633,present_but_no_2024_observation,GA,13.0,GAGSP2700,State Patrol: Blue Ridge,State Police,False,False,,False,False,,structurally_missing_or_unreliable,0.0,present_but_no_2024_observation,aligned_or_mixed,no_2024_observation,0.0
634,present_but_no_2024_observation,GA,13.0,GAGSP2800,State Patrol: Canton,State Police,False,False,,False,False,,structurally_missing_or_unreliable,0.0,present_but_no_2024_observation,aligned_or_mixed,no_2024_observation,0.0
635,present_but_no_2024_observation,GA,13.0,GAGSP2900,State Patrol: Cedartown,State Police,False,False,,False,False,,structurally_missing_or_unreliable,0.0,present_but_no_2024_observation,aligned_or_mixed,no_2024_observation,0.0
636,present_but_no_2024_observation,GA,13.0,GAGSP3000,State Patrol: Cordele,State Police,False,False,,False,False,,structurally_missing_or_unreliable,0.0,present_but_no_2024_observation,aligned_or_mixed,no_2024_observation,0.0
637,present_but_no_2024_observation,GA,13.0,GAGSP3100,State Patrol: Valdosta,State Police,False,False,,False,False,,structurally_missing_or_unreliable,0.0,present_but_no_2024_observation,aligned_or_mixed,no_2024_observation,0.0
638,present_but_no_2024_observation,GA,13.0,GAGSP3200,State Patrol: Athens,State Police,False,False,,False,False,,structurally_missing_or_unreliable,0.0,present_but_no_2024_observation,aligned_or_mixed,no_2024_observation,0.0
639,present_but_no_2024_observation,GA,13.0,GAGSP3300,State Patrol: Milledgeville,State Police,False,False,,False,False,,structurally_missing_or_unreliable,0.0,present_but_no_2024_observation,aligned_or_mixed,no_2024_observation,0.0
640,present_but_no_2024_observation,GA,13.0,GAGSP3400,State Patrol: Manchester,State Police,False,False,,False,False,,structurally_missing_or_unreliable,0.0,present_but_no_2024_observation,aligned_or_mixed,no_2024_observation,0.0
641,present_but_no_2024_observation,GA,13.0,GAGSP3600,State Patrol: Douglas,State Police,False,False,,False,False,,structurally_missing_or_unreliable,0.0,present_but_no_2024_observation,aligned_or_mixed,no_2024_observation,0.0
642,present_but_no_2024_observation,GA,13.0,GAGSP3700,State Patrol: Lawrenceville,State Police,False,False,,False,False,,structurally_missing_or_unreliable,0.0,present_but_no_2024_observation,aligned_or_mixed,no_2024_observation,0.0
643,present_but_no_2024_observation,GA,13.0,GAGSP3800,State Patrol: Rome,State Police,False,False,,False,False,,structurally_missing_or_unreliable,0.0,present_but_no_2024_observation,aligned_or_mixed,no_2024_observation,0.0
644,present_but_no_2024_observation,GA,13.0,GAGSP3900,State Patrol: Cuthbert,State Police,False,False,,False,False,,structurally_missing_or_unreliable,0.0,present_but_no_2024_observation,aligned_or_mixed,no_2024_observation,0.0
645,present_but_no_2024_observation,GA,13.0,GAGSP4000,State Patrol: Albany,State Police,False,False,,False,False,,structurally_missing_or_unreliable,0.0,present_but_no_2024_observation,aligned_or_mixed,no_2024_observation,0.0
646,present_but_no_2024_observation,GA,13.0,GAGSP4100,State Patrol: Lafayette,State Police,False,False,,False,False,,structurally_missing_or_unreliable,0.0,present_but_no_2024_observation,aligned_or_mixed,no_2024_observation,0.0
647,present_but_no_2024_observation,GA,13.0,GAGSP4200,State Patrol: Savannah,State Police,False,False,,False,False,,structurally_missing_or_unreliable,0.0,present_but_no_2024_observation,aligned_or_mixed,no_2024_observation,0.0
648,present_but_no_2024_observation,GA,13.0,GAGSP4300,State Patrol: Calhoun,State Police,False,False,,False,False,,structurally_missing_or_unreliable,0.0,present_but_no_2024_observation,aligned_or_mixed,no_2024_observation,0.0
649,present_but_no_2024_observation,GA,13.0,GAGSP4400,State Patrol: Forsyth,State Police,False,False,,False,False,,structurally_missing_or_unreliable,0.0,present_but_no_2024_observation,aligned_or_mixed,no_2024_observation,0.0
650,present_but_no_2024_observation,GA,13.0,GAGSP4500,State Patrol: Statesboro,State Police,False,False,,False,False,,structurally_missing_or_unreliable,0.0,present_but_no_2024_observation,aligned_or_mixed,no_2024_observation,0.0
651,present_but_no_2024_observation,GA,13.0,GAGSP4600,State Patrol: Conyers,State Police,False,False,,False,False,,structurally_missing_or_unreliable,0.0,present_but_no_2024_observation,aligned_or_mixed,no_2024_observation,0.0
652,present_but_no_2024_observation,GA,13.0,GAGSP4700,State Patrol: Hapeville,State Police,False,False,,False,False,,structurally_missing_or_unreliable,0.0,present_but_no_2024_observation,aligned_or_mixed,no_2024_observation,0.0
653,present_but_no_2024_observation,GA,13.0,GAGSP4800,"State Patrol: Metropolitan Traffic Unit, Atlanta",State Police,False,False,,False,False,,structurally_missing_or_unreliable,0.0,present_but_no_2024_observation,aligned_or_mixed,no_2024_observation,0.0
654,present_but_no_2024_observation,GA,13.0,GAGSPH300,"State Patrol: Highway Support Division, Thomaston",State Police,False,False,,False,False,,structurally_missing_or_unreliable,0.0,present_but_no_2024_observation,aligned_or_mixed,no_2024_observation,0.0
655,missing_in_repo_master,GA,,GA0030300,Bacon County Schools,Other,False,False,,False,False,,,0.0,missing_in_repo_master,aligned_or_mixed,missing_in_repo_master,0.0
