state_abbr,priority_rank,ori9,agency_name,agency_type_name,review_lane,mismatch_reason,official_is_nibrs,official_effective_nibrs_2024,official_nibrs_start_date,repo_has_srs_2024,repo_has_nibrs_2024,repo_preferred_source_any_offense_2024,repo_reporting_regime_mix_2024,repo_preferred_support_count_2024,issue_type,issue_subtype,action_priority,recommended_master_action,recommended_source_action,recommended_next_step,doctrine_implication,packet_dir,recommendation_id,priority,affected_rows,target_scope,official_source_url,local_supporting_artifact,recommended_v2_action,implementation_readiness,doctrine_candidate,notes,priority_num
FL,,,,,,,,,,,,,,,broader_florida_reporting_structure_or_continuity_issue,,,,,,,state/review/source_packets/states/fl,FL-1,1,155,Florida 2024 mixed-source and statewide benchmark closure lane,https://www.fdle.state.fl.us/getContentAsset/d7a9c200-43fd-4a08-8f39-fe9382115a42/73aabf56-e6e5-4330-95a3-5f2a270a1d2b/FIBRS_Offense_Detail_2021-2025_Q3.xlsx?language=en,/Users/uzairqadir/Projects/data-projects/national/crimerisk-clone/state/review/source_packets/states/fl/research_findings.json,Use the FDLE FIBRS workbook as Florida's current official 2024 source and build a quarter-aware ingestion path. Stop treating missing 2024 Florida SRS summary tables as the main blocker.,ready_to_implement,yes,Public Florida 2024 official incident data is quarter-based and the statewide gap looks like a coverage problem rather than an offense-mapping problem.,1.0
GA,,,,,,,,,,,,,,,broader_georgia_reporting_structure_or_continuity_issue,,,,,,,state/review/source_packets/states/ga,GA-1,1,383,Georgia 2024 mixed-source continuity lane,https://gbi.georgia.gov/document/document/2024-crime-statistics-summary/download,/Users/uzairqadir/Projects/data-projects/national/crimerisk-clone/state/review/source_packets/states/ga/research_findings.json,Use the GBI 2024 annual summary plus monthly reports as Georgia continuity benchmarks and do not mass-flip Georgia agencies from SRS preference to NIBRS just because the roster says effective NIBRS by 2024.,queue_or_doctrine,yes,Georgia is not a California-style missing-master state. Its main production issue is a large mixed-source policy slice sitting under a summary-continuity public official layer.,1.0
LA,,,,,,,,,,,,,,,statewide_reporting_structure_issue,,,,,,,state/review/source_packets/states/la,LA-1,1,99,Louisiana 2024 source policy and statewide benchmark closure,https://lclelsac.com/wp-content/uploads/2025/05/Crime-in-LA-2024-FINAL-web.pdf,/Users/uzairqadir/Projects/data-projects/national/crimerisk-clone/state/review/source_packets/states/la/research_findings.json,"Treat Louisiana as a statewide transition/coverage state. The best public official source found is the May 1 2025 Crime in Louisiana 2023 report, not a public 2024 agency-level extract. Do not interpret the empty packet queue as clean source alignment.",queue_or_doctrine,yes,Use national FBI/BJS totals as statewide controls for 2024 until a real official 2024 agency extract is identified.,1.0
MS,,,,,,,,,,,,,,,broader_mississippi_reporting_structure_or_continuity_issue,,,,,,,state/review/source_packets/states/ms,MS-1,1,179,Mississippi 2024 official-source lane built from the state-run Crime Insight/TOPS repository,https://mscrimestats.dps.ms.gov/tops,/Users/uzairqadir/Projects/data-projects/national/crimerisk-clone/state/review/source_packets/states/ms/research_findings.json,Build a Mississippi-specific official ingestion path from Mississippi Crime Insight/TOPS and use it as the primary 2024 official source for statewide reconciliation and agency backfill.,ready_to_implement,yes,"Mississippi already exposes a live public incident-based reporting surface, so the state should be handled as an official-source lane rather than as an SRS cleanup state.",1.0
NJ,,,,,,,,,,,,,,,source_policy_disagreement,,,,,,,state/review/source_packets/states/nj,NJ-1,1,2,Official 2024-effective NIBRS starters that still only have sparse repo SRS support,https://www.nj.gov/njsp/ucr/current-crime-data.shtml,/Users/uzairqadir/Projects/data-projects/national/crimerisk-clone/state/review/source_packets/states/nj/source_review_queue.csv,"Run a targeted agency-level reconciliation/backfill lane for Kearny Police Department and Gloucester City Police Department. Use NJSP current-crime data, CDE agency surfaces, or agency public releases to confirm whether 2024 incident-based counts exist separately. Until direct 2024 NIBRS evidence is recovered, keep the current sparse SRS annual observations rather than blindly flipping NJ statewide source policy.",ready_to_queue,yes,These are the only NJ rows where official 2024-effective NIBRS status conflicts with live repo source selection and they already carry nonzero support.,1.0
NY,,,,,,,,,,,,,,,source_policy_disagreement,,,,,,,state/review/source_packets/states/ny,NY-1,1,7,Seven official-effective-NIBRS rows where repo still relies on 2024 SRS,https://www.criminaljustice.ny.gov/crimnet/ojsa/crimereporting/ucr.htm,/Users/uzairqadir/Projects/data-projects/national/crimerisk-clone/state/review/source_packets/states/ny/issue_bucket_summary.csv,"Keep current SRS production policy for NY 2024 unless a direct official 2024 IBR/NIBRS extract is found. Queue a targeted source audit for the seven benchmark-bearing rows, starting with Southampton Town, Camillus, and Rensselaer, rather than switching source policy off the FBI roster alone.",ready_to_queue,yes,"All NY mismatch weight is in these seven rows, but DCJS public materials show NY still runs an active mixed UCR/IBR monthly pipeline in 2024.",1.0
TX,,,,,,,,,,,,,,,master_reference_omission,,,,,,,state/review/source_packets/states/tx,TX-1,1,4,Live university ORIs already carrying 2024 repo NIBRS annual support,https://api.usa.gov/crime/fbi/cde/agency/byStateAbbr/TX,/Users/uzairqadir/Projects/data-projects/national/crimerisk-clone/state/review/source_packets/states/tx/research_findings.json,Enrich the four skeletal agency_master rows from the official roster and keep the current repo nibrs_incident_annual observations attached.,ready_to_implement,yes,These are reference-enrichment omissions rather than new-source or statewide-policy issues.,1.0
FL,,,,,,,,,,,,,,,repo_missing_observation_problem,,,,,,,state/review/source_packets/states/fl,FL-2,2,29,Official NIBRS start-by-2024 rows with no repo NIBRS output,https://www.fdle.state.fl.us/getContentAsset/d7a9c200-43fd-4a08-8f39-fe9382115a42/73aabf56-e6e5-4330-95a3-5f2a270a1d2b/FIBRS_Offense_Detail_2021-2025_Q3.xlsx?language=en,/Users/uzairqadir/Projects/data-projects/national/crimerisk-clone/state/review/source_packets/states/fl/official_fibrs_spotcheck_2024.csv,"Backfill the 29 official start-by-2024 NIBRS rows first. Start with the 14 rows already name-matched in official_fibrs_spotcheck_2024.csv, then finish the rest with county and alias crosswalking.",ready_to_implement,yes,This is the clearest Florida production lane because the official transition signal already says these agencies should have 2024 incident-based data.,2.0
GA,,,,,,,,,,,,,,,source_policy_disagreement,,,,,,,state/review/source_packets/states/ga,GA-2,2,383,Top Georgia mixed-source agencies by support,https://gbi.georgia.gov/services/crime-statistics/gbi-crime-statistics-database,/Users/uzairqadir/Projects/data-projects/national/crimerisk-clone/state/review/source_packets/states/ga/issue_bucket_summary.csv,"Request or obtain a Georgia agency-level official special-purpose extract, then reconcile the top mixed-source agencies offense-by-offense before changing source preference. Start with Atlanta, DeKalb, Gwinnett, Cobb, Bibb, Augusta-Richmond, Columbus, and Athens-Clarke.",needs_official_extract,yes,"The public database is unavailable, so Georgia needs an agency-level official extract before a trustworthy source-policy rewrite.",2.0
LA,,,,,,,,,,,,,,,repo_missing_observation_problem,,,,,,,state/review/source_packets/states/la,LA-2,2,39,Official effective-NIBRS-by-2024 rows with no repo 2024 observations,https://crimeinla.org/overview/,/Users/uzairqadir/Projects/data-projects/national/crimerisk-clone/state/review/source_packets/states/la/issue_bucket_summary.csv,Queue a Louisiana-specific official backfill lane for the 39 effective-NIBRS rows. Use direct LCLE/LSA/CDE extraction or bounded case research before changing source policy; do not invent a public 2024 workbook that has not been located.,ready_to_queue,yes,"Representative rows include Abbeville, Allen Parish SO, Basile, Chataignier, Clinton, Delgado CC, and LSU-Shreveport.",2.0
MS,,,,,,,,,,,,,,,source_policy_disagreement,,,,,,,state/review/source_packets/states/ms,MS-2,2,138,Aligned Mississippi rows currently preferred to SRS despite effective-NIBRS roster status,https://mscrimestats.dps.ms.gov/tops,/Users/uzairqadir/Projects/data-projects/national/crimerisk-clone/state/review/source_packets/states/ms/supporting_issue_metrics.csv,"After the official Mississippi ingestion lane exists, change Mississippi source preference on effective-NIBRS rows from SRS-first to official incident-source first.",queue_or_doctrine,yes,"All 138 aligned Mississippi rows are still mixed-source and currently prefer srs_return_a_annual, which is a statewide policy disagreement rather than a row-level anomaly.",2.0
NJ,,,,,,,,,,,,,,,broader_nj_reporting_structure_or_continuity_issue,,,,,,,state/review/source_packets/states/nj,NJ-2,2,1,New Jersey 2024 statewide source policy,https://www.nj.gov/njsp/ucr/uniform-crime-reports.shtml,/Users/uzairqadir/Projects/data-projects/national/crimerisk-clone/state/review/source_packets/states/nj/research_findings.json,"Do not treat New Jersey like Florida. Keep the repo hybrid 2024 source lane as the statewide baseline and use NJ official public surfaces for targeted validation or backfill only. The annual NJSP workbook is available through 2023, while the live current-crime page is preliminary, mixes summary and incident-era reporting, and says zeros can mean delinquency.",queue_or_doctrine,yes,"NJ has no master omissions and only two actionable late-transition source disagreements, so a statewide source replacement pass would add complexity without closing a major benchmark gap.",2.0
NY,,,,,,,,,,,,,,,statewide_reporting_structure_or_continuity_issue,,,,,,,state/review/source_packets/states/ny,NY-2,2,190,NY 2024 mixed-source doctrine,https://www.criminaljustice.ny.gov/crimnet/ojsa/crimereporting/2024%20-%20External%20Crime%20Reporting%20Timeline%20for%20LEAs.pdf,/Users/uzairqadir/Projects/data-projects/national/crimerisk-clone/state/review/source_packets/states/ny/research_findings.json,"Treat New York as a mixed monthly UCR/IBR state, not a Florida-style replacement lane. Do not launch a statewide 2024 source swap just because many agencies are effective-NIBRS in the FBI roster.",doctrine_only,yes,"DCJS explicitly says agencies use UCR or IBR, that official statistics draw from both, and that November 2024 agency review reports convert IBR submissions to UCR/summary format.",2.0
TX,,,,,,,,,,,,,,,statewide_reporting_structure_or_continuity_context,,,,,,,state/review/source_packets/states/tx,TX-2,2,1158,Texas 2024 statewide mixed-source lane,https://www.dps.texas.gov/section/crime-records/texas-uniform-crime-reporting-program,/Users/uzairqadir/Projects/data-projects/national/crimerisk-clone/state/review/source_packets/states/tx/supporting_issue_metrics.csv,Keep the current Texas statewide SRS-first publication-style lane for 2024 controls and use official effective-NIBRS status only as an audit/backfill signal.,ready_to_adopt,yes,Texas DPS explicitly preserves a summary/publication lane and repo SRS totals already track FBI publication totals closely.,2.0
FL,,,,,,,,,,,,,,,broader_florida_reporting_structure_or_continuity_issue,,,,,,,state/review/source_packets/states/fl,FL-3,3,32,Florida quarter-based and annual-only continuity QA,https://www.fdle.state.fl.us/cjab/fibrs,/Users/uzairqadir/Projects/data-projects/national/crimerisk-clone/state/review/source_packets/states/fl/supporting_issue_metrics.csv,Add a Florida-specific QA rule that accepts quarter-based completeness for official FIBRS-derived records and separately flags annual-only or lumpy batches instead of forcing month-level failure states.,queue_or_doctrine,yes,"Florida has 12 partial reporters in the statewide exploration file and 20 lumpy quarterly-pattern candidates, while the official workbook itself is quarter-based.",3.0
GA,,,,,,,,,,,,,,,repo_missing_observation_problem,,,,,,,state/review/source_packets/states/ga,GA-3,3,116,Georgia official-start-by-2024 NIBRS rows with no repo 2024 observation,https://gbi.georgia.gov/document/document/2024-crime-statistics-summary/download,/Users/uzairqadir/Projects/data-projects/national/crimerisk-clone/state/review/source_packets/states/ga/issue_bucket_summary.csv,Queue a bounded Georgia backfill lane for the 116 official-start-by-2024 NIBRS rows after the agency-level official extract is available. Do not mix them into the main mixed-source policy decision.,ready_to_queue,yes,"These rows are real completeness gaps, but they are all zero-support today and should not outrank the high-impact mixed-source lane.",3.0
LA,,,,,,,,,,,,,,,present_but_missing_2024_observation,,,,,,,state/review/source_packets/states/la,LA-3,3,59,Rows present in master but missing all 2024 observations without official effective-NIBRS status,https://app.lla.la.gov/publicreports.nsf/0/feba967abcfeb8ae86258ac400593f3a/%24file/00003c8c.pdf,/Users/uzairqadir/Projects/data-projects/national/crimerisk-clone/state/review/source_packets/states/la/research_findings.json,"Treat this bucket as a continuity/nonreporting lane, not a source-policy disagreement lane. Keep entities like New Orleans PD and Louisiana State Police in statewide gap accounting and targeted notes rather than deleting them from master or forcing a replacement source.",queue_or_doctrine,yes,"This bucket is dominated by city agencies, with additional university, county, state police, and other state-agency rows.",3.0
MS,,,,,,,,,,,,,,,repo_missing_observation_problem,,,,,,,state/review/source_packets/states/ms,MS-3,3,40,Official effective-by-2024 rows present in master but missing repo observations,https://mscrimestats.dps.ms.gov/tops,/Users/uzairqadir/Projects/data-projects/national/crimerisk-clone/state/review/source_packets/states/ms/effective_nibrs_backfill_candidates.csv,"Backfill the 40 present-in-master official effective-NIBRS rows first from the Mississippi Crime Insight/TOPS source, prioritizing Biloxi, Gulfport, Ocean Springs, Adams County, Brookhaven, and the six Mississippi Highway Patrol troop ORIs.",ready_to_implement,yes,This is the clearest bounded production lane once the state-source extractor exists.,3.0
NJ,,,,,,,,,,,,,,,repo_missing_observation_problem,,,,,,,state/review/source_packets/states/nj,NJ-3,3,14,Official 2024-effective NIBRS rows present in master but missing any 2024 observation,https://www.nj.gov/njsp/ucr/current-crime-data.shtml,/Users/uzairqadir/Projects/data-projects/national/crimerisk-clone/state/review/source_packets/states/nj/supporting_issue_metrics.csv,"Queue a bounded coverage review for the 14 official 2024-effective NIBRS rows that have no repo SRS or NIBRS observations. Start with Atlantic County Sheriff's Office, Salem County Sheriff's Office, Union County Sheriff's Office, and the three university rows, and verify whether the public NJ current-crime surface, CDE, or direct agency releases show true zero reporting, delayed reporting, or missing ingestion.",ready_to_queue,yes,"When official year-effective NIBRS exists but the repo has no observations, treat the row as a coverage-review lane before treating it as a reference or source-policy failure.",3.0
NY,,,,,,,,,,,,,,,present_but_missing_2024_observation,,,,,,,state/review/source_packets/states/ny,NY-3,3,80,Zero-support present-in-master tail,https://www.criminaljustice.ny.gov/crimnet/ojsa/stats.htm,/Users/uzairqadir/Projects/data-projects/national/crimerisk-clone/state/review/source_packets/states/ny/supporting_issue_metrics.csv,"Do not treat the 80-row no-observation tail as a production blocker. Monitor it, and only queue secondary review for the nine rows that are official effective-NIBRS by 2024 if a concrete public 2024 source path is found.",monitor_only,yes,These rows carry zero current mismatch weight. Most are small local or special-jurisdiction rows rather than benchmark-bearing agencies.,3.0
TX,,,,,,,,,,,,,,,source_policy_disagreement,,,,,,,state/review/source_packets/states/tx,TX-3,3,3,Three official-effective-NIBRS ISD rows still using repo SRS annual support,https://api.usa.gov/crime/fbi/cde/agency/byStateAbbr/TX,/Users/uzairqadir/Projects/data-projects/national/crimerisk-clone/state/review/source_packets/states/tx/source_review_queue.csv,Run a bounded official-source spot check or backfill for Hallsville ISD Centerpoint ISD and Wharton ISD before considering any broader Texas source-policy change.,ready_to_queue,yes,This is a tiny bounded disagreement lane with only one support count per row.,3.0
FL,,,,,,,,,,,,,,,source_policy_disagreement,,,,,,,state/review/source_packets/states/fl,FL-4,4,134,County-suffixed Agriculture and DEP roster stub rows,https://www.fdle.state.fl.us/CJAB/UCR,/Users/uzairqadir/Projects/data-projects/national/crimerisk-clone/state/review/source_packets/states/fl/research_findings.json,Do not bulk-add the 67 Agriculture A00X rows or the 67 DEP A20X rows to the repo master unless they surface with offense-bearing 2024 observations or a stable production crosswalk.,ready_to_queue,yes,These rows dominate Florida missing-master counts but are roster-policy entities rather than the main benchmark-bearing local source gap.,4.0
GA,,,,,,,,,,,,,,,broader_georgia_reporting_structure_or_continuity_issue,,,,,,,state/review/source_packets/states/ga,GA-4,4,49,Georgia State Patrol post/headquarters rows,https://gbi.georgia.gov/services/crime-statistics/gbi-crime-statistics-database,/Users/uzairqadir/Projects/data-projects/national/crimerisk-clone/state/review/source_packets/states/ga/research_findings.json,Hold Georgia State Patrol post/headquarters rows out of ordinary source backfill work and treat them as a state-structure/nonlocal review lane.,ready_to_queue,yes,"These 49 rows are present in master, have no 2024 observations, and are not official-effective-NIBRS. They should not be mistaken for local missing-source rows.",4.0
LA,,,,,,,,,,,,,,,master_reference_omission,,,,,,,state/review/source_packets/states/la,LA-4,4,1,Central Police Department only,https://cde.ucr.cjis.gov/LATEST/webapp/#/pages/downloads,/Users/uzairqadir/Projects/data-projects/national/crimerisk-clone/state/review/source_packets/states/la/issue_bucket_summary.csv,Do not add Central Police Department to a 2024 master patch. The official roster start date is 2025-01-01 and the row is not effective NIBRS for 2024.,monitor_only,yes,"This is a future-effective roster row, not a current-year master omission.",4.0
MS,,,,,,,,,,,,,,,master_reference_omission,,,,,,,state/review/source_packets/states/ms,MS-4,4,1,Louin Police Department missing in master despite effective 2024 NIBRS status,https://www.nibrs.dps.ms.gov/sites/nibrs/files/php/Certified%20List%2010-28-2025.pdf,/Users/uzairqadir/Projects/data-projects/national/crimerisk-clone/state/review/source_packets/states/ms/missing_master_review_candidates.csv,"Queue Louin Police Department (MS0310300) for targeted master/reference addition after unique-ORI review, then backfill its 2024 state-source data.",ready_to_queue,yes,This is the only Mississippi missing-master row that clearly looks like a current-year production omission rather than future inventory.,4.0
NJ,,,,,,,,,,,,,,,repo_missing_observation_problem,,,,,,,state/review/source_packets/states/nj,NJ-4,4,61,Rows present in master but missing 2024 observations,https://www.nj.gov/njsp/ucr/current-crime-data.shtml,/Users/uzairqadir/Projects/data-projects/national/crimerisk-clone/state/review/source_packets/states/nj/research_findings.json,"Keep the master rows intact and treat the broader 61-row no-observation set as a monitoring queue rather than a blind backfill or deletion lane. The NJSP current-crime page says zeros can mean no offenses or delinquency and may omit ancillary agencies, so prosecutor, sheriff, park-police, and other special rows need explicit evidence before any 2024 treatment change.",ready_to_queue,yes,"Rows present in master but missing 2024 observations are a coverage and reporting-structure problem, not a master-layer omission, when the state public current data is explicitly preliminary and ambiguity remains about delinquent versus zero reporting.",4.0
NY,,,,,,,,,,,,,,,master_reference_omission,,,,,,,state/review/source_packets/states/ny,NY-4,4,1,SUNY Albany (Plaza) roster-only omission,https://api.usa.gov/crime/fbi/cde/agency/byStateAbbr/NY,/Users/uzairqadir/Projects/data-projects/national/crimerisk-clone/state/review/source_packets/states/ny/issue_bucket_summary.csv,Do not add the lone missing-master NY row from the roster alone. It has no 2024 repo observations and no effective-NIBRS signal.,monitor_only,yes,"Unlike California, NY does not have a support-bearing missing-master lane in 2024.",4.0
TX,,,,,,,,,,,,,,,rows_present_in_master_but_missing_2024_observations,,,,,,,state/review/source_packets/states/tx,TX-4,4,355,Official-effective-NIBRS rows present in master but with no 2024 repo observations,https://www.dps.texas.gov/section/crime-records/uniform-crime-reporting-program-ucr-overview,/Users/uzairqadir/Projects/data-projects/national/crimerisk-clone/state/review/source_packets/states/tx/supporting_issue_metrics.csv,Keep this as a second-pass Texas backfill or zero-report distinction queue and prioritize older-start local city county and university rows ahead of the larger constable and ISD tail.,ready_to_queue,yes,The background queue is real but low-value on first pass because most rows are Other-type institutions with zero support.,4.0
FL,,,,,,,,,,,,,,,source_policy_disagreement,,,,,,,state/review/source_packets/states/fl,FL-5,5,11,Non-stub missing-master exceptions,https://www.fdle.state.fl.us/getContentAsset/d7a9c200-43fd-4a08-8f39-fe9382115a42/73aabf56-e6e5-4330-95a3-5f2a270a1d2b/FIBRS_Offense_Detail_2021-2025_Q3.xlsx?language=en,/Users/uzairqadir/Projects/data-projects/national/crimerisk-clone/state/review/source_packets/states/fl/research_findings.json,"Manual-review the 11 non-stub exceptions for real master additions or crosswalk fixes, especially Florida State College at Jacksonville, Deltona Police Department, DeBary Police Department, Westlake Police Department, and Florida Gaming Control Commission.",ready_to_queue,no,These are small enough for case-by-case cleanup and should not be mixed into the broader county-stub policy decision.,5.0
GA,,,,,,,,,,,,,,,master_reference_omission,,,,,,,state/review/source_packets/states/ga,GA-5,5,1,Georgia zero-support missing-master tail,https://gbi.georgia.gov/services/crime-statistics/gbi-crime-statistics-database,/Users/uzairqadir/Projects/data-projects/national/crimerisk-clone/state/review/source_packets/states/ga/issue_bucket_summary.csv,Do not add Bacon County Schools to the production master unless it later appears with offense-bearing observations or a stronger official-source requirement.,ready_to_queue,yes,Georgia has only one missing-master row and it carries zero current support.,5.0
LA,,,,,,,,,,,,,,,source_policy_disagreement,,,,,,,state/review/source_packets/states/la,LA-5,5,0,Louisiana current packet-level source-policy disagreements,https://crimeinla.org/overview/,/Users/uzairqadir/Projects/data-projects/national/crimerisk-clone/state/review/source_packets/states/la/research_findings.json,No packet-level source-policy overrides are recommended. Louisiana currently has no live 2024 rows with conflicting observed source preference; the state packet is dominated by missing-observation and statewide continuity issues instead.,no_action,yes,Preserve the absence of source-policy disagreement rows as an explicit finding.,5.0
MS,,,,,,,,,,,,,,,source_policy_disagreement,,,,,,,state/review/source_packets/states/ms,MS-5,5,25,Future-dated and state-special missing-master inventory,https://www.nibrs.dps.ms.gov/sites/nibrs/files/php/Certified%20List%2010-28-2025.pdf,/Users/uzairqadir/Projects/data-projects/national/crimerisk-clone/state/review/source_packets/states/ms/missing_master_review_candidates.csv,Do not bulk-add the remaining 25 Mississippi missing-master rows until they surface with offense-bearing 2024 observations or a stable production crosswalk; most are 2025-start state-special entities or headquarters-style inventory.,ready_to_queue,yes,Bulk-adding these rows would mostly expand policy inventory rather than closing the 2024 benchmark gap.,5.0
TX,,,,,,,,,,,,,,,master_reference_omission_context,,,,,,,state/review/source_packets/states/tx,TX-5,5,119,Zero-support missing-master roster rows,https://api.usa.gov/crime/fbi/cde/agency/byStateAbbr/TX,/Users/uzairqadir/Projects/data-projects/national/crimerisk-clone/state/review/source_packets/states/tx/issue_bucket_summary.csv,Do not bulk-add the zero-support Texas missing-master tail to production master and only revisit rows that gain live repo observations or a validated official-source path.,ready_to_adopt,yes,Texas follows the same roster-stub doctrine as CA and FL here.,5.0
CA,1,CA0349950,Highway Patrol: North Sacramento Area Office,State Police,missing_in_repo_master,missing_in_repo_master,True,True,2021-11-01,False,True,nibrs_incident_annual,annual_only_but_usable,1543.0,master_reference_omission,chp_area_office_master_gap_with_repo_nibrs,implement_now,add_to_master_now,keep_current_nibrs_incident_annual,Add this ORI to the California state-law-enforcement master roster and relink the existing 2024 repo NIBRS annual observations.,missing_master_with_repo_nibrs_is_reference_gap,state/review/source_packets/states/ca,,,,,,,,,,,
CA,3,CA0349952,Highway Patrol: South Sacramento Area Office,State Police,missing_in_repo_master,missing_in_repo_master,True,True,2021-11-01,False,True,nibrs_incident_annual,annual_only_but_usable,700.0,master_reference_omission,chp_area_office_master_gap_with_repo_nibrs,implement_now,add_to_master_now,keep_current_nibrs_incident_annual,Add this ORI to the California state-law-enforcement master roster and relink the existing 2024 repo NIBRS annual observations.,missing_master_with_repo_nibrs_is_reference_gap,state/review/source_packets/states/ca,,,,,,,,,,,
CA,5,CA0079920,Highway Patrol: Contra Costa Area Office,State Police,missing_in_repo_master,missing_in_repo_master,True,True,2021-11-01,False,True,nibrs_incident_annual,annual_only_but_usable,444.0,master_reference_omission,chp_area_office_master_gap_with_repo_nibrs,implement_now,add_to_master_now,keep_current_nibrs_incident_annual,Add this ORI to the California state-law-enforcement master roster and relink the existing 2024 repo NIBRS annual observations.,missing_master_with_repo_nibrs_is_reference_gap,state/review/source_packets/states/ca,,,,,,,,,,,
CA,7,CA0019970,Highway Patrol: Oakland Area Office,State Police,missing_in_repo_master,missing_in_repo_master,True,True,2021-11-01,False,True,nibrs_incident_annual,annual_only_but_usable,438.0,master_reference_omission,chp_area_office_master_gap_with_repo_nibrs,implement_now,add_to_master_now,keep_current_nibrs_incident_annual,Add this ORI to the California state-law-enforcement master roster and relink the existing 2024 repo NIBRS annual observations.,missing_master_with_repo_nibrs_is_reference_gap,state/review/source_packets/states/ca,,,,,,,,,,,
CA,10,CA0509965,Highway Patrol: Modesto Area Office,State Police,missing_in_repo_master,missing_in_repo_master,True,True,2021-11-01,False,True,nibrs_incident_annual,annual_only_but_usable,357.0,master_reference_omission,chp_area_office_master_gap_with_repo_nibrs,implement_now,add_to_master_now,keep_current_nibrs_incident_annual,Add this ORI to the California state-law-enforcement master roster and relink the existing 2024 repo NIBRS annual observations.,missing_master_with_repo_nibrs_is_reference_gap,state/review/source_packets/states/ca,,,,,,,,,,,
CA,11,CA028090X,American Canyon Police Department,City,missing_in_repo_master,missing_in_repo_master,True,True,2022-12-01,False,True,nibrs_incident_annual,annual_only_but_usable,324.0,master_reference_omission,non_chp_master_gap_with_repo_nibrs,implement_now,add_to_master_now,keep_current_nibrs_incident_annual,Add this ORI to the master roster and relink the existing 2024 repo NIBRS annual observations already present for the ORI.,missing_master_with_repo_nibrs_is_reference_gap,state/review/source_packets/states/ca,,,,,,,,,,,
CA,12,CA0399965,Highway Patrol: Stockton Area Office,State Police,missing_in_repo_master,missing_in_repo_master,True,True,2021-11-01,False,True,nibrs_incident_annual,annual_only_but_usable,314.0,master_reference_omission,chp_area_office_master_gap_with_repo_nibrs,implement_now,add_to_master_now,keep_current_nibrs_incident_annual,Add this ORI to the California state-law-enforcement master roster and relink the existing 2024 repo NIBRS annual observations.,missing_master_with_repo_nibrs_is_reference_gap,state/review/source_packets/states/ca,,,,,,,,,,,
CA,13,CA0549980,Highway Patrol: Visalia Area Office,State Police,missing_in_repo_master,missing_in_repo_master,True,True,2021-11-01,False,True,nibrs_incident_annual,annual_only_but_usable,312.0,master_reference_omission,chp_area_office_master_gap_with_repo_nibrs,implement_now,add_to_master_now,keep_current_nibrs_incident_annual,Add this ORI to the California state-law-enforcement master roster and relink the existing 2024 repo NIBRS annual observations.,missing_master_with_repo_nibrs_is_reference_gap,state/review/source_packets/states/ca,,,,,,,,,,,
CA,18,CA0179951,Highway Patrol: Clear Lake Area Office,State Police,missing_in_repo_master,missing_in_repo_master,True,True,2021-11-01,False,True,nibrs_incident_annual,annual_only_but_usable,216.0,master_reference_omission,chp_area_office_master_gap_with_repo_nibrs,implement_now,add_to_master_now,keep_current_nibrs_incident_annual,Add this ORI to the California state-law-enforcement master roster and relink the existing 2024 repo NIBRS annual observations.,missing_master_with_repo_nibrs_is_reference_gap,state/review/source_packets/states/ca,,,,,,,,,,,
CA,19,CA0449920,Highway Patrol: Santa Cruz Area Office,State Police,missing_in_repo_master,missing_in_repo_master,True,True,2021-11-01,False,True,nibrs_incident_annual,annual_only_but_usable,212.0,master_reference_omission,chp_area_office_master_gap_with_repo_nibrs,implement_now,add_to_master_now,keep_current_nibrs_incident_annual,Add this ORI to the California state-law-enforcement master roster and relink the existing 2024 repo NIBRS annual observations.,missing_master_with_repo_nibrs_is_reference_gap,state/review/source_packets/states/ca,,,,,,,,,,,
CA,20,CA0019945,Highway Patrol: Hayward Area Office,State Police,missing_in_repo_master,missing_in_repo_master,True,True,2021-11-01,False,True,nibrs_incident_annual,annual_only_but_usable,205.0,master_reference_omission,chp_area_office_master_gap_with_repo_nibrs,implement_now,add_to_master_now,keep_current_nibrs_incident_annual,Add this ORI to the California state-law-enforcement master roster and relink the existing 2024 repo NIBRS annual observations.,missing_master_with_repo_nibrs_is_reference_gap,state/review/source_packets/states/ca,,,,,,,,,,,
CA,21,CA0159920,Highway Patrol: Bakersfield Area Office,State Police,missing_in_repo_master,missing_in_repo_master,True,True,2021-11-01,False,True,nibrs_incident_annual,annual_only_but_usable,203.0,master_reference_omission,chp_area_office_master_gap_with_repo_nibrs,implement_now,add_to_master_now,keep_current_nibrs_incident_annual,Add this ORI to the California state-law-enforcement master roster and relink the existing 2024 repo NIBRS annual observations.,missing_master_with_repo_nibrs_is_reference_gap,state/review/source_packets/states/ca,,,,,,,,,,,
CA,23,CA0519985,Highway Patrol: Yuba-Sutter Area Office,State Police,missing_in_repo_master,missing_in_repo_master,True,True,2021-11-01,False,True,nibrs_incident_annual,annual_only_but_usable,182.0,master_reference_omission,chp_area_office_master_gap_with_repo_nibrs,implement_now,add_to_master_now,keep_current_nibrs_incident_annual,Add this ORI to the California state-law-enforcement master roster and relink the existing 2024 repo NIBRS annual observations.,missing_master_with_repo_nibrs_is_reference_gap,state/review/source_packets/states/ca,,,,,,,,,,,
CA,24,CA0349960,Highway Patrol: East Sacramento Area Office,State Police,missing_in_repo_master,missing_in_repo_master,True,True,2021-11-01,False,True,nibrs_incident_annual,annual_only_but_usable,171.0,master_reference_omission,chp_area_office_master_gap_with_repo_nibrs,implement_now,add_to_master_now,keep_current_nibrs_incident_annual,Add this ORI to the California state-law-enforcement master roster and relink the existing 2024 repo NIBRS annual observations.,missing_master_with_repo_nibrs_is_reference_gap,state/review/source_packets/states/ca,,,,,,,,,,,
CA,26,CA0529930,Highway Patrol: Red Bluff Area Office,State Police,missing_in_repo_master,missing_in_repo_master,True,True,2021-11-01,False,True,nibrs_incident_annual,annual_only_but_usable,155.0,master_reference_omission,chp_area_office_master_gap_with_repo_nibrs,implement_now,add_to_master_now,keep_current_nibrs_incident_annual,Add this ORI to the California state-law-enforcement master roster and relink the existing 2024 repo NIBRS annual observations.,missing_master_with_repo_nibrs_is_reference_gap,state/review/source_packets/states/ca,,,,,,,,,,,
CA,27,CA0499960,Highway Patrol: Santa Rosa Area Office,State Police,missing_in_repo_master,missing_in_repo_master,True,True,2021-11-01,False,True,nibrs_incident_annual,annual_only_but_usable,151.0,master_reference_omission,chp_area_office_master_gap_with_repo_nibrs,implement_now,add_to_master_now,keep_current_nibrs_incident_annual,Add this ORI to the California state-law-enforcement master roster and relink the existing 2024 repo NIBRS annual observations.,missing_master_with_repo_nibrs_is_reference_gap,state/review/source_packets/states/ca,,,,,,,,,,,
CA,29,CA0129925,Highway Patrol: Humboldt Area Office,State Police,missing_in_repo_master,missing_in_repo_master,True,True,2021-11-01,False,True,nibrs_incident_annual,annual_only_but_usable,144.0,master_reference_omission,chp_area_office_master_gap_with_repo_nibrs,implement_now,add_to_master_now,keep_current_nibrs_incident_annual,Add this ORI to the California state-law-enforcement master roster and relink the existing 2024 repo NIBRS annual observations.,missing_master_with_repo_nibrs_is_reference_gap,state/review/source_packets/states/ca,,,,,,,,,,,
CA,30,CA0549981,Highway Patrol: Porterville Area Office,State Police,missing_in_repo_master,missing_in_repo_master,True,True,2021-11-01,False,True,nibrs_incident_annual,annual_only_but_usable,140.0,master_reference_omission,chp_area_office_master_gap_with_repo_nibrs,implement_now,add_to_master_now,keep_current_nibrs_incident_annual,Add this ORI to the California state-law-enforcement master roster and relink the existing 2024 repo NIBRS annual observations.,missing_master_with_repo_nibrs_is_reference_gap,state/review/source_packets/states/ca,,,,,,,,,,,
CA,31,CA0049940,Highway Patrol: Oroville Area Office,State Police,missing_in_repo_master,missing_in_repo_master,True,True,2021-11-01,False,True,nibrs_incident_annual,annual_only_but_usable,135.0,master_reference_omission,chp_area_office_master_gap_with_repo_nibrs,implement_now,add_to_master_now,keep_current_nibrs_incident_annual,Add this ORI to the California state-law-enforcement master roster and relink the existing 2024 repo NIBRS annual observations.,missing_master_with_repo_nibrs_is_reference_gap,state/review/source_packets/states/ca,,,,,,,,,,,
CA,32,CA0099945,Highway Patrol: Placerville Area Office,State Police,missing_in_repo_master,missing_in_repo_master,True,True,2021-11-01,False,True,nibrs_incident_annual,annual_only_but_usable,135.0,master_reference_omission,chp_area_office_master_gap_with_repo_nibrs,implement_now,add_to_master_now,keep_current_nibrs_incident_annual,Add this ORI to the California state-law-enforcement master roster and relink the existing 2024 repo NIBRS annual observations.,missing_master_with_repo_nibrs_is_reference_gap,state/review/source_packets/states/ca,,,,,,,,,,,
CA,33,CA0319920,Highway Patrol: Auburn Area Office,State Police,missing_in_repo_master,missing_in_repo_master,True,True,2021-11-01,False,True,nibrs_incident_annual,annual_only_but_usable,122.0,master_reference_omission,chp_area_office_master_gap_with_repo_nibrs,implement_now,add_to_master_now,keep_current_nibrs_incident_annual,Add this ORI to the California state-law-enforcement master roster and relink the existing 2024 repo NIBRS annual observations.,missing_master_with_repo_nibrs_is_reference_gap,state/review/source_packets/states/ca,,,,,,,,,,,
CA,36,CA0109935,Highway Patrol: Fresno Area Office,State Police,missing_in_repo_master,missing_in_repo_master,True,True,2021-11-01,False,True,nibrs_incident_annual,annual_only_but_usable,105.0,master_reference_omission,chp_area_office_master_gap_with_repo_nibrs,implement_now,add_to_master_now,keep_current_nibrs_incident_annual,Add this ORI to the California state-law-enforcement master roster and relink the existing 2024 repo NIBRS annual observations.,missing_master_with_repo_nibrs_is_reference_gap,state/review/source_packets/states/ca,,,,,,,,,,,
CA,39,CA0199935,Highway Patrol: East Los Angeles Area Office,State Police,missing_in_repo_master,missing_in_repo_master,True,True,2021-11-01,False,True,nibrs_incident_annual,annual_only_but_usable,93.0,master_reference_omission,chp_area_office_master_gap_with_repo_nibrs,implement_now,add_to_master_now,keep_current_nibrs_incident_annual,Add this ORI to the California state-law-enforcement master roster and relink the existing 2024 repo NIBRS annual observations.,missing_master_with_repo_nibrs_is_reference_gap,state/review/source_packets/states/ca,,,,,,,,,,,
CA,40,CA0239950,Highway Patrol: Ukiah Area Office,State Police,missing_in_repo_master,missing_in_repo_master,True,True,2021-11-01,False,True,nibrs_incident_annual,annual_only_but_usable,92.0,master_reference_omission,chp_area_office_master_gap_with_repo_nibrs,implement_now,add_to_master_now,keep_current_nibrs_incident_annual,Add this ORI to the California state-law-enforcement master roster and relink the existing 2024 repo NIBRS annual observations.,missing_master_with_repo_nibrs_is_reference_gap,state/review/source_packets/states/ca,,,,,,,,,,,
CA,41,CA0199940,Highway Patrol: Newhall Area Office,State Police,missing_in_repo_master,missing_in_repo_master,True,True,2021-11-01,False,True,nibrs_incident_annual,annual_only_but_usable,88.0,master_reference_omission,chp_area_office_master_gap_with_repo_nibrs,implement_now,add_to_master_now,keep_current_nibrs_incident_annual,Add this ORI to the California state-law-enforcement master roster and relink the existing 2024 repo NIBRS annual observations.,missing_master_with_repo_nibrs_is_reference_gap,state/review/source_packets/states/ca,,,,,,,,,,,
CA,42,CA0059955,Highway Patrol: San Andreas Area Office,State Police,missing_in_repo_master,missing_in_repo_master,True,True,2021-11-01,False,True,nibrs_incident_annual,annual_only_but_usable,86.0,master_reference_omission,chp_area_office_master_gap_with_repo_nibrs,implement_now,add_to_master_now,keep_current_nibrs_incident_annual,Add this ORI to the California state-law-enforcement master roster and relink the existing 2024 repo NIBRS annual observations.,missing_master_with_repo_nibrs_is_reference_gap,state/review/source_packets/states/ca,,,,,,,,,,,
CA,43,CA0209950,Highway Patrol: Madera Area Office,State Police,missing_in_repo_master,missing_in_repo_master,True,True,2021-11-01,False,True,nibrs_incident_annual,annual_only_but_usable,86.0,master_reference_omission,chp_area_office_master_gap_with_repo_nibrs,implement_now,add_to_master_now,keep_current_nibrs_incident_annual,Add this ORI to the California state-law-enforcement master roster and relink the existing 2024 repo NIBRS annual observations.,missing_master_with_repo_nibrs_is_reference_gap,state/review/source_packets/states/ca,,,,,,,,,,,
CA,44,CA0219950,Highway Patrol: Marin Area Office,State Police,missing_in_repo_master,missing_in_repo_master,True,True,2021-11-01,False,True,nibrs_incident_annual,annual_only_but_usable,82.0,master_reference_omission,chp_area_office_master_gap_with_repo_nibrs,implement_now,add_to_master_now,keep_current_nibrs_incident_annual,Add this ORI to the California state-law-enforcement master roster and relink the existing 2024 repo NIBRS annual observations.,missing_master_with_repo_nibrs_is_reference_gap,state/review/source_packets/states/ca,,,,,,,,,,,
CA,50,CA0249960,Highway Patrol: Merced Area Office,State Police,missing_in_repo_master,missing_in_repo_master,True,True,2021-11-01,False,True,nibrs_incident_annual,annual_only_but_usable,70.0,master_reference_omission,chp_area_office_master_gap_with_repo_nibrs,implement_now,add_to_master_now,keep_current_nibrs_incident_annual,Add this ORI to the California state-law-enforcement master roster and relink the existing 2024 repo NIBRS annual observations.,missing_master_with_repo_nibrs_is_reference_gap,state/review/source_packets/states/ca,,,,,,,,,,,
CA,51,CA0289925,Highway Patrol: Napa Area Office,State Police,missing_in_repo_master,missing_in_repo_master,True,True,2021-11-01,False,True,nibrs_incident_annual,annual_only_but_usable,68.0,master_reference_omission,chp_area_office_master_gap_with_repo_nibrs,implement_now,add_to_master_now,keep_current_nibrs_incident_annual,Add this ORI to the California state-law-enforcement master roster and relink the existing 2024 repo NIBRS annual observations.,missing_master_with_repo_nibrs_is_reference_gap,state/review/source_packets/states/ca,,,,,,,,,,,
CA,52,CA0459935,Highway Patrol: Redding Area Office,State Police,missing_in_repo_master,missing_in_repo_master,True,True,2021-11-01,False,True,nibrs_incident_annual,annual_only_but_usable,68.0,master_reference_omission,chp_area_office_master_gap_with_repo_nibrs,implement_now,add_to_master_now,keep_current_nibrs_incident_annual,Add this ORI to the California state-law-enforcement master roster and relink the existing 2024 repo NIBRS annual observations.,missing_master_with_repo_nibrs_is_reference_gap,state/review/source_packets/states/ca,,,,,,,,,,,
CA,53,CA0299930,Highway Patrol: Grass Valley Area Office,State Police,missing_in_repo_master,missing_in_repo_master,True,True,2021-11-01,False,True,nibrs_incident_annual,annual_only_but_usable,67.0,master_reference_omission,chp_area_office_master_gap_with_repo_nibrs,implement_now,add_to_master_now,keep_current_nibrs_incident_annual,Add this ORI to the California state-law-enforcement master roster and relink the existing 2024 repo NIBRS annual observations.,missing_master_with_repo_nibrs_is_reference_gap,state/review/source_packets/states/ca,,,,,,,,,,,
CA,54,CA0089920,Highway Patrol: Crescent City Area Office,State Police,missing_in_repo_master,missing_in_repo_master,True,True,2021-11-01,False,True,nibrs_incident_annual,annual_only_but_usable,65.0,master_reference_omission,chp_area_office_master_gap_with_repo_nibrs,implement_now,add_to_master_now,keep_current_nibrs_incident_annual,Add this ORI to the California state-law-enforcement master roster and relink the existing 2024 repo NIBRS annual observations.,missing_master_with_repo_nibrs_is_reference_gap,state/review/source_packets/states/ca,,,,,,,,,,,
CA,56,CA0139925,Highway Patrol: El Centro Area Office,State Police,missing_in_repo_master,missing_in_repo_master,True,True,2021-11-01,False,True,nibrs_incident_annual,annual_only_but_usable,56.0,master_reference_omission,chp_area_office_master_gap_with_repo_nibrs,implement_now,add_to_master_now,keep_current_nibrs_incident_annual,Add this ORI to the California state-law-enforcement master roster and relink the existing 2024 repo NIBRS annual observations.,missing_master_with_repo_nibrs_is_reference_gap,state/review/source_packets/states/ca,,,,,,,,,,,
CA,57,CA0369950,Highway Patrol: Victorville Area Office,State Police,missing_in_repo_master,missing_in_repo_master,True,True,2021-11-01,False,True,nibrs_incident_annual,annual_only_but_usable,54.0,master_reference_omission,chp_area_office_master_gap_with_repo_nibrs,implement_now,add_to_master_now,keep_current_nibrs_incident_annual,Add this ORI to the California state-law-enforcement master roster and relink the existing 2024 repo NIBRS annual observations.,missing_master_with_repo_nibrs_is_reference_gap,state/review/source_packets/states/ca,,,,,,,,,,,
CA,59,CA0199925,Highway Patrol: Baldwin Park Area Office,State Police,missing_in_repo_master,missing_in_repo_master,True,True,2021-11-01,False,True,nibrs_incident_annual,annual_only_but_usable,52.0,master_reference_omission,chp_area_office_master_gap_with_repo_nibrs,implement_now,add_to_master_now,keep_current_nibrs_incident_annual,Add this ORI to the California state-law-enforcement master roster and relink the existing 2024 repo NIBRS annual observations.,missing_master_with_repo_nibrs_is_reference_gap,state/review/source_packets/states/ca,,,,,,,,,,,
CA,60,CA0309970,Highway Patrol: Westminster Area Office,State Police,missing_in_repo_master,missing_in_repo_master,True,True,2021-11-01,False,True,nibrs_incident_annual,annual_only_but_usable,52.0,master_reference_omission,chp_area_office_master_gap_with_repo_nibrs,implement_now,add_to_master_now,keep_current_nibrs_incident_annual,Add this ORI to the California state-law-enforcement master roster and relink the existing 2024 repo NIBRS annual observations.,missing_master_with_repo_nibrs_is_reference_gap,state/review/source_packets/states/ca,,,,,,,,,,,
CA,61,CA0049941,Highway Patrol: Chico Area Office,State Police,missing_in_repo_master,missing_in_repo_master,True,True,2021-11-01,False,True,nibrs_incident_annual,annual_only_but_usable,51.0,master_reference_omission,chp_area_office_master_gap_with_repo_nibrs,implement_now,add_to_master_now,keep_current_nibrs_incident_annual,Add this ORI to the California state-law-enforcement master roster and relink the existing 2024 repo NIBRS annual observations.,missing_master_with_repo_nibrs_is_reference_gap,state/review/source_packets/states/ca,,,,,,,,,,,
CA,62,CA0209956,Highway Patrol: Oakhurst Area Office,State Police,missing_in_repo_master,missing_in_repo_master,True,True,2021-11-01,False,True,nibrs_incident_annual,annual_only_but_usable,49.0,master_reference_omission,chp_area_office_master_gap_with_repo_nibrs,implement_now,add_to_master_now,keep_current_nibrs_incident_annual,Add this ORI to the California state-law-enforcement master roster and relink the existing 2024 repo NIBRS annual observations.,missing_master_with_repo_nibrs_is_reference_gap,state/review/source_packets/states/ca,,,,,,,,,,,
CA,63,CA0199950,Highway Patrol: Santa Fe Springs Area Office,State Police,missing_in_repo_master,missing_in_repo_master,True,True,2021-11-01,False,True,nibrs_incident_annual,annual_only_but_usable,48.0,master_reference_omission,chp_area_office_master_gap_with_repo_nibrs,implement_now,add_to_master_now,keep_current_nibrs_incident_annual,Add this ORI to the California state-law-enforcement master roster and relink the existing 2024 repo NIBRS annual observations.,missing_master_with_repo_nibrs_is_reference_gap,state/review/source_packets/states/ca,,,,,,,,,,,
CA,64,CA0279930,Highway Patrol: Monterey Area Office,State Police,missing_in_repo_master,missing_in_repo_master,True,True,2021-11-01,False,True,nibrs_incident_annual,annual_only_but_usable,47.0,master_reference_omission,chp_area_office_master_gap_with_repo_nibrs,implement_now,add_to_master_now,keep_current_nibrs_incident_annual,Add this ORI to the California state-law-enforcement master roster and relink the existing 2024 repo NIBRS annual observations.,missing_master_with_repo_nibrs_is_reference_gap,state/review/source_packets/states/ca,,,,,,,,,,,
CA,65,CA0429950,Highway Patrol: Santa Maria Area Office,State Police,missing_in_repo_master,missing_in_repo_master,True,True,2021-11-01,False,True,nibrs_incident_annual,annual_only_but_usable,46.0,master_reference_omission,chp_area_office_master_gap_with_repo_nibrs,implement_now,add_to_master_now,keep_current_nibrs_incident_annual,Add this ORI to the California state-law-enforcement master roster and relink the existing 2024 repo NIBRS annual observations.,missing_master_with_repo_nibrs_is_reference_gap,state/review/source_packets/states/ca,,,,,,,,,,,
CA,66,CA0341201,California State Parks: Gold Fields,Other State Agency,missing_in_repo_master,missing_in_repo_master,True,True,2021-02-01,False,True,nibrs_incident_annual,annual_only_but_usable,44.0,master_reference_omission,non_chp_master_gap_with_repo_nibrs,implement_now,add_to_master_now,keep_current_nibrs_incident_annual,Add this ORI to the master roster and relink the existing 2024 repo NIBRS annual observations already present for the ORI.,missing_master_with_repo_nibrs_is_reference_gap,state/review/source_packets/states/ca,,,,,,,,,,,
CA,67,CA0129926,Highway Patrol: Garberville Area Office,State Police,missing_in_repo_master,missing_in_repo_master,True,True,2021-11-01,False,True,nibrs_incident_annual,annual_only_but_usable,43.0,master_reference_omission,chp_area_office_master_gap_with_repo_nibrs,implement_now,add_to_master_now,keep_current_nibrs_incident_annual,Add this ORI to the California state-law-enforcement master roster and relink the existing 2024 repo NIBRS annual observations.,missing_master_with_repo_nibrs_is_reference_gap,state/review/source_packets/states/ca,,,,,,,,,,,
CA,70,CA0369930,Highway Patrol: Barstow Area Office,State Police,missing_in_repo_master,missing_in_repo_master,True,True,2021-11-01,False,True,nibrs_incident_annual,annual_only_but_usable,39.0,master_reference_omission,chp_area_office_master_gap_with_repo_nibrs,implement_now,add_to_master_now,keep_current_nibrs_incident_annual,Add this ORI to the California state-law-enforcement master roster and relink the existing 2024 repo NIBRS annual observations.,missing_master_with_repo_nibrs_is_reference_gap,state/review/source_packets/states/ca,,,,,,,,,,,
CA,71,CA0199930,Highway Patrol: South Los Angeles Area Office,State Police,missing_in_repo_master,missing_in_repo_master,True,True,2021-11-01,False,True,nibrs_incident_annual,annual_only_but_usable,38.0,master_reference_omission,chp_area_office_master_gap_with_repo_nibrs,implement_now,add_to_master_now,keep_current_nibrs_incident_annual,Add this ORI to the California state-law-enforcement master roster and relink the existing 2024 repo NIBRS annual observations.,missing_master_with_repo_nibrs_is_reference_gap,state/review/source_packets/states/ca,,,,,,,,,,,
CA,72,CA0439940,Highway Patrol: San Jose Area Office,State Police,missing_in_repo_master,missing_in_repo_master,True,True,2021-11-01,False,True,nibrs_incident_annual,annual_only_but_usable,38.0,master_reference_omission,chp_area_office_master_gap_with_repo_nibrs,implement_now,add_to_master_now,keep_current_nibrs_incident_annual,Add this ORI to the California state-law-enforcement master roster and relink the existing 2024 repo NIBRS annual observations.,missing_master_with_repo_nibrs_is_reference_gap,state/review/source_packets/states/ca,,,,,,,,,,,
CA,73,CA0429960,Highway Patrol: Santa Barbara Area Office,State Police,missing_in_repo_master,missing_in_repo_master,True,True,2021-11-01,False,True,nibrs_incident_annual,annual_only_but_usable,37.0,master_reference_omission,chp_area_office_master_gap_with_repo_nibrs,implement_now,add_to_master_now,keep_current_nibrs_incident_annual,Add this ORI to the California state-law-enforcement master roster and relink the existing 2024 repo NIBRS annual observations.,missing_master_with_repo_nibrs_is_reference_gap,state/review/source_packets/states/ca,,,,,,,,,,,
CA,74,CA0019990,Highway Patrol: Dublin Area Office,State Police,missing_in_repo_master,missing_in_repo_master,True,True,2021-11-01,False,True,nibrs_incident_annual,annual_only_but_usable,36.0,master_reference_omission,chp_area_office_master_gap_with_repo_nibrs,implement_now,add_to_master_now,keep_current_nibrs_incident_annual,Add this ORI to the California state-law-enforcement master roster and relink the existing 2024 repo NIBRS annual observations.,missing_master_with_repo_nibrs_is_reference_gap,state/review/source_packets/states/ca,,,,,,,,,,,
CA,75,CA0199910,Highway Patrol: Southern Investigative Services Unit,State Police,missing_in_repo_master,missing_in_repo_master,True,True,2021-11-01,False,True,nibrs_incident_annual,annual_only_but_usable,36.0,master_reference_omission,chp_specialty_master_gap_with_repo_nibrs,queue_next,add_to_master_after_unique_ori_check,keep_current_nibrs_incident_annual,"Run a quick uniqueness check against existing CHP master entities, then add this ORI because repo already carries 2024 NIBRS observations.",missing_master_with_repo_nibrs_is_reference_gap,state/review/source_packets/states/ca,,,,,,,,,,,
CA,76,CA0249961,Highway Patrol: Los Banos Area Office,State Police,missing_in_repo_master,missing_in_repo_master,True,True,2021-11-01,False,True,nibrs_incident_annual,annual_only_but_usable,36.0,master_reference_omission,chp_area_office_master_gap_with_repo_nibrs,implement_now,add_to_master_now,keep_current_nibrs_incident_annual,Add this ORI to the California state-law-enforcement master roster and relink the existing 2024 repo NIBRS annual observations.,missing_master_with_repo_nibrs_is_reference_gap,state/review/source_packets/states/ca,,,,,,,,,,,
CA,77,CA0379950,Highway Patrol: Oceanside Area Office,State Police,missing_in_repo_master,missing_in_repo_master,True,True,2021-11-01,False,True,nibrs_incident_annual,annual_only_but_usable,36.0,master_reference_omission,chp_area_office_master_gap_with_repo_nibrs,implement_now,add_to_master_now,keep_current_nibrs_incident_annual,Add this ORI to the California state-law-enforcement master roster and relink the existing 2024 repo NIBRS annual observations.,missing_master_with_repo_nibrs_is_reference_gap,state/review/source_packets/states/ca,,,,,,,,,,,
CA,80,CA0199990,Highway Patrol: Central Los Angeles Area Office,State Police,missing_in_repo_master,missing_in_repo_master,True,True,2021-11-01,False,True,nibrs_incident_annual,annual_only_but_usable,32.0,master_reference_omission,chp_area_office_master_gap_with_repo_nibrs,implement_now,add_to_master_now,keep_current_nibrs_incident_annual,Add this ORI to the California state-law-enforcement master roster and relink the existing 2024 repo NIBRS annual observations.,missing_master_with_repo_nibrs_is_reference_gap,state/review/source_packets/states/ca,,,,,,,,,,,
CA,81,CA0539975,Highway Patrol: Trinity River Area Office,State Police,missing_in_repo_master,missing_in_repo_master,True,True,2021-11-01,False,True,nibrs_incident_annual,annual_only_but_usable,32.0,master_reference_omission,chp_area_office_master_gap_with_repo_nibrs,implement_now,add_to_master_now,keep_current_nibrs_incident_annual,Add this ORI to the California state-law-enforcement master roster and relink the existing 2024 repo NIBRS annual observations.,missing_master_with_repo_nibrs_is_reference_gap,state/review/source_packets/states/ca,,,,,,,,,,,
CA,82,CA010015M,Coalinga State Hospital,Other State Agency,missing_in_repo_master,missing_in_repo_master,True,True,2022-01-01,False,True,nibrs_incident_annual,annual_only_but_usable,31.0,master_reference_omission,non_chp_master_gap_with_repo_nibrs,implement_now,add_to_master_now,keep_current_nibrs_incident_annual,Add this ORI to the master roster and relink the existing 2024 repo NIBRS annual observations already present for the ORI.,missing_master_with_repo_nibrs_is_reference_gap,state/review/source_packets/states/ca,,,,,,,,,,,
CA,83,CA0349917,Highway Patrol: Capitol Protection Section,State Police,missing_in_repo_master,missing_in_repo_master,True,True,2021-11-01,False,True,nibrs_incident_annual,annual_only_but_usable,31.0,master_reference_omission,chp_specialty_master_gap_with_repo_nibrs,queue_next,add_to_master_after_unique_ori_check,keep_current_nibrs_incident_annual,"Run a quick uniqueness check against existing CHP master entities, then add this ORI because repo already carries 2024 NIBRS observations.",missing_master_with_repo_nibrs_is_reference_gap,state/review/source_packets/states/ca,,,,,,,,,,,
CA,84,CA0119960,Highway Patrol: Willows Area Office,State Police,missing_in_repo_master,missing_in_repo_master,True,True,2021-11-01,False,True,nibrs_incident_annual,annual_only_but_usable,28.0,master_reference_omission,chp_area_office_master_gap_with_repo_nibrs,implement_now,add_to_master_now,keep_current_nibrs_incident_annual,Add this ORI to the California state-law-enforcement master roster and relink the existing 2024 repo NIBRS annual observations.,missing_master_with_repo_nibrs_is_reference_gap,state/review/source_packets/states/ca,,,,,,,,,,,
CA,85,CA0541200,Porterville Developmental Center,Other State Agency,official_nibrs_repo_no_nibrs,official_nibrs_no_repo_nibrs|official_start_by_2024_but_repo_no_nibrs,True,True,2021-08-01,True,False,srs_return_a_annual,full_monthly|structurally_missing_or_unreliable,28.0,source_policy_disagreement,official_nibrs_repo_srs_only,queue_next,no_master_change_from_packet,queue_targeted_nibrs_audit_before_switch,Audit whether a concrete 2024 official NIBRS incident feed exists for this ORI. Switch policy only after confirming source availability.,official_nibrs_flag_alone_should_not_force_policy_switch,state/review/source_packets/states/ca,,,,,,,,,,,
CA,86,CA0199965,Highway Patrol: West Los Angeles Area Office,State Police,missing_in_repo_master,missing_in_repo_master,True,True,2021-11-01,False,True,nibrs_incident_annual,annual_only_but_usable,27.0,master_reference_omission,chp_area_office_master_gap_with_repo_nibrs,implement_now,add_to_master_now,keep_current_nibrs_incident_annual,Add this ORI to the California state-law-enforcement master roster and relink the existing 2024 repo NIBRS annual observations.,missing_master_with_repo_nibrs_is_reference_gap,state/review/source_packets/states/ca,,,,,,,,,,,
CA,87,CA0199975,Highway Patrol: Altadena Area Office,State Police,missing_in_repo_master,missing_in_repo_master,True,True,2021-11-01,False,True,nibrs_incident_annual,annual_only_but_usable,27.0,master_reference_omission,chp_area_office_master_gap_with_repo_nibrs,implement_now,add_to_master_now,keep_current_nibrs_incident_annual,Add this ORI to the California state-law-enforcement master roster and relink the existing 2024 repo NIBRS annual observations.,missing_master_with_repo_nibrs_is_reference_gap,state/review/source_packets/states/ca,,,,,,,,,,,
CA,90,CA0379908,Highway Patrol: Border Investigative Services Unit,State Police,missing_in_repo_master,missing_in_repo_master,True,True,2021-11-01,False,True,nibrs_incident_annual,annual_only_but_usable,26.0,master_reference_omission,chp_specialty_master_gap_with_repo_nibrs,queue_next,add_to_master_after_unique_ori_check,keep_current_nibrs_incident_annual,"Run a quick uniqueness check against existing CHP master entities, then add this ORI because repo already carries 2024 NIBRS observations.",missing_master_with_repo_nibrs_is_reference_gap,state/review/source_packets/states/ca,,,,,,,,,,,
CA,91,CA0429955,Highway Patrol: Buellton Area Office,State Police,missing_in_repo_master,missing_in_repo_master,True,True,2021-11-01,False,True,nibrs_incident_annual,annual_only_but_usable,25.0,master_reference_omission,chp_area_office_master_gap_with_repo_nibrs,implement_now,add_to_master_now,keep_current_nibrs_incident_annual,Add this ORI to the California state-law-enforcement master roster and relink the existing 2024 repo NIBRS annual observations.,missing_master_with_repo_nibrs_is_reference_gap,state/review/source_packets/states/ca,,,,,,,,,,,
CA,92,CA0199980,Highway Patrol: West Valley Area Office,State Police,missing_in_repo_master,missing_in_repo_master,True,True,2021-11-01,False,True,nibrs_incident_annual,annual_only_but_usable,24.0,master_reference_omission,chp_area_office_master_gap_with_repo_nibrs,implement_now,add_to_master_now,keep_current_nibrs_incident_annual,Add this ORI to the California state-law-enforcement master roster and relink the existing 2024 repo NIBRS annual observations.,missing_master_with_repo_nibrs_is_reference_gap,state/review/source_packets/states/ca,,,,,,,,,,,
CA,93,CA0409940,Highway Patrol: Templeton Area Office,State Police,missing_in_repo_master,missing_in_repo_master,True,True,2021-11-01,False,True,nibrs_incident_annual,annual_only_but_usable,24.0,master_reference_omission,chp_area_office_master_gap_with_repo_nibrs,implement_now,add_to_master_now,keep_current_nibrs_incident_annual,Add this ORI to the California state-law-enforcement master roster and relink the existing 2024 repo NIBRS annual observations.,missing_master_with_repo_nibrs_is_reference_gap,state/review/source_packets/states/ca,,,,,,,,,,,
CA,94,CA0579980,Highway Patrol: Woodland Area Office,State Police,missing_in_repo_master,missing_in_repo_master,True,True,2021-11-01,False,True,nibrs_incident_annual,annual_only_but_usable,23.0,master_reference_omission,chp_area_office_master_gap_with_repo_nibrs,implement_now,add_to_master_now,keep_current_nibrs_incident_annual,Add this ORI to the California state-law-enforcement master roster and relink the existing 2024 repo NIBRS annual observations.,missing_master_with_repo_nibrs_is_reference_gap,state/review/source_packets/states/ca,,,,,,,,,,,
CA,95,CA0039995,Highway Patrol: Amador Area Office,State Police,missing_in_repo_master,missing_in_repo_master,True,True,2021-11-01,False,True,nibrs_incident_annual,annual_only_but_usable,22.0,master_reference_omission,chp_area_office_master_gap_with_repo_nibrs,implement_now,add_to_master_now,keep_current_nibrs_incident_annual,Add this ORI to the California state-law-enforcement master roster and relink the existing 2024 repo NIBRS annual observations.,missing_master_with_repo_nibrs_is_reference_gap,state/review/source_packets/states/ca,,,,,,,,,,,
CA,96,CA0489965,Highway Patrol: Solano Area Office,State Police,missing_in_repo_master,missing_in_repo_master,True,True,2021-11-01,False,True,nibrs_incident_annual,annual_only_but_usable,22.0,master_reference_omission,chp_area_office_master_gap_with_repo_nibrs,implement_now,add_to_master_now,keep_current_nibrs_incident_annual,Add this ORI to the California state-law-enforcement master roster and relink the existing 2024 repo NIBRS annual observations.,missing_master_with_repo_nibrs_is_reference_gap,state/review/source_packets/states/ca,,,,,,,,,,,
CA,98,CA0159926,Highway Patrol: Buttonwillow Area Office,State Police,missing_in_repo_master,missing_in_repo_master,True,True,2021-11-01,False,True,nibrs_incident_annual,annual_only_but_usable,20.0,master_reference_omission,chp_area_office_master_gap_with_repo_nibrs,implement_now,add_to_master_now,keep_current_nibrs_incident_annual,Add this ORI to the California state-law-enforcement master roster and relink the existing 2024 repo NIBRS annual observations.,missing_master_with_repo_nibrs_is_reference_gap,state/review/source_packets/states/ca,,,,,,,,,,,
CA,99,CA0349901,Highway Patrol: Valley Division,State Police,missing_in_repo_master,missing_in_repo_master,True,True,2021-11-01,False,True,nibrs_incident_annual,annual_only_but_usable,20.0,master_reference_omission,chp_specialty_master_gap_with_repo_nibrs,queue_next,add_to_master_after_unique_ori_check,keep_current_nibrs_incident_annual,"Run a quick uniqueness check against existing CHP master entities, then add this ORI because repo already carries 2024 NIBRS observations.",missing_master_with_repo_nibrs_is_reference_gap,state/review/source_packets/states/ca,,,,,,,,,,,
CA,100,CA0439925,Highway Patrol: Hollister-Gilroy Area Office,State Police,missing_in_repo_master,missing_in_repo_master,True,True,2021-11-01,False,True,nibrs_incident_annual,annual_only_but_usable,20.0,master_reference_omission,chp_area_office_master_gap_with_repo_nibrs,implement_now,add_to_master_now,keep_current_nibrs_incident_annual,Add this ORI to the California state-law-enforcement master roster and relink the existing 2024 repo NIBRS annual observations.,missing_master_with_repo_nibrs_is_reference_gap,state/review/source_packets/states/ca,,,,,,,,,,,
CA,101,CA040015M,Atascadero State Hospital,Other State Agency,missing_in_repo_master,missing_in_repo_master,True,True,2022-01-01,False,True,nibrs_incident_annual,annual_only_but_usable,19.0,master_reference_omission,non_chp_master_gap_with_repo_nibrs,implement_now,add_to_master_now,keep_current_nibrs_incident_annual,Add this ORI to the master roster and relink the existing 2024 repo NIBRS annual observations already present for the ORI.,missing_master_with_repo_nibrs_is_reference_gap,state/review/source_packets/states/ca,,,,,,,,,,,
CA,104,CA0479945,Highway Patrol: Yreka Area Office,State Police,missing_in_repo_master,missing_in_repo_master,True,True,2021-11-01,False,True,nibrs_incident_annual,annual_only_but_usable,16.0,master_reference_omission,chp_area_office_master_gap_with_repo_nibrs,implement_now,add_to_master_now,keep_current_nibrs_incident_annual,Add this ORI to the California state-law-enforcement master roster and relink the existing 2024 repo NIBRS annual observations.,missing_master_with_repo_nibrs_is_reference_gap,state/review/source_packets/states/ca,,,,,,,,,,,
CA,106,CA028100X,Yountville Police Department,City,missing_in_repo_master,missing_in_repo_master,True,True,2022-12-01,False,True,nibrs_incident_annual,annual_only_but_usable,14.0,master_reference_omission,non_chp_master_gap_with_repo_nibrs,implement_now,add_to_master_now,keep_current_nibrs_incident_annual,Add this ORI to the master roster and relink the existing 2024 repo NIBRS annual observations already present for the ORI.,missing_master_with_repo_nibrs_is_reference_gap,state/review/source_packets/states/ca,,,,,,,,,,,
CA,107,CA0389935,Highway Patrol: San Francisco Area Office,State Police,missing_in_repo_master,missing_in_repo_master,True,True,2021-11-01,False,True,nibrs_incident_annual,annual_only_but_usable,14.0,master_reference_omission,chp_area_office_master_gap_with_repo_nibrs,implement_now,add_to_master_now,keep_current_nibrs_incident_annual,Add this ORI to the California state-law-enforcement master roster and relink the existing 2024 repo NIBRS annual observations.,missing_master_with_repo_nibrs_is_reference_gap,state/review/source_packets/states/ca,,,,,,,,,,,
CA,108,CA0229955,Highway Patrol: Mariposa Area Office,State Police,missing_in_repo_master,missing_in_repo_master,True,True,2021-11-01,False,True,nibrs_incident_annual,annual_only_but_usable,13.0,master_reference_omission,chp_area_office_master_gap_with_repo_nibrs,implement_now,add_to_master_now,keep_current_nibrs_incident_annual,Add this ORI to the California state-law-enforcement master roster and relink the existing 2024 repo NIBRS annual observations.,missing_master_with_repo_nibrs_is_reference_gap,state/review/source_packets/states/ca,,,,,,,,,,,
CA,109,CA0369955,Highway Patrol: Rancho Cucamonga Area Office,State Police,missing_in_repo_master,missing_in_repo_master,True,True,2021-11-01,False,True,nibrs_incident_annual,annual_only_but_usable,13.0,master_reference_omission,chp_area_office_master_gap_with_repo_nibrs,implement_now,add_to_master_now,keep_current_nibrs_incident_annual,Add this ORI to the California state-law-enforcement master roster and relink the existing 2024 repo NIBRS annual observations.,missing_master_with_repo_nibrs_is_reference_gap,state/review/source_packets/states/ca,,,,,,,,,,,
CA,110,CA0099946,Highway Patrol: South Lake Tahoe Area Office,State Police,missing_in_repo_master,missing_in_repo_master,True,True,2021-11-01,False,True,nibrs_incident_annual,annual_only_but_usable,12.0,master_reference_omission,chp_area_office_master_gap_with_repo_nibrs,implement_now,add_to_master_now,keep_current_nibrs_incident_annual,Add this ORI to the California state-law-enforcement master roster and relink the existing 2024 repo NIBRS annual observations.,missing_master_with_repo_nibrs_is_reference_gap,state/review/source_packets/states/ca,,,,,,,,,,,
CA,111,CA0479946,Highway Patrol: Mount Shasta Area Office,State Police,missing_in_repo_master,missing_in_repo_master,True,True,2021-11-01,False,True,nibrs_incident_annual,annual_only_but_usable,12.0,master_reference_omission,chp_area_office_master_gap_with_repo_nibrs,implement_now,add_to_master_now,keep_current_nibrs_incident_annual,Add this ORI to the California state-law-enforcement master roster and relink the existing 2024 repo NIBRS annual observations.,missing_master_with_repo_nibrs_is_reference_gap,state/review/source_packets/states/ca,,,,,,,,,,,
CA,115,CA0339985,Highway Patrol: Temecula Area Office,State Police,missing_in_repo_master,missing_in_repo_master,True,True,2021-11-01,False,True,nibrs_incident_annual,annual_only_but_usable,10.0,master_reference_omission,chp_area_office_master_gap_with_repo_nibrs,implement_now,add_to_master_now,keep_current_nibrs_incident_annual,Add this ORI to the California state-law-enforcement master roster and relink the existing 2024 repo NIBRS annual observations.,missing_master_with_repo_nibrs_is_reference_gap,state/review/source_packets/states/ca,,,,,,,,,,,
CA,117,CA0159960,Highway Patrol: Fort Tejon Area Office,State Police,missing_in_repo_master,missing_in_repo_master,True,True,2021-11-01,False,True,nibrs_incident_annual,annual_only_but_usable,9.0,master_reference_omission,chp_area_office_master_gap_with_repo_nibrs,implement_now,add_to_master_now,keep_current_nibrs_incident_annual,Add this ORI to the California state-law-enforcement master roster and relink the existing 2024 repo NIBRS annual observations.,missing_master_with_repo_nibrs_is_reference_gap,state/review/source_packets/states/ca,,,,,,,,,,,
CA,118,CA0369934,Highway Patrol: Needles Area Office,State Police,missing_in_repo_master,missing_in_repo_master,True,True,2021-11-01,False,True,nibrs_incident_annual,annual_only_but_usable,9.0,master_reference_omission,chp_area_office_master_gap_with_repo_nibrs,implement_now,add_to_master_now,keep_current_nibrs_incident_annual,Add this ORI to the California state-law-enforcement master roster and relink the existing 2024 repo NIBRS annual observations.,missing_master_with_repo_nibrs_is_reference_gap,state/review/source_packets/states/ca,,,,,,,,,,,
CA,119,CA0369960,Highway Patrol: San Bernardino Area Office,State Police,missing_in_repo_master,missing_in_repo_master,True,True,2021-11-01,False,True,nibrs_incident_annual,annual_only_but_usable,9.0,master_reference_omission,chp_area_office_master_gap_with_repo_nibrs,implement_now,add_to_master_now,keep_current_nibrs_incident_annual,Add this ORI to the California state-law-enforcement master roster and relink the existing 2024 repo NIBRS annual observations.,missing_master_with_repo_nibrs_is_reference_gap,state/review/source_packets/states/ca,,,,,,,,,,,
CA,120,CA0189940,Highway Patrol: Susanville Area Office,State Police,missing_in_repo_master,missing_in_repo_master,True,True,2021-11-01,False,True,nibrs_incident_annual,annual_only_but_usable,8.0,master_reference_omission,chp_area_office_master_gap_with_repo_nibrs,implement_now,add_to_master_now,keep_current_nibrs_incident_annual,Add this ORI to the California state-law-enforcement master roster and relink the existing 2024 repo NIBRS annual observations.,missing_master_with_repo_nibrs_is_reference_gap,state/review/source_packets/states/ca,,,,,,,,,,,
CA,122,CA0409945,Highway Patrol: San Luis Obispo Area Office,State Police,missing_in_repo_master,missing_in_repo_master,True,True,2021-11-01,False,True,nibrs_incident_annual,annual_only_but_usable,7.0,master_reference_omission,chp_area_office_master_gap_with_repo_nibrs,implement_now,add_to_master_now,keep_current_nibrs_incident_annual,Add this ORI to the California state-law-enforcement master roster and relink the existing 2024 repo NIBRS annual observations.,missing_master_with_repo_nibrs_is_reference_gap,state/review/source_packets/states/ca,,,,,,,,,,,
CA,123,CA0459901,Highway Patrol: Northern Division,State Police,missing_in_repo_master,missing_in_repo_master,True,True,2021-11-01,False,True,nibrs_incident_annual,annual_only_but_usable,7.0,master_reference_omission,chp_specialty_master_gap_with_repo_nibrs,queue_next,add_to_master_after_unique_ori_check,keep_current_nibrs_incident_annual,"Run a quick uniqueness check against existing CHP master entities, then add this ORI because repo already carries 2024 NIBRS observations.",missing_master_with_repo_nibrs_is_reference_gap,state/review/source_packets/states/ca,,,,,,,,,,,
CA,124,CA0559925,Highway Patrol: Sonora Area Office,State Police,missing_in_repo_master,missing_in_repo_master,True,True,2021-11-01,False,True,nibrs_incident_annual,annual_only_but_usable,7.0,master_reference_omission,chp_area_office_master_gap_with_repo_nibrs,implement_now,add_to_master_now,keep_current_nibrs_incident_annual,Add this ORI to the California state-law-enforcement master roster and relink the existing 2024 repo NIBRS annual observations.,missing_master_with_repo_nibrs_is_reference_gap,state/review/source_packets/states/ca,,,,,,,,,,,
CA,126,CA0109995,Highway Patrol: Coalinga Area Office,State Police,missing_in_repo_master,missing_in_repo_master,True,True,2021-11-01,False,True,nibrs_incident_annual,annual_only_but_usable,6.0,master_reference_omission,chp_area_office_master_gap_with_repo_nibrs,implement_now,add_to_master_now,keep_current_nibrs_incident_annual,Add this ORI to the California state-law-enforcement master roster and relink the existing 2024 repo NIBRS annual observations.,missing_master_with_repo_nibrs_is_reference_gap,state/review/source_packets/states/ca,,,,,,,,,,,
CA,127,CA0199901,Highway Patrol: Southern Division,State Police,missing_in_repo_master,missing_in_repo_master,True,True,2021-11-01,False,True,nibrs_incident_annual,annual_only_but_usable,6.0,master_reference_omission,chp_specialty_master_gap_with_repo_nibrs,queue_next,add_to_master_after_unique_ori_check,keep_current_nibrs_incident_annual,"Run a quick uniqueness check against existing CHP master entities, then add this ORI because repo already carries 2024 NIBRS observations.",missing_master_with_repo_nibrs_is_reference_gap,state/review/source_packets/states/ca,,,,,,,,,,,
CA,128,CA0279935,Highway Patrol: King City Area Office,State Police,missing_in_repo_master,missing_in_repo_master,True,True,2021-11-01,False,True,nibrs_incident_annual,annual_only_but_usable,6.0,master_reference_omission,chp_area_office_master_gap_with_repo_nibrs,implement_now,add_to_master_now,keep_current_nibrs_incident_annual,Add this ORI to the California state-law-enforcement master roster and relink the existing 2024 repo NIBRS annual observations.,missing_master_with_repo_nibrs_is_reference_gap,state/review/source_packets/states/ca,,,,,,,,,,,
CA,130,CA0399966,Highway Patrol: Tracy Area Office,State Police,missing_in_repo_master,missing_in_repo_master,True,True,2021-11-01,False,True,nibrs_incident_annual,annual_only_but_usable,5.0,master_reference_omission,chp_area_office_master_gap_with_repo_nibrs,implement_now,add_to_master_now,keep_current_nibrs_incident_annual,Add this ORI to the California state-law-enforcement master roster and relink the existing 2024 repo NIBRS annual observations.,missing_master_with_repo_nibrs_is_reference_gap,state/review/source_packets/states/ca,,,,,,,,,,,
CA,132,CA0109901,Highway Patrol: Central Division,State Police,missing_in_repo_master,missing_in_repo_master,True,True,2021-11-01,False,True,nibrs_incident_annual,annual_only_but_usable,4.0,master_reference_omission,chp_specialty_master_gap_with_repo_nibrs,queue_next,add_to_master_after_unique_ori_check,keep_current_nibrs_incident_annual,"Run a quick uniqueness check against existing CHP master entities, then add this ORI because repo already carries 2024 NIBRS observations.",missing_master_with_repo_nibrs_is_reference_gap,state/review/source_packets/states/ca,,,,,,,,,,,
CA,133,CA0339930,Highway Patrol: Indio Area Office,State Police,missing_in_repo_master,missing_in_repo_master,True,True,2021-11-01,False,True,nibrs_incident_annual,annual_only_but_usable,4.0,master_reference_omission,chp_area_office_master_gap_with_repo_nibrs,implement_now,add_to_master_now,keep_current_nibrs_incident_annual,Add this ORI to the California state-law-enforcement master roster and relink the existing 2024 repo NIBRS annual observations.,missing_master_with_repo_nibrs_is_reference_gap,state/review/source_packets/states/ca,,,,,,,,,,,
CA,134,CA0379945,Highway Patrol: San Diego Area Office,State Police,missing_in_repo_master,missing_in_repo_master,True,True,2021-11-01,False,True,nibrs_incident_annual,annual_only_but_usable,4.0,master_reference_omission,chp_area_office_master_gap_with_repo_nibrs,implement_now,add_to_master_now,keep_current_nibrs_incident_annual,Add this ORI to the California state-law-enforcement master roster and relink the existing 2024 repo NIBRS annual observations.,missing_master_with_repo_nibrs_is_reference_gap,state/review/source_packets/states/ca,,,,,,,,,,,
CA,135,CA0489901,Highway Patrol: Golden Gate Division,State Police,missing_in_repo_master,missing_in_repo_master,True,True,2021-11-01,False,True,nibrs_incident_annual,annual_only_but_usable,4.0,master_reference_omission,chp_specialty_master_gap_with_repo_nibrs,queue_next,add_to_master_after_unique_ori_check,keep_current_nibrs_incident_annual,"Run a quick uniqueness check against existing CHP master entities, then add this ORI because repo already carries 2024 NIBRS observations.",missing_master_with_repo_nibrs_is_reference_gap,state/review/source_packets/states/ca,,,,,,,,,,,
CA,136,CA0069955,Highway Patrol: Williams Area Office,State Police,missing_in_repo_master,missing_in_repo_master,True,True,2021-11-01,False,True,nibrs_incident_annual,annual_only_but_usable,3.0,master_reference_omission,chp_area_office_master_gap_with_repo_nibrs,implement_now,add_to_master_now,keep_current_nibrs_incident_annual,Add this ORI to the California state-law-enforcement master roster and relink the existing 2024 repo NIBRS annual observations.,missing_master_with_repo_nibrs_is_reference_gap,state/review/source_packets/states/ca,,,,,,,,,,,
CA,137,CA0109912,Highway Patrol: Central Investigative Services Unit,State Police,missing_in_repo_master,missing_in_repo_master,True,True,2021-11-01,False,True,nibrs_incident_annual,annual_only_but_usable,3.0,master_reference_omission,chp_specialty_master_gap_with_repo_nibrs,queue_next,add_to_master_after_unique_ori_check,keep_current_nibrs_incident_annual,"Run a quick uniqueness check against existing CHP master entities, then add this ORI because repo already carries 2024 NIBRS observations.",missing_master_with_repo_nibrs_is_reference_gap,state/review/source_packets/states/ca,,,,,,,,,,,
CA,138,CA0139920,Highway Patrol: Winterhaven Area Office,State Police,missing_in_repo_master,missing_in_repo_master,True,True,2021-11-01,False,True,nibrs_incident_annual,annual_only_but_usable,3.0,master_reference_omission,chp_area_office_master_gap_with_repo_nibrs,implement_now,add_to_master_now,keep_current_nibrs_incident_annual,Add this ORI to the California state-law-enforcement master roster and relink the existing 2024 repo NIBRS annual observations.,missing_master_with_repo_nibrs_is_reference_gap,state/review/source_packets/states/ca,,,,,,,,,,,
CA,139,CA0309975,Highway Patrol: Santa Ana Area Office,State Police,missing_in_repo_master,missing_in_repo_master,True,True,2021-11-01,False,True,nibrs_incident_annual,annual_only_but_usable,3.0,master_reference_omission,chp_area_office_master_gap_with_repo_nibrs,implement_now,add_to_master_now,keep_current_nibrs_incident_annual,Add this ORI to the California state-law-enforcement master roster and relink the existing 2024 repo NIBRS annual observations.,missing_master_with_repo_nibrs_is_reference_gap,state/review/source_packets/states/ca,,,,,,,,,,,
CA,140,CA0379980,Highway Patrol: El Cajon Area Office,State Police,missing_in_repo_master,missing_in_repo_master,True,True,2021-11-01,False,True,nibrs_incident_annual,annual_only_but_usable,3.0,master_reference_omission,chp_area_office_master_gap_with_repo_nibrs,implement_now,add_to_master_now,keep_current_nibrs_incident_annual,Add this ORI to the California state-law-enforcement master roster and relink the existing 2024 repo NIBRS annual observations.,missing_master_with_repo_nibrs_is_reference_gap,state/review/source_packets/states/ca,,,,,,,,,,,
CA,141,CA0269920,Highway Patrol: Bridgeport Area Office,State Police,missing_in_repo_master,missing_in_repo_master,True,True,2021-11-01,False,True,nibrs_incident_annual,annual_only_but_usable,2.0,master_reference_omission,chp_area_office_master_gap_with_repo_nibrs,implement_now,add_to_master_now,keep_current_nibrs_incident_annual,Add this ORI to the California state-law-enforcement master roster and relink the existing 2024 repo NIBRS annual observations.,missing_master_with_repo_nibrs_is_reference_gap,state/review/source_packets/states/ca,,,,,,,,,,,
CA,142,CA0339955,Highway Patrol: San Gorgonio Pass Area Office,State Police,missing_in_repo_master,missing_in_repo_master,True,True,2021-11-01,False,True,nibrs_incident_annual,annual_only_but_usable,2.0,master_reference_omission,chp_area_office_master_gap_with_repo_nibrs,implement_now,add_to_master_now,keep_current_nibrs_incident_annual,Add this ORI to the California state-law-enforcement master roster and relink the existing 2024 repo NIBRS annual observations.,missing_master_with_repo_nibrs_is_reference_gap,state/review/source_packets/states/ca,,,,,,,,,,,
CA,143,CA0569965,Highway Patrol: Ventura Area Office,State Police,missing_in_repo_master,missing_in_repo_master,True,True,2021-11-01,False,True,nibrs_incident_annual,annual_only_but_usable,2.0,master_reference_omission,chp_area_office_master_gap_with_repo_nibrs,implement_now,add_to_master_now,keep_current_nibrs_incident_annual,Add this ORI to the California state-law-enforcement master roster and relink the existing 2024 repo NIBRS annual observations.,missing_master_with_repo_nibrs_is_reference_gap,state/review/source_packets/states/ca,,,,,,,,,,,
CA,152,CA0109913,Highway Patrol: Help Eliminate Auto Theft (Fresno HEAT),State Police,missing_in_repo_master,missing_in_repo_master,True,True,2021-11-01,False,True,nibrs_incident_annual,annual_only_but_usable,1.0,master_reference_omission,chp_specialty_master_gap_with_repo_nibrs,queue_next,add_to_master_after_unique_ori_check,keep_current_nibrs_incident_annual,"Run a quick uniqueness check against existing CHP master entities, then add this ORI because repo already carries 2024 NIBRS observations.",missing_master_with_repo_nibrs_is_reference_gap,state/review/source_packets/states/ca,,,,,,,,,,,
CA,153,CA0139926,Highway Patrol: Calexico Commercial Vehicle Enforcement Facility,State Police,missing_in_repo_master,missing_in_repo_master,True,True,2021-11-01,False,True,nibrs_incident_annual,annual_only_but_usable,1.0,master_reference_omission,chp_specialty_master_gap_with_repo_nibrs,queue_next,add_to_master_after_unique_ori_check,keep_current_nibrs_incident_annual,"Run a quick uniqueness check against existing CHP master entities, then add this ORI because repo already carries 2024 NIBRS observations.",missing_master_with_repo_nibrs_is_reference_gap,state/review/source_packets/states/ca,,,,,,,,,,,
CA,154,CA0149925,Highway Patrol: Bishop Area Office,State Police,missing_in_repo_master,missing_in_repo_master,True,True,2021-11-01,False,True,nibrs_incident_annual,annual_only_but_usable,1.0,master_reference_omission,chp_area_office_master_gap_with_repo_nibrs,implement_now,add_to_master_now,keep_current_nibrs_incident_annual,Add this ORI to the California state-law-enforcement master roster and relink the existing 2024 repo NIBRS annual observations.,missing_master_with_repo_nibrs_is_reference_gap,state/review/source_packets/states/ca,,,,,,,,,,,
CA,155,CA0169940,Highway Patrol: Hanford Area Office,State Police,missing_in_repo_master,missing_in_repo_master,True,True,2021-11-01,False,True,nibrs_incident_annual,annual_only_but_usable,1.0,master_reference_omission,chp_area_office_master_gap_with_repo_nibrs,implement_now,add_to_master_now,keep_current_nibrs_incident_annual,Add this ORI to the California state-law-enforcement master roster and relink the existing 2024 repo NIBRS annual observations.,missing_master_with_repo_nibrs_is_reference_gap,state/review/source_packets/states/ca,,,,,,,,,,,
CA,156,CA0329965,Highway Patrol: Quincy Area Office,State Police,missing_in_repo_master,missing_in_repo_master,True,True,2021-11-01,False,True,nibrs_incident_annual,annual_only_but_usable,1.0,master_reference_omission,chp_area_office_master_gap_with_repo_nibrs,implement_now,add_to_master_now,keep_current_nibrs_incident_annual,Add this ORI to the California state-law-enforcement master roster and relink the existing 2024 repo NIBRS annual observations.,missing_master_with_repo_nibrs_is_reference_gap,state/review/source_packets/states/ca,,,,,,,,,,,
CA,157,CA0339940,Highway Patrol: Riverside Area Office,State Police,missing_in_repo_master,missing_in_repo_master,True,True,2021-11-01,False,True,nibrs_incident_annual,annual_only_but_usable,1.0,master_reference_omission,chp_area_office_master_gap_with_repo_nibrs,implement_now,add_to_master_now,keep_current_nibrs_incident_annual,Add this ORI to the California state-law-enforcement master roster and relink the existing 2024 repo NIBRS annual observations.,missing_master_with_repo_nibrs_is_reference_gap,state/review/source_packets/states/ca,,,,,,,,,,,
CA,158,CA0409901,Highway Patrol: Coastal Division,State Police,missing_in_repo_master,missing_in_repo_master,True,True,2021-11-01,False,True,nibrs_incident_annual,annual_only_but_usable,1.0,master_reference_omission,chp_specialty_master_gap_with_repo_nibrs,queue_next,add_to_master_after_unique_ori_check,keep_current_nibrs_incident_annual,"Run a quick uniqueness check against existing CHP master entities, then add this ORI because repo already carries 2024 NIBRS observations.",missing_master_with_repo_nibrs_is_reference_gap,state/review/source_packets/states/ca,,,,,,,,,,,
CA,159,CA0529931,Highway Patrol: Cottonwood Commercial Vehicle Enforcement Facility,State Police,missing_in_repo_master,missing_in_repo_master,True,True,2021-11-01,False,True,nibrs_incident_annual,annual_only_but_usable,1.0,master_reference_omission,chp_specialty_master_gap_with_repo_nibrs,queue_next,add_to_master_after_unique_ori_check,keep_current_nibrs_incident_annual,"Run a quick uniqueness check against existing CHP master entities, then add this ORI because repo already carries 2024 NIBRS observations.",missing_master_with_repo_nibrs_is_reference_gap,state/review/source_packets/states/ca,,,,,,,,,,,
CA,327,CA0019916,Highway Patrol: Golden Gate Investigative Services Unit,State Police,missing_in_repo_master,missing_in_repo_master|official_nibrs_no_repo_nibrs|official_start_by_2024_but_repo_no_nibrs,True,True,2021-11-01,False,False,,,0.0,coverage_reporting_regime_difference,chp_official_nibrs_zero_repo_obs_missing_master,queue_next,hold_master_until_coverage_verified,no_source_change_until_2024_obs_found,"Queue a secondary coverage review to determine whether this ORI has a separate 2024 reporting stream, zero-report status, or consolidated reporting.",official_nibrs_plus_zero_repo_obs_requires_coverage_verification,state/review/source_packets/states/ca,,,,,,,,,,,
CA,328,CA0019947,Highway Patrol: Nimitz Commercial Vehicle Enforcement Facility,State Police,missing_in_repo_master,missing_in_repo_master|official_nibrs_no_repo_nibrs|official_start_by_2024_but_repo_no_nibrs,True,True,2021-11-01,False,False,,,0.0,coverage_reporting_regime_difference,chp_official_nibrs_zero_repo_obs_missing_master,queue_next,hold_master_until_coverage_verified,no_source_change_until_2024_obs_found,"Queue a secondary coverage review to determine whether this ORI has a separate 2024 reporting stream, zero-report status, or consolidated reporting.",official_nibrs_plus_zero_repo_obs_requires_coverage_verification,state/review/source_packets/states/ca,,,,,,,,,,,
CA,329,CA0019991,Highway Patrol: Mission Grade Commercial Vehicle Enforcement Facility,State Police,missing_in_repo_master,missing_in_repo_master|official_nibrs_no_repo_nibrs|official_start_by_2024_but_repo_no_nibrs,True,True,2021-11-01,False,False,,,0.0,coverage_reporting_regime_difference,chp_official_nibrs_zero_repo_obs_missing_master,queue_next,hold_master_until_coverage_verified,no_source_change_until_2024_obs_found,"Queue a secondary coverage review to determine whether this ORI has a separate 2024 reporting stream, zero-report status, or consolidated reporting.",official_nibrs_plus_zero_repo_obs_requires_coverage_verification,state/review/source_packets/states/ca,,,,,,,,,,,
CA,330,CA0040100,Biggs Police Department,City,present_but_no_2024_observation,no_2024_observation,False,False,,False,False,,structurally_missing_or_unreliable,0.0,coverage_reporting_regime_difference,official_false_zero_repo_obs_present_in_master,monitor_only,keep_master_as_is,no_v2_source_change,No 2024 source action from this packet. Treat as a non-reporting or uncovered row unless a new 2024 source appears.,zero_observation_without_official_nibrs_is_not_a_policy_gap,state/review/source_packets/states/ca,,,,,,,,,,,
CA,331,CA0041200,California Department of Forestry and Fire Protection: Butte,Other State Agency,present_but_no_2024_observation,official_nibrs_no_repo_nibrs|official_start_by_2024_but_repo_no_nibrs|no_2024_observation,True,True,2023-01-01,False,False,,structurally_missing_or_unreliable,0.0,coverage_reporting_regime_difference,official_nibrs_zero_repo_obs_present_in_master,monitor_only,keep_master_as_is,no_source_change_until_2024_obs_found,Keep the master row unchanged. Revisit only if a concrete 2024 source appears or zero-report treatment needs explicit policy.,official_nibrs_plus_zero_repo_obs_requires_coverage_verification,state/review/source_packets/states/ca,,,,,,,,,,,
CA,332,CA0050600,California Department of Forestry and Fire Protection: Tuolumne-Calaveras,Other State Agency,present_but_no_2024_observation,official_nibrs_no_repo_nibrs|official_start_by_2024_but_repo_no_nibrs|no_2024_observation,True,True,2023-01-01,False,False,,structurally_missing_or_unreliable,0.0,coverage_reporting_regime_difference,official_nibrs_zero_repo_obs_present_in_master,monitor_only,keep_master_as_is,no_source_change_until_2024_obs_found,Keep the master row unchanged. Revisit only if a concrete 2024 source appears or zero-report treatment needs explicit policy.,official_nibrs_plus_zero_repo_obs_requires_coverage_verification,state/review/source_packets/states/ca,,,,,,,,,,,
CA,333,CA0090300,California Department of Forestry and Fire Protection: Amador-El Dorado,Other State Agency,present_but_no_2024_observation,official_nibrs_no_repo_nibrs|official_start_by_2024_but_repo_no_nibrs|no_2024_observation,True,True,2023-01-01,False,False,,structurally_missing_or_unreliable,0.0,coverage_reporting_regime_difference,official_nibrs_zero_repo_obs_present_in_master,monitor_only,keep_master_as_is,no_source_change_until_2024_obs_found,Keep the master row unchanged. Revisit only if a concrete 2024 source appears or zero-report treatment needs explicit policy.,official_nibrs_plus_zero_repo_obs_requires_coverage_verification,state/review/source_packets/states/ca,,,,,,,,,,,
CA,334,CA0101900,"California Department of Forestry and Fire Protection, Fresno-Kings",Other State Agency,present_but_no_2024_observation,official_nibrs_no_repo_nibrs|official_start_by_2024_but_repo_no_nibrs|no_2024_observation,True,True,2023-01-01,False,False,,structurally_missing_or_unreliable,0.0,coverage_reporting_regime_difference,official_nibrs_zero_repo_obs_present_in_master,monitor_only,keep_master_as_is,no_source_change_until_2024_obs_found,Keep the master row unchanged. Revisit only if a concrete 2024 source appears or zero-report treatment needs explicit policy.,official_nibrs_plus_zero_repo_obs_requires_coverage_verification,state/review/source_packets/states/ca,,,,,,,,,,,
CA,335,CA0102600,California Department of Forestry and Fire Protection: Southern Region,Other State Agency,present_but_no_2024_observation,official_nibrs_no_repo_nibrs|official_start_by_2024_but_repo_no_nibrs|no_2024_observation,True,True,2023-01-01,False,False,,structurally_missing_or_unreliable,0.0,coverage_reporting_regime_difference,official_nibrs_zero_repo_obs_present_in_master,monitor_only,keep_master_as_is,no_source_change_until_2024_obs_found,Keep the master row unchanged. Revisit only if a concrete 2024 source appears or zero-report treatment needs explicit policy.,official_nibrs_plus_zero_repo_obs_requires_coverage_verification,state/review/source_packets/states/ca,,,,,,,,,,,
CA,336,CA0121600,California Department of Forestry and Fire Protection: Humboldt,Other State Agency,present_but_no_2024_observation,official_nibrs_no_repo_nibrs|official_start_by_2024_but_repo_no_nibrs|no_2024_observation,True,True,2023-01-01,False,False,,structurally_missing_or_unreliable,0.0,coverage_reporting_regime_difference,official_nibrs_zero_repo_obs_present_in_master,monitor_only,keep_master_as_is,no_source_change_until_2024_obs_found,Keep the master row unchanged. Revisit only if a concrete 2024 source appears or zero-report treatment needs explicit policy.,official_nibrs_plus_zero_repo_obs_requires_coverage_verification,state/review/source_packets/states/ca,,,,,,,,,,,
CA,337,CA0150100,Arvin Police Department,City,present_but_no_2024_observation,no_2024_observation,False,False,,False,False,,structurally_missing_or_unreliable,0.0,coverage_reporting_regime_difference,official_false_zero_repo_obs_present_in_master,monitor_only,keep_master_as_is,no_v2_source_change,No 2024 source action from this packet. Treat as a non-reporting or uncovered row unless a new 2024 source appears.,zero_observation_without_official_nibrs_is_not_a_policy_gap,state/review/source_packets/states/ca,,,,,,,,,,,
CA,338,CA0159912,Highway Patrol: Kern County Auto Theft Task Force,State Police,missing_in_repo_master,missing_in_repo_master|official_nibrs_no_repo_nibrs|official_start_by_2024_but_repo_no_nibrs,True,True,2021-11-01,False,False,,,0.0,coverage_reporting_regime_difference,chp_official_nibrs_zero_repo_obs_missing_master,queue_next,hold_master_until_coverage_verified,no_source_change_until_2024_obs_found,"Queue a secondary coverage review to determine whether this ORI has a separate 2024 reporting stream, zero-report status, or consolidated reporting.",official_nibrs_plus_zero_repo_obs_requires_coverage_verification,state/review/source_packets/states/ca,,,,,,,,,,,
CA,339,CA0159924,Highway Patrol: Grapevine Commercial Vehicle Enforcement Facility,State Police,missing_in_repo_master,missing_in_repo_master|official_nibrs_no_repo_nibrs|official_start_by_2024_but_repo_no_nibrs,True,True,2021-11-01,False,False,,,0.0,coverage_reporting_regime_difference,chp_official_nibrs_zero_repo_obs_missing_master,queue_next,hold_master_until_coverage_verified,no_source_change_until_2024_obs_found,"Queue a secondary coverage review to determine whether this ORI has a separate 2024 reporting stream, zero-report status, or consolidated reporting.",official_nibrs_plus_zero_repo_obs_requires_coverage_verification,state/review/source_packets/states/ca,,,,,,,,,,,
CA,340,CA0159930,Highway Patrol: Mojave Area Office,State Police,missing_in_repo_master,missing_in_repo_master|official_nibrs_no_repo_nibrs|official_start_by_2024_but_repo_no_nibrs,True,True,2021-11-01,False,False,,,0.0,coverage_reporting_regime_difference,chp_official_nibrs_zero_repo_obs_missing_master,queue_next,hold_master_until_coverage_verified,no_source_change_until_2024_obs_found,"Queue a secondary coverage review to determine whether this ORI has a separate 2024 reporting stream, zero-report status, or consolidated reporting.",official_nibrs_plus_zero_repo_obs_requires_coverage_verification,state/review/source_packets/states/ca,,,,,,,,,,,
CA,341,CA0180500,California Department of Forestry and Fire Protection: Lassen-Modoc,Other State Agency,present_but_no_2024_observation,official_nibrs_no_repo_nibrs|official_start_by_2024_but_repo_no_nibrs|no_2024_observation,True,True,2023-01-01,False,False,,structurally_missing_or_unreliable,0.0,coverage_reporting_regime_difference,official_nibrs_zero_repo_obs_present_in_master,monitor_only,keep_master_as_is,no_source_change_until_2024_obs_found,Keep the master row unchanged. Revisit only if a concrete 2024 source appears or zero-report treatment needs explicit policy.,official_nibrs_plus_zero_repo_obs_requires_coverage_verification,state/review/source_packets/states/ca,,,,,,,,,,,
CA,342,CA0190D0X,La Habra Heights Police Department,City,present_but_no_2024_observation,no_2024_observation,False,False,,False,False,,,0.0,coverage_reporting_regime_difference,official_false_zero_repo_obs_present_in_master,monitor_only,keep_master_as_is,no_v2_source_change,No 2024 source action from this packet. Treat as a non-reporting or uncovered row unless a new 2024 source appears.,zero_observation_without_official_nibrs_is_not_a_policy_gap,state/review/source_packets/states/ca,,,,,,,,,,,
CA,343,CA0190X0X,Westlake Village Police Department,City,present_but_no_2024_observation,no_2024_observation,False,False,,False,False,,,0.0,coverage_reporting_regime_difference,official_false_zero_repo_obs_present_in_master,monitor_only,keep_master_as_is,no_v2_source_change,No 2024 source action from this packet. Treat as a non-reporting or uncovered row unless a new 2024 source appears.,zero_observation_without_official_nibrs_is_not_a_policy_gap,state/review/source_packets/states/ca,,,,,,,,,,,
CA,344,CA0191H0X,West Hollywood Police Department,City,present_but_no_2024_observation,no_2024_observation,False,False,,False,False,,,0.0,coverage_reporting_regime_difference,official_false_zero_repo_obs_present_in_master,monitor_only,keep_master_as_is,no_v2_source_change,No 2024 source action from this packet. Treat as a non-reporting or uncovered row unless a new 2024 source appears.,zero_observation_without_official_nibrs_is_not_a_policy_gap,state/review/source_packets/states/ca,,,,,,,,,,,
CA,345,CA0191N00,Baldwin Park Unified School District,Other,present_but_no_2024_observation,no_2024_observation,False,False,,False,False,,structurally_missing_or_unreliable,0.0,coverage_reporting_regime_difference,official_false_zero_repo_obs_present_in_master,monitor_only,keep_master_as_is,no_v2_source_change,No 2024 source action from this packet. Treat as a non-reporting or uncovered row unless a new 2024 source appears.,zero_observation_without_official_nibrs_is_not_a_policy_gap,state/review/source_packets/states/ca,,,,,,,,,,,
CA,346,CA0191R0X,Santa Clarita Police Department,City,present_but_no_2024_observation,no_2024_observation,False,False,,False,False,,,0.0,coverage_reporting_regime_difference,official_false_zero_repo_obs_present_in_master,monitor_only,keep_master_as_is,no_v2_source_change,No 2024 source action from this packet. Treat as a non-reporting or uncovered row unless a new 2024 source appears.,zero_observation_without_official_nibrs_is_not_a_policy_gap,state/review/source_packets/states/ca,,,,,,,,,,,
CA,347,CA0191W0X,Diamond Bar Police Department,City,present_but_no_2024_observation,no_2024_observation,False,False,,False,False,,,0.0,coverage_reporting_regime_difference,official_false_zero_repo_obs_present_in_master,monitor_only,keep_master_as_is,no_v2_source_change,No 2024 source action from this packet. Treat as a non-reporting or uncovered row unless a new 2024 source appears.,zero_observation_without_official_nibrs_is_not_a_policy_gap,state/review/source_packets/states/ca,,,,,,,,,,,
CA,348,CA0192H0X,Calabasas Police Department,City,present_but_no_2024_observation,no_2024_observation,False,False,,False,False,,,0.0,coverage_reporting_regime_difference,official_false_zero_repo_obs_present_in_master,monitor_only,keep_master_as_is,no_v2_source_change,No 2024 source action from this packet. Treat as a non-reporting or uncovered row unless a new 2024 source appears.,zero_observation_without_official_nibrs_is_not_a_policy_gap,state/review/source_packets/states/ca,,,,,,,,,,,
CA,349,CA0192J0X,Malibu Police Department,City,present_but_no_2024_observation,no_2024_observation,False,False,,False,False,,,0.0,coverage_reporting_regime_difference,official_false_zero_repo_obs_present_in_master,monitor_only,keep_master_as_is,no_v2_source_change,No 2024 source action from this packet. Treat as a non-reporting or uncovered row unless a new 2024 source appears.,zero_observation_without_official_nibrs_is_not_a_policy_gap,state/review/source_packets/states/ca,,,,,,,,,,,
CA,350,CA0192U0X,Los Angeles Transportation Services Bureau,Other,present_but_no_2024_observation,no_2024_observation,False,False,,False,False,,,0.0,coverage_reporting_regime_difference,official_false_zero_repo_obs_present_in_master,monitor_only,keep_master_as_is,no_v2_source_change,No 2024 source action from this packet. Treat as a non-reporting or uncovered row unless a new 2024 source appears.,zero_observation_without_official_nibrs_is_not_a_policy_gap,state/review/source_packets/states/ca,,,,,,,,,,,
CA,351,CA0198800,Los Angeles Port Police,Other,missing_in_repo_master,missing_in_repo_master|official_nibrs_no_repo_nibrs|official_start_by_2024_but_repo_no_nibrs,True,True,2024-10-01,False,False,,,0.0,coverage_reporting_regime_difference,non_chp_official_nibrs_zero_repo_obs_missing_master,queue_next,hold_master_until_coverage_verified,no_source_change_until_2024_obs_found,"Queue a secondary coverage review to determine whether this ORI has a separate 2024 reporting stream, zero-report status, or consolidated reporting.",official_nibrs_plus_zero_repo_obs_requires_coverage_verification,state/review/source_packets/states/ca,,,,,,,,,,,
CA,352,CA019900X,La Canada Flintridge Police Department,City,present_but_no_2024_observation,no_2024_observation,False,False,,False,False,,,0.0,coverage_reporting_regime_difference,official_false_zero_repo_obs_present_in_master,monitor_only,keep_master_as_is,no_v2_source_change,No 2024 source action from this packet. Treat as a non-reporting or uncovered row unless a new 2024 source appears.,zero_observation_without_official_nibrs_is_not_a_policy_gap,state/review/source_packets/states/ca,,,,,,,,,,,
CA,353,CA019960X,Lancaster Police Department,City,present_but_no_2024_observation,no_2024_observation,False,False,,False,False,,,0.0,coverage_reporting_regime_difference,official_false_zero_repo_obs_present_in_master,monitor_only,keep_master_as_is,no_v2_source_change,No 2024 source action from this packet. Treat as a non-reporting or uncovered row unless a new 2024 source appears.,zero_observation_without_official_nibrs_is_not_a_policy_gap,state/review/source_packets/states/ca,,,,,,,,,,,
CA,354,CA0199941,Highway Patrol: Castaic Commercial Vehicle Enforcement Facility,State Police,missing_in_repo_master,missing_in_repo_master|official_nibrs_no_repo_nibrs|official_start_by_2024_but_repo_no_nibrs,True,True,2021-11-01,False,False,,,0.0,coverage_reporting_regime_difference,chp_official_nibrs_zero_repo_obs_missing_master,queue_next,hold_master_until_coverage_verified,no_source_change_until_2024_obs_found,"Queue a secondary coverage review to determine whether this ORI has a separate 2024 reporting stream, zero-report status, or consolidated reporting.",official_nibrs_plus_zero_repo_obs_requires_coverage_verification,state/review/source_packets/states/ca,,,,,,,,,,,
CA,355,CA0199945,Highway Patrol: Antelope Valley Area Office,State Police,missing_in_repo_master,missing_in_repo_master|official_nibrs_no_repo_nibrs|official_start_by_2024_but_repo_no_nibrs,True,True,2021-11-01,False,False,,,0.0,coverage_reporting_regime_difference,chp_official_nibrs_zero_repo_obs_missing_master,queue_next,hold_master_until_coverage_verified,no_source_change_until_2024_obs_found,"Queue a secondary coverage review to determine whether this ORI has a separate 2024 reporting stream, zero-report status, or consolidated reporting.",official_nibrs_plus_zero_repo_obs_requires_coverage_verification,state/review/source_packets/states/ca,,,,,,,,,,,
CA,356,CA0199998,"Highway Patrol: Dignitary Protection Section, South",State Police,missing_in_repo_master,missing_in_repo_master|official_nibrs_no_repo_nibrs|official_start_by_2024_but_repo_no_nibrs,True,True,2021-11-01,False,False,,,0.0,coverage_reporting_regime_difference,chp_official_nibrs_zero_repo_obs_missing_master,queue_next,hold_master_until_coverage_verified,no_source_change_until_2024_obs_found,"Queue a secondary coverage review to determine whether this ORI has a separate 2024 reporting stream, zero-report status, or consolidated reporting.",official_nibrs_plus_zero_repo_obs_requires_coverage_verification,state/review/source_packets/states/ca,,,,,,,,,,,
CA,357,CA0220100,California Department of Forestry and Fire Protection: Madera-Mariposa-Merced,Other State Agency,present_but_no_2024_observation,official_nibrs_no_repo_nibrs|official_start_by_2024_but_repo_no_nibrs|no_2024_observation,True,True,2023-01-01,False,False,,structurally_missing_or_unreliable,0.0,coverage_reporting_regime_difference,official_nibrs_zero_repo_obs_present_in_master,monitor_only,keep_master_as_is,no_source_change_until_2024_obs_found,Keep the master row unchanged. Revisit only if a concrete 2024 source appears or zero-report treatment needs explicit policy.,official_nibrs_plus_zero_repo_obs_requires_coverage_verification,state/review/source_packets/states/ca,,,,,,,,,,,
CA,358,CA0231000,California Department of Forestry and Fire Protection: Mendocino,Other State Agency,present_but_no_2024_observation,official_nibrs_no_repo_nibrs|official_start_by_2024_but_repo_no_nibrs|no_2024_observation,True,True,2023-01-01,False,False,,structurally_missing_or_unreliable,0.0,coverage_reporting_regime_difference,official_nibrs_zero_repo_obs_present_in_master,monitor_only,keep_master_as_is,no_source_change_until_2024_obs_found,Keep the master row unchanged. Revisit only if a concrete 2024 source appears or zero-report treatment needs explicit policy.,official_nibrs_plus_zero_repo_obs_requires_coverage_verification,state/review/source_packets/states/ca,,,,,,,,,,,
CA,359,CA0249964,Highway Patrol: Chowchilla River Commercial Vehicle Enforcement Facility,State Police,missing_in_repo_master,missing_in_repo_master|official_nibrs_no_repo_nibrs|official_start_by_2024_but_repo_no_nibrs,True,True,2021-11-01,False,False,,,0.0,coverage_reporting_regime_difference,chp_official_nibrs_zero_repo_obs_missing_master,queue_next,hold_master_until_coverage_verified,no_source_change_until_2024_obs_found,"Queue a secondary coverage review to determine whether this ORI has a separate 2024 reporting stream, zero-report status, or consolidated reporting.",official_nibrs_plus_zero_repo_obs_requires_coverage_verification,state/review/source_packets/states/ca,,,,,,,,,,,
CA,360,CA0259970,Highway Patrol: Alturas Area Office,State Police,missing_in_repo_master,missing_in_repo_master|official_nibrs_no_repo_nibrs|official_start_by_2024_but_repo_no_nibrs,True,True,2021-11-01,False,False,,,0.0,coverage_reporting_regime_difference,chp_official_nibrs_zero_repo_obs_missing_master,queue_next,hold_master_until_coverage_verified,no_source_change_until_2024_obs_found,"Queue a secondary coverage review to determine whether this ORI has a separate 2024 reporting stream, zero-report status, or consolidated reporting.",official_nibrs_plus_zero_repo_obs_requires_coverage_verification,state/review/source_packets/states/ca,,,,,,,,,,,
CA,361,CA0272100,California Department of Forestry and Fire Protection: San Benito-Monterey,Other State Agency,present_but_no_2024_observation,official_nibrs_no_repo_nibrs|official_start_by_2024_but_repo_no_nibrs|no_2024_observation,True,True,2023-01-01,False,False,,structurally_missing_or_unreliable,0.0,coverage_reporting_regime_difference,official_nibrs_zero_repo_obs_present_in_master,monitor_only,keep_master_as_is,no_source_change_until_2024_obs_found,Keep the master row unchanged. Revisit only if a concrete 2024 source appears or zero-report treatment needs explicit policy.,official_nibrs_plus_zero_repo_obs_requires_coverage_verification,state/review/source_packets/states/ca,,,,,,,,,,,
CA,362,CA028130X,Napa Special Investigations Bureau,Other,missing_in_repo_master,missing_in_repo_master|official_nibrs_no_repo_nibrs|official_start_by_2024_but_repo_no_nibrs,True,True,2022-12-01,False,False,,,0.0,coverage_reporting_regime_difference,non_chp_official_nibrs_zero_repo_obs_missing_master,queue_next,hold_master_until_coverage_verified,no_source_change_until_2024_obs_found,"Queue a secondary coverage review to determine whether this ORI has a separate 2024 reporting stream, zero-report status, or consolidated reporting.",official_nibrs_plus_zero_repo_obs_requires_coverage_verification,state/review/source_packets/states/ca,,,,,,,,,,,
CA,363,CA0299922,Highway Patrol: Truckee Area Office,State Police,missing_in_repo_master,missing_in_repo_master|official_nibrs_no_repo_nibrs|official_start_by_2024_but_repo_no_nibrs,True,True,2021-11-01,False,False,,,0.0,coverage_reporting_regime_difference,chp_official_nibrs_zero_repo_obs_missing_master,queue_next,hold_master_until_coverage_verified,no_source_change_until_2024_obs_found,"Queue a secondary coverage review to determine whether this ORI has a separate 2024 reporting stream, zero-report status, or consolidated reporting.",official_nibrs_plus_zero_repo_obs_requires_coverage_verification,state/review/source_packets/states/ca,,,,,,,,,,,
CA,364,CA0299923,Highway Patrol: Donner Pass Commercial Vehicle Enforcement Facility,State Police,missing_in_repo_master,missing_in_repo_master|official_nibrs_no_repo_nibrs|official_start_by_2024_but_repo_no_nibrs,True,True,2021-11-01,False,False,,,0.0,coverage_reporting_regime_difference,chp_official_nibrs_zero_repo_obs_missing_master,queue_next,hold_master_until_coverage_verified,no_source_change_until_2024_obs_found,"Queue a secondary coverage review to determine whether this ORI has a separate 2024 reporting stream, zero-report status, or consolidated reporting.",official_nibrs_plus_zero_repo_obs_requires_coverage_verification,state/review/source_packets/states/ca,,,,,,,,,,,
CA,365,CA0309600,Irvine Valley College,University or College,present_but_no_2024_observation,no_2024_observation,False,False,,False,False,,structurally_missing_or_unreliable,0.0,coverage_reporting_regime_difference,official_false_zero_repo_obs_present_in_master,monitor_only,keep_master_as_is,no_v2_source_change,No 2024 source action from this packet. Treat as a non-reporting or uncovered row unless a new 2024 source appears.,zero_observation_without_official_nibrs_is_not_a_policy_gap,state/review/source_packets/states/ca,,,,,,,,,,,
CA,366,CA0309990,Highway Patrol: Capistrano Area Office,State Police,missing_in_repo_master,missing_in_repo_master|official_nibrs_no_repo_nibrs|official_start_by_2024_but_repo_no_nibrs,True,True,2021-11-01,False,False,,,0.0,coverage_reporting_regime_difference,chp_official_nibrs_zero_repo_obs_missing_master,queue_next,hold_master_until_coverage_verified,no_source_change_until_2024_obs_found,"Queue a secondary coverage review to determine whether this ORI has a separate 2024 reporting stream, zero-report status, or consolidated reporting.",official_nibrs_plus_zero_repo_obs_requires_coverage_verification,state/review/source_packets/states/ca,,,,,,,,,,,
CA,367,CA0311300,California Department of Forestry and Fire Protection: Nevada-Yuba-Placer,Other State Agency,present_but_no_2024_observation,official_nibrs_no_repo_nibrs|official_start_by_2024_but_repo_no_nibrs|no_2024_observation,True,True,2023-01-01,False,False,,structurally_missing_or_unreliable,0.0,coverage_reporting_regime_difference,official_nibrs_zero_repo_obs_present_in_master,monitor_only,keep_master_as_is,no_source_change_until_2024_obs_found,Keep the master row unchanged. Revisit only if a concrete 2024 source appears or zero-report treatment needs explicit policy.,official_nibrs_plus_zero_repo_obs_requires_coverage_verification,state/review/source_packets/states/ca,,,,,,,,,,,
CA,368,CA0319921,Highway Patrol: Gold Run Area Office,State Police,missing_in_repo_master,missing_in_repo_master|official_nibrs_no_repo_nibrs|official_start_by_2024_but_repo_no_nibrs,True,True,2021-11-01,False,False,,,0.0,coverage_reporting_regime_difference,chp_official_nibrs_zero_repo_obs_missing_master,queue_next,hold_master_until_coverage_verified,no_source_change_until_2024_obs_found,"Queue a secondary coverage review to determine whether this ORI has a separate 2024 reporting stream, zero-report status, or consolidated reporting.",official_nibrs_plus_zero_repo_obs_requires_coverage_verification,state/review/source_packets/states/ca,,,,,,,,,,,
CA,369,CA033300X,Lake Elsinore Police Department,City,present_but_no_2024_observation,no_2024_observation,False,False,,False,False,,,0.0,coverage_reporting_regime_difference,official_false_zero_repo_obs_present_in_master,monitor_only,keep_master_as_is,no_v2_source_change,No 2024 source action from this packet. Treat as a non-reporting or uncovered row unless a new 2024 source appears.,zero_observation_without_official_nibrs_is_not_a_policy_gap,state/review/source_packets/states/ca,,,,,,,,,,,
CA,370,CA033310X,La Quinta Police Department,City,present_but_no_2024_observation,no_2024_observation,False,False,,False,False,,,0.0,coverage_reporting_regime_difference,official_false_zero_repo_obs_present_in_master,monitor_only,keep_master_as_is,no_v2_source_change,No 2024 source action from this packet. Treat as a non-reporting or uncovered row unless a new 2024 source appears.,zero_observation_without_official_nibrs_is_not_a_policy_gap,state/review/source_packets/states/ca,,,,,,,,,,,
CA,371,CA033320X,Moreno Valley Police Department,City,present_but_no_2024_observation,no_2024_observation,False,False,,False,False,,,0.0,coverage_reporting_regime_difference,official_false_zero_repo_obs_present_in_master,monitor_only,keep_master_as_is,no_v2_source_change,No 2024 source action from this packet. Treat as a non-reporting or uncovered row unless a new 2024 source appears.,zero_observation_without_official_nibrs_is_not_a_policy_gap,state/review/source_packets/states/ca,,,,,,,,,,,
CA,372,CA033380X,Temecula Police Department,City,present_but_no_2024_observation,no_2024_observation,False,False,,False,False,,,0.0,coverage_reporting_regime_difference,official_false_zero_repo_obs_present_in_master,monitor_only,keep_master_as_is,no_v2_source_change,No 2024 source action from this packet. Treat as a non-reporting or uncovered row unless a new 2024 source appears.,zero_observation_without_official_nibrs_is_not_a_policy_gap,state/review/source_packets/states/ca,,,,,,,,,,,
CA,373,CA033400X,Calimesa Police Department,City,present_but_no_2024_observation,no_2024_observation,False,False,,False,False,,,0.0,coverage_reporting_regime_difference,official_false_zero_repo_obs_present_in_master,monitor_only,keep_master_as_is,no_v2_source_change,No 2024 source action from this packet. Treat as a non-reporting or uncovered row unless a new 2024 source appears.,zero_observation_without_official_nibrs_is_not_a_policy_gap,state/review/source_packets/states/ca,,,,,,,,,,,
CA,374,CA033410X,Canyon Lake Police Department,City,present_but_no_2024_observation,no_2024_observation,False,False,,False,False,,,0.0,coverage_reporting_regime_difference,official_false_zero_repo_obs_present_in_master,monitor_only,keep_master_as_is,no_v2_source_change,No 2024 source action from this packet. Treat as a non-reporting or uncovered row unless a new 2024 source appears.,zero_observation_without_official_nibrs_is_not_a_policy_gap,state/review/source_packets/states/ca,,,,,,,,,,,
CA,375,CA0334800,California Department of Forestry and Fire Protection: Riverside,Other State Agency,present_but_no_2024_observation,official_nibrs_no_repo_nibrs|official_start_by_2024_but_repo_no_nibrs|no_2024_observation,True,True,2023-01-01,False,False,,structurally_missing_or_unreliable,0.0,coverage_reporting_regime_difference,official_nibrs_zero_repo_obs_present_in_master,monitor_only,keep_master_as_is,no_source_change_until_2024_obs_found,Keep the master row unchanged. Revisit only if a concrete 2024 source appears or zero-report treatment needs explicit policy.,official_nibrs_plus_zero_repo_obs_requires_coverage_verification,state/review/source_packets/states/ca,,,,,,,,,,,
CA,376,CA033770X,Wildomar Police Department,City,present_but_no_2024_observation,no_2024_observation,False,False,,False,False,,,0.0,coverage_reporting_regime_difference,official_false_zero_repo_obs_present_in_master,monitor_only,keep_master_as_is,no_v2_source_change,No 2024 source action from this packet. Treat as a non-reporting or uncovered row unless a new 2024 source appears.,zero_observation_without_official_nibrs_is_not_a_policy_gap,state/review/source_packets/states/ca,,,,,,,,,,,
CA,377,CA033790X,Eastvale Police Department,City,present_but_no_2024_observation,no_2024_observation,False,False,,False,False,,,0.0,coverage_reporting_regime_difference,official_false_zero_repo_obs_present_in_master,monitor_only,keep_master_as_is,no_v2_source_change,No 2024 source action from this packet. Treat as a non-reporting or uncovered row unless a new 2024 source appears.,zero_observation_without_official_nibrs_is_not_a_policy_gap,state/review/source_packets/states/ca,,,,,,,,,,,
CA,378,CA0339956,Highway Patrol: Desert Hills Commercial Vehicle Enforcement Facility,State Police,missing_in_repo_master,missing_in_repo_master|official_nibrs_no_repo_nibrs|official_start_by_2024_but_repo_no_nibrs,True,True,2021-11-01,False,False,,,0.0,coverage_reporting_regime_difference,chp_official_nibrs_zero_repo_obs_missing_master,queue_next,hold_master_until_coverage_verified,no_source_change_until_2024_obs_found,"Queue a secondary coverage review to determine whether this ORI has a separate 2024 reporting stream, zero-report status, or consolidated reporting.",official_nibrs_plus_zero_repo_obs_requires_coverage_verification,state/review/source_packets/states/ca,,,,,,,,,,,
CA,379,CA0339960,Highway Patrol: Blythe Area Office,State Police,missing_in_repo_master,missing_in_repo_master|official_nibrs_no_repo_nibrs|official_start_by_2024_but_repo_no_nibrs,True,True,2021-11-01,False,False,,,0.0,coverage_reporting_regime_difference,chp_official_nibrs_zero_repo_obs_missing_master,queue_next,hold_master_until_coverage_verified,no_source_change_until_2024_obs_found,"Queue a secondary coverage review to determine whether this ORI has a separate 2024 reporting stream, zero-report status, or consolidated reporting.",official_nibrs_plus_zero_repo_obs_requires_coverage_verification,state/review/source_packets/states/ca,,,,,,,,,,,
CA,380,CA0339986,Highway Patrol: Rainbow Commercial Vehicle Enforcement Facility,State Police,missing_in_repo_master,missing_in_repo_master|official_nibrs_no_repo_nibrs|official_start_by_2024_but_repo_no_nibrs,True,True,2021-11-01,False,False,,,0.0,coverage_reporting_regime_difference,chp_official_nibrs_zero_repo_obs_missing_master,queue_next,hold_master_until_coverage_verified,no_source_change_until_2024_obs_found,"Queue a secondary coverage review to determine whether this ORI has a separate 2024 reporting stream, zero-report status, or consolidated reporting.",official_nibrs_plus_zero_repo_obs_requires_coverage_verification,state/review/source_packets/states/ca,,,,,,,,,,,
CA,381,CA0340500,California Department of Forestry and Fire Protection: Sacramento Headquarters,Other State Agency,present_but_no_2024_observation,official_nibrs_no_repo_nibrs|official_start_by_2024_but_repo_no_nibrs|no_2024_observation,True,True,2023-01-01,False,False,,structurally_missing_or_unreliable,0.0,coverage_reporting_regime_difference,official_nibrs_zero_repo_obs_present_in_master,monitor_only,keep_master_as_is,no_source_change_until_2024_obs_found,Keep the master row unchanged. Revisit only if a concrete 2024 source appears or zero-report treatment needs explicit policy.,official_nibrs_plus_zero_repo_obs_requires_coverage_verification,state/review/source_packets/states/ca,,,,,,,,,,,
CA,382,CA0341700,California Department of Forestry and Fire Protection: Office of State Fire Marshal,Other State Agency,present_but_no_2024_observation,official_nibrs_no_repo_nibrs|official_start_by_2024_but_repo_no_nibrs|no_2024_observation,True,True,2023-01-01,False,False,,structurally_missing_or_unreliable,0.0,coverage_reporting_regime_difference,official_nibrs_zero_repo_obs_present_in_master,monitor_only,keep_master_as_is,no_source_change_until_2024_obs_found,Keep the master row unchanged. Revisit only if a concrete 2024 source appears or zero-report treatment needs explicit policy.,official_nibrs_plus_zero_repo_obs_requires_coverage_verification,state/review/source_packets/states/ca,,,,,,,,,,,
CA,383,CA0349906,Highway Patrol: Office of Internal Affairs,State Police,missing_in_repo_master,missing_in_repo_master|official_nibrs_no_repo_nibrs|official_start_by_2024_but_repo_no_nibrs,True,True,2021-11-01,False,False,,,0.0,coverage_reporting_regime_difference,chp_official_nibrs_zero_repo_obs_missing_master,queue_next,hold_master_until_coverage_verified,no_source_change_until_2024_obs_found,"Queue a secondary coverage review to determine whether this ORI has a separate 2024 reporting stream, zero-report status, or consolidated reporting.",official_nibrs_plus_zero_repo_obs_requires_coverage_verification,state/review/source_packets/states/ca,,,,,,,,,,,
CA,384,CA0349908,Highway Patrol: Governor's Protective Detail Section,State Police,missing_in_repo_master,missing_in_repo_master|official_nibrs_no_repo_nibrs|official_start_by_2024_but_repo_no_nibrs,True,True,2021-11-01,False,False,,,0.0,coverage_reporting_regime_difference,chp_official_nibrs_zero_repo_obs_missing_master,queue_next,hold_master_until_coverage_verified,no_source_change_until_2024_obs_found,"Queue a secondary coverage review to determine whether this ORI has a separate 2024 reporting stream, zero-report status, or consolidated reporting.",official_nibrs_plus_zero_repo_obs_requires_coverage_verification,state/review/source_packets/states/ca,,,,,,,,,,,
CA,385,CA0349912,Highway Patrol: Valley Investigative Services Unit,State Police,missing_in_repo_master,missing_in_repo_master|official_nibrs_no_repo_nibrs|official_start_by_2024_but_repo_no_nibrs,True,True,2021-11-01,False,False,,,0.0,coverage_reporting_regime_difference,chp_official_nibrs_zero_repo_obs_missing_master,queue_next,hold_master_until_coverage_verified,no_source_change_until_2024_obs_found,"Queue a secondary coverage review to determine whether this ORI has a separate 2024 reporting stream, zero-report status, or consolidated reporting.",official_nibrs_plus_zero_repo_obs_requires_coverage_verification,state/review/source_packets/states/ca,,,,,,,,,,,
CA,386,CA0349923,"Highway Patrol: Dignitary Protection Section, North",State Police,missing_in_repo_master,missing_in_repo_master|official_nibrs_no_repo_nibrs|official_start_by_2024_but_repo_no_nibrs,True,True,2021-11-01,False,False,,,0.0,coverage_reporting_regime_difference,chp_official_nibrs_zero_repo_obs_missing_master,queue_next,hold_master_until_coverage_verified,no_source_change_until_2024_obs_found,"Queue a secondary coverage review to determine whether this ORI has a separate 2024 reporting stream, zero-report status, or consolidated reporting.",official_nibrs_plus_zero_repo_obs_requires_coverage_verification,state/review/source_packets/states/ca,,,,,,,,,,,
CA,387,CA0349949,Highway Patrol: Sacramento Area Vehicle Theft Reduction Unit,State Police,missing_in_repo_master,missing_in_repo_master|official_nibrs_no_repo_nibrs|official_start_by_2024_but_repo_no_nibrs,True,True,2021-11-01,False,False,,,0.0,coverage_reporting_regime_difference,chp_official_nibrs_zero_repo_obs_missing_master,queue_next,hold_master_until_coverage_verified,no_source_change_until_2024_obs_found,"Queue a secondary coverage review to determine whether this ORI has a separate 2024 reporting stream, zero-report status, or consolidated reporting.",official_nibrs_plus_zero_repo_obs_requires_coverage_verification,state/review/source_packets/states/ca,,,,,,,,,,,
CA,388,CA036200X,Big Bear Lake Police Department,City,present_but_no_2024_observation,no_2024_observation,False,False,,False,False,,,0.0,coverage_reporting_regime_difference,official_false_zero_repo_obs_present_in_master,monitor_only,keep_master_as_is,no_v2_source_change,No 2024 source action from this packet. Treat as a non-reporting or uncovered row unless a new 2024 source appears.,zero_observation_without_official_nibrs_is_not_a_policy_gap,state/review/source_packets/states/ca,,,,,,,,,,,
CA,389,CA036210X,Grand Terrace Police Department,City,present_but_no_2024_observation,no_2024_observation,False,False,,False,False,,,0.0,coverage_reporting_regime_difference,official_false_zero_repo_obs_present_in_master,monitor_only,keep_master_as_is,no_v2_source_change,No 2024 source action from this packet. Treat as a non-reporting or uncovered row unless a new 2024 source appears.,zero_observation_without_official_nibrs_is_not_a_policy_gap,state/review/source_packets/states/ca,,,,,,,,,,,
CA,390,CA036220X,Loma Linda Police Department,City,present_but_no_2024_observation,no_2024_observation,False,False,,False,False,,,0.0,coverage_reporting_regime_difference,official_false_zero_repo_obs_present_in_master,monitor_only,keep_master_as_is,no_v2_source_change,No 2024 source action from this packet. Treat as a non-reporting or uncovered row unless a new 2024 source appears.,zero_observation_without_official_nibrs_is_not_a_policy_gap,state/review/source_packets/states/ca,,,,,,,,,,,
CA,391,CA036300X,Highland Police Department,City,present_but_no_2024_observation,no_2024_observation,False,False,,False,False,,,0.0,coverage_reporting_regime_difference,official_false_zero_repo_obs_present_in_master,monitor_only,keep_master_as_is,no_v2_source_change,No 2024 source action from this packet. Treat as a non-reporting or uncovered row unless a new 2024 source appears.,zero_observation_without_official_nibrs_is_not_a_policy_gap,state/review/source_packets/states/ca,,,,,,,,,,,
CA,392,CA036310X,Twentynine Palms Police Department,City,present_but_no_2024_observation,no_2024_observation,False,False,,False,False,,,0.0,coverage_reporting_regime_difference,official_false_zero_repo_obs_present_in_master,monitor_only,keep_master_as_is,no_v2_source_change,No 2024 source action from this packet. Treat as a non-reporting or uncovered row unless a new 2024 source appears.,zero_observation_without_official_nibrs_is_not_a_policy_gap,state/review/source_packets/states/ca,,,,,,,,,,,
CA,393,CA036320X,Hesperia Police Department,City,present_but_no_2024_observation,no_2024_observation,False,False,,False,False,,,0.0,coverage_reporting_regime_difference,official_false_zero_repo_obs_present_in_master,monitor_only,keep_master_as_is,no_v2_source_change,No 2024 source action from this packet. Treat as a non-reporting or uncovered row unless a new 2024 source appears.,zero_observation_without_official_nibrs_is_not_a_policy_gap,state/review/source_packets/states/ca,,,,,,,,,,,
CA,394,CA036330X,Apple Valley Police Department,City,present_but_no_2024_observation,no_2024_observation,False,False,,False,False,,,0.0,coverage_reporting_regime_difference,official_false_zero_repo_obs_present_in_master,monitor_only,keep_master_as_is,no_v2_source_change,No 2024 source action from this packet. Treat as a non-reporting or uncovered row unless a new 2024 source appears.,zero_observation_without_official_nibrs_is_not_a_policy_gap,state/review/source_packets/states/ca,,,,,,,,,,,
CA,395,CA036350X,Yucaipa Police Department,City,present_but_no_2024_observation,no_2024_observation,False,False,,False,False,,,0.0,coverage_reporting_regime_difference,official_false_zero_repo_obs_present_in_master,monitor_only,keep_master_as_is,no_v2_source_change,No 2024 source action from this packet. Treat as a non-reporting or uncovered row unless a new 2024 source appears.,zero_observation_without_official_nibrs_is_not_a_policy_gap,state/review/source_packets/states/ca,,,,,,,,,,,
CA,396,CA036400X,Chino Hills Police Department,City,present_but_no_2024_observation,no_2024_observation,False,False,,False,False,,,0.0,coverage_reporting_regime_difference,official_false_zero_repo_obs_present_in_master,monitor_only,keep_master_as_is,no_v2_source_change,No 2024 source action from this packet. Treat as a non-reporting or uncovered row unless a new 2024 source appears.,zero_observation_without_official_nibrs_is_not_a_policy_gap,state/review/source_packets/states/ca,,,,,,,,,,,
CA,397,CA036410X,Yucca Valley Police Department,City,present_but_no_2024_observation,no_2024_observation,False,False,,False,False,,,0.0,coverage_reporting_regime_difference,official_false_zero_repo_obs_present_in_master,monitor_only,keep_master_as_is,no_v2_source_change,No 2024 source action from this packet. Treat as a non-reporting or uncovered row unless a new 2024 source appears.,zero_observation_without_official_nibrs_is_not_a_policy_gap,state/review/source_packets/states/ca,,,,,,,,,,,
CA,398,CA0365100,California Department of Forestry and Fire Protection: San Bernardino,Other State Agency,present_but_no_2024_observation,official_nibrs_no_repo_nibrs|official_start_by_2024_but_repo_no_nibrs|no_2024_observation,True,True,2023-01-01,False,False,,structurally_missing_or_unreliable,0.0,coverage_reporting_regime_difference,official_nibrs_zero_repo_obs_present_in_master,monitor_only,keep_master_as_is,no_source_change_until_2024_obs_found,Keep the master row unchanged. Revisit only if a concrete 2024 source appears or zero-report treatment needs explicit policy.,official_nibrs_plus_zero_repo_obs_requires_coverage_verification,state/review/source_packets/states/ca,,,,,,,,,,,
CA,399,CA0369901,Highway Patrol: Inland Division,State Police,missing_in_repo_master,missing_in_repo_master|official_nibrs_no_repo_nibrs|official_start_by_2024_but_repo_no_nibrs,True,True,2021-11-01,False,False,,,0.0,coverage_reporting_regime_difference,chp_official_nibrs_zero_repo_obs_missing_master,queue_next,hold_master_until_coverage_verified,no_source_change_until_2024_obs_found,"Queue a secondary coverage review to determine whether this ORI has a separate 2024 reporting stream, zero-report status, or consolidated reporting.",official_nibrs_plus_zero_repo_obs_requires_coverage_verification,state/review/source_packets/states/ca,,,,,,,,,,,
CA,400,CA0369908,Highway Patrol: Inland Investigative Services Unit,State Police,missing_in_repo_master,missing_in_repo_master|official_nibrs_no_repo_nibrs|official_start_by_2024_but_repo_no_nibrs,True,True,2021-11-01,False,False,,,0.0,coverage_reporting_regime_difference,chp_official_nibrs_zero_repo_obs_missing_master,queue_next,hold_master_until_coverage_verified,no_source_change_until_2024_obs_found,"Queue a secondary coverage review to determine whether this ORI has a separate 2024 reporting stream, zero-report status, or consolidated reporting.",official_nibrs_plus_zero_repo_obs_requires_coverage_verification,state/review/source_packets/states/ca,,,,,,,,,,,
CA,401,CA0369965,Highway Patrol: Arrowhead Area Office,State Police,missing_in_repo_master,missing_in_repo_master|official_nibrs_no_repo_nibrs|official_start_by_2024_but_repo_no_nibrs,True,True,2021-11-01,False,False,,,0.0,coverage_reporting_regime_difference,chp_official_nibrs_zero_repo_obs_missing_master,queue_next,hold_master_until_coverage_verified,no_source_change_until_2024_obs_found,"Queue a secondary coverage review to determine whether this ORI has a separate 2024 reporting stream, zero-report status, or consolidated reporting.",official_nibrs_plus_zero_repo_obs_requires_coverage_verification,state/review/source_packets/states/ca,,,,,,,,,,,
CA,402,CA0369970,Highway Patrol: Morongo Basin Area Office,State Police,missing_in_repo_master,missing_in_repo_master|official_nibrs_no_repo_nibrs|official_start_by_2024_but_repo_no_nibrs,True,True,2021-11-01,False,False,,,0.0,coverage_reporting_regime_difference,chp_official_nibrs_zero_repo_obs_missing_master,queue_next,hold_master_until_coverage_verified,no_source_change_until_2024_obs_found,"Queue a secondary coverage review to determine whether this ORI has a separate 2024 reporting stream, zero-report status, or consolidated reporting.",official_nibrs_plus_zero_repo_obs_requires_coverage_verification,state/review/source_packets/states/ca,,,,,,,,,,,
CA,403,CA0369975,Highway Patrol: Mountain Pass Port of Entry Commercial Vehicle Enforcement Facility,State Police,missing_in_repo_master,missing_in_repo_master|official_nibrs_no_repo_nibrs|official_start_by_2024_but_repo_no_nibrs,True,True,2021-11-01,False,False,,,0.0,coverage_reporting_regime_difference,chp_official_nibrs_zero_repo_obs_missing_master,queue_next,hold_master_until_coverage_verified,no_source_change_until_2024_obs_found,"Queue a secondary coverage review to determine whether this ORI has a separate 2024 reporting stream, zero-report status, or consolidated reporting.",official_nibrs_plus_zero_repo_obs_requires_coverage_verification,state/review/source_packets/states/ca,,,,,,,,,,,
CA,404,CA0379901,Highway Patrol: Border Division Area Office,State Police,missing_in_repo_master,missing_in_repo_master|official_nibrs_no_repo_nibrs|official_start_by_2024_but_repo_no_nibrs,True,True,2021-11-01,False,False,,,0.0,coverage_reporting_regime_difference,chp_official_nibrs_zero_repo_obs_missing_master,queue_next,hold_master_until_coverage_verified,no_source_change_until_2024_obs_found,"Queue a secondary coverage review to determine whether this ORI has a separate 2024 reporting stream, zero-report status, or consolidated reporting.",official_nibrs_plus_zero_repo_obs_requires_coverage_verification,state/review/source_packets/states/ca,,,,,,,,,,,
CA,405,CA0379946,Highway Patrol: Otay Mesa Commercial Vehicle Enforcement Facility,State Police,missing_in_repo_master,missing_in_repo_master|official_nibrs_no_repo_nibrs|official_start_by_2024_but_repo_no_nibrs,True,True,2021-11-01,False,False,,,0.0,coverage_reporting_regime_difference,chp_official_nibrs_zero_repo_obs_missing_master,queue_next,hold_master_until_coverage_verified,no_source_change_until_2024_obs_found,"Queue a secondary coverage review to determine whether this ORI has a separate 2024 reporting stream, zero-report status, or consolidated reporting.",official_nibrs_plus_zero_repo_obs_requires_coverage_verification,state/review/source_packets/states/ca,,,,,,,,,,,
CA,406,CA0379951,Highway Patrol: San Onofre Commercial Vehicle Enforcement Facility,State Police,missing_in_repo_master,missing_in_repo_master|official_nibrs_no_repo_nibrs|official_start_by_2024_but_repo_no_nibrs,True,True,2021-11-01,False,False,,,0.0,coverage_reporting_regime_difference,chp_official_nibrs_zero_repo_obs_missing_master,queue_next,hold_master_until_coverage_verified,no_source_change_until_2024_obs_found,"Queue a secondary coverage review to determine whether this ORI has a separate 2024 reporting stream, zero-report status, or consolidated reporting.",official_nibrs_plus_zero_repo_obs_requires_coverage_verification,state/review/source_packets/states/ca,,,,,,,,,,,
CA,407,CA037A900,California Department of Forestry and Fire Protection: San Diego,Other State Agency,present_but_no_2024_observation,official_nibrs_no_repo_nibrs|official_start_by_2024_but_repo_no_nibrs|no_2024_observation,True,True,2023-01-01,False,False,,structurally_missing_or_unreliable,0.0,coverage_reporting_regime_difference,official_nibrs_zero_repo_obs_present_in_master,monitor_only,keep_master_as_is,no_source_change_until_2024_obs_found,Keep the master row unchanged. Revisit only if a concrete 2024 source appears or zero-report treatment needs explicit policy.,official_nibrs_plus_zero_repo_obs_requires_coverage_verification,state/review/source_packets/states/ca,,,,,,,,,,,
CA,408,CA0380000,San Francisco County Sheriff's Office,County,present_but_no_2024_observation,no_2024_observation,False,False,,False,False,,structurally_missing_or_unreliable,0.0,coverage_reporting_regime_difference,official_false_zero_repo_obs_present_in_master,monitor_only,keep_master_as_is,no_v2_source_change,No 2024 source action from this packet. Treat as a non-reporting or uncovered row unless a new 2024 source appears.,zero_observation_without_official_nibrs_is_not_a_policy_gap,state/review/source_packets/states/ca,,,,,,,,,,,
CA,409,CA038090X,San Francisco International Airport,Other,missing_in_repo_master,missing_in_repo_master,False,False,,False,False,,,0.0,coverage_reporting_regime_difference,official_false_zero_repo_obs_missing_master,monitor_only,leave_out_of_master,no_v2_source_change,Do not add from this packet. The ORI has no official 2024 NIBRS status and no repo observations to anchor a master entry.,zero_observation_without_official_nibrs_is_not_a_policy_gap,state/review/source_packets/states/ca,,,,,,,,,,,
CA,410,CA0389921,"Highway Patrol: Judicial Protection Section, North",State Police,missing_in_repo_master,missing_in_repo_master|official_nibrs_no_repo_nibrs|official_start_by_2024_but_repo_no_nibrs,True,True,2021-11-01,False,False,,,0.0,coverage_reporting_regime_difference,chp_official_nibrs_zero_repo_obs_missing_master,queue_next,hold_master_until_coverage_verified,no_source_change_until_2024_obs_found,"Queue a secondary coverage review to determine whether this ORI has a separate 2024 reporting stream, zero-report status, or consolidated reporting.",official_nibrs_plus_zero_repo_obs_requires_coverage_verification,state/review/source_packets/states/ca,,,,,,,,,,,
CA,411,CA0399912,Highway Patrol: Delta Regional Auto Theft Team,State Police,missing_in_repo_master,missing_in_repo_master|official_nibrs_no_repo_nibrs|official_start_by_2024_but_repo_no_nibrs,True,True,2021-11-01,False,False,,,0.0,coverage_reporting_regime_difference,chp_official_nibrs_zero_repo_obs_missing_master,queue_next,hold_master_until_coverage_verified,no_source_change_until_2024_obs_found,"Queue a secondary coverage review to determine whether this ORI has a separate 2024 reporting stream, zero-report status, or consolidated reporting.",official_nibrs_plus_zero_repo_obs_requires_coverage_verification,state/review/source_packets/states/ca,,,,,,,,,,,
CA,412,CA0402000,California Department of Forestry and Fire Protection: San Luis Obispo,Other State Agency,present_but_no_2024_observation,official_nibrs_no_repo_nibrs|official_start_by_2024_but_repo_no_nibrs|no_2024_observation,True,True,2023-01-01,False,False,,structurally_missing_or_unreliable,0.0,coverage_reporting_regime_difference,official_nibrs_zero_repo_obs_present_in_master,monitor_only,keep_master_as_is,no_source_change_until_2024_obs_found,Keep the master row unchanged. Revisit only if a concrete 2024 source appears or zero-report treatment needs explicit policy.,official_nibrs_plus_zero_repo_obs_requires_coverage_verification,state/review/source_packets/states/ca,,,,,,,,,,,
CA,413,CA0419930,Highway Patrol: Redwood City Area Office,State Police,missing_in_repo_master,missing_in_repo_master|official_nibrs_no_repo_nibrs|official_start_by_2024_but_repo_no_nibrs,True,True,2021-11-01,False,False,,,0.0,coverage_reporting_regime_difference,chp_official_nibrs_zero_repo_obs_missing_master,queue_next,hold_master_until_coverage_verified,no_source_change_until_2024_obs_found,"Queue a secondary coverage review to determine whether this ORI has a separate 2024 reporting stream, zero-report status, or consolidated reporting.",official_nibrs_plus_zero_repo_obs_requires_coverage_verification,state/review/source_packets/states/ca,,,,,,,,,,,
CA,414,CA043380X,San Francisco Bay Area Rapid Transit: Santa Clara County,Other,missing_in_repo_master,missing_in_repo_master|official_nibrs_no_repo_nibrs|official_start_by_2024_but_repo_no_nibrs,True,True,2024-12-01,False,False,,,0.0,coverage_reporting_regime_difference,non_chp_official_nibrs_zero_repo_obs_missing_master,queue_next,hold_master_until_coverage_verified,no_source_change_until_2024_obs_found,"Queue a secondary coverage review to determine whether this ORI has a separate 2024 reporting stream, zero-report status, or consolidated reporting.",official_nibrs_plus_zero_repo_obs_requires_coverage_verification,state/review/source_packets/states/ca,,,,,,,,,,,
CA,415,CA0434000,California Department of Forestry and Fire Protection: Santa Clara,Other State Agency,present_but_no_2024_observation,official_nibrs_no_repo_nibrs|official_start_by_2024_but_repo_no_nibrs|no_2024_observation,True,True,2023-01-01,False,False,,structurally_missing_or_unreliable,0.0,coverage_reporting_regime_difference,official_nibrs_zero_repo_obs_present_in_master,monitor_only,keep_master_as_is,no_source_change_until_2024_obs_found,Keep the master row unchanged. Revisit only if a concrete 2024 source appears or zero-report treatment needs explicit policy.,official_nibrs_plus_zero_repo_obs_requires_coverage_verification,state/review/source_packets/states/ca,,,,,,,,,,,
CA,416,CA0439926,Highway Patrol: Gilroy Commercial Vehicle Enforcement Facility,State Police,missing_in_repo_master,missing_in_repo_master|official_nibrs_no_repo_nibrs|official_start_by_2024_but_repo_no_nibrs,True,True,2021-11-01,False,False,,,0.0,coverage_reporting_regime_difference,chp_official_nibrs_zero_repo_obs_missing_master,queue_next,hold_master_until_coverage_verified,no_source_change_until_2024_obs_found,"Queue a secondary coverage review to determine whether this ORI has a separate 2024 reporting stream, zero-report status, or consolidated reporting.",official_nibrs_plus_zero_repo_obs_requires_coverage_verification,state/review/source_packets/states/ca,,,,,,,,,,,
CA,417,CA0441000,California Department of Forestry and Fire Protection: San Mateo-Santa Cruz,Other State Agency,present_but_no_2024_observation,official_nibrs_no_repo_nibrs|official_start_by_2024_but_repo_no_nibrs|no_2024_observation,True,True,2023-01-01,False,False,,structurally_missing_or_unreliable,0.0,coverage_reporting_regime_difference,official_nibrs_zero_repo_obs_present_in_master,monitor_only,keep_master_as_is,no_source_change_until_2024_obs_found,Keep the master row unchanged. Revisit only if a concrete 2024 source appears or zero-report treatment needs explicit policy.,official_nibrs_plus_zero_repo_obs_requires_coverage_verification,state/review/source_packets/states/ca,,,,,,,,,,,
CA,418,CA0449909,"Highway Patrol: Coastal Investigative Services Unit, Monterey",State Police,missing_in_repo_master,missing_in_repo_master|official_nibrs_no_repo_nibrs|official_start_by_2024_but_repo_no_nibrs,True,True,2021-11-01,False,False,,,0.0,coverage_reporting_regime_difference,chp_official_nibrs_zero_repo_obs_missing_master,queue_next,hold_master_until_coverage_verified,no_source_change_until_2024_obs_found,"Queue a secondary coverage review to determine whether this ORI has a separate 2024 reporting stream, zero-report status, or consolidated reporting.",official_nibrs_plus_zero_repo_obs_requires_coverage_verification,state/review/source_packets/states/ca,,,,,,,,,,,
CA,419,CA0451000,California Department of Forestry and Fire Protection: Northern Region,Other State Agency,present_but_no_2024_observation,official_nibrs_no_repo_nibrs|official_start_by_2024_but_repo_no_nibrs|no_2024_observation,True,True,2023-01-01,False,False,,structurally_missing_or_unreliable,0.0,coverage_reporting_regime_difference,official_nibrs_zero_repo_obs_present_in_master,monitor_only,keep_master_as_is,no_source_change_until_2024_obs_found,Keep the master row unchanged. Revisit only if a concrete 2024 source appears or zero-report treatment needs explicit policy.,official_nibrs_plus_zero_repo_obs_requires_coverage_verification,state/review/source_packets/states/ca,,,,,,,,,,,
CA,420,CA0459100,Shasta County Marshal,Other,present_but_no_2024_observation,official_nibrs_no_repo_nibrs|official_start_by_2024_but_repo_no_nibrs|no_2024_observation,True,True,2023-07-01,False,False,,structurally_missing_or_unreliable,0.0,coverage_reporting_regime_difference,official_nibrs_zero_repo_obs_present_in_master,monitor_only,keep_master_as_is,no_source_change_until_2024_obs_found,Keep the master row unchanged. Revisit only if a concrete 2024 source appears or zero-report treatment needs explicit policy.,official_nibrs_plus_zero_repo_obs_requires_coverage_verification,state/review/source_packets/states/ca,,,,,,,,,,,
CA,421,CA0459907,Highway Patrol: Northern Investigative Services Unit,State Police,missing_in_repo_master,missing_in_repo_master|official_nibrs_no_repo_nibrs|official_start_by_2024_but_repo_no_nibrs,True,True,2021-11-01,False,False,,,0.0,coverage_reporting_regime_difference,chp_official_nibrs_zero_repo_obs_missing_master,queue_next,hold_master_until_coverage_verified,no_source_change_until_2024_obs_found,"Queue a secondary coverage review to determine whether this ORI has a separate 2024 reporting stream, zero-report status, or consolidated reporting.",official_nibrs_plus_zero_repo_obs_requires_coverage_verification,state/review/source_packets/states/ca,,,,,,,,,,,
CA,422,CA0470700,Tulelake Police Department,City,present_but_no_2024_observation,official_nibrs_no_repo_nibrs|official_start_by_2024_but_repo_no_nibrs|no_2024_observation,True,True,2022-06-01,False,False,,structurally_missing_or_unreliable,0.0,coverage_reporting_regime_difference,official_nibrs_zero_repo_obs_present_in_master,monitor_only,keep_master_as_is,no_source_change_until_2024_obs_found,Keep the master row unchanged. Revisit only if a concrete 2024 source appears or zero-report treatment needs explicit policy.,official_nibrs_plus_zero_repo_obs_requires_coverage_verification,state/review/source_packets/states/ca,,,,,,,,,,,
CA,423,CA0471700,California Department of Forestry and Fire Protection: Siskiyou,Other State Agency,present_but_no_2024_observation,official_nibrs_no_repo_nibrs|official_start_by_2024_but_repo_no_nibrs|no_2024_observation,True,True,2023-01-01,False,False,,structurally_missing_or_unreliable,0.0,coverage_reporting_regime_difference,official_nibrs_zero_repo_obs_present_in_master,monitor_only,keep_master_as_is,no_source_change_until_2024_obs_found,Keep the master row unchanged. Revisit only if a concrete 2024 source appears or zero-report treatment needs explicit policy.,official_nibrs_plus_zero_repo_obs_requires_coverage_verification,state/review/source_packets/states/ca,,,,,,,,,,,
CA,424,CA0479947,Highway Patrol: Dunsmuir Grade Commercial Vehicle Enforcement Facility,State Police,missing_in_repo_master,missing_in_repo_master|official_nibrs_no_repo_nibrs|official_start_by_2024_but_repo_no_nibrs,True,True,2021-11-01,False,False,,,0.0,coverage_reporting_regime_difference,chp_official_nibrs_zero_repo_obs_missing_master,queue_next,hold_master_until_coverage_verified,no_source_change_until_2024_obs_found,"Queue a secondary coverage review to determine whether this ORI has a separate 2024 reporting stream, zero-report status, or consolidated reporting.",official_nibrs_plus_zero_repo_obs_requires_coverage_verification,state/review/source_packets/states/ca,,,,,,,,,,,
CA,425,CA0481500,California State Polytechnic University: Solano,University or College,missing_in_repo_master,missing_in_repo_master|official_nibrs_no_repo_nibrs|official_start_by_2024_but_repo_no_nibrs,True,True,2024-01-01,False,False,,,0.0,coverage_reporting_regime_difference,non_chp_official_nibrs_zero_repo_obs_missing_master,queue_next,hold_master_until_coverage_verified,no_source_change_until_2024_obs_found,"Queue a secondary coverage review to determine whether this ORI has a separate 2024 reporting stream, zero-report status, or consolidated reporting.",official_nibrs_plus_zero_repo_obs_requires_coverage_verification,state/review/source_packets/states/ca,,,,,,,,,,,
CA,426,CA0489966,Highway Patrol: Cordelia Commercial Vehicle Enforcement Facility,State Police,missing_in_repo_master,missing_in_repo_master|official_nibrs_no_repo_nibrs|official_start_by_2024_but_repo_no_nibrs,True,True,2021-11-01,False,False,,,0.0,coverage_reporting_regime_difference,chp_official_nibrs_zero_repo_obs_missing_master,queue_next,hold_master_until_coverage_verified,no_source_change_until_2024_obs_found,"Queue a secondary coverage review to determine whether this ORI has a separate 2024 reporting stream, zero-report status, or consolidated reporting.",official_nibrs_plus_zero_repo_obs_requires_coverage_verification,state/review/source_packets/states/ca,,,,,,,,,,,
CA,427,CA0491500,California Department of Forestry and Fire Protection: Sonoma-Lake-Napa,Other State Agency,present_but_no_2024_observation,official_nibrs_no_repo_nibrs|official_start_by_2024_but_repo_no_nibrs|no_2024_observation,True,True,2023-01-01,False,False,,structurally_missing_or_unreliable,0.0,coverage_reporting_regime_difference,official_nibrs_zero_repo_obs_present_in_master,monitor_only,keep_master_as_is,no_source_change_until_2024_obs_found,Keep the master row unchanged. Revisit only if a concrete 2024 source appears or zero-report treatment needs explicit policy.,official_nibrs_plus_zero_repo_obs_requires_coverage_verification,state/review/source_packets/states/ca,,,,,,,,,,,
CA,428,CA0509912,Highway Patrol: Stanislaus County Auto Theft Task Force,State Police,missing_in_repo_master,missing_in_repo_master|official_nibrs_no_repo_nibrs|official_start_by_2024_but_repo_no_nibrs,True,True,2021-11-01,False,False,,,0.0,coverage_reporting_regime_difference,chp_official_nibrs_zero_repo_obs_missing_master,queue_next,hold_master_until_coverage_verified,no_source_change_until_2024_obs_found,"Queue a secondary coverage review to determine whether this ORI has a separate 2024 reporting stream, zero-report status, or consolidated reporting.",official_nibrs_plus_zero_repo_obs_requires_coverage_verification,state/review/source_packets/states/ca,,,,,,,,,,,
CA,429,CA0520500,California Department of Forestry and Fire Protection: Tehama-Glenn,Other State Agency,present_but_no_2024_observation,official_nibrs_no_repo_nibrs|official_start_by_2024_but_repo_no_nibrs|no_2024_observation,True,True,2023-01-01,False,False,,structurally_missing_or_unreliable,0.0,coverage_reporting_regime_difference,official_nibrs_zero_repo_obs_present_in_master,monitor_only,keep_master_as_is,no_source_change_until_2024_obs_found,Keep the master row unchanged. Revisit only if a concrete 2024 source appears or zero-report treatment needs explicit policy.,official_nibrs_plus_zero_repo_obs_requires_coverage_verification,state/review/source_packets/states/ca,,,,,,,,,,,
CA,430,CA0541400,California Department of Forestry and Fire Protection: Tulare,Other State Agency,present_but_no_2024_observation,official_nibrs_no_repo_nibrs|official_start_by_2024_but_repo_no_nibrs|no_2024_observation,True,True,2023-01-01,False,False,,structurally_missing_or_unreliable,0.0,coverage_reporting_regime_difference,official_nibrs_zero_repo_obs_present_in_master,monitor_only,keep_master_as_is,no_source_change_until_2024_obs_found,Keep the master row unchanged. Revisit only if a concrete 2024 source appears or zero-report treatment needs explicit policy.,official_nibrs_plus_zero_repo_obs_requires_coverage_verification,state/review/source_packets/states/ca,,,,,,,,,,,
CA,431,CA0569910,"Highway Patrol: Coastal Investigative Services Unit, Ventura",State Police,missing_in_repo_master,missing_in_repo_master|official_nibrs_no_repo_nibrs|official_start_by_2024_but_repo_no_nibrs,True,True,2021-11-01,False,False,,,0.0,coverage_reporting_regime_difference,chp_official_nibrs_zero_repo_obs_missing_master,queue_next,hold_master_until_coverage_verified,no_source_change_until_2024_obs_found,"Queue a secondary coverage review to determine whether this ORI has a separate 2024 reporting stream, zero-report status, or consolidated reporting.",official_nibrs_plus_zero_repo_obs_requires_coverage_verification,state/review/source_packets/states/ca,,,,,,,,,,,
CA,432,CA0569966,Highway Patrol: Conejo Commercial Vehicle Enforcement Facility,State Police,missing_in_repo_master,missing_in_repo_master|official_nibrs_no_repo_nibrs|official_start_by_2024_but_repo_no_nibrs,True,True,2021-11-01,False,False,,,0.0,coverage_reporting_regime_difference,chp_official_nibrs_zero_repo_obs_missing_master,queue_next,hold_master_until_coverage_verified,no_source_change_until_2024_obs_found,"Queue a secondary coverage review to determine whether this ORI has a separate 2024 reporting stream, zero-report status, or consolidated reporting.",official_nibrs_plus_zero_repo_obs_requires_coverage_verification,state/review/source_packets/states/ca,,,,,,,,,,,
CA,433,CA0569970,Highway Patrol: Moorpark Area Office,State Police,missing_in_repo_master,missing_in_repo_master|official_nibrs_no_repo_nibrs|official_start_by_2024_but_repo_no_nibrs,True,True,2021-11-01,False,False,,,0.0,coverage_reporting_regime_difference,chp_official_nibrs_zero_repo_obs_missing_master,queue_next,hold_master_until_coverage_verified,no_source_change_until_2024_obs_found,"Queue a secondary coverage review to determine whether this ORI has a separate 2024 reporting stream, zero-report status, or consolidated reporting.",official_nibrs_plus_zero_repo_obs_requires_coverage_verification,state/review/source_packets/states/ca,,,,,,,,,,,
CA,434,CADI03900,Blue Lake Tribal,Tribal,present_but_no_2024_observation,official_nibrs_no_repo_nibrs|official_start_by_2024_but_repo_no_nibrs|no_2024_observation,True,True,2021-01-01,False,False,,structurally_missing_or_unreliable,0.0,coverage_reporting_regime_difference,official_nibrs_zero_repo_obs_present_in_master,monitor_only,keep_master_as_is,no_source_change_until_2024_obs_found,Keep the master row unchanged. Revisit only if a concrete 2024 source appears or zero-report treatment needs explicit policy.,official_nibrs_plus_zero_repo_obs_requires_coverage_verification,state/review/source_packets/states/ca,,,,,,,,,,,
CA,435,CADI0990X,La Jolla Tribal,Tribal,missing_in_repo_master,missing_in_repo_master|official_nibrs_no_repo_nibrs|official_start_by_2024_but_repo_no_nibrs,True,True,2021-01-01,False,False,,,0.0,coverage_reporting_regime_difference,non_chp_official_nibrs_zero_repo_obs_missing_master,queue_next,hold_master_until_coverage_verified,no_source_change_until_2024_obs_found,"Queue a secondary coverage review to determine whether this ORI has a separate 2024 reporting stream, zero-report status, or consolidated reporting.",official_nibrs_plus_zero_repo_obs_requires_coverage_verification,state/review/source_packets/states/ca,,,,,,,,,,,
CA,436,CADIT0000,Tule River Tribal,Tribal,present_but_no_2024_observation,official_nibrs_no_repo_nibrs|official_start_by_2024_but_repo_no_nibrs|no_2024_observation,True,True,2022-01-01,False,False,,structurally_missing_or_unreliable,0.0,coverage_reporting_regime_difference,official_nibrs_zero_repo_obs_present_in_master,monitor_only,keep_master_as_is,no_source_change_until_2024_obs_found,Keep the master row unchanged. Revisit only if a concrete 2024 source appears or zero-report treatment needs explicit policy.,official_nibrs_plus_zero_repo_obs_requires_coverage_verification,state/review/source_packets/states/ca,,,,,,,,,,,
CA,437,CADIT0500,Los Coyotes Tribal,Tribal,present_but_no_2024_observation,official_nibrs_no_repo_nibrs|official_start_by_2024_but_repo_no_nibrs|no_2024_observation,True,True,2022-01-01,False,False,,structurally_missing_or_unreliable,0.0,coverage_reporting_regime_difference,official_nibrs_zero_repo_obs_present_in_master,monitor_only,keep_master_as_is,no_source_change_until_2024_obs_found,Keep the master row unchanged. Revisit only if a concrete 2024 source appears or zero-report treatment needs explicit policy.,official_nibrs_plus_zero_repo_obs_requires_coverage_verification,state/review/source_packets/states/ca,,,,,,,,,,,
CA,438,CADIT0800,Hoopa Valley Tribal,Tribal,present_but_no_2024_observation,official_nibrs_no_repo_nibrs|official_start_by_2024_but_repo_no_nibrs|no_2024_observation,True,True,2022-01-01,False,False,,structurally_missing_or_unreliable,0.0,coverage_reporting_regime_difference,official_nibrs_zero_repo_obs_present_in_master,monitor_only,keep_master_as_is,no_source_change_until_2024_obs_found,Keep the master row unchanged. Revisit only if a concrete 2024 source appears or zero-report treatment needs explicit policy.,official_nibrs_plus_zero_repo_obs_requires_coverage_verification,state/review/source_packets/states/ca,,,,,,,,,,,
CA,439,CADIT0900,Coyote Valley Tribal,Tribal,present_but_no_2024_observation,no_2024_observation,False,False,,False,False,,structurally_missing_or_unreliable,0.0,coverage_reporting_regime_difference,official_false_zero_repo_obs_present_in_master,monitor_only,keep_master_as_is,no_v2_source_change,No 2024 source action from this packet. Treat as a non-reporting or uncovered row unless a new 2024 source appears.,zero_observation_without_official_nibrs_is_not_a_policy_gap,state/review/source_packets/states/ca,,,,,,,,,,,
CA,440,CADIT1600,Bear River Band,Tribal,present_but_no_2024_observation,official_nibrs_no_repo_nibrs|official_start_by_2024_but_repo_no_nibrs|no_2024_observation,True,True,2021-01-01,False,False,,structurally_missing_or_unreliable,0.0,coverage_reporting_regime_difference,official_nibrs_zero_repo_obs_present_in_master,monitor_only,keep_master_as_is,no_source_change_until_2024_obs_found,Keep the master row unchanged. Revisit only if a concrete 2024 source appears or zero-report treatment needs explicit policy.,official_nibrs_plus_zero_repo_obs_requires_coverage_verification,state/review/source_packets/states/ca,,,,,,,,,,,
