ori7c,ori9,state_abbr,state_fips,year,aggravated_assault,burglary,larceny,motor_vehicle_theft,murder,rape,robbery,total,sig,preferred_sources,max_preferred_months,n_usable,agency_name_std,agency_type_norm,population_latest_nibrs,county_fips,place_fips,county_fips_source,cw_n_jurisdictions,cw_weight_sum,cw_relationship,cw_jurisdictions,estimated_count_2024_all_offenses,group_n_ori9,group_n_distinct_signature,group_total_sum,group_total_max,group_total_min,group_excess_mass,match_evidence,duplicate_class
CA03455,CA0345500,CA,06,2024,252.0,272.0,1223.0,271.0,4.0,33.0,67.0,2122.0,4|33|67|252|272|1223|271,cius_publication_annual,12.0,7,RANCHO CORDOVA,local_police,,067,59444,srs_agency_header,1.0,1.0,exclusive,06:municipal:place:0659444,2122.0,2,1,4244.0,2122.0,2122.0,2122.0,identical_7_offense_vector,T1_same_ori7_multiple_ori9
CA03455,CA034550X,CA,06,2024,252.0,272.0,1223.0,271.0,4.0,33.0,67.0,2122.0,4|33|67|252|272|1223|271,nibrs_srs_equivalent_annual,12.0,7,SACRAMENTO,local_police,83622.0,067,,fbi_cde_agency_roster,1.0,1.0,exclusive,06:municipal:place:0664000,2122.0,2,1,4244.0,2122.0,2122.0,2122.0,identical_7_offense_vector,T1_same_ori7_multiple_ori9
MI63190,MI6319000,MI,26,2024,526.0,198.0,614.0,200.0,13.0,29.0,39.0,1619.0,13|29|39|526|198|614|200,srs_return_a_annual,12.0,7,PONTIAC,unknown,,,,,1.0,1.0,exclusive,26:municipal:place:2665440,1619.0,2,1,3238.0,1619.0,1619.0,1619.0,identical_7_offense_vector,T1_same_ori7_multiple_ori9
MI63190,MI631900X,MI,26,2024,526.0,198.0,614.0,200.0,13.0,29.0,39.0,1619.0,13|29|39|526|198|614|200,nibrs_srs_equivalent_annual,12.0,7,,local_police,61871.0,125,,fbi_cde_agency_roster,1.0,1.0,exclusive,26:state_nonmunicipal_remainder,1619.0,2,1,3238.0,1619.0,1619.0,1619.0,identical_7_offense_vector,T1_same_ori7_multiple_ori9
CA00130,CA0013000,CA,06,2024,65.0,107.0,1063.0,136.0,1.0,4.0,35.0,1411.0,1|4|35|65|107|1063|136,cius_publication_annual,12.0,7,DUBLIN,local_police,,001,20018,srs_agency_header,1.0,1.0,exclusive,06:municipal:place:0620018,1411.0,2,1,2822.0,1411.0,1411.0,1411.0,identical_7_offense_vector,T1_same_ori7_multiple_ori9
CA00130,CA001300X,CA,06,2024,65.0,107.0,1063.0,136.0,1.0,4.0,35.0,1411.0,1|4|35|65|107|1063|136,nibrs_srs_equivalent_annual,12.0,7,OAKLAND,local_police,71833.0,001,,fbi_cde_agency_roster,1.0,1.0,exclusive,06:municipal:place:0653000,1411.0,2,1,2822.0,1411.0,1411.0,1411.0,identical_7_offense_vector,T1_same_ori7_multiple_ori9
CA03035,CA0303500,CA,06,2024,56.0,97.0,877.0,90.0,0.0,4.0,29.0,1153.0,0|4|29|56|97|877|90,cius_publication_annual,12.0,7,MISSION VIEJO,local_police,,059,48256,srs_agency_header,1.0,1.0,exclusive,06:municipal:place:0648256,1153.0,2,1,2306.0,1153.0,1153.0,1153.0,identical_7_offense_vector,T1_same_ori7_multiple_ori9
CA03035,CA030350X,CA,06,2024,56.0,97.0,877.0,90.0,0.0,4.0,29.0,1153.0,0|4|29|56|97|877|90,nibrs_srs_equivalent_annual,12.0,7,SANTA ANA,local_police,96419.0,059,,fbi_cde_agency_roster,1.0,1.0,exclusive,06:municipal:place:0669000,1153.0,2,1,2306.0,1153.0,1153.0,1153.0,identical_7_offense_vector,T1_same_ori7_multiple_ori9
CA03499,CA0349900,CA,06,2024,1.0,0.0,76.0,114.0,0.0,0.0,0.0,191.0,0|0|0|1|0|76|114,nibrs_srs_equivalent_annual|srs_return_a_annual,12.0,7,HP SACRAMENTO COUNTY,state_law_enforcement,0.0,067,99067,srs_agency_header,1.0,1.0,overlap,06:statewide_overlap_layer,191.0,6,6,2671.0,1554.0,21.0,1117.0,same_ori7_different_counts,T1_same_ori7_multiple_ori9
CA03499,CA0349901,CA,06,2024,1.0,0.0,5.0,15.0,0.0,0.0,0.0,21.0,0|0|0|1|0|5|15,nibrs_srs_equivalent_annual,12.0,7,,state_law_enforcement,0.0,067,,fbi_cde_agency_roster,1.0,1.0,overlap,06:statewide_overlap_layer,21.0,6,6,2671.0,1554.0,21.0,1117.0,same_ori7_different_counts,T1_same_ori7_multiple_ori9
CA03499,CA0349917,CA,06,2024,7.0,3.0,17.0,4.0,0.0,0.0,1.0,32.0,0|0|1|7|3|17|4,nibrs_srs_equivalent_annual,12.0,7,,state_law_enforcement,0.0,067,,fbi_cde_agency_roster,1.0,1.0,overlap,06:statewide_overlap_layer,32.0,6,6,2671.0,1554.0,21.0,1117.0,same_ori7_different_counts,T1_same_ori7_multiple_ori9
CA03499,CA0349950,CA,06,2024,3.0,0.0,489.0,1062.0,0.0,0.0,0.0,1554.0,0|0|0|3|0|489|1062,nibrs_srs_equivalent_annual,12.0,7,HIGHWAY PATROL NORTH SACRAMENTO AREA OFFICE,state_law_enforcement,0.0,067,,fbi_cde_agency_roster,1.0,1.0,overlap,06:statewide_overlap_layer,1554.0,6,6,2671.0,1554.0,21.0,1117.0,same_ori7_different_counts,T1_same_ori7_multiple_ori9
CA03499,CA0349952,CA,06,2024,0.0,0.0,167.0,535.0,0.0,0.0,0.0,702.0,0|0|0|0|0|167|535,nibrs_srs_equivalent_annual,12.0,7,HIGHWAY PATROL SOUTH SACRAMENTO AREA OFFICE,state_law_enforcement,0.0,067,,fbi_cde_agency_roster,1.0,1.0,overlap,06:statewide_overlap_layer,702.0,6,6,2671.0,1554.0,21.0,1117.0,same_ori7_different_counts,T1_same_ori7_multiple_ori9
CA03499,CA0349960,CA,06,2024,0.0,0.0,29.0,142.0,0.0,0.0,0.0,171.0,0|0|0|0|0|29|142,nibrs_srs_equivalent_annual,12.0,7,HIGHWAY PATROL EAST SACRAMENTO AREA OFFICE,state_law_enforcement,0.0,067,,fbi_cde_agency_roster,1.0,1.0,overlap,06:statewide_overlap_layer,171.0,6,6,2671.0,1554.0,21.0,1117.0,same_ori7_different_counts,T1_same_ori7_multiple_ori9
GA06024,GA0602400,GA,13,2024,7.0,0.0,560.0,286.0,0.0,1.0,2.0,856.0,0|1|2|7|0|560|286,srs_return_a_annual,10.0,0,HRTSFLD JCKSN ATL INT AP,special_jurisdiction,,121,04000,srs_agency_header,1.0,1.0,overlap,13:statewide_overlap_layer,1028.697243683151,2,1,1712.0,856.0,856.0,856.0,identical_7_offense_vector,T1_same_ori7_multiple_ori9
GA06024,GA060240X,GA,13,2024,7.0,0.0,560.0,286.0,0.0,1.0,2.0,856.0,0|1|2|7|0|560|286,nibrs_srs_equivalent_annual,10.0,7,ATLANTA,unknown,0.0,121,,fbi_cde_agency_roster,1.0,1.0,overlap,13:statewide_overlap_layer,856.0,2,1,1712.0,856.0,856.0,856.0,identical_7_offense_vector,T1_same_ori7_multiple_ori9
CA03043,CA0304300,CA,06,2024,94.0,92.0,487.0,133.0,0.0,3.0,28.0,837.0,0|3|28|94|92|487|133,cius_publication_annual,12.0,7,LAKE FOREST,local_police,,059,39496,srs_agency_header,1.0,1.0,exclusive,06:municipal:place:0639496,837.0,2,1,1674.0,837.0,837.0,837.0,identical_7_offense_vector,T1_same_ori7_multiple_ori9
CA03043,CA030430X,CA,06,2024,94.0,92.0,487.0,133.0,0.0,3.0,28.0,837.0,0|3|28|94|92|487|133,nibrs_srs_equivalent_annual,12.0,7,SANTA ANA,local_police,86691.0,059,,fbi_cde_agency_roster,1.0,1.0,exclusive,06:municipal:place:0669000,837.0,2,1,1674.0,837.0,837.0,837.0,identical_7_offense_vector,T1_same_ori7_multiple_ori9
FL01367,FL0136700,FL,12,2024,34.0,24.0,500.0,66.0,1.0,15.0,22.0,662.0,1|15|22|34|24|500|66,state_publication_annual,12.0,7,CUTLER BAY,local_police,,086,15968,srs_agency_header,1.0,1.0,exclusive,12:municipal:place:1215968,662.0,2,2,1316.0,662.0,654.0,654.0,near_identical_total_ge_085,T1_same_ori7_multiple_ori9
FL01367,FL013670X,FL,12,2024,36.0,23.0,505.0,62.0,1.0,6.0,21.0,654.0,1|6|21|36|23|505|62,nibrs_srs_equivalent_annual,12.0,7,CUTLER BAY,local_police,45807.0,086,,fbi_cde_agency_roster,1.0,1.0,exclusive,12:municipal:place:1215968,654.0,2,2,1316.0,662.0,654.0,654.0,near_identical_total_ge_085,T1_same_ori7_multiple_ori9
CA03039,CA0303900,CA,06,2024,55.0,94.0,408.0,62.0,0.0,7.0,17.0,643.0,0|7|17|55|94|408|62,cius_publication_annual,12.0,7,LAGUNA NIGUEL,local_police,,059,39248,srs_agency_header,1.0,1.0,exclusive,06:municipal:place:0639248,643.0,2,1,1286.0,643.0,643.0,643.0,identical_7_offense_vector,T1_same_ori7_multiple_ori9
CA03039,CA030390X,CA,06,2024,55.0,94.0,408.0,62.0,0.0,7.0,17.0,643.0,0|7|17|55|94|408|62,nibrs_srs_equivalent_annual,12.0,7,SANTA ANA,local_police,66806.0,059,,fbi_cde_agency_roster,1.0,1.0,exclusive,06:municipal:place:0669000,643.0,2,1,1286.0,643.0,643.0,643.0,identical_7_offense_vector,T1_same_ori7_multiple_ori9
MA00962,MA0096200,MA,25,2024,8.0,27.0,377.0,168.0,0.0,2.0,2.0,584.0,0|2|2|8|27|377|168,srs_return_a_annual,12.0,7,HARVARD UNIVERSITY,special_jurisdiction,,017,11000,srs_agency_header,1.0,1.0,overlap,25:statewide_overlap_layer,584.0,2,1,1168.0,584.0,584.0,584.0,identical_7_offense_vector,T1_same_ori7_multiple_ori9
MA00962,MA009629E,MA,25,2024,8.0,27.0,377.0,168.0,0.0,2.0,2.0,584.0,0|2|2|8|27|377|168,nibrs_srs_equivalent_annual,12.0,7,CAMBRIDGE,special_jurisdiction,0.0,017,,fbi_cde_agency_roster,1.0,1.0,overlap,25:statewide_overlap_layer,584.0,2,1,1168.0,584.0,584.0,584.0,identical_7_offense_vector,T1_same_ori7_multiple_ori9
FL01395,FL0139500,FL,12,2024,16.0,27.0,434.0,36.0,0.0,4.0,12.0,529.0,0|4|12|16|27|434|36,state_publication_annual,12.0,7,PALMETTO BAY,local_police,,086,54275,srs_agency_header,1.0,1.0,exclusive,12:municipal:place:1254275,529.0,2,2,1054.0,529.0,525.0,525.0,near_identical_total_ge_085,T1_same_ori7_multiple_ori9
FL01395,FL013950X,FL,12,2024,20.0,23.0,433.0,33.0,0.0,4.0,12.0,525.0,0|4|12|20|23|433|33,nibrs_srs_equivalent_annual,12.0,7,MIAMI,local_police,24890.0,086,,fbi_cde_agency_roster,1.0,1.0,exclusive,12:municipal:place:1245000,525.0,2,2,1054.0,529.0,525.0,525.0,near_identical_total_ge_085,T1_same_ori7_multiple_ori9
CA00734,CA0073400,CA,06,2024,43.0,45.0,283.0,122.0,0.0,13.0,12.0,518.0,0|13|12|43|45|283|122,cius_publication_annual,12.0,7,OAKLEY,local_police,,013,53070,srs_agency_header,1.0,1.0,exclusive,06:municipal:place:0653070,518.0,2,1,1036.0,518.0,518.0,518.0,identical_7_offense_vector,T1_same_ori7_multiple_ori9
CA00734,CA007340X,CA,06,2024,43.0,45.0,283.0,122.0,0.0,13.0,12.0,518.0,0|13|12|43|45|283|122,nibrs_srs_equivalent_annual,12.0,7,MARTINEZ,local_police,46548.0,013,,fbi_cde_agency_roster,1.0,1.0,unresolved,06:state_nonmunicipal_remainder,518.0,2,1,1036.0,518.0,518.0,518.0,identical_7_offense_vector,T1_same_ori7_multiple_ori9
CA03049,CA0304900,CA,06,2024,54.0,43.0,321.0,67.0,0.0,0.0,13.0,498.0,0|0|13|54|43|321|67,srs_return_a_annual,12.0,7,ALISO VIEJO,local_police,,059,00947,srs_agency_header,1.0,1.0,exclusive,06:municipal:place:0600947,498.0,2,1,996.0,498.0,498.0,498.0,identical_7_offense_vector,T1_same_ori7_multiple_ori9
CA03049,CA030490X,CA,06,2024,54.0,43.0,321.0,67.0,0.0,0.0,13.0,498.0,0|0|13|54|43|321|67,nibrs_srs_equivalent_annual,12.0,7,SANTA ANA,local_police,52247.0,059,,fbi_cde_agency_roster,1.0,1.0,exclusive,06:municipal:place:0600947,498.0,2,1,996.0,498.0,498.0,498.0,identical_7_offense_vector,T1_same_ori7_multiple_ori9
MI63191,MI6319100,MI,26,2024,64.0,39.0,320.0,45.0,1.0,5.0,0.0,474.0,1|5|0|64|39|320|45,srs_return_a_annual,12.0,7,ROCHESTER HILLS,unknown,,,,,1.0,1.0,exclusive,26:municipal:place:2669035,474.0,2,1,948.0,474.0,474.0,474.0,identical_7_offense_vector,T1_same_ori7_multiple_ori9
MI63191,MI631910X,MI,26,2024,64.0,39.0,320.0,45.0,1.0,5.0,0.0,474.0,1|5|0|64|39|320|45,nibrs_srs_equivalent_annual,12.0,7,,local_police,75960.0,125,,fbi_cde_agency_roster,1.0,1.0,exclusive,26:municipal:place:2669035,474.0,2,1,948.0,474.0,474.0,474.0,identical_7_offense_vector,T1_same_ori7_multiple_ori9
MA01330,MA0133000,MA,25,2024,4.0,13.0,421.0,2.0,0.0,5.0,1.0,446.0,0|5|1|4|13|421|2,srs_return_a_annual,12.0,7,BOSTON UNIVERSITY,special_jurisdiction,,025,07000,srs_agency_header,1.0,1.0,overlap,25:statewide_overlap_layer,446.0,2,1,892.0,446.0,446.0,446.0,identical_7_offense_vector,T1_same_ori7_multiple_ori9
MA01330,MA013309E,MA,25,2024,4.0,13.0,421.0,2.0,0.0,5.0,1.0,446.0,0|5|1|4|13|421|2,nibrs_srs_equivalent_annual,12.0,7,BOSTON,special_jurisdiction,0.0,025,,fbi_cde_agency_roster,1.0,1.0,overlap,25:statewide_overlap_layer,446.0,2,1,892.0,446.0,446.0,446.0,identical_7_offense_vector,T1_same_ori7_multiple_ori9
WI04124,WI0412400,WI,55,2024,37.0,22.0,277.0,85.0,0.0,6.0,11.0,438.0,0|6|11|37|22|277|85,srs_return_a_annual,12.0,7,MARQUETTE UNIVERSITY,unknown,,,,,1.0,1.0,overlap,55:statewide_overlap_layer,438.0,2,1,876.0,438.0,438.0,438.0,identical_7_offense_vector,T1_same_ori7_multiple_ori9
WI04124,WI041249E,WI,55,2024,37.0,22.0,277.0,85.0,0.0,6.0,11.0,438.0,0|6|11|37|22|277|85,nibrs_srs_equivalent_annual,12.0,7,,special_jurisdiction,0.0,079,,fbi_cde_agency_roster,1.0,1.0,overlap,55:statewide_overlap_layer,438.0,2,1,876.0,438.0,438.0,438.0,identical_7_offense_vector,T1_same_ori7_multiple_ori9
MA01333,MA0133300,MA,25,2024,1.0,5.0,403.0,2.0,0.0,2.0,2.0,415.0,0|2|2|1|5|403|2,srs_return_a_annual,12.0,7,NORTHEASTERN UNIVERSITY,special_jurisdiction,,025,07000,srs_agency_header,1.0,1.0,overlap,25:statewide_overlap_layer,415.0,2,1,830.0,415.0,415.0,415.0,identical_7_offense_vector,T1_same_ori7_multiple_ori9
MA01333,MA013339E,MA,25,2024,1.0,5.0,403.0,2.0,0.0,2.0,2.0,415.0,0|2|2|1|5|403|2,nibrs_srs_equivalent_annual,12.0,7,BOSTON,special_jurisdiction,0.0,025,,fbi_cde_agency_roster,1.0,1.0,overlap,25:statewide_overlap_layer,415.0,2,1,830.0,415.0,415.0,415.0,identical_7_offense_vector,T1_same_ori7_multiple_ori9
CA03042,CA0304200,CA,06,2024,41.0,42.0,252.0,44.0,0.0,0.0,29.0,408.0,0|0|29|41|42|252|44,cius_publication_annual,12.0,7,LAGUNA HILLS,local_police,,059,39220,srs_agency_header,1.0,1.0,exclusive,06:municipal:place:0639220,408.0,2,1,816.0,408.0,408.0,408.0,identical_7_offense_vector,T1_same_ori7_multiple_ori9
CA03042,CA030420X,CA,06,2024,41.0,42.0,252.0,44.0,0.0,0.0,29.0,408.0,0|0|29|41|42|252|44,nibrs_srs_equivalent_annual,12.0,7,SANTA ANA,local_police,31474.0,059,,fbi_cde_agency_roster,1.0,1.0,exclusive,06:municipal:place:0669000,408.0,2,1,816.0,408.0,408.0,408.0,identical_7_offense_vector,T1_same_ori7_multiple_ori9
FL05299,FL0529900,FL,12,2024,81.0,50.0,935.0,72.0,0.0,18.0,25.0,1181.0,0|18|25|81|50|935|72,state_publication_annual,12.0,7,SEMINOLE,local_police,,103,64975,srs_agency_header,1.0,1.0,exclusive,12:municipal:place:1264975,1181.0,2,2,1578.0,1181.0,397.0,397.0,same_ori7_different_counts,T1_same_ori7_multiple_ori9
FL05299,FL052990X,FL,12,2024,27.0,32.0,297.0,31.0,0.0,7.0,3.0,397.0,0|7|3|27|32|297|31,nibrs_srs_equivalent_annual,12.0,7,LARGO,local_police,19300.0,103,,fbi_cde_agency_roster,1.0,1.0,exclusive,12:municipal:place:1239425,397.0,2,2,1578.0,1181.0,397.0,397.0,same_ori7_different_counts,T1_same_ori7_multiple_ori9
CA01999,CA0199900,CA,06,2024,0.0,0.0,0.0,0.0,0.0,0.0,0.0,0.0,0|0|0|0|0|0|0,srs_return_a_annual,0.0,0,HP LOS ANGELES COUNTY,state_law_enforcement,0.0,037,44000,srs_agency_header,1.0,1.0,overlap,06:statewide_overlap_layer,613.7261315361661,12,12,486.0,94.0,0.0,392.0,same_ori7_different_counts,T1_same_ori7_multiple_ori9
CA01999,CA0199901,CA,06,2024,0.0,0.0,0.0,6.0,0.0,0.0,0.0,6.0,0|0|0|0|0|0|6,nibrs_srs_equivalent_annual,12.0,7,,state_law_enforcement,0.0,037,,fbi_cde_agency_roster,1.0,1.0,overlap,06:statewide_overlap_layer,6.0,12,12,486.0,94.0,0.0,392.0,same_ori7_different_counts,T1_same_ori7_multiple_ori9
CA01999,CA0199910,CA,06,2024,0.0,0.0,35.0,1.0,0.0,0.0,0.0,36.0,0|0|0|0|0|35|1,nibrs_srs_equivalent_annual,12.0,7,,state_law_enforcement,0.0,037,,fbi_cde_agency_roster,1.0,1.0,overlap,06:statewide_overlap_layer,36.0,12,12,486.0,94.0,0.0,392.0,same_ori7_different_counts,T1_same_ori7_multiple_ori9
CA01999,CA0199925,CA,06,2024,23.0,1.0,6.0,26.0,0.0,0.0,1.0,57.0,0|0|1|23|1|6|26,nibrs_srs_equivalent_annual,12.0,7,HIGHWAY PATROL BALDWIN PARK AREA OFFICE,state_law_enforcement,0.0,037,,fbi_cde_agency_roster,1.0,1.0,overlap,06:statewide_overlap_layer,57.0,12,12,486.0,94.0,0.0,392.0,same_ori7_different_counts,T1_same_ori7_multiple_ori9
CA01999,CA0199930,CA,06,2024,2.0,0.0,15.0,20.0,0.0,0.0,1.0,38.0,0|0|1|2|0|15|20,nibrs_srs_equivalent_annual,12.0,7,HIGHWAY PATROL SOUTH LOS ANGELES AREA OFFICE,state_law_enforcement,0.0,037,,fbi_cde_agency_roster,1.0,1.0,overlap,06:statewide_overlap_layer,38.0,12,12,486.0,94.0,0.0,392.0,same_ori7_different_counts,T1_same_ori7_multiple_ori9
CA01999,CA0199935,CA,06,2024,7.0,0.0,25.0,62.0,0.0,0.0,0.0,94.0,0|0|0|7|0|25|62,nibrs_srs_equivalent_annual,12.0,7,HIGHWAY PATROL EAST LOS ANGELES AREA OFFICE,state_law_enforcement,0.0,037,,fbi_cde_agency_roster,1.0,1.0,overlap,06:statewide_overlap_layer,94.0,12,12,486.0,94.0,0.0,392.0,same_ori7_different_counts,T1_same_ori7_multiple_ori9
CA01999,CA0199940,CA,06,2024,11.0,0.0,41.0,36.0,0.0,0.0,2.0,90.0,0|0|2|11|0|41|36,nibrs_srs_equivalent_annual,12.0,7,HIGHWAY PATROL NEWHALL AREA OFFICE,state_law_enforcement,0.0,037,,fbi_cde_agency_roster,1.0,1.0,overlap,06:statewide_overlap_layer,90.0,12,12,486.0,94.0,0.0,392.0,same_ori7_different_counts,T1_same_ori7_multiple_ori9
CA01999,CA0199950,CA,06,2024,36.0,1.0,13.0,1.0,2.0,0.0,0.0,53.0,2|0|0|36|1|13|1,nibrs_srs_equivalent_annual,12.0,7,HIGHWAY PATROL SANTA FE SPRINGS AREA OFFICE,state_law_enforcement,0.0,037,,fbi_cde_agency_roster,1.0,1.0,overlap,06:statewide_overlap_layer,53.0,12,12,486.0,94.0,0.0,392.0,same_ori7_different_counts,T1_same_ori7_multiple_ori9
CA01999,CA0199965,CA,06,2024,1.0,0.0,0.0,26.0,0.0,0.0,0.0,27.0,0|0|0|1|0|0|26,nibrs_srs_equivalent_annual,12.0,7,HIGHWAY PATROL WEST LOS ANGELES AREA OFFICE,state_law_enforcement,0.0,037,,fbi_cde_agency_roster,1.0,1.0,overlap,06:statewide_overlap_layer,27.0,12,12,486.0,94.0,0.0,392.0,same_ori7_different_counts,T1_same_ori7_multiple_ori9
CA01999,CA0199975,CA,06,2024,9.0,3.0,6.0,11.0,0.0,0.0,0.0,29.0,0|0|0|9|3|6|11,nibrs_srs_equivalent_annual,12.0,7,HIGHWAY PATROL ALTADENA AREA OFFICE,state_law_enforcement,0.0,037,,fbi_cde_agency_roster,1.0,1.0,overlap,06:statewide_overlap_layer,29.0,12,12,486.0,94.0,0.0,392.0,same_ori7_different_counts,T1_same_ori7_multiple_ori9
CA01999,CA0199980,CA,06,2024,1.0,0.0,2.0,21.0,0.0,0.0,0.0,24.0,0|0|0|1|0|2|21,nibrs_srs_equivalent_annual,12.0,7,HIGHWAY PATROL WEST VALLEY AREA OFFICE,state_law_enforcement,0.0,037,,fbi_cde_agency_roster,1.0,1.0,overlap,06:statewide_overlap_layer,24.0,12,12,486.0,94.0,0.0,392.0,same_ori7_different_counts,T1_same_ori7_multiple_ori9
CA01999,CA0199990,CA,06,2024,1.0,0.0,3.0,27.0,0.0,0.0,1.0,32.0,0|0|1|1|0|3|27,nibrs_srs_equivalent_annual,12.0,7,HIGHWAY PATROL CENTRAL LOS ANGELES AREA OFFICE,state_law_enforcement,0.0,037,,fbi_cde_agency_roster,1.0,1.0,overlap,06:statewide_overlap_layer,32.0,12,12,486.0,94.0,0.0,392.0,same_ori7_different_counts,T1_same_ori7_multiple_ori9
CA03036,CA0303600,CA,06,2024,49.0,31.0,195.0,57.0,0.0,2.0,9.0,343.0,0|2|9|49|31|195|57,cius_publication_annual,12.0,7,DANA POINT,local_police,,059,17946,srs_agency_header,1.0,1.0,exclusive,06:municipal:place:0617946,343.0,2,2,687.0,344.0,343.0,343.0,near_identical_total_ge_085,T1_same_ori7_multiple_ori9
CA03036,CA030360X,CA,06,2024,49.0,32.0,195.0,57.0,0.0,2.0,9.0,344.0,0|2|9|49|32|195|57,nibrs_srs_equivalent_annual,12.0,7,SANTA ANA,local_police,34019.0,059,,fbi_cde_agency_roster,1.0,1.0,exclusive,06:municipal:place:0669000,344.0,2,2,687.0,344.0,343.0,343.0,near_identical_total_ge_085,T1_same_ori7_multiple_ori9
NC03203,NC0320300,NC,37,2024,4.0,13.0,284.0,21.0,0.0,0.0,0.0,322.0,0|0|0|4|13|284|21,cius_publication_annual,12.0,7,DUKE UNIVERSITY,special_jurisdiction,,063,19000,srs_agency_header,1.0,1.0,overlap,37:statewide_overlap_layer,322.0,2,1,644.0,322.0,322.0,322.0,identical_7_offense_vector,T1_same_ori7_multiple_ori9
NC03203,NC032039E,NC,37,2024,4.0,13.0,284.0,21.0,0.0,0.0,0.0,322.0,0|0|0|4|13|284|21,nibrs_srs_equivalent_annual,12.0,7,DURHAM,special_jurisdiction,0.0,063,,fbi_cde_agency_roster,1.0,1.0,overlap,37:statewide_overlap_layer,322.0,2,1,644.0,322.0,322.0,322.0,identical_7_offense_vector,T1_same_ori7_multiple_ori9
GA04414,GA0441400,GA,13,2024,3.0,23.0,271.0,9.0,0.0,7.0,5.0,318.0,0|7|5|3|23|271|9,srs_return_a_annual,12.0,7,EMORY UNIVERSITY,constable_marshal,,089,23536,srs_agency_header,1.0,1.0,exclusive,13:municipal:place:1323536,318.0,2,1,636.0,318.0,318.0,318.0,identical_7_offense_vector,T1_same_ori7_multiple_ori9
GA04414,GA044149E,GA,13,2024,3.0,23.0,271.0,9.0,0.0,7.0,5.0,318.0,0|7|5|3|23|271|9,nibrs_srs_equivalent_annual,12.0,7,ATLANTA,special_jurisdiction,0.0,089,,fbi_cde_agency_roster,1.0,1.0,overlap,13:statewide_overlap_layer,318.0,2,1,636.0,318.0,318.0,318.0,identical_7_offense_vector,T1_same_ori7_multiple_ori9
CA05614,CA0561400,CA,06,2024,29.0,28.0,210.0,14.0,0.0,1.0,5.0,287.0,0|1|5|29|28|210|14,cius_publication_annual,12.0,7,MOORPARK,local_police,,111,49138,srs_agency_header,1.0,1.0,exclusive,06:municipal:place:0649138,287.0,2,1,574.0,287.0,287.0,287.0,identical_7_offense_vector,T1_same_ori7_multiple_ori9
CA05614,CA056140X,CA,06,2024,29.0,28.0,210.0,14.0,0.0,1.0,5.0,287.0,0|1|5|29|28|210|14,nibrs_srs_equivalent_annual,12.0,7,VENTURA,local_police,37121.0,111,,fbi_cde_agency_roster,1.0,1.0,exclusive,06:municipal:place:0665042,287.0,2,1,574.0,287.0,287.0,287.0,identical_7_offense_vector,T1_same_ori7_multiple_ori9
CA00723,CA0072300,CA,06,2024,14.0,27.0,204.0,19.0,0.0,7.0,6.0,277.0,0|7|6|14|27|204|19,srs_return_a_annual,12.0,7,DANVILLE,local_police,,013,17988,srs_agency_header,1.0,1.0,exclusive,06:municipal:place:0617988,277.0,2,1,554.0,277.0,277.0,277.0,identical_7_offense_vector,T1_same_ori7_multiple_ori9
CA00723,CA007230X,CA,06,2024,14.0,27.0,204.0,19.0,0.0,7.0,6.0,277.0,0|7|6|14|27|204|19,nibrs_srs_equivalent_annual,12.0,7,MARTINEZ,local_police,45202.0,013,,fbi_cde_agency_roster,1.0,1.0,exclusive,06:municipal:place:0617988,277.0,2,1,554.0,277.0,277.0,277.0,identical_7_offense_vector,T1_same_ori7_multiple_ori9
CT00504,CT0050400,CT,09,2024,3.0,46.0,194.0,31.0,0.0,0.0,3.0,277.0,0|0|3|3|46|194|31,srs_return_a_annual,12.0,7,YALE UNIVERSITY,unknown,,,,,1.0,1.0,overlap,09:statewide_overlap_layer,277.0,2,1,554.0,277.0,277.0,277.0,identical_7_offense_vector,T1_same_ori7_multiple_ori9
CT00504,CT005049E,CT,09,2024,3.0,46.0,194.0,31.0,0.0,0.0,3.0,277.0,0|0|3|3|46|194|31,nibrs_srs_equivalent_annual,12.0,7,,special_jurisdiction,0.0,,,,1.0,1.0,overlap,09:statewide_overlap_layer,277.0,2,1,554.0,277.0,277.0,277.0,identical_7_offense_vector,T1_same_ori7_multiple_ori9
CA03048,CA0304800,CA,06,2024,29.0,33.0,160.0,46.0,0.0,0.0,8.0,276.0,0|0|8|29|33|160|46,srs_return_a_annual,12.0,7,RANCHO SANTA MARGARITA,local_police,,059,59587,srs_agency_header,1.0,1.0,exclusive,06:municipal:place:0659587,276.0,2,1,552.0,276.0,276.0,276.0,identical_7_offense_vector,T1_same_ori7_multiple_ori9
CA03048,CA030480X,CA,06,2024,29.0,33.0,160.0,46.0,0.0,0.0,8.0,276.0,0|0|8|29|33|160|46,nibrs_srs_equivalent_annual,12.0,7,SANTA ANA,local_police,48918.0,059,,fbi_cde_agency_roster,1.0,1.0,exclusive,06:municipal:place:0659587,276.0,2,1,552.0,276.0,276.0,276.0,identical_7_offense_vector,T1_same_ori7_multiple_ori9
TX05751,TX0575100,TX,48,2024,5.0,5.0,231.0,20.0,0.0,4.0,0.0,265.0,0|4|0|5|5|231|20,srs_return_a_annual,12.0,7,BAYLOR HEALTH CARE SYSTE,special_jurisdiction,,113,19000,srs_agency_header,1.0,1.0,overlap,48:statewide_overlap_layer,265.0,2,1,530.0,265.0,265.0,265.0,identical_7_offense_vector,T1_same_ori7_multiple_ori9
TX05751,TX057519E,TX,48,2024,5.0,5.0,231.0,20.0,0.0,4.0,0.0,265.0,0|4|0|5|5|231|20,nibrs_srs_equivalent_annual,12.0,7,DALLAS,special_jurisdiction,0.0,113,,fbi_cde_agency_roster,1.0,1.0,overlap,48:statewide_overlap_layer,265.0,2,1,530.0,265.0,265.0,265.0,identical_7_offense_vector,T1_same_ori7_multiple_ori9
MI63183,MI6318300,MI,26,2024,16.0,22.0,206.0,12.0,0.0,5.0,3.0,264.0,0|5|3|16|22|206|12,srs_return_a_annual,12.0,7,COMMERCE TOWNSHIP,unknown,,,,,1.0,1.0,overlap,26:statewide_overlap_layer,264.0,2,1,528.0,264.0,264.0,264.0,identical_7_offense_vector,T1_same_ori7_multiple_ori9
MI63183,MI631830X,MI,26,2024,16.0,22.0,206.0,12.0,0.0,5.0,3.0,264.0,0|5|3|16|22|206|12,nibrs_srs_equivalent_annual,12.0,7,,local_police,39878.0,125,,fbi_cde_agency_roster,1.0,1.0,exclusive,26:municipal:cousub:2612517640,264.0,2,1,528.0,264.0,264.0,264.0,identical_7_offense_vector,T1_same_ori7_multiple_ori9
CA00199,CA0019900,CA,06,2024,0.0,0.0,0.0,0.0,0.0,0.0,0.0,0.0,0|0|0|0|0|0|0,srs_return_a_annual,0.0,0,HP ALAMEDA COUNTY,state_law_enforcement,0.0,001,33000,srs_agency_header,1.0,1.0,overlap,06:statewide_overlap_layer,220.69757514560132,4,4,689.0,444.0,0.0,245.0,same_ori7_different_counts,T1_same_ori7_multiple_ori9
CA00199,CA0019945,CA,06,2024,8.0,0.0,30.0,168.0,0.0,0.0,1.0,207.0,0|0|1|8|0|30|168,nibrs_srs_equivalent_annual,12.0,7,HIGHWAY PATROL HAYWARD AREA OFFICE,state_law_enforcement,0.0,001,,fbi_cde_agency_roster,1.0,1.0,overlap,06:statewide_overlap_layer,207.0,4,4,689.0,444.0,0.0,245.0,same_ori7_different_counts,T1_same_ori7_multiple_ori9
CA00199,CA0019970,CA,06,2024,23.0,1.0,32.0,385.0,0.0,0.0,3.0,444.0,0|0|3|23|1|32|385,nibrs_srs_equivalent_annual,12.0,7,HIGHWAY PATROL OAKLAND AREA OFFICE,state_law_enforcement,0.0,001,,fbi_cde_agency_roster,1.0,1.0,overlap,06:statewide_overlap_layer,444.0,4,4,689.0,444.0,0.0,245.0,same_ori7_different_counts,T1_same_ori7_multiple_ori9
CA00199,CA0019990,CA,06,2024,10.0,2.0,10.0,16.0,0.0,0.0,0.0,38.0,0|0|0|10|2|10|16,nibrs_srs_equivalent_annual,12.0,7,HIGHWAY PATROL DUBLIN AREA OFFICE,state_law_enforcement,0.0,001,,fbi_cde_agency_roster,1.0,1.0,overlap,06:statewide_overlap_layer,38.0,4,4,689.0,444.0,0.0,245.0,same_ori7_different_counts,T1_same_ori7_multiple_ori9
IN07113,IN0711300,IN,18,2024,4.0,2.0,215.0,2.0,0.0,0.0,1.0,224.0,0|0|1|4|2|215|2,srs_return_a_annual,12.0,7,UNIVERSITY OF NOTRE DAME,unknown,,,,,1.0,1.0,overlap,18:statewide_overlap_layer,224.0,2,1,448.0,224.0,224.0,224.0,identical_7_offense_vector,T1_same_ori7_multiple_ori9
IN07113,IN071139E,IN,18,2024,4.0,2.0,215.0,2.0,0.0,0.0,1.0,224.0,0|0|1|4|2|215|2,nibrs_srs_equivalent_annual,12.0,7,,special_jurisdiction,0.0,141,,fbi_cde_agency_roster,1.0,1.0,overlap,18:statewide_overlap_layer,224.0,2,1,448.0,224.0,224.0,224.0,identical_7_offense_vector,T1_same_ori7_multiple_ori9
TX10138,TX1013800,TX,48,2024,1.0,11.0,124.0,58.0,1.0,1.0,0.0,196.0,1|1|0|1|11|124|58,cius_publication_annual,12.0,7,RICE UNIVERSITY,special_jurisdiction,,201,35000,srs_agency_header,1.0,1.0,overlap,48:statewide_overlap_layer,196.0,2,1,392.0,196.0,196.0,196.0,identical_7_offense_vector,T1_same_ori7_multiple_ori9
TX10138,TX101389E,TX,48,2024,1.0,11.0,124.0,58.0,1.0,1.0,0.0,196.0,1|1|0|1|11|124|58,nibrs_srs_equivalent_annual,12.0,7,HOUSTON,special_jurisdiction,0.0,201,,fbi_cde_agency_roster,1.0,1.0,overlap,48:statewide_overlap_layer,196.0,2,1,392.0,196.0,196.0,196.0,identical_7_offense_vector,T1_same_ori7_multiple_ori9
TX10158,TX1015800,TX,48,2024,47.0,2.0,127.0,17.0,0.0,0.0,0.0,193.0,0|0|0|47|2|127|17,srs_return_a_annual,12.0,7,TEXAS MEDICAL CENTER,special_jurisdiction,0.0,201,35000,srs_agency_header,1.0,1.0,overlap,48:statewide_overlap_layer,193.0,2,1,386.0,193.0,193.0,193.0,identical_7_offense_vector,T1_same_ori7_multiple_ori9
TX10158,TX101589E,TX,48,2024,47.0,2.0,127.0,17.0,0.0,0.0,0.0,193.0,0|0|0|47|2|127|17,nibrs_srs_equivalent_annual,12.0,7,HOUSTON,unknown,0.0,201,,fbi_cde_agency_roster,1.0,1.0,overlap,48:statewide_overlap_layer,193.0,2,1,386.0,193.0,193.0,193.0,identical_7_offense_vector,T1_same_ori7_multiple_ori9
CA00726,CA0072600,CA,06,2024,4.0,29.0,125.0,16.0,1.0,1.0,5.0,181.0,1|1|5|4|29|125|16,cius_publication_annual,12.0,7,ORINDA,local_police,,013,54232,srs_agency_header,1.0,1.0,exclusive,06:municipal:place:0654232,181.0,2,1,362.0,181.0,181.0,181.0,identical_7_offense_vector,T1_same_ori7_multiple_ori9
CA00726,CA007260X,CA,06,2024,4.0,29.0,125.0,16.0,1.0,1.0,5.0,181.0,1|1|5|4|29|125|16,nibrs_srs_equivalent_annual,12.0,7,MARTINEZ,local_police,20175.0,013,,fbi_cde_agency_roster,1.0,1.0,exclusive,06:municipal:place:0646114,181.0,2,1,362.0,181.0,181.0,181.0,identical_7_offense_vector,T1_same_ori7_multiple_ori9
CA03047,CA0304700,CA,06,2024,8.0,13.0,91.0,46.0,0.0,0.0,2.0,160.0,0|0|2|8|13|91|46,srs_return_a_annual,12.0,7,LAGUNA WOODS,local_police,,059,53980,srs_agency_header,1.0,1.0,exclusive,06:municipal:place:0653980,160.0,2,1,320.0,160.0,160.0,160.0,identical_7_offense_vector,T1_same_ori7_multiple_ori9
CA03047,CA030470X,CA,06,2024,8.0,13.0,91.0,46.0,0.0,0.0,2.0,160.0,0|0|2|8|13|91|46,nibrs_srs_equivalent_annual,12.0,7,SANTA ANA,local_police,17249.0,059,,fbi_cde_agency_roster,1.0,1.0,exclusive,06:municipal:place:0639259,160.0,2,1,320.0,160.0,160.0,160.0,identical_7_offense_vector,T1_same_ori7_multiple_ori9
MI63185,MI6318500,MI,26,2024,31.0,12.0,90.0,18.0,0.0,5.0,2.0,158.0,0|5|2|31|12|90|18,srs_return_a_annual,12.0,7,INDEPENDENCE TOWNSHIP,unknown,,,,,1.0,1.0,overlap,26:statewide_overlap_layer,158.0,2,1,316.0,158.0,158.0,158.0,identical_7_offense_vector,T1_same_ori7_multiple_ori9
MI63185,MI631850X,MI,26,2024,31.0,12.0,90.0,18.0,0.0,5.0,2.0,158.0,0|5|2|31|12|90|18,nibrs_srs_equivalent_annual,12.0,7,,local_police,37302.0,125,,fbi_cde_agency_roster,1.0,1.0,exclusive,26:municipal:cousub:2612540400,158.0,2,1,316.0,158.0,158.0,158.0,identical_7_offense_vector,T1_same_ori7_multiple_ori9
MI63188,MI6318800,MI,26,2024,11.0,9.0,112.0,24.0,0.0,1.0,1.0,158.0,0|1|1|11|9|112|24,srs_return_a_annual,12.0,7,ORION TOWNSHIP,unknown,,,,,1.0,1.0,overlap,26:statewide_overlap_layer,158.0,2,1,316.0,158.0,158.0,158.0,identical_7_offense_vector,T1_same_ori7_multiple_ori9
MI63188,MI631880X,MI,26,2024,11.0,9.0,112.0,24.0,0.0,1.0,1.0,158.0,0|1|1|11|9|112|24,nibrs_srs_equivalent_annual,12.0,7,,local_police,37125.0,125,,fbi_cde_agency_roster,1.0,1.0,exclusive,26:municipal:cousub:2612561100,158.0,2,1,316.0,158.0,158.0,158.0,identical_7_offense_vector,T1_same_ori7_multiple_ori9
TX05752,TX0575200,TX,48,2024,1.0,25.0,80.0,35.0,0.0,5.0,0.0,146.0,0|5|0|1|25|80|35,srs_return_a_annual,12.0,7,SOUTHERN METHODIST UNIV,special_jurisdiction,,113,19000,srs_agency_header,1.0,1.0,overlap,48:statewide_overlap_layer,146.0,2,1,292.0,146.0,146.0,146.0,identical_7_offense_vector,T1_same_ori7_multiple_ori9
TX05752,TX057529E,TX,48,2024,1.0,25.0,80.0,35.0,0.0,5.0,0.0,146.0,0|5|0|1|25|80|35,nibrs_srs_equivalent_annual,12.0,7,DALLAS,special_jurisdiction,0.0,113,,fbi_cde_agency_roster,1.0,1.0,overlap,48:statewide_overlap_layer,146.0,2,1,292.0,146.0,146.0,146.0,identical_7_offense_vector,T1_same_ori7_multiple_ori9
CA05499,CA0549900,CA,06,2024,0.0,0.0,0.0,0.0,0.0,0.0,0.0,0.0,0|0|0|0|0|0|0,srs_return_a_annual,0.0,0,HP TULARE COUNTY,state_law_enforcement,0.0,107,82954,srs_agency_header,1.0,1.0,overlap,06:statewide_overlap_layer,720.9184576233268,3,3,454.0,314.0,0.0,140.0,same_ori7_different_counts,T1_same_ori7_multiple_ori9
CA05499,CA0549980,CA,06,2024,0.0,0.0,65.0,249.0,0.0,0.0,0.0,314.0,0|0|0|0|0|65|249,nibrs_srs_equivalent_annual,12.0,7,HIGHWAY PATROL VISALIA AREA OFFICE,state_law_enforcement,0.0,107,,fbi_cde_agency_roster,1.0,1.0,overlap,06:statewide_overlap_layer,314.0,3,3,454.0,314.0,0.0,140.0,same_ori7_different_counts,T1_same_ori7_multiple_ori9
CA05499,CA0549981,CA,06,2024,0.0,0.0,37.0,103.0,0.0,0.0,0.0,140.0,0|0|0|0|0|37|103,nibrs_srs_equivalent_annual,12.0,7,HIGHWAY PATROL PORTERVILLE AREA OFFICE,state_law_enforcement,0.0,107,,fbi_cde_agency_roster,1.0,1.0,overlap,06:statewide_overlap_layer,140.0,3,3,454.0,314.0,0.0,140.0,same_ori7_different_counts,T1_same_ori7_multiple_ori9
OK05502,OK0550200,OK,40,2024,89.0,61.0,542.0,63.0,1.0,9.0,12.0,777.0,1|9|12|89|61|542|63,cius_publication_annual,12.0,7,DEL CITY,local_police,21859.0,109,19900,srs_agency_header,1.0,1.0,exclusive,40:municipal:place:4019900,777.0,2,2,910.0,777.0,133.0,133.0,same_ori7_different_counts,T1_same_ori7_multiple_ori9
OK05502,OK055025C,OK,40,2024,78.0,0.0,2.0,0.0,15.0,37.0,1.0,133.0,15|37|1|78|0|2|0,nibrs_srs_equivalent_annual,12.0,7,,unknown,0.0,,,,1.0,1.0,overlap,40:statewide_overlap_layer,133.0,2,2,910.0,777.0,133.0,133.0,same_ori7_different_counts,T1_same_ori7_multiple_ori9
TX15525,TX1552500,TX,48,2024,1.0,23.0,83.0,21.0,0.0,0.0,0.0,128.0,0|0|0|1|23|83|21,srs_return_a_annual,12.0,7,BAYLOR UNIVERSITY WACO,constable_marshal,,309,99309,srs_agency_header,1.0,1.0,overlap,48:statewide_overlap_layer,128.0,2,1,256.0,128.0,128.0,128.0,identical_7_offense_vector,T1_same_ori7_multiple_ori9
TX15525,TX155259E,TX,48,2024,1.0,23.0,83.0,21.0,0.0,0.0,0.0,128.0,0|0|0|1|23|83|21,nibrs_srs_equivalent_annual,12.0,7,WACO,special_jurisdiction,0.0,309,,fbi_cde_agency_roster,1.0,1.0,overlap,48:statewide_overlap_layer,128.0,2,1,256.0,128.0,128.0,128.0,identical_7_offense_vector,T1_same_ori7_multiple_ori9
MA01372,MA0137200,MA,25,2024,1.0,9.0,95.0,1.0,0.0,1.0,2.0,109.0,0|1|2|1|9|95|1,srs_return_a_annual,12.0,7,BERKLEY COLLEGE OF MUSIC,unknown,,,,,1.0,1.0,overlap,25:statewide_overlap_layer,109.0,2,1,218.0,109.0,109.0,109.0,identical_7_offense_vector,T1_same_ori7_multiple_ori9
MA01372,MA013729E,MA,25,2024,1.0,9.0,95.0,1.0,0.0,1.0,2.0,109.0,0|1|2|1|9|95|1,nibrs_srs_equivalent_annual,12.0,7,,special_jurisdiction,0.0,025,,fbi_cde_agency_roster,1.0,1.0,overlap,25:statewide_overlap_layer,109.0,2,1,218.0,109.0,109.0,109.0,identical_7_offense_vector,T1_same_ori7_multiple_ori9
RI00423,RI0042300,RI,44,2024,0.0,6.0,72.0,23.0,0.0,0.0,0.0,101.0,0|0|0|0|6|72|23,cius_publication_annual,12.0,7,BROWN UNIVERSITY,special_jurisdiction,,007,59000,srs_agency_header,1.0,1.0,overlap,44:statewide_overlap_layer,101.0,2,1,202.0,101.0,101.0,101.0,identical_7_offense_vector,T1_same_ori7_multiple_ori9
RI00423,RI004239E,RI,44,2024,0.0,6.0,72.0,23.0,0.0,0.0,0.0,101.0,0|0|0|0|6|72|23,nibrs_srs_equivalent_annual,12.0,7,PROVIDENCE,special_jurisdiction,0.0,007,,fbi_cde_agency_roster,1.0,1.0,overlap,44:statewide_overlap_layer,101.0,2,1,202.0,101.0,101.0,101.0,identical_7_offense_vector,T1_same_ori7_multiple_ori9
MO09501,MO0950100,MO,29,2024,1.0,0.0,77.0,14.0,0.0,0.0,0.0,92.0,0|0|0|1|0|77|14,srs_return_a_annual,11.0,0,WASHINGTON UNIVERSITY,local_police,,189,01612,srs_agency_header,1.0,1.0,overlap,29:statewide_overlap_layer,100.87943205021857,2,1,184.0,92.0,92.0,92.0,identical_7_offense_vector,T1_same_ori7_multiple_ori9
MO09501,MO095019E,MO,29,2024,1.0,0.0,77.0,14.0,0.0,0.0,0.0,92.0,0|0|0|1|0|77|14,nibrs_srs_equivalent_annual,11.0,7,SAINT LOUIS,special_jurisdiction,0.0,189,,fbi_cde_agency_roster,1.0,1.0,overlap,29:statewide_overlap_layer,92.0,2,1,184.0,92.0,92.0,92.0,identical_7_offense_vector,T1_same_ori7_multiple_ori9
UT02512,UT0251200,UT,49,2024,2.0,6.0,76.0,0.0,0.0,1.0,0.0,85.0,0|1|0|2|6|76|0,srs_return_a_annual,12.0,7,BRIGHAM YOUNG UNIVERSITY,special_jurisdiction,,049,62470,srs_agency_header,1.0,1.0,overlap,49:statewide_overlap_layer,85.0,2,1,170.0,85.0,85.0,85.0,identical_7_offense_vector,T1_same_ori7_multiple_ori9
UT02512,UT025129E,UT,49,2024,2.0,6.0,76.0,0.0,0.0,1.0,0.0,85.0,0|1|0|2|6|76|0,nibrs_srs_equivalent_annual,12.0,7,PROVO,special_jurisdiction,0.0,049,,fbi_cde_agency_roster,1.0,1.0,overlap,49:statewide_overlap_layer,85.0,2,1,170.0,85.0,85.0,85.0,identical_7_offense_vector,T1_same_ori7_multiple_ori9
IL0169W,IL0169W00,IL,17,2024,5.0,6.0,60.0,10.0,0.0,0.0,1.0,82.0,0|0|1|5|6|60|10,srs_return_a_annual,11.0,0,UNIV OF CHICAGO COOK C,unknown,,,,,1.0,1.0,overlap,17:statewide_overlap_layer,89.45454545454545,2,1,164.0,82.0,82.0,82.0,identical_7_offense_vector,T1_same_ori7_multiple_ori9
IL0169W,IL0169W9E,IL,17,2024,5.0,6.0,60.0,10.0,0.0,0.0,1.0,82.0,0|0|1|5|6|60|10,nibrs_srs_equivalent_annual,12.0,7,CHICAGO,special_jurisdiction,0.0,031,,fbi_cde_agency_roster,1.0,1.0,overlap,17:statewide_overlap_layer,82.0,2,1,164.0,82.0,82.0,82.0,identical_7_offense_vector,T1_same_ori7_multiple_ori9
MI63184,MI6318400,MI,26,2024,25.0,6.0,33.0,16.0,0.0,1.0,0.0,81.0,0|1|0|25|6|33|16,srs_return_a_annual,12.0,7,HIGHLAND TOWNSHIP,unknown,,,,,1.0,1.0,overlap,26:statewide_overlap_layer,81.0,2,1,162.0,81.0,81.0,81.0,identical_7_offense_vector,T1_same_ori7_multiple_ori9
MI63184,MI631840X,MI,26,2024,25.0,6.0,33.0,16.0,0.0,1.0,0.0,81.0,0|1|0|25|6|33|16,nibrs_srs_equivalent_annual,12.0,7,,local_police,20302.0,125,,fbi_cde_agency_roster,1.0,1.0,exclusive,26:municipal:cousub:2612538080,81.0,2,1,162.0,81.0,81.0,81.0,identical_7_offense_vector,T1_same_ori7_multiple_ori9
GA01109,GA0110900,GA,13,2024,0.0,0.0,66.0,7.0,0.0,4.0,0.0,77.0,0|4|0|0|0|66|7,cius_publication_annual,12.0,7,MERCER UNIVERSITY,special_jurisdiction,,021,49000,srs_agency_header,1.0,1.0,overlap,13:statewide_overlap_layer,77.0,2,1,154.0,77.0,77.0,77.0,identical_7_offense_vector,T1_same_ori7_multiple_ori9
GA01109,GA011099E,GA,13,2024,0.0,0.0,66.0,7.0,0.0,4.0,0.0,77.0,0|4|0|0|0|66|7,nibrs_srs_equivalent_annual,12.0,7,MACON,special_jurisdiction,0.0,021,,fbi_cde_agency_roster,1.0,1.0,overlap,13:statewide_overlap_layer,77.0,2,1,154.0,77.0,77.0,77.0,identical_7_offense_vector,T1_same_ori7_multiple_ori9
LA03620,LA0362000,LA,22,2024,7.0,7.0,59.0,3.0,0.0,0.0,1.0,77.0,0|0|1|7|7|59|3,cius_publication_annual,12.0,7,TULANE UNIVERSITY,special_jurisdiction,,071,55000,srs_agency_header,1.0,1.0,overlap,22:statewide_overlap_layer,77.0,2,1,154.0,77.0,77.0,77.0,identical_7_offense_vector,T1_same_ori7_multiple_ori9
LA03620,LA036209E,LA,22,2024,7.0,7.0,59.0,3.0,0.0,0.0,1.0,77.0,0|0|1|7|7|59|3,nibrs_srs_equivalent_annual,12.0,7,NEW ORLEANS,special_jurisdiction,0.0,071,,fbi_cde_agency_roster,1.0,1.0,overlap,22:statewide_overlap_layer,77.0,2,1,154.0,77.0,77.0,77.0,identical_7_offense_vector,T1_same_ori7_multiple_ori9
MI63186,MI6318600,MI,26,2024,7.0,9.0,50.0,11.0,0.0,0.0,0.0,77.0,0|0|0|7|9|50|11,srs_return_a_annual,12.0,7,LYON TOWNSHIP,unknown,,,,,1.0,1.0,overlap,26:statewide_overlap_layer,77.0,2,1,154.0,77.0,77.0,77.0,identical_7_offense_vector,T1_same_ori7_multiple_ori9
MI63186,MI631860X,MI,26,2024,7.0,9.0,50.0,11.0,0.0,0.0,0.0,77.0,0|0|0|7|9|50|11,nibrs_srs_equivalent_annual,12.0,7,,local_police,26094.0,125,,fbi_cde_agency_roster,1.0,1.0,exclusive,26:municipal:cousub:2612549820,77.0,2,1,154.0,77.0,77.0,77.0,identical_7_offense_vector,T1_same_ori7_multiple_ori9
IN00212,IN0021200,IN,18,2024,21.0,0.0,51.0,4.0,0.0,0.0,0.0,76.0,0|0|0|21|0|51|4,srs_return_a_annual,12.0,7,PARKVIEW HEALTH,unknown,,,,,1.0,1.0,overlap,18:statewide_overlap_layer,76.0,2,1,152.0,76.0,76.0,76.0,identical_7_offense_vector,T1_same_ori7_multiple_ori9
IN00212,IN002129E,IN,18,2024,21.0,0.0,51.0,4.0,0.0,0.0,0.0,76.0,0|0|0|21|0|51|4,nibrs_srs_equivalent_annual,12.0,7,,unknown,0.0,003,,fbi_cde_agency_roster,1.0,1.0,overlap,18:statewide_overlap_layer,76.0,2,1,152.0,76.0,76.0,76.0,identical_7_offense_vector,T1_same_ori7_multiple_ori9
NH00927,NH0092700,NH,33,2024,2.0,3.0,66.0,0.0,0.0,2.0,0.0,73.0,0|2|0|2|3|66|0,srs_return_a_annual,12.0,7,UNIV OF NEW HAMPSHIRE,special_jurisdiction,,017,19620,srs_agency_header,1.0,1.0,overlap,33:statewide_overlap_layer,73.0,2,1,146.0,73.0,73.0,73.0,identical_7_offense_vector,T1_same_ori7_multiple_ori9
NH00927,NH00927TZ,NH,33,2024,2.0,3.0,66.0,0.0,0.0,2.0,0.0,73.0,0|2|0|2|3|66|0,nibrs_srs_equivalent_annual,12.0,7,DURHAM,special_jurisdiction,0.0,017,,fbi_cde_agency_roster,1.0,1.0,overlap,33:statewide_overlap_layer,73.0,2,1,146.0,73.0,73.0,73.0,identical_7_offense_vector,T1_same_ori7_multiple_ori9
IL09990,IL0999000,IL,17,2024,3.0,11.0,52.0,5.0,0.0,0.0,1.0,72.0,0|0|1|3|11|52|5,cius_publication_annual,12.0,7,HOMER GLEN,local_police,,197,35835,srs_agency_header,1.0,1.0,exclusive,17:municipal:place:1735835,72.0,2,1,144.0,72.0,72.0,72.0,identical_7_offense_vector,T1_same_ori7_multiple_ori9
IL09990,IL099900X,IL,17,2024,3.0,11.0,52.0,5.0,0.0,0.0,1.0,72.0,0|0|1|3|11|52|5,nibrs_srs_equivalent_annual,12.0,7,JOILET,local_police,24638.0,197,,fbi_cde_agency_roster,1.0,1.0,exclusive,17:municipal:place:1738570,72.0,2,1,144.0,72.0,72.0,72.0,identical_7_offense_vector,T1_same_ori7_multiple_ori9
CA03699,CA0369900,CA,06,2024,0.0,0.0,0.0,0.0,0.0,0.0,0.0,0.0,0|0|0|0|0|0|0,srs_return_a_annual,0.0,0,HP SAN BERNARDINO CNTY,state_law_enforcement,0.0,071,99071,srs_agency_header,1.0,1.0,overlap,06:statewide_overlap_layer,188.39911285783745,6,6,126.0,56.0,0.0,70.0,same_ori7_different_counts,T1_same_ori7_multiple_ori9
CA03699,CA0369930,CA,06,2024,3.0,6.0,20.0,8.0,0.0,0.0,2.0,39.0,0|0|2|3|6|20|8,nibrs_srs_equivalent_annual,12.0,7,HIGHWAY PATROL BARSTOW AREA OFFICE,state_law_enforcement,0.0,071,,fbi_cde_agency_roster,1.0,1.0,overlap,06:statewide_overlap_layer,39.0,6,6,126.0,56.0,0.0,70.0,same_ori7_different_counts,T1_same_ori7_multiple_ori9
CA03699,CA0369934,CA,06,2024,0.0,0.0,1.0,8.0,0.0,0.0,0.0,9.0,0|0|0|0|0|1|8,nibrs_srs_equivalent_annual,12.0,7,HIGHWAY PATROL NEEDLES AREA OFFICE,state_law_enforcement,0.0,071,,fbi_cde_agency_roster,1.0,1.0,overlap,06:statewide_overlap_layer,9.0,6,6,126.0,56.0,0.0,70.0,same_ori7_different_counts,T1_same_ori7_multiple_ori9
CA03699,CA0369950,CA,06,2024,6.0,1.0,22.0,27.0,0.0,0.0,0.0,56.0,0|0|0|6|1|22|27,nibrs_srs_equivalent_annual,12.0,7,HIGHWAY PATROL VICTORVILLE AREA OFFICE,state_law_enforcement,0.0,071,,fbi_cde_agency_roster,1.0,1.0,overlap,06:statewide_overlap_layer,56.0,6,6,126.0,56.0,0.0,70.0,same_ori7_different_counts,T1_same_ori7_multiple_ori9
CA03699,CA0369955,CA,06,2024,6.0,1.0,1.0,4.0,1.0,0.0,0.0,13.0,1|0|0|6|1|1|4,nibrs_srs_equivalent_annual,12.0,7,HIGHWAY PATROL RANCHO CUCAMONGA AREA OFFICE,state_law_enforcement,0.0,071,,fbi_cde_agency_roster,1.0,1.0,overlap,06:statewide_overlap_layer,13.0,6,6,126.0,56.0,0.0,70.0,same_ori7_different_counts,T1_same_ori7_multiple_ori9
CA03699,CA0369960,CA,06,2024,5.0,0.0,1.0,2.0,0.0,1.0,0.0,9.0,0|1|0|5|0|1|2,nibrs_srs_equivalent_annual,12.0,7,HIGHWAY PATROL SAN BERNARDINO AREA OFFICE,state_law_enforcement,0.0,071,,fbi_cde_agency_roster,1.0,1.0,overlap,06:statewide_overlap_layer,9.0,6,6,126.0,56.0,0.0,70.0,same_ori7_different_counts,T1_same_ori7_multiple_ori9
NC03404,NC0340400,NC,37,2024,0.0,4.0,54.0,12.0,0.0,0.0,0.0,70.0,0|0|0|0|4|54|12,srs_return_a_annual,9.0,0,WAKE FOREST UNIVERSITY,special_jurisdiction,,067,75000,srs_agency_header,1.0,1.0,overlap,37:statewide_overlap_layer,94.55982189438592,2,1,140.0,70.0,70.0,70.0,identical_7_offense_vector,T1_same_ori7_multiple_ori9
NC03404,NC034049E,NC,37,2024,0.0,4.0,54.0,12.0,0.0,0.0,0.0,70.0,0|0|0|0|4|54|12,nibrs_srs_equivalent_annual,9.0,7,WINSTON SALEM,special_jurisdiction,0.0,067,,fbi_cde_agency_roster,1.0,1.0,overlap,37:statewide_overlap_layer,70.0,2,1,140.0,70.0,70.0,70.0,identical_7_offense_vector,T1_same_ori7_multiple_ori9
CA04299,CA0429900,CA,06,2024,0.0,0.0,0.0,0.0,0.0,0.0,0.0,0.0,0|0|0|0|0|0|0,srs_return_a_annual,0.0,0,HP SANTA BARBARA COUNTY,state_law_enforcement,0.0,083,69070,srs_agency_header,1.0,1.0,overlap,06:statewide_overlap_layer,182.26004737091847,4,4,108.0,46.0,0.0,62.0,same_ori7_different_counts,T1_same_ori7_multiple_ori9
CA04299,CA0429950,CA,06,2024,0.0,0.0,5.0,41.0,0.0,0.0,0.0,46.0,0|0|0|0|0|5|41,nibrs_srs_equivalent_annual,12.0,7,HIGHWAY PATROL SANTA MARIA AREA OFFICE,state_law_enforcement,0.0,083,,fbi_cde_agency_roster,1.0,1.0,overlap,06:statewide_overlap_layer,46.0,4,4,108.0,46.0,0.0,62.0,same_ori7_different_counts,T1_same_ori7_multiple_ori9
CA04299,CA0429955,CA,06,2024,0.0,0.0,7.0,18.0,0.0,0.0,0.0,25.0,0|0|0|0|0|7|18,nibrs_srs_equivalent_annual,12.0,7,HIGHWAY PATROL BUELLTON AREA OFFICE,state_law_enforcement,0.0,083,,fbi_cde_agency_roster,1.0,1.0,overlap,06:statewide_overlap_layer,25.0,4,4,108.0,46.0,0.0,62.0,same_ori7_different_counts,T1_same_ori7_multiple_ori9
CA04299,CA0429960,CA,06,2024,0.0,0.0,10.0,27.0,0.0,0.0,0.0,37.0,0|0|0|0|0|10|27,nibrs_srs_equivalent_annual,12.0,7,HIGHWAY PATROL SANTA BARBARA AREA OFFICE,state_law_enforcement,0.0,083,,fbi_cde_agency_roster,1.0,1.0,overlap,06:statewide_overlap_layer,37.0,4,4,108.0,46.0,0.0,62.0,same_ori7_different_counts,T1_same_ori7_multiple_ori9
IL016AB,IL016AB00,IL,17,2024,2.0,0.0,56.0,1.0,0.0,3.0,0.0,62.0,0|3|0|2|0|56|1,srs_return_a_annual,12.0,7,LOYOLA UNIVERSITY OF CHI,special_jurisdiction,,031,14000,srs_agency_header,1.0,1.0,overlap,17:statewide_overlap_layer,62.0,2,1,124.0,62.0,62.0,62.0,identical_7_offense_vector,T1_same_ori7_multiple_ori9
IL016AB,IL016AB9E,IL,17,2024,2.0,0.0,56.0,1.0,0.0,3.0,0.0,62.0,0|3|0|2|0|56|1,nibrs_srs_equivalent_annual,12.0,7,CHICAGO,special_jurisdiction,0.0,031,,fbi_cde_agency_roster,1.0,1.0,overlap,17:statewide_overlap_layer,62.0,2,1,124.0,62.0,62.0,62.0,identical_7_offense_vector,T1_same_ori7_multiple_ori9
MI63192,MI6319200,MI,26,2024,4.0,4.0,47.0,7.0,0.0,0.0,0.0,62.0,0|0|0|4|4|47|7,srs_return_a_annual,12.0,7,SPRINGFIELD TOWNSHIP,unknown,,,,,1.0,1.0,overlap,26:statewide_overlap_layer,62.0,2,1,124.0,62.0,62.0,62.0,identical_7_offense_vector,T1_same_ori7_multiple_ori9
MI63192,MI631920X,MI,26,2024,4.0,4.0,47.0,7.0,0.0,0.0,0.0,62.0,0|0|0|4|4|47|7,nibrs_srs_equivalent_annual,12.0,7,,local_police,14762.0,125,,fbi_cde_agency_roster,1.0,1.0,exclusive,26:municipal:cousub:2612575760,62.0,2,1,124.0,62.0,62.0,62.0,identical_7_offense_vector,T1_same_ori7_multiple_ori9
TN01941,TN0194100,TN,47,2024,59.0,0.0,0.0,0.0,2.0,1.0,0.0,62.0,2|1|0|59|0|0|0,srs_return_a_annual,12.0,7,DEPT OF CORRECTION INT A,special_jurisdiction,,037,52006,srs_agency_header,1.0,1.0,overlap,47:statewide_overlap_layer,62.0,2,1,124.0,62.0,62.0,62.0,identical_7_offense_vector,T1_same_ori7_multiple_ori9
TN01941,TN019410X,TN,47,2024,59.0,0.0,0.0,0.0,2.0,1.0,0.0,62.0,2|1|0|59|0|0|0,nibrs_srs_equivalent_annual,12.0,7,NASHVILLE,unknown,0.0,037,,fbi_cde_agency_roster,1.0,1.0,overlap,47:statewide_overlap_layer,62.0,2,1,124.0,62.0,62.0,62.0,identical_7_offense_vector,T1_same_ori7_multiple_ori9
NC00106,NC0010600,NC,37,2024,1.0,9.0,44.0,3.0,0.0,1.0,0.0,58.0,0|1|0|1|9|44|3,cius_publication_annual,12.0,7,ELON UNIVERSITY,special_jurisdiction,,001,21095,srs_agency_header,1.0,1.0,overlap,37:statewide_overlap_layer,58.0,2,1,116.0,58.0,58.0,58.0,identical_7_offense_vector,T1_same_ori7_multiple_ori9
NC00106,NC001069E,NC,37,2024,1.0,9.0,44.0,3.0,0.0,1.0,0.0,58.0,0|1|0|1|9|44|3,nibrs_srs_equivalent_annual,12.0,7,ELON,special_jurisdiction,0.0,001,,fbi_cde_agency_roster,1.0,1.0,overlap,37:statewide_overlap_layer,58.0,2,1,116.0,58.0,58.0,58.0,identical_7_offense_vector,T1_same_ori7_multiple_ori9
MI63189,MI6318900,MI,26,2024,10.0,5.0,29.0,7.0,1.0,4.0,1.0,57.0,1|4|1|10|5|29|7,srs_return_a_annual,12.0,7,OXFORD TOWNSHIP,unknown,,,,,1.0,1.0,overlap,26:statewide_overlap_layer,57.0,2,1,114.0,57.0,57.0,57.0,identical_7_offense_vector,T1_same_ori7_multiple_ori9
MI63189,MI631890X,MI,26,2024,10.0,5.0,29.0,7.0,1.0,4.0,1.0,57.0,1|4|1|10|5|29|7,nibrs_srs_equivalent_annual,12.0,7,,local_police,19592.0,125,,fbi_cde_agency_roster,1.0,1.0,exclusive,26:municipal:cousub:2612562040,57.0,2,1,114.0,57.0,57.0,57.0,identical_7_offense_vector,T1_same_ori7_multiple_ori9
CA00499,CA0049900,CA,06,2024,0.0,0.0,0.0,0.0,0.0,0.0,0.0,0.0,0|0|0|0|0|0|0,srs_return_a_annual,0.0,0,HP BUTTE COUNTY,state_law_enforcement,0.0,007,13014,srs_agency_header,1.0,1.0,overlap,06:statewide_overlap_layer,223.9297585054547,3,3,189.0,136.0,0.0,53.0,same_ori7_different_counts,T1_same_ori7_multiple_ori9
CA00499,CA0049940,CA,06,2024,0.0,0.0,20.0,116.0,0.0,0.0,0.0,136.0,0|0|0|0|0|20|116,nibrs_srs_equivalent_annual,12.0,7,HIGHWAY PATROL OROVILLE AREA OFFICE,state_law_enforcement,0.0,005,,fbi_cde_agency_roster,1.0,1.0,overlap,06:statewide_overlap_layer,136.0,3,3,189.0,136.0,0.0,53.0,same_ori7_different_counts,T1_same_ori7_multiple_ori9
CA00499,CA0049941,CA,06,2024,1.0,1.0,6.0,45.0,0.0,0.0,0.0,53.0,0|0|0|1|1|6|45,nibrs_srs_equivalent_annual,12.0,7,HIGHWAY PATROL CHICO AREA OFFICE,state_law_enforcement,0.0,005,,fbi_cde_agency_roster,1.0,1.0,overlap,06:statewide_overlap_layer,53.0,3,3,189.0,136.0,0.0,53.0,same_ori7_different_counts,T1_same_ori7_multiple_ori9
CA02099,CA0209900,CA,06,2024,0.0,0.0,0.0,0.0,0.0,0.0,0.0,0.0,0|0|0|0|0|0|0,srs_return_a_annual,0.0,0,HP MADERA COUNTY,state_law_enforcement,0.0,039,45022,srs_agency_header,1.0,1.0,overlap,06:statewide_overlap_layer,149.33446353209501,3,3,136.0,86.0,0.0,50.0,same_ori7_different_counts,T1_same_ori7_multiple_ori9
CA02099,CA0209950,CA,06,2024,0.0,0.0,17.0,69.0,0.0,0.0,0.0,86.0,0|0|0|0|0|17|69,nibrs_srs_equivalent_annual,12.0,7,HIGHWAY PATROL MADERA AREA OFFICE,state_law_enforcement,0.0,039,,fbi_cde_agency_roster,1.0,1.0,overlap,06:statewide_overlap_layer,86.0,3,3,136.0,86.0,0.0,50.0,same_ori7_different_counts,T1_same_ori7_multiple_ori9
CA02099,CA0209956,CA,06,2024,2.0,0.0,14.0,34.0,0.0,0.0,0.0,50.0,0|0|0|2|0|14|34,nibrs_srs_equivalent_annual,12.0,7,HIGHWAY PATROL OAKHURST AREA OFFICE,state_law_enforcement,0.0,039,,fbi_cde_agency_roster,1.0,1.0,overlap,06:statewide_overlap_layer,50.0,3,3,136.0,86.0,0.0,50.0,same_ori7_different_counts,T1_same_ori7_multiple_ori9
MA01355,MA0135500,MA,25,2024,1.0,1.0,43.0,3.0,0.0,0.0,0.0,48.0,0|0|0|1|1|43|3,srs_return_a_annual,12.0,7,WENTWORTH INST OF TECH,special_jurisdiction,,025,07000,srs_agency_header,1.0,1.0,overlap,25:statewide_overlap_layer,48.0,2,1,96.0,48.0,48.0,48.0,identical_7_offense_vector,T1_same_ori7_multiple_ori9
MA01355,MA013559E,MA,25,2024,1.0,1.0,43.0,3.0,0.0,0.0,0.0,48.0,0|0|0|1|1|43|3,nibrs_srs_equivalent_annual,12.0,7,BOSTON,special_jurisdiction,0.0,025,,fbi_cde_agency_roster,1.0,1.0,overlap,25:statewide_overlap_layer,48.0,2,1,96.0,48.0,48.0,48.0,identical_7_offense_vector,T1_same_ori7_multiple_ori9
AR06301,AR0630100,AR,05,2024,133.0,91.0,733.0,46.0,0.0,14.0,12.0,1029.0,0|14|12|133|91|733|46,cius_publication_annual,12.0,7,BENTON,local_police,38408.0,125,05290,srs_agency_header,1.0,1.0,exclusive,05:municipal:place:0505290,1029.0,2,2,1073.0,1029.0,44.0,44.0,same_ori7_different_counts,T1_same_ori7_multiple_ori9
AR06301,AR063019E,AR,05,2024,11.0,3.0,27.0,0.0,0.0,3.0,0.0,44.0,0|3|0|11|3|27|0,nibrs_srs_equivalent_annual,12.0,7,,local_police,15861.0,051,,fbi_cde_agency_roster,1.0,1.0,overlap,05:statewide_overlap_layer,44.0,2,2,1073.0,1029.0,44.0,44.0,same_ori7_different_counts,T1_same_ori7_multiple_ori9
CA01299,CA0129900,CA,06,2024,0.0,0.0,0.0,0.0,0.0,0.0,0.0,0.0,0|0|0|0|0|0|0,srs_return_a_annual,0.0,0,HP HUMBOLDT COUNTY,state_law_enforcement,0.0,023,99023,srs_agency_header,1.0,1.0,overlap,06:statewide_overlap_layer,317.7470570781335,3,3,187.0,144.0,0.0,43.0,same_ori7_different_counts,T1_same_ori7_multiple_ori9
CA01299,CA0129925,CA,06,2024,1.0,1.0,42.0,100.0,0.0,0.0,0.0,144.0,0|0|0|1|1|42|100,nibrs_srs_equivalent_annual,12.0,7,HIGHWAY PATROL HUMBOLDT AREA OFFICE,state_law_enforcement,0.0,023,,fbi_cde_agency_roster,1.0,1.0,overlap,06:statewide_overlap_layer,144.0,3,3,187.0,144.0,0.0,43.0,same_ori7_different_counts,T1_same_ori7_multiple_ori9
CA01299,CA0129926,CA,06,2024,0.0,1.0,9.0,33.0,0.0,0.0,0.0,43.0,0|0|0|0|1|9|33,nibrs_srs_equivalent_annual,12.0,7,HIGHWAY PATROL GARBERVILLE AREA OFFICE,state_law_enforcement,0.0,023,,fbi_cde_agency_roster,1.0,1.0,overlap,06:statewide_overlap_layer,43.0,3,3,187.0,144.0,0.0,43.0,same_ori7_different_counts,T1_same_ori7_multiple_ori9
CA01001,CA0100100,CA,06,2024,227.0,188.0,1714.0,223.0,2.0,38.0,45.0,2437.0,2|38|45|227|188|1714|223,cius_publication_annual,12.0,7,CLOVIS,local_police,127560.0,019,14218,srs_agency_header,1.0,1.0,exclusive,06:municipal:place:0614218,2437.0,2,2,2479.0,2437.0,42.0,42.0,same_ori7_different_counts,T1_same_ori7_multiple_ori9
CA01001,CA010015M,CA,06,2024,19.0,0.0,15.0,0.0,0.0,8.0,0.0,42.0,0|8|0|19|0|15|0,nibrs_srs_equivalent_annual,12.0,7,COALINGA STATE HOSPITAL,unknown,0.0,019,,fbi_cde_agency_roster,1.0,1.0,overlap,06:statewide_overlap_layer,42.0,2,2,2479.0,2437.0,42.0,42.0,same_ori7_different_counts,T1_same_ori7_multiple_ori9
MI63187,MI6318700,MI,26,2024,5.0,3.0,29.0,3.0,0.0,1.0,0.0,41.0,0|1|0|5|3|29|3,srs_return_a_annual,12.0,7,OAKLAND TOWNSHIP,unknown,,,,,1.0,1.0,overlap,26:statewide_overlap_layer,41.0,2,1,82.0,41.0,41.0,41.0,identical_7_offense_vector,T1_same_ori7_multiple_ori9
MI63187,MI631870X,MI,26,2024,5.0,3.0,29.0,3.0,0.0,1.0,0.0,41.0,0|1|0|5|3|29|3,nibrs_srs_equivalent_annual,12.0,7,,local_police,20328.0,125,,fbi_cde_agency_roster,1.0,1.0,exclusive,26:municipal:cousub:2612559820,41.0,2,1,82.0,41.0,41.0,41.0,identical_7_offense_vector,T1_same_ori7_multiple_ori9
NH00501,NH0050100,NH,33,2024,14.0,1.0,11.0,3.0,1.0,8.0,0.0,38.0,1|8|0|14|1|11|3,srs_return_a_annual,12.0,7,SP GRAFTON COUNTY,state_law_enforcement,,009,99009,srs_agency_header,1.0,1.0,overlap,33:statewide_overlap_layer,38.0,2,1,76.0,38.0,38.0,38.0,identical_7_offense_vector,T1_same_ori7_multiple_ori9
NH00501,NH005010X,NH,33,2024,14.0,1.0,11.0,3.0,1.0,8.0,0.0,38.0,1|8|0|14|1|11|3,nibrs_srs_equivalent_annual,12.0,7,CONCORD,state_law_enforcement,11292.0,009,,fbi_cde_agency_roster,1.0,1.0,overlap,33:statewide_overlap_layer,38.0,2,1,76.0,38.0,38.0,38.0,identical_7_offense_vector,T1_same_ori7_multiple_ori9
CA02499,CA0249900,CA,06,2024,0.0,0.0,0.0,0.0,0.0,0.0,0.0,0.0,0|0|0|0|0|0|0,srs_return_a_annual,0.0,0,HP MERCED COUNTY,state_law_enforcement,0.0,047,46898,srs_agency_header,1.0,1.0,overlap,06:statewide_overlap_layer,439.85833851169895,3,3,106.0,70.0,0.0,36.0,same_ori7_different_counts,T1_same_ori7_multiple_ori9
CA02499,CA0249960,CA,06,2024,0.0,0.0,13.0,57.0,0.0,0.0,0.0,70.0,0|0|0|0|0|13|57,nibrs_srs_equivalent_annual,12.0,7,HIGHWAY PATROL MERCED AREA OFFICE,state_law_enforcement,0.0,047,,fbi_cde_agency_roster,1.0,1.0,overlap,06:statewide_overlap_layer,70.0,3,3,106.0,70.0,0.0,36.0,same_ori7_different_counts,T1_same_ori7_multiple_ori9
CA02499,CA0249961,CA,06,2024,3.0,0.0,9.0,24.0,0.0,0.0,0.0,36.0,0|0|0|3|0|9|24,nibrs_srs_equivalent_annual,12.0,7,HIGHWAY PATROL LOS BANOS AREA OFFICE,state_law_enforcement,0.0,047,,fbi_cde_agency_roster,1.0,1.0,overlap,06:statewide_overlap_layer,36.0,3,3,106.0,70.0,0.0,36.0,same_ori7_different_counts,T1_same_ori7_multiple_ori9
MI63181,MI6318100,MI,26,2024,8.0,5.0,16.0,5.0,0.0,2.0,0.0,36.0,0|2|0|8|5|16|5,srs_return_a_annual,12.0,7,BRANDON TOWNSHIP,unknown,,,,,1.0,1.0,overlap,26:statewide_overlap_layer,36.0,2,1,72.0,36.0,36.0,36.0,identical_7_offense_vector,T1_same_ori7_multiple_ori9
MI63181,MI631810X,MI,26,2024,8.0,5.0,16.0,5.0,0.0,2.0,0.0,36.0,0|2|0|8|5|16|5,nibrs_srs_equivalent_annual,12.0,7,,local_police,16161.0,125,,fbi_cde_agency_roster,1.0,1.0,exclusive,26:state_nonmunicipal_remainder,36.0,2,1,72.0,36.0,36.0,36.0,identical_7_offense_vector,T1_same_ori7_multiple_ori9
NH00701,NH0070100,NH,33,2024,8.0,2.0,22.0,2.0,0.0,1.0,0.0,35.0,0|1|0|8|2|22|2,srs_return_a_annual,12.0,7,SP MERRIMACK COUNTY,state_law_enforcement,,013,99013,srs_agency_header,1.0,1.0,overlap,33:statewide_overlap_layer,35.0,2,1,70.0,35.0,35.0,35.0,identical_7_offense_vector,T1_same_ori7_multiple_ori9
NH00701,NH007010X,NH,33,2024,8.0,2.0,22.0,2.0,0.0,1.0,0.0,35.0,0|1|0|8|2|22|2,nibrs_srs_equivalent_annual,12.0,7,CONCORD,state_law_enforcement,6979.0,013,,fbi_cde_agency_roster,1.0,1.0,overlap,33:statewide_overlap_layer,35.0,2,1,70.0,35.0,35.0,35.0,identical_7_offense_vector,T1_same_ori7_multiple_ori9
CA03799,CA0379900,CA,06,2024,0.0,0.0,0.0,0.0,0.0,0.0,0.0,0.0,0|0|0|0|0|0|0,srs_return_a_annual,0.0,0,HP SAN DIEGO COUNTY,state_law_enforcement,0.0,073,66000,srs_agency_header,1.0,1.0,overlap,06:statewide_overlap_layer,179.75475661918574,5,5,73.0,39.0,0.0,34.0,same_ori7_different_counts,T1_same_ori7_multiple_ori9
CA03799,CA0379908,CA,06,2024,0.0,0.0,0.0,27.0,0.0,0.0,0.0,27.0,0|0|0|0|0|0|27,nibrs_srs_equivalent_annual,12.0,7,,state_law_enforcement,0.0,073,,fbi_cde_agency_roster,1.0,1.0,overlap,06:statewide_overlap_layer,27.0,5,5,73.0,39.0,0.0,34.0,same_ori7_different_counts,T1_same_ori7_multiple_ori9
CA03799,CA0379945,CA,06,2024,0.0,0.0,1.0,3.0,0.0,0.0,0.0,4.0,0|0|0|0|0|1|3,nibrs_srs_equivalent_annual,12.0,7,HIGHWAY PATROL SAN DIEGO AREA OFFICE,state_law_enforcement,0.0,073,,fbi_cde_agency_roster,1.0,1.0,overlap,06:statewide_overlap_layer,4.0,5,5,73.0,39.0,0.0,34.0,same_ori7_different_counts,T1_same_ori7_multiple_ori9
CA03799,CA0379950,CA,06,2024,12.0,0.0,3.0,23.0,0.0,1.0,0.0,39.0,0|1|0|12|0|3|23,nibrs_srs_equivalent_annual,12.0,7,HIGHWAY PATROL OCEANSIDE AREA OFFICE,state_law_enforcement,0.0,073,,fbi_cde_agency_roster,1.0,1.0,overlap,06:statewide_overlap_layer,39.0,5,5,73.0,39.0,0.0,34.0,same_ori7_different_counts,T1_same_ori7_multiple_ori9
CA03799,CA0379980,CA,06,2024,2.0,0.0,0.0,1.0,0.0,0.0,0.0,3.0,0|0|0|2|0|0|1,nibrs_srs_equivalent_annual,12.0,7,HIGHWAY PATROL EL CAJON AREA OFFICE,state_law_enforcement,0.0,073,,fbi_cde_agency_roster,1.0,1.0,overlap,06:statewide_overlap_layer,3.0,5,5,73.0,39.0,0.0,34.0,same_ori7_different_counts,T1_same_ori7_multiple_ori9
MA00964,MA0096400,MA,25,2024,0.0,1.0,31.0,0.0,0.0,2.0,0.0,34.0,0|2|0|0|1|31|0,srs_return_a_annual,11.0,0,TUFTS UNIVERSITY MEDFORD,special_jurisdiction,,017,39835,srs_agency_header,1.0,1.0,overlap,25:statewide_overlap_layer,38.89490703935574,2,1,68.0,34.0,34.0,34.0,identical_7_offense_vector,T1_same_ori7_multiple_ori9
MA00964,MA009649E,MA,25,2024,0.0,1.0,31.0,0.0,0.0,2.0,0.0,34.0,0|2|0|0|1|31|0,nibrs_srs_equivalent_annual,12.0,7,MEDFORD,special_jurisdiction,0.0,017,,fbi_cde_agency_roster,1.0,1.0,overlap,25:statewide_overlap_layer,34.0,2,1,68.0,34.0,34.0,34.0,identical_7_offense_vector,T1_same_ori7_multiple_ori9
MA01130,MA0113000,MA,25,2024,1.0,2.0,30.0,0.0,0.0,1.0,0.0,34.0,0|1|0|1|2|30|0,srs_return_a_annual,7.0,0,BABSON COLLEGE,unknown,,021,,leaic_crosswalk,1.0,1.0,overlap,25:statewide_overlap_layer,58.28571428571428,2,1,68.0,34.0,34.0,34.0,identical_7_offense_vector,T1_same_ori7_multiple_ori9
MA01130,MA011309E,MA,25,2024,1.0,2.0,30.0,0.0,0.0,1.0,0.0,34.0,0|1|0|1|2|30|0,nibrs_srs_equivalent_annual,12.0,7,WELLESLEY,special_jurisdiction,0.0,021,,fbi_cde_agency_roster,1.0,1.0,overlap,25:statewide_overlap_layer,34.0,2,1,68.0,34.0,34.0,34.0,identical_7_offense_vector,T1_same_ori7_multiple_ori9
TX10176,TX1017600,TX,48,2024,0.0,1.0,32.0,1.0,0.0,0.0,0.0,34.0,0|0|0|0|1|32|1,srs_return_a_annual,10.0,0,ST THOMAS UNIVERSITY,special_jurisdiction,,201,35000,srs_agency_header,1.0,1.0,overlap,48:statewide_overlap_layer,40.800000000000004,2,1,68.0,34.0,34.0,34.0,identical_7_offense_vector,T1_same_ori7_multiple_ori9
TX10176,TX101769E,TX,48,2024,0.0,1.0,32.0,1.0,0.0,0.0,0.0,34.0,0|0|0|0|1|32|1,nibrs_srs_equivalent_annual,12.0,7,HOUSTON,special_jurisdiction,0.0,201,,fbi_cde_agency_roster,1.0,1.0,overlap,48:statewide_overlap_layer,34.0,2,1,68.0,34.0,34.0,34.0,identical_7_offense_vector,T1_same_ori7_multiple_ori9
TX22002,TX2200200,TX,48,2024,23.0,33.0,191.0,22.0,1.0,8.0,3.0,281.0,1|8|3|23|33|191|22,cius_publication_annual,12.0,7,AZLE,local_police,14961.0,439,05168,srs_agency_header,1.0,1.0,exclusive,48:municipal:place:4805168,281.0,2,2,314.0,281.0,33.0,33.0,same_ori7_different_counts,T1_same_ori7_multiple_ori9
TX22002,TX220029E,TX,48,2024,0.0,9.0,22.0,2.0,0.0,0.0,0.0,33.0,0|0|0|0|9|22|2,nibrs_srs_equivalent_annual,12.0,7,SOUTHWESTERN BAPTIST THEOLOGICAL SEMINARY,special_jurisdiction,0.0,439,,fbi_cde_agency_roster,1.0,1.0,overlap,48:statewide_overlap_layer,33.0,2,2,314.0,281.0,33.0,33.0,same_ori7_different_counts,T1_same_ori7_multiple_ori9
CA04001,CA0400100,CA,06,2024,28.0,29.0,94.0,14.0,2.0,2.0,4.0,173.0,2|2|4|28|29|94|14,cius_publication_annual,12.0,7,ARROYO GRANDE,local_police,18492.0,079,02868,srs_agency_header,1.0,1.0,exclusive,06:municipal:place:0602868,173.0,2,2,203.0,173.0,30.0,30.0,same_ori7_different_counts,T1_same_ori7_multiple_ori9
CA04001,CA040015M,CA,06,2024,16.0,0.0,4.0,0.0,0.0,10.0,0.0,30.0,0|10|0|16|0|4|0,nibrs_srs_equivalent_annual,12.0,7,ATASCADERO STATE HOSPITAL,unknown,0.0,079,,fbi_cde_agency_roster,1.0,1.0,overlap,06:statewide_overlap_layer,30.0,2,2,203.0,173.0,30.0,30.0,same_ori7_different_counts,T1_same_ori7_multiple_ori9
NM03210,NM0321000,NM,35,2024,5.0,8.0,11.0,6.0,0.0,0.0,0.0,30.0,0|0|0|5|8|11|6,srs_return_a_annual,12.0,7,PERALTA,local_police,,061,56180,srs_agency_header,1.0,1.0,exclusive,35:municipal:place:3556180,30.0,2,1,60.0,30.0,30.0,30.0,identical_7_offense_vector,T1_same_ori7_multiple_ori9
NM03210,NM032100X,NM,35,2024,5.0,8.0,11.0,6.0,0.0,0.0,0.0,30.0,0|0|0|5|8|11|6,nibrs_srs_equivalent_annual,12.0,7,PERALTA,local_police,3631.0,061,,fbi_cde_agency_roster,1.0,1.0,exclusive,35:municipal:place:3556180,30.0,2,1,60.0,30.0,30.0,30.0,identical_7_offense_vector,T1_same_ori7_multiple_ori9
TX01534,TX0153400,TX,48,2024,0.0,0.0,26.0,2.0,0.0,2.0,0.0,30.0,0|2|0|0|0|26|2,cius_publication_annual,12.0,7,ST MARY S UNIVERSITY,special_jurisdiction,,029,65000,srs_agency_header,1.0,1.0,overlap,48:statewide_overlap_layer,30.0,2,2,61.0,31.0,30.0,30.0,near_identical_total_ge_085,T1_same_ori7_multiple_ori9
TX01534,TX015349E,TX,48,2024,0.0,0.0,26.0,3.0,0.0,2.0,0.0,31.0,0|2|0|0|0|26|3,nibrs_srs_equivalent_annual,12.0,7,SAN ANTONIO,special_jurisdiction,0.0,029,,fbi_cde_agency_roster,1.0,1.0,overlap,48:statewide_overlap_layer,31.0,2,2,61.0,31.0,30.0,30.0,near_identical_total_ge_085,T1_same_ori7_multiple_ori9
CA01599,CA0159900,CA,06,2024,0.0,0.0,0.0,0.0,0.0,0.0,0.0,0.0,0|0|0|0|0|0|0,srs_return_a_annual,0.0,0,HP KERN COUNTY,state_law_enforcement,0.0,029,03526,srs_agency_header,1.0,1.0,overlap,06:statewide_overlap_layer,248.77939329029329,4,4,232.0,203.0,0.0,29.0,same_ori7_different_counts,T1_same_ori7_multiple_ori9
CA01599,CA0159920,CA,06,2024,5.0,0.0,48.0,150.0,0.0,0.0,0.0,203.0,0|0|0|5|0|48|150,nibrs_srs_equivalent_annual,12.0,7,HIGHWAY PATROL BAKERSFIELD AREA OFFICE,state_law_enforcement,0.0,029,,fbi_cde_agency_roster,1.0,1.0,overlap,06:statewide_overlap_layer,203.0,4,4,232.0,203.0,0.0,29.0,same_ori7_different_counts,T1_same_ori7_multiple_ori9
CA01599,CA0159926,CA,06,2024,0.0,0.0,0.0,20.0,0.0,0.0,0.0,20.0,0|0|0|0|0|0|20,nibrs_srs_equivalent_annual,12.0,7,HIGHWAY PATROL BUTTONWILLOW AREA OFFICE,state_law_enforcement,0.0,029,,fbi_cde_agency_roster,1.0,1.0,overlap,06:statewide_overlap_layer,20.0,4,4,232.0,203.0,0.0,29.0,same_ori7_different_counts,T1_same_ori7_multiple_ori9
CA01599,CA0159960,CA,06,2024,0.0,0.0,1.0,8.0,0.0,0.0,0.0,9.0,0|0|0|0|0|1|8,nibrs_srs_equivalent_annual,12.0,7,HIGHWAY PATROL FORT TEJON AREA OFFICE,state_law_enforcement,0.0,029,,fbi_cde_agency_roster,1.0,1.0,overlap,06:statewide_overlap_layer,9.0,4,4,232.0,203.0,0.0,29.0,same_ori7_different_counts,T1_same_ori7_multiple_ori9
TX01531,TX0153100,TX,48,2024,0.0,4.0,23.0,1.0,0.0,0.0,0.0,28.0,0|0|0|0|4|23|1,cius_publication_annual,12.0,7,TRINITY UNIVERSITY,special_jurisdiction,,029,65000,srs_agency_header,1.0,1.0,overlap,48:statewide_overlap_layer,28.0,2,1,56.0,28.0,28.0,28.0,identical_7_offense_vector,T1_same_ori7_multiple_ori9
TX01531,TX015319E,TX,48,2024,0.0,4.0,23.0,1.0,0.0,0.0,0.0,28.0,0|0|0|0|4|23|1,nibrs_srs_equivalent_annual,12.0,7,SAN ANTONIO,special_jurisdiction,0.0,029,,fbi_cde_agency_roster,1.0,1.0,overlap,48:statewide_overlap_layer,28.0,2,1,56.0,28.0,28.0,28.0,identical_7_offense_vector,T1_same_ori7_multiple_ori9
IN04939,IN0493900,IN,18,2024,0.0,0.0,22.0,5.0,0.0,0.0,0.0,27.0,0|0|0|0|0|22|5,srs_return_a_annual,11.0,0,UNIVERSITY OF INDIANAPOL,unknown,,,,,1.0,1.0,overlap,18:statewide_overlap_layer,36.191405218686015,2,1,54.0,27.0,27.0,27.0,identical_7_offense_vector,T1_same_ori7_multiple_ori9
IN04939,IN049399E,IN,18,2024,0.0,0.0,22.0,5.0,0.0,0.0,0.0,27.0,0|0|0|0|0|22|5,nibrs_srs_equivalent_annual,12.0,7,,special_jurisdiction,0.0,097,,fbi_cde_agency_roster,1.0,1.0,overlap,18:statewide_overlap_layer,27.0,2,1,54.0,27.0,27.0,27.0,identical_7_offense_vector,T1_same_ori7_multiple_ori9
MA00828,MA0082800,MA,25,2024,2.0,0.0,19.0,1.0,0.0,2.0,1.0,25.0,0|2|1|2|0|19|1,cius_publication_annual,12.0,7,AMHERST COLLEGE,special_jurisdiction,,015,01325,srs_agency_header,1.0,1.0,overlap,25:statewide_overlap_layer,25.0,2,1,50.0,25.0,25.0,25.0,identical_7_offense_vector,T1_same_ori7_multiple_ori9
MA00828,MA008289E,MA,25,2024,2.0,0.0,19.0,1.0,0.0,2.0,1.0,25.0,0|2|1|2|0|19|1,nibrs_srs_equivalent_annual,12.0,7,AMHERST,special_jurisdiction,0.0,015,,fbi_cde_agency_roster,1.0,1.0,overlap,25:statewide_overlap_layer,25.0,2,1,50.0,25.0,25.0,25.0,identical_7_offense_vector,T1_same_ori7_multiple_ori9
NH00301,NH0030100,NH,33,2024,7.0,3.0,9.0,4.0,1.0,0.0,1.0,25.0,1|0|1|7|3|9|4,srs_return_a_annual,12.0,7,SP CHESHIRE COUNTY,state_law_enforcement,,005,99005,srs_agency_header,1.0,1.0,overlap,33:statewide_overlap_layer,25.0,2,1,50.0,25.0,25.0,25.0,identical_7_offense_vector,T1_same_ori7_multiple_ori9
NH00301,NH003010X,NH,33,2024,7.0,3.0,9.0,4.0,1.0,0.0,1.0,25.0,1|0|1|7|3|9|4,nibrs_srs_equivalent_annual,12.0,7,CONCORD,state_law_enforcement,9368.0,005,,fbi_cde_agency_roster,1.0,1.0,overlap,33:statewide_overlap_layer,25.0,2,1,50.0,25.0,25.0,25.0,identical_7_offense_vector,T1_same_ori7_multiple_ori9
SC04216,SC0421600,SC,45,2024,0.0,2.0,18.0,1.0,0.0,1.0,0.0,22.0,0|1|0|0|2|18|1,srs_return_a_annual,10.0,0,SPARTANBURG METHODIST CO,special_jurisdiction,,083,99083,srs_agency_header,1.0,1.0,overlap,45:statewide_overlap_layer,26.399999999999995,2,1,44.0,22.0,22.0,22.0,identical_7_offense_vector,T1_same_ori7_multiple_ori9
SC04216,SC042169E,SC,45,2024,0.0,2.0,18.0,1.0,0.0,1.0,0.0,22.0,0|1|0|0|2|18|1,nibrs_srs_equivalent_annual,12.0,7,SPARTANBURG,special_jurisdiction,0.0,083,,fbi_cde_agency_roster,1.0,1.0,overlap,45:statewide_overlap_layer,22.0,2,1,44.0,22.0,22.0,22.0,identical_7_offense_vector,T1_same_ori7_multiple_ori9
SD01399,SD0139900,SD,46,2024,0.0,2.0,18.0,0.0,0.0,2.0,0.0,22.0,0|2|0|0|2|18|0,srs_return_a_annual,10.0,0,UNIVERSITY OF SOUTH DAKO,unknown,,,,,1.0,1.0,overlap,46:statewide_overlap_layer,26.399999999999995,2,1,44.0,22.0,22.0,22.0,identical_7_offense_vector,T1_same_ori7_multiple_ori9
SD01399,SD013990X,SD,46,2024,0.0,2.0,18.0,0.0,0.0,2.0,0.0,22.0,0|2|0|0|2|18|0,nibrs_srs_equivalent_annual,12.0,7,,special_jurisdiction,0.0,027,,fbi_cde_agency_roster,1.0,1.0,overlap,46:statewide_overlap_layer,22.0,2,1,44.0,22.0,22.0,22.0,identical_7_offense_vector,T1_same_ori7_multiple_ori9
MA01140,MA0114000,MA,25,2024,4.0,0.0,17.0,0.0,0.0,0.0,0.0,21.0,0|0|0|4|0|17|0,srs_return_a_annual,8.0,0,CURRY COLLEGE,unknown,,,,,1.0,1.0,overlap,25:statewide_overlap_layer,31.5,2,1,42.0,21.0,21.0,21.0,identical_7_offense_vector,T1_same_ori7_multiple_ori9
MA01140,MA011409E,MA,25,2024,4.0,0.0,17.0,0.0,0.0,0.0,0.0,21.0,0|0|0|4|0|17|0,nibrs_srs_equivalent_annual,12.0,7,MILTON,special_jurisdiction,0.0,021,,fbi_cde_agency_roster,1.0,1.0,overlap,25:statewide_overlap_layer,21.0,2,1,42.0,21.0,21.0,21.0,identical_7_offense_vector,T1_same_ori7_multiple_ori9
NH00401,NH0040100,NH,33,2024,2.0,4.0,9.0,4.0,1.0,1.0,0.0,21.0,1|1|0|2|4|9|4,srs_return_a_annual,11.0,0,SP COOS COUNTY,state_law_enforcement,,007,99007,srs_agency_header,1.0,1.0,overlap,33:statewide_overlap_layer,22.909090909090907,2,1,42.0,21.0,21.0,21.0,identical_7_offense_vector,T1_same_ori7_multiple_ori9
NH00401,NH004010X,NH,33,2024,2.0,4.0,9.0,4.0,1.0,1.0,0.0,21.0,1|1|0|2|4|9|4,nibrs_srs_equivalent_annual,12.0,7,CONCORD,state_law_enforcement,7847.0,007,,fbi_cde_agency_roster,1.0,1.0,overlap,33:statewide_overlap_layer,21.0,2,1,42.0,21.0,21.0,21.0,identical_7_offense_vector,T1_same_ori7_multiple_ori9
CA04399,CA0439900,CA,06,2024,0.0,0.0,0.0,0.0,0.0,0.0,0.0,0.0,0|0|0|0|0|0|0,srs_return_a_annual,0.0,0,HP SANTA CLARA COUNTY,state_law_enforcement,0.0,085,68000,srs_agency_header,1.0,1.0,overlap,06:statewide_overlap_layer,88.2151328035369,3,3,58.0,38.0,0.0,20.0,same_ori7_different_counts,T1_same_ori7_multiple_ori9
CA04399,CA0439925,CA,06,2024,0.0,0.0,1.0,19.0,0.0,0.0,0.0,20.0,0|0|0|0|0|1|19,nibrs_srs_equivalent_annual,12.0,7,HIGHWAY PATROL HOLLISTER GILROY AREA OFFICE,state_law_enforcement,0.0,085,,fbi_cde_agency_roster,1.0,1.0,overlap,06:statewide_overlap_layer,20.0,3,3,58.0,38.0,0.0,20.0,same_ori7_different_counts,T1_same_ori7_multiple_ori9
CA04399,CA0439940,CA,06,2024,0.0,0.0,12.0,26.0,0.0,0.0,0.0,38.0,0|0|0|0|0|12|26,nibrs_srs_equivalent_annual,12.0,7,HIGHWAY PATROL SAN JOSE AREA OFFICE,state_law_enforcement,0.0,085,,fbi_cde_agency_roster,1.0,1.0,overlap,06:statewide_overlap_layer,38.0,3,3,58.0,38.0,0.0,20.0,same_ori7_different_counts,T1_same_ori7_multiple_ori9
MA01470,MA0147000,MA,25,2024,1.0,5.0,13.0,0.0,0.0,1.0,0.0,20.0,0|1|0|1|5|13|0,cius_publication_annual,12.0,7,ASSUMPTION COLLEGE,special_jurisdiction,,027,82000,srs_agency_header,1.0,1.0,overlap,25:statewide_overlap_layer,20.0,2,1,40.0,20.0,20.0,20.0,identical_7_offense_vector,T1_same_ori7_multiple_ori9
MA01470,MA014709E,MA,25,2024,1.0,5.0,13.0,0.0,0.0,1.0,0.0,20.0,0|1|0|1|5|13|0,nibrs_srs_equivalent_annual,12.0,7,WORCESTER,special_jurisdiction,0.0,027,,fbi_cde_agency_roster,1.0,1.0,overlap,25:statewide_overlap_layer,20.0,2,1,40.0,20.0,20.0,20.0,identical_7_offense_vector,T1_same_ori7_multiple_ori9
NH01001,NH0100100,NH,33,2024,8.0,1.0,10.0,1.0,0.0,0.0,0.0,20.0,0|0|0|8|1|10|1,srs_return_a_annual,10.0,0,SP SULLIVAN COUNTY,state_law_enforcement,,019,99019,srs_agency_header,1.0,1.0,overlap,33:statewide_overlap_layer,24.39830508474576,2,1,40.0,20.0,20.0,20.0,identical_7_offense_vector,T1_same_ori7_multiple_ori9
NH01001,NH010010X,NH,33,2024,8.0,1.0,10.0,1.0,0.0,0.0,0.0,20.0,0|0|0|8|1|10|1,nibrs_srs_equivalent_annual,12.0,7,CONCORD,state_law_enforcement,2761.0,019,,fbi_cde_agency_roster,1.0,1.0,overlap,33:statewide_overlap_layer,20.0,2,1,40.0,20.0,20.0,20.0,identical_7_offense_vector,T1_same_ori7_multiple_ori9
MA01465,MA0146500,MA,25,2024,0.0,2.0,16.0,0.0,0.0,1.0,0.0,19.0,0|1|0|0|2|16|0,srs_return_a_annual,10.0,0,COL OF THE HOLY CROSS,unknown,,,,,1.0,1.0,overlap,25:statewide_overlap_layer,22.799999999999997,2,1,38.0,19.0,19.0,19.0,identical_7_offense_vector,T1_same_ori7_multiple_ori9
MA01465,MA014659E,MA,25,2024,0.0,2.0,16.0,0.0,0.0,1.0,0.0,19.0,0|1|0|0|2|16|0,nibrs_srs_equivalent_annual,12.0,7,WORCESTER,special_jurisdiction,0.0,027,,fbi_cde_agency_roster,1.0,1.0,overlap,25:statewide_overlap_layer,19.0,2,1,38.0,19.0,19.0,19.0,identical_7_offense_vector,T1_same_ori7_multiple_ori9
MA00538,MA0053800,MA,25,2024,3.0,1.0,12.0,0.0,0.0,2.0,0.0,18.0,0|2|0|3|1|12|0,cius_publication_annual,12.0,7,MERRIMACK COLLEGE,special_jurisdiction,,009,46400,srs_agency_header,1.0,1.0,overlap,25:statewide_overlap_layer,18.0,2,1,36.0,18.0,18.0,18.0,identical_7_offense_vector,T1_same_ori7_multiple_ori9
MA00538,MA005389E,MA,25,2024,3.0,1.0,12.0,0.0,0.0,2.0,0.0,18.0,0|2|0|3|1|12|0,nibrs_srs_equivalent_annual,12.0,7,NORTH ANDOVER,special_jurisdiction,0.0,009,,fbi_cde_agency_roster,1.0,1.0,overlap,25:statewide_overlap_layer,18.0,2,1,36.0,18.0,18.0,18.0,identical_7_offense_vector,T1_same_ori7_multiple_ori9
MA00958,MA0095800,MA,25,2024,0.0,1.0,17.0,0.0,0.0,0.0,0.0,18.0,0|0|0|0|1|17|0,cius_publication_annual,12.0,7,BENTLEY UNIVERSITY,special_jurisdiction,,017,72600,srs_agency_header,1.0,1.0,overlap,25:statewide_overlap_layer,18.0,2,1,36.0,18.0,18.0,18.0,identical_7_offense_vector,T1_same_ori7_multiple_ori9
MA00958,MA009589E,MA,25,2024,0.0,1.0,17.0,0.0,0.0,0.0,0.0,18.0,0|0|0|0|1|17|0,nibrs_srs_equivalent_annual,12.0,7,WALTHAM,special_jurisdiction,0.0,017,,fbi_cde_agency_roster,1.0,1.0,overlap,25:statewide_overlap_layer,18.0,2,1,36.0,18.0,18.0,18.0,identical_7_offense_vector,T1_same_ori7_multiple_ori9
MA01468,MA0146800,MA,25,2024,0.0,1.0,16.0,0.0,0.0,1.0,0.0,18.0,0|1|0|0|1|16|0,srs_return_a_annual,8.0,0,CLARK UNIVERSITY,special_jurisdiction,,027,82000,srs_agency_header,1.0,1.0,overlap,25:statewide_overlap_layer,27.0,2,1,36.0,18.0,18.0,18.0,identical_7_offense_vector,T1_same_ori7_multiple_ori9
MA01468,MA014689E,MA,25,2024,0.0,1.0,16.0,0.0,0.0,1.0,0.0,18.0,0|1|0|0|1|16|0,nibrs_srs_equivalent_annual,12.0,7,WORCESTER,special_jurisdiction,0.0,027,,fbi_cde_agency_roster,1.0,1.0,overlap,25:statewide_overlap_layer,18.0,2,1,36.0,18.0,18.0,18.0,identical_7_offense_vector,T1_same_ori7_multiple_ori9
GA05706,GA0570600,GA,13,2024,0.0,0.0,17.0,0.0,0.0,0.0,0.0,17.0,0|0|0|0|0|17|0,srs_return_a_annual,10.0,0,BERRY COLLEGE,special_jurisdiction,,115,53312,srs_agency_header,1.0,1.0,overlap,13:statewide_overlap_layer,26.08825126017836,2,1,34.0,17.0,17.0,17.0,identical_7_offense_vector,T1_same_ori7_multiple_ori9
GA05706,GA057069E,GA,13,2024,0.0,0.0,17.0,0.0,0.0,0.0,0.0,17.0,0|0|0|0|0|17|0,nibrs_srs_equivalent_annual,12.0,7,MOUNT BERRY,special_jurisdiction,0.0,115,,fbi_cde_agency_roster,1.0,1.0,overlap,13:statewide_overlap_layer,17.0,2,1,34.0,17.0,17.0,17.0,identical_7_offense_vector,T1_same_ori7_multiple_ori9
MA01351,MA0135100,MA,25,2024,0.0,12.0,4.0,0.0,0.0,0.0,0.0,16.0,0|0|0|0|12|4|0,srs_return_a_annual,7.0,0,SIMMONS COLLEGE,unknown,,,,,1.0,1.0,overlap,25:statewide_overlap_layer,27.428571428571427,2,1,32.0,16.0,16.0,16.0,identical_7_offense_vector,T1_same_ori7_multiple_ori9
MA01351,MA013519E,MA,25,2024,0.0,12.0,4.0,0.0,0.0,0.0,0.0,16.0,0|0|0|0|12|4|0,nibrs_srs_equivalent_annual,12.0,7,BOSTON,special_jurisdiction,0.0,025,,fbi_cde_agency_roster,1.0,1.0,overlap,25:statewide_overlap_layer,16.0,2,1,32.0,16.0,16.0,16.0,identical_7_offense_vector,T1_same_ori7_multiple_ori9
TX22110,TX2211000,TX,48,2024,1.0,4.0,11.0,0.0,0.0,0.0,0.0,16.0,0|0|0|1|4|11|0,srs_return_a_annual,10.0,0,HARDIN SIMMONS UNIVERSIT,special_jurisdiction,,441,99441,srs_agency_header,1.0,1.0,overlap,48:statewide_overlap_layer,19.921217696265845,2,1,32.0,16.0,16.0,16.0,identical_7_offense_vector,T1_same_ori7_multiple_ori9
TX22110,TX221109E,TX,48,2024,1.0,4.0,11.0,0.0,0.0,0.0,0.0,16.0,0|0|0|1|4|11|0,nibrs_srs_equivalent_annual,12.0,7,ABILENE,special_jurisdiction,0.0,441,,fbi_cde_agency_roster,1.0,1.0,overlap,48:statewide_overlap_layer,16.0,2,1,32.0,16.0,16.0,16.0,identical_7_offense_vector,T1_same_ori7_multiple_ori9
MA00542,MA0054200,MA,25,2024,0.0,0.0,14.0,1.0,0.0,0.0,0.0,15.0,0|0|0|0|0|14|1,srs_return_a_annual,9.0,0,ENDICOTT COLLEGE,unknown,,,,,1.0,1.0,overlap,25:statewide_overlap_layer,22.723626427976278,2,1,30.0,15.0,15.0,15.0,identical_7_offense_vector,T1_same_ori7_multiple_ori9
MA00542,MA005429E,MA,25,2024,0.0,0.0,14.0,1.0,0.0,0.0,0.0,15.0,0|0|0|0|0|14|1,nibrs_srs_equivalent_annual,12.0,7,BEVERLY,special_jurisdiction,0.0,009,,fbi_cde_agency_roster,1.0,1.0,overlap,25:statewide_overlap_layer,15.0,2,1,30.0,15.0,15.0,15.0,identical_7_offense_vector,T1_same_ori7_multiple_ori9
MA00957,MA0095700,MA,25,2024,0.0,1.0,14.0,0.0,0.0,0.0,0.0,15.0,0|0|0|0|1|14|0,srs_return_a_annual,10.0,0,BRANDEIS UNIVERSITY,special_jurisdiction,,017,72600,srs_agency_header,1.0,1.0,overlap,25:statewide_overlap_layer,20.016971566832055,2,1,30.0,15.0,15.0,15.0,identical_7_offense_vector,T1_same_ori7_multiple_ori9
MA00957,MA009579E,MA,25,2024,0.0,1.0,14.0,0.0,0.0,0.0,0.0,15.0,0|0|0|0|1|14|0,nibrs_srs_equivalent_annual,12.0,7,WALTHAM,special_jurisdiction,0.0,017,,fbi_cde_agency_roster,1.0,1.0,overlap,25:statewide_overlap_layer,15.0,2,1,30.0,15.0,15.0,15.0,identical_7_offense_vector,T1_same_ori7_multiple_ori9
CA01099,CA0109900,CA,06,2024,0.0,0.0,0.0,0.0,0.0,0.0,0.0,0.0,0|0|0|0|0|0|0,srs_return_a_annual,0.0,0,HP FRESNO COUNTY,state_law_enforcement,0.0,019,27000,srs_agency_header,1.0,1.0,overlap,06:statewide_overlap_layer,171.34242019736254,6,6,120.0,106.0,0.0,14.0,same_ori7_different_counts,T1_same_ori7_multiple_ori9
CA01099,CA0109901,CA,06,2024,0.0,0.0,0.0,4.0,0.0,0.0,0.0,4.0,0|0|0|0|0|0|4,nibrs_srs_equivalent_annual,12.0,7,,state_law_enforcement,0.0,019,,fbi_cde_agency_roster,1.0,1.0,overlap,06:statewide_overlap_layer,4.0,6,6,120.0,106.0,0.0,14.0,same_ori7_different_counts,T1_same_ori7_multiple_ori9
CA01099,CA0109912,CA,06,2024,0.0,0.0,0.0,3.0,0.0,0.0,0.0,3.0,0|0|0|0|0|0|3,nibrs_srs_equivalent_annual,12.0,7,,state_law_enforcement,0.0,019,,fbi_cde_agency_roster,1.0,1.0,overlap,06:statewide_overlap_layer,3.0,6,6,120.0,106.0,0.0,14.0,same_ori7_different_counts,T1_same_ori7_multiple_ori9
CA01099,CA0109913,CA,06,2024,0.0,0.0,1.0,0.0,0.0,0.0,0.0,1.0,0|0|0|0|0|1|0,nibrs_srs_equivalent_annual,12.0,7,,state_law_enforcement,0.0,019,,fbi_cde_agency_roster,1.0,1.0,overlap,06:statewide_overlap_layer,1.0,6,6,120.0,106.0,0.0,14.0,same_ori7_different_counts,T1_same_ori7_multiple_ori9
CA01099,CA0109935,CA,06,2024,6.0,1.0,36.0,61.0,0.0,0.0,2.0,106.0,0|0|2|6|1|36|61,nibrs_srs_equivalent_annual,12.0,7,HIGHWAY PATROL FRESNO AREA OFFICE,state_law_enforcement,0.0,019,,fbi_cde_agency_roster,1.0,1.0,overlap,06:statewide_overlap_layer,106.0,6,6,120.0,106.0,0.0,14.0,same_ori7_different_counts,T1_same_ori7_multiple_ori9
CA01099,CA0109995,CA,06,2024,0.0,0.0,1.0,5.0,0.0,0.0,0.0,6.0,0|0|0|0|0|1|5,nibrs_srs_equivalent_annual,12.0,7,HIGHWAY PATROL COALINGA AREA OFFICE,state_law_enforcement,0.0,019,,fbi_cde_agency_roster,1.0,1.0,overlap,06:statewide_overlap_layer,6.0,6,6,120.0,106.0,0.0,14.0,same_ori7_different_counts,T1_same_ori7_multiple_ori9
MO07401,MO0740100,MO,29,2024,1.0,0.0,8.0,0.0,0.0,5.0,0.0,14.0,0|5|0|1|0|8|0,srs_return_a_annual,6.0,0,NORTHWEST MO STATE UNIV,special_jurisdiction,,147,46640,srs_agency_header,1.0,1.0,overlap,29:statewide_overlap_layer,28.0,2,1,28.0,14.0,14.0,14.0,identical_7_offense_vector,T1_same_ori7_multiple_ori9
MO07401,MO074015Y,MO,29,2024,1.0,0.0,8.0,0.0,0.0,5.0,0.0,14.0,0|5|0|1|0|8|0,nibrs_srs_equivalent_annual,8.0,7,MARYVILLE,special_jurisdiction,0.0,147,,fbi_cde_agency_roster,1.0,1.0,overlap,29:statewide_overlap_layer,14.0,2,1,28.0,14.0,14.0,14.0,identical_7_offense_vector,T1_same_ori7_multiple_ori9
NH00801,NH0080100,NH,33,2024,7.0,0.0,6.0,1.0,0.0,0.0,0.0,14.0,0|0|0|7|0|6|1,srs_return_a_annual,11.0,0,SP ROCKINGHAM COUNTY,state_law_enforcement,,015,99015,srs_agency_header,1.0,1.0,overlap,33:statewide_overlap_layer,15.272727272727272,2,1,28.0,14.0,14.0,14.0,identical_7_offense_vector,T1_same_ori7_multiple_ori9
NH00801,NH008010X,NH,33,2024,7.0,0.0,6.0,1.0,0.0,0.0,0.0,14.0,0|0|0|7|0|6|1,nibrs_srs_equivalent_annual,12.0,7,CONCORD,state_law_enforcement,0.0,015,,fbi_cde_agency_roster,1.0,1.0,overlap,33:statewide_overlap_layer,14.0,2,1,28.0,14.0,14.0,14.0,identical_7_offense_vector,T1_same_ori7_multiple_ori9
TX22111,TX2211100,TX,48,2024,0.0,0.0,13.0,0.0,0.0,1.0,0.0,14.0,0|1|0|0|0|13|0,srs_return_a_annual,8.0,0,ABILENE CHRISTIAN UNIV,special_jurisdiction,,441,01000,srs_agency_header,1.0,1.0,overlap,48:statewide_overlap_layer,30.794231738138798,2,1,28.0,14.0,14.0,14.0,identical_7_offense_vector,T1_same_ori7_multiple_ori9
TX22111,TX221119E,TX,48,2024,0.0,0.0,13.0,0.0,0.0,1.0,0.0,14.0,0|1|0|0|0|13|0,nibrs_srs_equivalent_annual,12.0,7,ABILENE,special_jurisdiction,0.0,441,,fbi_cde_agency_roster,1.0,1.0,overlap,48:statewide_overlap_layer,14.0,2,1,28.0,14.0,14.0,14.0,identical_7_offense_vector,T1_same_ori7_multiple_ori9
CA00999,CA0099900,CA,06,2024,0.0,0.0,0.0,0.0,0.0,0.0,0.0,0.0,0|0|0|0|0|0|0,srs_return_a_annual,0.0,0,HP EL DORADO COUNTY,state_law_enforcement,0.0,017,57540,srs_agency_header,1.0,1.0,overlap,06:statewide_overlap_layer,117.01693486286061,3,3,149.0,136.0,0.0,13.0,same_ori7_different_counts,T1_same_ori7_multiple_ori9
CA00999,CA0099945,CA,06,2024,0.0,0.0,54.0,82.0,0.0,0.0,0.0,136.0,0|0|0|0|0|54|82,nibrs_srs_equivalent_annual,12.0,7,HIGHWAY PATROL PLACERVILLE AREA OFFICE,state_law_enforcement,0.0,017,,fbi_cde_agency_roster,1.0,1.0,overlap,06:statewide_overlap_layer,136.0,3,3,149.0,136.0,0.0,13.0,same_ori7_different_counts,T1_same_ori7_multiple_ori9
CA00999,CA0099946,CA,06,2024,3.0,0.0,5.0,5.0,0.0,0.0,0.0,13.0,0|0|0|3|0|5|5,nibrs_srs_equivalent_annual,12.0,7,HIGHWAY PATROL SOUTH LAKE TAHOE AREA OFFICE,state_law_enforcement,0.0,017,,fbi_cde_agency_roster,1.0,1.0,overlap,06:statewide_overlap_layer,13.0,3,3,149.0,136.0,0.0,13.0,same_ori7_different_counts,T1_same_ori7_multiple_ori9
NC02608,NC0260800,NC,37,2024,0.0,5.0,5.0,0.0,0.0,3.0,0.0,13.0,0|3|0|0|5|5|0,cius_publication_annual,12.0,7,METHODIST UNIVERSITY,special_jurisdiction,,051,22920,srs_agency_header,1.0,1.0,overlap,37:statewide_overlap_layer,13.0,2,1,26.0,13.0,13.0,13.0,identical_7_offense_vector,T1_same_ori7_multiple_ori9
NC02608,NC026089E,NC,37,2024,0.0,5.0,5.0,0.0,0.0,3.0,0.0,13.0,0|3|0|0|5|5|0,nibrs_srs_equivalent_annual,12.0,7,FAYETTEVILLE,special_jurisdiction,0.0,051,,fbi_cde_agency_roster,1.0,1.0,overlap,37:statewide_overlap_layer,13.0,2,1,26.0,13.0,13.0,13.0,identical_7_offense_vector,T1_same_ori7_multiple_ori9
OK05601,OK0560100,OK,40,2024,19.0,18.0,36.0,8.0,2.0,1.0,0.0,84.0,2|1|0|19|18|36|8,cius_publication_annual,12.0,7,HENRYETTA,local_police,5628.0,111,33750,srs_agency_header,1.0,1.0,exclusive,40:municipal:place:4033750,84.0,2,2,97.0,84.0,13.0,13.0,same_ori7_different_counts,T1_same_ori7_multiple_ori9
OK05601,OK056013C,OK,40,2024,6.0,0.0,7.0,0.0,0.0,0.0,0.0,13.0,0|0|0|6|0|7|0,nibrs_srs_equivalent_annual,12.0,7,,unknown,0.0,111,,fbi_cde_agency_roster,1.0,1.0,overlap,40:statewide_overlap_layer,13.0,2,2,97.0,84.0,13.0,13.0,same_ori7_different_counts,T1_same_ori7_multiple_ori9
TX10161,TX1016100,TX,48,2024,0.0,3.0,9.0,0.0,0.0,1.0,0.0,13.0,0|1|0|0|3|9|0,srs_return_a_annual,8.0,0,HOUSTON BAPTIST UNIV,special_jurisdiction,,201,35000,srs_agency_header,1.0,1.0,overlap,48:statewide_overlap_layer,21.217312653837947,2,1,26.0,13.0,13.0,13.0,identical_7_offense_vector,T1_same_ori7_multiple_ori9
TX10161,TX101619E,TX,48,2024,0.0,3.0,9.0,0.0,0.0,1.0,0.0,13.0,0|1|0|0|3|9|0,nibrs_srs_equivalent_annual,12.0,7,HOUSTON,special_jurisdiction,0.0,201,,fbi_cde_agency_roster,1.0,1.0,overlap,48:statewide_overlap_layer,13.0,2,1,26.0,13.0,13.0,13.0,identical_7_offense_vector,T1_same_ori7_multiple_ori9
CA04799,CA0479900,CA,06,2024,0.0,0.0,0.0,0.0,0.0,0.0,0.0,0.0,0|0|0|0|0|0|0,srs_return_a_annual,0.0,0,HP SISKIYOU COUNTY,state_law_enforcement,0.0,093,86944,srs_agency_header,1.0,1.0,overlap,06:statewide_overlap_layer,47.35524646723707,3,3,28.0,16.0,0.0,12.0,same_ori7_different_counts,T1_same_ori7_multiple_ori9
CA04799,CA0479945,CA,06,2024,1.0,0.0,3.0,12.0,0.0,0.0,0.0,16.0,0|0|0|1|0|3|12,nibrs_srs_equivalent_annual,12.0,7,HIGHWAY PATROL YREKA AREA OFFICE,state_law_enforcement,0.0,093,,fbi_cde_agency_roster,1.0,1.0,overlap,06:statewide_overlap_layer,16.0,3,3,28.0,16.0,0.0,12.0,same_ori7_different_counts,T1_same_ori7_multiple_ori9
CA04799,CA0479946,CA,06,2024,0.0,0.0,3.0,9.0,0.0,0.0,0.0,12.0,0|0|0|0|0|3|9,nibrs_srs_equivalent_annual,12.0,7,HIGHWAY PATROL MOUNT SHASTA AREA OFFICE,state_law_enforcement,0.0,093,,fbi_cde_agency_roster,1.0,1.0,overlap,06:statewide_overlap_layer,12.0,3,3,28.0,16.0,0.0,12.0,same_ori7_different_counts,T1_same_ori7_multiple_ori9
MA00560,MA0056000,MA,25,2024,0.0,0.0,12.0,0.0,0.0,0.0,0.0,12.0,0|0|0|0|0|12|0,srs_return_a_annual,10.0,0,GORDON COLLEGE,unknown,,,,,1.0,1.0,overlap,25:statewide_overlap_layer,15.627336179607349,2,1,24.0,12.0,12.0,12.0,identical_7_offense_vector,T1_same_ori7_multiple_ori9
MA00560,MA005609E,MA,25,2024,0.0,0.0,12.0,0.0,0.0,0.0,0.0,12.0,0|0|0|0|0|12|0,nibrs_srs_equivalent_annual,12.0,7,,special_jurisdiction,0.0,009,,fbi_cde_agency_roster,1.0,1.0,overlap,25:statewide_overlap_layer,12.0,2,1,24.0,12.0,12.0,12.0,identical_7_offense_vector,T1_same_ori7_multiple_ori9
VA06201,VA0620100,VA,51,2024,0.0,3.0,9.0,0.0,0.0,0.0,0.0,12.0,0|0|0|0|3|9|0,cius_publication_annual,12.0,7,WINTERGREEN,unknown,,125,,leaic_crosswalk,1.0,1.0,exclusive,51:municipal:place:5187008,12.0,2,1,24.0,12.0,12.0,12.0,identical_7_offense_vector,T1_same_ori7_multiple_ori9
VA06201,VA062019P,VA,51,2024,0.0,3.0,9.0,0.0,0.0,0.0,0.0,12.0,0|0|0|0|3|9|0,nibrs_srs_equivalent_annual,12.0,7,,local_police,503.0,125,,fbi_cde_agency_roster,1.0,1.0,overlap,51:statewide_overlap_layer,12.0,2,1,24.0,12.0,12.0,12.0,identical_7_offense_vector,T1_same_ori7_multiple_ori9
IL05814,IL0581400,IL,17,2024,0.0,0.0,10.0,0.0,0.0,1.0,0.0,11.0,0|1|0|0|0|10|0,srs_return_a_annual,8.0,0,MILLIKIN UNIVERSITY,unknown,,,,,1.0,1.0,overlap,17:statewide_overlap_layer,18.46108592090914,2,1,22.0,11.0,11.0,11.0,identical_7_offense_vector,T1_same_ori7_multiple_ori9
IL05814,IL058149E,IL,17,2024,0.0,0.0,10.0,0.0,0.0,1.0,0.0,11.0,0|1|0|0|0|10|0,nibrs_srs_equivalent_annual,12.0,7,DECATUR,special_jurisdiction,0.0,115,,fbi_cde_agency_roster,1.0,1.0,overlap,17:statewide_overlap_layer,11.0,2,1,22.0,11.0,11.0,11.0,identical_7_offense_vector,T1_same_ori7_multiple_ori9
MA01101,MA0110100,MA,25,2024,7.0,6.0,68.0,12.0,0.0,1.0,1.0,95.0,0|1|1|7|6|68|12,cius_publication_annual,12.0,7,AVON,local_police,4798.0,021,02935,srs_agency_header,1.0,1.0,exclusive,25:municipal:cousub:2502102935,95.0,2,2,105.0,95.0,10.0,10.0,same_ori7_different_counts,T1_same_ori7_multiple_ori9
MA01101,MA011019E,MA,25,2024,0.0,0.0,10.0,0.0,0.0,0.0,0.0,10.0,0|0|0|0|0|10|0,nibrs_srs_equivalent_annual,12.0,7,WELLESLEY HILLS,special_jurisdiction,0.0,021,,fbi_cde_agency_roster,1.0,1.0,overlap,25:statewide_overlap_layer,10.0,2,2,105.0,95.0,10.0,10.0,same_ori7_different_counts,T1_same_ori7_multiple_ori9
MA01464,MA0146400,MA,25,2024,0.0,1.0,3.0,1.0,0.0,0.0,0.0,5.0,0|0|0|0|1|3|1,srs_return_a_annual,4.0,0,TUFTS UNIVERSITY WORCEST,special_jurisdiction,,017,26395,srs_agency_header,1.0,1.0,overlap,25:statewide_overlap_layer,15.0,3,2,35.0,25.0,5.0,10.0,same_ori7_different_counts,T1_same_ori7_multiple_ori9
MA01464,MA014640X,MA,25,2024,0.0,1.0,3.0,1.0,0.0,0.0,0.0,5.0,0|0|0|0|1|3|1,nibrs_srs_equivalent_annual,12.0,7,GRAFTON,special_jurisdiction,0.0,017,,fbi_cde_agency_roster,1.0,1.0,overlap,25:statewide_overlap_layer,5.0,3,2,35.0,25.0,5.0,10.0,same_ori7_different_counts,T1_same_ori7_multiple_ori9
MA01464,MA014649E,MA,25,2024,2.0,2.0,18.0,1.0,0.0,0.0,2.0,25.0,0|0|2|2|2|18|1,nibrs_srs_equivalent_annual,12.0,7,WORCESTER,special_jurisdiction,0.0,027,,fbi_cde_agency_roster,1.0,1.0,overlap,25:statewide_overlap_layer,25.0,3,2,35.0,25.0,5.0,10.0,same_ori7_different_counts,T1_same_ori7_multiple_ori9
TN01958,TN0195800,TN,47,2024,1.0,0.0,9.0,0.0,0.0,0.0,0.0,10.0,0|0|0|1|0|9|0,srs_return_a_annual,7.0,0,DEPT OF AGRICULTURE AGR,unknown,,,,,1.0,1.0,overlap,47:statewide_overlap_layer,17.142857142857142,2,1,20.0,10.0,10.0,10.0,identical_7_offense_vector,T1_same_ori7_multiple_ori9
TN01958,TN019580X,TN,47,2024,1.0,0.0,9.0,0.0,0.0,0.0,0.0,10.0,0|0|0|1|0|9|0,nibrs_srs_equivalent_annual,12.0,7,,unknown,0.0,037,,fbi_cde_agency_roster,1.0,1.0,overlap,47:statewide_overlap_layer,10.0,2,1,20.0,10.0,10.0,10.0,identical_7_offense_vector,T1_same_ori7_multiple_ori9
CA04099,CA0409900,CA,06,2024,0.0,0.0,0.0,0.0,0.0,0.0,0.0,0.0,0|0|0|0|0|0|0,srs_return_a_annual,0.0,0,HP SAN LUIS OBISPO CNTY,state_law_enforcement,0.0,079,68154,srs_agency_header,1.0,1.0,overlap,06:statewide_overlap_layer,92.9244069014969,4,4,34.0,25.0,0.0,9.0,same_ori7_different_counts,T1_same_ori7_multiple_ori9
CA04099,CA0409901,CA,06,2024,0.0,0.0,0.0,1.0,0.0,0.0,0.0,1.0,0|0|0|0|0|0|1,nibrs_srs_equivalent_annual,12.0,7,,state_law_enforcement,0.0,079,,fbi_cde_agency_roster,1.0,1.0,overlap,06:statewide_overlap_layer,1.0,4,4,34.0,25.0,0.0,9.0,same_ori7_different_counts,T1_same_ori7_multiple_ori9
CA04099,CA0409940,CA,06,2024,6.0,0.0,2.0,17.0,0.0,0.0,0.0,25.0,0|0|0|6|0|2|17,nibrs_srs_equivalent_annual,12.0,7,HIGHWAY PATROL TEMPLETON AREA OFFICE,state_law_enforcement,0.0,079,,fbi_cde_agency_roster,1.0,1.0,overlap,06:statewide_overlap_layer,25.0,4,4,34.0,25.0,0.0,9.0,same_ori7_different_counts,T1_same_ori7_multiple_ori9
CA04099,CA0409945,CA,06,2024,4.0,0.0,2.0,2.0,0.0,0.0,0.0,8.0,0|0|0|4|0|2|2,nibrs_srs_equivalent_annual,12.0,7,HIGHWAY PATROL SAN LUIS OBISPO AREA OFFICE,state_law_enforcement,0.0,079,,fbi_cde_agency_roster,1.0,1.0,overlap,06:statewide_overlap_layer,8.0,4,4,34.0,25.0,0.0,9.0,same_ori7_different_counts,T1_same_ori7_multiple_ori9
MA01339,MA0133900,MA,25,2024,0.0,0.0,9.0,0.0,0.0,0.0,0.0,9.0,0|0|0|0|0|9|0,srs_return_a_annual,6.0,0,TUFTS UNIVERSITY SUFFOLK,special_jurisdiction,,017,07000,srs_agency_header,1.0,1.0,overlap,25:statewide_overlap_layer,18.0,2,1,18.0,9.0,9.0,9.0,identical_7_offense_vector,T1_same_ori7_multiple_ori9
MA01339,MA013390X,MA,25,2024,0.0,0.0,9.0,0.0,0.0,0.0,0.0,9.0,0|0|0|0|0|9|0,nibrs_srs_equivalent_annual,12.0,7,BOSTON,special_jurisdiction,0.0,017,,fbi_cde_agency_roster,1.0,1.0,overlap,25:statewide_overlap_layer,9.0,2,1,18.0,9.0,9.0,9.0,identical_7_offense_vector,T1_same_ori7_multiple_ori9
CA03399,CA0339900,CA,06,2024,0.0,0.0,0.0,0.0,0.0,0.0,0.0,0.0,0|0|0|0|0|0|0,srs_return_a_annual,0.0,0,HP RIVERSIDE COUNTY,state_law_enforcement,0.0,065,62000,srs_agency_header,1.0,1.0,overlap,06:statewide_overlap_layer,79.95303924291434,5,5,18.0,10.0,0.0,8.0,same_ori7_different_counts,T1_same_ori7_multiple_ori9
CA03399,CA0339930,CA,06,2024,1.0,0.0,0.0,3.0,0.0,0.0,0.0,4.0,0|0|0|1|0|0|3,nibrs_srs_equivalent_annual,12.0,7,HIGHWAY PATROL INDIO AREA OFFICE,state_law_enforcement,0.0,065,,fbi_cde_agency_roster,1.0,1.0,overlap,06:statewide_overlap_layer,4.0,5,5,18.0,10.0,0.0,8.0,same_ori7_different_counts,T1_same_ori7_multiple_ori9
CA03399,CA0339940,CA,06,2024,0.0,0.0,0.0,1.0,0.0,0.0,0.0,1.0,0|0|0|0|0|0|1,nibrs_srs_equivalent_annual,12.0,7,HIGHWAY PATROL RIVERSIDE AREA OFFICE,state_law_enforcement,0.0,065,,fbi_cde_agency_roster,1.0,1.0,overlap,06:statewide_overlap_layer,1.0,5,5,18.0,10.0,0.0,8.0,same_ori7_different_counts,T1_same_ori7_multiple_ori9
CA03399,CA0339955,CA,06,2024,2.0,0.0,0.0,1.0,0.0,0.0,0.0,3.0,0|0|0|2|0|0|1,nibrs_srs_equivalent_annual,12.0,7,HIGHWAY PATROL SAN GORGONIO PASS AREA OFFICE,state_law_enforcement,0.0,065,,fbi_cde_agency_roster,1.0,1.0,overlap,06:statewide_overlap_layer,3.0,5,5,18.0,10.0,0.0,8.0,same_ori7_different_counts,T1_same_ori7_multiple_ori9
CA03399,CA0339985,CA,06,2024,3.0,1.0,5.0,1.0,0.0,0.0,0.0,10.0,0|0|0|3|1|5|1,nibrs_srs_equivalent_annual,12.0,7,HIGHWAY PATROL TEMECULA AREA OFFICE,state_law_enforcement,0.0,065,,fbi_cde_agency_roster,1.0,1.0,overlap,06:statewide_overlap_layer,10.0,5,5,18.0,10.0,0.0,8.0,same_ori7_different_counts,T1_same_ori7_multiple_ori9
GA06036,GA0603600,GA,13,2024,0.0,0.0,8.0,0.0,0.0,0.0,0.0,8.0,0|0|0|0|0|8|0,cius_publication_annual,12.0,7,SPELMAN COLLEGE,special_jurisdiction,,121,04000,srs_agency_header,1.0,1.0,overlap,13:statewide_overlap_layer,8.0,2,1,16.0,8.0,8.0,8.0,identical_7_offense_vector,T1_same_ori7_multiple_ori9
GA06036,GA060369E,GA,13,2024,0.0,0.0,8.0,0.0,0.0,0.0,0.0,8.0,0|0|0|0|0|8|0,nibrs_srs_equivalent_annual,12.0,7,ATLANTA,special_jurisdiction,0.0,121,,fbi_cde_agency_roster,1.0,1.0,overlap,13:statewide_overlap_layer,8.0,2,1,16.0,8.0,8.0,8.0,identical_7_offense_vector,T1_same_ori7_multiple_ori9
NH00901,NH0090100,NH,33,2024,7.0,0.0,1.0,0.0,0.0,0.0,0.0,8.0,0|0|0|7|0|1|0,srs_return_a_annual,9.0,0,SP STRAFFORD COUNTY,state_law_enforcement,,017,99017,srs_agency_header,1.0,1.0,overlap,33:statewide_overlap_layer,10.666666666666666,2,1,16.0,8.0,8.0,8.0,identical_7_offense_vector,T1_same_ori7_multiple_ori9
NH00901,NH009010X,NH,33,2024,7.0,0.0,1.0,0.0,0.0,0.0,0.0,8.0,0|0|0|7|0|1|0,nibrs_srs_equivalent_annual,12.0,7,CONCORD,state_law_enforcement,931.0,017,,fbi_cde_agency_roster,1.0,1.0,overlap,33:statewide_overlap_layer,8.0,2,1,16.0,8.0,8.0,8.0,identical_7_offense_vector,T1_same_ori7_multiple_ori9
TN07927,TN0792700,TN,47,2024,0.0,0.0,8.0,0.0,0.0,0.0,0.0,8.0,0|0|0|0|0|8|0,srs_return_a_annual,8.0,0,CHRISTIAN BROTHERS UNIV,special_jurisdiction,,157,48000,srs_agency_header,1.0,1.0,overlap,47:statewide_overlap_layer,12.0,2,1,16.0,8.0,8.0,8.0,identical_7_offense_vector,T1_same_ori7_multiple_ori9
TN07927,TN079279E,TN,47,2024,0.0,0.0,8.0,0.0,0.0,0.0,0.0,8.0,0|0|0|0|0|8|0,nibrs_srs_equivalent_annual,9.0,7,MEMPHIS,special_jurisdiction,0.0,157,,fbi_cde_agency_roster,1.0,1.0,overlap,47:statewide_overlap_layer,8.0,2,1,16.0,8.0,8.0,8.0,identical_7_offense_vector,T1_same_ori7_multiple_ori9
CA04599,CA0459900,CA,06,2024,0.0,0.0,0.0,0.0,0.0,0.0,0.0,0.0,0|0|0|0|0|0|0,srs_return_a_annual,0.0,0,HP SHASTA COUNTY,state_law_enforcement,0.0,089,59920,srs_agency_header,1.0,1.0,overlap,06:statewide_overlap_layer,293.5857136657987,3,3,75.0,68.0,0.0,7.0,same_ori7_different_counts,T1_same_ori7_multiple_ori9
CA04599,CA0459901,CA,06,2024,0.0,0.0,2.0,5.0,0.0,0.0,0.0,7.0,0|0|0|0|0|2|5,nibrs_srs_equivalent_annual,12.0,7,,state_law_enforcement,0.0,089,,fbi_cde_agency_roster,1.0,1.0,overlap,06:statewide_overlap_layer,7.0,3,3,75.0,68.0,0.0,7.0,same_ori7_different_counts,T1_same_ori7_multiple_ori9
CA04599,CA0459935,CA,06,2024,0.0,0.0,5.0,63.0,0.0,0.0,0.0,68.0,0|0|0|0|0|5|63,nibrs_srs_equivalent_annual,12.0,7,HIGHWAY PATROL REDDING AREA OFFICE,state_law_enforcement,0.0,089,,fbi_cde_agency_roster,1.0,1.0,overlap,06:statewide_overlap_layer,68.0,3,3,75.0,68.0,0.0,7.0,same_ori7_different_counts,T1_same_ori7_multiple_ori9
MA00826,MA0082600,MA,25,2024,0.0,0.0,6.0,0.0,0.0,1.0,0.0,7.0,0|1|0|0|0|6|0,cius_publication_annual,12.0,7,SMITH COLLEGE,special_jurisdiction,,015,64110,srs_agency_header,1.0,1.0,overlap,25:statewide_overlap_layer,7.0,2,1,14.0,7.0,7.0,7.0,identical_7_offense_vector,T1_same_ori7_multiple_ori9
MA00826,MA008269E,MA,25,2024,0.0,0.0,6.0,0.0,0.0,1.0,0.0,7.0,0|1|0|0|0|6|0,nibrs_srs_equivalent_annual,12.0,7,SOUTH HADLEY,special_jurisdiction,0.0,015,,fbi_cde_agency_roster,1.0,1.0,overlap,25:statewide_overlap_layer,7.0,2,1,14.0,7.0,7.0,7.0,identical_7_offense_vector,T1_same_ori7_multiple_ori9
MI63182,MI6318200,MI,26,2024,1.0,0.0,5.0,0.0,0.0,1.0,0.0,7.0,0|1|0|1|0|5|0,srs_return_a_annual,6.0,0,CLARKSTON,unknown,,,,,1.0,1.0,overlap,26:statewide_overlap_layer,14.0,2,1,14.0,7.0,7.0,7.0,identical_7_offense_vector,T1_same_ori7_multiple_ori9
MI63182,MI631820X,MI,26,2024,1.0,0.0,5.0,0.0,0.0,1.0,0.0,7.0,0|1|0|1|0|5|0,nibrs_srs_equivalent_annual,12.0,7,,local_police,926.0,125,,fbi_cde_agency_roster,1.0,1.0,exclusive,26:municipal:place:2682450,7.0,2,1,14.0,7.0,7.0,7.0,identical_7_offense_vector,T1_same_ori7_multiple_ori9
CA02799,CA0279900,CA,06,2024,0.0,0.0,0.0,0.0,0.0,0.0,0.0,0.0,0|0|0|0|0|0|0,srs_return_a_annual,0.0,0,HP MONTEREY COUNTY,state_law_enforcement,0.0,053,48872,srs_agency_header,1.0,1.0,overlap,06:statewide_overlap_layer,296.6676043376495,3,3,53.0,47.0,0.0,6.0,same_ori7_different_counts,T1_same_ori7_multiple_ori9
CA02799,CA0279930,CA,06,2024,0.0,0.0,0.0,47.0,0.0,0.0,0.0,47.0,0|0|0|0|0|0|47,nibrs_srs_equivalent_annual,12.0,7,HIGHWAY PATROL MONTEREY AREA OFFICE,state_law_enforcement,0.0,051,,fbi_cde_agency_roster,1.0,1.0,overlap,06:statewide_overlap_layer,47.0,3,3,53.0,47.0,0.0,6.0,same_ori7_different_counts,T1_same_ori7_multiple_ori9
CA02799,CA0279935,CA,06,2024,3.0,0.0,0.0,3.0,0.0,0.0,0.0,6.0,0|0|0|3|0|0|3,nibrs_srs_equivalent_annual,12.0,7,HIGHWAY PATROL KING CITY AREA OFFICE,state_law_enforcement,0.0,051,,fbi_cde_agency_roster,1.0,1.0,overlap,06:statewide_overlap_layer,6.0,3,3,53.0,47.0,0.0,6.0,same_ori7_different_counts,T1_same_ori7_multiple_ori9
DE00215,DE0021500,DE,10,2024,0.0,0.0,6.0,0.0,0.0,0.0,0.0,6.0,0|0|0|0|0|6|0,srs_return_a_annual,8.0,0,AMTRAK POLICE,special_jurisdiction,,003,99003,srs_agency_header,1.0,1.0,overlap,10:statewide_overlap_layer,9.0,2,1,12.0,6.0,6.0,6.0,identical_7_offense_vector,T1_same_ori7_multiple_ori9
DE00215,DE002159E,DE,10,2024,0.0,0.0,6.0,0.0,0.0,0.0,0.0,6.0,0|0|0|0|0|6|0,nibrs_srs_equivalent_annual,12.0,7,WILMINGTON,unknown,0.0,003,,fbi_cde_agency_roster,1.0,1.0,overlap,10:statewide_overlap_layer,6.0,2,1,12.0,6.0,6.0,6.0,identical_7_offense_vector,T1_same_ori7_multiple_ori9
GA04413,GA0441300,GA,13,2024,0.0,1.0,4.0,1.0,0.0,0.0,0.0,6.0,0|0|0|0|1|4|1,cius_publication_annual,12.0,7,AGNES SCOTT COLLEGE,special_jurisdiction,,089,22052,srs_agency_header,1.0,1.0,overlap,13:statewide_overlap_layer,6.0,2,1,12.0,6.0,6.0,6.0,identical_7_offense_vector,T1_same_ori7_multiple_ori9
GA04413,GA044139E,GA,13,2024,0.0,1.0,4.0,1.0,0.0,0.0,0.0,6.0,0|0|0|0|1|4|1,nibrs_srs_equivalent_annual,12.0,7,DECATUR,special_jurisdiction,0.0,089,,fbi_cde_agency_roster,1.0,1.0,overlap,13:statewide_overlap_layer,6.0,2,1,12.0,6.0,6.0,6.0,identical_7_offense_vector,T1_same_ori7_multiple_ori9
MA00322,MA0032200,MA,25,2024,0.0,0.0,5.0,0.0,0.0,1.0,0.0,6.0,0|1|0|0|0|5|0,srs_return_a_annual,7.0,0,STONEHILL COLLEGE,unknown,,,,,1.0,1.0,overlap,25:statewide_overlap_layer,12.352722368641416,2,1,12.0,6.0,6.0,6.0,identical_7_offense_vector,T1_same_ori7_multiple_ori9
MA00322,MA003229E,MA,25,2024,0.0,0.0,5.0,0.0,0.0,1.0,0.0,6.0,0|1|0|0|0|5|0,nibrs_srs_equivalent_annual,12.0,7,NORTH EASTON,special_jurisdiction,0.0,005,,fbi_cde_agency_roster,1.0,1.0,overlap,25:statewide_overlap_layer,6.0,2,1,12.0,6.0,6.0,6.0,identical_7_offense_vector,T1_same_ori7_multiple_ori9
MA01373,MA0137300,MA,25,2024,0.0,1.0,5.0,0.0,0.0,0.0,0.0,6.0,0|0|0|0|1|5|0,srs_return_a_annual,6.0,0,MCPHS UNIVERSITY,unknown,,,,,1.0,1.0,overlap,25:statewide_overlap_layer,6.0,2,1,12.0,6.0,6.0,6.0,identical_7_offense_vector,T1_same_ori7_multiple_ori9
MA01373,MA013739E,MA,25,2024,0.0,1.0,5.0,0.0,0.0,0.0,0.0,6.0,0|0|0|0|1|5|0,nibrs_srs_equivalent_annual,12.0,7,BOSTON,special_jurisdiction,0.0,025,,fbi_cde_agency_roster,1.0,1.0,overlap,25:statewide_overlap_layer,6.0,2,1,12.0,6.0,6.0,6.0,identical_7_offense_vector,T1_same_ori7_multiple_ori9
TX05782,TX0578200,TX,48,2024,0.0,1.0,5.0,0.0,0.0,0.0,0.0,6.0,0|0|0|0|1|5|0,srs_return_a_annual,5.0,0,DALLAS BAPTIST UNIVERSIT,unknown,,,,,1.0,1.0,overlap,48:statewide_overlap_layer,14.4,2,1,12.0,6.0,6.0,6.0,identical_7_offense_vector,T1_same_ori7_multiple_ori9
TX05782,TX057829E,TX,48,2024,0.0,1.0,5.0,0.0,0.0,0.0,0.0,6.0,0|0|0|0|1|5|0,nibrs_srs_equivalent_annual,12.0,7,DALLAS BAPTIST UNIVERSITY,special_jurisdiction,0.0,113,,fbi_cde_agency_roster,1.0,1.0,overlap,48:statewide_overlap_layer,6.0,2,1,12.0,6.0,6.0,6.0,identical_7_offense_vector,T1_same_ori7_multiple_ori9
CA03999,CA0399900,CA,06,2024,0.0,0.0,0.0,0.0,0.0,0.0,0.0,0.0,0|0|0|0|0|0|0,srs_return_a_annual,0.0,0,HP SAN JOAQUIN COUNTY,state_law_enforcement,0.0,077,75000,srs_agency_header,1.0,1.0,overlap,06:statewide_overlap_layer,572.6585136712456,3,3,319.0,314.0,0.0,5.0,same_ori7_different_counts,T1_same_ori7_multiple_ori9
CA03999,CA0399965,CA,06,2024,1.0,0.0,91.0,222.0,0.0,0.0,0.0,314.0,0|0|0|1|0|91|222,nibrs_srs_equivalent_annual,12.0,7,HIGHWAY PATROL STOCKTON AREA OFFICE,state_law_enforcement,0.0,077,,fbi_cde_agency_roster,1.0,1.0,overlap,06:statewide_overlap_layer,314.0,3,3,319.0,314.0,0.0,5.0,same_ori7_different_counts,T1_same_ori7_multiple_ori9
CA03999,CA0399966,CA,06,2024,0.0,0.0,0.0,5.0,0.0,0.0,0.0,5.0,0|0|0|0|0|0|5,nibrs_srs_equivalent_annual,12.0,7,HIGHWAY PATROL TRACY AREA OFFICE,state_law_enforcement,0.0,077,,fbi_cde_agency_roster,1.0,1.0,overlap,06:statewide_overlap_layer,5.0,3,3,319.0,314.0,0.0,5.0,same_ori7_different_counts,T1_same_ori7_multiple_ori9
AL04901,AL0490100,AL,01,2024,10.0,13.0,99.0,9.0,1.0,2.0,0.0,134.0,1|2|0|10|13|99|9,nibrs_srs_equivalent_annual|srs_return_a_annual,12.0,7,HAMILTON,local_police,6970.0,093,32848,srs_agency_header,1.0,1.0,exclusive,01:municipal:place:0132848,134.0,2,2,138.0,134.0,4.0,4.0,same_ori7_different_counts,T1_same_ori7_multiple_ori9
AL04901,AL049015A,AL,01,2024,0.0,0.0,1.0,1.0,0.0,2.0,0.0,4.0,0|2|0|0|0|1|1,nibrs_srs_equivalent_annual,12.0,7,,unknown,0.0,093,,fbi_cde_agency_roster,1.0,1.0,overlap,01:statewide_overlap_layer,4.0,2,2,138.0,134.0,4.0,4.0,same_ori7_different_counts,T1_same_ori7_multiple_ori9
CA01399,CA0139900,CA,06,2024,0.0,0.0,0.0,0.0,0.0,0.0,0.0,0.0,0|0|0|0|0|0|0,srs_return_a_annual,0.0,0,HP IMPERIAL COUNTY,state_law_enforcement,0.0,025,21782,srs_agency_header,1.0,1.0,overlap,06:statewide_overlap_layer,61.89317916686093,4,4,60.0,56.0,0.0,4.0,same_ori7_different_counts,T1_same_ori7_multiple_ori9
CA01399,CA0139920,CA,06,2024,0.0,0.0,0.0,3.0,0.0,0.0,0.0,3.0,0|0|0|0|0|0|3,nibrs_srs_equivalent_annual,12.0,7,HIGHWAY PATROL WINTERHAVEN AREA OFFICE,state_law_enforcement,0.0,025,,fbi_cde_agency_roster,1.0,1.0,overlap,06:statewide_overlap_layer,3.0,4,4,60.0,56.0,0.0,4.0,same_ori7_different_counts,T1_same_ori7_multiple_ori9
CA01399,CA0139925,CA,06,2024,1.0,0.0,3.0,52.0,0.0,0.0,0.0,56.0,0|0|0|1|0|3|52,nibrs_srs_equivalent_annual,12.0,7,HIGHWAY PATROL EL CENTRO AREA OFFICE,state_law_enforcement,0.0,025,,fbi_cde_agency_roster,1.0,1.0,overlap,06:statewide_overlap_layer,56.0,4,4,60.0,56.0,0.0,4.0,same_ori7_different_counts,T1_same_ori7_multiple_ori9
CA01399,CA0139926,CA,06,2024,0.0,0.0,1.0,0.0,0.0,0.0,0.0,1.0,0|0|0|0|0|1|0,nibrs_srs_equivalent_annual,12.0,7,,state_law_enforcement,0.0,025,,fbi_cde_agency_roster,1.0,1.0,overlap,06:statewide_overlap_layer,1.0,4,4,60.0,56.0,0.0,4.0,same_ori7_different_counts,T1_same_ori7_multiple_ori9
CA04899,CA0489900,CA,06,2024,0.0,0.0,0.0,0.0,0.0,0.0,0.0,0.0,0|0|0|0|0|0|0,srs_return_a_annual,0.0,0,HP SOLANO COUNTY,state_law_enforcement,0.0,095,99095,srs_agency_header,1.0,1.0,overlap,06:statewide_overlap_layer,43.904143925712035,3,3,26.0,22.0,0.0,4.0,same_ori7_different_counts,T1_same_ori7_multiple_ori9
CA04899,CA0489901,CA,06,2024,0.0,0.0,1.0,3.0,0.0,0.0,0.0,4.0,0|0|0|0|0|1|3,nibrs_srs_equivalent_annual,12.0,7,,state_law_enforcement,0.0,095,,fbi_cde_agency_roster,1.0,1.0,overlap,06:statewide_overlap_layer,4.0,3,3,26.0,22.0,0.0,4.0,same_ori7_different_counts,T1_same_ori7_multiple_ori9
CA04899,CA0489965,CA,06,2024,1.0,0.0,14.0,7.0,0.0,0.0,0.0,22.0,0|0|0|1|0|14|7,nibrs_srs_equivalent_annual,12.0,7,HIGHWAY PATROL SOLANO AREA OFFICE,state_law_enforcement,0.0,095,,fbi_cde_agency_roster,1.0,1.0,overlap,06:statewide_overlap_layer,22.0,3,3,26.0,22.0,0.0,4.0,same_ori7_different_counts,T1_same_ori7_multiple_ori9
MA01131,MA0113100,MA,25,2024,0.0,1.0,3.0,0.0,0.0,0.0,0.0,4.0,0|0|0|0|1|3|0,cius_publication_annual,12.0,7,DEAN COLLEGE,special_jurisdiction,,021,25100,srs_agency_header,1.0,1.0,overlap,25:statewide_overlap_layer,4.0,2,1,8.0,4.0,4.0,4.0,identical_7_offense_vector,T1_same_ori7_multiple_ori9
MA01131,MA011319E,MA,25,2024,0.0,1.0,3.0,0.0,0.0,0.0,0.0,4.0,0|0|0|0|1|3|0,nibrs_srs_equivalent_annual,12.0,7,FRANKLIN,special_jurisdiction,0.0,021,,fbi_cde_agency_roster,1.0,1.0,overlap,25:statewide_overlap_layer,4.0,2,1,8.0,4.0,4.0,4.0,identical_7_offense_vector,T1_same_ori7_multiple_ori9
NH00201,NH0020100,NH,33,2024,3.0,0.0,0.0,0.0,1.0,0.0,0.0,4.0,1|0|0|3|0|0|0,srs_return_a_annual,6.0,0,SP CARROLL COUNTY,state_law_enforcement,,003,99003,srs_agency_header,1.0,1.0,overlap,33:statewide_overlap_layer,10.793125365930592,2,1,8.0,4.0,4.0,4.0,identical_7_offense_vector,T1_same_ori7_multiple_ori9
NH00201,NH002010X,NH,33,2024,3.0,0.0,0.0,0.0,1.0,0.0,0.0,4.0,1|0|0|3|0|0|0,nibrs_srs_equivalent_annual,12.0,7,CONCORD,state_law_enforcement,0.0,003,,fbi_cde_agency_roster,1.0,1.0,overlap,33:statewide_overlap_layer,4.0,2,1,8.0,4.0,4.0,4.0,identical_7_offense_vector,T1_same_ori7_multiple_ori9
NH00601,NH0060100,NH,33,2024,3.0,0.0,1.0,0.0,0.0,0.0,0.0,4.0,0|0|0|3|0|1|0,srs_return_a_annual,10.0,0,SP HILLSBOROUGH COUNTY,state_law_enforcement,,011,99011,srs_agency_header,1.0,1.0,overlap,33:statewide_overlap_layer,6.124119557522602,2,1,8.0,4.0,4.0,4.0,identical_7_offense_vector,T1_same_ori7_multiple_ori9
NH00601,NH006010X,NH,33,2024,3.0,0.0,1.0,0.0,0.0,0.0,0.0,4.0,0|0|0|3|0|1|0,nibrs_srs_equivalent_annual,12.0,7,CONCORD,state_law_enforcement,5989.0,011,,fbi_cde_agency_roster,1.0,1.0,overlap,33:statewide_overlap_layer,4.0,2,1,8.0,4.0,4.0,4.0,identical_7_offense_vector,T1_same_ori7_multiple_ori9
CA03099,CA0309900,CA,06,2024,0.0,0.0,0.0,0.0,0.0,0.0,0.0,0.0,0|0|0|0|0|0|0,srs_return_a_annual,0.0,0,HP ORANGE COUNTY,state_law_enforcement,0.0,059,36770,srs_agency_header,1.0,1.0,overlap,06:statewide_overlap_layer,105.19865623234577,3,3,57.0,54.0,0.0,3.0,same_ori7_different_counts,T1_same_ori7_multiple_ori9
CA03099,CA0309970,CA,06,2024,4.0,0.0,5.0,45.0,0.0,0.0,0.0,54.0,0|0|0|4|0|5|45,nibrs_srs_equivalent_annual,12.0,7,HIGHWAY PATROL WESTMINSTER AREA OFFICE,state_law_enforcement,0.0,059,,fbi_cde_agency_roster,1.0,1.0,overlap,06:statewide_overlap_layer,54.0,3,3,57.0,54.0,0.0,3.0,same_ori7_different_counts,T1_same_ori7_multiple_ori9
CA03099,CA0309975,CA,06,2024,0.0,1.0,2.0,0.0,0.0,0.0,0.0,3.0,0|0|0|0|1|2|0,nibrs_srs_equivalent_annual,12.0,7,HIGHWAY PATROL SANTA ANA AREA OFFICE,state_law_enforcement,0.0,059,,fbi_cde_agency_roster,1.0,1.0,overlap,06:statewide_overlap_layer,3.0,3,3,57.0,54.0,0.0,3.0,same_ori7_different_counts,T1_same_ori7_multiple_ori9
IL06094,IL0609400,IL,17,2024,0.0,0.0,3.0,0.0,0.0,0.0,0.0,3.0,0|0|0|0|0|3|0,srs_return_a_annual,3.0,0,TERMINAL RAILROAD ASSCTN,special_jurisdiction,,119,30926,srs_agency_header,1.0,1.0,overlap,17:statewide_overlap_layer,12.0,2,1,6.0,3.0,3.0,3.0,identical_7_offense_vector,T1_same_ori7_multiple_ori9
IL06094,IL060949E,IL,17,2024,0.0,0.0,3.0,0.0,0.0,0.0,0.0,3.0,0|0|0|0|0|3|0,nibrs_srs_equivalent_annual,12.0,7,GANITE CITY,unknown,0.0,119,,fbi_cde_agency_roster,1.0,1.0,overlap,17:statewide_overlap_layer,3.0,2,1,6.0,3.0,3.0,3.0,identical_7_offense_vector,T1_same_ori7_multiple_ori9
NJ01355,NJ0135500,NJ,34,2024,0.0,0.0,3.0,0.0,0.0,0.0,0.0,3.0,0|0|0|0|0|3|0,srs_return_a_annual,4.0,0,MONMOUTH UNIVERSITY,special_jurisdiction,,025,79310,srs_agency_header,1.0,1.0,overlap,34:statewide_overlap_layer,11.689698522907658,2,1,6.0,3.0,3.0,3.0,identical_7_offense_vector,T1_same_ori7_multiple_ori9
NJ01355,NJ013559E,NJ,34,2024,0.0,0.0,3.0,0.0,0.0,0.0,0.0,3.0,0|0|0|0|0|3|0,nibrs_srs_equivalent_annual,7.0,7,WEST LONG BRANCH,special_jurisdiction,0.0,025,,fbi_cde_agency_roster,1.0,1.0,overlap,34:statewide_overlap_layer,3.0,2,1,6.0,3.0,3.0,3.0,identical_7_offense_vector,T1_same_ori7_multiple_ori9
OH025A1,OH025A100,OH,39,2024,0.0,0.0,3.0,0.0,0.0,0.0,0.0,3.0,0|0|0|0|0|3|0,srs_return_a_annual,5.0,0,CAPITAL UNIVERSITY,special_jurisdiction,,049,06278,srs_agency_header,1.0,1.0,overlap,39:statewide_overlap_layer,12.651359502129004,2,1,6.0,3.0,3.0,3.0,identical_7_offense_vector,T1_same_ori7_multiple_ori9
OH025A1,OH025A10X,OH,39,2024,0.0,0.0,3.0,0.0,0.0,0.0,0.0,3.0,0|0|0|0|0|3|0,nibrs_srs_equivalent_annual,7.0,7,BEXLEY,special_jurisdiction,0.0,049,,fbi_cde_agency_roster,1.0,1.0,overlap,39:statewide_overlap_layer,3.0,2,1,6.0,3.0,3.0,3.0,identical_7_offense_vector,T1_same_ori7_multiple_ori9
TN01305,TN0130500,TN,47,2024,0.0,0.0,3.0,0.0,0.0,0.0,0.0,3.0,0|0|0|0|0|3|0,srs_return_a_annual,5.0,0,LINCOLN MEMORIAL UNIVERS,unknown,,,,,1.0,1.0,overlap,47:statewide_overlap_layer,7.199999999999999,2,1,6.0,3.0,3.0,3.0,identical_7_offense_vector,T1_same_ori7_multiple_ori9
TN01305,TN013059E,TN,47,2024,0.0,0.0,3.0,0.0,0.0,0.0,0.0,3.0,0|0|0|0|0|3|0,nibrs_srs_equivalent_annual,7.0,7,HARROGATE,special_jurisdiction,0.0,025,,fbi_cde_agency_roster,1.0,1.0,overlap,47:statewide_overlap_layer,3.0,2,1,6.0,3.0,3.0,3.0,identical_7_offense_vector,T1_same_ori7_multiple_ori9
VT01216,VT0121600,VT,50,2024,1.0,0.0,0.0,0.0,0.0,2.0,0.0,3.0,0|2|0|1|0|0|0,srs_return_a_annual,2.0,0,ATTORNEY GENERAL,special_jurisdiction,,023,46000,srs_agency_header,1.0,1.0,overlap,50:statewide_overlap_layer,18.0,2,1,6.0,3.0,3.0,3.0,identical_7_offense_vector,T1_same_ori7_multiple_ori9
VT01216,VT012165A,VT,50,2024,1.0,0.0,0.0,0.0,0.0,2.0,0.0,3.0,0|2|0|1|0|0|0,nibrs_srs_equivalent_annual,12.0,7,MONTPELIER,unknown,0.0,023,,fbi_cde_agency_roster,1.0,1.0,overlap,50:statewide_overlap_layer,3.0,2,1,6.0,3.0,3.0,3.0,identical_7_offense_vector,T1_same_ori7_multiple_ori9
IL04501,IL0450100,IL,17,2024,305.0,448.0,1306.0,458.0,1.0,100.0,64.0,2682.0,1|100|64|305|448|1306|458,cius_publication_annual,12.0,7,AURORA,local_police,201364.0,089,03012,srs_agency_header,1.0,1.0,exclusive,17:municipal:place:1703012,2682.0,2,2,2684.0,2682.0,2.0,2.0,same_ori7_different_counts,T1_same_ori7_multiple_ori9
IL04501,IL045019E,IL,17,2024,0.0,0.0,1.0,0.0,0.0,1.0,0.0,2.0,0|1|0|0|0|1|0,nibrs_srs_equivalent_annual,12.0,7,,special_jurisdiction,0.0,089,,fbi_cde_agency_roster,1.0,1.0,overlap,17:statewide_overlap_layer,2.0,2,2,2684.0,2682.0,2.0,2.0,same_ori7_different_counts,T1_same_ori7_multiple_ori9
IN04935,IN0493500,IN,18,2024,0.0,0.0,1.0,1.0,0.0,0.0,0.0,2.0,0|0|0|0|0|1|1,srs_return_a_annual,4.0,0,MARIAN UNIVERSITY,special_jurisdiction,,097,36000,srs_agency_header,1.0,1.0,overlap,18:statewide_overlap_layer,9.783190210735631,2,1,4.0,2.0,2.0,2.0,identical_7_offense_vector,T1_same_ori7_multiple_ori9
IN04935,IN049359E,IN,18,2024,0.0,0.0,1.0,1.0,0.0,0.0,0.0,2.0,0|0|0|0|0|1|1,nibrs_srs_equivalent_annual,6.0,7,INDIANAPOLIS,special_jurisdiction,0.0,097,,fbi_cde_agency_roster,1.0,1.0,overlap,18:statewide_overlap_layer,2.0,2,1,4.0,2.0,2.0,2.0,identical_7_offense_vector,T1_same_ori7_multiple_ori9
MA01398,MA0139800,MA,25,2024,0.0,1.0,1.0,0.0,0.0,0.0,0.0,2.0,0|0|0|0|1|1|0,cius_publication_annual,12.0,7,EMERSON COLLEGE,special_jurisdiction,,025,07000,srs_agency_header,1.0,1.0,overlap,25:statewide_overlap_layer,2.0,2,1,4.0,2.0,2.0,2.0,identical_7_offense_vector,T1_same_ori7_multiple_ori9
MA01398,MA013989E,MA,25,2024,0.0,1.0,1.0,0.0,0.0,0.0,0.0,2.0,0|0|0|0|1|1|0,nibrs_srs_equivalent_annual,12.0,7,BOSTON,special_jurisdiction,0.0,025,,fbi_cde_agency_roster,1.0,1.0,overlap,25:statewide_overlap_layer,2.0,2,1,4.0,2.0,2.0,2.0,identical_7_offense_vector,T1_same_ori7_multiple_ori9
MI63180,MI6318000,MI,26,2024,0.0,0.0,1.0,1.0,0.0,0.0,0.0,2.0,0|0|0|0|0|1|1,srs_return_a_annual,10.0,0,ADDISON TOWNSHIP,unknown,,,,,1.0,1.0,overlap,26:statewide_overlap_layer,4.806776004117353,2,1,4.0,2.0,2.0,2.0,identical_7_offense_vector,T1_same_ori7_multiple_ori9
MI63180,MI631800X,MI,26,2024,0.0,0.0,1.0,1.0,0.0,0.0,0.0,2.0,0|0|0|0|0|1|1,nibrs_srs_equivalent_annual,12.0,7,,local_police,6653.0,125,,fbi_cde_agency_roster,1.0,1.0,exclusive,26:state_nonmunicipal_remainder,2.0,2,1,4.0,2.0,2.0,2.0,identical_7_offense_vector,T1_same_ori7_multiple_ori9
OK03601,OK0360100,OK,40,2024,15.0,70.0,54.0,6.0,1.0,11.0,0.0,157.0,1|11|0|15|70|54|6,cius_publication_annual,12.0,7,BLACKWELL,local_police,6684.0,071,06600,srs_agency_header,1.0,1.0,exclusive,40:municipal:place:4006600,157.0,2,2,159.0,157.0,2.0,2.0,same_ori7_different_counts,T1_same_ori7_multiple_ori9
OK03601,OK036015A,OK,40,2024,0.0,2.0,0.0,0.0,0.0,0.0,0.0,2.0,0|0|0|0|2|0|0,nibrs_srs_equivalent_annual,12.0,7,,unknown,0.0,071,,fbi_cde_agency_roster,1.0,1.0,overlap,40:statewide_overlap_layer,2.0,2,2,159.0,157.0,2.0,2.0,same_ori7_different_counts,T1_same_ori7_multiple_ori9
SC00401,SC0040100,SC,45,2024,138.0,146.0,1461.0,113.0,1.0,17.0,13.0,1889.0,1|17|13|138|146|1461|113,cius_publication_annual,12.0,7,ANDERSON,local_police,30150.0,007,01360,srs_agency_header,1.0,1.0,exclusive,45:municipal:place:4501360,1889.0,2,2,1891.0,1889.0,2.0,2.0,same_ori7_different_counts,T1_same_ori7_multiple_ori9
SC00401,SC004019E,SC,45,2024,0.0,0.0,2.0,0.0,0.0,0.0,0.0,2.0,0|0|0|0|0|2|0,nibrs_srs_equivalent_annual,2.0,7,,special_jurisdiction,0.0,007,,fbi_cde_agency_roster,1.0,1.0,overlap,45:statewide_overlap_layer,2.0,2,2,1891.0,1889.0,2.0,2.0,same_ori7_different_counts,T1_same_ori7_multiple_ori9
SC02299,SC0229900,SC,45,2024,0.0,0.0,2.0,0.0,0.0,0.0,0.0,2.0,0|0|0|0|0|2|0,srs_return_a_annual,2.0,0,DEPARTMENT OF HEALTH AND,unknown,,,,,1.0,1.0,overlap,45:statewide_overlap_layer,12.0,2,1,4.0,2.0,2.0,2.0,identical_7_offense_vector,T1_same_ori7_multiple_ori9
SC02299,SC022990X,SC,45,2024,0.0,0.0,2.0,0.0,0.0,0.0,0.0,2.0,0|0|0|0|0|2|0,nibrs_srs_equivalent_annual,11.0,7,,unknown,0.0,043,,fbi_cde_agency_roster,1.0,1.0,overlap,45:statewide_overlap_layer,2.0,2,1,4.0,2.0,2.0,2.0,identical_7_offense_vector,T1_same_ori7_multiple_ori9
SC04099,SC0409900,SC,45,2024,0.0,0.0,2.0,0.0,0.0,0.0,0.0,2.0,0|0|0|0|0|2|0,srs_return_a_annual,2.0,0,DEPARTMENT OF HEALTH AND,unknown,,,,,1.0,1.0,overlap,45:statewide_overlap_layer,12.0,2,1,4.0,2.0,2.0,2.0,identical_7_offense_vector,T1_same_ori7_multiple_ori9
SC04099,SC040990X,SC,45,2024,0.0,0.0,2.0,0.0,0.0,0.0,0.0,2.0,0|0|0|0|0|2|0,nibrs_srs_equivalent_annual,12.0,7,,unknown,0.0,079,,fbi_cde_agency_roster,1.0,1.0,overlap,45:statewide_overlap_layer,2.0,2,1,4.0,2.0,2.0,2.0,identical_7_offense_vector,T1_same_ori7_multiple_ori9
AR00904,AR0090400,AR,05,2024,0.0,0.0,1.0,0.0,0.0,0.0,0.0,1.0,0|0|0|0|0|1|0,srs_return_a_annual,1.0,0,STATE PARK LAKE CHICOT,unknown,,,,,1.0,1.0,overlap,05:statewide_overlap_layer,12.0,2,1,2.0,1.0,1.0,1.0,identical_7_offense_vector,T1_same_ori7_multiple_ori9
AR00904,AR009040X,AR,05,2024,0.0,0.0,1.0,0.0,0.0,0.0,0.0,1.0,0|0|0|0|0|1|0,nibrs_srs_equivalent_annual,12.0,7,,unknown,0.0,017,,fbi_cde_agency_roster,1.0,1.0,overlap,05:statewide_overlap_layer,1.0,2,1,2.0,1.0,1.0,1.0,identical_7_offense_vector,T1_same_ori7_multiple_ori9
AR03904,AR0390400,AR,05,2024,0.0,0.0,1.0,0.0,0.0,0.0,0.0,1.0,0|0|0|0|0|1|0,srs_return_a_annual,1.0,0,STATE PARK LOUISIANA PU,unknown,,,,,1.0,1.0,overlap,05:statewide_overlap_layer,12.0,2,1,2.0,1.0,1.0,1.0,identical_7_offense_vector,T1_same_ori7_multiple_ori9
AR03904,AR039040X,AR,05,2024,0.0,0.0,1.0,0.0,0.0,0.0,0.0,1.0,0|0|0|0|0|1|0,nibrs_srs_equivalent_annual,12.0,7,,unknown,0.0,077,,fbi_cde_agency_roster,1.0,1.0,overlap,05:statewide_overlap_layer,1.0,2,1,2.0,1.0,1.0,1.0,identical_7_offense_vector,T1_same_ori7_multiple_ori9
CA05299,CA0529900,CA,06,2024,0.0,0.0,0.0,0.0,0.0,0.0,0.0,0.0,0|0|0|0|0|0|0,srs_return_a_annual,0.0,0,HP TEHAMA COUNTY,state_law_enforcement,0.0,103,59892,srs_agency_header,1.0,1.0,overlap,06:statewide_overlap_layer,141.24390127933862,3,3,157.0,156.0,0.0,1.0,same_ori7_different_counts,T1_same_ori7_multiple_ori9
CA05299,CA0529930,CA,06,2024,5.0,0.0,38.0,113.0,0.0,0.0,0.0,156.0,0|0|0|5|0|38|113,nibrs_srs_equivalent_annual,12.0,7,HIGHWAY PATROL RED BLUFF AREA OFFICE,state_law_enforcement,0.0,103,,fbi_cde_agency_roster,1.0,1.0,overlap,06:statewide_overlap_layer,156.0,3,3,157.0,156.0,0.0,1.0,same_ori7_different_counts,T1_same_ori7_multiple_ori9
CA05299,CA0529931,CA,06,2024,0.0,0.0,1.0,0.0,0.0,0.0,0.0,1.0,0|0|0|0|0|1|0,nibrs_srs_equivalent_annual,12.0,7,,state_law_enforcement,0.0,103,,fbi_cde_agency_roster,1.0,1.0,overlap,06:statewide_overlap_layer,1.0,3,3,157.0,156.0,0.0,1.0,same_ori7_different_counts,T1_same_ori7_multiple_ori9
MA00326,MA0032600,MA,25,2024,0.0,0.0,1.0,0.0,0.0,0.0,0.0,1.0,0|0|0|0|0|1|0,srs_return_a_annual,1.0,0,WHEATON COLLEGE,unknown,,,,,1.0,1.0,overlap,25:statewide_overlap_layer,12.0,2,1,2.0,1.0,1.0,1.0,identical_7_offense_vector,T1_same_ori7_multiple_ori9
MA00326,MA003269E,MA,25,2024,0.0,0.0,1.0,0.0,0.0,0.0,0.0,1.0,0|0|0|0|0|1|0,nibrs_srs_equivalent_annual,12.0,7,NORTON,special_jurisdiction,0.0,005,,fbi_cde_agency_roster,1.0,1.0,overlap,25:statewide_overlap_layer,1.0,2,1,2.0,1.0,1.0,1.0,identical_7_offense_vector,T1_same_ori7_multiple_ori9
MA00967,MA0096700,MA,25,2024,0.0,0.0,1.0,0.0,0.0,0.0,0.0,1.0,0|0|0|0|0|1|0,cius_publication_annual,12.0,7,LASELL COLLEGE,special_jurisdiction,,017,02830,srs_agency_header,1.0,1.0,overlap,25:statewide_overlap_layer,1.0,2,1,2.0,1.0,1.0,1.0,identical_7_offense_vector,T1_same_ori7_multiple_ori9
MA00967,MA009679E,MA,25,2024,0.0,0.0,1.0,0.0,0.0,0.0,0.0,1.0,0|0|0|0|0|1|0,nibrs_srs_equivalent_annual,12.0,7,AUBURNDALE,special_jurisdiction,0.0,017,,fbi_cde_agency_roster,1.0,1.0,overlap,25:statewide_overlap_layer,1.0,2,1,2.0,1.0,1.0,1.0,identical_7_offense_vector,T1_same_ori7_multiple_ori9
MO11606,MO1160600,MO,29,2024,0.0,0.0,1.0,0.0,0.0,0.0,0.0,1.0,0|0|0|0|0|1|0,srs_return_a_annual,12.0,7,TERMINAL RAILROAD,unknown,,,,,1.0,1.0,overlap,29:statewide_overlap_layer,1.0,2,1,2.0,1.0,1.0,1.0,identical_7_offense_vector,T1_same_ori7_multiple_ori9
MO11606,MO116069E,MO,29,2024,0.0,0.0,1.0,0.0,0.0,0.0,0.0,1.0,0|0|0|0|0|1|0,nibrs_srs_equivalent_annual,11.0,7,,unknown,0.0,,,,1.0,1.0,overlap,29:statewide_overlap_layer,1.0,2,1,2.0,1.0,1.0,1.0,identical_7_offense_vector,T1_same_ori7_multiple_ori9
OH06013,OH0601300,OH,39,2024,1.0,0.0,0.0,0.0,0.0,0.0,0.0,1.0,0|0|0|1|0|0|0,srs_return_a_annual,2.0,0,MUSKINGUM UNIVERSITY,special_jurisdiction,,119,54446,srs_agency_header,1.0,1.0,overlap,39:statewide_overlap_layer,6.0,2,1,2.0,1.0,1.0,1.0,identical_7_offense_vector,T1_same_ori7_multiple_ori9
OH06013,OH060139E,OH,39,2024,1.0,0.0,0.0,0.0,0.0,0.0,0.0,1.0,0|0|0|1|0|0|0,nibrs_srs_equivalent_annual,2.0,7,NEW CONCORD,special_jurisdiction,0.0,119,,fbi_cde_agency_roster,1.0,1.0,overlap,39:statewide_overlap_layer,1.0,2,1,2.0,1.0,1.0,1.0,identical_7_offense_vector,T1_same_ori7_multiple_ori9
OK05552,OK0555200,OK,40,2024,0.0,0.0,1.0,0.0,0.0,0.0,0.0,1.0,0|0|0|0|0|1|0,srs_return_a_annual,3.0,0,SOUTHERN NAZARENE UNIVER,unknown,,,,,1.0,1.0,overlap,40:statewide_overlap_layer,4.0,2,1,2.0,1.0,1.0,1.0,identical_7_offense_vector,T1_same_ori7_multiple_ori9
OK05552,OK055529E,OK,40,2024,0.0,0.0,1.0,0.0,0.0,0.0,0.0,1.0,0|0|0|0|0|1|0,nibrs_srs_equivalent_annual,12.0,7,,special_jurisdiction,0.0,109,,fbi_cde_agency_roster,1.0,1.0,overlap,40:statewide_overlap_layer,1.0,2,1,2.0,1.0,1.0,1.0,identical_7_offense_vector,T1_same_ori7_multiple_ori9
SC01099,SC0109900,SC,45,2024,0.0,0.0,1.0,0.0,0.0,0.0,0.0,1.0,0|0|0|0|0|1|0,srs_return_a_annual,1.0,0,DEPARTMENT OF HEALTH AND,unknown,,,,,1.0,1.0,overlap,45:statewide_overlap_layer,12.0,2,1,2.0,1.0,1.0,1.0,identical_7_offense_vector,T1_same_ori7_multiple_ori9
SC01099,SC010990X,SC,45,2024,0.0,0.0,1.0,0.0,0.0,0.0,0.0,1.0,0|0|0|0|0|1|0,nibrs_srs_equivalent_annual,10.0,7,,unknown,0.0,019,,fbi_cde_agency_roster,1.0,1.0,overlap,45:statewide_overlap_layer,1.0,2,1,2.0,1.0,1.0,1.0,identical_7_offense_vector,T1_same_ori7_multiple_ori9
SC01799,SC0179900,SC,45,2024,0.0,0.0,1.0,0.0,0.0,0.0,0.0,1.0,0|0|0|0|0|1|0,srs_return_a_annual,1.0,0,DEPARTMENT OF HEALTH AND,unknown,,,,,1.0,1.0,overlap,45:statewide_overlap_layer,12.0,2,1,2.0,1.0,1.0,1.0,identical_7_offense_vector,T1_same_ori7_multiple_ori9
SC01799,SC017990X,SC,45,2024,0.0,0.0,1.0,0.0,0.0,0.0,0.0,1.0,0|0|0|0|0|1|0,nibrs_srs_equivalent_annual,12.0,7,,unknown,0.0,033,,fbi_cde_agency_roster,1.0,1.0,overlap,45:statewide_overlap_layer,1.0,2,1,2.0,1.0,1.0,1.0,identical_7_offense_vector,T1_same_ori7_multiple_ori9
SC01899,SC0189900,SC,45,2024,0.0,0.0,1.0,0.0,0.0,0.0,0.0,1.0,0|0|0|0|0|1|0,srs_return_a_annual,2.0,0,DEPARTMENT OF HEALTH AND,unknown,,,,,1.0,1.0,overlap,45:statewide_overlap_layer,6.0,2,1,2.0,1.0,1.0,1.0,identical_7_offense_vector,T1_same_ori7_multiple_ori9
SC01899,SC018990X,SC,45,2024,0.0,0.0,1.0,0.0,0.0,0.0,0.0,1.0,0|0|0|0|0|1|0,nibrs_srs_equivalent_annual,11.0,7,,unknown,0.0,035,,fbi_cde_agency_roster,1.0,1.0,overlap,45:statewide_overlap_layer,1.0,2,1,2.0,1.0,1.0,1.0,identical_7_offense_vector,T1_same_ori7_multiple_ori9
SC02699,SC0269900,SC,45,2024,0.0,0.0,1.0,0.0,0.0,0.0,0.0,1.0,0|0|0|0|0|1|0,srs_return_a_annual,1.0,0,DHEC HORRY COUNTY,unknown,,,,,1.0,1.0,overlap,45:statewide_overlap_layer,12.0,2,1,2.0,1.0,1.0,1.0,identical_7_offense_vector,T1_same_ori7_multiple_ori9
SC02699,SC026990X,SC,45,2024,0.0,0.0,1.0,0.0,0.0,0.0,0.0,1.0,0|0|0|0|0|1|0,nibrs_srs_equivalent_annual,12.0,7,,unknown,0.0,051,,fbi_cde_agency_roster,1.0,1.0,overlap,45:statewide_overlap_layer,1.0,2,1,2.0,1.0,1.0,1.0,identical_7_offense_vector,T1_same_ori7_multiple_ori9
SC02999,SC0299900,SC,45,2024,0.0,0.0,1.0,0.0,0.0,0.0,0.0,1.0,0|0|0|0|0|1|0,srs_return_a_annual,1.0,0,DEPARTMENT OF HEALTH AND,unknown,,,,,1.0,1.0,overlap,45:statewide_overlap_layer,12.0,2,1,2.0,1.0,1.0,1.0,identical_7_offense_vector,T1_same_ori7_multiple_ori9
SC02999,SC029990X,SC,45,2024,0.0,0.0,1.0,0.0,0.0,0.0,0.0,1.0,0|0|0|0|0|1|0,nibrs_srs_equivalent_annual,12.0,7,,unknown,0.0,057,,fbi_cde_agency_roster,1.0,1.0,overlap,45:statewide_overlap_layer,1.0,2,1,2.0,1.0,1.0,1.0,identical_7_offense_vector,T1_same_ori7_multiple_ori9
SC03599,SC0359900,SC,45,2024,0.0,0.0,1.0,0.0,0.0,0.0,0.0,1.0,0|0|0|0|0|1|0,srs_return_a_annual,1.0,0,DEPARTMENT OF HEALTH AND,unknown,,,,,1.0,1.0,overlap,45:statewide_overlap_layer,12.0,2,1,2.0,1.0,1.0,1.0,identical_7_offense_vector,T1_same_ori7_multiple_ori9
SC03599,SC035990X,SC,45,2024,0.0,0.0,1.0,0.0,0.0,0.0,0.0,1.0,0|0|0|0|0|1|0,nibrs_srs_equivalent_annual,12.0,7,,unknown,0.0,069,,fbi_cde_agency_roster,1.0,1.0,overlap,45:statewide_overlap_layer,1.0,2,1,2.0,1.0,1.0,1.0,identical_7_offense_vector,T1_same_ori7_multiple_ori9
VA12209,VA1220900,VA,51,2024,0.0,0.0,1.0,0.0,0.0,0.0,0.0,1.0,0|0|0|0|0|1|0,srs_return_a_annual,1.0,0,OFFICE OF THE STATE INSP,unknown,,107,,leaic_crosswalk,1.0,1.0,overlap,51:statewide_overlap_layer,12.0,2,1,2.0,1.0,1.0,1.0,identical_7_offense_vector,T1_same_ori7_multiple_ori9
VA12209,VA122095Y,VA,51,2024,0.0,0.0,1.0,0.0,0.0,0.0,0.0,1.0,0|0|0|0|0|1|0,nibrs_srs_equivalent_annual,5.0,7,,unknown,0.0,,,,1.0,1.0,overlap,51:statewide_overlap_layer,1.0,2,1,2.0,1.0,1.0,1.0,identical_7_offense_vector,T1_same_ori7_multiple_ori9
CA00399,CA0039900,CA,06,2024,0.0,0.0,0.0,0.0,0.0,0.0,0.0,0.0,0|0|0|0|0|0|0,srs_return_a_annual,0.0,0,HP AMADOR COUNTY,state_law_enforcement,0.0,005,01514,srs_agency_header,1.0,1.0,overlap,06:statewide_overlap_layer,31.266653622880952,2,2,22.0,22.0,0.0,0.0,same_ori7_different_counts,T1_same_ori7_multiple_ori9
CA00399,CA0039995,CA,06,2024,0.0,0.0,8.0,14.0,0.0,0.0,0.0,22.0,0|0|0|0|0|8|14,nibrs_srs_equivalent_annual,12.0,7,HIGHWAY PATROL AMADOR AREA OFFICE,state_law_enforcement,0.0,005,,fbi_cde_agency_roster,1.0,1.0,overlap,06:statewide_overlap_layer,22.0,2,2,22.0,22.0,0.0,0.0,same_ori7_different_counts,T1_same_ori7_multiple_ori9
CA00599,CA0059900,CA,06,2024,0.0,0.0,0.0,0.0,0.0,0.0,0.0,0.0,0|0|0|0|0|0|0,srs_return_a_annual,0.0,0,HP CALAVERAS COUNTY,state_law_enforcement,0.0,009,64420,srs_agency_header,1.0,1.0,overlap,06:statewide_overlap_layer,118.46120120665304,2,2,86.0,86.0,0.0,0.0,same_ori7_different_counts,T1_same_ori7_multiple_ori9
CA00599,CA0059955,CA,06,2024,1.0,0.0,34.0,51.0,0.0,0.0,0.0,86.0,0|0|0|1|0|34|51,nibrs_srs_equivalent_annual,12.0,7,HIGHWAY PATROL SAN ANDREAS AREA OFFICE,state_law_enforcement,0.0,009,,fbi_cde_agency_roster,1.0,1.0,overlap,06:statewide_overlap_layer,86.0,2,2,86.0,86.0,0.0,0.0,same_ori7_different_counts,T1_same_ori7_multiple_ori9
CA00699,CA0069900,CA,06,2024,0.0,0.0,0.0,0.0,0.0,0.0,0.0,0.0,0|0|0|0|0|0|0,srs_return_a_annual,0.0,0,HP COLUSA COUNTY,state_law_enforcement,0.0,011,85586,srs_agency_header,1.0,1.0,overlap,06:statewide_overlap_layer,32.53262867232692,2,2,3.0,3.0,0.0,0.0,same_ori7_different_counts,T1_same_ori7_multiple_ori9
CA00699,CA0069955,CA,06,2024,0.0,1.0,0.0,2.0,0.0,0.0,0.0,3.0,0|0|0|0|1|0|2,nibrs_srs_equivalent_annual,12.0,7,HIGHWAY PATROL WILLIAMS AREA OFFICE,state_law_enforcement,0.0,011,,fbi_cde_agency_roster,1.0,1.0,overlap,06:statewide_overlap_layer,3.0,2,2,3.0,3.0,0.0,0.0,same_ori7_different_counts,T1_same_ori7_multiple_ori9
CA00799,CA0079900,CA,06,2024,0.0,0.0,0.0,0.0,0.0,0.0,0.0,0.0,0|0|0|0|0|0|0,srs_return_a_annual,0.0,0,HP CONTRA COSTA COUNTY,state_law_enforcement,0.0,013,99013,srs_agency_header,1.0,1.0,overlap,06:statewide_overlap_layer,464.5663806004999,2,2,449.0,449.0,0.0,0.0,same_ori7_different_counts,T1_same_ori7_multiple_ori9
CA00799,CA0079920,CA,06,2024,10.0,0.0,45.0,393.0,0.0,0.0,1.0,449.0,0|0|1|10|0|45|393,nibrs_srs_equivalent_annual,12.0,7,HIGHWAY PATROL CONTRA COSTA AREA OFFICE,state_law_enforcement,0.0,013,,fbi_cde_agency_roster,1.0,1.0,overlap,06:statewide_overlap_layer,449.0,2,2,449.0,449.0,0.0,0.0,same_ori7_different_counts,T1_same_ori7_multiple_ori9
CA00899,CA0089900,CA,06,2024,0.0,0.0,0.0,0.0,0.0,0.0,0.0,0.0,0|0|0|0|0|0|0,srs_return_a_annual,0.0,0,HP DEL NORTE COUNTY,state_law_enforcement,,015,17022,srs_agency_header,1.0,1.0,overlap,06:statewide_overlap_layer,63.96809929148684,2,2,65.0,65.0,0.0,0.0,same_ori7_different_counts,T1_same_ori7_multiple_ori9
CA00899,CA0089920,CA,06,2024,0.0,0.0,17.0,48.0,0.0,0.0,0.0,65.0,0|0|0|0|0|17|48,nibrs_srs_equivalent_annual,12.0,7,HIGHWAY PATROL CRESCENT CITY AREA OFFICE,state_law_enforcement,0.0,015,,fbi_cde_agency_roster,1.0,1.0,overlap,06:statewide_overlap_layer,65.0,2,2,65.0,65.0,0.0,0.0,same_ori7_different_counts,T1_same_ori7_multiple_ori9
CA01199,CA0119900,CA,06,2024,0.0,0.0,0.0,0.0,0.0,0.0,0.0,0.0,0|0|0|0|0|0|0,srs_return_a_annual,0.0,0,HP GLENN COUNTY,state_law_enforcement,0.0,021,85684,srs_agency_header,1.0,1.0,overlap,06:statewide_overlap_layer,35.87602468375075,2,2,28.0,28.0,0.0,0.0,same_ori7_different_counts,T1_same_ori7_multiple_ori9
CA01199,CA0119960,CA,06,2024,0.0,0.0,7.0,21.0,0.0,0.0,0.0,28.0,0|0|0|0|0|7|21,nibrs_srs_equivalent_annual,12.0,7,HIGHWAY PATROL WILLOWS AREA OFFICE,state_law_enforcement,0.0,021,,fbi_cde_agency_roster,1.0,1.0,overlap,06:statewide_overlap_layer,28.0,2,2,28.0,28.0,0.0,0.0,same_ori7_different_counts,T1_same_ori7_multiple_ori9
CA01499,CA0149900,CA,06,2024,0.0,0.0,0.0,0.0,0.0,0.0,0.0,0.0,0|0|0|0|0|0|0,srs_return_a_annual,0.0,0,HP INYO COUNTY,state_law_enforcement,0.0,027,06798,srs_agency_header,1.0,1.0,overlap,06:statewide_overlap_layer,18.175178814293567,2,2,1.0,1.0,0.0,0.0,same_ori7_different_counts,T1_same_ori7_multiple_ori9
CA01499,CA0149925,CA,06,2024,0.0,0.0,0.0,1.0,0.0,0.0,0.0,1.0,0|0|0|0|0|0|1,nibrs_srs_equivalent_annual,12.0,7,HIGHWAY PATROL BISHOP AREA OFFICE,state_law_enforcement,0.0,027,,fbi_cde_agency_roster,1.0,1.0,overlap,06:statewide_overlap_layer,1.0,2,2,1.0,1.0,0.0,0.0,same_ori7_different_counts,T1_same_ori7_multiple_ori9
CA01699,CA0169900,CA,06,2024,0.0,0.0,0.0,0.0,0.0,0.0,0.0,0.0,0|0|0|0|0|0|0,srs_return_a_annual,0.0,0,HP KINGS COUNTY,state_law_enforcement,0.0,031,31960,srs_agency_header,1.0,1.0,overlap,06:statewide_overlap_layer,87.84295813076619,2,2,1.0,1.0,0.0,0.0,same_ori7_different_counts,T1_same_ori7_multiple_ori9
CA01699,CA0169940,CA,06,2024,0.0,0.0,0.0,1.0,0.0,0.0,0.0,1.0,0|0|0|0|0|0|1,nibrs_srs_equivalent_annual,12.0,7,HIGHWAY PATROL HANFORD AREA OFFICE,state_law_enforcement,0.0,031,,fbi_cde_agency_roster,1.0,1.0,overlap,06:statewide_overlap_layer,1.0,2,2,1.0,1.0,0.0,0.0,same_ori7_different_counts,T1_same_ori7_multiple_ori9
CA01799,CA0179900,CA,06,2024,0.0,0.0,0.0,0.0,0.0,0.0,0.0,0.0,0|0|0|0|0|0|0,srs_return_a_annual,0.0,0,HP LAKE COUNTY,state_law_enforcement,0.0,033,13945,srs_agency_header,1.0,1.0,overlap,06:statewide_overlap_layer,167.7132738537423,2,2,220.0,220.0,0.0,0.0,same_ori7_different_counts,T1_same_ori7_multiple_ori9
CA01799,CA0179951,CA,06,2024,0.0,0.0,33.0,187.0,0.0,0.0,0.0,220.0,0|0|0|0|0|33|187,nibrs_srs_equivalent_annual,12.0,7,HIGHWAY PATROL CLEAR LAKE AREA OFFICE,state_law_enforcement,0.0,033,,fbi_cde_agency_roster,1.0,1.0,overlap,06:statewide_overlap_layer,220.0,2,2,220.0,220.0,0.0,0.0,same_ori7_different_counts,T1_same_ori7_multiple_ori9
CA01899,CA0189900,CA,06,2024,0.0,0.0,0.0,0.0,0.0,0.0,0.0,0.0,0|0|0|0|0|0|0,srs_return_a_annual,0.0,0,HP LASSEN COUNTY,state_law_enforcement,0.0,035,77364,srs_agency_header,1.0,1.0,overlap,06:statewide_overlap_layer,39.9133801181556,2,2,8.0,8.0,0.0,0.0,same_ori7_different_counts,T1_same_ori7_multiple_ori9
CA01899,CA0189940,CA,06,2024,0.0,0.0,1.0,7.0,0.0,0.0,0.0,8.0,0|0|0|0|0|1|7,nibrs_srs_equivalent_annual,12.0,7,HIGHWAY PATROL SUSANVILLE AREA OFFICE,state_law_enforcement,0.0,035,,fbi_cde_agency_roster,1.0,1.0,overlap,06:statewide_overlap_layer,8.0,2,2,8.0,8.0,0.0,0.0,same_ori7_different_counts,T1_same_ori7_multiple_ori9
CA02199,CA0219900,CA,06,2024,0.0,0.0,0.0,0.0,0.0,0.0,0.0,0.0,0|0|0|0|0|0|0,srs_return_a_annual,0.0,0,HP MARIN COUNTY,state_law_enforcement,0.0,041,45820,srs_agency_header,1.0,1.0,overlap,06:statewide_overlap_layer,139.16707711455143,2,2,86.0,86.0,0.0,0.0,same_ori7_different_counts,T1_same_ori7_multiple_ori9
CA02199,CA0219950,CA,06,2024,10.0,20.0,13.0,42.0,0.0,0.0,1.0,86.0,0|0|1|10|20|13|42,nibrs_srs_equivalent_annual,12.0,7,HIGHWAY PATROL MARIN AREA OFFICE,state_law_enforcement,0.0,041,,fbi_cde_agency_roster,1.0,1.0,overlap,06:statewide_overlap_layer,86.0,2,2,86.0,86.0,0.0,0.0,same_ori7_different_counts,T1_same_ori7_multiple_ori9
CA02299,CA0229900,CA,06,2024,0.0,0.0,0.0,0.0,0.0,0.0,0.0,0.0,0|0|0|0|0|0|0,srs_return_a_annual,0.0,0,HP MARIPOSA COUNTY,state_law_enforcement,0.0,043,45932,srs_agency_header,1.0,1.0,overlap,06:statewide_overlap_layer,9.376163289676636,2,2,13.0,13.0,0.0,0.0,same_ori7_different_counts,T1_same_ori7_multiple_ori9
CA02299,CA0229955,CA,06,2024,0.0,0.0,3.0,10.0,0.0,0.0,0.0,13.0,0|0|0|0|0|3|10,nibrs_srs_equivalent_annual,12.0,7,HIGHWAY PATROL MARIPOSA AREA OFFICE,state_law_enforcement,0.0,043,,fbi_cde_agency_roster,1.0,1.0,overlap,06:statewide_overlap_layer,13.0,2,2,13.0,13.0,0.0,0.0,same_ori7_different_counts,T1_same_ori7_multiple_ori9
CA02399,CA0239900,CA,06,2024,0.0,0.0,0.0,0.0,0.0,0.0,0.0,0.0,0|0|0|0|0|0|0,srs_return_a_annual,0.0,0,HP MENDOCINO COUNTY,state_law_enforcement,0.0,045,81134,srs_agency_header,1.0,1.0,overlap,06:statewide_overlap_layer,138.72208274862814,2,2,92.0,92.0,0.0,0.0,same_ori7_different_counts,T1_same_ori7_multiple_ori9
CA02399,CA0239950,CA,06,2024,3.0,1.0,18.0,70.0,0.0,0.0,0.0,92.0,0|0|0|3|1|18|70,nibrs_srs_equivalent_annual,12.0,7,HIGHWAY PATROL UKIAH AREA OFFICE,state_law_enforcement,0.0,045,,fbi_cde_agency_roster,1.0,1.0,overlap,06:statewide_overlap_layer,92.0,2,2,92.0,92.0,0.0,0.0,same_ori7_different_counts,T1_same_ori7_multiple_ori9
CA02699,CA0269900,CA,06,2024,0.0,0.0,0.0,0.0,0.0,0.0,0.0,0.0,0|0|0|0|0|0|0,srs_return_a_annual,0.0,0,HP MONO COUNTY,state_law_enforcement,0.0,051,08240,srs_agency_header,1.0,1.0,overlap,06:statewide_overlap_layer,2.980666830819878,2,2,2.0,2.0,0.0,0.0,same_ori7_different_counts,T1_same_ori7_multiple_ori9
CA02699,CA0269920,CA,06,2024,0.0,0.0,1.0,1.0,0.0,0.0,0.0,2.0,0|0|0|0|0|1|1,nibrs_srs_equivalent_annual,12.0,7,HIGHWAY PATROL BRIDGEPORT AREA OFFICE,state_law_enforcement,0.0,051,,fbi_cde_agency_roster,1.0,1.0,overlap,06:statewide_overlap_layer,2.0,2,2,2.0,2.0,0.0,0.0,same_ori7_different_counts,T1_same_ori7_multiple_ori9
CA02809,CA0280900,CA,06,2024,0.0,0.0,0.0,0.0,0.0,0.0,0.0,0.0,0|0|0|0|0|0|0,srs_return_a_annual,0.0,0,AMERICAN CANYON,local_police,20571.0,055,01640,srs_agency_header,1.0,1.0,exclusive,06:municipal:place:0601640,416.5497699351992,2,2,332.0,332.0,0.0,0.0,same_ori7_different_counts,T1_same_ori7_multiple_ori9
CA02809,CA028090X,CA,06,2024,43.0,9.0,204.0,50.0,1.0,11.0,14.0,332.0,1|11|14|43|9|204|50,nibrs_srs_equivalent_annual,12.0,7,AMERICAN CANYON POLICE DEPARTMENT,local_police,21412.0,055,,fbi_cde_agency_roster,1.0,1.0,exclusive,06:municipal:place:0601640,332.0,2,2,332.0,332.0,0.0,0.0,same_ori7_different_counts,T1_same_ori7_multiple_ori9
CA02810,CA0281000,CA,06,2024,0.0,0.0,0.0,0.0,0.0,0.0,0.0,0.0,0|0|0|0|0|0|0,srs_return_a_annual,0.0,0,YOUNTVILLE,special_jurisdiction,2988.0,055,86930,srs_agency_header,1.0,1.0,overlap,06:statewide_overlap_layer,32.41698242176392,2,2,14.0,14.0,0.0,0.0,same_ori7_different_counts,T1_same_ori7_multiple_ori9
CA02810,CA028100X,CA,06,2024,1.0,0.0,10.0,1.0,0.0,1.0,1.0,14.0,0|1|1|1|0|10|1,nibrs_srs_equivalent_annual,12.0,7,YOUNTVILLE POLICE DEPARTMENT,local_police,3349.0,055,,fbi_cde_agency_roster,1.0,1.0,unresolved,06:state_nonmunicipal_remainder,14.0,2,2,14.0,14.0,0.0,0.0,same_ori7_different_counts,T1_same_ori7_multiple_ori9
CA02899,CA0289900,CA,06,2024,0.0,0.0,0.0,0.0,0.0,0.0,0.0,0.0,0|0|0|0|0|0|0,srs_return_a_annual,0.0,0,HP NAPA COUNTY,state_law_enforcement,0.0,055,50258,srs_agency_header,1.0,1.0,overlap,06:statewide_overlap_layer,32.63728938774943,2,2,68.0,68.0,0.0,0.0,same_ori7_different_counts,T1_same_ori7_multiple_ori9
CA02899,CA0289925,CA,06,2024,2.0,1.0,20.0,45.0,0.0,0.0,0.0,68.0,0|0|0|2|1|20|45,nibrs_srs_equivalent_annual,12.0,7,HIGHWAY PATROL NAPA AREA OFFICE,state_law_enforcement,0.0,055,,fbi_cde_agency_roster,1.0,1.0,overlap,06:statewide_overlap_layer,68.0,2,2,68.0,68.0,0.0,0.0,same_ori7_different_counts,T1_same_ori7_multiple_ori9
CA02999,CA0299900,CA,06,2024,0.0,0.0,0.0,0.0,0.0,0.0,0.0,0.0,0|0|0|0|0|0|0,srs_return_a_annual,0.0,0,HP NEVADA COUNTY,state_law_enforcement,0.0,057,80588,srs_agency_header,1.0,1.0,overlap,06:statewide_overlap_layer,92.47168045923104,2,2,67.0,67.0,0.0,0.0,same_ori7_different_counts,T1_same_ori7_multiple_ori9
CA02999,CA0299930,CA,06,2024,0.0,0.0,14.0,53.0,0.0,0.0,0.0,67.0,0|0|0|0|0|14|53,nibrs_srs_equivalent_annual,12.0,7,HIGHWAY PATROL GRASS VALLEY AREA OFFICE,state_law_enforcement,0.0,057,,fbi_cde_agency_roster,1.0,1.0,overlap,06:statewide_overlap_layer,67.0,2,2,67.0,67.0,0.0,0.0,same_ori7_different_counts,T1_same_ori7_multiple_ori9
CA03199,CA0319900,CA,06,2024,0.0,0.0,0.0,0.0,0.0,0.0,0.0,0.0,0|0|0|0|0|0|0,srs_return_a_annual,0.0,0,HP PLACER COUNTY,state_law_enforcement,0.0,061,03204,srs_agency_header,1.0,1.0,overlap,06:statewide_overlap_layer,173.03104681422428,2,2,123.0,123.0,0.0,0.0,same_ori7_different_counts,T1_same_ori7_multiple_ori9
CA03199,CA0319920,CA,06,2024,2.0,0.0,56.0,64.0,0.0,0.0,1.0,123.0,0|0|1|2|0|56|64,nibrs_srs_equivalent_annual,12.0,7,HIGHWAY PATROL AUBURN AREA OFFICE,state_law_enforcement,0.0,061,,fbi_cde_agency_roster,1.0,1.0,overlap,06:statewide_overlap_layer,123.0,2,2,123.0,123.0,0.0,0.0,same_ori7_different_counts,T1_same_ori7_multiple_ori9
CA03299,CA0329900,CA,06,2024,0.0,0.0,0.0,0.0,0.0,0.0,0.0,0.0,0|0|0|0|0|0|0,srs_return_a_annual,0.0,0,HP PLUMAS COUNTY,state_law_enforcement,0.0,063,59080,srs_agency_header,1.0,1.0,overlap,06:statewide_overlap_layer,22.14686190649321,2,2,1.0,1.0,0.0,0.0,same_ori7_different_counts,T1_same_ori7_multiple_ori9
CA03299,CA0329965,CA,06,2024,0.0,0.0,1.0,0.0,0.0,0.0,0.0,1.0,0|0|0|0|0|1|0,nibrs_srs_equivalent_annual,12.0,7,HIGHWAY PATROL QUINCY AREA OFFICE,state_law_enforcement,0.0,063,,fbi_cde_agency_roster,1.0,1.0,overlap,06:statewide_overlap_layer,1.0,2,2,1.0,1.0,0.0,0.0,same_ori7_different_counts,T1_same_ori7_multiple_ori9
CA03412,CA0341200,CA,06,2024,0.0,0.0,0.0,0.0,0.0,0.0,0.0,0.0,0|0|0|0|0|0|0,srs_return_a_annual,0.0,0,DPR GOLD FIELDS DISTRIC,special_jurisdiction,0.0,067,99067,srs_agency_header,1.0,1.0,overlap,06:statewide_overlap_layer,41.49038846099523,2,2,47.0,47.0,0.0,0.0,same_ori7_different_counts,T1_same_ori7_multiple_ori9
CA03412,CA0341201,CA,06,2024,18.0,14.0,7.0,0.0,0.0,5.0,3.0,47.0,0|5|3|18|14|7|0,nibrs_srs_equivalent_annual,12.0,7,CALIFORNIA STATE PARKS GOLD FIELDS,unknown,0.0,067,,fbi_cde_agency_roster,1.0,1.0,overlap,06:statewide_overlap_layer,47.0,2,2,47.0,47.0,0.0,0.0,same_ori7_different_counts,T1_same_ori7_multiple_ori9
CA03899,CA0389900,CA,06,2024,0.0,0.0,0.0,0.0,0.0,0.0,0.0,0.0,0|0|0|0|0|0|0,srs_return_a_annual,0.0,0,HP SAN FRANCISCO COUNTY,state_law_enforcement,0.0,075,67000,srs_agency_header,1.0,1.0,overlap,06:statewide_overlap_layer,38.32858293868096,2,2,14.0,14.0,0.0,0.0,same_ori7_different_counts,T1_same_ori7_multiple_ori9
CA03899,CA0389935,CA,06,2024,0.0,0.0,8.0,6.0,0.0,0.0,0.0,14.0,0|0|0|0|0|8|6,nibrs_srs_equivalent_annual,12.0,7,HIGHWAY PATROL SAN FRANCISCO AREA OFFICE,state_law_enforcement,0.0,075,,fbi_cde_agency_roster,1.0,1.0,overlap,06:statewide_overlap_layer,14.0,2,2,14.0,14.0,0.0,0.0,same_ori7_different_counts,T1_same_ori7_multiple_ori9
CA04499,CA0449900,CA,06,2024,0.0,0.0,0.0,0.0,0.0,0.0,0.0,0.0,0|0|0|0|0|0|0,srs_return_a_annual,0.0,0,HP SANTA CRUZ COUNTY,state_law_enforcement,0.0,087,69112,srs_agency_header,1.0,1.0,overlap,06:statewide_overlap_layer,461.922436891902,2,2,212.0,212.0,0.0,0.0,same_ori7_different_counts,T1_same_ori7_multiple_ori9
CA04499,CA0449920,CA,06,2024,0.0,0.0,99.0,113.0,0.0,0.0,0.0,212.0,0|0|0|0|0|99|113,nibrs_srs_equivalent_annual,12.0,7,HIGHWAY PATROL SANTA CRUZ AREA OFFICE,state_law_enforcement,0.0,087,,fbi_cde_agency_roster,1.0,1.0,overlap,06:statewide_overlap_layer,212.0,2,2,212.0,212.0,0.0,0.0,same_ori7_different_counts,T1_same_ori7_multiple_ori9
CA04999,CA0499900,CA,06,2024,0.0,0.0,0.0,0.0,0.0,0.0,0.0,0.0,0|0|0|0|0|0|0,srs_return_a_annual,0.0,0,HP SONOMA COUNTY,state_law_enforcement,0.0,097,70098,srs_agency_header,1.0,1.0,overlap,06:statewide_overlap_layer,121.60936072379975,2,2,154.0,154.0,0.0,0.0,same_ori7_different_counts,T1_same_ori7_multiple_ori9
CA04999,CA0499960,CA,06,2024,0.0,0.0,53.0,101.0,0.0,0.0,0.0,154.0,0|0|0|0|0|53|101,nibrs_srs_equivalent_annual,12.0,7,HIGHWAY PATROL SANTA ROSA AREA OFFICE,state_law_enforcement,0.0,097,,fbi_cde_agency_roster,1.0,1.0,overlap,06:statewide_overlap_layer,154.0,2,2,154.0,154.0,0.0,0.0,same_ori7_different_counts,T1_same_ori7_multiple_ori9
CA05099,CA0509900,CA,06,2024,0.0,0.0,0.0,0.0,0.0,0.0,0.0,0.0,0|0|0|0|0|0|0,srs_return_a_annual,0.0,0,HP STANISLAUS COUNTY,state_law_enforcement,0.0,099,48354,srs_agency_header,1.0,1.0,overlap,06:statewide_overlap_layer,313.86591216385136,2,2,359.0,359.0,0.0,0.0,same_ori7_different_counts,T1_same_ori7_multiple_ori9
CA05099,CA0509965,CA,06,2024,0.0,0.0,60.0,299.0,0.0,0.0,0.0,359.0,0|0|0|0|0|60|299,nibrs_srs_equivalent_annual,12.0,7,HIGHWAY PATROL MODESTO AREA OFFICE,state_law_enforcement,0.0,099,,fbi_cde_agency_roster,1.0,1.0,overlap,06:statewide_overlap_layer,359.0,2,2,359.0,359.0,0.0,0.0,same_ori7_different_counts,T1_same_ori7_multiple_ori9
CA05199,CA0519900,CA,06,2024,0.0,0.0,0.0,0.0,0.0,0.0,0.0,0.0,0|0|0|0|0|0|0,srs_return_a_annual,0.0,0,HP SUTTER COUNTY,state_law_enforcement,0.0,101,86972,srs_agency_header,1.0,1.0,overlap,06:statewide_overlap_layer,50.523119013430005,2,2,188.0,188.0,0.0,0.0,same_ori7_different_counts,T1_same_ori7_multiple_ori9
CA05199,CA0519985,CA,06,2024,0.0,0.0,2.0,186.0,0.0,0.0,0.0,188.0,0|0|0|0|0|2|186,nibrs_srs_equivalent_annual,12.0,7,HIGHWAY PATROL YUBA SUTTER AREA OFFICE,state_law_enforcement,0.0,101,,fbi_cde_agency_roster,1.0,1.0,overlap,06:statewide_overlap_layer,188.0,2,2,188.0,188.0,0.0,0.0,same_ori7_different_counts,T1_same_ori7_multiple_ori9
CA05399,CA0539900,CA,06,2024,0.0,0.0,0.0,0.0,0.0,0.0,0.0,0.0,0|0|0|0|0|0|0,srs_return_a_annual,0.0,0,HP TRINITY COUNTY,state_law_enforcement,0.0,105,99105,srs_agency_header,1.0,1.0,overlap,06:statewide_overlap_layer,53.49699066653945,2,2,33.0,33.0,0.0,0.0,same_ori7_different_counts,T1_same_ori7_multiple_ori9
CA05399,CA0539975,CA,06,2024,2.0,1.0,6.0,24.0,0.0,0.0,0.0,33.0,0|0|0|2|1|6|24,nibrs_srs_equivalent_annual,12.0,7,HIGHWAY PATROL TRINITY RIVER AREA OFFICE,state_law_enforcement,0.0,105,,fbi_cde_agency_roster,1.0,1.0,overlap,06:statewide_overlap_layer,33.0,2,2,33.0,33.0,0.0,0.0,same_ori7_different_counts,T1_same_ori7_multiple_ori9
CA05599,CA0559900,CA,06,2024,0.0,0.0,0.0,0.0,0.0,0.0,0.0,0.0,0|0|0|0|0|0|0,srs_return_a_annual,0.0,0,HP TUOLUMNE COUNTY,state_law_enforcement,0.0,109,99109,srs_agency_header,1.0,1.0,overlap,06:statewide_overlap_layer,130.52316357971654,2,2,7.0,7.0,0.0,0.0,same_ori7_different_counts,T1_same_ori7_multiple_ori9
CA05599,CA0559925,CA,06,2024,0.0,0.0,0.0,7.0,0.0,0.0,0.0,7.0,0|0|0|0|0|0|7,nibrs_srs_equivalent_annual,12.0,7,HIGHWAY PATROL SONORA AREA OFFICE,state_law_enforcement,0.0,109,,fbi_cde_agency_roster,1.0,1.0,overlap,06:statewide_overlap_layer,7.0,2,2,7.0,7.0,0.0,0.0,same_ori7_different_counts,T1_same_ori7_multiple_ori9
CA05699,CA0569900,CA,06,2024,0.0,0.0,0.0,0.0,0.0,0.0,0.0,0.0,0|0|0|0|0|0|0,srs_return_a_annual,0.0,0,HP VENTURA COUNTY,state_law_enforcement,0.0,111,82282,srs_agency_header,1.0,1.0,overlap,06:statewide_overlap_layer,40.59664328123674,2,2,2.0,2.0,0.0,0.0,same_ori7_different_counts,T1_same_ori7_multiple_ori9
CA05699,CA0569965,CA,06,2024,0.0,0.0,0.0,2.0,0.0,0.0,0.0,2.0,0|0|0|0|0|0|2,nibrs_srs_equivalent_annual,12.0,7,HIGHWAY PATROL VENTURA AREA OFFICE,state_law_enforcement,0.0,111,,fbi_cde_agency_roster,1.0,1.0,overlap,06:statewide_overlap_layer,2.0,2,2,2.0,2.0,0.0,0.0,same_ori7_different_counts,T1_same_ori7_multiple_ori9
CA05799,CA0579900,CA,06,2024,0.0,0.0,0.0,0.0,0.0,0.0,0.0,0.0,0|0|0|0|0|0|0,srs_return_a_annual,0.0,0,HP YOLO COUNTY,state_law_enforcement,0.0,113,86328,srs_agency_header,1.0,1.0,overlap,06:statewide_overlap_layer,46.600054406386654,2,2,23.0,23.0,0.0,0.0,same_ori7_different_counts,T1_same_ori7_multiple_ori9
CA05799,CA0579980,CA,06,2024,0.0,0.0,5.0,18.0,0.0,0.0,0.0,23.0,0|0|0|0|0|5|18,nibrs_srs_equivalent_annual,12.0,7,HIGHWAY PATROL WOODLAND AREA OFFICE,state_law_enforcement,0.0,113,,fbi_cde_agency_roster,1.0,1.0,overlap,06:statewide_overlap_layer,23.0,2,2,23.0,23.0,0.0,0.0,same_ori7_different_counts,T1_same_ori7_multiple_ori9
CO03401,CO0340100,CO,08,2024,0.0,0.0,0.0,0.0,0.0,0.0,0.0,0.0,0|0|0|0|0|0|0,srs_return_a_annual,0.0,0,DURANGO,local_police,19995.0,067,22035,srs_agency_header,1.0,1.0,exclusive,08:municipal:place:0822035,661.2671539873213,2,2,29.0,29.0,0.0,0.0,same_ori7_different_counts,T1_same_ori7_multiple_ori9
CO03401,CO034019E,CO,08,2024,3.0,1.0,19.0,1.0,0.0,5.0,0.0,29.0,0|5|0|3|1|19|1,nibrs_srs_equivalent_annual,12.0,7,DURANGO,special_jurisdiction,0.0,067,,fbi_cde_agency_roster,1.0,1.0,overlap,08:statewide_overlap_layer,29.0,2,2,29.0,29.0,0.0,0.0,same_ori7_different_counts,T1_same_ori7_multiple_ori9
MA00704,MA0070400,MA,25,2024,0.0,0.0,0.0,0.0,0.0,0.0,0.0,0.0,0|0|0|0|0|0|0,cius_publication_annual,12.0,7,CHESTER,local_police,1388.0,013,13485,srs_agency_header,1.0,1.0,exclusive,25:municipal:cousub:2501313485,0.0,2,2,13.0,13.0,0.0,0.0,same_ori7_different_counts,T1_same_ori7_multiple_ori9
MA00704,MA007049E,MA,25,2024,0.0,3.0,2.0,8.0,0.0,0.0,0.0,13.0,0|0|0|0|3|2|8,nibrs_srs_equivalent_annual,12.0,7,SPRINGFIELD,special_jurisdiction,0.0,013,,fbi_cde_agency_roster,1.0,1.0,overlap,25:statewide_overlap_layer,13.0,2,2,13.0,13.0,0.0,0.0,same_ori7_different_counts,T1_same_ori7_multiple_ori9
TX22728,TX2272800,TX,48,2024,0.0,0.0,0.0,0.0,0.0,0.0,0.0,0.0,0|0|0|0|0|0|0,srs_return_a_annual,0.0,0,TX COMPTLR PUBLIC ACCTS,unknown,,453,,leaic_crosswalk,1.0,1.0,overlap,48:statewide_overlap_layer,33.216443875255294,2,2,73.0,73.0,0.0,0.0,same_ori7_different_counts,T1_same_ori7_multiple_ori9
TX22728,TX227289E,TX,48,2024,2.0,10.0,56.0,3.0,0.0,2.0,0.0,73.0,0|2|0|2|10|56|3,nibrs_srs_equivalent_annual,12.0,7,AUSTIN COMMUNITY COLLEGE DISTRICT,special_jurisdiction,0.0,453,,fbi_cde_agency_roster,1.0,1.0,overlap,48:statewide_overlap_layer,73.0,2,2,73.0,73.0,0.0,0.0,same_ori7_different_counts,T1_same_ori7_multiple_ori9
MI63190,MI6319000,MI,26,2023,563.0,232.0,768.0,187.0,9.0,33.0,67.0,1859.0,9|33|67|563|232|768|187,srs_return_a_annual,12.0,7,PONTIAC,unknown,,,,,1.0,1.0,exclusive,26:municipal:place:2665440,1619.0,2,1,3718.0,1859.0,1859.0,1859.0,identical_7_offense_vector,T1_same_ori7_multiple_ori9
MI63190,MI631900X,MI,26,2023,563.0,232.0,768.0,187.0,9.0,33.0,67.0,1859.0,9|33|67|563|232|768|187,nibrs_srs_equivalent_annual,12.0,7,,local_police,61871.0,125,,fbi_cde_agency_roster,1.0,1.0,exclusive,26:state_nonmunicipal_remainder,1619.0,2,1,3718.0,1859.0,1859.0,1859.0,identical_7_offense_vector,T1_same_ori7_multiple_ori9
CA03455,CA0345500,CA,06,2023,250.0,392.0,1022.0,385.0,5.0,19.0,95.0,2168.0,5|19|95|250|392|1022|385,cius_publication_annual,12.0,7,RANCHO CORDOVA,local_police,,067,59444,srs_agency_header,1.0,1.0,exclusive,06:municipal:place:0659444,2122.0,2,2,3987.0,2168.0,1819.0,1819.0,same_ori7_different_counts,T1_same_ori7_multiple_ori9
CA03455,CA034550X,CA,06,2023,214.0,317.0,873.0,312.0,4.0,17.0,82.0,1819.0,4|17|82|214|317|873|312,nibrs_srs_equivalent_annual,10.0,7,SACRAMENTO,local_police,83622.0,067,,fbi_cde_agency_roster,1.0,1.0,exclusive,06:municipal:place:0664000,2122.0,2,2,3987.0,2168.0,1819.0,1819.0,same_ori7_different_counts,T1_same_ori7_multiple_ori9
CA00130,CA0013000,CA,06,2023,66.0,85.0,1016.0,117.0,1.0,6.0,34.0,1325.0,1|6|34|66|85|1016|117,cius_publication_annual,12.0,7,DUBLIN,local_police,,001,20018,srs_agency_header,1.0,1.0,exclusive,06:municipal:place:0620018,1411.0,2,1,2650.0,1325.0,1325.0,1325.0,identical_7_offense_vector,T1_same_ori7_multiple_ori9
CA00130,CA001300X,CA,06,2023,66.0,85.0,1016.0,117.0,1.0,6.0,34.0,1325.0,1|6|34|66|85|1016|117,nibrs_srs_equivalent_annual,12.0,7,OAKLAND,local_police,71833.0,001,,fbi_cde_agency_roster,1.0,1.0,exclusive,06:municipal:place:0653000,1411.0,2,1,2650.0,1325.0,1325.0,1325.0,identical_7_offense_vector,T1_same_ori7_multiple_ori9
CA03035,CA0303500,CA,06,2023,91.0,114.0,894.0,133.0,1.0,0.0,36.0,1269.0,1|0|36|91|114|894|133,cius_publication_annual,12.0,7,MISSION VIEJO,local_police,,059,48256,srs_agency_header,1.0,1.0,exclusive,06:municipal:place:0648256,1153.0,2,1,2538.0,1269.0,1269.0,1269.0,identical_7_offense_vector,T1_same_ori7_multiple_ori9
CA03035,CA030350X,CA,06,2023,91.0,114.0,894.0,133.0,1.0,0.0,36.0,1269.0,1|0|36|91|114|894|133,nibrs_srs_equivalent_annual,12.0,7,SANTA ANA,local_police,96419.0,059,,fbi_cde_agency_roster,1.0,1.0,exclusive,06:municipal:place:0669000,1153.0,2,1,2538.0,1269.0,1269.0,1269.0,identical_7_offense_vector,T1_same_ori7_multiple_ori9
CA03499,CA0349900,CA,06,2023,1.0,1.0,95.0,184.0,0.0,0.0,0.0,281.0,0|0|0|1|1|95|184,nibrs_srs_equivalent_annual|srs_return_a_annual,12.0,7,HP SACRAMENTO COUNTY,state_law_enforcement,0.0,067,99067,srs_agency_header,1.0,1.0,overlap,06:statewide_overlap_layer,191.0,6,6,3369.0,2346.0,5.0,1023.0,same_ori7_different_counts,T1_same_ori7_multiple_ori9
CA03499,CA0349901,CA,06,2023,0.0,0.0,1.0,4.0,0.0,0.0,0.0,5.0,0|0|0|0|0|1|4,nibrs_srs_equivalent_annual,12.0,7,,state_law_enforcement,0.0,067,,fbi_cde_agency_roster,1.0,1.0,overlap,06:statewide_overlap_layer,21.0,6,6,3369.0,2346.0,5.0,1023.0,same_ori7_different_counts,T1_same_ori7_multiple_ori9
CA03499,CA0349917,CA,06,2023,2.0,4.0,18.0,5.0,1.0,0.0,1.0,31.0,1|0|1|2|4|18|5,nibrs_srs_equivalent_annual,12.0,7,,state_law_enforcement,0.0,067,,fbi_cde_agency_roster,1.0,1.0,overlap,06:statewide_overlap_layer,32.0,6,6,3369.0,2346.0,5.0,1023.0,same_ori7_different_counts,T1_same_ori7_multiple_ori9
CA03499,CA0349950,CA,06,2023,0.0,0.0,662.0,1684.0,0.0,0.0,0.0,2346.0,0|0|0|0|0|662|1684,nibrs_srs_equivalent_annual,12.0,7,HIGHWAY PATROL NORTH SACRAMENTO AREA OFFICE,state_law_enforcement,0.0,067,,fbi_cde_agency_roster,1.0,1.0,overlap,06:statewide_overlap_layer,1554.0,6,6,3369.0,2346.0,5.0,1023.0,same_ori7_different_counts,T1_same_ori7_multiple_ori9
CA03499,CA0349952,CA,06,2023,0.0,0.0,82.0,401.0,0.0,0.0,0.0,483.0,0|0|0|0|0|82|401,nibrs_srs_equivalent_annual,12.0,7,HIGHWAY PATROL SOUTH SACRAMENTO AREA OFFICE,state_law_enforcement,0.0,067,,fbi_cde_agency_roster,1.0,1.0,overlap,06:statewide_overlap_layer,702.0,6,6,3369.0,2346.0,5.0,1023.0,same_ori7_different_counts,T1_same_ori7_multiple_ori9
CA03499,CA0349960,CA,06,2023,0.0,0.0,52.0,171.0,0.0,0.0,0.0,223.0,0|0|0|0|0|52|171,nibrs_srs_equivalent_annual,12.0,7,HIGHWAY PATROL EAST SACRAMENTO AREA OFFICE,state_law_enforcement,0.0,067,,fbi_cde_agency_roster,1.0,1.0,overlap,06:statewide_overlap_layer,171.0,6,6,3369.0,2346.0,5.0,1023.0,same_ori7_different_counts,T1_same_ori7_multiple_ori9
CA03043,CA0304300,CA,06,2023,75.0,121.0,590.0,129.0,3.0,2.0,33.0,953.0,3|2|33|75|121|590|129,cius_publication_annual,12.0,7,LAKE FOREST,local_police,,059,39496,srs_agency_header,1.0,1.0,exclusive,06:municipal:place:0639496,837.0,2,1,1906.0,953.0,953.0,953.0,identical_7_offense_vector,T1_same_ori7_multiple_ori9
CA03043,CA030430X,CA,06,2023,75.0,121.0,590.0,129.0,3.0,2.0,33.0,953.0,3|2|33|75|121|590|129,nibrs_srs_equivalent_annual,12.0,7,SANTA ANA,local_police,86691.0,059,,fbi_cde_agency_roster,1.0,1.0,exclusive,06:municipal:place:0669000,837.0,2,1,1906.0,953.0,953.0,953.0,identical_7_offense_vector,T1_same_ori7_multiple_ori9
FL01367,FL0136700,FL,12,2023,38.0,27.0,660.0,62.0,0.0,8.0,33.0,828.0,0|8|33|38|27|660|62,srs_return_a_annual,12.0,7,CUTLER BAY,local_police,,086,15968,srs_agency_header,1.0,1.0,exclusive,12:municipal:place:1215968,662.0,2,1,1656.0,828.0,828.0,828.0,identical_7_offense_vector,T1_same_ori7_multiple_ori9
FL01367,FL013670X,FL,12,2023,38.0,27.0,660.0,62.0,0.0,8.0,33.0,828.0,0|8|33|38|27|660|62,nibrs_srs_equivalent_annual,12.0,7,CUTLER BAY,local_police,45807.0,086,,fbi_cde_agency_roster,1.0,1.0,exclusive,12:municipal:place:1215968,654.0,2,1,1656.0,828.0,828.0,828.0,identical_7_offense_vector,T1_same_ori7_multiple_ori9
CA00734,CA0073400,CA,06,2023,95.0,88.0,326.0,153.0,2.0,8.0,26.0,698.0,2|8|26|95|88|326|153,cius_publication_annual,12.0,7,OAKLEY,local_police,,013,53070,srs_agency_header,1.0,1.0,exclusive,06:municipal:place:0653070,518.0,2,1,1396.0,698.0,698.0,698.0,identical_7_offense_vector,T1_same_ori7_multiple_ori9
CA00734,CA007340X,CA,06,2023,95.0,88.0,326.0,153.0,2.0,8.0,26.0,698.0,2|8|26|95|88|326|153,nibrs_srs_equivalent_annual,12.0,7,MARTINEZ,local_police,46548.0,013,,fbi_cde_agency_roster,1.0,1.0,unresolved,06:state_nonmunicipal_remainder,518.0,2,1,1396.0,698.0,698.0,698.0,identical_7_offense_vector,T1_same_ori7_multiple_ori9
CA03039,CA0303900,CA,06,2023,40.0,82.0,462.0,81.0,0.0,1.0,25.0,691.0,0|1|25|40|82|462|81,cius_publication_annual,12.0,7,LAGUNA NIGUEL,local_police,,059,39248,srs_agency_header,1.0,1.0,exclusive,06:municipal:place:0639248,643.0,2,2,1383.0,692.0,691.0,691.0,near_identical_total_ge_085,T1_same_ori7_multiple_ori9
CA03039,CA030390X,CA,06,2023,40.0,83.0,462.0,81.0,0.0,1.0,25.0,692.0,0|1|25|40|83|462|81,nibrs_srs_equivalent_annual,12.0,7,SANTA ANA,local_police,66806.0,059,,fbi_cde_agency_roster,1.0,1.0,exclusive,06:municipal:place:0669000,643.0,2,2,1383.0,692.0,691.0,691.0,near_identical_total_ge_085,T1_same_ori7_multiple_ori9
MI63191,MI6319100,MI,26,2023,35.0,59.0,452.0,72.0,0.0,14.0,5.0,637.0,0|14|5|35|59|452|72,srs_return_a_annual,12.0,7,ROCHESTER HILLS,unknown,,,,,1.0,1.0,exclusive,26:municipal:place:2669035,474.0,2,1,1274.0,637.0,637.0,637.0,identical_7_offense_vector,T1_same_ori7_multiple_ori9
MI63191,MI631910X,MI,26,2023,35.0,59.0,452.0,72.0,0.0,14.0,5.0,637.0,0|14|5|35|59|452|72,nibrs_srs_equivalent_annual,12.0,7,,local_police,75960.0,125,,fbi_cde_agency_roster,1.0,1.0,exclusive,26:municipal:place:2669035,474.0,2,1,1274.0,637.0,637.0,637.0,identical_7_offense_vector,T1_same_ori7_multiple_ori9
GA06024,GA0602400,GA,13,2023,14.0,1.0,481.0,96.0,0.0,0.0,3.0,595.0,0|0|3|14|1|481|96,srs_return_a_annual,12.0,7,HRTSFLD JCKSN ATL INT AP,special_jurisdiction,,121,04000,srs_agency_header,1.0,1.0,overlap,13:statewide_overlap_layer,1028.697243683151,2,1,1190.0,595.0,595.0,595.0,identical_7_offense_vector,T1_same_ori7_multiple_ori9
GA06024,GA060240X,GA,13,2023,14.0,1.0,481.0,96.0,0.0,0.0,3.0,595.0,0|0|3|14|1|481|96,nibrs_srs_equivalent_annual,12.0,7,ATLANTA,unknown,0.0,121,,fbi_cde_agency_roster,1.0,1.0,overlap,13:statewide_overlap_layer,856.0,2,1,1190.0,595.0,595.0,595.0,identical_7_offense_vector,T1_same_ori7_multiple_ori9
MA00962,MA0096200,MA,25,2023,12.0,28.0,366.0,140.0,0.0,8.0,2.0,556.0,0|8|2|12|28|366|140,srs_return_a_annual,12.0,7,HARVARD UNIVERSITY,special_jurisdiction,,017,11000,srs_agency_header,1.0,1.0,overlap,25:statewide_overlap_layer,584.0,2,1,1112.0,556.0,556.0,556.0,identical_7_offense_vector,T1_same_ori7_multiple_ori9
MA00962,MA009629E,MA,25,2023,12.0,28.0,366.0,140.0,0.0,8.0,2.0,556.0,0|8|2|12|28|366|140,nibrs_srs_equivalent_annual,12.0,7,CAMBRIDGE,special_jurisdiction,0.0,017,,fbi_cde_agency_roster,1.0,1.0,overlap,25:statewide_overlap_layer,584.0,2,1,1112.0,556.0,556.0,556.0,identical_7_offense_vector,T1_same_ori7_multiple_ori9
WI04124,WI0412400,WI,55,2023,35.0,51.0,295.0,121.0,0.0,6.0,17.0,525.0,0|6|17|35|51|295|121,srs_return_a_annual,12.0,7,MARQUETTE UNIVERSITY,unknown,,,,,1.0,1.0,overlap,55:statewide_overlap_layer,438.0,2,1,1050.0,525.0,525.0,525.0,identical_7_offense_vector,T1_same_ori7_multiple_ori9
WI04124,WI041249E,WI,55,2023,35.0,51.0,295.0,121.0,0.0,6.0,17.0,525.0,0|6|17|35|51|295|121,nibrs_srs_equivalent_annual,12.0,7,,special_jurisdiction,0.0,079,,fbi_cde_agency_roster,1.0,1.0,overlap,55:statewide_overlap_layer,438.0,2,1,1050.0,525.0,525.0,525.0,identical_7_offense_vector,T1_same_ori7_multiple_ori9
FL01395,FL0139500,FL,12,2023,29.0,32.0,389.0,41.0,0.0,4.0,10.0,505.0,0|4|10|29|32|389|41,srs_return_a_annual,12.0,7,PALMETTO BAY,local_police,,086,54275,srs_agency_header,1.0,1.0,exclusive,12:municipal:place:1254275,529.0,2,1,1010.0,505.0,505.0,505.0,identical_7_offense_vector,T1_same_ori7_multiple_ori9
FL01395,FL013950X,FL,12,2023,29.0,32.0,389.0,41.0,0.0,4.0,10.0,505.0,0|4|10|29|32|389|41,nibrs_srs_equivalent_annual,12.0,7,MIAMI,local_police,24890.0,086,,fbi_cde_agency_roster,1.0,1.0,exclusive,12:municipal:place:1245000,525.0,2,1,1010.0,505.0,505.0,505.0,identical_7_offense_vector,T1_same_ori7_multiple_ori9
CA03042,CA0304200,CA,06,2023,60.0,103.0,240.0,44.0,0.0,6.0,16.0,469.0,0|6|16|60|103|240|44,cius_publication_annual,12.0,7,LAGUNA HILLS,local_police,,059,39220,srs_agency_header,1.0,1.0,exclusive,06:municipal:place:0639220,408.0,2,1,938.0,469.0,469.0,469.0,identical_7_offense_vector,T1_same_ori7_multiple_ori9
CA03042,CA030420X,CA,06,2023,60.0,103.0,240.0,44.0,0.0,6.0,16.0,469.0,0|6|16|60|103|240|44,nibrs_srs_equivalent_annual,12.0,7,SANTA ANA,local_police,31474.0,059,,fbi_cde_agency_roster,1.0,1.0,exclusive,06:municipal:place:0669000,408.0,2,1,938.0,469.0,469.0,469.0,identical_7_offense_vector,T1_same_ori7_multiple_ori9
MA01330,MA0133000,MA,25,2023,6.0,10.0,398.0,0.0,0.0,3.0,1.0,418.0,0|3|1|6|10|398|0,srs_return_a_annual,11.0,0,BOSTON UNIVERSITY,special_jurisdiction,,025,07000,srs_agency_header,1.0,1.0,overlap,25:statewide_overlap_layer,446.0,2,1,836.0,418.0,418.0,418.0,identical_7_offense_vector,T1_same_ori7_multiple_ori9
MA01330,MA013309E,MA,25,2023,6.0,10.0,398.0,0.0,0.0,3.0,1.0,418.0,0|3|1|6|10|398|0,nibrs_srs_equivalent_annual,12.0,7,BOSTON,special_jurisdiction,0.0,025,,fbi_cde_agency_roster,1.0,1.0,overlap,25:statewide_overlap_layer,446.0,2,1,836.0,418.0,418.0,418.0,identical_7_offense_vector,T1_same_ori7_multiple_ori9
CA03049,CA0304900,CA,06,2023,44.0,39.0,267.0,54.0,0.0,0.0,13.0,417.0,0|0|13|44|39|267|54,srs_return_a_annual,12.0,7,ALISO VIEJO,local_police,,059,00947,srs_agency_header,1.0,1.0,exclusive,06:municipal:place:0600947,498.0,2,1,834.0,417.0,417.0,417.0,identical_7_offense_vector,T1_same_ori7_multiple_ori9
CA03049,CA030490X,CA,06,2023,44.0,39.0,267.0,54.0,0.0,0.0,13.0,417.0,0|0|13|44|39|267|54,nibrs_srs_equivalent_annual,12.0,7,SANTA ANA,local_police,52247.0,059,,fbi_cde_agency_roster,1.0,1.0,exclusive,06:municipal:place:0600947,498.0,2,1,834.0,417.0,417.0,417.0,identical_7_offense_vector,T1_same_ori7_multiple_ori9
FL05299,FL0529900,FL,12,2023,17.0,18.0,344.0,18.0,0.0,2.0,3.0,402.0,0|2|3|17|18|344|18,srs_return_a_annual,12.0,7,SEMINOLE,local_police,,103,64975,srs_agency_header,1.0,1.0,exclusive,12:municipal:place:1264975,1181.0,2,1,804.0,402.0,402.0,402.0,identical_7_offense_vector,T1_same_ori7_multiple_ori9
FL05299,FL052990X,FL,12,2023,17.0,18.0,344.0,18.0,0.0,2.0,3.0,402.0,0|2|3|17|18|344|18,nibrs_srs_equivalent_annual,12.0,7,LARGO,local_police,19300.0,103,,fbi_cde_agency_roster,1.0,1.0,exclusive,12:municipal:place:1239425,397.0,2,1,804.0,402.0,402.0,402.0,identical_7_offense_vector,T1_same_ori7_multiple_ori9
NC03203,NC0320300,NC,37,2023,3.0,11.0,362.0,23.0,0.0,0.0,1.0,400.0,0|0|1|3|11|362|23,cius_publication_annual,12.0,7,DUKE UNIVERSITY,special_jurisdiction,,063,19000,srs_agency_header,1.0,1.0,overlap,37:statewide_overlap_layer,322.0,2,1,800.0,400.0,400.0,400.0,identical_7_offense_vector,T1_same_ori7_multiple_ori9
NC03203,NC032039E,NC,37,2023,3.0,11.0,362.0,23.0,0.0,0.0,1.0,400.0,0|0|1|3|11|362|23,nibrs_srs_equivalent_annual,12.0,7,DURHAM,special_jurisdiction,0.0,063,,fbi_cde_agency_roster,1.0,1.0,overlap,37:statewide_overlap_layer,322.0,2,1,800.0,400.0,400.0,400.0,identical_7_offense_vector,T1_same_ori7_multiple_ori9
CA01999,CA0199900,CA,06,2023,0.0,0.0,0.0,0.0,0.0,0.0,0.0,0.0,0|0|0|0|0|0|0,srs_return_a_annual,0.0,0,HP LOS ANGELES COUNTY,state_law_enforcement,0.0,037,44000,srs_agency_header,1.0,1.0,overlap,06:statewide_overlap_layer,613.7261315361661,13,13,496.0,124.0,0.0,372.0,same_ori7_different_counts,T1_same_ori7_multiple_ori9
CA01999,CA0199901,CA,06,2023,1.0,0.0,0.0,2.0,0.0,0.0,0.0,3.0,0|0|0|1|0|0|2,nibrs_srs_equivalent_annual,12.0,7,,state_law_enforcement,0.0,037,,fbi_cde_agency_roster,1.0,1.0,overlap,06:statewide_overlap_layer,6.0,13,13,496.0,124.0,0.0,372.0,same_ori7_different_counts,T1_same_ori7_multiple_ori9
CA01999,CA0199910,CA,06,2023,0.0,0.0,0.0,6.0,0.0,0.0,0.0,6.0,0|0|0|0|0|0|6,nibrs_srs_equivalent_annual,12.0,7,,state_law_enforcement,0.0,037,,fbi_cde_agency_roster,1.0,1.0,overlap,06:statewide_overlap_layer,36.0,13,13,496.0,124.0,0.0,372.0,same_ori7_different_counts,T1_same_ori7_multiple_ori9
CA01999,CA0199925,CA,06,2023,19.0,8.0,26.0,29.0,0.0,0.0,0.0,82.0,0|0|0|19|8|26|29,nibrs_srs_equivalent_annual,12.0,7,HIGHWAY PATROL BALDWIN PARK AREA OFFICE,state_law_enforcement,0.0,037,,fbi_cde_agency_roster,1.0,1.0,overlap,06:statewide_overlap_layer,57.0,13,13,496.0,124.0,0.0,372.0,same_ori7_different_counts,T1_same_ori7_multiple_ori9
CA01999,CA0199930,CA,06,2023,10.0,1.0,33.0,51.0,0.0,0.0,0.0,95.0,0|0|0|10|1|33|51,nibrs_srs_equivalent_annual,12.0,7,HIGHWAY PATROL SOUTH LOS ANGELES AREA OFFICE,state_law_enforcement,0.0,037,,fbi_cde_agency_roster,1.0,1.0,overlap,06:statewide_overlap_layer,38.0,13,13,496.0,124.0,0.0,372.0,same_ori7_different_counts,T1_same_ori7_multiple_ori9
CA01999,CA0199935,CA,06,2023,7.0,0.0,20.0,94.0,0.0,0.0,3.0,124.0,0|0|3|7|0|20|94,nibrs_srs_equivalent_annual,12.0,7,HIGHWAY PATROL EAST LOS ANGELES AREA OFFICE,state_law_enforcement,0.0,037,,fbi_cde_agency_roster,1.0,1.0,overlap,06:statewide_overlap_layer,94.0,13,13,496.0,124.0,0.0,372.0,same_ori7_different_counts,T1_same_ori7_multiple_ori9
CA01999,CA0199940,CA,06,2023,19.0,1.0,50.0,43.0,0.0,0.0,1.0,114.0,0|0|1|19|1|50|43,nibrs_srs_equivalent_annual,12.0,7,HIGHWAY PATROL NEWHALL AREA OFFICE,state_law_enforcement,0.0,037,,fbi_cde_agency_roster,1.0,1.0,overlap,06:statewide_overlap_layer,90.0,13,13,496.0,124.0,0.0,372.0,same_ori7_different_counts,T1_same_ori7_multiple_ori9
CA01999,CA0199945,CA,06,2023,0.0,0.0,0.0,4.0,0.0,0.0,0.0,4.0,0|0|0|0|0|0|4,nibrs_srs_equivalent_annual,12.0,7,,state_law_enforcement,0.0,037,,fbi_cde_agency_roster,1.0,1.0,overlap,06:statewide_overlap_layer,1.6930433625398547,13,13,496.0,124.0,0.0,372.0,same_ori7_different_counts,T1_same_ori7_multiple_ori9
CA01999,CA0199950,CA,06,2023,8.0,3.0,3.0,0.0,0.0,0.0,1.0,15.0,0|0|1|8|3|3|0,nibrs_srs_equivalent_annual,12.0,7,HIGHWAY PATROL SANTA FE SPRINGS AREA OFFICE,state_law_enforcement,0.0,037,,fbi_cde_agency_roster,1.0,1.0,overlap,06:statewide_overlap_layer,53.0,13,13,496.0,124.0,0.0,372.0,same_ori7_different_counts,T1_same_ori7_multiple_ori9
CA01999,CA0199965,CA,06,2023,0.0,0.0,1.0,13.0,0.0,0.0,0.0,14.0,0|0|0|0|0|1|13,nibrs_srs_equivalent_annual,12.0,7,HIGHWAY PATROL WEST LOS ANGELES AREA OFFICE,state_law_enforcement,0.0,037,,fbi_cde_agency_roster,1.0,1.0,overlap,06:statewide_overlap_layer,27.0,13,13,496.0,124.0,0.0,372.0,same_ori7_different_counts,T1_same_ori7_multiple_ori9
CA01999,CA0199975,CA,06,2023,0.0,0.0,1.0,0.0,0.0,0.0,0.0,1.0,0|0|0|0|0|1|0,nibrs_srs_equivalent_annual,12.0,7,HIGHWAY PATROL ALTADENA AREA OFFICE,state_law_enforcement,0.0,037,,fbi_cde_agency_roster,1.0,1.0,overlap,06:statewide_overlap_layer,29.0,13,13,496.0,124.0,0.0,372.0,same_ori7_different_counts,T1_same_ori7_multiple_ori9
CA01999,CA0199980,CA,06,2023,1.0,0.0,1.0,1.0,0.0,0.0,0.0,3.0,0|0|0|1|0|1|1,nibrs_srs_equivalent_annual,12.0,7,HIGHWAY PATROL WEST VALLEY AREA OFFICE,state_law_enforcement,0.0,037,,fbi_cde_agency_roster,1.0,1.0,overlap,06:statewide_overlap_layer,24.0,13,13,496.0,124.0,0.0,372.0,same_ori7_different_counts,T1_same_ori7_multiple_ori9
CA01999,CA0199990,CA,06,2023,2.0,0.0,6.0,27.0,0.0,0.0,0.0,35.0,0|0|0|2|0|6|27,nibrs_srs_equivalent_annual,12.0,7,HIGHWAY PATROL CENTRAL LOS ANGELES AREA OFFICE,state_law_enforcement,0.0,037,,fbi_cde_agency_roster,1.0,1.0,overlap,06:statewide_overlap_layer,32.0,13,13,496.0,124.0,0.0,372.0,same_ori7_different_counts,T1_same_ori7_multiple_ori9
CA03036,CA0303600,CA,06,2023,33.0,39.0,223.0,51.0,1.0,1.0,5.0,353.0,1|1|5|33|39|223|51,cius_publication_annual,12.0,7,DANA POINT,local_police,,059,17946,srs_agency_header,1.0,1.0,exclusive,06:municipal:place:0617946,343.0,2,1,706.0,353.0,353.0,353.0,identical_7_offense_vector,T1_same_ori7_multiple_ori9
CA03036,CA030360X,CA,06,2023,33.0,39.0,223.0,51.0,1.0,1.0,5.0,353.0,1|1|5|33|39|223|51,nibrs_srs_equivalent_annual,12.0,7,SANTA ANA,local_police,34019.0,059,,fbi_cde_agency_roster,1.0,1.0,exclusive,06:municipal:place:0669000,344.0,2,1,706.0,353.0,353.0,353.0,identical_7_offense_vector,T1_same_ori7_multiple_ori9
TX05751,TX0575100,TX,48,2023,1.0,8.0,287.0,37.0,0.0,3.0,3.0,339.0,0|3|3|1|8|287|37,srs_return_a_annual,12.0,7,BAYLOR HEALTH CARE SYSTE,special_jurisdiction,,113,19000,srs_agency_header,1.0,1.0,overlap,48:statewide_overlap_layer,265.0,2,1,678.0,339.0,339.0,339.0,identical_7_offense_vector,T1_same_ori7_multiple_ori9
TX05751,TX057519E,TX,48,2023,1.0,8.0,287.0,37.0,0.0,3.0,3.0,339.0,0|3|3|1|8|287|37,nibrs_srs_equivalent_annual,12.0,7,DALLAS,special_jurisdiction,0.0,113,,fbi_cde_agency_roster,1.0,1.0,overlap,48:statewide_overlap_layer,265.0,2,1,678.0,339.0,339.0,339.0,identical_7_offense_vector,T1_same_ori7_multiple_ori9
CA00723,CA0072300,CA,06,2023,21.0,31.0,227.0,45.0,2.0,1.0,10.0,337.0,2|1|10|21|31|227|45,srs_return_a_annual,12.0,7,DANVILLE,local_police,,013,17988,srs_agency_header,1.0,1.0,exclusive,06:municipal:place:0617988,277.0,2,1,674.0,337.0,337.0,337.0,identical_7_offense_vector,T1_same_ori7_multiple_ori9
CA00723,CA007230X,CA,06,2023,21.0,31.0,227.0,45.0,2.0,1.0,10.0,337.0,2|1|10|21|31|227|45,nibrs_srs_equivalent_annual,12.0,7,MARTINEZ,local_police,45202.0,013,,fbi_cde_agency_roster,1.0,1.0,exclusive,06:municipal:place:0617988,277.0,2,1,674.0,337.0,337.0,337.0,identical_7_offense_vector,T1_same_ori7_multiple_ori9
MA01333,MA0133300,MA,25,2023,1.0,11.0,307.0,2.0,0.0,8.0,0.0,329.0,0|8|0|1|11|307|2,srs_return_a_annual,12.0,7,NORTHEASTERN UNIVERSITY,special_jurisdiction,,025,07000,srs_agency_header,1.0,1.0,overlap,25:statewide_overlap_layer,415.0,2,1,658.0,329.0,329.0,329.0,identical_7_offense_vector,T1_same_ori7_multiple_ori9
MA01333,MA013339E,MA,25,2023,1.0,11.0,307.0,2.0,0.0,8.0,0.0,329.0,0|8|0|1|11|307|2,nibrs_srs_equivalent_annual,12.0,7,BOSTON,special_jurisdiction,0.0,025,,fbi_cde_agency_roster,1.0,1.0,overlap,25:statewide_overlap_layer,415.0,2,1,658.0,329.0,329.0,329.0,identical_7_offense_vector,T1_same_ori7_multiple_ori9
CT00504,CT0050400,CT,09,2023,4.0,24.0,217.0,53.0,0.0,2.0,1.0,301.0,0|2|1|4|24|217|53,srs_return_a_annual,12.0,7,YALE UNIVERSITY,unknown,,,,,1.0,1.0,overlap,09:statewide_overlap_layer,277.0,2,1,602.0,301.0,301.0,301.0,identical_7_offense_vector,T1_same_ori7_multiple_ori9
CT00504,CT005049E,CT,09,2023,4.0,24.0,217.0,53.0,0.0,2.0,1.0,301.0,0|2|1|4|24|217|53,nibrs_srs_equivalent_annual,12.0,7,,special_jurisdiction,0.0,,,,1.0,1.0,overlap,09:statewide_overlap_layer,277.0,2,1,602.0,301.0,301.0,301.0,identical_7_offense_vector,T1_same_ori7_multiple_ori9
GA04414,GA0441400,GA,13,2023,5.0,23.0,251.0,9.0,0.0,7.0,2.0,297.0,0|7|2|5|23|251|9,srs_return_a_annual,12.0,7,EMORY UNIVERSITY,constable_marshal,,089,23536,srs_agency_header,1.0,1.0,exclusive,13:municipal:place:1323536,318.0,2,1,594.0,297.0,297.0,297.0,identical_7_offense_vector,T1_same_ori7_multiple_ori9
GA04414,GA044149E,GA,13,2023,5.0,23.0,251.0,9.0,0.0,7.0,2.0,297.0,0|7|2|5|23|251|9,nibrs_srs_equivalent_annual,12.0,7,ATLANTA,special_jurisdiction,0.0,089,,fbi_cde_agency_roster,1.0,1.0,overlap,13:statewide_overlap_layer,318.0,2,1,594.0,297.0,297.0,297.0,identical_7_offense_vector,T1_same_ori7_multiple_ori9
CA00199,CA0019900,CA,06,2023,0.0,0.0,0.0,0.0,0.0,0.0,0.0,0.0,0|0|0|0|0|0|0,srs_return_a_annual,0.0,0,HP ALAMEDA COUNTY,state_law_enforcement,0.0,001,33000,srs_agency_header,1.0,1.0,overlap,06:statewide_overlap_layer,220.69757514560132,4,4,907.0,622.0,0.0,285.0,same_ori7_different_counts,T1_same_ori7_multiple_ori9
CA00199,CA0019945,CA,06,2023,11.0,1.0,51.0,559.0,0.0,0.0,0.0,622.0,0|0|0|11|1|51|559,nibrs_srs_equivalent_annual,12.0,7,HIGHWAY PATROL HAYWARD AREA OFFICE,state_law_enforcement,0.0,001,,fbi_cde_agency_roster,1.0,1.0,overlap,06:statewide_overlap_layer,207.0,4,4,907.0,622.0,0.0,285.0,same_ori7_different_counts,T1_same_ori7_multiple_ori9
CA00199,CA0019970,CA,06,2023,27.0,3.0,22.0,202.0,1.0,1.0,3.0,259.0,1|1|3|27|3|22|202,nibrs_srs_equivalent_annual,12.0,7,HIGHWAY PATROL OAKLAND AREA OFFICE,state_law_enforcement,0.0,001,,fbi_cde_agency_roster,1.0,1.0,overlap,06:statewide_overlap_layer,444.0,4,4,907.0,622.0,0.0,285.0,same_ori7_different_counts,T1_same_ori7_multiple_ori9
CA00199,CA0019990,CA,06,2023,0.0,0.0,12.0,14.0,0.0,0.0,0.0,26.0,0|0|0|0|0|12|14,nibrs_srs_equivalent_annual,12.0,7,HIGHWAY PATROL DUBLIN AREA OFFICE,state_law_enforcement,0.0,001,,fbi_cde_agency_roster,1.0,1.0,overlap,06:statewide_overlap_layer,38.0,4,4,907.0,622.0,0.0,285.0,same_ori7_different_counts,T1_same_ori7_multiple_ori9
IN07113,IN0711300,IN,18,2023,4.0,3.0,252.0,8.0,0.0,0.0,0.0,267.0,0|0|0|4|3|252|8,srs_return_a_annual,12.0,7,UNIVERSITY OF NOTRE DAME,unknown,,,,,1.0,1.0,overlap,18:statewide_overlap_layer,224.0,2,1,534.0,267.0,267.0,267.0,identical_7_offense_vector,T1_same_ori7_multiple_ori9
IN07113,IN071139E,IN,18,2023,4.0,3.0,252.0,8.0,0.0,0.0,0.0,267.0,0|0|0|4|3|252|8,nibrs_srs_equivalent_annual,12.0,7,,special_jurisdiction,0.0,141,,fbi_cde_agency_roster,1.0,1.0,overlap,18:statewide_overlap_layer,224.0,2,1,534.0,267.0,267.0,267.0,identical_7_offense_vector,T1_same_ori7_multiple_ori9
MI63183,MI6318300,MI,26,2023,25.0,16.0,178.0,20.0,1.0,2.0,0.0,242.0,1|2|0|25|16|178|20,srs_return_a_annual,12.0,7,COMMERCE TOWNSHIP,unknown,,,,,1.0,1.0,overlap,26:statewide_overlap_layer,264.0,2,1,484.0,242.0,242.0,242.0,identical_7_offense_vector,T1_same_ori7_multiple_ori9
MI63183,MI631830X,MI,26,2023,25.0,16.0,178.0,20.0,1.0,2.0,0.0,242.0,1|2|0|25|16|178|20,nibrs_srs_equivalent_annual,12.0,7,,local_police,39878.0,125,,fbi_cde_agency_roster,1.0,1.0,exclusive,26:municipal:cousub:2612517640,264.0,2,1,484.0,242.0,242.0,242.0,identical_7_offense_vector,T1_same_ori7_multiple_ori9
MI63185,MI6318500,MI,26,2023,23.0,22.0,164.0,17.0,0.0,9.0,2.0,237.0,0|9|2|23|22|164|17,srs_return_a_annual,12.0,7,INDEPENDENCE TOWNSHIP,unknown,,,,,1.0,1.0,overlap,26:statewide_overlap_layer,158.0,2,1,474.0,237.0,237.0,237.0,identical_7_offense_vector,T1_same_ori7_multiple_ori9
MI63185,MI631850X,MI,26,2023,23.0,22.0,164.0,17.0,0.0,9.0,2.0,237.0,0|9|2|23|22|164|17,nibrs_srs_equivalent_annual,12.0,7,,local_police,37302.0,125,,fbi_cde_agency_roster,1.0,1.0,exclusive,26:municipal:cousub:2612540400,158.0,2,1,474.0,237.0,237.0,237.0,identical_7_offense_vector,T1_same_ori7_multiple_ori9
CA03048,CA0304800,CA,06,2023,18.0,34.0,157.0,9.0,0.0,0.0,4.0,222.0,0|0|4|18|34|157|9,srs_return_a_annual,12.0,7,RANCHO SANTA MARGARITA,local_police,,059,59587,srs_agency_header,1.0,1.0,exclusive,06:municipal:place:0659587,276.0,2,1,444.0,222.0,222.0,222.0,identical_7_offense_vector,T1_same_ori7_multiple_ori9
CA03048,CA030480X,CA,06,2023,18.0,34.0,157.0,9.0,0.0,0.0,4.0,222.0,0|0|4|18|34|157|9,nibrs_srs_equivalent_annual,12.0,7,SANTA ANA,local_police,48918.0,059,,fbi_cde_agency_roster,1.0,1.0,exclusive,06:municipal:place:0659587,276.0,2,1,444.0,222.0,222.0,222.0,identical_7_offense_vector,T1_same_ori7_multiple_ori9
TX10138,TX1013800,TX,48,2023,0.0,12.0,125.0,75.0,0.0,0.0,1.0,213.0,0|0|1|0|12|125|75,cius_publication_annual,12.0,7,RICE UNIVERSITY,special_jurisdiction,,201,35000,srs_agency_header,1.0,1.0,overlap,48:statewide_overlap_layer,196.0,2,1,426.0,213.0,213.0,213.0,identical_7_offense_vector,T1_same_ori7_multiple_ori9
TX10138,TX101389E,TX,48,2023,0.0,12.0,125.0,75.0,0.0,0.0,1.0,213.0,0|0|1|0|12|125|75,nibrs_srs_equivalent_annual,12.0,7,HOUSTON,special_jurisdiction,0.0,201,,fbi_cde_agency_roster,1.0,1.0,overlap,48:statewide_overlap_layer,196.0,2,1,426.0,213.0,213.0,213.0,identical_7_offense_vector,T1_same_ori7_multiple_ori9
CA05499,CA0549900,CA,06,2023,0.0,0.0,0.0,0.0,0.0,0.0,0.0,0.0,0|0|0|0|0|0|0,srs_return_a_annual,0.0,0,HP TULARE COUNTY,state_law_enforcement,0.0,107,82954,srs_agency_header,1.0,1.0,overlap,06:statewide_overlap_layer,720.9184576233268,3,3,550.0,356.0,0.0,194.0,same_ori7_different_counts,T1_same_ori7_multiple_ori9
CA05499,CA0549980,CA,06,2023,1.0,1.0,64.0,289.0,0.0,0.0,1.0,356.0,0|0|1|1|1|64|289,nibrs_srs_equivalent_annual,12.0,7,HIGHWAY PATROL VISALIA AREA OFFICE,state_law_enforcement,0.0,107,,fbi_cde_agency_roster,1.0,1.0,overlap,06:statewide_overlap_layer,314.0,3,3,550.0,356.0,0.0,194.0,same_ori7_different_counts,T1_same_ori7_multiple_ori9
CA05499,CA0549981,CA,06,2023,0.0,1.0,31.0,162.0,0.0,0.0,0.0,194.0,0|0|0|0|1|31|162,nibrs_srs_equivalent_annual,12.0,7,HIGHWAY PATROL PORTERVILLE AREA OFFICE,state_law_enforcement,0.0,107,,fbi_cde_agency_roster,1.0,1.0,overlap,06:statewide_overlap_layer,140.0,3,3,550.0,356.0,0.0,194.0,same_ori7_different_counts,T1_same_ori7_multiple_ori9
MI63188,MI6318800,MI,26,2023,14.0,13.0,142.0,19.0,0.0,1.0,1.0,190.0,0|1|1|14|13|142|19,srs_return_a_annual,12.0,7,ORION TOWNSHIP,unknown,,,,,1.0,1.0,overlap,26:statewide_overlap_layer,158.0,2,1,380.0,190.0,190.0,190.0,identical_7_offense_vector,T1_same_ori7_multiple_ori9
MI63188,MI631880X,MI,26,2023,14.0,13.0,142.0,19.0,0.0,1.0,1.0,190.0,0|1|1|14|13|142|19,nibrs_srs_equivalent_annual,12.0,7,,local_police,37125.0,125,,fbi_cde_agency_roster,1.0,1.0,exclusive,26:municipal:cousub:2612561100,158.0,2,1,380.0,190.0,190.0,190.0,identical_7_offense_vector,T1_same_ori7_multiple_ori9
TX05752,TX0575200,TX,48,2023,0.0,21.0,141.0,20.0,0.0,0.0,1.0,183.0,0|0|1|0|21|141|20,srs_return_a_annual,12.0,7,SOUTHERN METHODIST UNIV,special_jurisdiction,,113,19000,srs_agency_header,1.0,1.0,overlap,48:statewide_overlap_layer,146.0,2,1,366.0,183.0,183.0,183.0,identical_7_offense_vector,T1_same_ori7_multiple_ori9
TX05752,TX057529E,TX,48,2023,0.0,21.0,141.0,20.0,0.0,0.0,1.0,183.0,0|0|1|0|21|141|20,nibrs_srs_equivalent_annual,12.0,7,DALLAS,special_jurisdiction,0.0,113,,fbi_cde_agency_roster,1.0,1.0,overlap,48:statewide_overlap_layer,146.0,2,1,366.0,183.0,183.0,183.0,identical_7_offense_vector,T1_same_ori7_multiple_ori9
OK05502,OK0550200,OK,40,2023,54.0,86.0,570.0,76.0,1.0,9.0,9.0,805.0,1|9|9|54|86|570|76,cius_publication_annual,12.0,7,DEL CITY,local_police,21859.0,109,19900,srs_agency_header,1.0,1.0,exclusive,40:municipal:place:4019900,777.0,2,2,976.0,805.0,171.0,171.0,same_ori7_different_counts,T1_same_ori7_multiple_ori9
OK05502,OK055025C,OK,40,2023,118.0,0.0,1.0,0.0,7.0,45.0,0.0,171.0,7|45|0|118|0|1|0,nibrs_srs_equivalent_annual,12.0,7,,unknown,0.0,,,,1.0,1.0,overlap,40:statewide_overlap_layer,133.0,2,2,976.0,805.0,171.0,171.0,same_ori7_different_counts,T1_same_ori7_multiple_ori9
CA00726,CA0072600,CA,06,2023,9.0,23.0,108.0,16.0,0.0,2.0,6.0,164.0,0|2|6|9|23|108|16,cius_publication_annual,12.0,7,ORINDA,local_police,,013,54232,srs_agency_header,1.0,1.0,exclusive,06:municipal:place:0654232,181.0,2,1,328.0,164.0,164.0,164.0,identical_7_offense_vector,T1_same_ori7_multiple_ori9
CA00726,CA007260X,CA,06,2023,9.0,23.0,108.0,16.0,0.0,2.0,6.0,164.0,0|2|6|9|23|108|16,nibrs_srs_equivalent_annual,12.0,7,MARTINEZ,local_police,20175.0,013,,fbi_cde_agency_roster,1.0,1.0,exclusive,06:municipal:place:0646114,181.0,2,1,328.0,164.0,164.0,164.0,identical_7_offense_vector,T1_same_ori7_multiple_ori9
LA03620,LA0362000,LA,22,2023,0.0,10.0,103.0,7.0,0.0,0.0,1.0,121.0,0|0|1|0|10|103|7,cius_publication_annual,12.0,7,TULANE UNIVERSITY,special_jurisdiction,,071,55000,srs_agency_header,1.0,1.0,overlap,22:statewide_overlap_layer,77.0,2,1,242.0,121.0,121.0,121.0,identical_7_offense_vector,T1_same_ori7_multiple_ori9
LA03620,LA036209E,LA,22,2023,0.0,10.0,103.0,7.0,0.0,0.0,1.0,121.0,0|0|1|0|10|103|7,nibrs_srs_equivalent_annual,12.0,7,NEW ORLEANS,special_jurisdiction,0.0,071,,fbi_cde_agency_roster,1.0,1.0,overlap,22:statewide_overlap_layer,77.0,2,1,242.0,121.0,121.0,121.0,identical_7_offense_vector,T1_same_ori7_multiple_ori9
IN00212,IN0021200,IN,18,2023,26.0,0.0,83.0,3.0,0.0,1.0,0.0,113.0,0|1|0|26|0|83|3,srs_return_a_annual,12.0,7,PARKVIEW HEALTH,unknown,,,,,1.0,1.0,overlap,18:statewide_overlap_layer,76.0,2,1,226.0,113.0,113.0,113.0,identical_7_offense_vector,T1_same_ori7_multiple_ori9
IN00212,IN002129E,IN,18,2023,26.0,0.0,83.0,3.0,0.0,1.0,0.0,113.0,0|1|0|26|0|83|3,nibrs_srs_equivalent_annual,12.0,7,,unknown,0.0,003,,fbi_cde_agency_roster,1.0,1.0,overlap,18:statewide_overlap_layer,76.0,2,1,226.0,113.0,113.0,113.0,identical_7_offense_vector,T1_same_ori7_multiple_ori9
UT02512,UT0251200,UT,49,2023,1.0,2.0,106.0,1.0,0.0,1.0,0.0,111.0,0|1|0|1|2|106|1,srs_return_a_annual,12.0,7,BRIGHAM YOUNG UNIVERSITY,special_jurisdiction,,049,62470,srs_agency_header,1.0,1.0,overlap,49:statewide_overlap_layer,85.0,2,1,222.0,111.0,111.0,111.0,identical_7_offense_vector,T1_same_ori7_multiple_ori9
UT02512,UT025129E,UT,49,2023,1.0,2.0,106.0,1.0,0.0,1.0,0.0,111.0,0|1|0|1|2|106|1,nibrs_srs_equivalent_annual,12.0,7,PROVO,special_jurisdiction,0.0,049,,fbi_cde_agency_roster,1.0,1.0,overlap,49:statewide_overlap_layer,85.0,2,1,222.0,111.0,111.0,111.0,identical_7_offense_vector,T1_same_ori7_multiple_ori9
CA03047,CA0304700,CA,06,2023,5.0,14.0,70.0,8.0,1.0,0.0,3.0,101.0,1|0|3|5|14|70|8,srs_return_a_annual,12.0,7,LAGUNA WOODS,local_police,,059,53980,srs_agency_header,1.0,1.0,exclusive,06:municipal:place:0653980,160.0,2,1,202.0,101.0,101.0,101.0,identical_7_offense_vector,T1_same_ori7_multiple_ori9
CA03047,CA030470X,CA,06,2023,5.0,14.0,70.0,8.0,1.0,0.0,3.0,101.0,1|0|3|5|14|70|8,nibrs_srs_equivalent_annual,12.0,7,SANTA ANA,local_police,17249.0,059,,fbi_cde_agency_roster,1.0,1.0,exclusive,06:municipal:place:0639259,160.0,2,1,202.0,101.0,101.0,101.0,identical_7_offense_vector,T1_same_ori7_multiple_ori9
CA04299,CA0429900,CA,06,2023,0.0,0.0,0.0,0.0,0.0,0.0,0.0,0.0,0|0|0|0|0|0|0,srs_return_a_annual,0.0,0,HP SANTA BARBARA COUNTY,state_law_enforcement,0.0,083,69070,srs_agency_header,1.0,1.0,overlap,06:statewide_overlap_layer,182.26004737091847,4,4,187.0,87.0,0.0,100.0,same_ori7_different_counts,T1_same_ori7_multiple_ori9
CA04299,CA0429950,CA,06,2023,0.0,0.0,6.0,81.0,0.0,0.0,0.0,87.0,0|0|0|0|0|6|81,nibrs_srs_equivalent_annual,12.0,7,HIGHWAY PATROL SANTA MARIA AREA OFFICE,state_law_enforcement,0.0,083,,fbi_cde_agency_roster,1.0,1.0,overlap,06:statewide_overlap_layer,46.0,4,4,187.0,87.0,0.0,100.0,same_ori7_different_counts,T1_same_ori7_multiple_ori9
CA04299,CA0429955,CA,06,2023,0.0,0.0,10.0,40.0,0.0,0.0,0.0,50.0,0|0|0|0|0|10|40,nibrs_srs_equivalent_annual,12.0,7,HIGHWAY PATROL BUELLTON AREA OFFICE,state_law_enforcement,0.0,083,,fbi_cde_agency_roster,1.0,1.0,overlap,06:statewide_overlap_layer,25.0,4,4,187.0,87.0,0.0,100.0,same_ori7_different_counts,T1_same_ori7_multiple_ori9
CA04299,CA0429960,CA,06,2023,0.0,0.0,7.0,43.0,0.0,0.0,0.0,50.0,0|0|0|0|0|7|43,nibrs_srs_equivalent_annual,12.0,7,HIGHWAY PATROL SANTA BARBARA AREA OFFICE,state_law_enforcement,0.0,083,,fbi_cde_agency_roster,1.0,1.0,overlap,06:statewide_overlap_layer,37.0,4,4,187.0,87.0,0.0,100.0,same_ori7_different_counts,T1_same_ori7_multiple_ori9
MI63186,MI6318600,MI,26,2023,9.0,11.0,64.0,11.0,0.0,3.0,0.0,98.0,0|3|0|9|11|64|11,srs_return_a_annual,12.0,7,LYON TOWNSHIP,unknown,,,,,1.0,1.0,overlap,26:statewide_overlap_layer,77.0,2,1,196.0,98.0,98.0,98.0,identical_7_offense_vector,T1_same_ori7_multiple_ori9
MI63186,MI631860X,MI,26,2023,9.0,11.0,64.0,11.0,0.0,3.0,0.0,98.0,0|3|0|9|11|64|11,nibrs_srs_equivalent_annual,12.0,7,,local_police,26094.0,125,,fbi_cde_agency_roster,1.0,1.0,exclusive,26:municipal:cousub:2612549820,77.0,2,1,196.0,98.0,98.0,98.0,identical_7_offense_vector,T1_same_ori7_multiple_ori9
RI00423,RI0042300,RI,44,2023,0.0,7.0,62.0,24.0,0.0,0.0,0.0,93.0,0|0|0|0|7|62|24,cius_publication_annual,12.0,7,BROWN UNIVERSITY,special_jurisdiction,,007,59000,srs_agency_header,1.0,1.0,overlap,44:statewide_overlap_layer,101.0,2,1,186.0,93.0,93.0,93.0,identical_7_offense_vector,T1_same_ori7_multiple_ori9
RI00423,RI004239E,RI,44,2023,0.0,7.0,62.0,24.0,0.0,0.0,0.0,93.0,0|0|0|0|7|62|24,nibrs_srs_equivalent_annual,12.0,7,PROVIDENCE,special_jurisdiction,0.0,007,,fbi_cde_agency_roster,1.0,1.0,overlap,44:statewide_overlap_layer,101.0,2,1,186.0,93.0,93.0,93.0,identical_7_offense_vector,T1_same_ori7_multiple_ori9
MO09501,MO0950100,MO,29,2023,0.0,1.0,82.0,6.0,0.0,0.0,0.0,89.0,0|0|0|0|1|82|6,srs_return_a_annual,12.0,7,WASHINGTON UNIVERSITY,local_police,,189,01612,srs_agency_header,1.0,1.0,overlap,29:statewide_overlap_layer,100.87943205021857,2,1,178.0,89.0,89.0,89.0,identical_7_offense_vector,T1_same_ori7_multiple_ori9
MO09501,MO095019E,MO,29,2023,0.0,1.0,82.0,6.0,0.0,0.0,0.0,89.0,0|0|0|0|1|82|6,nibrs_srs_equivalent_annual,12.0,7,SAINT LOUIS,special_jurisdiction,0.0,189,,fbi_cde_agency_roster,1.0,1.0,overlap,29:statewide_overlap_layer,92.0,2,1,178.0,89.0,89.0,89.0,identical_7_offense_vector,T1_same_ori7_multiple_ori9
IL0169W,IL0169W00,IL,17,2023,1.0,2.0,60.0,16.0,0.0,0.0,5.0,84.0,0|0|5|1|2|60|16,srs_return_a_annual,12.0,7,UNIV OF CHICAGO COOK C,unknown,,,,,1.0,1.0,overlap,17:statewide_overlap_layer,89.45454545454545,2,1,168.0,84.0,84.0,84.0,identical_7_offense_vector,T1_same_ori7_multiple_ori9
IL0169W,IL0169W9E,IL,17,2023,1.0,2.0,60.0,16.0,0.0,0.0,5.0,84.0,0|0|5|1|2|60|16,nibrs_srs_equivalent_annual,12.0,7,CHICAGO,special_jurisdiction,0.0,031,,fbi_cde_agency_roster,1.0,1.0,overlap,17:statewide_overlap_layer,82.0,2,1,168.0,84.0,84.0,84.0,identical_7_offense_vector,T1_same_ori7_multiple_ori9
TN01941,TN0194100,TN,47,2023,65.0,0.0,0.0,0.0,2.0,17.0,0.0,84.0,2|17|0|65|0|0|0,srs_return_a_annual,12.0,7,DEPT OF CORRECTION INT A,special_jurisdiction,,037,52006,srs_agency_header,1.0,1.0,overlap,47:statewide_overlap_layer,62.0,2,1,168.0,84.0,84.0,84.0,identical_7_offense_vector,T1_same_ori7_multiple_ori9
TN01941,TN019410X,TN,47,2023,65.0,0.0,0.0,0.0,2.0,17.0,0.0,84.0,2|17|0|65|0|0|0,nibrs_srs_equivalent_annual,12.0,7,NASHVILLE,unknown,0.0,037,,fbi_cde_agency_roster,1.0,1.0,overlap,47:statewide_overlap_layer,62.0,2,1,168.0,84.0,84.0,84.0,identical_7_offense_vector,T1_same_ori7_multiple_ori9
MI63189,MI6318900,MI,26,2023,9.0,7.0,59.0,2.0,0.0,2.0,0.0,79.0,0|2|0|9|7|59|2,srs_return_a_annual,12.0,7,OXFORD TOWNSHIP,unknown,,,,,1.0,1.0,overlap,26:statewide_overlap_layer,57.0,2,1,158.0,79.0,79.0,79.0,identical_7_offense_vector,T1_same_ori7_multiple_ori9
MI63189,MI631890X,MI,26,2023,9.0,7.0,59.0,2.0,0.0,2.0,0.0,79.0,0|2|0|9|7|59|2,nibrs_srs_equivalent_annual,12.0,7,,local_police,19592.0,125,,fbi_cde_agency_roster,1.0,1.0,exclusive,26:municipal:cousub:2612562040,57.0,2,1,158.0,79.0,79.0,79.0,identical_7_offense_vector,T1_same_ori7_multiple_ori9
NH00927,NH0092700,NH,33,2023,0.0,8.0,60.0,2.0,0.0,2.0,0.0,72.0,0|2|0|0|8|60|2,srs_return_a_annual,12.0,7,UNIV OF NEW HAMPSHIRE,special_jurisdiction,,017,19620,srs_agency_header,1.0,1.0,overlap,33:statewide_overlap_layer,73.0,2,1,144.0,72.0,72.0,72.0,identical_7_offense_vector,T1_same_ori7_multiple_ori9
NH00927,NH00927TZ,NH,33,2023,0.0,8.0,60.0,2.0,0.0,2.0,0.0,72.0,0|2|0|0|8|60|2,nibrs_srs_equivalent_annual,12.0,7,DURHAM,special_jurisdiction,0.0,017,,fbi_cde_agency_roster,1.0,1.0,overlap,33:statewide_overlap_layer,73.0,2,1,144.0,72.0,72.0,72.0,identical_7_offense_vector,T1_same_ori7_multiple_ori9
MI63184,MI6318400,MI,26,2023,9.0,16.0,39.0,5.0,1.0,1.0,0.0,71.0,1|1|0|9|16|39|5,srs_return_a_annual,12.0,7,HIGHLAND TOWNSHIP,unknown,,,,,1.0,1.0,overlap,26:statewide_overlap_layer,81.0,2,1,142.0,71.0,71.0,71.0,identical_7_offense_vector,T1_same_ori7_multiple_ori9
MI63184,MI631840X,MI,26,2023,9.0,16.0,39.0,5.0,1.0,1.0,0.0,71.0,1|1|0|9|16|39|5,nibrs_srs_equivalent_annual,12.0,7,,local_police,20302.0,125,,fbi_cde_agency_roster,1.0,1.0,exclusive,26:municipal:cousub:2612538080,81.0,2,1,142.0,71.0,71.0,71.0,identical_7_offense_vector,T1_same_ori7_multiple_ori9
MI63192,MI6319200,MI,26,2023,11.0,11.0,40.0,5.0,0.0,3.0,0.0,70.0,0|3|0|11|11|40|5,srs_return_a_annual,12.0,7,SPRINGFIELD TOWNSHIP,unknown,,,,,1.0,1.0,overlap,26:statewide_overlap_layer,62.0,2,1,140.0,70.0,70.0,70.0,identical_7_offense_vector,T1_same_ori7_multiple_ori9
MI63192,MI631920X,MI,26,2023,11.0,11.0,40.0,5.0,0.0,3.0,0.0,70.0,0|3|0|11|11|40|5,nibrs_srs_equivalent_annual,12.0,7,,local_police,14762.0,125,,fbi_cde_agency_roster,1.0,1.0,exclusive,26:municipal:cousub:2612575760,62.0,2,1,140.0,70.0,70.0,70.0,identical_7_offense_vector,T1_same_ori7_multiple_ori9
IL09990,IL0999000,IL,17,2023,3.0,13.0,45.0,6.0,0.0,0.0,1.0,68.0,0|0|1|3|13|45|6,cius_publication_annual,12.0,7,HOMER GLEN,local_police,,197,35835,srs_agency_header,1.0,1.0,exclusive,17:municipal:place:1735835,72.0,2,1,136.0,68.0,68.0,68.0,identical_7_offense_vector,T1_same_ori7_multiple_ori9
IL09990,IL099900X,IL,17,2023,3.0,13.0,45.0,6.0,0.0,0.0,1.0,68.0,0|0|1|3|13|45|6,nibrs_srs_equivalent_annual,12.0,7,JOILET,local_police,24638.0,197,,fbi_cde_agency_roster,1.0,1.0,exclusive,17:municipal:place:1738570,72.0,2,1,136.0,68.0,68.0,68.0,identical_7_offense_vector,T1_same_ori7_multiple_ori9
GA01109,GA0110900,GA,13,2023,0.0,0.0,59.0,6.0,0.0,1.0,1.0,67.0,0|1|1|0|0|59|6,cius_publication_annual,12.0,7,MERCER UNIVERSITY,special_jurisdiction,,021,49000,srs_agency_header,1.0,1.0,overlap,13:statewide_overlap_layer,77.0,2,1,134.0,67.0,67.0,67.0,identical_7_offense_vector,T1_same_ori7_multiple_ori9
GA01109,GA011099E,GA,13,2023,0.0,0.0,59.0,6.0,0.0,1.0,1.0,67.0,0|1|1|0|0|59|6,nibrs_srs_equivalent_annual,12.0,7,MACON,special_jurisdiction,0.0,021,,fbi_cde_agency_roster,1.0,1.0,overlap,13:statewide_overlap_layer,77.0,2,1,134.0,67.0,67.0,67.0,identical_7_offense_vector,T1_same_ori7_multiple_ori9
CA03799,CA0379900,CA,06,2023,0.0,0.0,0.0,0.0,0.0,0.0,0.0,0.0,0|0|0|0|0|0|0,srs_return_a_annual,0.0,0,HP SAN DIEGO COUNTY,state_law_enforcement,0.0,073,66000,srs_agency_header,1.0,1.0,overlap,06:statewide_overlap_layer,179.75475661918574,6,6,157.0,91.0,0.0,66.0,same_ori7_different_counts,T1_same_ori7_multiple_ori9
CA03799,CA0379901,CA,06,2023,0.0,0.0,0.0,26.0,0.0,0.0,0.0,26.0,0|0|0|0|0|0|26,nibrs_srs_equivalent_annual,12.0,7,,state_law_enforcement,0.0,073,,fbi_cde_agency_roster,1.0,1.0,overlap,06:statewide_overlap_layer,101.3135260913796,6,6,157.0,91.0,0.0,66.0,same_ori7_different_counts,T1_same_ori7_multiple_ori9
CA03799,CA0379908,CA,06,2023,0.0,0.0,0.0,12.0,0.0,0.0,0.0,12.0,0|0|0|0|0|0|12,nibrs_srs_equivalent_annual,12.0,7,,state_law_enforcement,0.0,073,,fbi_cde_agency_roster,1.0,1.0,overlap,06:statewide_overlap_layer,27.0,6,6,157.0,91.0,0.0,66.0,same_ori7_different_counts,T1_same_ori7_multiple_ori9
CA03799,CA0379945,CA,06,2023,0.0,0.0,0.0,18.0,0.0,0.0,0.0,18.0,0|0|0|0|0|0|18,nibrs_srs_equivalent_annual,12.0,7,HIGHWAY PATROL SAN DIEGO AREA OFFICE,state_law_enforcement,0.0,073,,fbi_cde_agency_roster,1.0,1.0,overlap,06:statewide_overlap_layer,4.0,6,6,157.0,91.0,0.0,66.0,same_ori7_different_counts,T1_same_ori7_multiple_ori9
CA03799,CA0379950,CA,06,2023,2.0,0.0,6.0,83.0,0.0,0.0,0.0,91.0,0|0|0|2|0|6|83,nibrs_srs_equivalent_annual,12.0,7,HIGHWAY PATROL OCEANSIDE AREA OFFICE,state_law_enforcement,0.0,073,,fbi_cde_agency_roster,1.0,1.0,overlap,06:statewide_overlap_layer,39.0,6,6,157.0,91.0,0.0,66.0,same_ori7_different_counts,T1_same_ori7_multiple_ori9
CA03799,CA0379980,CA,06,2023,0.0,0.0,5.0,5.0,0.0,0.0,0.0,10.0,0|0|0|0|0|5|5,nibrs_srs_equivalent_annual,12.0,7,HIGHWAY PATROL EL CAJON AREA OFFICE,state_law_enforcement,0.0,073,,fbi_cde_agency_roster,1.0,1.0,overlap,06:statewide_overlap_layer,3.0,6,6,157.0,91.0,0.0,66.0,same_ori7_different_counts,T1_same_ori7_multiple_ori9
MI63187,MI6318700,MI,26,2023,15.0,11.0,32.0,7.0,0.0,0.0,0.0,65.0,0|0|0|15|11|32|7,srs_return_a_annual,12.0,7,OAKLAND TOWNSHIP,unknown,,,,,1.0,1.0,overlap,26:statewide_overlap_layer,41.0,2,1,130.0,65.0,65.0,65.0,identical_7_offense_vector,T1_same_ori7_multiple_ori9
MI63187,MI631870X,MI,26,2023,15.0,11.0,32.0,7.0,0.0,0.0,0.0,65.0,0|0|0|15|11|32|7,nibrs_srs_equivalent_annual,12.0,7,,local_police,20328.0,125,,fbi_cde_agency_roster,1.0,1.0,exclusive,26:municipal:cousub:2612559820,41.0,2,1,130.0,65.0,65.0,65.0,identical_7_offense_vector,T1_same_ori7_multiple_ori9
CA01299,CA0129900,CA,06,2023,0.0,0.0,0.0,0.0,0.0,0.0,0.0,0.0,0|0|0|0|0|0|0,srs_return_a_annual,0.0,0,HP HUMBOLDT COUNTY,state_law_enforcement,0.0,023,99023,srs_agency_header,1.0,1.0,overlap,06:statewide_overlap_layer,317.7470570781335,3,3,235.0,173.0,0.0,62.0,same_ori7_different_counts,T1_same_ori7_multiple_ori9
CA01299,CA0129925,CA,06,2023,2.0,1.0,49.0,121.0,0.0,0.0,0.0,173.0,0|0|0|2|1|49|121,nibrs_srs_equivalent_annual,12.0,7,HIGHWAY PATROL HUMBOLDT AREA OFFICE,state_law_enforcement,0.0,023,,fbi_cde_agency_roster,1.0,1.0,overlap,06:statewide_overlap_layer,144.0,3,3,235.0,173.0,0.0,62.0,same_ori7_different_counts,T1_same_ori7_multiple_ori9
CA01299,CA0129926,CA,06,2023,3.0,0.0,9.0,50.0,0.0,0.0,0.0,62.0,0|0|0|3|0|9|50,nibrs_srs_equivalent_annual,12.0,7,HIGHWAY PATROL GARBERVILLE AREA OFFICE,state_law_enforcement,0.0,023,,fbi_cde_agency_roster,1.0,1.0,overlap,06:statewide_overlap_layer,43.0,3,3,235.0,173.0,0.0,62.0,same_ori7_different_counts,T1_same_ori7_multiple_ori9
SD01399,SD0139900,SD,46,2023,0.0,1.0,56.0,1.0,0.0,1.0,0.0,59.0,0|1|0|0|1|56|1,srs_return_a_annual,11.0,0,UNIVERSITY OF SOUTH DAKO,unknown,,,,,1.0,1.0,overlap,46:statewide_overlap_layer,26.399999999999995,2,1,118.0,59.0,59.0,59.0,identical_7_offense_vector,T1_same_ori7_multiple_ori9
SD01399,SD013990X,SD,46,2023,0.0,1.0,56.0,1.0,0.0,1.0,0.0,59.0,0|1|0|0|1|56|1,nibrs_srs_equivalent_annual,11.0,7,,special_jurisdiction,0.0,027,,fbi_cde_agency_roster,1.0,1.0,overlap,46:statewide_overlap_layer,22.0,2,1,118.0,59.0,59.0,59.0,identical_7_offense_vector,T1_same_ori7_multiple_ori9
CA03699,CA0369900,CA,06,2023,0.0,0.0,0.0,0.0,0.0,0.0,0.0,0.0,0|0|0|0|0|0|0,srs_return_a_annual,0.0,0,HP SAN BERNARDINO CNTY,state_law_enforcement,0.0,071,99071,srs_agency_header,1.0,1.0,overlap,06:statewide_overlap_layer,188.39911285783745,5,5,114.0,57.0,0.0,57.0,same_ori7_different_counts,T1_same_ori7_multiple_ori9
CA03699,CA0369930,CA,06,2023,3.0,2.0,13.0,10.0,0.0,0.0,1.0,29.0,0|0|1|3|2|13|10,nibrs_srs_equivalent_annual,12.0,7,HIGHWAY PATROL BARSTOW AREA OFFICE,state_law_enforcement,0.0,071,,fbi_cde_agency_roster,1.0,1.0,overlap,06:statewide_overlap_layer,39.0,5,5,114.0,57.0,0.0,57.0,same_ori7_different_counts,T1_same_ori7_multiple_ori9
CA03699,CA0369934,CA,06,2023,0.0,2.0,0.0,2.0,1.0,0.0,0.0,5.0,1|0|0|0|2|0|2,nibrs_srs_equivalent_annual,12.0,7,HIGHWAY PATROL NEEDLES AREA OFFICE,state_law_enforcement,0.0,071,,fbi_cde_agency_roster,1.0,1.0,overlap,06:statewide_overlap_layer,9.0,5,5,114.0,57.0,0.0,57.0,same_ori7_different_counts,T1_same_ori7_multiple_ori9
CA03699,CA0369950,CA,06,2023,4.0,0.0,30.0,23.0,0.0,0.0,0.0,57.0,0|0|0|4|0|30|23,nibrs_srs_equivalent_annual,12.0,7,HIGHWAY PATROL VICTORVILLE AREA OFFICE,state_law_enforcement,0.0,071,,fbi_cde_agency_roster,1.0,1.0,overlap,06:statewide_overlap_layer,56.0,5,5,114.0,57.0,0.0,57.0,same_ori7_different_counts,T1_same_ori7_multiple_ori9
CA03699,CA0369960,CA,06,2023,6.0,0.0,4.0,13.0,0.0,0.0,0.0,23.0,0|0|0|6|0|4|13,nibrs_srs_equivalent_annual,12.0,7,HIGHWAY PATROL SAN BERNARDINO AREA OFFICE,state_law_enforcement,0.0,071,,fbi_cde_agency_roster,1.0,1.0,overlap,06:statewide_overlap_layer,9.0,5,5,114.0,57.0,0.0,57.0,same_ori7_different_counts,T1_same_ori7_multiple_ori9
FL00638,FL0063800,FL,12,2023,5.0,3.0,44.0,0.0,0.0,1.0,0.0,53.0,0|1|0|5|3|44|0,srs_return_a_annual,5.0,0,SOUTHWEST RANCHES,special_jurisdiction,,011,57425,srs_agency_header,1.0,1.0,overlap,12:statewide_overlap_layer,26.0,2,1,106.0,53.0,53.0,53.0,identical_7_offense_vector,T1_same_ori7_multiple_ori9
FL00638,FL006380X,FL,12,2023,5.0,3.0,44.0,0.0,0.0,1.0,0.0,53.0,0|1|0|5|3|44|0,nibrs_srs_equivalent_annual,5.0,7,FORT LAUDERDALE,local_police,8061.0,011,,fbi_cde_agency_roster,1.0,1.0,exclusive,12:municipal:place:1224000,51.78903858605111,2,1,106.0,53.0,53.0,53.0,identical_7_offense_vector,T1_same_ori7_multiple_ori9
CA01001,CA0100100,CA,06,2023,194.0,276.0,1724.0,238.0,2.0,29.0,70.0,2533.0,2|29|70|194|276|1724|238,cius_publication_annual,12.0,7,CLOVIS,local_police,127560.0,019,14218,srs_agency_header,1.0,1.0,exclusive,06:municipal:place:0614218,2437.0,2,2,2585.0,2533.0,52.0,52.0,same_ori7_different_counts,T1_same_ori7_multiple_ori9
CA01001,CA010015M,CA,06,2023,34.0,0.0,10.0,0.0,0.0,8.0,0.0,52.0,0|8|0|34|0|10|0,nibrs_srs_equivalent_annual,12.0,7,COALINGA STATE HOSPITAL,unknown,0.0,019,,fbi_cde_agency_roster,1.0,1.0,overlap,06:statewide_overlap_layer,42.0,2,2,2585.0,2533.0,52.0,52.0,same_ori7_different_counts,T1_same_ori7_multiple_ori9
CA02499,CA0249900,CA,06,2023,0.0,0.0,0.0,0.0,0.0,0.0,0.0,0.0,0|0|0|0|0|0|0,srs_return_a_annual,0.0,0,HP MERCED COUNTY,state_law_enforcement,0.0,047,46898,srs_agency_header,1.0,1.0,overlap,06:statewide_overlap_layer,439.85833851169895,3,3,121.0,70.0,0.0,51.0,same_ori7_different_counts,T1_same_ori7_multiple_ori9
CA02499,CA0249960,CA,06,2023,0.0,0.0,26.0,44.0,0.0,0.0,0.0,70.0,0|0|0|0|0|26|44,nibrs_srs_equivalent_annual,12.0,7,HIGHWAY PATROL MERCED AREA OFFICE,state_law_enforcement,0.0,047,,fbi_cde_agency_roster,1.0,1.0,overlap,06:statewide_overlap_layer,70.0,3,3,121.0,70.0,0.0,51.0,same_ori7_different_counts,T1_same_ori7_multiple_ori9
CA02499,CA0249961,CA,06,2023,1.0,1.0,15.0,34.0,0.0,0.0,0.0,51.0,0|0|0|1|1|15|34,nibrs_srs_equivalent_annual,12.0,7,HIGHWAY PATROL LOS BANOS AREA OFFICE,state_law_enforcement,0.0,047,,fbi_cde_agency_roster,1.0,1.0,overlap,06:statewide_overlap_layer,36.0,3,3,121.0,70.0,0.0,51.0,same_ori7_different_counts,T1_same_ori7_multiple_ori9
TX01534,TX0153400,TX,48,2023,1.0,5.0,35.0,8.0,0.0,2.0,0.0,51.0,0|2|0|1|5|35|8,cius_publication_annual,12.0,7,ST MARY S UNIVERSITY,special_jurisdiction,,029,65000,srs_agency_header,1.0,1.0,overlap,48:statewide_overlap_layer,30.0,2,1,102.0,51.0,51.0,51.0,identical_7_offense_vector,T1_same_ori7_multiple_ori9
TX01534,TX015349E,TX,48,2023,1.0,5.0,35.0,8.0,0.0,2.0,0.0,51.0,0|2|0|1|5|35|8,nibrs_srs_equivalent_annual,12.0,7,SAN ANTONIO,special_jurisdiction,0.0,029,,fbi_cde_agency_roster,1.0,1.0,overlap,48:statewide_overlap_layer,31.0,2,1,102.0,51.0,51.0,51.0,identical_7_offense_vector,T1_same_ori7_multiple_ori9
IL016AB,IL016AB00,IL,17,2023,0.0,0.0,48.0,0.0,0.0,1.0,0.0,49.0,0|1|0|0|0|48|0,srs_return_a_annual,10.0,0,LOYOLA UNIVERSITY OF CHI,special_jurisdiction,,031,14000,srs_agency_header,1.0,1.0,overlap,17:statewide_overlap_layer,62.0,2,1,98.0,49.0,49.0,49.0,identical_7_offense_vector,T1_same_ori7_multiple_ori9
IL016AB,IL016AB9E,IL,17,2023,0.0,0.0,48.0,0.0,0.0,1.0,0.0,49.0,0|1|0|0|0|48|0,nibrs_srs_equivalent_annual,12.0,7,CHICAGO,special_jurisdiction,0.0,031,,fbi_cde_agency_roster,1.0,1.0,overlap,17:statewide_overlap_layer,62.0,2,1,98.0,49.0,49.0,49.0,identical_7_offense_vector,T1_same_ori7_multiple_ori9
CA01599,CA0159900,CA,06,2023,0.0,0.0,0.0,0.0,0.0,0.0,0.0,0.0,0|0|0|0|0|0|0,srs_return_a_annual,0.0,0,HP KERN COUNTY,state_law_enforcement,0.0,029,03526,srs_agency_header,1.0,1.0,overlap,06:statewide_overlap_layer,248.77939329029329,4,4,274.0,226.0,0.0,48.0,same_ori7_different_counts,T1_same_ori7_multiple_ori9
CA01599,CA0159920,CA,06,2023,16.0,0.0,51.0,157.0,0.0,1.0,1.0,226.0,0|1|1|16|0|51|157,nibrs_srs_equivalent_annual,12.0,7,HIGHWAY PATROL BAKERSFIELD AREA OFFICE,state_law_enforcement,0.0,029,,fbi_cde_agency_roster,1.0,1.0,overlap,06:statewide_overlap_layer,203.0,4,4,274.0,226.0,0.0,48.0,same_ori7_different_counts,T1_same_ori7_multiple_ori9
CA01599,CA0159926,CA,06,2023,0.0,0.0,1.0,26.0,0.0,0.0,0.0,27.0,0|0|0|0|0|1|26,nibrs_srs_equivalent_annual,12.0,7,HIGHWAY PATROL BUTTONWILLOW AREA OFFICE,state_law_enforcement,0.0,029,,fbi_cde_agency_roster,1.0,1.0,overlap,06:statewide_overlap_layer,20.0,4,4,274.0,226.0,0.0,48.0,same_ori7_different_counts,T1_same_ori7_multiple_ori9
CA01599,CA0159960,CA,06,2023,2.0,0.0,4.0,15.0,0.0,0.0,0.0,21.0,0|0|0|2|0|4|15,nibrs_srs_equivalent_annual,12.0,7,HIGHWAY PATROL FORT TEJON AREA OFFICE,state_law_enforcement,0.0,029,,fbi_cde_agency_roster,1.0,1.0,overlap,06:statewide_overlap_layer,9.0,4,4,274.0,226.0,0.0,48.0,same_ori7_different_counts,T1_same_ori7_multiple_ori9
MA01355,MA0135500,MA,25,2023,1.0,2.0,34.0,6.0,0.0,2.0,0.0,45.0,0|2|0|1|2|34|6,srs_return_a_annual,12.0,7,WENTWORTH INST OF TECH,special_jurisdiction,,025,07000,srs_agency_header,1.0,1.0,overlap,25:statewide_overlap_layer,48.0,2,1,90.0,45.0,45.0,45.0,identical_7_offense_vector,T1_same_ori7_multiple_ori9
MA01355,MA013559E,MA,25,2023,1.0,2.0,34.0,6.0,0.0,2.0,0.0,45.0,0|2|0|1|2|34|6,nibrs_srs_equivalent_annual,12.0,7,BOSTON,special_jurisdiction,0.0,025,,fbi_cde_agency_roster,1.0,1.0,overlap,25:statewide_overlap_layer,48.0,2,1,90.0,45.0,45.0,45.0,identical_7_offense_vector,T1_same_ori7_multiple_ori9
IN04939,IN0493900,IN,18,2023,0.0,6.0,28.0,7.0,0.0,0.0,0.0,41.0,0|0|0|0|6|28|7,srs_return_a_annual,10.0,0,UNIVERSITY OF INDIANAPOL,unknown,,,,,1.0,1.0,overlap,18:statewide_overlap_layer,36.191405218686015,2,1,82.0,41.0,41.0,41.0,identical_7_offense_vector,T1_same_ori7_multiple_ori9
IN04939,IN049399E,IN,18,2023,0.0,6.0,28.0,7.0,0.0,0.0,0.0,41.0,0|0|0|0|6|28|7,nibrs_srs_equivalent_annual,12.0,7,,special_jurisdiction,0.0,097,,fbi_cde_agency_roster,1.0,1.0,overlap,18:statewide_overlap_layer,27.0,2,1,82.0,41.0,41.0,41.0,identical_7_offense_vector,T1_same_ori7_multiple_ori9
MI63181,MI6318100,MI,26,2023,8.0,2.0,20.0,8.0,0.0,1.0,0.0,39.0,0|1|0|8|2|20|8,srs_return_a_annual,12.0,7,BRANDON TOWNSHIP,unknown,,,,,1.0,1.0,overlap,26:statewide_overlap_layer,36.0,2,1,78.0,39.0,39.0,39.0,identical_7_offense_vector,T1_same_ori7_multiple_ori9
MI63181,MI631810X,MI,26,2023,8.0,2.0,20.0,8.0,0.0,1.0,0.0,39.0,0|1|0|8|2|20|8,nibrs_srs_equivalent_annual,12.0,7,,local_police,16161.0,125,,fbi_cde_agency_roster,1.0,1.0,exclusive,26:state_nonmunicipal_remainder,36.0,2,1,78.0,39.0,39.0,39.0,identical_7_offense_vector,T1_same_ori7_multiple_ori9
TX10158,TX1015800,TX,48,2023,7.0,1.0,28.0,3.0,0.0,0.0,0.0,39.0,0|0|0|7|1|28|3,srs_return_a_annual,4.0,0,TEXAS MEDICAL CENTER,special_jurisdiction,0.0,201,35000,srs_agency_header,1.0,1.0,overlap,48:statewide_overlap_layer,193.0,2,1,78.0,39.0,39.0,39.0,identical_7_offense_vector,T1_same_ori7_multiple_ori9
TX10158,TX101589E,TX,48,2023,7.0,1.0,28.0,3.0,0.0,0.0,0.0,39.0,0|0|0|7|1|28|3,nibrs_srs_equivalent_annual,4.0,7,HOUSTON,unknown,0.0,201,,fbi_cde_agency_roster,1.0,1.0,overlap,48:statewide_overlap_layer,193.0,2,1,78.0,39.0,39.0,39.0,identical_7_offense_vector,T1_same_ori7_multiple_ori9
MA01468,MA0146800,MA,25,2023,3.0,2.0,24.0,0.0,0.0,2.0,3.0,34.0,0|2|3|3|2|24|0,srs_return_a_annual,10.0,0,CLARK UNIVERSITY,special_jurisdiction,,027,82000,srs_agency_header,1.0,1.0,overlap,25:statewide_overlap_layer,27.0,2,1,68.0,34.0,34.0,34.0,identical_7_offense_vector,T1_same_ori7_multiple_ori9
MA01468,MA014689E,MA,25,2023,3.0,2.0,24.0,0.0,0.0,2.0,3.0,34.0,0|2|3|3|2|24|0,nibrs_srs_equivalent_annual,12.0,7,WORCESTER,special_jurisdiction,0.0,027,,fbi_cde_agency_roster,1.0,1.0,overlap,25:statewide_overlap_layer,18.0,2,1,68.0,34.0,34.0,34.0,identical_7_offense_vector,T1_same_ori7_multiple_ori9
NM03210,NM0321000,NM,35,2023,4.0,8.0,19.0,3.0,0.0,0.0,0.0,34.0,0|0|0|4|8|19|3,srs_return_a_annual,12.0,7,PERALTA,local_police,,061,56180,srs_agency_header,1.0,1.0,exclusive,35:municipal:place:3556180,30.0,2,1,68.0,34.0,34.0,34.0,identical_7_offense_vector,T1_same_ori7_multiple_ori9
NM03210,NM032100X,NM,35,2023,4.0,8.0,19.0,3.0,0.0,0.0,0.0,34.0,0|0|0|4|8|19|3,nibrs_srs_equivalent_annual,12.0,7,PERALTA,local_police,3631.0,061,,fbi_cde_agency_roster,1.0,1.0,exclusive,35:municipal:place:3556180,30.0,2,1,68.0,34.0,34.0,34.0,identical_7_offense_vector,T1_same_ori7_multiple_ori9
CA01099,CA0109900,CA,06,2023,0.0,0.0,0.0,0.0,0.0,0.0,0.0,0.0,0|0|0|0|0|0|0,srs_return_a_annual,0.0,0,HP FRESNO COUNTY,state_law_enforcement,0.0,019,27000,srs_agency_header,1.0,1.0,overlap,06:statewide_overlap_layer,171.34242019736254,5,5,180.0,148.0,0.0,32.0,same_ori7_different_counts,T1_same_ori7_multiple_ori9
CA01099,CA0109901,CA,06,2023,0.0,0.0,1.0,8.0,0.0,0.0,0.0,9.0,0|0|0|0|0|1|8,nibrs_srs_equivalent_annual,12.0,7,,state_law_enforcement,0.0,019,,fbi_cde_agency_roster,1.0,1.0,overlap,06:statewide_overlap_layer,4.0,5,5,180.0,148.0,0.0,32.0,same_ori7_different_counts,T1_same_ori7_multiple_ori9
CA01099,CA0109913,CA,06,2023,0.0,0.0,1.0,6.0,0.0,0.0,0.0,7.0,0|0|0|0|0|1|6,nibrs_srs_equivalent_annual,12.0,7,,state_law_enforcement,0.0,019,,fbi_cde_agency_roster,1.0,1.0,overlap,06:statewide_overlap_layer,1.0,5,5,180.0,148.0,0.0,32.0,same_ori7_different_counts,T1_same_ori7_multiple_ori9
CA01099,CA0109935,CA,06,2023,5.0,1.0,46.0,95.0,0.0,1.0,0.0,148.0,0|1|0|5|1|46|95,nibrs_srs_equivalent_annual,12.0,7,HIGHWAY PATROL FRESNO AREA OFFICE,state_law_enforcement,0.0,019,,fbi_cde_agency_roster,1.0,1.0,overlap,06:statewide_overlap_layer,106.0,5,5,180.0,148.0,0.0,32.0,same_ori7_different_counts,T1_same_ori7_multiple_ori9
CA01099,CA0109995,CA,06,2023,0.0,0.0,5.0,11.0,0.0,0.0,0.0,16.0,0|0|0|0|0|5|11,nibrs_srs_equivalent_annual,12.0,7,HIGHWAY PATROL COALINGA AREA OFFICE,state_law_enforcement,0.0,019,,fbi_cde_agency_roster,1.0,1.0,overlap,06:statewide_overlap_layer,6.0,5,5,180.0,148.0,0.0,32.0,same_ori7_different_counts,T1_same_ori7_multiple_ori9
CA00499,CA0049900,CA,06,2023,0.0,0.0,0.0,0.0,0.0,0.0,0.0,0.0,0|0|0|0|0|0|0,srs_return_a_annual,0.0,0,HP BUTTE COUNTY,state_law_enforcement,0.0,007,13014,srs_agency_header,1.0,1.0,overlap,06:statewide_overlap_layer,223.9297585054547,3,3,312.0,281.0,0.0,31.0,same_ori7_different_counts,T1_same_ori7_multiple_ori9
CA00499,CA0049940,CA,06,2023,0.0,0.0,32.0,249.0,0.0,0.0,0.0,281.0,0|0|0|0|0|32|249,nibrs_srs_equivalent_annual,12.0,7,HIGHWAY PATROL OROVILLE AREA OFFICE,state_law_enforcement,0.0,005,,fbi_cde_agency_roster,1.0,1.0,overlap,06:statewide_overlap_layer,136.0,3,3,312.0,281.0,0.0,31.0,same_ori7_different_counts,T1_same_ori7_multiple_ori9
CA00499,CA0049941,CA,06,2023,1.0,0.0,5.0,25.0,0.0,0.0,0.0,31.0,0|0|0|1|0|5|25,nibrs_srs_equivalent_annual,12.0,7,HIGHWAY PATROL CHICO AREA OFFICE,state_law_enforcement,0.0,005,,fbi_cde_agency_roster,1.0,1.0,overlap,06:statewide_overlap_layer,53.0,3,3,312.0,281.0,0.0,31.0,same_ori7_different_counts,T1_same_ori7_multiple_ori9
NC00106,NC0010600,NC,37,2023,2.0,3.0,20.0,1.0,0.0,3.0,0.0,29.0,0|3|0|2|3|20|1,cius_publication_annual,12.0,7,ELON UNIVERSITY,special_jurisdiction,,001,21095,srs_agency_header,1.0,1.0,overlap,37:statewide_overlap_layer,58.0,2,2,71.0,42.0,29.0,29.0,same_ori7_different_counts,T1_same_ori7_multiple_ori9
NC00106,NC001069E,NC,37,2023,2.0,16.0,20.0,1.0,0.0,3.0,0.0,42.0,0|3|0|2|16|20|1,nibrs_srs_equivalent_annual,12.0,7,ELON,special_jurisdiction,0.0,001,,fbi_cde_agency_roster,1.0,1.0,overlap,37:statewide_overlap_layer,58.0,2,2,71.0,42.0,29.0,29.0,same_ori7_different_counts,T1_same_ori7_multiple_ori9
CA02099,CA0209900,CA,06,2023,0.0,0.0,0.0,0.0,0.0,0.0,0.0,0.0,0|0|0|0|0|0|0,srs_return_a_annual,0.0,0,HP MADERA COUNTY,state_law_enforcement,0.0,039,45022,srs_agency_header,1.0,1.0,overlap,06:statewide_overlap_layer,149.33446353209501,3,3,95.0,67.0,0.0,28.0,same_ori7_different_counts,T1_same_ori7_multiple_ori9
CA02099,CA0209950,CA,06,2023,0.0,0.0,15.0,52.0,0.0,0.0,0.0,67.0,0|0|0|0|0|15|52,nibrs_srs_equivalent_annual,12.0,7,HIGHWAY PATROL MADERA AREA OFFICE,state_law_enforcement,0.0,039,,fbi_cde_agency_roster,1.0,1.0,overlap,06:statewide_overlap_layer,86.0,3,3,95.0,67.0,0.0,28.0,same_ori7_different_counts,T1_same_ori7_multiple_ori9
CA02099,CA0209956,CA,06,2023,0.0,0.0,9.0,19.0,0.0,0.0,0.0,28.0,0|0|0|0|0|9|19,nibrs_srs_equivalent_annual,12.0,7,HIGHWAY PATROL OAKHURST AREA OFFICE,state_law_enforcement,0.0,039,,fbi_cde_agency_roster,1.0,1.0,overlap,06:statewide_overlap_layer,50.0,3,3,95.0,67.0,0.0,28.0,same_ori7_different_counts,T1_same_ori7_multiple_ori9
NH00401,NH0040100,NH,33,2023,4.0,9.0,11.0,2.0,2.0,0.0,0.0,28.0,2|0|0|4|9|11|2,srs_return_a_annual,12.0,7,SP COOS COUNTY,state_law_enforcement,,007,99007,srs_agency_header,1.0,1.0,overlap,33:statewide_overlap_layer,22.909090909090907,2,1,56.0,28.0,28.0,28.0,identical_7_offense_vector,T1_same_ori7_multiple_ori9
NH00401,NH004010X,NH,33,2023,4.0,9.0,11.0,2.0,2.0,0.0,0.0,28.0,2|0|0|4|9|11|2,nibrs_srs_equivalent_annual,12.0,7,CONCORD,state_law_enforcement,7847.0,007,,fbi_cde_agency_roster,1.0,1.0,overlap,33:statewide_overlap_layer,21.0,2,1,56.0,28.0,28.0,28.0,identical_7_offense_vector,T1_same_ori7_multiple_ori9
CA04001,CA0400100,CA,06,2023,73.0,43.0,157.0,16.0,0.0,5.0,5.0,299.0,0|5|5|73|43|157|16,cius_publication_annual,12.0,7,ARROYO GRANDE,local_police,18492.0,079,02868,srs_agency_header,1.0,1.0,exclusive,06:municipal:place:0602868,173.0,2,2,326.0,299.0,27.0,27.0,same_ori7_different_counts,T1_same_ori7_multiple_ori9
CA04001,CA040015M,CA,06,2023,18.0,1.0,6.0,0.0,0.0,2.0,0.0,27.0,0|2|0|18|1|6|0,nibrs_srs_equivalent_annual,12.0,7,ATASCADERO STATE HOSPITAL,unknown,0.0,079,,fbi_cde_agency_roster,1.0,1.0,overlap,06:statewide_overlap_layer,30.0,2,2,326.0,299.0,27.0,27.0,same_ori7_different_counts,T1_same_ori7_multiple_ori9
MA01130,MA0113000,MA,25,2023,0.0,2.0,22.0,0.0,0.0,1.0,0.0,25.0,0|1|0|0|2|22|0,srs_return_a_annual,9.0,0,BABSON COLLEGE,unknown,,021,,leaic_crosswalk,1.0,1.0,overlap,25:statewide_overlap_layer,58.28571428571428,2,1,50.0,25.0,25.0,25.0,identical_7_offense_vector,T1_same_ori7_multiple_ori9
MA01130,MA011309E,MA,25,2023,0.0,2.0,22.0,0.0,0.0,1.0,0.0,25.0,0|1|0|0|2|22|0,nibrs_srs_equivalent_annual,12.0,7,WELLESLEY,special_jurisdiction,0.0,021,,fbi_cde_agency_roster,1.0,1.0,overlap,25:statewide_overlap_layer,34.0,2,1,50.0,25.0,25.0,25.0,identical_7_offense_vector,T1_same_ori7_multiple_ori9
MA00957,MA0095700,MA,25,2023,1.0,2.0,20.0,0.0,0.0,0.0,1.0,24.0,0|0|1|1|2|20|0,srs_return_a_annual,12.0,7,BRANDEIS UNIVERSITY,special_jurisdiction,,017,72600,srs_agency_header,1.0,1.0,overlap,25:statewide_overlap_layer,20.016971566832055,2,1,48.0,24.0,24.0,24.0,identical_7_offense_vector,T1_same_ori7_multiple_ori9
MA00957,MA009579E,MA,25,2023,1.0,2.0,20.0,0.0,0.0,0.0,1.0,24.0,0|0|1|1|2|20|0,nibrs_srs_equivalent_annual,12.0,7,WALTHAM,special_jurisdiction,0.0,017,,fbi_cde_agency_roster,1.0,1.0,overlap,25:statewide_overlap_layer,15.0,2,1,48.0,24.0,24.0,24.0,identical_7_offense_vector,T1_same_ori7_multiple_ori9
MO07401,MO0740100,MO,29,2023,1.0,0.0,20.0,0.0,0.0,3.0,0.0,24.0,0|3|0|1|0|20|0,srs_return_a_annual,11.0,0,NORTHWEST MO STATE UNIV,special_jurisdiction,,147,46640,srs_agency_header,1.0,1.0,overlap,29:statewide_overlap_layer,28.0,2,1,48.0,24.0,24.0,24.0,identical_7_offense_vector,T1_same_ori7_multiple_ori9
MO07401,MO074015Y,MO,29,2023,1.0,0.0,20.0,0.0,0.0,3.0,0.0,24.0,0|3|0|1|0|20|0,nibrs_srs_equivalent_annual,12.0,7,MARYVILLE,special_jurisdiction,0.0,147,,fbi_cde_agency_roster,1.0,1.0,overlap,29:statewide_overlap_layer,14.0,2,1,48.0,24.0,24.0,24.0,identical_7_offense_vector,T1_same_ori7_multiple_ori9
CA03999,CA0399900,CA,06,2023,0.0,0.0,0.0,0.0,0.0,0.0,0.0,0.0,0|0|0|0|0|0|0,srs_return_a_annual,0.0,0,HP SAN JOAQUIN COUNTY,state_law_enforcement,0.0,077,75000,srs_agency_header,1.0,1.0,overlap,06:statewide_overlap_layer,572.6585136712456,3,3,306.0,284.0,0.0,22.0,same_ori7_different_counts,T1_same_ori7_multiple_ori9
CA03999,CA0399965,CA,06,2023,1.0,0.0,82.0,201.0,0.0,0.0,0.0,284.0,0|0|0|1|0|82|201,nibrs_srs_equivalent_annual,12.0,7,HIGHWAY PATROL STOCKTON AREA OFFICE,state_law_enforcement,0.0,077,,fbi_cde_agency_roster,1.0,1.0,overlap,06:statewide_overlap_layer,314.0,3,3,306.0,284.0,0.0,22.0,same_ori7_different_counts,T1_same_ori7_multiple_ori9
CA03999,CA0399966,CA,06,2023,1.0,0.0,1.0,20.0,0.0,0.0,0.0,22.0,0|0|0|1|0|1|20,nibrs_srs_equivalent_annual,12.0,7,HIGHWAY PATROL TRACY AREA OFFICE,state_law_enforcement,0.0,077,,fbi_cde_agency_roster,1.0,1.0,overlap,06:statewide_overlap_layer,5.0,3,3,306.0,284.0,0.0,22.0,same_ori7_different_counts,T1_same_ori7_multiple_ori9
MA00964,MA0096400,MA,25,2023,1.0,2.0,19.0,0.0,0.0,0.0,0.0,22.0,0|0|0|1|2|19|0,srs_return_a_annual,9.0,0,TUFTS UNIVERSITY MEDFORD,special_jurisdiction,,017,39835,srs_agency_header,1.0,1.0,overlap,25:statewide_overlap_layer,38.89490703935574,2,1,44.0,22.0,22.0,22.0,identical_7_offense_vector,T1_same_ori7_multiple_ori9
MA00964,MA009649E,MA,25,2023,1.0,2.0,19.0,0.0,0.0,0.0,0.0,22.0,0|0|0|1|2|19|0,nibrs_srs_equivalent_annual,12.0,7,MEDFORD,special_jurisdiction,0.0,017,,fbi_cde_agency_roster,1.0,1.0,overlap,25:statewide_overlap_layer,34.0,2,1,44.0,22.0,22.0,22.0,identical_7_offense_vector,T1_same_ori7_multiple_ori9
NC02608,NC0260800,NC,37,2023,0.0,6.0,12.0,2.0,0.0,2.0,0.0,22.0,0|2|0|0|6|12|2,cius_publication_annual,12.0,7,METHODIST UNIVERSITY,special_jurisdiction,,051,22920,srs_agency_header,1.0,1.0,overlap,37:statewide_overlap_layer,13.0,2,1,44.0,22.0,22.0,22.0,identical_7_offense_vector,T1_same_ori7_multiple_ori9
NC02608,NC026089E,NC,37,2023,0.0,6.0,12.0,2.0,0.0,2.0,0.0,22.0,0|2|0|0|6|12|2,nibrs_srs_equivalent_annual,12.0,7,FAYETTEVILLE,special_jurisdiction,0.0,051,,fbi_cde_agency_roster,1.0,1.0,overlap,37:statewide_overlap_layer,13.0,2,1,44.0,22.0,22.0,22.0,identical_7_offense_vector,T1_same_ori7_multiple_ori9
TX10176,TX1017600,TX,48,2023,1.0,0.0,20.0,0.0,0.0,0.0,1.0,22.0,0|0|1|1|0|20|0,srs_return_a_annual,11.0,0,ST THOMAS UNIVERSITY,special_jurisdiction,,201,35000,srs_agency_header,1.0,1.0,overlap,48:statewide_overlap_layer,40.800000000000004,2,1,44.0,22.0,22.0,22.0,identical_7_offense_vector,T1_same_ori7_multiple_ori9
TX10176,TX101769E,TX,48,2023,1.0,0.0,20.0,0.0,0.0,0.0,1.0,22.0,0|0|1|1|0|20|0,nibrs_srs_equivalent_annual,12.0,7,HOUSTON,special_jurisdiction,0.0,201,,fbi_cde_agency_roster,1.0,1.0,overlap,48:statewide_overlap_layer,34.0,2,1,44.0,22.0,22.0,22.0,identical_7_offense_vector,T1_same_ori7_multiple_ori9
TX22110,TX2211000,TX,48,2023,0.0,0.0,19.0,1.0,0.0,2.0,0.0,22.0,0|2|0|0|0|19|1,srs_return_a_annual,10.0,0,HARDIN SIMMONS UNIVERSIT,special_jurisdiction,,441,99441,srs_agency_header,1.0,1.0,overlap,48:statewide_overlap_layer,19.921217696265845,2,1,44.0,22.0,22.0,22.0,identical_7_offense_vector,T1_same_ori7_multiple_ori9
TX22110,TX221109E,TX,48,2023,0.0,0.0,19.0,1.0,0.0,2.0,0.0,22.0,0|2|0|0|0|19|1,nibrs_srs_equivalent_annual,12.0,7,ABILENE,special_jurisdiction,0.0,441,,fbi_cde_agency_roster,1.0,1.0,overlap,48:statewide_overlap_layer,16.0,2,1,44.0,22.0,22.0,22.0,identical_7_offense_vector,T1_same_ori7_multiple_ori9
MA01470,MA0147000,MA,25,2023,1.0,3.0,16.0,0.0,0.0,1.0,0.0,21.0,0|1|0|1|3|16|0,cius_publication_annual,12.0,7,ASSUMPTION COLLEGE,special_jurisdiction,,027,82000,srs_agency_header,1.0,1.0,overlap,25:statewide_overlap_layer,20.0,2,1,42.0,21.0,21.0,21.0,identical_7_offense_vector,T1_same_ori7_multiple_ori9
MA01470,MA014709E,MA,25,2023,1.0,3.0,16.0,0.0,0.0,1.0,0.0,21.0,0|1|0|1|3|16|0,nibrs_srs_equivalent_annual,12.0,7,WORCESTER,special_jurisdiction,0.0,027,,fbi_cde_agency_roster,1.0,1.0,overlap,25:statewide_overlap_layer,20.0,2,1,42.0,21.0,21.0,21.0,identical_7_offense_vector,T1_same_ori7_multiple_ori9
MA00538,MA0053800,MA,25,2023,4.0,2.0,11.0,0.0,0.0,3.0,0.0,20.0,0|3|0|4|2|11|0,cius_publication_annual,12.0,7,MERRIMACK COLLEGE,special_jurisdiction,,009,46400,srs_agency_header,1.0,1.0,overlap,25:statewide_overlap_layer,18.0,2,1,40.0,20.0,20.0,20.0,identical_7_offense_vector,T1_same_ori7_multiple_ori9
MA00538,MA005389E,MA,25,2023,4.0,2.0,11.0,0.0,0.0,3.0,0.0,20.0,0|3|0|4|2|11|0,nibrs_srs_equivalent_annual,12.0,7,NORTH ANDOVER,special_jurisdiction,0.0,009,,fbi_cde_agency_roster,1.0,1.0,overlap,25:statewide_overlap_layer,18.0,2,1,40.0,20.0,20.0,20.0,identical_7_offense_vector,T1_same_ori7_multiple_ori9
MA00560,MA0056000,MA,25,2023,0.0,0.0,19.0,0.0,0.0,1.0,0.0,20.0,0|1|0|0|0|19|0,srs_return_a_annual,9.0,0,GORDON COLLEGE,unknown,,,,,1.0,1.0,overlap,25:statewide_overlap_layer,15.627336179607349,2,1,40.0,20.0,20.0,20.0,identical_7_offense_vector,T1_same_ori7_multiple_ori9
MA00560,MA005609E,MA,25,2023,0.0,0.0,19.0,0.0,0.0,1.0,0.0,20.0,0|1|0|0|0|19|0,nibrs_srs_equivalent_annual,12.0,7,,special_jurisdiction,0.0,009,,fbi_cde_agency_roster,1.0,1.0,overlap,25:statewide_overlap_layer,12.0,2,1,40.0,20.0,20.0,20.0,identical_7_offense_vector,T1_same_ori7_multiple_ori9
MA00958,MA0095800,MA,25,2023,0.0,1.0,19.0,0.0,0.0,0.0,0.0,20.0,0|0|0|0|1|19|0,cius_publication_annual,12.0,7,BENTLEY UNIVERSITY,special_jurisdiction,,017,72600,srs_agency_header,1.0,1.0,overlap,25:statewide_overlap_layer,18.0,2,1,40.0,20.0,20.0,20.0,identical_7_offense_vector,T1_same_ori7_multiple_ori9
MA00958,MA009589E,MA,25,2023,0.0,1.0,19.0,0.0,0.0,0.0,0.0,20.0,0|0|0|0|1|19|0,nibrs_srs_equivalent_annual,12.0,7,WALTHAM,special_jurisdiction,0.0,017,,fbi_cde_agency_roster,1.0,1.0,overlap,25:statewide_overlap_layer,18.0,2,1,40.0,20.0,20.0,20.0,identical_7_offense_vector,T1_same_ori7_multiple_ori9
NH00701,NH0070100,NH,33,2023,0.0,0.0,14.0,3.0,3.0,0.0,0.0,20.0,3|0|0|0|0|14|3,srs_return_a_annual,11.0,0,SP MERRIMACK COUNTY,state_law_enforcement,,013,99013,srs_agency_header,1.0,1.0,overlap,33:statewide_overlap_layer,35.0,2,1,40.0,20.0,20.0,20.0,identical_7_offense_vector,T1_same_ori7_multiple_ori9
NH00701,NH007010X,NH,33,2023,0.0,0.0,14.0,3.0,3.0,0.0,0.0,20.0,3|0|0|0|0|14|3,nibrs_srs_equivalent_annual,12.0,7,CONCORD,state_law_enforcement,6979.0,013,,fbi_cde_agency_roster,1.0,1.0,overlap,33:statewide_overlap_layer,35.0,2,1,40.0,20.0,20.0,20.0,identical_7_offense_vector,T1_same_ori7_multiple_ori9
SC04216,SC0421600,SC,45,2023,0.0,2.0,13.0,4.0,0.0,1.0,0.0,20.0,0|1|0|0|2|13|4,srs_return_a_annual,8.0,0,SPARTANBURG METHODIST CO,special_jurisdiction,,083,99083,srs_agency_header,1.0,1.0,overlap,45:statewide_overlap_layer,26.399999999999995,2,1,40.0,20.0,20.0,20.0,identical_7_offense_vector,T1_same_ori7_multiple_ori9
SC04216,SC042169E,SC,45,2023,0.0,2.0,13.0,4.0,0.0,1.0,0.0,20.0,0|1|0|0|2|13|4,nibrs_srs_equivalent_annual,10.0,7,SPARTANBURG,special_jurisdiction,0.0,083,,fbi_cde_agency_roster,1.0,1.0,overlap,45:statewide_overlap_layer,22.0,2,1,40.0,20.0,20.0,20.0,identical_7_offense_vector,T1_same_ori7_multiple_ori9
NH00501,NH0050100,NH,33,2023,3.0,5.0,8.0,0.0,0.0,2.0,0.0,18.0,0|2|0|3|5|8|0,srs_return_a_annual,12.0,7,SP GRAFTON COUNTY,state_law_enforcement,,009,99009,srs_agency_header,1.0,1.0,overlap,33:statewide_overlap_layer,38.0,2,1,36.0,18.0,18.0,18.0,identical_7_offense_vector,T1_same_ori7_multiple_ori9
NH00501,NH005010X,NH,33,2023,3.0,5.0,8.0,0.0,0.0,2.0,0.0,18.0,0|2|0|3|5|8|0,nibrs_srs_equivalent_annual,12.0,7,CONCORD,state_law_enforcement,11292.0,009,,fbi_cde_agency_roster,1.0,1.0,overlap,33:statewide_overlap_layer,38.0,2,1,36.0,18.0,18.0,18.0,identical_7_offense_vector,T1_same_ori7_multiple_ori9
CA04799,CA0479900,CA,06,2023,0.0,0.0,0.0,0.0,0.0,0.0,0.0,0.0,0|0|0|0|0|0|0,srs_return_a_annual,0.0,0,HP SISKIYOU COUNTY,state_law_enforcement,0.0,093,86944,srs_agency_header,1.0,1.0,overlap,06:statewide_overlap_layer,47.35524646723707,3,3,76.0,59.0,0.0,17.0,same_ori7_different_counts,T1_same_ori7_multiple_ori9
CA04799,CA0479945,CA,06,2023,3.0,1.0,20.0,35.0,0.0,0.0,0.0,59.0,0|0|0|3|1|20|35,nibrs_srs_equivalent_annual,12.0,7,HIGHWAY PATROL YREKA AREA OFFICE,state_law_enforcement,0.0,093,,fbi_cde_agency_roster,1.0,1.0,overlap,06:statewide_overlap_layer,16.0,3,3,76.0,59.0,0.0,17.0,same_ori7_different_counts,T1_same_ori7_multiple_ori9
CA04799,CA0479946,CA,06,2023,0.0,0.0,4.0,13.0,0.0,0.0,0.0,17.0,0|0|0|0|0|4|13,nibrs_srs_equivalent_annual,12.0,7,HIGHWAY PATROL MOUNT SHASTA AREA OFFICE,state_law_enforcement,0.0,093,,fbi_cde_agency_roster,1.0,1.0,overlap,06:statewide_overlap_layer,12.0,3,3,76.0,59.0,0.0,17.0,same_ori7_different_counts,T1_same_ori7_multiple_ori9
DE00215,DE0021500,DE,10,2023,0.0,0.0,17.0,0.0,0.0,0.0,0.0,17.0,0|0|0|0|0|17|0,srs_return_a_annual,8.0,0,AMTRAK POLICE,special_jurisdiction,,003,99003,srs_agency_header,1.0,1.0,overlap,10:statewide_overlap_layer,9.0,2,1,34.0,17.0,17.0,17.0,identical_7_offense_vector,T1_same_ori7_multiple_ori9
DE00215,DE002159E,DE,10,2023,0.0,0.0,17.0,0.0,0.0,0.0,0.0,17.0,0|0|0|0|0|17|0,nibrs_srs_equivalent_annual,12.0,7,WILMINGTON,unknown,0.0,003,,fbi_cde_agency_roster,1.0,1.0,overlap,10:statewide_overlap_layer,6.0,2,1,34.0,17.0,17.0,17.0,identical_7_offense_vector,T1_same_ori7_multiple_ori9
OH025A1,OH025A100,OH,39,2023,1.0,6.0,10.0,0.0,0.0,0.0,0.0,17.0,0|0|0|1|6|10|0,cius_publication_annual,12.0,7,CAPITAL UNIVERSITY,special_jurisdiction,,049,06278,srs_agency_header,1.0,1.0,overlap,39:statewide_overlap_layer,12.651359502129004,2,1,34.0,17.0,17.0,17.0,identical_7_offense_vector,T1_same_ori7_multiple_ori9
OH025A1,OH025A10X,OH,39,2023,1.0,6.0,10.0,0.0,0.0,0.0,0.0,17.0,0|0|0|1|6|10|0,nibrs_srs_equivalent_annual,12.0,7,BEXLEY,special_jurisdiction,0.0,049,,fbi_cde_agency_roster,1.0,1.0,overlap,39:statewide_overlap_layer,3.0,2,1,34.0,17.0,17.0,17.0,identical_7_offense_vector,T1_same_ori7_multiple_ori9
IL05814,IL0581400,IL,17,2023,0.0,0.0,15.0,0.0,0.0,0.0,0.0,15.0,0|0|0|0|0|15|0,srs_return_a_annual,11.0,0,MILLIKIN UNIVERSITY,unknown,,,,,1.0,1.0,overlap,17:statewide_overlap_layer,18.46108592090914,2,1,30.0,15.0,15.0,15.0,identical_7_offense_vector,T1_same_ori7_multiple_ori9
IL05814,IL058149E,IL,17,2023,0.0,0.0,15.0,0.0,0.0,0.0,0.0,15.0,0|0|0|0|0|15|0,nibrs_srs_equivalent_annual,12.0,7,DECATUR,special_jurisdiction,0.0,115,,fbi_cde_agency_roster,1.0,1.0,overlap,17:statewide_overlap_layer,11.0,2,1,30.0,15.0,15.0,15.0,identical_7_offense_vector,T1_same_ori7_multiple_ori9
MI63180,MI6318000,MI,26,2023,6.0,4.0,5.0,0.0,0.0,0.0,0.0,15.0,0|0|0|6|4|5|0,srs_return_a_annual,10.0,0,ADDISON TOWNSHIP,unknown,,,,,1.0,1.0,overlap,26:statewide_overlap_layer,4.806776004117353,2,1,30.0,15.0,15.0,15.0,identical_7_offense_vector,T1_same_ori7_multiple_ori9
MI63180,MI631800X,MI,26,2023,6.0,4.0,5.0,0.0,0.0,0.0,0.0,15.0,0|0|0|6|4|5|0,nibrs_srs_equivalent_annual,12.0,7,,local_police,6653.0,125,,fbi_cde_agency_roster,1.0,1.0,exclusive,26:state_nonmunicipal_remainder,2.0,2,1,30.0,15.0,15.0,15.0,identical_7_offense_vector,T1_same_ori7_multiple_ori9
CA04099,CA0409900,CA,06,2023,0.0,0.0,0.0,0.0,0.0,0.0,0.0,0.0,0|0|0|0|0|0|0,srs_return_a_annual,0.0,0,HP SAN LUIS OBISPO CNTY,state_law_enforcement,0.0,079,68154,srs_agency_header,1.0,1.0,overlap,06:statewide_overlap_layer,92.9244069014969,3,3,115.0,101.0,0.0,14.0,same_ori7_different_counts,T1_same_ori7_multiple_ori9
CA04099,CA0409940,CA,06,2023,2.0,0.0,2.0,10.0,0.0,0.0,0.0,14.0,0|0|0|2|0|2|10,nibrs_srs_equivalent_annual,12.0,7,HIGHWAY PATROL TEMPLETON AREA OFFICE,state_law_enforcement,0.0,079,,fbi_cde_agency_roster,1.0,1.0,overlap,06:statewide_overlap_layer,25.0,3,3,115.0,101.0,0.0,14.0,same_ori7_different_counts,T1_same_ori7_multiple_ori9
CA04099,CA0409945,CA,06,2023,2.0,0.0,18.0,81.0,0.0,0.0,0.0,101.0,0|0|0|2|0|18|81,nibrs_srs_equivalent_annual,12.0,7,HIGHWAY PATROL SAN LUIS OBISPO AREA OFFICE,state_law_enforcement,0.0,079,,fbi_cde_agency_roster,1.0,1.0,overlap,06:statewide_overlap_layer,8.0,3,3,115.0,101.0,0.0,14.0,same_ori7_different_counts,T1_same_ori7_multiple_ori9
MA01398,MA0139800,MA,25,2023,0.0,0.0,14.0,0.0,0.0,0.0,0.0,14.0,0|0|0|0|0|14|0,cius_publication_annual,12.0,7,EMERSON COLLEGE,special_jurisdiction,,025,07000,srs_agency_header,1.0,1.0,overlap,25:statewide_overlap_layer,2.0,2,1,28.0,14.0,14.0,14.0,identical_7_offense_vector,T1_same_ori7_multiple_ori9
MA01398,MA013989E,MA,25,2023,0.0,0.0,14.0,0.0,0.0,0.0,0.0,14.0,0|0|0|0|0|14|0,nibrs_srs_equivalent_annual,12.0,7,BOSTON,special_jurisdiction,0.0,025,,fbi_cde_agency_roster,1.0,1.0,overlap,25:statewide_overlap_layer,2.0,2,1,28.0,14.0,14.0,14.0,identical_7_offense_vector,T1_same_ori7_multiple_ori9
MA01465,MA0146500,MA,25,2023,0.0,2.0,9.0,2.0,0.0,1.0,0.0,14.0,0|1|0|0|2|9|2,srs_return_a_annual,10.0,0,COL OF THE HOLY CROSS,unknown,,,,,1.0,1.0,overlap,25:statewide_overlap_layer,22.799999999999997,2,1,28.0,14.0,14.0,14.0,identical_7_offense_vector,T1_same_ori7_multiple_ori9
MA01465,MA014659E,MA,25,2023,0.0,2.0,9.0,2.0,0.0,1.0,0.0,14.0,0|1|0|0|2|9|2,nibrs_srs_equivalent_annual,12.0,7,WORCESTER,special_jurisdiction,0.0,027,,fbi_cde_agency_roster,1.0,1.0,overlap,25:statewide_overlap_layer,19.0,2,1,28.0,14.0,14.0,14.0,identical_7_offense_vector,T1_same_ori7_multiple_ori9
MA01140,MA0114000,MA,25,2023,0.0,3.0,10.0,0.0,0.0,0.0,0.0,13.0,0|0|0|0|3|10|0,srs_return_a_annual,7.0,0,CURRY COLLEGE,unknown,,,,,1.0,1.0,overlap,25:statewide_overlap_layer,31.5,2,1,26.0,13.0,13.0,13.0,identical_7_offense_vector,T1_same_ori7_multiple_ori9
MA01140,MA011409E,MA,25,2023,0.0,3.0,10.0,0.0,0.0,0.0,0.0,13.0,0|0|0|0|3|10|0,nibrs_srs_equivalent_annual,12.0,7,MILTON,special_jurisdiction,0.0,021,,fbi_cde_agency_roster,1.0,1.0,overlap,25:statewide_overlap_layer,21.0,2,1,26.0,13.0,13.0,13.0,identical_7_offense_vector,T1_same_ori7_multiple_ori9
VA06201,VA0620100,VA,51,2023,0.0,1.0,12.0,0.0,0.0,0.0,0.0,13.0,0|0|0|0|1|12|0,cius_publication_annual,12.0,7,WINTERGREEN,unknown,,125,,leaic_crosswalk,1.0,1.0,exclusive,51:municipal:place:5187008,12.0,2,1,26.0,13.0,13.0,13.0,identical_7_offense_vector,T1_same_ori7_multiple_ori9
VA06201,VA062019P,VA,51,2023,0.0,1.0,12.0,0.0,0.0,0.0,0.0,13.0,0|0|0|0|1|12|0,nibrs_srs_equivalent_annual,12.0,7,,local_police,503.0,125,,fbi_cde_agency_roster,1.0,1.0,overlap,51:statewide_overlap_layer,12.0,2,1,26.0,13.0,13.0,13.0,identical_7_offense_vector,T1_same_ori7_multiple_ori9
CA02799,CA0279900,CA,06,2023,0.0,0.0,0.0,0.0,0.0,0.0,0.0,0.0,0|0|0|0|0|0|0,srs_return_a_annual,0.0,0,HP MONTEREY COUNTY,state_law_enforcement,0.0,053,48872,srs_agency_header,1.0,1.0,overlap,06:statewide_overlap_layer,296.6676043376495,3,3,79.0,68.0,0.0,11.0,same_ori7_different_counts,T1_same_ori7_multiple_ori9
CA02799,CA0279930,CA,06,2023,0.0,0.0,3.0,65.0,0.0,0.0,0.0,68.0,0|0|0|0|0|3|65,nibrs_srs_equivalent_annual,12.0,7,HIGHWAY PATROL MONTEREY AREA OFFICE,state_law_enforcement,0.0,051,,fbi_cde_agency_roster,1.0,1.0,overlap,06:statewide_overlap_layer,47.0,3,3,79.0,68.0,0.0,11.0,same_ori7_different_counts,T1_same_ori7_multiple_ori9
CA02799,CA0279935,CA,06,2023,0.0,0.0,1.0,10.0,0.0,0.0,0.0,11.0,0|0|0|0|0|1|10,nibrs_srs_equivalent_annual,12.0,7,HIGHWAY PATROL KING CITY AREA OFFICE,state_law_enforcement,0.0,051,,fbi_cde_agency_roster,1.0,1.0,overlap,06:statewide_overlap_layer,6.0,3,3,79.0,68.0,0.0,11.0,same_ori7_different_counts,T1_same_ori7_multiple_ori9
MA01339,MA0133900,MA,25,2023,1.0,0.0,10.0,0.0,0.0,0.0,0.0,11.0,0|0|0|1|0|10|0,srs_return_a_annual,7.0,0,TUFTS UNIVERSITY SUFFOLK,special_jurisdiction,,017,07000,srs_agency_header,1.0,1.0,overlap,25:statewide_overlap_layer,18.0,2,1,22.0,11.0,11.0,11.0,identical_7_offense_vector,T1_same_ori7_multiple_ori9
MA01339,MA013390X,MA,25,2023,1.0,0.0,10.0,0.0,0.0,0.0,0.0,11.0,0|0|0|1|0|10|0,nibrs_srs_equivalent_annual,12.0,7,BOSTON,special_jurisdiction,0.0,017,,fbi_cde_agency_roster,1.0,1.0,overlap,25:statewide_overlap_layer,9.0,2,1,22.0,11.0,11.0,11.0,identical_7_offense_vector,T1_same_ori7_multiple_ori9
MA01373,MA0137300,MA,25,2023,0.0,1.0,10.0,0.0,0.0,0.0,0.0,11.0,0|0|0|0|1|10|0,srs_return_a_annual,8.0,0,MCPHS UNIVERSITY,unknown,,,,,1.0,1.0,overlap,25:statewide_overlap_layer,6.0,2,1,22.0,11.0,11.0,11.0,identical_7_offense_vector,T1_same_ori7_multiple_ori9
MA01373,MA013739E,MA,25,2023,0.0,1.0,10.0,0.0,0.0,0.0,0.0,11.0,0|0|0|0|1|10|0,nibrs_srs_equivalent_annual,12.0,7,BOSTON,special_jurisdiction,0.0,025,,fbi_cde_agency_roster,1.0,1.0,overlap,25:statewide_overlap_layer,6.0,2,1,22.0,11.0,11.0,11.0,identical_7_offense_vector,T1_same_ori7_multiple_ori9
CA04599,CA0459900,CA,06,2023,0.0,0.0,0.0,0.0,0.0,0.0,0.0,0.0,0|0|0|0|0|0|0,srs_return_a_annual,0.0,0,HP SHASTA COUNTY,state_law_enforcement,0.0,089,59920,srs_agency_header,1.0,1.0,overlap,06:statewide_overlap_layer,293.5857136657987,3,3,199.0,189.0,0.0,10.0,same_ori7_different_counts,T1_same_ori7_multiple_ori9
CA04599,CA0459901,CA,06,2023,0.0,0.0,2.0,8.0,0.0,0.0,0.0,10.0,0|0|0|0|0|2|8,nibrs_srs_equivalent_annual,12.0,7,,state_law_enforcement,0.0,089,,fbi_cde_agency_roster,1.0,1.0,overlap,06:statewide_overlap_layer,7.0,3,3,199.0,189.0,0.0,10.0,same_ori7_different_counts,T1_same_ori7_multiple_ori9
CA04599,CA0459935,CA,06,2023,0.0,0.0,22.0,167.0,0.0,0.0,0.0,189.0,0|0|0|0|0|22|167,nibrs_srs_equivalent_annual,12.0,7,HIGHWAY PATROL REDDING AREA OFFICE,state_law_enforcement,0.0,089,,fbi_cde_agency_roster,1.0,1.0,overlap,06:statewide_overlap_layer,68.0,3,3,199.0,189.0,0.0,10.0,same_ori7_different_counts,T1_same_ori7_multiple_ori9
GA05706,GA0570600,GA,13,2023,0.0,1.0,8.0,0.0,0.0,1.0,0.0,10.0,0|1|0|0|1|8|0,srs_return_a_annual,7.0,0,BERRY COLLEGE,special_jurisdiction,,115,53312,srs_agency_header,1.0,1.0,overlap,13:statewide_overlap_layer,26.08825126017836,2,1,20.0,10.0,10.0,10.0,identical_7_offense_vector,T1_same_ori7_multiple_ori9
GA05706,GA057069E,GA,13,2023,0.0,1.0,8.0,0.0,0.0,1.0,0.0,10.0,0|1|0|0|1|8|0,nibrs_srs_equivalent_annual,12.0,7,MOUNT BERRY,special_jurisdiction,0.0,115,,fbi_cde_agency_roster,1.0,1.0,overlap,13:statewide_overlap_layer,17.0,2,1,20.0,10.0,10.0,10.0,identical_7_offense_vector,T1_same_ori7_multiple_ori9
GA06036,GA0603600,GA,13,2023,0.0,4.0,6.0,0.0,0.0,0.0,0.0,10.0,0|0|0|0|4|6|0,srs_return_a_annual,6.0,0,SPELMAN COLLEGE,special_jurisdiction,,121,04000,srs_agency_header,1.0,1.0,overlap,13:statewide_overlap_layer,8.0,2,1,20.0,10.0,10.0,10.0,identical_7_offense_vector,T1_same_ori7_multiple_ori9
GA06036,GA060369E,GA,13,2023,0.0,4.0,6.0,0.0,0.0,0.0,0.0,10.0,0|0|0|0|4|6|0,nibrs_srs_equivalent_annual,9.0,7,ATLANTA,special_jurisdiction,0.0,121,,fbi_cde_agency_roster,1.0,1.0,overlap,13:statewide_overlap_layer,8.0,2,1,20.0,10.0,10.0,10.0,identical_7_offense_vector,T1_same_ori7_multiple_ori9
MA00542,MA0054200,MA,25,2023,1.0,0.0,7.0,0.0,0.0,2.0,0.0,10.0,0|2|0|1|0|7|0,srs_return_a_annual,9.0,0,ENDICOTT COLLEGE,unknown,,,,,1.0,1.0,overlap,25:statewide_overlap_layer,22.723626427976278,2,1,20.0,10.0,10.0,10.0,identical_7_offense_vector,T1_same_ori7_multiple_ori9
MA00542,MA005429E,MA,25,2023,1.0,0.0,7.0,0.0,0.0,2.0,0.0,10.0,0|2|0|1|0|7|0,nibrs_srs_equivalent_annual,12.0,7,BEVERLY,special_jurisdiction,0.0,009,,fbi_cde_agency_roster,1.0,1.0,overlap,25:statewide_overlap_layer,15.0,2,1,20.0,10.0,10.0,10.0,identical_7_offense_vector,T1_same_ori7_multiple_ori9
MA01351,MA0135100,MA,25,2023,0.0,0.0,10.0,0.0,0.0,0.0,0.0,10.0,0|0|0|0|0|10|0,srs_return_a_annual,8.0,0,SIMMONS COLLEGE,unknown,,,,,1.0,1.0,overlap,25:statewide_overlap_layer,27.428571428571427,2,1,20.0,10.0,10.0,10.0,identical_7_offense_vector,T1_same_ori7_multiple_ori9
MA01351,MA013519E,MA,25,2023,0.0,0.0,10.0,0.0,0.0,0.0,0.0,10.0,0|0|0|0|0|10|0,nibrs_srs_equivalent_annual,12.0,7,BOSTON,special_jurisdiction,0.0,025,,fbi_cde_agency_roster,1.0,1.0,overlap,25:statewide_overlap_layer,16.0,2,1,20.0,10.0,10.0,10.0,identical_7_offense_vector,T1_same_ori7_multiple_ori9
SC04099,SC0409900,SC,45,2023,0.0,0.0,10.0,0.0,0.0,0.0,0.0,10.0,0|0|0|0|0|10|0,srs_return_a_annual,9.0,0,DEPARTMENT OF HEALTH AND,unknown,,,,,1.0,1.0,overlap,45:statewide_overlap_layer,12.0,2,1,20.0,10.0,10.0,10.0,identical_7_offense_vector,T1_same_ori7_multiple_ori9
SC04099,SC040990X,SC,45,2023,0.0,0.0,10.0,0.0,0.0,0.0,0.0,10.0,0|0|0|0|0|10|0,nibrs_srs_equivalent_annual,12.0,7,,unknown,0.0,079,,fbi_cde_agency_roster,1.0,1.0,overlap,45:statewide_overlap_layer,2.0,2,1,20.0,10.0,10.0,10.0,identical_7_offense_vector,T1_same_ori7_multiple_ori9
GA04413,GA0441300,GA,13,2023,0.0,2.0,7.0,0.0,0.0,0.0,0.0,9.0,0|0|0|0|2|7|0,srs_return_a_annual,4.0,0,AGNES SCOTT COLLEGE,special_jurisdiction,,089,22052,srs_agency_header,1.0,1.0,overlap,13:statewide_overlap_layer,6.0,2,1,18.0,9.0,9.0,9.0,identical_7_offense_vector,T1_same_ori7_multiple_ori9
GA04413,GA044139E,GA,13,2023,0.0,2.0,7.0,0.0,0.0,0.0,0.0,9.0,0|0|0|0|2|7|0,nibrs_srs_equivalent_annual,5.0,7,DECATUR,special_jurisdiction,0.0,089,,fbi_cde_agency_roster,1.0,1.0,overlap,13:statewide_overlap_layer,6.0,2,1,18.0,9.0,9.0,9.0,identical_7_offense_vector,T1_same_ori7_multiple_ori9
MA00322,MA0032200,MA,25,2023,2.0,0.0,6.0,0.0,0.0,1.0,0.0,9.0,0|1|0|2|0|6|0,srs_return_a_annual,7.0,0,STONEHILL COLLEGE,unknown,,,,,1.0,1.0,overlap,25:statewide_overlap_layer,12.352722368641416,2,1,18.0,9.0,9.0,9.0,identical_7_offense_vector,T1_same_ori7_multiple_ori9
MA00322,MA003229E,MA,25,2023,2.0,0.0,6.0,0.0,0.0,1.0,0.0,9.0,0|1|0|2|0|6|0,nibrs_srs_equivalent_annual,12.0,7,NORTH EASTON,special_jurisdiction,0.0,005,,fbi_cde_agency_roster,1.0,1.0,overlap,25:statewide_overlap_layer,6.0,2,1,18.0,9.0,9.0,9.0,identical_7_offense_vector,T1_same_ori7_multiple_ori9
OK05601,OK0560100,OK,40,2023,9.0,33.0,41.0,12.0,0.0,0.0,0.0,95.0,0|0|0|9|33|41|12,cius_publication_annual,12.0,7,HENRYETTA,local_police,5628.0,111,33750,srs_agency_header,1.0,1.0,exclusive,40:municipal:place:4033750,84.0,2,2,104.0,95.0,9.0,9.0,same_ori7_different_counts,T1_same_ori7_multiple_ori9
OK05601,OK056013C,OK,40,2023,2.0,0.0,6.0,0.0,0.0,0.0,1.0,9.0,0|0|1|2|0|6|0,nibrs_srs_equivalent_annual,12.0,7,,unknown,0.0,111,,fbi_cde_agency_roster,1.0,1.0,overlap,40:statewide_overlap_layer,13.0,2,2,104.0,95.0,9.0,9.0,same_ori7_different_counts,T1_same_ori7_multiple_ori9
CA03099,CA0309900,CA,06,2023,0.0,0.0,0.0,0.0,0.0,0.0,0.0,0.0,0|0|0|0|0|0|0,srs_return_a_annual,0.0,0,HP ORANGE COUNTY,state_law_enforcement,0.0,059,36770,srs_agency_header,1.0,1.0,overlap,06:statewide_overlap_layer,105.19865623234577,3,3,95.0,87.0,0.0,8.0,same_ori7_different_counts,T1_same_ori7_multiple_ori9
CA03099,CA0309970,CA,06,2023,1.0,0.0,12.0,74.0,0.0,0.0,0.0,87.0,0|0|0|1|0|12|74,nibrs_srs_equivalent_annual,12.0,7,HIGHWAY PATROL WESTMINSTER AREA OFFICE,state_law_enforcement,0.0,059,,fbi_cde_agency_roster,1.0,1.0,overlap,06:statewide_overlap_layer,54.0,3,3,95.0,87.0,0.0,8.0,same_ori7_different_counts,T1_same_ori7_multiple_ori9
CA03099,CA0309975,CA,06,2023,2.0,1.0,5.0,0.0,0.0,0.0,0.0,8.0,0|0|0|2|1|5|0,nibrs_srs_equivalent_annual,12.0,7,HIGHWAY PATROL SANTA ANA AREA OFFICE,state_law_enforcement,0.0,059,,fbi_cde_agency_roster,1.0,1.0,overlap,06:statewide_overlap_layer,3.0,3,3,95.0,87.0,0.0,8.0,same_ori7_different_counts,T1_same_ori7_multiple_ori9
CA03399,CA0339900,CA,06,2023,0.0,0.0,0.0,0.0,0.0,0.0,0.0,0.0,0|0|0|0|0|0|0,srs_return_a_annual,0.0,0,HP RIVERSIDE COUNTY,state_law_enforcement,0.0,065,62000,srs_agency_header,1.0,1.0,overlap,06:statewide_overlap_layer,79.95303924291434,3,3,27.0,19.0,0.0,8.0,same_ori7_different_counts,T1_same_ori7_multiple_ori9
CA03399,CA0339930,CA,06,2023,0.0,0.0,1.0,6.0,0.0,0.0,1.0,8.0,0|0|1|0|0|1|6,nibrs_srs_equivalent_annual,12.0,7,HIGHWAY PATROL INDIO AREA OFFICE,state_law_enforcement,0.0,065,,fbi_cde_agency_roster,1.0,1.0,overlap,06:statewide_overlap_layer,4.0,3,3,27.0,19.0,0.0,8.0,same_ori7_different_counts,T1_same_ori7_multiple_ori9
CA03399,CA0339985,CA,06,2023,3.0,1.0,9.0,6.0,0.0,0.0,0.0,19.0,0|0|0|3|1|9|6,nibrs_srs_equivalent_annual,12.0,7,HIGHWAY PATROL TEMECULA AREA OFFICE,state_law_enforcement,0.0,065,,fbi_cde_agency_roster,1.0,1.0,overlap,06:statewide_overlap_layer,10.0,3,3,27.0,19.0,0.0,8.0,same_ori7_different_counts,T1_same_ori7_multiple_ori9
MI63182,MI6318200,MI,26,2023,0.0,2.0,5.0,0.0,0.0,1.0,0.0,8.0,0|1|0|0|2|5|0,srs_return_a_annual,8.0,0,CLARKSTON,unknown,,,,,1.0,1.0,overlap,26:statewide_overlap_layer,14.0,2,1,16.0,8.0,8.0,8.0,identical_7_offense_vector,T1_same_ori7_multiple_ori9
MI63182,MI631820X,MI,26,2023,0.0,2.0,5.0,0.0,0.0,1.0,0.0,8.0,0|1|0|0|2|5|0,nibrs_srs_equivalent_annual,12.0,7,,local_police,926.0,125,,fbi_cde_agency_roster,1.0,1.0,exclusive,26:municipal:place:2682450,7.0,2,1,16.0,8.0,8.0,8.0,identical_7_offense_vector,T1_same_ori7_multiple_ori9
OK03301,OK0330100,OK,40,2023,49.0,70.0,171.0,26.0,0.0,14.0,1.0,331.0,0|14|1|49|70|171|26,cius_publication_annual,12.0,7,ALTUS,local_police,18757.0,065,01700,srs_agency_header,1.0,1.0,exclusive,40:municipal:place:4001700,323.0,2,2,339.0,331.0,8.0,8.0,same_ori7_different_counts,T1_same_ori7_multiple_ori9
OK03301,OK033013A,OK,40,2023,2.0,0.0,1.0,0.0,2.0,3.0,0.0,8.0,2|3|0|2|0|1|0,nibrs_srs_equivalent_annual,12.0,7,,unknown,0.0,065,,fbi_cde_agency_roster,1.0,1.0,overlap,40:statewide_overlap_layer,8.208616748397867,2,2,339.0,331.0,8.0,8.0,same_ori7_different_counts,T1_same_ori7_multiple_ori9
CA01399,CA0139900,CA,06,2023,0.0,0.0,0.0,0.0,0.0,0.0,0.0,0.0,0|0|0|0|0|0|0,srs_return_a_annual,0.0,0,HP IMPERIAL COUNTY,state_law_enforcement,0.0,025,21782,srs_agency_header,1.0,1.0,overlap,06:statewide_overlap_layer,61.89317916686093,4,4,55.0,48.0,0.0,7.0,same_ori7_different_counts,T1_same_ori7_multiple_ori9
CA01399,CA0139920,CA,06,2023,0.0,0.0,1.0,4.0,0.0,0.0,0.0,5.0,0|0|0|0|0|1|4,nibrs_srs_equivalent_annual,12.0,7,HIGHWAY PATROL WINTERHAVEN AREA OFFICE,state_law_enforcement,0.0,025,,fbi_cde_agency_roster,1.0,1.0,overlap,06:statewide_overlap_layer,3.0,4,4,55.0,48.0,0.0,7.0,same_ori7_different_counts,T1_same_ori7_multiple_ori9
CA01399,CA0139925,CA,06,2023,0.0,0.0,7.0,41.0,0.0,0.0,0.0,48.0,0|0|0|0|0|7|41,nibrs_srs_equivalent_annual,12.0,7,HIGHWAY PATROL EL CENTRO AREA OFFICE,state_law_enforcement,0.0,025,,fbi_cde_agency_roster,1.0,1.0,overlap,06:statewide_overlap_layer,56.0,4,4,55.0,48.0,0.0,7.0,same_ori7_different_counts,T1_same_ori7_multiple_ori9
CA01399,CA0139926,CA,06,2023,0.0,0.0,1.0,1.0,0.0,0.0,0.0,2.0,0|0|0|0|0|1|1,nibrs_srs_equivalent_annual,12.0,7,,state_law_enforcement,0.0,025,,fbi_cde_agency_roster,1.0,1.0,overlap,06:statewide_overlap_layer,1.0,4,4,55.0,48.0,0.0,7.0,same_ori7_different_counts,T1_same_ori7_multiple_ori9
CA04899,CA0489900,CA,06,2023,0.0,0.0,0.0,0.0,0.0,0.0,0.0,0.0,0|0|0|0|0|0|0,srs_return_a_annual,0.0,0,HP SOLANO COUNTY,state_law_enforcement,0.0,095,99095,srs_agency_header,1.0,1.0,overlap,06:statewide_overlap_layer,43.904143925712035,3,3,43.0,36.0,0.0,7.0,same_ori7_different_counts,T1_same_ori7_multiple_ori9
CA04899,CA0489901,CA,06,2023,0.0,0.0,3.0,4.0,0.0,0.0,0.0,7.0,0|0|0|0|0|3|4,nibrs_srs_equivalent_annual,12.0,7,,state_law_enforcement,0.0,095,,fbi_cde_agency_roster,1.0,1.0,overlap,06:statewide_overlap_layer,4.0,3,3,43.0,36.0,0.0,7.0,same_ori7_different_counts,T1_same_ori7_multiple_ori9
CA04899,CA0489965,CA,06,2023,5.0,0.0,8.0,23.0,0.0,0.0,0.0,36.0,0|0|0|5|0|8|23,nibrs_srs_equivalent_annual,12.0,7,HIGHWAY PATROL SOLANO AREA OFFICE,state_law_enforcement,0.0,095,,fbi_cde_agency_roster,1.0,1.0,overlap,06:statewide_overlap_layer,22.0,3,3,43.0,36.0,0.0,7.0,same_ori7_different_counts,T1_same_ori7_multiple_ori9
MA00967,MA0096700,MA,25,2023,1.0,0.0,6.0,0.0,0.0,0.0,0.0,7.0,0|0|0|1|0|6|0,cius_publication_annual,12.0,7,LASELL COLLEGE,special_jurisdiction,,017,02830,srs_agency_header,1.0,1.0,overlap,25:statewide_overlap_layer,1.0,2,1,14.0,7.0,7.0,7.0,identical_7_offense_vector,T1_same_ori7_multiple_ori9
MA00967,MA009679E,MA,25,2023,1.0,0.0,6.0,0.0,0.0,0.0,0.0,7.0,0|0|0|1|0|6|0,nibrs_srs_equivalent_annual,12.0,7,AUBURNDALE,special_jurisdiction,0.0,017,,fbi_cde_agency_roster,1.0,1.0,overlap,25:statewide_overlap_layer,1.0,2,1,14.0,7.0,7.0,7.0,identical_7_offense_vector,T1_same_ori7_multiple_ori9
SC02699,SC0269900,SC,45,2023,0.0,0.0,7.0,0.0,0.0,0.0,0.0,7.0,0|0|0|0|0|7|0,srs_return_a_annual,4.0,0,DHEC HORRY COUNTY,unknown,,,,,1.0,1.0,overlap,45:statewide_overlap_layer,12.0,2,1,14.0,7.0,7.0,7.0,identical_7_offense_vector,T1_same_ori7_multiple_ori9
SC02699,SC026990X,SC,45,2023,0.0,0.0,7.0,0.0,0.0,0.0,0.0,7.0,0|0|0|0|0|7|0,nibrs_srs_equivalent_annual,9.0,7,,unknown,0.0,051,,fbi_cde_agency_roster,1.0,1.0,overlap,45:statewide_overlap_layer,1.0,2,1,14.0,7.0,7.0,7.0,identical_7_offense_vector,T1_same_ori7_multiple_ori9
TN01305,TN0130500,TN,47,2023,0.0,0.0,7.0,0.0,0.0,0.0,0.0,7.0,0|0|0|0|0|7|0,srs_return_a_annual,4.0,0,LINCOLN MEMORIAL UNIVERS,unknown,,,,,1.0,1.0,overlap,47:statewide_overlap_layer,7.199999999999999,2,1,14.0,7.0,7.0,7.0,identical_7_offense_vector,T1_same_ori7_multiple_ori9
TN01305,TN013059E,TN,47,2023,0.0,0.0,7.0,0.0,0.0,0.0,0.0,7.0,0|0|0|0|0|7|0,nibrs_srs_equivalent_annual,4.0,7,HARROGATE,special_jurisdiction,0.0,025,,fbi_cde_agency_roster,1.0,1.0,overlap,47:statewide_overlap_layer,3.0,2,1,14.0,7.0,7.0,7.0,identical_7_offense_vector,T1_same_ori7_multiple_ori9
MA00326,MA0032600,MA,25,2023,0.0,4.0,2.0,0.0,0.0,0.0,0.0,6.0,0|0|0|0|4|2|0,srs_return_a_annual,4.0,0,WHEATON COLLEGE,unknown,,,,,1.0,1.0,overlap,25:statewide_overlap_layer,12.0,2,1,12.0,6.0,6.0,6.0,identical_7_offense_vector,T1_same_ori7_multiple_ori9
MA00326,MA003269E,MA,25,2023,0.0,4.0,2.0,0.0,0.0,0.0,0.0,6.0,0|0|0|0|4|2|0,nibrs_srs_equivalent_annual,12.0,7,NORTON,special_jurisdiction,0.0,005,,fbi_cde_agency_roster,1.0,1.0,overlap,25:statewide_overlap_layer,1.0,2,1,12.0,6.0,6.0,6.0,identical_7_offense_vector,T1_same_ori7_multiple_ori9
MA01131,MA0113100,MA,25,2023,0.0,1.0,5.0,0.0,0.0,0.0,0.0,6.0,0|0|0|0|1|5|0,cius_publication_annual,12.0,7,DEAN COLLEGE,special_jurisdiction,,021,25100,srs_agency_header,1.0,1.0,overlap,25:statewide_overlap_layer,4.0,2,1,12.0,6.0,6.0,6.0,identical_7_offense_vector,T1_same_ori7_multiple_ori9
MA01131,MA011319E,MA,25,2023,0.0,1.0,5.0,0.0,0.0,0.0,0.0,6.0,0|0|0|0|1|5|0,nibrs_srs_equivalent_annual,12.0,7,FRANKLIN,special_jurisdiction,0.0,021,,fbi_cde_agency_roster,1.0,1.0,overlap,25:statewide_overlap_layer,4.0,2,1,12.0,6.0,6.0,6.0,identical_7_offense_vector,T1_same_ori7_multiple_ori9
MA01464,MA0146400,MA,25,2023,0.0,0.0,3.0,0.0,0.0,0.0,0.0,3.0,0|0|0|0|0|3|0,srs_return_a_annual,2.0,0,TUFTS UNIVERSITY WORCEST,special_jurisdiction,,017,26395,srs_agency_header,1.0,1.0,overlap,25:statewide_overlap_layer,15.0,3,2,37.0,31.0,3.0,6.0,same_ori7_different_counts,T1_same_ori7_multiple_ori9
MA01464,MA014640X,MA,25,2023,0.0,0.0,3.0,0.0,0.0,0.0,0.0,3.0,0|0|0|0|0|3|0,nibrs_srs_equivalent_annual,12.0,7,GRAFTON,special_jurisdiction,0.0,017,,fbi_cde_agency_roster,1.0,1.0,overlap,25:statewide_overlap_layer,5.0,3,2,37.0,31.0,3.0,6.0,same_ori7_different_counts,T1_same_ori7_multiple_ori9
MA01464,MA014649E,MA,25,2023,4.0,4.0,23.0,0.0,0.0,0.0,0.0,31.0,0|0|0|4|4|23|0,nibrs_srs_equivalent_annual,12.0,7,WORCESTER,special_jurisdiction,0.0,027,,fbi_cde_agency_roster,1.0,1.0,overlap,25:statewide_overlap_layer,25.0,3,2,37.0,31.0,3.0,6.0,same_ori7_different_counts,T1_same_ori7_multiple_ori9
NH00301,NH0030100,NH,33,2023,2.0,1.0,2.0,0.0,0.0,0.0,1.0,6.0,0|0|1|2|1|2|0,srs_return_a_annual,11.0,0,SP CHESHIRE COUNTY,state_law_enforcement,,005,99005,srs_agency_header,1.0,1.0,overlap,33:statewide_overlap_layer,25.0,2,1,12.0,6.0,6.0,6.0,identical_7_offense_vector,T1_same_ori7_multiple_ori9
NH00301,NH003010X,NH,33,2023,2.0,1.0,2.0,0.0,0.0,0.0,1.0,6.0,0|0|1|2|1|2|0,nibrs_srs_equivalent_annual,12.0,7,CONCORD,state_law_enforcement,9368.0,005,,fbi_cde_agency_roster,1.0,1.0,overlap,33:statewide_overlap_layer,25.0,2,1,12.0,6.0,6.0,6.0,identical_7_offense_vector,T1_same_ori7_multiple_ori9
NH00801,NH0080100,NH,33,2023,1.0,0.0,2.0,0.0,1.0,2.0,0.0,6.0,1|2|0|1|0|2|0,srs_return_a_annual,8.0,0,SP ROCKINGHAM COUNTY,state_law_enforcement,,015,99015,srs_agency_header,1.0,1.0,overlap,33:statewide_overlap_layer,15.272727272727272,2,1,12.0,6.0,6.0,6.0,identical_7_offense_vector,T1_same_ori7_multiple_ori9
NH00801,NH008010X,NH,33,2023,1.0,0.0,2.0,0.0,1.0,2.0,0.0,6.0,1|2|0|1|0|2|0,nibrs_srs_equivalent_annual,12.0,7,CONCORD,state_law_enforcement,0.0,015,,fbi_cde_agency_roster,1.0,1.0,overlap,33:statewide_overlap_layer,14.0,2,1,12.0,6.0,6.0,6.0,identical_7_offense_vector,T1_same_ori7_multiple_ori9
CA00999,CA0099900,CA,06,2023,0.0,0.0,0.0,0.0,0.0,0.0,0.0,0.0,0|0|0|0|0|0|0,srs_return_a_annual,0.0,0,HP EL DORADO COUNTY,state_law_enforcement,0.0,017,57540,srs_agency_header,1.0,1.0,overlap,06:statewide_overlap_layer,117.01693486286061,3,3,143.0,138.0,0.0,5.0,same_ori7_different_counts,T1_same_ori7_multiple_ori9
CA00999,CA0099945,CA,06,2023,0.0,0.0,68.0,70.0,0.0,0.0,0.0,138.0,0|0|0|0|0|68|70,nibrs_srs_equivalent_annual,12.0,7,HIGHWAY PATROL PLACERVILLE AREA OFFICE,state_law_enforcement,0.0,017,,fbi_cde_agency_roster,1.0,1.0,overlap,06:statewide_overlap_layer,136.0,3,3,143.0,138.0,0.0,5.0,same_ori7_different_counts,T1_same_ori7_multiple_ori9
CA00999,CA0099946,CA,06,2023,0.0,0.0,4.0,1.0,0.0,0.0,0.0,5.0,0|0|0|0|0|4|1,nibrs_srs_equivalent_annual,12.0,7,HIGHWAY PATROL SOUTH LAKE TAHOE AREA OFFICE,state_law_enforcement,0.0,017,,fbi_cde_agency_roster,1.0,1.0,overlap,06:statewide_overlap_layer,13.0,3,3,143.0,138.0,0.0,5.0,same_ori7_different_counts,T1_same_ori7_multiple_ori9
OK05552,OK0555200,OK,40,2023,0.0,1.0,4.0,0.0,0.0,0.0,0.0,5.0,0|0|0|0|1|4|0,srs_return_a_annual,6.0,0,SOUTHERN NAZARENE UNIVER,unknown,,,,,1.0,1.0,overlap,40:statewide_overlap_layer,4.0,2,1,10.0,5.0,5.0,5.0,identical_7_offense_vector,T1_same_ori7_multiple_ori9
OK05552,OK055529E,OK,40,2023,0.0,1.0,4.0,0.0,0.0,0.0,0.0,5.0,0|0|0|0|1|4|0,nibrs_srs_equivalent_annual,12.0,7,,special_jurisdiction,0.0,109,,fbi_cde_agency_roster,1.0,1.0,overlap,40:statewide_overlap_layer,1.0,2,1,10.0,5.0,5.0,5.0,identical_7_offense_vector,T1_same_ori7_multiple_ori9
SC01099,SC0109900,SC,45,2023,0.0,0.0,5.0,0.0,0.0,0.0,0.0,5.0,0|0|0|0|0|5|0,srs_return_a_annual,5.0,0,DEPARTMENT OF HEALTH AND,unknown,,,,,1.0,1.0,overlap,45:statewide_overlap_layer,12.0,2,1,10.0,5.0,5.0,5.0,identical_7_offense_vector,T1_same_ori7_multiple_ori9
SC01099,SC010990X,SC,45,2023,0.0,0.0,5.0,0.0,0.0,0.0,0.0,5.0,0|0|0|0|0|5|0,nibrs_srs_equivalent_annual,9.0,7,,unknown,0.0,019,,fbi_cde_agency_roster,1.0,1.0,overlap,45:statewide_overlap_layer,1.0,2,1,10.0,5.0,5.0,5.0,identical_7_offense_vector,T1_same_ori7_multiple_ori9
SC02399,SC0239900,SC,45,2023,0.0,0.0,5.0,0.0,0.0,0.0,0.0,5.0,0|0|0|0|0|5|0,srs_return_a_annual,3.0,0,DEPARTMENT OF HEALTH AND,unknown,,,,,1.0,1.0,overlap,45:statewide_overlap_layer,,2,1,10.0,5.0,5.0,5.0,identical_7_offense_vector,T1_same_ori7_multiple_ori9
SC02399,SC023990X,SC,45,2023,0.0,0.0,5.0,0.0,0.0,0.0,0.0,5.0,0|0|0|0|0|5|0,nibrs_srs_equivalent_annual,8.0,7,,unknown,0.0,045,,fbi_cde_agency_roster,1.0,1.0,overlap,45:statewide_overlap_layer,4.611874894662076,2,1,10.0,5.0,5.0,5.0,identical_7_offense_vector,T1_same_ori7_multiple_ori9
TN01958,TN0195800,TN,47,2023,1.0,0.0,4.0,0.0,0.0,0.0,0.0,5.0,0|0|0|1|0|4|0,srs_return_a_annual,4.0,0,DEPT OF AGRICULTURE AGR,unknown,,,,,1.0,1.0,overlap,47:statewide_overlap_layer,17.142857142857142,2,1,10.0,5.0,5.0,5.0,identical_7_offense_vector,T1_same_ori7_multiple_ori9
TN01958,TN019580X,TN,47,2023,1.0,0.0,4.0,0.0,0.0,0.0,0.0,5.0,0|0|0|1|0|4|0,nibrs_srs_equivalent_annual,11.0,7,,unknown,0.0,037,,fbi_cde_agency_roster,1.0,1.0,overlap,47:statewide_overlap_layer,10.0,2,1,10.0,5.0,5.0,5.0,identical_7_offense_vector,T1_same_ori7_multiple_ori9
TX22002,TX2200200,TX,48,2023,29.0,35.0,173.0,13.0,0.0,15.0,3.0,268.0,0|15|3|29|35|173|13,cius_publication_annual,12.0,7,AZLE,local_police,14961.0,439,05168,srs_agency_header,1.0,1.0,exclusive,48:municipal:place:4805168,281.0,2,2,273.0,268.0,5.0,5.0,same_ori7_different_counts,T1_same_ori7_multiple_ori9
TX22002,TX220029E,TX,48,2023,0.0,0.0,5.0,0.0,0.0,0.0,0.0,5.0,0|0|0|0|0|5|0,nibrs_srs_equivalent_annual,4.0,7,SOUTHWESTERN BAPTIST THEOLOGICAL SEMINARY,special_jurisdiction,0.0,439,,fbi_cde_agency_roster,1.0,1.0,overlap,48:statewide_overlap_layer,33.0,2,2,273.0,268.0,5.0,5.0,same_ori7_different_counts,T1_same_ori7_multiple_ori9
AL04901,AL0490100,AL,01,2023,9.0,13.0,99.0,5.0,0.0,0.0,0.0,126.0,0|0|0|9|13|99|5,nibrs_srs_equivalent_annual|srs_return_a_annual,12.0,7,HAMILTON,local_police,6970.0,093,32848,srs_agency_header,1.0,1.0,exclusive,01:municipal:place:0132848,134.0,2,2,130.0,126.0,4.0,4.0,same_ori7_different_counts,T1_same_ori7_multiple_ori9
AL04901,AL049015A,AL,01,2023,2.0,0.0,2.0,0.0,0.0,0.0,0.0,4.0,0|0|0|2|0|2|0,nibrs_srs_equivalent_annual,12.0,7,,unknown,0.0,093,,fbi_cde_agency_roster,1.0,1.0,overlap,01:statewide_overlap_layer,4.0,2,2,130.0,126.0,4.0,4.0,same_ori7_different_counts,T1_same_ori7_multiple_ori9
NH01001,NH0100100,NH,33,2023,0.0,1.0,3.0,0.0,0.0,0.0,0.0,4.0,0|0|0|0|1|3|0,srs_return_a_annual,9.0,0,SP SULLIVAN COUNTY,state_law_enforcement,,019,99019,srs_agency_header,1.0,1.0,overlap,33:statewide_overlap_layer,24.39830508474576,2,1,8.0,4.0,4.0,4.0,identical_7_offense_vector,T1_same_ori7_multiple_ori9
NH01001,NH010010X,NH,33,2023,0.0,1.0,3.0,0.0,0.0,0.0,0.0,4.0,0|0|0|0|1|3|0,nibrs_srs_equivalent_annual,12.0,7,CONCORD,state_law_enforcement,2761.0,019,,fbi_cde_agency_roster,1.0,1.0,overlap,33:statewide_overlap_layer,20.0,2,1,8.0,4.0,4.0,4.0,identical_7_offense_vector,T1_same_ori7_multiple_ori9
SC03899,SC0389900,SC,45,2023,0.0,0.0,4.0,0.0,0.0,0.0,0.0,4.0,0|0|0|0|0|4|0,srs_return_a_annual,3.0,0,DEPARTMENT OF HEALTH AND,unknown,,,,,1.0,1.0,overlap,45:statewide_overlap_layer,,2,1,8.0,4.0,4.0,4.0,identical_7_offense_vector,T1_same_ori7_multiple_ori9
SC03899,SC038990X,SC,45,2023,0.0,0.0,4.0,0.0,0.0,0.0,0.0,4.0,0|0|0|0|0|4|0,nibrs_srs_equivalent_annual,10.0,7,,unknown,0.0,075,,fbi_cde_agency_roster,1.0,1.0,overlap,45:statewide_overlap_layer,3.6894999157296606,2,1,8.0,4.0,4.0,4.0,identical_7_offense_vector,T1_same_ori7_multiple_ori9
SC03999,SC0399900,SC,45,2023,0.0,0.0,4.0,0.0,0.0,0.0,0.0,4.0,0|0|0|0|0|4|0,srs_return_a_annual,3.0,0,DEPARTMENT OF HEALTH AND,unknown,,,,,1.0,1.0,overlap,45:statewide_overlap_layer,,2,1,8.0,4.0,4.0,4.0,identical_7_offense_vector,T1_same_ori7_multiple_ori9
SC03999,SC039990X,SC,45,2023,0.0,0.0,4.0,0.0,0.0,0.0,0.0,4.0,0|0|0|0|0|4|0,nibrs_srs_equivalent_annual,12.0,7,,unknown,0.0,077,,fbi_cde_agency_roster,1.0,1.0,overlap,45:statewide_overlap_layer,3.6894999157296606,2,1,8.0,4.0,4.0,4.0,identical_7_offense_vector,T1_same_ori7_multiple_ori9
CA03199,CA0319900,CA,06,2023,0.0,0.0,0.0,0.0,0.0,0.0,0.0,0.0,0|0|0|0|0|0|0,srs_return_a_annual,0.0,0,HP PLACER COUNTY,state_law_enforcement,0.0,061,03204,srs_agency_header,1.0,1.0,overlap,06:statewide_overlap_layer,173.03104681422428,3,3,178.0,175.0,0.0,3.0,same_ori7_different_counts,T1_same_ori7_multiple_ori9
CA03199,CA0319920,CA,06,2023,0.0,0.0,61.0,114.0,0.0,0.0,0.0,175.0,0|0|0|0|0|61|114,nibrs_srs_equivalent_annual,12.0,7,HIGHWAY PATROL AUBURN AREA OFFICE,state_law_enforcement,0.0,061,,fbi_cde_agency_roster,1.0,1.0,overlap,06:statewide_overlap_layer,123.0,3,3,178.0,175.0,0.0,3.0,same_ori7_different_counts,T1_same_ori7_multiple_ori9
CA03199,CA0319921,CA,06,2023,2.0,0.0,0.0,1.0,0.0,0.0,0.0,3.0,0|0|0|2|0|0|1,nibrs_srs_equivalent_annual,12.0,7,,state_law_enforcement,0.0,061,,fbi_cde_agency_roster,1.0,1.0,overlap,06:statewide_overlap_layer,2.5730372578675422,3,3,178.0,175.0,0.0,3.0,same_ori7_different_counts,T1_same_ori7_multiple_ori9
IN04935,IN0493500,IN,18,2023,0.0,0.0,3.0,0.0,0.0,0.0,0.0,3.0,0|0|0|0|0|3|0,srs_return_a_annual,3.0,0,MARIAN UNIVERSITY,special_jurisdiction,,097,36000,srs_agency_header,1.0,1.0,overlap,18:statewide_overlap_layer,9.783190210735631,2,1,6.0,3.0,3.0,3.0,identical_7_offense_vector,T1_same_ori7_multiple_ori9
IN04935,IN049359E,IN,18,2023,0.0,0.0,3.0,0.0,0.0,0.0,0.0,3.0,0|0|0|0|0|3|0,nibrs_srs_equivalent_annual,5.0,7,INDIANAPOLIS,special_jurisdiction,0.0,097,,fbi_cde_agency_roster,1.0,1.0,overlap,18:statewide_overlap_layer,2.0,2,1,6.0,3.0,3.0,3.0,identical_7_offense_vector,T1_same_ori7_multiple_ori9
NH00601,NH0060100,NH,33,2023,1.0,0.0,0.0,0.0,2.0,0.0,0.0,3.0,2|0|0|1|0|0|0,srs_return_a_annual,9.0,0,SP HILLSBOROUGH COUNTY,state_law_enforcement,,011,99011,srs_agency_header,1.0,1.0,overlap,33:statewide_overlap_layer,6.124119557522602,2,1,6.0,3.0,3.0,3.0,identical_7_offense_vector,T1_same_ori7_multiple_ori9
NH00601,NH006010X,NH,33,2023,1.0,0.0,0.0,0.0,2.0,0.0,0.0,3.0,2|0|0|1|0|0|0,nibrs_srs_equivalent_annual,12.0,7,CONCORD,state_law_enforcement,5989.0,011,,fbi_cde_agency_roster,1.0,1.0,overlap,33:statewide_overlap_layer,4.0,2,1,6.0,3.0,3.0,3.0,identical_7_offense_vector,T1_same_ori7_multiple_ori9
NH00901,NH0090100,NH,33,2023,2.0,0.0,0.0,0.0,1.0,0.0,0.0,3.0,1|0|0|2|0|0|0,srs_return_a_annual,4.0,0,SP STRAFFORD COUNTY,state_law_enforcement,,017,99017,srs_agency_header,1.0,1.0,overlap,33:statewide_overlap_layer,10.666666666666666,2,1,6.0,3.0,3.0,3.0,identical_7_offense_vector,T1_same_ori7_multiple_ori9
NH00901,NH009010X,NH,33,2023,2.0,0.0,0.0,0.0,1.0,0.0,0.0,3.0,1|0|0|2|0|0|0,nibrs_srs_equivalent_annual,12.0,7,CONCORD,state_law_enforcement,931.0,017,,fbi_cde_agency_roster,1.0,1.0,overlap,33:statewide_overlap_layer,8.0,2,1,6.0,3.0,3.0,3.0,identical_7_offense_vector,T1_same_ori7_multiple_ori9
OK03601,OK0360100,OK,40,2023,17.0,38.0,55.0,14.0,1.0,3.0,0.0,128.0,1|3|0|17|38|55|14,cius_publication_annual,12.0,7,BLACKWELL,local_police,6684.0,071,06600,srs_agency_header,1.0,1.0,exclusive,40:municipal:place:4006600,157.0,2,2,131.0,128.0,3.0,3.0,same_ori7_different_counts,T1_same_ori7_multiple_ori9
OK03601,OK036015A,OK,40,2023,1.0,0.0,1.0,0.0,1.0,0.0,0.0,3.0,1|0|0|1|0|1|0,nibrs_srs_equivalent_annual,12.0,7,,unknown,0.0,071,,fbi_cde_agency_roster,1.0,1.0,overlap,40:statewide_overlap_layer,2.0,2,2,131.0,128.0,3.0,3.0,same_ori7_different_counts,T1_same_ori7_multiple_ori9
SC00499,SC0049900,SC,45,2023,0.0,0.0,3.0,0.0,0.0,0.0,0.0,3.0,0|0|0|0|0|3|0,srs_return_a_annual,3.0,0,DEPARTMENT OF HEALTH AND,unknown,,,,,1.0,1.0,overlap,45:statewide_overlap_layer,,2,1,6.0,3.0,3.0,3.0,identical_7_offense_vector,T1_same_ori7_multiple_ori9
SC00499,SC004990X,SC,45,2023,0.0,0.0,3.0,0.0,0.0,0.0,0.0,3.0,0|0|0|0|0|3|0,nibrs_srs_equivalent_annual,7.0,7,,unknown,0.0,007,,fbi_cde_agency_roster,1.0,1.0,overlap,45:statewide_overlap_layer,2.7671249367972455,2,1,6.0,3.0,3.0,3.0,identical_7_offense_vector,T1_same_ori7_multiple_ori9
SC03299,SC0329900,SC,45,2023,0.0,0.0,3.0,0.0,0.0,0.0,0.0,3.0,0|0|0|0|0|3|0,srs_return_a_annual,3.0,0,DEPARTMENT OF HEALTH AND,unknown,,,,,1.0,1.0,overlap,45:statewide_overlap_layer,,2,1,6.0,3.0,3.0,3.0,identical_7_offense_vector,T1_same_ori7_multiple_ori9
SC03299,SC032990X,SC,45,2023,0.0,0.0,3.0,0.0,0.0,0.0,0.0,3.0,0|0|0|0|0|3|0,nibrs_srs_equivalent_annual,10.0,7,,unknown,0.0,063,,fbi_cde_agency_roster,1.0,1.0,overlap,45:statewide_overlap_layer,2.7671249367972455,2,1,6.0,3.0,3.0,3.0,identical_7_offense_vector,T1_same_ori7_multiple_ori9
TX05782,TX0578200,TX,48,2023,0.0,1.0,1.0,1.0,0.0,0.0,0.0,3.0,0|0|0|0|1|1|1,srs_return_a_annual,4.0,0,DALLAS BAPTIST UNIVERSIT,unknown,,,,,1.0,1.0,overlap,48:statewide_overlap_layer,14.4,2,1,6.0,3.0,3.0,3.0,identical_7_offense_vector,T1_same_ori7_multiple_ori9
TX05782,TX057829E,TX,48,2023,0.0,1.0,1.0,1.0,0.0,0.0,0.0,3.0,0|0|0|0|1|1|1,nibrs_srs_equivalent_annual,4.0,7,DALLAS BAPTIST UNIVERSITY,special_jurisdiction,0.0,113,,fbi_cde_agency_roster,1.0,1.0,overlap,48:statewide_overlap_layer,6.0,2,1,6.0,3.0,3.0,3.0,identical_7_offense_vector,T1_same_ori7_multiple_ori9
AL05401,AL0540100,AL,01,2023,5.0,4.0,10.0,1.0,0.0,0.0,0.0,20.0,0|0|0|5|4|10|1,cius_publication_annual,12.0,7,ALICEVILLE,local_police,2315.0,107,01228,srs_agency_header,1.0,1.0,exclusive,01:municipal:place:0101228,15.0,2,2,22.0,20.0,2.0,2.0,same_ori7_different_counts,T1_same_ori7_multiple_ori9
AL05401,AL054015A,AL,01,2023,0.0,0.0,0.0,0.0,0.0,2.0,0.0,2.0,0|2|0|0|0|0|0,nibrs_srs_equivalent_annual,12.0,7,,unknown,0.0,107,,fbi_cde_agency_roster,1.0,1.0,overlap,01:statewide_overlap_layer,2.1060954055636567,2,2,22.0,20.0,2.0,2.0,same_ori7_different_counts,T1_same_ori7_multiple_ori9
CA05299,CA0529900,CA,06,2023,0.0,0.0,0.0,0.0,0.0,0.0,0.0,0.0,0|0|0|0|0|0|0,srs_return_a_annual,0.0,0,HP TEHAMA COUNTY,state_law_enforcement,0.0,103,59892,srs_agency_header,1.0,1.0,overlap,06:statewide_overlap_layer,141.24390127933862,3,3,201.0,199.0,0.0,2.0,same_ori7_different_counts,T1_same_ori7_multiple_ori9
CA05299,CA0529930,CA,06,2023,4.0,1.0,40.0,154.0,0.0,0.0,0.0,199.0,0|0|0|4|1|40|154,nibrs_srs_equivalent_annual,12.0,7,HIGHWAY PATROL RED BLUFF AREA OFFICE,state_law_enforcement,0.0,103,,fbi_cde_agency_roster,1.0,1.0,overlap,06:statewide_overlap_layer,156.0,3,3,201.0,199.0,0.0,2.0,same_ori7_different_counts,T1_same_ori7_multiple_ori9
CA05299,CA0529931,CA,06,2023,2.0,0.0,0.0,0.0,0.0,0.0,0.0,2.0,0|0|0|2|0|0|0,nibrs_srs_equivalent_annual,12.0,7,,state_law_enforcement,0.0,103,,fbi_cde_agency_roster,1.0,1.0,overlap,06:statewide_overlap_layer,1.0,3,3,201.0,199.0,0.0,2.0,same_ori7_different_counts,T1_same_ori7_multiple_ori9
NH00201,NH0020100,NH,33,2023,0.0,0.0,0.0,0.0,1.0,1.0,0.0,2.0,1|1|0|0|0|0|0,srs_return_a_annual,5.0,0,SP CARROLL COUNTY,state_law_enforcement,,003,99003,srs_agency_header,1.0,1.0,overlap,33:statewide_overlap_layer,10.793125365930592,2,1,4.0,2.0,2.0,2.0,identical_7_offense_vector,T1_same_ori7_multiple_ori9
NH00201,NH002010X,NH,33,2023,0.0,0.0,0.0,0.0,1.0,1.0,0.0,2.0,1|1|0|0|0|0|0,nibrs_srs_equivalent_annual,12.0,7,CONCORD,state_law_enforcement,0.0,003,,fbi_cde_agency_roster,1.0,1.0,overlap,33:statewide_overlap_layer,4.0,2,1,4.0,2.0,2.0,2.0,identical_7_offense_vector,T1_same_ori7_multiple_ori9
SC01199,SC0119900,SC,45,2023,0.0,0.0,2.0,0.0,0.0,0.0,0.0,2.0,0|0|0|0|0|2|0,srs_return_a_annual,2.0,0,DEPARTMENT OF HEALTH AND,unknown,,,,,1.0,1.0,overlap,45:statewide_overlap_layer,,2,1,4.0,2.0,2.0,2.0,identical_7_offense_vector,T1_same_ori7_multiple_ori9
SC01199,SC011990X,SC,45,2023,0.0,0.0,2.0,0.0,0.0,0.0,0.0,2.0,0|0|0|0|0|2|0,nibrs_srs_equivalent_annual,10.0,7,,unknown,0.0,021,,fbi_cde_agency_roster,1.0,1.0,overlap,45:statewide_overlap_layer,1.8447499578648303,2,1,4.0,2.0,2.0,2.0,identical_7_offense_vector,T1_same_ori7_multiple_ori9
SC02299,SC0229900,SC,45,2023,0.0,0.0,2.0,0.0,0.0,0.0,0.0,2.0,0|0|0|0|0|2|0,srs_return_a_annual,2.0,0,DEPARTMENT OF HEALTH AND,unknown,,,,,1.0,1.0,overlap,45:statewide_overlap_layer,12.0,2,1,4.0,2.0,2.0,2.0,identical_7_offense_vector,T1_same_ori7_multiple_ori9
SC02299,SC022990X,SC,45,2023,0.0,0.0,2.0,0.0,0.0,0.0,0.0,2.0,0|0|0|0|0|2|0,nibrs_srs_equivalent_annual,11.0,7,,unknown,0.0,043,,fbi_cde_agency_roster,1.0,1.0,overlap,45:statewide_overlap_layer,2.0,2,1,4.0,2.0,2.0,2.0,identical_7_offense_vector,T1_same_ori7_multiple_ori9
SC04699,SC0469900,SC,45,2023,0.0,0.0,2.0,0.0,0.0,0.0,0.0,2.0,0|0|0|0|0|2|0,srs_return_a_annual,2.0,0,DEPT OF HEALTH ENV CON,unknown,,,,,1.0,1.0,overlap,45:statewide_overlap_layer,,2,1,4.0,2.0,2.0,2.0,identical_7_offense_vector,T1_same_ori7_multiple_ori9
SC04699,SC046990X,SC,45,2023,0.0,0.0,2.0,0.0,0.0,0.0,0.0,2.0,0|0|0|0|0|2|0,nibrs_srs_equivalent_annual,11.0,7,,unknown,0.0,091,,fbi_cde_agency_roster,1.0,1.0,overlap,45:statewide_overlap_layer,3.660848758930788,2,1,4.0,2.0,2.0,2.0,identical_7_offense_vector,T1_same_ori7_multiple_ori9
TX22111,TX2211100,TX,48,2023,0.0,0.0,2.0,0.0,0.0,0.0,0.0,2.0,0|0|0|0|0|2|0,srs_return_a_annual,1.0,0,ABILENE CHRISTIAN UNIV,special_jurisdiction,,441,01000,srs_agency_header,1.0,1.0,overlap,48:statewide_overlap_layer,30.794231738138798,2,1,4.0,2.0,2.0,2.0,identical_7_offense_vector,T1_same_ori7_multiple_ori9
TX22111,TX221119E,TX,48,2023,0.0,0.0,2.0,0.0,0.0,0.0,0.0,2.0,0|0|0|0|0|2|0,nibrs_srs_equivalent_annual,1.0,7,ABILENE,special_jurisdiction,0.0,441,,fbi_cde_agency_roster,1.0,1.0,overlap,48:statewide_overlap_layer,14.0,2,1,4.0,2.0,2.0,2.0,identical_7_offense_vector,T1_same_ori7_multiple_ori9
VA09404,VA0940400,VA,51,2023,0.0,0.0,2.0,0.0,0.0,0.0,0.0,2.0,0|0|0|0|0|2|0,srs_return_a_annual,12.0,7,EMORY AND HENRY COLLEGE,special_jurisdiction,,191,25792,srs_agency_header,1.0,1.0,overlap,51:statewide_overlap_layer,1.3252384066339258,2,1,4.0,2.0,2.0,2.0,identical_7_offense_vector,T1_same_ori7_multiple_ori9
VA09404,VA094049E,VA,51,2023,0.0,0.0,2.0,0.0,0.0,0.0,0.0,2.0,0|0|0|0|0|2|0,nibrs_srs_equivalent_annual,12.0,7,EMORY,special_jurisdiction,0.0,191,,fbi_cde_agency_roster,1.0,1.0,overlap,51:statewide_overlap_layer,1.5783920354291885,2,1,4.0,2.0,2.0,2.0,identical_7_offense_vector,T1_same_ori7_multiple_ori9
CA02999,CA0299900,CA,06,2023,0.0,0.0,0.0,0.0,0.0,0.0,0.0,0.0,0|0|0|0|0|0|0,srs_return_a_annual,0.0,0,HP NEVADA COUNTY,state_law_enforcement,0.0,057,80588,srs_agency_header,1.0,1.0,overlap,06:statewide_overlap_layer,92.47168045923104,3,3,89.0,88.0,0.0,1.0,same_ori7_different_counts,T1_same_ori7_multiple_ori9
CA02999,CA0299922,CA,06,2023,0.0,0.0,0.0,1.0,0.0,0.0,0.0,1.0,0|0|0|0|0|0|1,nibrs_srs_equivalent_annual,12.0,7,,state_law_enforcement,0.0,057,,fbi_cde_agency_roster,1.0,1.0,overlap,06:statewide_overlap_layer,3.4535836226170984,3,3,89.0,88.0,0.0,1.0,same_ori7_different_counts,T1_same_ori7_multiple_ori9
CA02999,CA0299930,CA,06,2023,0.0,0.0,34.0,54.0,0.0,0.0,0.0,88.0,0|0|0|0|0|34|54,nibrs_srs_equivalent_annual,12.0,7,HIGHWAY PATROL GRASS VALLEY AREA OFFICE,state_law_enforcement,0.0,057,,fbi_cde_agency_roster,1.0,1.0,overlap,06:statewide_overlap_layer,67.0,3,3,89.0,88.0,0.0,1.0,same_ori7_different_counts,T1_same_ori7_multiple_ori9
CA03899,CA0389900,CA,06,2023,0.0,0.0,0.0,0.0,0.0,0.0,0.0,0.0,0|0|0|0|0|0|0,srs_return_a_annual,0.0,0,HP SAN FRANCISCO COUNTY,state_law_enforcement,0.0,075,67000,srs_agency_header,1.0,1.0,overlap,06:statewide_overlap_layer,38.32858293868096,3,3,5.0,4.0,0.0,1.0,same_ori7_different_counts,T1_same_ori7_multiple_ori9
CA03899,CA0389921,CA,06,2023,0.0,0.0,0.0,1.0,0.0,0.0,0.0,1.0,0|0|0|0|0|0|1,nibrs_srs_equivalent_annual,12.0,7,,state_law_enforcement,0.0,075,,fbi_cde_agency_roster,1.0,1.0,overlap,06:statewide_overlap_layer,0.7630132436139208,3,3,5.0,4.0,0.0,1.0,same_ori7_different_counts,T1_same_ori7_multiple_ori9
CA03899,CA0389935,CA,06,2023,0.0,0.0,0.0,4.0,0.0,0.0,0.0,4.0,0|0|0|0|0|0|4,nibrs_srs_equivalent_annual,12.0,7,HIGHWAY PATROL SAN FRANCISCO AREA OFFICE,state_law_enforcement,0.0,075,,fbi_cde_agency_roster,1.0,1.0,overlap,06:statewide_overlap_layer,14.0,3,3,5.0,4.0,0.0,1.0,same_ori7_different_counts,T1_same_ori7_multiple_ori9
CA05699,CA0569900,CA,06,2023,0.0,0.0,0.0,0.0,0.0,0.0,0.0,0.0,0|0|0|0|0|0|0,srs_return_a_annual,0.0,0,HP VENTURA COUNTY,state_law_enforcement,0.0,111,82282,srs_agency_header,1.0,1.0,overlap,06:statewide_overlap_layer,40.59664328123674,3,3,26.0,25.0,0.0,1.0,same_ori7_different_counts,T1_same_ori7_multiple_ori9
CA05699,CA0569965,CA,06,2023,0.0,0.0,5.0,20.0,0.0,0.0,0.0,25.0,0|0|0|0|0|5|20,nibrs_srs_equivalent_annual,12.0,7,HIGHWAY PATROL VENTURA AREA OFFICE,state_law_enforcement,0.0,111,,fbi_cde_agency_roster,1.0,1.0,overlap,06:statewide_overlap_layer,2.0,3,3,26.0,25.0,0.0,1.0,same_ori7_different_counts,T1_same_ori7_multiple_ori9
CA05699,CA0569970,CA,06,2023,0.0,0.0,0.0,1.0,0.0,0.0,0.0,1.0,0|0|0|0|0|0|1,nibrs_srs_equivalent_annual,12.0,7,,state_law_enforcement,0.0,111,,fbi_cde_agency_roster,1.0,1.0,overlap,06:statewide_overlap_layer,0.7630132436139208,3,3,26.0,25.0,0.0,1.0,same_ori7_different_counts,T1_same_ori7_multiple_ori9
GA13903,GA1390300,GA,13,2023,0.0,0.0,0.0,0.0,0.0,1.0,0.0,1.0,0|1|0|0|0|0|0,srs_return_a_annual,1.0,0,YOUNG HARRIS COLLEGE,special_jurisdiction,,281,84960,srs_agency_header,1.0,1.0,overlap,13:statewide_overlap_layer,14.436958852179062,2,1,2.0,1.0,1.0,1.0,identical_7_offense_vector,T1_same_ori7_multiple_ori9
GA13903,GA139039E,GA,13,2023,0.0,0.0,0.0,0.0,0.0,1.0,0.0,1.0,0|1|0|0|0|0|0,nibrs_srs_equivalent_annual,11.0,7,YOUNG HARRIS,special_jurisdiction,0.0,281,,fbi_cde_agency_roster,1.0,1.0,overlap,13:statewide_overlap_layer,5.054950140666102,2,1,2.0,1.0,1.0,1.0,identical_7_offense_vector,T1_same_ori7_multiple_ori9
MA01101,MA0110100,MA,25,2023,2.0,6.0,79.0,14.0,0.0,0.0,1.0,102.0,0|0|1|2|6|79|14,cius_publication_annual,12.0,7,AVON,local_police,4798.0,021,02935,srs_agency_header,1.0,1.0,exclusive,25:municipal:cousub:2502102935,95.0,2,2,103.0,102.0,1.0,1.0,same_ori7_different_counts,T1_same_ori7_multiple_ori9
MA01101,MA011019E,MA,25,2023,0.0,0.0,1.0,0.0,0.0,0.0,0.0,1.0,0|0|0|0|0|1|0,nibrs_srs_equivalent_annual,12.0,7,WELLESLEY HILLS,special_jurisdiction,0.0,021,,fbi_cde_agency_roster,1.0,1.0,overlap,25:statewide_overlap_layer,10.0,2,2,103.0,102.0,1.0,1.0,same_ori7_different_counts,T1_same_ori7_multiple_ori9
MI78021,MI7802100,MI,26,2023,0.0,0.0,1.0,0.0,0.0,0.0,0.0,1.0,0|0|0|0|0|1|0,srs_return_a_annual,1.0,0,GREAT LAKES CENTRAL RAIL,unknown,,,,,1.0,1.0,overlap,26:statewide_overlap_layer,,2,1,2.0,1.0,1.0,1.0,identical_7_offense_vector,T1_same_ori7_multiple_ori9
MI78021,MI780219E,MI,26,2023,0.0,0.0,1.0,0.0,0.0,0.0,0.0,1.0,0|0|0|0|0|1|0,nibrs_srs_equivalent_annual,1.0,7,,unknown,0.0,,,,1.0,1.0,overlap,26:statewide_overlap_layer,0.9141225867210799,2,1,2.0,1.0,1.0,1.0,identical_7_offense_vector,T1_same_ori7_multiple_ori9
OH06013,OH0601300,OH,39,2023,0.0,1.0,0.0,0.0,0.0,0.0,0.0,1.0,0|0|0|0|1|0|0,srs_return_a_annual,1.0,0,MUSKINGUM UNIVERSITY,special_jurisdiction,,119,54446,srs_agency_header,1.0,1.0,overlap,39:statewide_overlap_layer,6.0,2,1,2.0,1.0,1.0,1.0,identical_7_offense_vector,T1_same_ori7_multiple_ori9
OH06013,OH060139E,OH,39,2023,0.0,1.0,0.0,0.0,0.0,0.0,0.0,1.0,0|0|0|0|1|0|0,nibrs_srs_equivalent_annual,4.0,7,NEW CONCORD,special_jurisdiction,0.0,119,,fbi_cde_agency_roster,1.0,1.0,overlap,39:statewide_overlap_layer,1.0,2,1,2.0,1.0,1.0,1.0,identical_7_offense_vector,T1_same_ori7_multiple_ori9
OH07630,OH0763000,OH,39,2023,0.0,1.0,0.0,0.0,0.0,0.0,0.0,1.0,0|0|0|0|1|0|0,nibrs_srs_equivalent_annual,7.0,7,MAGNOLIA,local_police,1014.0,151,46844,srs_agency_header,1.0,1.0,exclusive,39:municipal:place:3946844,2.0,2,2,12.0,11.0,1.0,1.0,same_ori7_different_counts,T1_same_ori7_multiple_ori9
OH07630,OH076309E,OH,39,2023,0.0,3.0,7.0,0.0,0.0,1.0,0.0,11.0,0|1|0|0|3|7|0,nibrs_srs_equivalent_annual,10.0,7,,special_jurisdiction,0.0,151,,fbi_cde_agency_roster,1.0,1.0,overlap,39:statewide_overlap_layer,10.509872011052439,2,2,12.0,11.0,1.0,1.0,same_ori7_different_counts,T1_same_ori7_multiple_ori9
OH08408,OH0840800,OH,39,2023,0.0,0.0,0.0,0.0,0.0,1.0,0.0,1.0,0|1|0|0|0|0|0,srs_return_a_annual,1.0,0,MARIETTA COLLEGE,special_jurisdiction,,167,47628,srs_agency_header,1.0,1.0,overlap,39:statewide_overlap_layer,,2,1,2.0,1.0,1.0,1.0,identical_7_offense_vector,T1_same_ori7_multiple_ori9
OH08408,OH084089E,OH,39,2023,0.0,0.0,0.0,0.0,0.0,1.0,0.0,1.0,0|1|0|0|0|0|0,nibrs_srs_equivalent_annual,1.0,7,MARIETTA,special_jurisdiction,0.0,167,,fbi_cde_agency_roster,1.0,1.0,overlap,39:statewide_overlap_layer,1.0056440233823827,2,1,2.0,1.0,1.0,1.0,identical_7_offense_vector,T1_same_ori7_multiple_ori9
SC00299,SC0029900,SC,45,2023,0.0,0.0,1.0,0.0,0.0,0.0,0.0,1.0,0|0|0|0|0|1|0,srs_return_a_annual,1.0,0,DEPARTMENT OF HEALTH AND,unknown,,,,,1.0,1.0,overlap,45:statewide_overlap_layer,,2,1,2.0,1.0,1.0,1.0,identical_7_offense_vector,T1_same_ori7_multiple_ori9
SC00299,SC002990X,SC,45,2023,0.0,0.0,1.0,0.0,0.0,0.0,0.0,1.0,0|0|0|0|0|1|0,nibrs_srs_equivalent_annual,10.0,7,,unknown,0.0,003,,fbi_cde_agency_roster,1.0,1.0,overlap,45:statewide_overlap_layer,0.9223749789324152,2,1,2.0,1.0,1.0,1.0,identical_7_offense_vector,T1_same_ori7_multiple_ori9
SC00899,SC0089900,SC,45,2023,0.0,0.0,1.0,0.0,0.0,0.0,0.0,1.0,0|0|0|0|0|1|0,srs_return_a_annual,1.0,0,DEPT OF HEALTH ENV CON,unknown,,,,,1.0,1.0,overlap,45:statewide_overlap_layer,,2,1,2.0,1.0,1.0,1.0,identical_7_offense_vector,T1_same_ori7_multiple_ori9
SC00899,SC008990X,SC,45,2023,0.0,0.0,1.0,0.0,0.0,0.0,0.0,1.0,0|0|0|0|0|1|0,nibrs_srs_equivalent_annual,11.0,7,,unknown,0.0,015,,fbi_cde_agency_roster,1.0,1.0,overlap,45:statewide_overlap_layer,0.9223749789324152,2,1,2.0,1.0,1.0,1.0,identical_7_offense_vector,T1_same_ori7_multiple_ori9
SC00999,SC0099900,SC,45,2023,0.0,0.0,1.0,0.0,0.0,0.0,0.0,1.0,0|0|0|0|0|1|0,srs_return_a_annual,1.0,0,DEPT OF HEALTH ENV CON,unknown,,,,,1.0,1.0,overlap,45:statewide_overlap_layer,,2,1,2.0,1.0,1.0,1.0,identical_7_offense_vector,T1_same_ori7_multiple_ori9
SC00999,SC009990X,SC,45,2023,0.0,0.0,1.0,0.0,0.0,0.0,0.0,1.0,0|0|0|0|0|1|0,nibrs_srs_equivalent_annual,11.0,7,,unknown,0.0,017,,fbi_cde_agency_roster,1.0,1.0,overlap,45:statewide_overlap_layer,0.9223749789324152,2,1,2.0,1.0,1.0,1.0,identical_7_offense_vector,T1_same_ori7_multiple_ori9
SC01499,SC0149900,SC,45,2023,0.0,0.0,1.0,0.0,0.0,0.0,0.0,1.0,0|0|0|0|0|1|0,srs_return_a_annual,1.0,0,DEPARTMENT OF HEALTH AND,unknown,,,,,1.0,1.0,overlap,45:statewide_overlap_layer,,2,1,2.0,1.0,1.0,1.0,identical_7_offense_vector,T1_same_ori7_multiple_ori9
SC01499,SC014990X,SC,45,2023,0.0,0.0,1.0,0.0,0.0,0.0,0.0,1.0,0|0|0|0|0|1|0,nibrs_srs_equivalent_annual,8.0,7,,unknown,0.0,027,,fbi_cde_agency_roster,1.0,1.0,overlap,45:statewide_overlap_layer,0.9223749789324152,2,1,2.0,1.0,1.0,1.0,identical_7_offense_vector,T1_same_ori7_multiple_ori9
SC02199,SC0219900,SC,45,2023,0.0,0.0,1.0,0.0,0.0,0.0,0.0,1.0,0|0|0|0|0|1|0,srs_return_a_annual,1.0,0,DEPT OF HEALTH ENV CON,unknown,,,,,1.0,1.0,overlap,45:statewide_overlap_layer,,2,1,2.0,1.0,1.0,1.0,identical_7_offense_vector,T1_same_ori7_multiple_ori9
SC02199,SC021990X,SC,45,2023,0.0,0.0,1.0,0.0,0.0,0.0,0.0,1.0,0|0|0|0|0|1|0,nibrs_srs_equivalent_annual,7.0,7,,unknown,0.0,041,,fbi_cde_agency_roster,1.0,1.0,overlap,45:statewide_overlap_layer,0.6329931618554514,2,1,2.0,1.0,1.0,1.0,identical_7_offense_vector,T1_same_ori7_multiple_ori9
SC03199,SC0319900,SC,45,2023,0.0,0.0,1.0,0.0,0.0,0.0,0.0,1.0,0|0|0|0|0|1|0,srs_return_a_annual,1.0,0,DEPARTMENT OF HEALTH AND,unknown,,,,,1.0,1.0,overlap,45:statewide_overlap_layer,,2,1,2.0,1.0,1.0,1.0,identical_7_offense_vector,T1_same_ori7_multiple_ori9
SC03199,SC031990X,SC,45,2023,0.0,0.0,1.0,0.0,0.0,0.0,0.0,1.0,0|0|0|0|0|1|0,nibrs_srs_equivalent_annual,10.0,7,,unknown,0.0,061,,fbi_cde_agency_roster,1.0,1.0,overlap,45:statewide_overlap_layer,0.9223749789324152,2,1,2.0,1.0,1.0,1.0,identical_7_offense_vector,T1_same_ori7_multiple_ori9
SC03499,SC0349900,SC,45,2023,0.0,0.0,1.0,0.0,0.0,0.0,0.0,1.0,0|0|0|0|0|1|0,srs_return_a_annual,1.0,0,DEPARTMENT OF HEALTH AND,unknown,,,,,1.0,1.0,overlap,45:statewide_overlap_layer,,2,1,2.0,1.0,1.0,1.0,identical_7_offense_vector,T1_same_ori7_multiple_ori9
SC03499,SC034990X,SC,45,2023,0.0,0.0,1.0,0.0,0.0,0.0,0.0,1.0,0|0|0|0|0|1|0,nibrs_srs_equivalent_annual,10.0,7,,unknown,0.0,067,,fbi_cde_agency_roster,1.0,1.0,overlap,45:statewide_overlap_layer,0.9223749789324152,2,1,2.0,1.0,1.0,1.0,identical_7_offense_vector,T1_same_ori7_multiple_ori9
SC04399,SC0439900,SC,45,2023,0.0,0.0,1.0,0.0,0.0,0.0,0.0,1.0,0|0|0|0|0|1|0,srs_return_a_annual,1.0,0,DEPT OF HEALTH ENV CON,unknown,,,,,1.0,1.0,overlap,45:statewide_overlap_layer,,2,1,2.0,1.0,1.0,1.0,identical_7_offense_vector,T1_same_ori7_multiple_ori9
SC04399,SC043990X,SC,45,2023,0.0,0.0,1.0,0.0,0.0,0.0,0.0,1.0,0|0|0|0|0|1|0,nibrs_srs_equivalent_annual,11.0,7,,unknown,0.0,085,,fbi_cde_agency_roster,1.0,1.0,overlap,45:statewide_overlap_layer,0.9999999999999993,2,1,2.0,1.0,1.0,1.0,identical_7_offense_vector,T1_same_ori7_multiple_ori9
SC04599,SC0459900,SC,45,2023,0.0,0.0,1.0,0.0,0.0,0.0,0.0,1.0,0|0|0|0|0|1|0,srs_return_a_annual,1.0,0,DEPARTMENT OF HEALTH AND,unknown,,,,,1.0,1.0,overlap,45:statewide_overlap_layer,,2,1,2.0,1.0,1.0,1.0,identical_7_offense_vector,T1_same_ori7_multiple_ori9
SC04599,SC045990X,SC,45,2023,0.0,0.0,1.0,0.0,0.0,0.0,0.0,1.0,0|0|0|0|0|1|0,nibrs_srs_equivalent_annual,11.0,7,,unknown,0.0,089,,fbi_cde_agency_roster,1.0,1.0,overlap,45:statewide_overlap_layer,0.9223749789324152,2,1,2.0,1.0,1.0,1.0,identical_7_offense_vector,T1_same_ori7_multiple_ori9
TX22740,TX2274000,TX,48,2023,0.0,1.0,0.0,0.0,0.0,0.0,0.0,1.0,0|0|0|0|1|0|0,srs_return_a_annual,1.0,0,CONCORDIA UNIVERSITY,unknown,,,,,1.0,1.0,overlap,48:statewide_overlap_layer,,2,1,2.0,1.0,1.0,1.0,identical_7_offense_vector,T1_same_ori7_multiple_ori9
TX22740,TX227409E,TX,48,2023,0.0,1.0,0.0,0.0,0.0,0.0,0.0,1.0,0|0|0|0|1|0|0,nibrs_srs_equivalent_annual,12.0,7,,special_jurisdiction,0.0,453,,fbi_cde_agency_roster,1.0,1.0,overlap,48:statewide_overlap_layer,0.9459012289237937,2,1,2.0,1.0,1.0,1.0,identical_7_offense_vector,T1_same_ori7_multiple_ori9
VT01216,VT0121600,VT,50,2023,0.0,0.0,0.0,0.0,0.0,1.0,0.0,1.0,0|1|0|0|0|0|0,srs_return_a_annual,2.0,0,ATTORNEY GENERAL,special_jurisdiction,,023,46000,srs_agency_header,1.0,1.0,overlap,50:statewide_overlap_layer,18.0,2,1,2.0,1.0,1.0,1.0,identical_7_offense_vector,T1_same_ori7_multiple_ori9
VT01216,VT012165A,VT,50,2023,0.0,0.0,0.0,0.0,0.0,1.0,0.0,1.0,0|1|0|0|0|0|0,nibrs_srs_equivalent_annual,12.0,7,MONTPELIER,unknown,0.0,023,,fbi_cde_agency_roster,1.0,1.0,overlap,50:statewide_overlap_layer,3.0,2,1,2.0,1.0,1.0,1.0,identical_7_offense_vector,T1_same_ori7_multiple_ori9
WA03422,WA0342200,WA,53,2023,0.0,0.0,1.0,0.0,0.0,0.0,0.0,1.0,0|0|0|0|0|1|0,srs_return_a_annual,1.0,0,ST INSUR CMSNR SPC INV U,special_jurisdiction,,067,72905,srs_agency_header,1.0,1.0,overlap,53:statewide_overlap_layer,,2,1,2.0,1.0,1.0,1.0,identical_7_offense_vector,T1_same_ori7_multiple_ori9
WA03422,WA034225Y,WA,53,2023,0.0,0.0,1.0,0.0,0.0,0.0,0.0,1.0,0|0|0|0|0|1|0,nibrs_srs_equivalent_annual,12.0,7,TUMWATER,unknown,0.0,067,,fbi_cde_agency_roster,1.0,1.0,overlap,53:statewide_overlap_layer,0.242518244121834,2,1,2.0,1.0,1.0,1.0,identical_7_offense_vector,T1_same_ori7_multiple_ori9
CA00399,CA0039900,CA,06,2023,0.0,0.0,0.0,0.0,0.0,0.0,0.0,0.0,0|0|0|0|0|0|0,srs_return_a_annual,0.0,0,HP AMADOR COUNTY,state_law_enforcement,0.0,005,01514,srs_agency_header,1.0,1.0,overlap,06:statewide_overlap_layer,31.266653622880952,2,2,29.0,29.0,0.0,0.0,same_ori7_different_counts,T1_same_ori7_multiple_ori9
CA00399,CA0039995,CA,06,2023,0.0,0.0,10.0,19.0,0.0,0.0,0.0,29.0,0|0|0|0|0|10|19,nibrs_srs_equivalent_annual,12.0,7,HIGHWAY PATROL AMADOR AREA OFFICE,state_law_enforcement,0.0,005,,fbi_cde_agency_roster,1.0,1.0,overlap,06:statewide_overlap_layer,22.0,2,2,29.0,29.0,0.0,0.0,same_ori7_different_counts,T1_same_ori7_multiple_ori9
CA00599,CA0059900,CA,06,2023,0.0,0.0,0.0,0.0,0.0,0.0,0.0,0.0,0|0|0|0|0|0|0,srs_return_a_annual,0.0,0,HP CALAVERAS COUNTY,state_law_enforcement,0.0,009,64420,srs_agency_header,1.0,1.0,overlap,06:statewide_overlap_layer,118.46120120665304,2,2,42.0,42.0,0.0,0.0,same_ori7_different_counts,T1_same_ori7_multiple_ori9
CA00599,CA0059955,CA,06,2023,0.0,0.0,11.0,31.0,0.0,0.0,0.0,42.0,0|0|0|0|0|11|31,nibrs_srs_equivalent_annual,12.0,7,HIGHWAY PATROL SAN ANDREAS AREA OFFICE,state_law_enforcement,0.0,009,,fbi_cde_agency_roster,1.0,1.0,overlap,06:statewide_overlap_layer,86.0,2,2,42.0,42.0,0.0,0.0,same_ori7_different_counts,T1_same_ori7_multiple_ori9
CA00699,CA0069900,CA,06,2023,0.0,0.0,0.0,0.0,0.0,0.0,0.0,0.0,0|0|0|0|0|0|0,srs_return_a_annual,0.0,0,HP COLUSA COUNTY,state_law_enforcement,0.0,011,85586,srs_agency_header,1.0,1.0,overlap,06:statewide_overlap_layer,32.53262867232692,2,2,5.0,5.0,0.0,0.0,same_ori7_different_counts,T1_same_ori7_multiple_ori9
CA00699,CA0069955,CA,06,2023,1.0,0.0,0.0,4.0,0.0,0.0,0.0,5.0,0|0|0|1|0|0|4,nibrs_srs_equivalent_annual,12.0,7,HIGHWAY PATROL WILLIAMS AREA OFFICE,state_law_enforcement,0.0,011,,fbi_cde_agency_roster,1.0,1.0,overlap,06:statewide_overlap_layer,3.0,2,2,5.0,5.0,0.0,0.0,same_ori7_different_counts,T1_same_ori7_multiple_ori9
CA00799,CA0079900,CA,06,2023,0.0,0.0,0.0,0.0,0.0,0.0,0.0,0.0,0|0|0|0|0|0|0,srs_return_a_annual,0.0,0,HP CONTRA COSTA COUNTY,state_law_enforcement,0.0,013,99013,srs_agency_header,1.0,1.0,overlap,06:statewide_overlap_layer,464.5663806004999,2,2,460.0,460.0,0.0,0.0,same_ori7_different_counts,T1_same_ori7_multiple_ori9
CA00799,CA0079920,CA,06,2023,0.0,0.0,49.0,411.0,0.0,0.0,0.0,460.0,0|0|0|0|0|49|411,nibrs_srs_equivalent_annual,12.0,7,HIGHWAY PATROL CONTRA COSTA AREA OFFICE,state_law_enforcement,0.0,013,,fbi_cde_agency_roster,1.0,1.0,overlap,06:statewide_overlap_layer,449.0,2,2,460.0,460.0,0.0,0.0,same_ori7_different_counts,T1_same_ori7_multiple_ori9
CA00899,CA0089900,CA,06,2023,0.0,0.0,0.0,0.0,0.0,0.0,0.0,0.0,0|0|0|0|0|0|0,srs_return_a_annual,0.0,0,HP DEL NORTE COUNTY,state_law_enforcement,,015,17022,srs_agency_header,1.0,1.0,overlap,06:statewide_overlap_layer,63.96809929148684,2,2,74.0,74.0,0.0,0.0,same_ori7_different_counts,T1_same_ori7_multiple_ori9
CA00899,CA0089920,CA,06,2023,0.0,4.0,21.0,49.0,0.0,0.0,0.0,74.0,0|0|0|0|4|21|49,nibrs_srs_equivalent_annual,12.0,7,HIGHWAY PATROL CRESCENT CITY AREA OFFICE,state_law_enforcement,0.0,015,,fbi_cde_agency_roster,1.0,1.0,overlap,06:statewide_overlap_layer,65.0,2,2,74.0,74.0,0.0,0.0,same_ori7_different_counts,T1_same_ori7_multiple_ori9
CA01199,CA0119900,CA,06,2023,0.0,0.0,0.0,0.0,0.0,0.0,0.0,0.0,0|0|0|0|0|0|0,srs_return_a_annual,0.0,0,HP GLENN COUNTY,state_law_enforcement,0.0,021,85684,srs_agency_header,1.0,1.0,overlap,06:statewide_overlap_layer,35.87602468375075,2,2,22.0,22.0,0.0,0.0,same_ori7_different_counts,T1_same_ori7_multiple_ori9
CA01199,CA0119960,CA,06,2023,0.0,0.0,4.0,18.0,0.0,0.0,0.0,22.0,0|0|0|0|0|4|18,nibrs_srs_equivalent_annual,12.0,7,HIGHWAY PATROL WILLOWS AREA OFFICE,state_law_enforcement,0.0,021,,fbi_cde_agency_roster,1.0,1.0,overlap,06:statewide_overlap_layer,28.0,2,2,22.0,22.0,0.0,0.0,same_ori7_different_counts,T1_same_ori7_multiple_ori9
CA01499,CA0149900,CA,06,2023,0.0,0.0,0.0,0.0,0.0,0.0,0.0,0.0,0|0|0|0|0|0|0,srs_return_a_annual,0.0,0,HP INYO COUNTY,state_law_enforcement,0.0,027,06798,srs_agency_header,1.0,1.0,overlap,06:statewide_overlap_layer,18.175178814293567,2,2,40.0,40.0,0.0,0.0,same_ori7_different_counts,T1_same_ori7_multiple_ori9
CA01499,CA0149925,CA,06,2023,0.0,0.0,21.0,19.0,0.0,0.0,0.0,40.0,0|0|0|0|0|21|19,nibrs_srs_equivalent_annual,12.0,7,HIGHWAY PATROL BISHOP AREA OFFICE,state_law_enforcement,0.0,027,,fbi_cde_agency_roster,1.0,1.0,overlap,06:statewide_overlap_layer,1.0,2,2,40.0,40.0,0.0,0.0,same_ori7_different_counts,T1_same_ori7_multiple_ori9
CA01699,CA0169900,CA,06,2023,0.0,0.0,0.0,0.0,0.0,0.0,0.0,0.0,0|0|0|0|0|0|0,srs_return_a_annual,0.0,0,HP KINGS COUNTY,state_law_enforcement,0.0,031,31960,srs_agency_header,1.0,1.0,overlap,06:statewide_overlap_layer,87.84295813076619,2,2,88.0,88.0,0.0,0.0,same_ori7_different_counts,T1_same_ori7_multiple_ori9
CA01699,CA0169940,CA,06,2023,0.0,0.0,22.0,66.0,0.0,0.0,0.0,88.0,0|0|0|0|0|22|66,nibrs_srs_equivalent_annual,12.0,7,HIGHWAY PATROL HANFORD AREA OFFICE,state_law_enforcement,0.0,031,,fbi_cde_agency_roster,1.0,1.0,overlap,06:statewide_overlap_layer,1.0,2,2,88.0,88.0,0.0,0.0,same_ori7_different_counts,T1_same_ori7_multiple_ori9
CA01799,CA0179900,CA,06,2023,0.0,0.0,0.0,0.0,0.0,0.0,0.0,0.0,0|0|0|0|0|0|0,srs_return_a_annual,0.0,0,HP LAKE COUNTY,state_law_enforcement,0.0,033,13945,srs_agency_header,1.0,1.0,overlap,06:statewide_overlap_layer,167.7132738537423,2,2,204.0,204.0,0.0,0.0,same_ori7_different_counts,T1_same_ori7_multiple_ori9
CA01799,CA0179951,CA,06,2023,0.0,0.0,44.0,160.0,0.0,0.0,0.0,204.0,0|0|0|0|0|44|160,nibrs_srs_equivalent_annual,12.0,7,HIGHWAY PATROL CLEAR LAKE AREA OFFICE,state_law_enforcement,0.0,033,,fbi_cde_agency_roster,1.0,1.0,overlap,06:statewide_overlap_layer,220.0,2,2,204.0,204.0,0.0,0.0,same_ori7_different_counts,T1_same_ori7_multiple_ori9
CA01899,CA0189900,CA,06,2023,0.0,0.0,0.0,0.0,0.0,0.0,0.0,0.0,0|0|0|0|0|0|0,srs_return_a_annual,0.0,0,HP LASSEN COUNTY,state_law_enforcement,0.0,035,77364,srs_agency_header,1.0,1.0,overlap,06:statewide_overlap_layer,39.9133801181556,2,2,28.0,28.0,0.0,0.0,same_ori7_different_counts,T1_same_ori7_multiple_ori9
CA01899,CA0189940,CA,06,2023,1.0,0.0,7.0,20.0,0.0,0.0,0.0,28.0,0|0|0|1|0|7|20,nibrs_srs_equivalent_annual,12.0,7,HIGHWAY PATROL SUSANVILLE AREA OFFICE,state_law_enforcement,0.0,035,,fbi_cde_agency_roster,1.0,1.0,overlap,06:statewide_overlap_layer,8.0,2,2,28.0,28.0,0.0,0.0,same_ori7_different_counts,T1_same_ori7_multiple_ori9
CA02199,CA0219900,CA,06,2023,0.0,0.0,0.0,0.0,0.0,0.0,0.0,0.0,0|0|0|0|0|0|0,srs_return_a_annual,0.0,0,HP MARIN COUNTY,state_law_enforcement,0.0,041,45820,srs_agency_header,1.0,1.0,overlap,06:statewide_overlap_layer,139.16707711455143,2,2,156.0,156.0,0.0,0.0,same_ori7_different_counts,T1_same_ori7_multiple_ori9
CA02199,CA0219950,CA,06,2023,3.0,52.0,29.0,71.0,0.0,0.0,1.0,156.0,0|0|1|3|52|29|71,nibrs_srs_equivalent_annual,12.0,7,HIGHWAY PATROL MARIN AREA OFFICE,state_law_enforcement,0.0,041,,fbi_cde_agency_roster,1.0,1.0,overlap,06:statewide_overlap_layer,86.0,2,2,156.0,156.0,0.0,0.0,same_ori7_different_counts,T1_same_ori7_multiple_ori9
CA02299,CA0229900,CA,06,2023,0.0,0.0,0.0,0.0,0.0,0.0,0.0,0.0,0|0|0|0|0|0|0,srs_return_a_annual,0.0,0,HP MARIPOSA COUNTY,state_law_enforcement,0.0,043,45932,srs_agency_header,1.0,1.0,overlap,06:statewide_overlap_layer,9.376163289676636,2,2,23.0,23.0,0.0,0.0,same_ori7_different_counts,T1_same_ori7_multiple_ori9
CA02299,CA0229955,CA,06,2023,0.0,0.0,8.0,15.0,0.0,0.0,0.0,23.0,0|0|0|0|0|8|15,nibrs_srs_equivalent_annual,12.0,7,HIGHWAY PATROL MARIPOSA AREA OFFICE,state_law_enforcement,0.0,043,,fbi_cde_agency_roster,1.0,1.0,overlap,06:statewide_overlap_layer,13.0,2,2,23.0,23.0,0.0,0.0,same_ori7_different_counts,T1_same_ori7_multiple_ori9
CA02399,CA0239900,CA,06,2023,0.0,0.0,0.0,0.0,0.0,0.0,0.0,0.0,0|0|0|0|0|0|0,srs_return_a_annual,0.0,0,HP MENDOCINO COUNTY,state_law_enforcement,0.0,045,81134,srs_agency_header,1.0,1.0,overlap,06:statewide_overlap_layer,138.72208274862814,2,2,70.0,70.0,0.0,0.0,same_ori7_different_counts,T1_same_ori7_multiple_ori9
CA02399,CA0239950,CA,06,2023,1.0,1.0,19.0,49.0,0.0,0.0,0.0,70.0,0|0|0|1|1|19|49,nibrs_srs_equivalent_annual,12.0,7,HIGHWAY PATROL UKIAH AREA OFFICE,state_law_enforcement,0.0,045,,fbi_cde_agency_roster,1.0,1.0,overlap,06:statewide_overlap_layer,92.0,2,2,70.0,70.0,0.0,0.0,same_ori7_different_counts,T1_same_ori7_multiple_ori9
CA02809,CA0280900,CA,06,2023,0.0,0.0,0.0,0.0,0.0,0.0,0.0,0.0,0|0|0|0|0|0|0,srs_return_a_annual,0.0,0,AMERICAN CANYON,local_police,20571.0,055,01640,srs_agency_header,1.0,1.0,exclusive,06:municipal:place:0601640,416.5497699351992,2,2,386.0,386.0,0.0,0.0,same_ori7_different_counts,T1_same_ori7_multiple_ori9
CA02809,CA028090X,CA,06,2023,49.0,21.0,245.0,56.0,0.0,4.0,11.0,386.0,0|4|11|49|21|245|56,nibrs_srs_equivalent_annual,12.0,7,AMERICAN CANYON POLICE DEPARTMENT,local_police,21412.0,055,,fbi_cde_agency_roster,1.0,1.0,exclusive,06:municipal:place:0601640,332.0,2,2,386.0,386.0,0.0,0.0,same_ori7_different_counts,T1_same_ori7_multiple_ori9
CA02810,CA0281000,CA,06,2023,0.0,0.0,0.0,0.0,0.0,0.0,0.0,0.0,0|0|0|0|0|0|0,srs_return_a_annual,0.0,0,YOUNTVILLE,special_jurisdiction,2988.0,055,86930,srs_agency_header,1.0,1.0,overlap,06:statewide_overlap_layer,32.41698242176392,2,2,14.0,14.0,0.0,0.0,same_ori7_different_counts,T1_same_ori7_multiple_ori9
CA02810,CA028100X,CA,06,2023,2.0,2.0,8.0,1.0,0.0,1.0,0.0,14.0,0|1|0|2|2|8|1,nibrs_srs_equivalent_annual,12.0,7,YOUNTVILLE POLICE DEPARTMENT,local_police,3349.0,055,,fbi_cde_agency_roster,1.0,1.0,unresolved,06:state_nonmunicipal_remainder,14.0,2,2,14.0,14.0,0.0,0.0,same_ori7_different_counts,T1_same_ori7_multiple_ori9
CA02899,CA0289900,CA,06,2023,0.0,0.0,0.0,0.0,0.0,0.0,0.0,0.0,0|0|0|0|0|0|0,srs_return_a_annual,0.0,0,HP NAPA COUNTY,state_law_enforcement,0.0,055,50258,srs_agency_header,1.0,1.0,overlap,06:statewide_overlap_layer,32.63728938774943,2,2,55.0,55.0,0.0,0.0,same_ori7_different_counts,T1_same_ori7_multiple_ori9
CA02899,CA0289925,CA,06,2023,0.0,0.0,19.0,36.0,0.0,0.0,0.0,55.0,0|0|0|0|0|19|36,nibrs_srs_equivalent_annual,12.0,7,HIGHWAY PATROL NAPA AREA OFFICE,state_law_enforcement,0.0,055,,fbi_cde_agency_roster,1.0,1.0,overlap,06:statewide_overlap_layer,68.0,2,2,55.0,55.0,0.0,0.0,same_ori7_different_counts,T1_same_ori7_multiple_ori9
CA03299,CA0329900,CA,06,2023,0.0,0.0,0.0,0.0,0.0,0.0,0.0,0.0,0|0|0|0|0|0|0,srs_return_a_annual,0.0,0,HP PLUMAS COUNTY,state_law_enforcement,0.0,063,59080,srs_agency_header,1.0,1.0,overlap,06:statewide_overlap_layer,22.14686190649321,2,2,9.0,9.0,0.0,0.0,same_ori7_different_counts,T1_same_ori7_multiple_ori9
CA03299,CA0329965,CA,06,2023,0.0,0.0,3.0,6.0,0.0,0.0,0.0,9.0,0|0|0|0|0|3|6,nibrs_srs_equivalent_annual,12.0,7,HIGHWAY PATROL QUINCY AREA OFFICE,state_law_enforcement,0.0,063,,fbi_cde_agency_roster,1.0,1.0,overlap,06:statewide_overlap_layer,1.0,2,2,9.0,9.0,0.0,0.0,same_ori7_different_counts,T1_same_ori7_multiple_ori9
CA03412,CA0341200,CA,06,2023,0.0,0.0,0.0,0.0,0.0,0.0,0.0,0.0,0|0|0|0|0|0|0,srs_return_a_annual,0.0,0,DPR GOLD FIELDS DISTRIC,special_jurisdiction,0.0,067,99067,srs_agency_header,1.0,1.0,overlap,06:statewide_overlap_layer,41.49038846099523,2,2,60.0,60.0,0.0,0.0,same_ori7_different_counts,T1_same_ori7_multiple_ori9
CA03412,CA0341201,CA,06,2023,17.0,26.0,14.0,1.0,0.0,2.0,0.0,60.0,0|2|0|17|26|14|1,nibrs_srs_equivalent_annual,12.0,7,CALIFORNIA STATE PARKS GOLD FIELDS,unknown,0.0,067,,fbi_cde_agency_roster,1.0,1.0,overlap,06:statewide_overlap_layer,47.0,2,2,60.0,60.0,0.0,0.0,same_ori7_different_counts,T1_same_ori7_multiple_ori9
CA04399,CA0439900,CA,06,2023,0.0,0.0,0.0,0.0,0.0,0.0,0.0,0.0,0|0|0|0|0|0|0,srs_return_a_annual,0.0,0,HP SANTA CLARA COUNTY,state_law_enforcement,0.0,085,68000,srs_agency_header,1.0,1.0,overlap,06:statewide_overlap_layer,88.2151328035369,2,2,45.0,45.0,0.0,0.0,same_ori7_different_counts,T1_same_ori7_multiple_ori9
CA04399,CA0439940,CA,06,2023,0.0,0.0,11.0,34.0,0.0,0.0,0.0,45.0,0|0|0|0|0|11|34,nibrs_srs_equivalent_annual,12.0,7,HIGHWAY PATROL SAN JOSE AREA OFFICE,state_law_enforcement,0.0,085,,fbi_cde_agency_roster,1.0,1.0,overlap,06:statewide_overlap_layer,38.0,2,2,45.0,45.0,0.0,0.0,same_ori7_different_counts,T1_same_ori7_multiple_ori9
CA04499,CA0449900,CA,06,2023,0.0,0.0,0.0,0.0,0.0,0.0,0.0,0.0,0|0|0|0|0|0|0,srs_return_a_annual,0.0,0,HP SANTA CRUZ COUNTY,state_law_enforcement,0.0,087,69112,srs_agency_header,1.0,1.0,overlap,06:statewide_overlap_layer,461.922436891902,2,2,227.0,227.0,0.0,0.0,same_ori7_different_counts,T1_same_ori7_multiple_ori9
CA04499,CA0449920,CA,06,2023,0.0,0.0,106.0,121.0,0.0,0.0,0.0,227.0,0|0|0|0|0|106|121,nibrs_srs_equivalent_annual,12.0,7,HIGHWAY PATROL SANTA CRUZ AREA OFFICE,state_law_enforcement,0.0,087,,fbi_cde_agency_roster,1.0,1.0,overlap,06:statewide_overlap_layer,212.0,2,2,227.0,227.0,0.0,0.0,same_ori7_different_counts,T1_same_ori7_multiple_ori9
CA04999,CA0499900,CA,06,2023,0.0,0.0,0.0,0.0,0.0,0.0,0.0,0.0,0|0|0|0|0|0|0,srs_return_a_annual,0.0,0,HP SONOMA COUNTY,state_law_enforcement,0.0,097,70098,srs_agency_header,1.0,1.0,overlap,06:statewide_overlap_layer,121.60936072379975,2,2,171.0,171.0,0.0,0.0,same_ori7_different_counts,T1_same_ori7_multiple_ori9
CA04999,CA0499960,CA,06,2023,0.0,0.0,56.0,114.0,0.0,1.0,0.0,171.0,0|1|0|0|0|56|114,nibrs_srs_equivalent_annual,12.0,7,HIGHWAY PATROL SANTA ROSA AREA OFFICE,state_law_enforcement,0.0,097,,fbi_cde_agency_roster,1.0,1.0,overlap,06:statewide_overlap_layer,154.0,2,2,171.0,171.0,0.0,0.0,same_ori7_different_counts,T1_same_ori7_multiple_ori9
CA05099,CA0509900,CA,06,2023,0.0,0.0,0.0,0.0,0.0,0.0,0.0,0.0,0|0|0|0|0|0|0,srs_return_a_annual,0.0,0,HP STANISLAUS COUNTY,state_law_enforcement,0.0,099,48354,srs_agency_header,1.0,1.0,overlap,06:statewide_overlap_layer,313.86591216385136,2,2,398.0,398.0,0.0,0.0,same_ori7_different_counts,T1_same_ori7_multiple_ori9
CA05099,CA0509965,CA,06,2023,0.0,0.0,75.0,323.0,0.0,0.0,0.0,398.0,0|0|0|0|0|75|323,nibrs_srs_equivalent_annual,12.0,7,HIGHWAY PATROL MODESTO AREA OFFICE,state_law_enforcement,0.0,099,,fbi_cde_agency_roster,1.0,1.0,overlap,06:statewide_overlap_layer,359.0,2,2,398.0,398.0,0.0,0.0,same_ori7_different_counts,T1_same_ori7_multiple_ori9
CA05199,CA0519900,CA,06,2023,0.0,0.0,0.0,0.0,0.0,0.0,0.0,0.0,0|0|0|0|0|0|0,srs_return_a_annual,0.0,0,HP SUTTER COUNTY,state_law_enforcement,0.0,101,86972,srs_agency_header,1.0,1.0,overlap,06:statewide_overlap_layer,50.523119013430005,2,2,278.0,278.0,0.0,0.0,same_ori7_different_counts,T1_same_ori7_multiple_ori9
CA05199,CA0519985,CA,06,2023,0.0,0.0,1.0,277.0,0.0,0.0,0.0,278.0,0|0|0|0|0|1|277,nibrs_srs_equivalent_annual,12.0,7,HIGHWAY PATROL YUBA SUTTER AREA OFFICE,state_law_enforcement,0.0,101,,fbi_cde_agency_roster,1.0,1.0,overlap,06:statewide_overlap_layer,188.0,2,2,278.0,278.0,0.0,0.0,same_ori7_different_counts,T1_same_ori7_multiple_ori9
CA05399,CA0539900,CA,06,2023,0.0,0.0,0.0,0.0,0.0,0.0,0.0,0.0,0|0|0|0|0|0|0,srs_return_a_annual,0.0,0,HP TRINITY COUNTY,state_law_enforcement,0.0,105,99105,srs_agency_header,1.0,1.0,overlap,06:statewide_overlap_layer,53.49699066653945,2,2,50.0,50.0,0.0,0.0,same_ori7_different_counts,T1_same_ori7_multiple_ori9
CA05399,CA0539975,CA,06,2023,2.0,1.0,13.0,34.0,0.0,0.0,0.0,50.0,0|0|0|2|1|13|34,nibrs_srs_equivalent_annual,12.0,7,HIGHWAY PATROL TRINITY RIVER AREA OFFICE,state_law_enforcement,0.0,105,,fbi_cde_agency_roster,1.0,1.0,overlap,06:statewide_overlap_layer,33.0,2,2,50.0,50.0,0.0,0.0,same_ori7_different_counts,T1_same_ori7_multiple_ori9
CA05599,CA0559900,CA,06,2023,0.0,0.0,0.0,0.0,0.0,0.0,0.0,0.0,0|0|0|0|0|0|0,srs_return_a_annual,0.0,0,HP TUOLUMNE COUNTY,state_law_enforcement,0.0,109,99109,srs_agency_header,1.0,1.0,overlap,06:statewide_overlap_layer,130.52316357971654,2,2,4.0,4.0,0.0,0.0,same_ori7_different_counts,T1_same_ori7_multiple_ori9
CA05599,CA0559925,CA,06,2023,0.0,0.0,1.0,3.0,0.0,0.0,0.0,4.0,0|0|0|0|0|1|3,nibrs_srs_equivalent_annual,12.0,7,HIGHWAY PATROL SONORA AREA OFFICE,state_law_enforcement,0.0,109,,fbi_cde_agency_roster,1.0,1.0,overlap,06:statewide_overlap_layer,7.0,2,2,4.0,4.0,0.0,0.0,same_ori7_different_counts,T1_same_ori7_multiple_ori9
CA05799,CA0579900,CA,06,2023,0.0,0.0,0.0,0.0,0.0,0.0,0.0,0.0,0|0|0|0|0|0|0,srs_return_a_annual,0.0,0,HP YOLO COUNTY,state_law_enforcement,0.0,113,86328,srs_agency_header,1.0,1.0,overlap,06:statewide_overlap_layer,46.600054406386654,2,2,42.0,42.0,0.0,0.0,same_ori7_different_counts,T1_same_ori7_multiple_ori9
CA05799,CA0579980,CA,06,2023,0.0,0.0,6.0,36.0,0.0,0.0,0.0,42.0,0|0|0|0|0|6|36,nibrs_srs_equivalent_annual,12.0,7,HIGHWAY PATROL WOODLAND AREA OFFICE,state_law_enforcement,0.0,113,,fbi_cde_agency_roster,1.0,1.0,overlap,06:statewide_overlap_layer,23.0,2,2,42.0,42.0,0.0,0.0,same_ori7_different_counts,T1_same_ori7_multiple_ori9
CO03401,CO0340100,CO,08,2023,0.0,0.0,0.0,0.0,0.0,0.0,0.0,0.0,0|0|0|0|0|0|0,srs_return_a_annual,0.0,0,DURANGO,local_police,19995.0,067,22035,srs_agency_header,1.0,1.0,exclusive,08:municipal:place:0822035,661.2671539873213,2,2,24.0,24.0,0.0,0.0,same_ori7_different_counts,T1_same_ori7_multiple_ori9
CO03401,CO034019E,CO,08,2023,0.0,3.0,19.0,0.0,0.0,2.0,0.0,24.0,0|2|0|0|3|19|0,nibrs_srs_equivalent_annual,12.0,7,DURANGO,special_jurisdiction,0.0,067,,fbi_cde_agency_roster,1.0,1.0,overlap,08:statewide_overlap_layer,29.0,2,2,24.0,24.0,0.0,0.0,same_ori7_different_counts,T1_same_ori7_multiple_ori9
MA00704,MA0070400,MA,25,2023,0.0,0.0,0.0,0.0,0.0,0.0,0.0,0.0,0|0|0|0|0|0|0,srs_return_a_annual,0.0,0,CHESTER,local_police,1388.0,013,13485,srs_agency_header,1.0,1.0,exclusive,25:municipal:cousub:2501313485,0.0,2,2,11.0,11.0,0.0,0.0,same_ori7_different_counts,T1_same_ori7_multiple_ori9
MA00704,MA007049E,MA,25,2023,0.0,0.0,3.0,7.0,0.0,1.0,0.0,11.0,0|1|0|0|0|3|7,nibrs_srs_equivalent_annual,12.0,7,SPRINGFIELD,special_jurisdiction,0.0,013,,fbi_cde_agency_roster,1.0,1.0,overlap,25:statewide_overlap_layer,13.0,2,2,11.0,11.0,0.0,0.0,same_ori7_different_counts,T1_same_ori7_multiple_ori9
TX22728,TX2272800,TX,48,2023,0.0,0.0,0.0,0.0,0.0,0.0,0.0,0.0,0|0|0|0|0|0|0,srs_return_a_annual,0.0,0,TX COMPTLR PUBLIC ACCTS,unknown,,453,,leaic_crosswalk,1.0,1.0,overlap,48:statewide_overlap_layer,33.216443875255294,2,2,71.0,71.0,0.0,0.0,same_ori7_different_counts,T1_same_ori7_multiple_ori9
TX22728,TX227289E,TX,48,2023,0.0,6.0,57.0,8.0,0.0,0.0,0.0,71.0,0|0|0|0|6|57|8,nibrs_srs_equivalent_annual,12.0,7,AUSTIN COMMUNITY COLLEGE DISTRICT,special_jurisdiction,0.0,453,,fbi_cde_agency_roster,1.0,1.0,overlap,48:statewide_overlap_layer,73.0,2,2,71.0,71.0,0.0,0.0,same_ori7_different_counts,T1_same_ori7_multiple_ori9
MI63190,MI6319000,MI,26,2022,522.0,193.0,719.0,163.0,13.0,35.0,53.0,1698.0,13|35|53|522|193|719|163,srs_return_a_annual,12.0,7,PONTIAC,unknown,,,,,1.0,1.0,exclusive,26:municipal:place:2665440,1619.0,2,1,3396.0,1698.0,1698.0,1698.0,identical_7_offense_vector,T1_same_ori7_multiple_ori9
MI63190,MI631900X,MI,26,2022,522.0,193.0,719.0,163.0,13.0,35.0,53.0,1698.0,13|35|53|522|193|719|163,nibrs_srs_equivalent_annual,12.0,7,,local_police,61871.0,125,,fbi_cde_agency_roster,1.0,1.0,exclusive,26:state_nonmunicipal_remainder,1619.0,2,1,3396.0,1698.0,1698.0,1698.0,identical_7_offense_vector,T1_same_ori7_multiple_ori9
CA03499,CA0349900,CA,06,2022,4.0,2.0,101.0,203.0,0.0,0.0,0.0,310.0,0|0|0|4|2|101|203,nibrs_srs_equivalent_annual|srs_return_a_annual,12.0,7,HP SACRAMENTO COUNTY,state_law_enforcement,0.0,067,99067,srs_agency_header,1.0,1.0,overlap,06:statewide_overlap_layer,191.0,8,8,3369.0,2070.0,1.0,1299.0,same_ori7_different_counts,T1_same_ori7_multiple_ori9
CA03499,CA0349901,CA,06,2022,0.0,1.0,2.0,3.0,0.0,0.0,0.0,6.0,0|0|0|0|1|2|3,nibrs_srs_equivalent_annual,12.0,7,,state_law_enforcement,0.0,067,,fbi_cde_agency_roster,1.0,1.0,overlap,06:statewide_overlap_layer,21.0,8,8,3369.0,2070.0,1.0,1299.0,same_ori7_different_counts,T1_same_ori7_multiple_ori9
CA03499,CA0349912,CA,06,2022,0.0,0.0,0.0,2.0,0.0,0.0,0.0,2.0,0|0|0|0|0|0|2,nibrs_srs_equivalent_annual,12.0,7,,state_law_enforcement,0.0,067,,fbi_cde_agency_roster,1.0,1.0,overlap,06:statewide_overlap_layer,1.377421806644728,8,8,3369.0,2070.0,1.0,1299.0,same_ori7_different_counts,T1_same_ori7_multiple_ori9
CA03499,CA0349917,CA,06,2022,3.0,18.0,15.0,0.0,0.0,0.0,1.0,37.0,0|0|1|3|18|15|0,nibrs_srs_equivalent_annual,12.0,7,,state_law_enforcement,0.0,067,,fbi_cde_agency_roster,1.0,1.0,overlap,06:statewide_overlap_layer,32.0,8,8,3369.0,2070.0,1.0,1299.0,same_ori7_different_counts,T1_same_ori7_multiple_ori9
CA03499,CA0349949,CA,06,2022,0.0,0.0,0.0,1.0,0.0,0.0,0.0,1.0,0|0|0|0|0|0|1,nibrs_srs_equivalent_annual,12.0,7,,state_law_enforcement,0.0,067,,fbi_cde_agency_roster,1.0,1.0,overlap,06:statewide_overlap_layer,0.836549041400389,8,8,3369.0,2070.0,1.0,1299.0,same_ori7_different_counts,T1_same_ori7_multiple_ori9
CA03499,CA0349950,CA,06,2022,2.0,0.0,600.0,1468.0,0.0,0.0,0.0,2070.0,0|0|0|2|0|600|1468,nibrs_srs_equivalent_annual,12.0,7,HIGHWAY PATROL NORTH SACRAMENTO AREA OFFICE,state_law_enforcement,0.0,067,,fbi_cde_agency_roster,1.0,1.0,overlap,06:statewide_overlap_layer,1554.0,8,8,3369.0,2070.0,1.0,1299.0,same_ori7_different_counts,T1_same_ori7_multiple_ori9
CA03499,CA0349952,CA,06,2022,0.0,0.0,140.0,512.0,0.0,0.0,0.0,652.0,0|0|0|0|0|140|512,nibrs_srs_equivalent_annual,12.0,7,HIGHWAY PATROL SOUTH SACRAMENTO AREA OFFICE,state_law_enforcement,0.0,067,,fbi_cde_agency_roster,1.0,1.0,overlap,06:statewide_overlap_layer,702.0,8,8,3369.0,2070.0,1.0,1299.0,same_ori7_different_counts,T1_same_ori7_multiple_ori9
CA03499,CA0349960,CA,06,2022,1.0,2.0,77.0,211.0,0.0,0.0,0.0,291.0,0|0|0|1|2|77|211,nibrs_srs_equivalent_annual,12.0,7,HIGHWAY PATROL EAST SACRAMENTO AREA OFFICE,state_law_enforcement,0.0,067,,fbi_cde_agency_roster,1.0,1.0,overlap,06:statewide_overlap_layer,171.0,8,8,3369.0,2070.0,1.0,1299.0,same_ori7_different_counts,T1_same_ori7_multiple_ori9
CA03035,CA0303500,CA,06,2022,55.0,110.0,808.0,103.0,1.0,8.0,19.0,1104.0,1|8|19|55|110|808|103,cius_publication_annual,12.0,7,MISSION VIEJO,local_police,,059,48256,srs_agency_header,1.0,1.0,exclusive,06:municipal:place:0648256,1153.0,2,2,2306.0,1202.0,1104.0,1104.0,near_identical_total_ge_085,T1_same_ori7_multiple_ori9
CA03035,CA030350X,CA,06,2022,60.0,119.0,883.0,107.0,1.0,9.0,23.0,1202.0,1|9|23|60|119|883|107,nibrs_srs_equivalent_annual,12.0,7,SANTA ANA,local_police,96419.0,059,,fbi_cde_agency_roster,1.0,1.0,exclusive,06:municipal:place:0669000,1153.0,2,2,2306.0,1202.0,1104.0,1104.0,near_identical_total_ge_085,T1_same_ori7_multiple_ori9
CA03043,CA0304300,CA,06,2022,58.0,124.0,652.0,125.0,0.0,11.0,35.0,1005.0,0|11|35|58|124|652|125,cius_publication_annual,12.0,7,LAKE FOREST,local_police,,059,39496,srs_agency_header,1.0,1.0,exclusive,06:municipal:place:0639496,837.0,2,2,2015.0,1010.0,1005.0,1005.0,near_identical_total_ge_085,T1_same_ori7_multiple_ori9
CA03043,CA030430X,CA,06,2022,57.0,126.0,657.0,125.0,0.0,11.0,34.0,1010.0,0|11|34|57|126|657|125,nibrs_srs_equivalent_annual,12.0,7,SANTA ANA,local_police,86691.0,059,,fbi_cde_agency_roster,1.0,1.0,exclusive,06:municipal:place:0669000,837.0,2,2,2015.0,1010.0,1005.0,1005.0,near_identical_total_ge_085,T1_same_ori7_multiple_ori9
FL01367,FL0136700,FL,12,2022,48.0,32.0,660.0,71.0,0.0,8.0,16.0,835.0,0|8|16|48|32|660|71,srs_return_a_annual,12.0,7,CUTLER BAY,local_police,,086,15968,srs_agency_header,1.0,1.0,exclusive,12:municipal:place:1215968,662.0,2,1,1670.0,835.0,835.0,835.0,identical_7_offense_vector,T1_same_ori7_multiple_ori9
FL01367,FL013670X,FL,12,2022,48.0,32.0,660.0,71.0,0.0,8.0,16.0,835.0,0|8|16|48|32|660|71,nibrs_srs_equivalent_annual,12.0,7,CUTLER BAY,local_police,45807.0,086,,fbi_cde_agency_roster,1.0,1.0,exclusive,12:municipal:place:1215968,654.0,2,1,1670.0,835.0,835.0,835.0,identical_7_offense_vector,T1_same_ori7_multiple_ori9
CA03039,CA0303900,CA,06,2022,44.0,102.0,493.0,75.0,1.0,3.0,13.0,731.0,1|3|13|44|102|493|75,cius_publication_annual,12.0,7,LAGUNA NIGUEL,local_police,,059,39248,srs_agency_header,1.0,1.0,exclusive,06:municipal:place:0639248,643.0,2,2,1460.0,731.0,729.0,729.0,near_identical_total_ge_085,T1_same_ori7_multiple_ori9
CA03039,CA030390X,CA,06,2022,44.0,102.0,491.0,75.0,1.0,3.0,13.0,729.0,1|3|13|44|102|491|75,nibrs_srs_equivalent_annual,12.0,7,SANTA ANA,local_police,66806.0,059,,fbi_cde_agency_roster,1.0,1.0,exclusive,06:municipal:place:0669000,643.0,2,2,1460.0,731.0,729.0,729.0,near_identical_total_ge_085,T1_same_ori7_multiple_ori9
MI63191,MI6319100,MI,26,2022,41.0,29.0,422.0,59.0,1.0,11.0,2.0,565.0,1|11|2|41|29|422|59,srs_return_a_annual,12.0,7,ROCHESTER HILLS,unknown,,,,,1.0,1.0,exclusive,26:municipal:place:2669035,474.0,2,1,1130.0,565.0,565.0,565.0,identical_7_offense_vector,T1_same_ori7_multiple_ori9
MI63191,MI631910X,MI,26,2022,41.0,29.0,422.0,59.0,1.0,11.0,2.0,565.0,1|11|2|41|29|422|59,nibrs_srs_equivalent_annual,12.0,7,,local_police,75960.0,125,,fbi_cde_agency_roster,1.0,1.0,exclusive,26:municipal:place:2669035,474.0,2,1,1130.0,565.0,565.0,565.0,identical_7_offense_vector,T1_same_ori7_multiple_ori9
MA00962,MA0096200,MA,25,2022,5.0,41.0,421.0,73.0,0.0,1.0,0.0,541.0,0|1|0|5|41|421|73,srs_return_a_annual,12.0,7,HARVARD UNIVERSITY,special_jurisdiction,,017,11000,srs_agency_header,1.0,1.0,overlap,25:statewide_overlap_layer,584.0,2,1,1082.0,541.0,541.0,541.0,identical_7_offense_vector,T1_same_ori7_multiple_ori9
MA00962,MA009629E,MA,25,2022,5.0,41.0,421.0,73.0,0.0,1.0,0.0,541.0,0|1|0|5|41|421|73,nibrs_srs_equivalent_annual,12.0,7,CAMBRIDGE,special_jurisdiction,0.0,017,,fbi_cde_agency_roster,1.0,1.0,overlap,25:statewide_overlap_layer,584.0,2,1,1082.0,541.0,541.0,541.0,identical_7_offense_vector,T1_same_ori7_multiple_ori9
WI04124,WI0412400,WI,55,2022,34.0,25.0,340.0,116.0,0.0,1.0,13.0,529.0,0|1|13|34|25|340|116,srs_return_a_annual,12.0,7,MARQUETTE UNIVERSITY,unknown,,,,,1.0,1.0,overlap,55:statewide_overlap_layer,438.0,2,1,1058.0,529.0,529.0,529.0,identical_7_offense_vector,T1_same_ori7_multiple_ori9
WI04124,WI041249E,WI,55,2022,34.0,25.0,340.0,116.0,0.0,1.0,13.0,529.0,0|1|13|34|25|340|116,nibrs_srs_equivalent_annual,12.0,7,,special_jurisdiction,0.0,079,,fbi_cde_agency_roster,1.0,1.0,overlap,55:statewide_overlap_layer,438.0,2,1,1058.0,529.0,529.0,529.0,identical_7_offense_vector,T1_same_ori7_multiple_ori9
CA03042,CA0304200,CA,06,2022,43.0,141.0,214.0,65.0,0.0,1.0,14.0,478.0,0|1|14|43|141|214|65,cius_publication_annual,12.0,7,LAGUNA HILLS,local_police,,059,39220,srs_agency_header,1.0,1.0,exclusive,06:municipal:place:0639220,408.0,2,2,943.0,478.0,465.0,465.0,near_identical_total_ge_085,T1_same_ori7_multiple_ori9
CA03042,CA030420X,CA,06,2022,43.0,127.0,215.0,65.0,0.0,1.0,14.0,465.0,0|1|14|43|127|215|65,nibrs_srs_equivalent_annual,12.0,7,SANTA ANA,local_police,31474.0,059,,fbi_cde_agency_roster,1.0,1.0,exclusive,06:municipal:place:0669000,408.0,2,2,943.0,478.0,465.0,465.0,near_identical_total_ge_085,T1_same_ori7_multiple_ori9
CA03036,CA0303600,CA,06,2022,42.0,65.0,261.0,77.0,1.0,3.0,9.0,458.0,1|3|9|42|65|261|77,cius_publication_annual,12.0,7,DANA POINT,local_police,,059,17946,srs_agency_header,1.0,1.0,exclusive,06:municipal:place:0617946,343.0,2,1,916.0,458.0,458.0,458.0,identical_7_offense_vector,T1_same_ori7_multiple_ori9
CA03036,CA030360X,CA,06,2022,42.0,65.0,261.0,77.0,1.0,3.0,9.0,458.0,1|3|9|42|65|261|77,nibrs_srs_equivalent_annual,12.0,7,SANTA ANA,local_police,34019.0,059,,fbi_cde_agency_roster,1.0,1.0,exclusive,06:municipal:place:0669000,344.0,2,1,916.0,458.0,458.0,458.0,identical_7_offense_vector,T1_same_ori7_multiple_ori9
FL01395,FL0139500,FL,12,2022,31.0,21.0,334.0,44.0,0.0,3.0,7.0,440.0,0|3|7|31|21|334|44,srs_return_a_annual,12.0,7,PALMETTO BAY,local_police,,086,54275,srs_agency_header,1.0,1.0,exclusive,12:municipal:place:1254275,529.0,2,1,880.0,440.0,440.0,440.0,identical_7_offense_vector,T1_same_ori7_multiple_ori9
FL01395,FL013950X,FL,12,2022,31.0,21.0,334.0,44.0,0.0,3.0,7.0,440.0,0|3|7|31|21|334|44,nibrs_srs_equivalent_annual,12.0,7,MIAMI,local_police,24890.0,086,,fbi_cde_agency_roster,1.0,1.0,exclusive,12:municipal:place:1245000,525.0,2,1,880.0,440.0,440.0,440.0,identical_7_offense_vector,T1_same_ori7_multiple_ori9
CA03049,CA0304900,CA,06,2022,35.0,42.0,259.0,53.0,1.0,1.0,8.0,399.0,1|1|8|35|42|259|53,srs_return_a_annual,12.0,7,ALISO VIEJO,local_police,,059,00947,srs_agency_header,1.0,1.0,exclusive,06:municipal:place:0600947,498.0,2,1,798.0,399.0,399.0,399.0,identical_7_offense_vector,T1_same_ori7_multiple_ori9
CA03049,CA030490X,CA,06,2022,35.0,42.0,259.0,53.0,1.0,1.0,8.0,399.0,1|1|8|35|42|259|53,nibrs_srs_equivalent_annual,12.0,7,SANTA ANA,local_police,52247.0,059,,fbi_cde_agency_roster,1.0,1.0,exclusive,06:municipal:place:0600947,498.0,2,1,798.0,399.0,399.0,399.0,identical_7_offense_vector,T1_same_ori7_multiple_ori9
GA06024,GA0602400,GA,13,2022,5.0,2.0,283.0,103.0,0.0,0.0,0.0,393.0,0|0|0|5|2|283|103,srs_return_a_annual,12.0,7,HRTSFLD JCKSN ATL INT AP,special_jurisdiction,,121,04000,srs_agency_header,1.0,1.0,overlap,13:statewide_overlap_layer,1028.697243683151,2,1,786.0,393.0,393.0,393.0,identical_7_offense_vector,T1_same_ori7_multiple_ori9
GA06024,GA060240X,GA,13,2022,5.0,2.0,283.0,103.0,0.0,0.0,0.0,393.0,0|0|0|5|2|283|103,nibrs_srs_equivalent_annual,12.0,7,ATLANTA,unknown,0.0,121,,fbi_cde_agency_roster,1.0,1.0,overlap,13:statewide_overlap_layer,856.0,2,1,786.0,393.0,393.0,393.0,identical_7_offense_vector,T1_same_ori7_multiple_ori9
MA01330,MA0133000,MA,25,2022,4.0,8.0,361.0,1.0,0.0,7.0,2.0,383.0,0|7|2|4|8|361|1,srs_return_a_annual,12.0,7,BOSTON UNIVERSITY,special_jurisdiction,,025,07000,srs_agency_header,1.0,1.0,overlap,25:statewide_overlap_layer,446.0,2,1,766.0,383.0,383.0,383.0,identical_7_offense_vector,T1_same_ori7_multiple_ori9
MA01330,MA013309E,MA,25,2022,4.0,8.0,361.0,1.0,0.0,7.0,2.0,383.0,0|7|2|4|8|361|1,nibrs_srs_equivalent_annual,12.0,7,BOSTON,special_jurisdiction,0.0,025,,fbi_cde_agency_roster,1.0,1.0,overlap,25:statewide_overlap_layer,446.0,2,1,766.0,383.0,383.0,383.0,identical_7_offense_vector,T1_same_ori7_multiple_ori9
CA00734,CA0073400,CA,06,2022,80.0,71.0,323.0,111.0,2.0,9.0,10.0,606.0,2|9|10|80|71|323|111,cius_publication_annual,12.0,7,OAKLEY,local_police,,013,53070,srs_agency_header,1.0,1.0,exclusive,06:municipal:place:0653070,518.0,2,2,988.0,606.0,382.0,382.0,same_ori7_different_counts,T1_same_ori7_multiple_ori9
CA00734,CA007340X,CA,06,2022,68.0,45.0,200.0,54.0,0.0,7.0,8.0,382.0,0|7|8|68|45|200|54,nibrs_srs_equivalent_annual,7.0,7,MARTINEZ,local_police,46548.0,013,,fbi_cde_agency_roster,1.0,1.0,unresolved,06:state_nonmunicipal_remainder,518.0,2,2,988.0,606.0,382.0,382.0,same_ori7_different_counts,T1_same_ori7_multiple_ori9
FL05299,FL0529900,FL,12,2022,14.0,20.0,301.0,19.0,0.0,9.0,1.0,364.0,0|9|1|14|20|301|19,srs_return_a_annual,12.0,7,SEMINOLE,local_police,,103,64975,srs_agency_header,1.0,1.0,exclusive,12:municipal:place:1264975,1181.0,2,1,728.0,364.0,364.0,364.0,identical_7_offense_vector,T1_same_ori7_multiple_ori9
FL05299,FL052990X,FL,12,2022,14.0,20.0,301.0,19.0,0.0,9.0,1.0,364.0,0|9|1|14|20|301|19,nibrs_srs_equivalent_annual,12.0,7,LARGO,local_police,19300.0,103,,fbi_cde_agency_roster,1.0,1.0,exclusive,12:municipal:place:1239425,397.0,2,1,728.0,364.0,364.0,364.0,identical_7_offense_vector,T1_same_ori7_multiple_ori9
TX05751,TX0575100,TX,48,2022,2.0,3.0,318.0,34.0,0.0,0.0,0.0,357.0,0|0|0|2|3|318|34,srs_return_a_annual,12.0,7,BAYLOR HEALTH CARE SYSTE,special_jurisdiction,,113,19000,srs_agency_header,1.0,1.0,overlap,48:statewide_overlap_layer,265.0,2,1,714.0,357.0,357.0,357.0,identical_7_offense_vector,T1_same_ori7_multiple_ori9
TX05751,TX057519E,TX,48,2022,2.0,3.0,318.0,34.0,0.0,0.0,0.0,357.0,0|0|0|2|3|318|34,nibrs_srs_equivalent_annual,12.0,7,DALLAS,special_jurisdiction,0.0,113,,fbi_cde_agency_roster,1.0,1.0,overlap,48:statewide_overlap_layer,265.0,2,1,714.0,357.0,357.0,357.0,identical_7_offense_vector,T1_same_ori7_multiple_ori9
NC03203,NC0320300,NC,37,2022,8.0,13.0,322.0,12.0,0.0,0.0,0.0,355.0,0|0|0|8|13|322|12,cius_publication_annual,12.0,7,DUKE UNIVERSITY,special_jurisdiction,,063,19000,srs_agency_header,1.0,1.0,overlap,37:statewide_overlap_layer,322.0,2,2,713.0,358.0,355.0,355.0,near_identical_total_ge_085,T1_same_ori7_multiple_ori9
NC03203,NC032039E,NC,37,2022,8.0,13.0,325.0,12.0,0.0,0.0,0.0,358.0,0|0|0|8|13|325|12,nibrs_srs_equivalent_annual,12.0,7,DURHAM,special_jurisdiction,0.0,063,,fbi_cde_agency_roster,1.0,1.0,overlap,37:statewide_overlap_layer,322.0,2,2,713.0,358.0,355.0,355.0,near_identical_total_ge_085,T1_same_ori7_multiple_ori9
CA01999,CA0199900,CA,06,2022,0.0,0.0,0.0,0.0,0.0,0.0,0.0,0.0,0|0|0|0|0|0|0,srs_return_a_annual,0.0,0,HP LOS ANGELES COUNTY,state_law_enforcement,0.0,037,44000,srs_agency_header,1.0,1.0,overlap,06:statewide_overlap_layer,613.7261315361661,13,13,454.0,113.0,0.0,341.0,same_ori7_different_counts,T1_same_ori7_multiple_ori9
CA01999,CA0199901,CA,06,2022,4.0,3.0,6.0,19.0,0.0,0.0,0.0,32.0,0|0|0|4|3|6|19,nibrs_srs_equivalent_annual,12.0,7,,state_law_enforcement,0.0,037,,fbi_cde_agency_roster,1.0,1.0,overlap,06:statewide_overlap_layer,6.0,13,13,454.0,113.0,0.0,341.0,same_ori7_different_counts,T1_same_ori7_multiple_ori9
CA01999,CA0199910,CA,06,2022,0.0,0.0,0.0,29.0,0.0,0.0,0.0,29.0,0|0|0|0|0|0|29,nibrs_srs_equivalent_annual,12.0,7,,state_law_enforcement,0.0,037,,fbi_cde_agency_roster,1.0,1.0,overlap,06:statewide_overlap_layer,36.0,13,13,454.0,113.0,0.0,341.0,same_ori7_different_counts,T1_same_ori7_multiple_ori9
CA01999,CA0199925,CA,06,2022,47.0,4.0,5.0,30.0,0.0,0.0,0.0,86.0,0|0|0|47|4|5|30,nibrs_srs_equivalent_annual,12.0,7,HIGHWAY PATROL BALDWIN PARK AREA OFFICE,state_law_enforcement,0.0,037,,fbi_cde_agency_roster,1.0,1.0,overlap,06:statewide_overlap_layer,57.0,13,13,454.0,113.0,0.0,341.0,same_ori7_different_counts,T1_same_ori7_multiple_ori9
CA01999,CA0199930,CA,06,2022,7.0,0.0,5.0,51.0,0.0,0.0,0.0,63.0,0|0|0|7|0|5|51,nibrs_srs_equivalent_annual,12.0,7,HIGHWAY PATROL SOUTH LOS ANGELES AREA OFFICE,state_law_enforcement,0.0,037,,fbi_cde_agency_roster,1.0,1.0,overlap,06:statewide_overlap_layer,38.0,13,13,454.0,113.0,0.0,341.0,same_ori7_different_counts,T1_same_ori7_multiple_ori9
CA01999,CA0199935,CA,06,2022,21.0,9.0,15.0,67.0,1.0,0.0,0.0,113.0,1|0|0|21|9|15|67,nibrs_srs_equivalent_annual,12.0,7,HIGHWAY PATROL EAST LOS ANGELES AREA OFFICE,state_law_enforcement,0.0,037,,fbi_cde_agency_roster,1.0,1.0,overlap,06:statewide_overlap_layer,94.0,13,13,454.0,113.0,0.0,341.0,same_ori7_different_counts,T1_same_ori7_multiple_ori9
CA01999,CA0199940,CA,06,2022,23.0,4.0,8.0,21.0,0.0,0.0,2.0,58.0,0|0|2|23|4|8|21,nibrs_srs_equivalent_annual,12.0,7,HIGHWAY PATROL NEWHALL AREA OFFICE,state_law_enforcement,0.0,037,,fbi_cde_agency_roster,1.0,1.0,overlap,06:statewide_overlap_layer,90.0,13,13,454.0,113.0,0.0,341.0,same_ori7_different_counts,T1_same_ori7_multiple_ori9
CA01999,CA0199945,CA,06,2022,0.0,0.0,0.0,1.0,0.0,0.0,0.0,1.0,0|0|0|0|0|0|1,nibrs_srs_equivalent_annual,12.0,7,,state_law_enforcement,0.0,037,,fbi_cde_agency_roster,1.0,1.0,overlap,06:statewide_overlap_layer,1.6930433625398547,13,13,454.0,113.0,0.0,341.0,same_ori7_different_counts,T1_same_ori7_multiple_ori9
CA01999,CA0199950,CA,06,2022,1.0,1.0,0.0,4.0,0.0,0.0,0.0,6.0,0|0|0|1|1|0|4,nibrs_srs_equivalent_annual,12.0,7,HIGHWAY PATROL SANTA FE SPRINGS AREA OFFICE,state_law_enforcement,0.0,037,,fbi_cde_agency_roster,1.0,1.0,overlap,06:statewide_overlap_layer,53.0,13,13,454.0,113.0,0.0,341.0,same_ori7_different_counts,T1_same_ori7_multiple_ori9
CA01999,CA0199965,CA,06,2022,0.0,1.0,0.0,23.0,0.0,0.0,0.0,24.0,0|0|0|0|1|0|23,nibrs_srs_equivalent_annual,12.0,7,HIGHWAY PATROL WEST LOS ANGELES AREA OFFICE,state_law_enforcement,0.0,037,,fbi_cde_agency_roster,1.0,1.0,overlap,06:statewide_overlap_layer,27.0,13,13,454.0,113.0,0.0,341.0,same_ori7_different_counts,T1_same_ori7_multiple_ori9
CA01999,CA0199975,CA,06,2022,0.0,0.0,0.0,8.0,0.0,0.0,0.0,8.0,0|0|0|0|0|0|8,nibrs_srs_equivalent_annual,12.0,7,HIGHWAY PATROL ALTADENA AREA OFFICE,state_law_enforcement,0.0,037,,fbi_cde_agency_roster,1.0,1.0,overlap,06:statewide_overlap_layer,29.0,13,13,454.0,113.0,0.0,341.0,same_ori7_different_counts,T1_same_ori7_multiple_ori9
CA01999,CA0199980,CA,06,2022,0.0,0.0,1.0,16.0,0.0,0.0,0.0,17.0,0|0|0|0|0|1|16,nibrs_srs_equivalent_annual,12.0,7,HIGHWAY PATROL WEST VALLEY AREA OFFICE,state_law_enforcement,0.0,037,,fbi_cde_agency_roster,1.0,1.0,overlap,06:statewide_overlap_layer,24.0,13,13,454.0,113.0,0.0,341.0,same_ori7_different_counts,T1_same_ori7_multiple_ori9
CA01999,CA0199990,CA,06,2022,2.0,0.0,0.0,15.0,0.0,0.0,0.0,17.0,0|0|0|2|0|0|15,nibrs_srs_equivalent_annual,12.0,7,HIGHWAY PATROL CENTRAL LOS ANGELES AREA OFFICE,state_law_enforcement,0.0,037,,fbi_cde_agency_roster,1.0,1.0,overlap,06:statewide_overlap_layer,32.0,13,13,454.0,113.0,0.0,341.0,same_ori7_different_counts,T1_same_ori7_multiple_ori9
MA01333,MA0133300,MA,25,2022,2.0,13.0,287.0,9.0,0.0,5.0,1.0,317.0,0|5|1|2|13|287|9,srs_return_a_annual,12.0,7,NORTHEASTERN UNIVERSITY,special_jurisdiction,,025,07000,srs_agency_header,1.0,1.0,overlap,25:statewide_overlap_layer,415.0,2,1,634.0,317.0,317.0,317.0,identical_7_offense_vector,T1_same_ori7_multiple_ori9
MA01333,MA013339E,MA,25,2022,2.0,13.0,287.0,9.0,0.0,5.0,1.0,317.0,0|5|1|2|13|287|9,nibrs_srs_equivalent_annual,12.0,7,BOSTON,special_jurisdiction,0.0,025,,fbi_cde_agency_roster,1.0,1.0,overlap,25:statewide_overlap_layer,415.0,2,1,634.0,317.0,317.0,317.0,identical_7_offense_vector,T1_same_ori7_multiple_ori9
GA04414,GA0441400,GA,13,2022,4.0,32.0,241.0,2.0,0.0,12.0,3.0,294.0,0|12|3|4|32|241|2,srs_return_a_annual,12.0,7,EMORY UNIVERSITY,constable_marshal,,089,23536,srs_agency_header,1.0,1.0,exclusive,13:municipal:place:1323536,318.0,2,1,588.0,294.0,294.0,294.0,identical_7_offense_vector,T1_same_ori7_multiple_ori9
GA04414,GA044149E,GA,13,2022,4.0,32.0,241.0,2.0,0.0,12.0,3.0,294.0,0|12|3|4|32|241|2,nibrs_srs_equivalent_annual,12.0,7,ATLANTA,special_jurisdiction,0.0,089,,fbi_cde_agency_roster,1.0,1.0,overlap,13:statewide_overlap_layer,318.0,2,1,588.0,294.0,294.0,294.0,identical_7_offense_vector,T1_same_ori7_multiple_ori9
MI63185,MI6318500,MI,26,2022,24.0,28.0,181.0,14.0,2.0,9.0,2.0,260.0,2|9|2|24|28|181|14,srs_return_a_annual,12.0,7,INDEPENDENCE TOWNSHIP,unknown,,,,,1.0,1.0,overlap,26:statewide_overlap_layer,158.0,2,1,520.0,260.0,260.0,260.0,identical_7_offense_vector,T1_same_ori7_multiple_ori9
MI63185,MI631850X,MI,26,2022,24.0,28.0,181.0,14.0,2.0,9.0,2.0,260.0,2|9|2|24|28|181|14,nibrs_srs_equivalent_annual,12.0,7,,local_police,37302.0,125,,fbi_cde_agency_roster,1.0,1.0,exclusive,26:municipal:cousub:2612540400,158.0,2,1,520.0,260.0,260.0,260.0,identical_7_offense_vector,T1_same_ori7_multiple_ori9
CA03048,CA0304800,CA,06,2022,13.0,26.0,177.0,18.0,0.0,1.0,4.0,239.0,0|1|4|13|26|177|18,srs_return_a_annual,12.0,7,RANCHO SANTA MARGARITA,local_police,,059,59587,srs_agency_header,1.0,1.0,exclusive,06:municipal:place:0659587,276.0,2,1,478.0,239.0,239.0,239.0,identical_7_offense_vector,T1_same_ori7_multiple_ori9
CA03048,CA030480X,CA,06,2022,13.0,26.0,177.0,18.0,0.0,1.0,4.0,239.0,0|1|4|13|26|177|18,nibrs_srs_equivalent_annual,12.0,7,SANTA ANA,local_police,48918.0,059,,fbi_cde_agency_roster,1.0,1.0,exclusive,06:municipal:place:0659587,276.0,2,1,478.0,239.0,239.0,239.0,identical_7_offense_vector,T1_same_ori7_multiple_ori9
CA00199,CA0019900,CA,06,2022,0.0,0.0,0.0,0.0,0.0,0.0,0.0,0.0,0|0|0|0|0|0|0,srs_return_a_annual,0.0,0,HP ALAMEDA COUNTY,state_law_enforcement,0.0,001,33000,srs_agency_header,1.0,1.0,overlap,06:statewide_overlap_layer,220.69757514560132,5,5,484.0,251.0,0.0,233.0,same_ori7_different_counts,T1_same_ori7_multiple_ori9
CA00199,CA0019945,CA,06,2022,18.0,3.0,8.0,81.0,0.0,0.0,0.0,110.0,0|0|0|18|3|8|81,nibrs_srs_equivalent_annual,12.0,7,HIGHWAY PATROL HAYWARD AREA OFFICE,state_law_enforcement,0.0,001,,fbi_cde_agency_roster,1.0,1.0,overlap,06:statewide_overlap_layer,207.0,5,5,484.0,251.0,0.0,233.0,same_ori7_different_counts,T1_same_ori7_multiple_ori9
CA00199,CA0019970,CA,06,2022,0.0,0.0,13.0,92.0,0.0,0.0,0.0,105.0,0|0|0|0|0|13|92,nibrs_srs_equivalent_annual,12.0,7,HIGHWAY PATROL OAKLAND AREA OFFICE,state_law_enforcement,0.0,001,,fbi_cde_agency_roster,1.0,1.0,overlap,06:statewide_overlap_layer,444.0,5,5,484.0,251.0,0.0,233.0,same_ori7_different_counts,T1_same_ori7_multiple_ori9
CA00199,CA0019975,CA,06,2022,0.0,0.0,25.0,226.0,0.0,0.0,0.0,251.0,0|0|0|0|0|25|226,nibrs_srs_equivalent_annual,12.0,7,,state_law_enforcement,0.0,,,,1.0,1.0,overlap,06:statewide_overlap_layer,134.27271177815038,5,5,484.0,251.0,0.0,233.0,same_ori7_different_counts,T1_same_ori7_multiple_ori9
CA00199,CA0019990,CA,06,2022,4.0,0.0,5.0,9.0,0.0,0.0,0.0,18.0,0|0|0|4|0|5|9,nibrs_srs_equivalent_annual,12.0,7,HIGHWAY PATROL DUBLIN AREA OFFICE,state_law_enforcement,0.0,001,,fbi_cde_agency_roster,1.0,1.0,overlap,06:statewide_overlap_layer,38.0,5,5,484.0,251.0,0.0,233.0,same_ori7_different_counts,T1_same_ori7_multiple_ori9
OK05502,OK0550200,OK,40,2022,97.0,86.0,561.0,75.0,1.0,15.0,12.0,847.0,1|15|12|97|86|561|75,cius_publication_annual,12.0,7,DEL CITY,local_police,21859.0,109,19900,srs_agency_header,1.0,1.0,exclusive,40:municipal:place:4019900,777.0,2,2,1066.0,847.0,219.0,219.0,same_ori7_different_counts,T1_same_ori7_multiple_ori9
OK05502,OK055025C,OK,40,2022,130.0,0.0,0.0,0.0,11.0,78.0,0.0,219.0,11|78|0|130|0|0|0,nibrs_srs_equivalent_annual,12.0,7,,unknown,0.0,,,,1.0,1.0,overlap,40:statewide_overlap_layer,133.0,2,2,1066.0,847.0,219.0,219.0,same_ori7_different_counts,T1_same_ori7_multiple_ori9
MI63183,MI6318300,MI,26,2022,19.0,14.0,154.0,19.0,0.0,3.0,2.0,211.0,0|3|2|19|14|154|19,srs_return_a_annual,12.0,7,COMMERCE TOWNSHIP,unknown,,,,,1.0,1.0,overlap,26:statewide_overlap_layer,264.0,2,1,422.0,211.0,211.0,211.0,identical_7_offense_vector,T1_same_ori7_multiple_ori9
MI63183,MI631830X,MI,26,2022,19.0,14.0,154.0,19.0,0.0,3.0,2.0,211.0,0|3|2|19|14|154|19,nibrs_srs_equivalent_annual,12.0,7,,local_police,39878.0,125,,fbi_cde_agency_roster,1.0,1.0,exclusive,26:municipal:cousub:2612517640,264.0,2,1,422.0,211.0,211.0,211.0,identical_7_offense_vector,T1_same_ori7_multiple_ori9
CA00723,CA0072300,CA,06,2022,8.0,43.0,222.0,27.0,0.0,1.0,5.0,306.0,0|1|5|8|43|222|27,srs_return_a_annual,12.0,7,DANVILLE,local_police,,013,17988,srs_agency_header,1.0,1.0,exclusive,06:municipal:place:0617988,277.0,2,2,500.0,306.0,194.0,194.0,same_ori7_different_counts,T1_same_ori7_multiple_ori9
CA00723,CA007230X,CA,06,2022,7.0,24.0,146.0,12.0,0.0,1.0,4.0,194.0,0|1|4|7|24|146|12,nibrs_srs_equivalent_annual,7.0,7,MARTINEZ,local_police,45202.0,013,,fbi_cde_agency_roster,1.0,1.0,exclusive,06:municipal:place:0617988,277.0,2,2,500.0,306.0,194.0,194.0,same_ori7_different_counts,T1_same_ori7_multiple_ori9
MI63188,MI6318800,MI,26,2022,17.0,12.0,142.0,15.0,1.0,1.0,0.0,188.0,1|1|0|17|12|142|15,srs_return_a_annual,12.0,7,ORION TOWNSHIP,unknown,,,,,1.0,1.0,overlap,26:statewide_overlap_layer,158.0,2,1,376.0,188.0,188.0,188.0,identical_7_offense_vector,T1_same_ori7_multiple_ori9
MI63188,MI631880X,MI,26,2022,17.0,12.0,142.0,15.0,1.0,1.0,0.0,188.0,1|1|0|17|12|142|15,nibrs_srs_equivalent_annual,12.0,7,,local_police,37125.0,125,,fbi_cde_agency_roster,1.0,1.0,exclusive,26:municipal:cousub:2612561100,158.0,2,1,376.0,188.0,188.0,188.0,identical_7_offense_vector,T1_same_ori7_multiple_ori9
CT00504,CT0050400,CT,09,2022,4.0,13.0,150.0,16.0,0.0,0.0,0.0,183.0,0|0|0|4|13|150|16,srs_return_a_annual,12.0,7,YALE UNIVERSITY,unknown,,,,,1.0,1.0,overlap,09:statewide_overlap_layer,277.0,2,1,366.0,183.0,183.0,183.0,identical_7_offense_vector,T1_same_ori7_multiple_ori9
CT00504,CT005049E,CT,09,2022,4.0,13.0,150.0,16.0,0.0,0.0,0.0,183.0,0|0|0|4|13|150|16,nibrs_srs_equivalent_annual,12.0,7,,special_jurisdiction,0.0,,,,1.0,1.0,overlap,09:statewide_overlap_layer,277.0,2,1,366.0,183.0,183.0,183.0,identical_7_offense_vector,T1_same_ori7_multiple_ori9
TX05752,TX0575200,TX,48,2022,0.0,18.0,140.0,21.0,0.0,1.0,0.0,180.0,0|1|0|0|18|140|21,srs_return_a_annual,12.0,7,SOUTHERN METHODIST UNIV,special_jurisdiction,,113,19000,srs_agency_header,1.0,1.0,overlap,48:statewide_overlap_layer,146.0,2,1,360.0,180.0,180.0,180.0,identical_7_offense_vector,T1_same_ori7_multiple_ori9
TX05752,TX057529E,TX,48,2022,0.0,18.0,140.0,21.0,0.0,1.0,0.0,180.0,0|1|0|0|18|140|21,nibrs_srs_equivalent_annual,12.0,7,DALLAS,special_jurisdiction,0.0,113,,fbi_cde_agency_roster,1.0,1.0,overlap,48:statewide_overlap_layer,146.0,2,1,360.0,180.0,180.0,180.0,identical_7_offense_vector,T1_same_ori7_multiple_ori9
CA05499,CA0549900,CA,06,2022,0.0,0.0,0.0,0.0,0.0,0.0,0.0,0.0,0|0|0|0|0|0|0,srs_return_a_annual,0.0,0,HP TULARE COUNTY,state_law_enforcement,0.0,107,82954,srs_agency_header,1.0,1.0,overlap,06:statewide_overlap_layer,720.9184576233268,3,3,522.0,355.0,0.0,167.0,same_ori7_different_counts,T1_same_ori7_multiple_ori9
CA05499,CA0549980,CA,06,2022,11.0,4.0,64.0,276.0,0.0,0.0,0.0,355.0,0|0|0|11|4|64|276,nibrs_srs_equivalent_annual,12.0,7,HIGHWAY PATROL VISALIA AREA OFFICE,state_law_enforcement,0.0,107,,fbi_cde_agency_roster,1.0,1.0,overlap,06:statewide_overlap_layer,314.0,3,3,522.0,355.0,0.0,167.0,same_ori7_different_counts,T1_same_ori7_multiple_ori9
CA05499,CA0549981,CA,06,2022,0.0,0.0,17.0,150.0,0.0,0.0,0.0,167.0,0|0|0|0|0|17|150,nibrs_srs_equivalent_annual,12.0,7,HIGHWAY PATROL PORTERVILLE AREA OFFICE,state_law_enforcement,0.0,107,,fbi_cde_agency_roster,1.0,1.0,overlap,06:statewide_overlap_layer,140.0,3,3,522.0,355.0,0.0,167.0,same_ori7_different_counts,T1_same_ori7_multiple_ori9
LA03620,LA0362000,LA,22,2022,5.0,27.0,107.0,7.0,0.0,2.0,1.0,149.0,0|2|1|5|27|107|7,srs_return_a_annual,12.0,7,TULANE UNIVERSITY,special_jurisdiction,,071,55000,srs_agency_header,1.0,1.0,overlap,22:statewide_overlap_layer,77.0,2,1,298.0,149.0,149.0,149.0,identical_7_offense_vector,T1_same_ori7_multiple_ori9
LA03620,LA036209E,LA,22,2022,5.0,27.0,107.0,7.0,0.0,2.0,1.0,149.0,0|2|1|5|27|107|7,nibrs_srs_equivalent_annual,12.0,7,NEW ORLEANS,special_jurisdiction,0.0,071,,fbi_cde_agency_roster,1.0,1.0,overlap,22:statewide_overlap_layer,77.0,2,1,298.0,149.0,149.0,149.0,identical_7_offense_vector,T1_same_ori7_multiple_ori9
TX10138,TX1013800,TX,48,2022,0.0,6.0,109.0,16.0,0.0,1.0,0.0,132.0,0|1|0|0|6|109|16,cius_publication_annual,12.0,7,RICE UNIVERSITY,special_jurisdiction,,201,35000,srs_agency_header,1.0,1.0,overlap,48:statewide_overlap_layer,196.0,2,2,266.0,134.0,132.0,132.0,near_identical_total_ge_085,T1_same_ori7_multiple_ori9
TX10138,TX101389E,TX,48,2022,0.0,6.0,111.0,16.0,0.0,1.0,0.0,134.0,0|1|0|0|6|111|16,nibrs_srs_equivalent_annual,12.0,7,HOUSTON,special_jurisdiction,0.0,201,,fbi_cde_agency_roster,1.0,1.0,overlap,48:statewide_overlap_layer,196.0,2,2,266.0,134.0,132.0,132.0,near_identical_total_ge_085,T1_same_ori7_multiple_ori9
UT02512,UT0251200,UT,49,2022,0.0,5.0,110.0,6.0,0.0,5.0,0.0,126.0,0|5|0|0|5|110|6,srs_return_a_annual,12.0,7,BRIGHAM YOUNG UNIVERSITY,special_jurisdiction,,049,62470,srs_agency_header,1.0,1.0,overlap,49:statewide_overlap_layer,85.0,2,1,252.0,126.0,126.0,126.0,identical_7_offense_vector,T1_same_ori7_multiple_ori9
UT02512,UT025129E,UT,49,2022,0.0,5.0,110.0,6.0,0.0,5.0,0.0,126.0,0|5|0|0|5|110|6,nibrs_srs_equivalent_annual,12.0,7,PROVO,special_jurisdiction,0.0,049,,fbi_cde_agency_roster,1.0,1.0,overlap,49:statewide_overlap_layer,85.0,2,1,252.0,126.0,126.0,126.0,identical_7_offense_vector,T1_same_ori7_multiple_ori9
FL00638,FL0063800,FL,12,2022,11.0,6.0,105.0,0.0,1.0,1.0,1.0,125.0,1|1|1|11|6|105|0,srs_return_a_annual,12.0,7,SOUTHWEST RANCHES,special_jurisdiction,,011,57425,srs_agency_header,1.0,1.0,overlap,12:statewide_overlap_layer,26.0,2,1,250.0,125.0,125.0,125.0,identical_7_offense_vector,T1_same_ori7_multiple_ori9
FL00638,FL006380X,FL,12,2022,11.0,6.0,105.0,0.0,1.0,1.0,1.0,125.0,1|1|1|11|6|105|0,nibrs_srs_equivalent_annual,12.0,7,FORT LAUDERDALE,local_police,8061.0,011,,fbi_cde_agency_roster,1.0,1.0,exclusive,12:municipal:place:1224000,51.78903858605111,2,1,250.0,125.0,125.0,125.0,identical_7_offense_vector,T1_same_ori7_multiple_ori9
MI63186,MI6318600,MI,26,2022,8.0,7.0,83.0,8.0,0.0,5.0,1.0,112.0,0|5|1|8|7|83|8,srs_return_a_annual,12.0,7,LYON TOWNSHIP,unknown,,,,,1.0,1.0,overlap,26:statewide_overlap_layer,77.0,2,1,224.0,112.0,112.0,112.0,identical_7_offense_vector,T1_same_ori7_multiple_ori9
MI63186,MI631860X,MI,26,2022,8.0,7.0,83.0,8.0,0.0,5.0,1.0,112.0,0|5|1|8|7|83|8,nibrs_srs_equivalent_annual,12.0,7,,local_police,26094.0,125,,fbi_cde_agency_roster,1.0,1.0,exclusive,26:municipal:cousub:2612549820,77.0,2,1,224.0,112.0,112.0,112.0,identical_7_offense_vector,T1_same_ori7_multiple_ori9
IL09990,IL0999000,IL,17,2022,8.0,27.0,59.0,7.0,0.0,3.0,0.0,104.0,0|3|0|8|27|59|7,srs_return_a_annual,12.0,7,HOMER GLEN,local_police,,197,35835,srs_agency_header,1.0,1.0,exclusive,17:municipal:place:1735835,72.0,2,2,210.0,106.0,104.0,104.0,near_identical_total_ge_085,T1_same_ori7_multiple_ori9
IL09990,IL099900X,IL,17,2022,10.0,27.0,59.0,7.0,0.0,3.0,0.0,106.0,0|3|0|10|27|59|7,nibrs_srs_equivalent_annual,12.0,7,JOILET,local_police,24638.0,197,,fbi_cde_agency_roster,1.0,1.0,exclusive,17:municipal:place:1738570,72.0,2,2,210.0,106.0,104.0,104.0,near_identical_total_ge_085,T1_same_ori7_multiple_ori9
CA04299,CA0429900,CA,06,2022,0.0,0.0,0.0,0.0,0.0,0.0,0.0,0.0,0|0|0|0|0|0|0,srs_return_a_annual,0.0,0,HP SANTA BARBARA COUNTY,state_law_enforcement,0.0,083,69070,srs_agency_header,1.0,1.0,overlap,06:statewide_overlap_layer,182.26004737091847,4,4,161.0,61.0,0.0,100.0,same_ori7_different_counts,T1_same_ori7_multiple_ori9
CA04299,CA0429950,CA,06,2022,2.0,0.0,6.0,53.0,0.0,0.0,0.0,61.0,0|0|0|2|0|6|53,nibrs_srs_equivalent_annual,12.0,7,HIGHWAY PATROL SANTA MARIA AREA OFFICE,state_law_enforcement,0.0,083,,fbi_cde_agency_roster,1.0,1.0,overlap,06:statewide_overlap_layer,46.0,4,4,161.0,61.0,0.0,100.0,same_ori7_different_counts,T1_same_ori7_multiple_ori9
CA04299,CA0429955,CA,06,2022,2.0,0.0,10.0,32.0,0.0,0.0,0.0,44.0,0|0|0|2|0|10|32,nibrs_srs_equivalent_annual,12.0,7,HIGHWAY PATROL BUELLTON AREA OFFICE,state_law_enforcement,0.0,083,,fbi_cde_agency_roster,1.0,1.0,overlap,06:statewide_overlap_layer,25.0,4,4,161.0,61.0,0.0,100.0,same_ori7_different_counts,T1_same_ori7_multiple_ori9
CA04299,CA0429960,CA,06,2022,2.0,0.0,11.0,43.0,0.0,0.0,0.0,56.0,0|0|0|2|0|11|43,nibrs_srs_equivalent_annual,12.0,7,HIGHWAY PATROL SANTA BARBARA AREA OFFICE,state_law_enforcement,0.0,083,,fbi_cde_agency_roster,1.0,1.0,overlap,06:statewide_overlap_layer,37.0,4,4,161.0,61.0,0.0,100.0,same_ori7_different_counts,T1_same_ori7_multiple_ori9
CA03047,CA0304700,CA,06,2022,2.0,13.0,59.0,18.0,1.0,0.0,1.0,94.0,1|0|1|2|13|59|18,srs_return_a_annual,12.0,7,LAGUNA WOODS,local_police,,059,53980,srs_agency_header,1.0,1.0,exclusive,06:municipal:place:0653980,160.0,2,1,188.0,94.0,94.0,94.0,identical_7_offense_vector,T1_same_ori7_multiple_ori9
CA03047,CA030470X,CA,06,2022,2.0,13.0,59.0,18.0,1.0,0.0,1.0,94.0,1|0|1|2|13|59|18,nibrs_srs_equivalent_annual,12.0,7,SANTA ANA,local_police,17249.0,059,,fbi_cde_agency_roster,1.0,1.0,exclusive,06:municipal:place:0639259,160.0,2,1,188.0,94.0,94.0,94.0,identical_7_offense_vector,T1_same_ori7_multiple_ori9
RI00423,RI0042300,RI,44,2022,0.0,8.0,68.0,16.0,0.0,1.0,0.0,93.0,0|1|0|0|8|68|16,srs_return_a_annual,11.0,0,BROWN UNIVERSITY,special_jurisdiction,,007,59000,srs_agency_header,1.0,1.0,overlap,44:statewide_overlap_layer,101.0,2,1,186.0,93.0,93.0,93.0,identical_7_offense_vector,T1_same_ori7_multiple_ori9
RI00423,RI004239E,RI,44,2022,0.0,8.0,68.0,16.0,0.0,1.0,0.0,93.0,0|1|0|0|8|68|16,nibrs_srs_equivalent_annual,11.0,7,PROVIDENCE,special_jurisdiction,0.0,007,,fbi_cde_agency_roster,1.0,1.0,overlap,44:statewide_overlap_layer,101.0,2,1,186.0,93.0,93.0,93.0,identical_7_offense_vector,T1_same_ori7_multiple_ori9
MI63192,MI6319200,MI,26,2022,6.0,19.0,55.0,6.0,0.0,2.0,0.0,88.0,0|2|0|6|19|55|6,srs_return_a_annual,12.0,7,SPRINGFIELD TOWNSHIP,unknown,,,,,1.0,1.0,overlap,26:statewide_overlap_layer,62.0,2,1,176.0,88.0,88.0,88.0,identical_7_offense_vector,T1_same_ori7_multiple_ori9
MI63192,MI631920X,MI,26,2022,6.0,19.0,55.0,6.0,0.0,2.0,0.0,88.0,0|2|0|6|19|55|6,nibrs_srs_equivalent_annual,12.0,7,,local_police,14762.0,125,,fbi_cde_agency_roster,1.0,1.0,exclusive,26:municipal:cousub:2612575760,62.0,2,1,176.0,88.0,88.0,88.0,identical_7_offense_vector,T1_same_ori7_multiple_ori9
NC03404,NC0340400,NC,37,2022,2.0,8.0,69.0,6.0,0.0,0.0,0.0,85.0,0|0|0|2|8|69|6,cius_publication_annual,12.0,7,WAKE FOREST UNIVERSITY,special_jurisdiction,,067,75000,srs_agency_header,1.0,1.0,overlap,37:statewide_overlap_layer,94.55982189438592,2,1,170.0,85.0,85.0,85.0,identical_7_offense_vector,T1_same_ori7_multiple_ori9
NC03404,NC034049E,NC,37,2022,2.0,8.0,69.0,6.0,0.0,0.0,0.0,85.0,0|0|0|2|8|69|6,nibrs_srs_equivalent_annual,12.0,7,WINSTON SALEM,special_jurisdiction,0.0,067,,fbi_cde_agency_roster,1.0,1.0,overlap,37:statewide_overlap_layer,70.0,2,1,170.0,85.0,85.0,85.0,identical_7_offense_vector,T1_same_ori7_multiple_ori9
CA01001,CA0100100,CA,06,2022,162.0,190.0,1796.0,187.0,2.0,34.0,38.0,2409.0,2|34|38|162|190|1796|187,cius_publication_annual,12.0,7,CLOVIS,local_police,127560.0,019,14218,srs_agency_header,1.0,1.0,exclusive,06:municipal:place:0614218,2437.0,2,2,2487.0,2409.0,78.0,78.0,same_ori7_different_counts,T1_same_ori7_multiple_ori9
CA01001,CA010015M,CA,06,2022,64.0,0.0,5.0,0.0,0.0,9.0,0.0,78.0,0|9|0|64|0|5|0,nibrs_srs_equivalent_annual,12.0,7,COALINGA STATE HOSPITAL,unknown,0.0,019,,fbi_cde_agency_roster,1.0,1.0,overlap,06:statewide_overlap_layer,42.0,2,2,2487.0,2409.0,78.0,78.0,same_ori7_different_counts,T1_same_ori7_multiple_ori9
MI63184,MI6318400,MI,26,2022,11.0,7.0,40.0,11.0,0.0,6.0,1.0,76.0,0|6|1|11|7|40|11,srs_return_a_annual,12.0,7,HIGHLAND TOWNSHIP,unknown,,,,,1.0,1.0,overlap,26:statewide_overlap_layer,81.0,2,1,152.0,76.0,76.0,76.0,identical_7_offense_vector,T1_same_ori7_multiple_ori9
MI63184,MI631840X,MI,26,2022,11.0,7.0,40.0,11.0,0.0,6.0,1.0,76.0,0|6|1|11|7|40|11,nibrs_srs_equivalent_annual,12.0,7,,local_police,20302.0,125,,fbi_cde_agency_roster,1.0,1.0,exclusive,26:municipal:cousub:2612538080,81.0,2,1,152.0,76.0,76.0,76.0,identical_7_offense_vector,T1_same_ori7_multiple_ori9
MO09501,MO0950100,MO,29,2022,0.0,2.0,69.0,2.0,0.0,0.0,0.0,73.0,0|0|0|0|2|69|2,srs_return_a_annual,12.0,7,WASHINGTON UNIVERSITY,local_police,,189,01612,srs_agency_header,1.0,1.0,overlap,29:statewide_overlap_layer,100.87943205021857,2,1,146.0,73.0,73.0,73.0,identical_7_offense_vector,T1_same_ori7_multiple_ori9
MO09501,MO095019E,MO,29,2022,0.0,2.0,69.0,2.0,0.0,0.0,0.0,73.0,0|0|0|0|2|69|2,nibrs_srs_equivalent_annual,12.0,7,SAINT LOUIS,special_jurisdiction,0.0,189,,fbi_cde_agency_roster,1.0,1.0,overlap,29:statewide_overlap_layer,92.0,2,1,146.0,73.0,73.0,73.0,identical_7_offense_vector,T1_same_ori7_multiple_ori9
MI63189,MI6318900,MI,26,2022,8.0,5.0,52.0,6.0,1.0,0.0,0.0,72.0,1|0|0|8|5|52|6,srs_return_a_annual,12.0,7,OXFORD TOWNSHIP,unknown,,,,,1.0,1.0,overlap,26:statewide_overlap_layer,57.0,2,1,144.0,72.0,72.0,72.0,identical_7_offense_vector,T1_same_ori7_multiple_ori9
MI63189,MI631890X,MI,26,2022,8.0,5.0,52.0,6.0,1.0,0.0,0.0,72.0,1|0|0|8|5|52|6,nibrs_srs_equivalent_annual,12.0,7,,local_police,19592.0,125,,fbi_cde_agency_roster,1.0,1.0,exclusive,26:municipal:cousub:2612562040,57.0,2,1,144.0,72.0,72.0,72.0,identical_7_offense_vector,T1_same_ori7_multiple_ori9
CA00726,CA0072600,CA,06,2022,3.0,28.0,83.0,14.0,0.0,1.0,7.0,136.0,0|1|7|3|28|83|14,cius_publication_annual,12.0,7,ORINDA,local_police,,013,54232,srs_agency_header,1.0,1.0,exclusive,06:municipal:place:0654232,181.0,2,2,204.0,136.0,68.0,68.0,same_ori7_different_counts,T1_same_ori7_multiple_ori9
CA00726,CA007260X,CA,06,2022,0.0,10.0,48.0,7.0,0.0,1.0,2.0,68.0,0|1|2|0|10|48|7,nibrs_srs_equivalent_annual,7.0,7,MARTINEZ,local_police,20175.0,013,,fbi_cde_agency_roster,1.0,1.0,exclusive,06:municipal:place:0646114,181.0,2,2,204.0,136.0,68.0,68.0,same_ori7_different_counts,T1_same_ori7_multiple_ori9
CA00130,CA0013000,CA,06,2022,36.0,66.0,424.0,40.0,2.0,4.0,15.0,587.0,2|4|15|36|66|424|40,srs_return_a_annual,11.0,0,DUBLIN,local_police,,001,20018,srs_agency_header,1.0,1.0,exclusive,06:municipal:place:0620018,1411.0,2,2,652.0,587.0,65.0,65.0,same_ori7_different_counts,T1_same_ori7_multiple_ori9
CA00130,CA001300X,CA,06,2022,0.0,8.0,47.0,5.0,2.0,1.0,2.0,65.0,2|1|2|0|8|47|5,nibrs_srs_equivalent_annual,6.0,7,OAKLAND,local_police,71833.0,001,,fbi_cde_agency_roster,1.0,1.0,exclusive,06:municipal:place:0653000,1411.0,2,2,652.0,587.0,65.0,65.0,same_ori7_different_counts,T1_same_ori7_multiple_ori9
CA01599,CA0159900,CA,06,2022,0.0,0.0,0.0,0.0,0.0,0.0,0.0,0.0,0|0|0|0|0|0|0,srs_return_a_annual,0.0,0,HP KERN COUNTY,state_law_enforcement,0.0,029,03526,srs_agency_header,1.0,1.0,overlap,06:statewide_overlap_layer,248.77939329029329,5,5,251.0,192.0,0.0,59.0,same_ori7_different_counts,T1_same_ori7_multiple_ori9
CA01599,CA0159920,CA,06,2022,9.0,0.0,13.0,167.0,3.0,0.0,0.0,192.0,3|0|0|9|0|13|167,nibrs_srs_equivalent_annual,12.0,7,HIGHWAY PATROL BAKERSFIELD AREA OFFICE,state_law_enforcement,0.0,029,,fbi_cde_agency_roster,1.0,1.0,overlap,06:statewide_overlap_layer,203.0,5,5,251.0,192.0,0.0,59.0,same_ori7_different_counts,T1_same_ori7_multiple_ori9
CA01599,CA0159926,CA,06,2022,0.0,0.0,0.0,35.0,0.0,0.0,0.0,35.0,0|0|0|0|0|0|35,nibrs_srs_equivalent_annual,12.0,7,HIGHWAY PATROL BUTTONWILLOW AREA OFFICE,state_law_enforcement,0.0,029,,fbi_cde_agency_roster,1.0,1.0,overlap,06:statewide_overlap_layer,20.0,5,5,251.0,192.0,0.0,59.0,same_ori7_different_counts,T1_same_ori7_multiple_ori9
CA01599,CA0159930,CA,06,2022,0.0,0.0,1.0,0.0,0.0,0.0,0.0,1.0,0|0|0|0|0|1|0,nibrs_srs_equivalent_annual,12.0,7,,state_law_enforcement,0.0,029,,fbi_cde_agency_roster,1.0,1.0,overlap,06:statewide_overlap_layer,0.8533296316085391,5,5,251.0,192.0,0.0,59.0,same_ori7_different_counts,T1_same_ori7_multiple_ori9
CA01599,CA0159960,CA,06,2022,3.0,1.0,7.0,7.0,5.0,0.0,0.0,23.0,5|0|0|3|1|7|7,nibrs_srs_equivalent_annual,12.0,7,HIGHWAY PATROL FORT TEJON AREA OFFICE,state_law_enforcement,0.0,029,,fbi_cde_agency_roster,1.0,1.0,overlap,06:statewide_overlap_layer,9.0,5,5,251.0,192.0,0.0,59.0,same_ori7_different_counts,T1_same_ori7_multiple_ori9
CA00499,CA0049900,CA,06,2022,0.0,0.0,0.0,0.0,0.0,0.0,0.0,0.0,0|0|0|0|0|0|0,srs_return_a_annual,0.0,0,HP BUTTE COUNTY,state_law_enforcement,0.0,007,13014,srs_agency_header,1.0,1.0,overlap,06:statewide_overlap_layer,223.9297585054547,3,3,216.0,158.0,0.0,58.0,same_ori7_different_counts,T1_same_ori7_multiple_ori9
CA00499,CA0049940,CA,06,2022,1.0,0.0,22.0,135.0,0.0,0.0,0.0,158.0,0|0|0|1|0|22|135,nibrs_srs_equivalent_annual,12.0,7,HIGHWAY PATROL OROVILLE AREA OFFICE,state_law_enforcement,0.0,005,,fbi_cde_agency_roster,1.0,1.0,overlap,06:statewide_overlap_layer,136.0,3,3,216.0,158.0,0.0,58.0,same_ori7_different_counts,T1_same_ori7_multiple_ori9
CA00499,CA0049941,CA,06,2022,0.0,0.0,0.0,58.0,0.0,0.0,0.0,58.0,0|0|0|0|0|0|58,nibrs_srs_equivalent_annual,12.0,7,HIGHWAY PATROL CHICO AREA OFFICE,state_law_enforcement,0.0,005,,fbi_cde_agency_roster,1.0,1.0,overlap,06:statewide_overlap_layer,53.0,3,3,216.0,158.0,0.0,58.0,same_ori7_different_counts,T1_same_ori7_multiple_ori9
CA01299,CA0129900,CA,06,2022,0.0,0.0,0.0,0.0,0.0,0.0,0.0,0.0,0|0|0|0|0|0|0,srs_return_a_annual,0.0,0,HP HUMBOLDT COUNTY,state_law_enforcement,0.0,023,99023,srs_agency_header,1.0,1.0,overlap,06:statewide_overlap_layer,317.7470570781335,3,3,231.0,176.0,0.0,55.0,same_ori7_different_counts,T1_same_ori7_multiple_ori9
CA01299,CA0129925,CA,06,2022,6.0,2.0,47.0,121.0,0.0,0.0,0.0,176.0,0|0|0|6|2|47|121,nibrs_srs_equivalent_annual,12.0,7,HIGHWAY PATROL HUMBOLDT AREA OFFICE,state_law_enforcement,0.0,023,,fbi_cde_agency_roster,1.0,1.0,overlap,06:statewide_overlap_layer,144.0,3,3,231.0,176.0,0.0,55.0,same_ori7_different_counts,T1_same_ori7_multiple_ori9
CA01299,CA0129926,CA,06,2022,0.0,0.0,14.0,41.0,0.0,0.0,0.0,55.0,0|0|0|0|0|14|41,nibrs_srs_equivalent_annual,12.0,7,HIGHWAY PATROL GARBERVILLE AREA OFFICE,state_law_enforcement,0.0,023,,fbi_cde_agency_roster,1.0,1.0,overlap,06:statewide_overlap_layer,43.0,3,3,231.0,176.0,0.0,55.0,same_ori7_different_counts,T1_same_ori7_multiple_ori9
CA03799,CA0379900,CA,06,2022,0.0,0.0,0.0,0.0,0.0,0.0,0.0,0.0,0|0|0|0|0|0|0,srs_return_a_annual,0.0,0,HP SAN DIEGO COUNTY,state_law_enforcement,0.0,073,66000,srs_agency_header,1.0,1.0,overlap,06:statewide_overlap_layer,179.75475661918574,6,6,78.0,25.0,0.0,53.0,same_ori7_different_counts,T1_same_ori7_multiple_ori9
CA03799,CA0379901,CA,06,2022,0.0,0.0,1.0,7.0,0.0,0.0,0.0,8.0,0|0|0|0|0|1|7,nibrs_srs_equivalent_annual,12.0,7,,state_law_enforcement,0.0,073,,fbi_cde_agency_roster,1.0,1.0,overlap,06:statewide_overlap_layer,101.3135260913796,6,6,78.0,25.0,0.0,53.0,same_ori7_different_counts,T1_same_ori7_multiple_ori9
CA03799,CA0379908,CA,06,2022,0.0,0.0,0.0,9.0,0.0,0.0,0.0,9.0,0|0|0|0|0|0|9,nibrs_srs_equivalent_annual,12.0,7,,state_law_enforcement,0.0,073,,fbi_cde_agency_roster,1.0,1.0,overlap,06:statewide_overlap_layer,27.0,6,6,78.0,25.0,0.0,53.0,same_ori7_different_counts,T1_same_ori7_multiple_ori9
CA03799,CA0379945,CA,06,2022,1.0,0.0,0.0,12.0,0.0,0.0,0.0,13.0,0|0|0|1|0|0|12,nibrs_srs_equivalent_annual,12.0,7,HIGHWAY PATROL SAN DIEGO AREA OFFICE,state_law_enforcement,0.0,073,,fbi_cde_agency_roster,1.0,1.0,overlap,06:statewide_overlap_layer,4.0,6,6,78.0,25.0,0.0,53.0,same_ori7_different_counts,T1_same_ori7_multiple_ori9
CA03799,CA0379950,CA,06,2022,3.0,0.0,0.0,21.0,1.0,0.0,0.0,25.0,1|0|0|3|0|0|21,nibrs_srs_equivalent_annual,12.0,7,HIGHWAY PATROL OCEANSIDE AREA OFFICE,state_law_enforcement,0.0,073,,fbi_cde_agency_roster,1.0,1.0,overlap,06:statewide_overlap_layer,39.0,6,6,78.0,25.0,0.0,53.0,same_ori7_different_counts,T1_same_ori7_multiple_ori9
CA03799,CA0379980,CA,06,2022,0.0,0.0,11.0,12.0,0.0,0.0,0.0,23.0,0|0|0|0|0|11|12,nibrs_srs_equivalent_annual,12.0,7,HIGHWAY PATROL EL CAJON AREA OFFICE,state_law_enforcement,0.0,073,,fbi_cde_agency_roster,1.0,1.0,overlap,06:statewide_overlap_layer,3.0,6,6,78.0,25.0,0.0,53.0,same_ori7_different_counts,T1_same_ori7_multiple_ori9
NH00927,NH0092700,NH,33,2022,1.0,3.0,46.0,0.0,0.0,2.0,0.0,52.0,0|2|0|1|3|46|0,srs_return_a_annual,11.0,0,UNIV OF NEW HAMPSHIRE,special_jurisdiction,,017,19620,srs_agency_header,1.0,1.0,overlap,33:statewide_overlap_layer,73.0,2,1,104.0,52.0,52.0,52.0,identical_7_offense_vector,T1_same_ori7_multiple_ori9
NH00927,NH00927TZ,NH,33,2022,1.0,3.0,46.0,0.0,0.0,2.0,0.0,52.0,0|2|0|1|3|46|0,nibrs_srs_equivalent_annual,12.0,7,DURHAM,special_jurisdiction,0.0,017,,fbi_cde_agency_roster,1.0,1.0,overlap,33:statewide_overlap_layer,73.0,2,1,104.0,52.0,52.0,52.0,identical_7_offense_vector,T1_same_ori7_multiple_ori9
MI63181,MI6318100,MI,26,2022,18.0,6.0,16.0,4.0,0.0,5.0,1.0,50.0,0|5|1|18|6|16|4,srs_return_a_annual,12.0,7,BRANDON TOWNSHIP,unknown,,,,,1.0,1.0,overlap,26:statewide_overlap_layer,36.0,2,1,100.0,50.0,50.0,50.0,identical_7_offense_vector,T1_same_ori7_multiple_ori9
MI63181,MI631810X,MI,26,2022,18.0,6.0,16.0,4.0,0.0,5.0,1.0,50.0,0|5|1|18|6|16|4,nibrs_srs_equivalent_annual,12.0,7,,local_police,16161.0,125,,fbi_cde_agency_roster,1.0,1.0,exclusive,26:state_nonmunicipal_remainder,36.0,2,1,100.0,50.0,50.0,50.0,identical_7_offense_vector,T1_same_ori7_multiple_ori9
SD01399,SD0139900,SD,46,2022,0.0,3.0,45.0,1.0,0.0,1.0,0.0,50.0,0|1|0|0|3|45|1,srs_return_a_annual,11.0,0,UNIVERSITY OF SOUTH DAKO,unknown,,,,,1.0,1.0,overlap,46:statewide_overlap_layer,26.399999999999995,2,1,100.0,50.0,50.0,50.0,identical_7_offense_vector,T1_same_ori7_multiple_ori9
SD01399,SD013990X,SD,46,2022,0.0,3.0,45.0,1.0,0.0,1.0,0.0,50.0,0|1|0|0|3|45|1,nibrs_srs_equivalent_annual,12.0,7,,special_jurisdiction,0.0,027,,fbi_cde_agency_roster,1.0,1.0,overlap,46:statewide_overlap_layer,22.0,2,1,100.0,50.0,50.0,50.0,identical_7_offense_vector,T1_same_ori7_multiple_ori9
TX01534,TX0153400,TX,48,2022,1.0,0.0,43.0,5.0,0.0,1.0,0.0,50.0,0|1|0|1|0|43|5,cius_publication_annual,12.0,7,ST MARY S UNIVERSITY,special_jurisdiction,,029,65000,srs_agency_header,1.0,1.0,overlap,48:statewide_overlap_layer,30.0,2,1,100.0,50.0,50.0,50.0,identical_7_offense_vector,T1_same_ori7_multiple_ori9
TX01534,TX015349E,TX,48,2022,1.0,0.0,43.0,5.0,0.0,1.0,0.0,50.0,0|1|0|1|0|43|5,nibrs_srs_equivalent_annual,12.0,7,SAN ANTONIO,special_jurisdiction,0.0,029,,fbi_cde_agency_roster,1.0,1.0,overlap,48:statewide_overlap_layer,31.0,2,1,100.0,50.0,50.0,50.0,identical_7_offense_vector,T1_same_ori7_multiple_ori9
CA02499,CA0249900,CA,06,2022,0.0,0.0,0.0,0.0,0.0,0.0,0.0,0.0,0|0|0|0|0|0|0,srs_return_a_annual,0.0,0,HP MERCED COUNTY,state_law_enforcement,0.0,047,46898,srs_agency_header,1.0,1.0,overlap,06:statewide_overlap_layer,439.85833851169895,3,3,131.0,83.0,0.0,48.0,same_ori7_different_counts,T1_same_ori7_multiple_ori9
CA02499,CA0249960,CA,06,2022,0.0,0.0,13.0,69.0,0.0,0.0,1.0,83.0,0|0|1|0|0|13|69,nibrs_srs_equivalent_annual,12.0,7,HIGHWAY PATROL MERCED AREA OFFICE,state_law_enforcement,0.0,047,,fbi_cde_agency_roster,1.0,1.0,overlap,06:statewide_overlap_layer,70.0,3,3,131.0,83.0,0.0,48.0,same_ori7_different_counts,T1_same_ori7_multiple_ori9
CA02499,CA0249961,CA,06,2022,1.0,4.0,11.0,31.0,0.0,0.0,1.0,48.0,0|0|1|1|4|11|31,nibrs_srs_equivalent_annual,12.0,7,HIGHWAY PATROL LOS BANOS AREA OFFICE,state_law_enforcement,0.0,047,,fbi_cde_agency_roster,1.0,1.0,overlap,06:statewide_overlap_layer,36.0,3,3,131.0,83.0,0.0,48.0,same_ori7_different_counts,T1_same_ori7_multiple_ori9
NM03210,NM0321000,NM,35,2022,11.0,19.0,14.0,3.0,0.0,0.0,1.0,48.0,0|0|1|11|19|14|3,srs_return_a_annual,12.0,7,PERALTA,local_police,,061,56180,srs_agency_header,1.0,1.0,exclusive,35:municipal:place:3556180,30.0,2,1,96.0,48.0,48.0,48.0,identical_7_offense_vector,T1_same_ori7_multiple_ori9
NM03210,NM032100X,NM,35,2022,11.0,19.0,14.0,3.0,0.0,0.0,1.0,48.0,0|0|1|11|19|14|3,nibrs_srs_equivalent_annual,12.0,7,PERALTA,local_police,3631.0,061,,fbi_cde_agency_roster,1.0,1.0,exclusive,35:municipal:place:3556180,30.0,2,1,96.0,48.0,48.0,48.0,identical_7_offense_vector,T1_same_ori7_multiple_ori9
GA01109,GA0110900,GA,13,2022,0.0,1.0,37.0,7.0,0.0,0.0,1.0,46.0,0|0|1|0|1|37|7,cius_publication_annual,12.0,7,MERCER UNIVERSITY,special_jurisdiction,,021,49000,srs_agency_header,1.0,1.0,overlap,13:statewide_overlap_layer,77.0,2,1,92.0,46.0,46.0,46.0,identical_7_offense_vector,T1_same_ori7_multiple_ori9
GA01109,GA011099E,GA,13,2022,0.0,1.0,37.0,7.0,0.0,0.0,1.0,46.0,0|0|1|0|1|37|7,nibrs_srs_equivalent_annual,12.0,7,MACON,special_jurisdiction,0.0,021,,fbi_cde_agency_roster,1.0,1.0,overlap,13:statewide_overlap_layer,77.0,2,1,92.0,46.0,46.0,46.0,identical_7_offense_vector,T1_same_ori7_multiple_ori9
IN04939,IN0493900,IN,18,2022,0.0,3.0,37.0,4.0,0.0,0.0,2.0,46.0,0|0|2|0|3|37|4,srs_return_a_annual,12.0,7,UNIVERSITY OF INDIANAPOL,unknown,,,,,1.0,1.0,overlap,18:statewide_overlap_layer,36.191405218686015,2,1,92.0,46.0,46.0,46.0,identical_7_offense_vector,T1_same_ori7_multiple_ori9
IN04939,IN049399E,IN,18,2022,0.0,3.0,37.0,4.0,0.0,0.0,2.0,46.0,0|0|2|0|3|37|4,nibrs_srs_equivalent_annual,12.0,7,,special_jurisdiction,0.0,097,,fbi_cde_agency_roster,1.0,1.0,overlap,18:statewide_overlap_layer,27.0,2,1,92.0,46.0,46.0,46.0,identical_7_offense_vector,T1_same_ori7_multiple_ori9
CA04099,CA0409900,CA,06,2022,0.0,0.0,0.0,0.0,0.0,0.0,0.0,0.0,0|0|0|0|0|0|0,srs_return_a_annual,0.0,0,HP SAN LUIS OBISPO CNTY,state_law_enforcement,0.0,079,68154,srs_agency_header,1.0,1.0,overlap,06:statewide_overlap_layer,92.9244069014969,4,4,146.0,102.0,0.0,44.0,same_ori7_different_counts,T1_same_ori7_multiple_ori9
CA04099,CA0409901,CA,06,2022,0.0,0.0,1.0,1.0,0.0,0.0,0.0,2.0,0|0|0|0|0|1|1,nibrs_srs_equivalent_annual,12.0,7,,state_law_enforcement,0.0,079,,fbi_cde_agency_roster,1.0,1.0,overlap,06:statewide_overlap_layer,1.0,4,4,146.0,102.0,0.0,44.0,same_ori7_different_counts,T1_same_ori7_multiple_ori9
CA04099,CA0409940,CA,06,2022,13.0,1.0,2.0,26.0,0.0,0.0,0.0,42.0,0|0|0|13|1|2|26,nibrs_srs_equivalent_annual,12.0,7,HIGHWAY PATROL TEMPLETON AREA OFFICE,state_law_enforcement,0.0,079,,fbi_cde_agency_roster,1.0,1.0,overlap,06:statewide_overlap_layer,25.0,4,4,146.0,102.0,0.0,44.0,same_ori7_different_counts,T1_same_ori7_multiple_ori9
CA04099,CA0409945,CA,06,2022,8.0,1.0,15.0,78.0,0.0,0.0,0.0,102.0,0|0|0|8|1|15|78,nibrs_srs_equivalent_annual,12.0,7,HIGHWAY PATROL SAN LUIS OBISPO AREA OFFICE,state_law_enforcement,0.0,079,,fbi_cde_agency_roster,1.0,1.0,overlap,06:statewide_overlap_layer,8.0,4,4,146.0,102.0,0.0,44.0,same_ori7_different_counts,T1_same_ori7_multiple_ori9
CA01099,CA0109900,CA,06,2022,0.0,0.0,0.0,0.0,0.0,0.0,0.0,0.0,0|0|0|0|0|0|0,srs_return_a_annual,0.0,0,HP FRESNO COUNTY,state_law_enforcement,0.0,019,27000,srs_agency_header,1.0,1.0,overlap,06:statewide_overlap_layer,171.34242019736254,5,5,276.0,233.0,0.0,43.0,same_ori7_different_counts,T1_same_ori7_multiple_ori9
CA01099,CA0109901,CA,06,2022,1.0,0.0,0.0,6.0,0.0,0.0,0.0,7.0,0|0|0|1|0|0|6,nibrs_srs_equivalent_annual,12.0,7,,state_law_enforcement,0.0,019,,fbi_cde_agency_roster,1.0,1.0,overlap,06:statewide_overlap_layer,4.0,5,5,276.0,233.0,0.0,43.0,same_ori7_different_counts,T1_same_ori7_multiple_ori9
CA01099,CA0109913,CA,06,2022,0.0,0.0,1.0,7.0,0.0,0.0,0.0,8.0,0|0|0|0|0|1|7,nibrs_srs_equivalent_annual,12.0,7,,state_law_enforcement,0.0,019,,fbi_cde_agency_roster,1.0,1.0,overlap,06:statewide_overlap_layer,1.0,5,5,276.0,233.0,0.0,43.0,same_ori7_different_counts,T1_same_ori7_multiple_ori9
CA01099,CA0109935,CA,06,2022,4.0,3.0,28.0,196.0,0.0,1.0,1.0,233.0,0|1|1|4|3|28|196,nibrs_srs_equivalent_annual,12.0,7,HIGHWAY PATROL FRESNO AREA OFFICE,state_law_enforcement,0.0,019,,fbi_cde_agency_roster,1.0,1.0,overlap,06:statewide_overlap_layer,106.0,5,5,276.0,233.0,0.0,43.0,same_ori7_different_counts,T1_same_ori7_multiple_ori9
CA01099,CA0109995,CA,06,2022,6.0,2.0,1.0,19.0,0.0,0.0,0.0,28.0,0|0|0|6|2|1|19,nibrs_srs_equivalent_annual,12.0,7,HIGHWAY PATROL COALINGA AREA OFFICE,state_law_enforcement,0.0,019,,fbi_cde_agency_roster,1.0,1.0,overlap,06:statewide_overlap_layer,6.0,5,5,276.0,233.0,0.0,43.0,same_ori7_different_counts,T1_same_ori7_multiple_ori9
CA03099,CA0309900,CA,06,2022,0.0,0.0,0.0,0.0,0.0,0.0,0.0,0.0,0|0|0|0|0|0|0,srs_return_a_annual,0.0,0,HP ORANGE COUNTY,state_law_enforcement,0.0,059,36770,srs_agency_header,1.0,1.0,overlap,06:statewide_overlap_layer,105.19865623234577,4,4,86.0,49.0,0.0,37.0,same_ori7_different_counts,T1_same_ori7_multiple_ori9
CA03099,CA0309970,CA,06,2022,3.0,0.0,8.0,37.0,0.0,0.0,1.0,49.0,0|0|1|3|0|8|37,nibrs_srs_equivalent_annual,12.0,7,HIGHWAY PATROL WESTMINSTER AREA OFFICE,state_law_enforcement,0.0,059,,fbi_cde_agency_roster,1.0,1.0,overlap,06:statewide_overlap_layer,54.0,4,4,86.0,49.0,0.0,37.0,same_ori7_different_counts,T1_same_ori7_multiple_ori9
CA03099,CA0309975,CA,06,2022,2.0,3.0,21.0,3.0,1.0,0.0,0.0,30.0,1|0|0|2|3|21|3,nibrs_srs_equivalent_annual,12.0,7,HIGHWAY PATROL SANTA ANA AREA OFFICE,state_law_enforcement,0.0,059,,fbi_cde_agency_roster,1.0,1.0,overlap,06:statewide_overlap_layer,3.0,4,4,86.0,49.0,0.0,37.0,same_ori7_different_counts,T1_same_ori7_multiple_ori9
CA03099,CA0309990,CA,06,2022,3.0,0.0,3.0,1.0,0.0,0.0,0.0,7.0,0|0|0|3|0|3|1,nibrs_srs_equivalent_annual,12.0,7,,state_law_enforcement,0.0,059,,fbi_cde_agency_roster,1.0,1.0,overlap,06:statewide_overlap_layer,5.744929357599404,4,4,86.0,49.0,0.0,37.0,same_ori7_different_counts,T1_same_ori7_multiple_ori9
IL0169W,IL0169W00,IL,17,2022,0.0,0.0,27.0,5.0,0.0,0.0,4.0,36.0,0|0|4|0|0|27|5,srs_return_a_annual,10.0,0,UNIV OF CHICAGO COOK C,unknown,,,,,1.0,1.0,overlap,17:statewide_overlap_layer,89.45454545454545,2,1,72.0,36.0,36.0,36.0,identical_7_offense_vector,T1_same_ori7_multiple_ori9
IL0169W,IL0169W9E,IL,17,2022,0.0,0.0,27.0,5.0,0.0,0.0,4.0,36.0,0|0|4|0|0|27|5,nibrs_srs_equivalent_annual,12.0,7,CHICAGO,special_jurisdiction,0.0,031,,fbi_cde_agency_roster,1.0,1.0,overlap,17:statewide_overlap_layer,82.0,2,1,72.0,36.0,36.0,36.0,identical_7_offense_vector,T1_same_ori7_multiple_ori9
CA03699,CA0369900,CA,06,2022,0.0,0.0,0.0,0.0,0.0,0.0,0.0,0.0,0|0|0|0|0|0|0,srs_return_a_annual,0.0,0,HP SAN BERNARDINO CNTY,state_law_enforcement,0.0,071,99071,srs_agency_header,1.0,1.0,overlap,06:statewide_overlap_layer,188.39911285783745,9,8,133.0,98.0,0.0,35.0,same_ori7_different_counts,T1_same_ori7_multiple_ori9
CA03699,CA0369901,CA,06,2022,0.0,0.0,1.0,0.0,0.0,0.0,0.0,1.0,0|0|0|0|0|1|0,nibrs_srs_equivalent_annual,12.0,7,,state_law_enforcement,0.0,071,,fbi_cde_agency_roster,1.0,1.0,overlap,06:statewide_overlap_layer,0.8533296316085391,9,8,133.0,98.0,0.0,35.0,same_ori7_different_counts,T1_same_ori7_multiple_ori9
CA03699,CA0369930,CA,06,2022,2.0,3.0,6.0,0.0,0.0,0.0,0.0,11.0,0|0|0|2|3|6|0,nibrs_srs_equivalent_annual,12.0,7,HIGHWAY PATROL BARSTOW AREA OFFICE,state_law_enforcement,0.0,071,,fbi_cde_agency_roster,1.0,1.0,overlap,06:statewide_overlap_layer,39.0,9,8,133.0,98.0,0.0,35.0,same_ori7_different_counts,T1_same_ori7_multiple_ori9
CA03699,CA0369934,CA,06,2022,2.0,1.0,1.0,5.0,0.0,0.0,0.0,9.0,0|0|0|2|1|1|5,nibrs_srs_equivalent_annual,12.0,7,HIGHWAY PATROL NEEDLES AREA OFFICE,state_law_enforcement,0.0,071,,fbi_cde_agency_roster,1.0,1.0,overlap,06:statewide_overlap_layer,9.0,9,8,133.0,98.0,0.0,35.0,same_ori7_different_counts,T1_same_ori7_multiple_ori9
CA03699,CA0369950,CA,06,2022,22.0,1.0,38.0,35.0,2.0,0.0,0.0,98.0,2|0|0|22|1|38|35,nibrs_srs_equivalent_annual,12.0,7,HIGHWAY PATROL VICTORVILLE AREA OFFICE,state_law_enforcement,0.0,071,,fbi_cde_agency_roster,1.0,1.0,overlap,06:statewide_overlap_layer,56.0,9,8,133.0,98.0,0.0,35.0,same_ori7_different_counts,T1_same_ori7_multiple_ori9
CA03699,CA0369955,CA,06,2022,0.0,0.0,0.0,1.0,0.0,0.0,0.0,1.0,0|0|0|0|0|0|1,nibrs_srs_equivalent_annual,12.0,7,HIGHWAY PATROL RANCHO CUCAMONGA AREA OFFICE,state_law_enforcement,0.0,071,,fbi_cde_agency_roster,1.0,1.0,overlap,06:statewide_overlap_layer,13.0,9,8,133.0,98.0,0.0,35.0,same_ori7_different_counts,T1_same_ori7_multiple_ori9
CA03699,CA0369960,CA,06,2022,4.0,0.0,2.0,3.0,0.0,0.0,0.0,9.0,0|0|0|4|0|2|3,nibrs_srs_equivalent_annual,12.0,7,HIGHWAY PATROL SAN BERNARDINO AREA OFFICE,state_law_enforcement,0.0,071,,fbi_cde_agency_roster,1.0,1.0,overlap,06:statewide_overlap_layer,9.0,9,8,133.0,98.0,0.0,35.0,same_ori7_different_counts,T1_same_ori7_multiple_ori9
CA03699,CA0369965,CA,06,2022,0.0,0.0,0.0,3.0,0.0,0.0,0.0,3.0,0|0|0|0|0|0|3,nibrs_srs_equivalent_annual,12.0,7,,state_law_enforcement,0.0,071,,fbi_cde_agency_roster,1.0,1.0,overlap,06:statewide_overlap_layer,1.7693264755156002,9,8,133.0,98.0,0.0,35.0,same_ori7_different_counts,T1_same_ori7_multiple_ori9
CA03699,CA0369970,CA,06,2022,0.0,0.0,1.0,0.0,0.0,0.0,0.0,1.0,0|0|0|0|0|1|0,nibrs_srs_equivalent_annual,12.0,7,,state_law_enforcement,0.0,071,,fbi_cde_agency_roster,1.0,1.0,overlap,06:statewide_overlap_layer,0.9411677292192862,9,8,133.0,98.0,0.0,35.0,same_ori7_different_counts,T1_same_ori7_multiple_ori9
IL016AB,IL016AB00,IL,17,2022,0.0,0.0,33.0,0.0,0.0,1.0,1.0,35.0,0|1|1|0|0|33|0,srs_return_a_annual,12.0,7,LOYOLA UNIVERSITY OF CHI,special_jurisdiction,,031,14000,srs_agency_header,1.0,1.0,overlap,17:statewide_overlap_layer,62.0,2,1,70.0,35.0,35.0,35.0,identical_7_offense_vector,T1_same_ori7_multiple_ori9
IL016AB,IL016AB9E,IL,17,2022,0.0,0.0,33.0,0.0,0.0,1.0,1.0,35.0,0|1|1|0|0|33|0,nibrs_srs_equivalent_annual,12.0,7,CHICAGO,special_jurisdiction,0.0,031,,fbi_cde_agency_roster,1.0,1.0,overlap,17:statewide_overlap_layer,62.0,2,1,70.0,35.0,35.0,35.0,identical_7_offense_vector,T1_same_ori7_multiple_ori9
NC00106,NC0010600,NC,37,2022,0.0,3.0,28.0,2.0,0.0,1.0,0.0,34.0,0|1|0|0|3|28|2,cius_publication_annual,12.0,7,ELON UNIVERSITY,special_jurisdiction,,001,21095,srs_agency_header,1.0,1.0,overlap,37:statewide_overlap_layer,58.0,2,2,70.0,36.0,34.0,34.0,near_identical_total_ge_085,T1_same_ori7_multiple_ori9
NC00106,NC001069E,NC,37,2022,0.0,3.0,30.0,2.0,0.0,1.0,0.0,36.0,0|1|0|0|3|30|2,nibrs_srs_equivalent_annual,12.0,7,ELON,special_jurisdiction,0.0,001,,fbi_cde_agency_roster,1.0,1.0,overlap,37:statewide_overlap_layer,58.0,2,2,70.0,36.0,34.0,34.0,near_identical_total_ge_085,T1_same_ori7_multiple_ori9
NH00401,NH0040100,NH,33,2022,3.0,4.0,20.0,4.0,0.0,3.0,0.0,34.0,0|3|0|3|4|20|4,srs_return_a_annual,12.0,7,SP COOS COUNTY,state_law_enforcement,,007,99007,srs_agency_header,1.0,1.0,overlap,33:statewide_overlap_layer,22.909090909090907,2,1,68.0,34.0,34.0,34.0,identical_7_offense_vector,T1_same_ori7_multiple_ori9
NH00401,NH004010X,NH,33,2022,3.0,4.0,20.0,4.0,0.0,3.0,0.0,34.0,0|3|0|3|4|20|4,nibrs_srs_equivalent_annual,12.0,7,CONCORD,state_law_enforcement,7847.0,007,,fbi_cde_agency_roster,1.0,1.0,overlap,33:statewide_overlap_layer,21.0,2,1,68.0,34.0,34.0,34.0,identical_7_offense_vector,T1_same_ori7_multiple_ori9
MA01130,MA0113000,MA,25,2022,0.0,1.0,31.0,1.0,0.0,0.0,0.0,33.0,0|0|0|0|1|31|1,srs_return_a_annual,10.0,0,BABSON COLLEGE,unknown,,021,,leaic_crosswalk,1.0,1.0,overlap,25:statewide_overlap_layer,58.28571428571428,2,1,66.0,33.0,33.0,33.0,identical_7_offense_vector,T1_same_ori7_multiple_ori9
MA01130,MA011309E,MA,25,2022,0.0,1.0,31.0,1.0,0.0,0.0,0.0,33.0,0|0|0|0|1|31|1,nibrs_srs_equivalent_annual,12.0,7,WELLESLEY,special_jurisdiction,0.0,021,,fbi_cde_agency_roster,1.0,1.0,overlap,25:statewide_overlap_layer,34.0,2,1,66.0,33.0,33.0,33.0,identical_7_offense_vector,T1_same_ori7_multiple_ori9
IN00212,IN0021200,IN,18,2022,10.0,0.0,20.0,1.0,0.0,0.0,0.0,31.0,0|0|0|10|0|20|1,srs_return_a_annual,9.0,0,PARKVIEW HEALTH,unknown,,,,,1.0,1.0,overlap,18:statewide_overlap_layer,76.0,2,1,62.0,31.0,31.0,31.0,identical_7_offense_vector,T1_same_ori7_multiple_ori9
IN00212,IN002129E,IN,18,2022,10.0,0.0,20.0,1.0,0.0,0.0,0.0,31.0,0|0|0|10|0|20|1,nibrs_srs_equivalent_annual,9.0,7,,unknown,0.0,003,,fbi_cde_agency_roster,1.0,1.0,overlap,18:statewide_overlap_layer,76.0,2,1,62.0,31.0,31.0,31.0,identical_7_offense_vector,T1_same_ori7_multiple_ori9
CA03399,CA0339900,CA,06,2022,0.0,0.0,0.0,0.0,0.0,0.0,0.0,0.0,0|0|0|0|0|0|0,srs_return_a_annual,0.0,0,HP RIVERSIDE COUNTY,state_law_enforcement,0.0,065,62000,srs_agency_header,1.0,1.0,overlap,06:statewide_overlap_layer,79.95303924291434,5,5,65.0,35.0,0.0,30.0,same_ori7_different_counts,T1_same_ori7_multiple_ori9
CA03399,CA0339930,CA,06,2022,7.0,0.0,0.0,6.0,0.0,0.0,0.0,13.0,0|0|0|7|0|0|6,nibrs_srs_equivalent_annual,12.0,7,HIGHWAY PATROL INDIO AREA OFFICE,state_law_enforcement,0.0,065,,fbi_cde_agency_roster,1.0,1.0,overlap,06:statewide_overlap_layer,4.0,5,5,65.0,35.0,0.0,30.0,same_ori7_different_counts,T1_same_ori7_multiple_ori9
CA03399,CA0339955,CA,06,2022,7.0,2.0,0.0,6.0,1.0,0.0,0.0,16.0,1|0|0|7|2|0|6,nibrs_srs_equivalent_annual,12.0,7,HIGHWAY PATROL SAN GORGONIO PASS AREA OFFICE,state_law_enforcement,0.0,065,,fbi_cde_agency_roster,1.0,1.0,overlap,06:statewide_overlap_layer,3.0,5,5,65.0,35.0,0.0,30.0,same_ori7_different_counts,T1_same_ori7_multiple_ori9
CA03399,CA0339960,CA,06,2022,0.0,0.0,1.0,0.0,0.0,0.0,0.0,1.0,0|0|0|0|0|1|0,nibrs_srs_equivalent_annual,12.0,7,,state_law_enforcement,0.0,065,,fbi_cde_agency_roster,1.0,1.0,overlap,06:statewide_overlap_layer,0.8533296316085391,5,5,65.0,35.0,0.0,30.0,same_ori7_different_counts,T1_same_ori7_multiple_ori9
CA03399,CA0339985,CA,06,2022,11.0,1.0,5.0,18.0,0.0,0.0,0.0,35.0,0|0|0|11|1|5|18,nibrs_srs_equivalent_annual,12.0,7,HIGHWAY PATROL TEMECULA AREA OFFICE,state_law_enforcement,0.0,065,,fbi_cde_agency_roster,1.0,1.0,overlap,06:statewide_overlap_layer,10.0,5,5,65.0,35.0,0.0,30.0,same_ori7_different_counts,T1_same_ori7_multiple_ori9
MA00538,MA0053800,MA,25,2022,2.0,11.0,16.0,0.0,0.0,1.0,0.0,30.0,0|1|0|2|11|16|0,cius_publication_annual,12.0,7,MERRIMACK COLLEGE,special_jurisdiction,,009,46400,srs_agency_header,1.0,1.0,overlap,25:statewide_overlap_layer,18.0,2,1,60.0,30.0,30.0,30.0,identical_7_offense_vector,T1_same_ori7_multiple_ori9
MA00538,MA005389E,MA,25,2022,2.0,11.0,16.0,0.0,0.0,1.0,0.0,30.0,0|1|0|2|11|16|0,nibrs_srs_equivalent_annual,12.0,7,NORTH ANDOVER,special_jurisdiction,0.0,009,,fbi_cde_agency_roster,1.0,1.0,overlap,25:statewide_overlap_layer,18.0,2,1,60.0,30.0,30.0,30.0,identical_7_offense_vector,T1_same_ori7_multiple_ori9
MA00964,MA0096400,MA,25,2022,0.0,3.0,22.0,2.0,0.0,1.0,1.0,29.0,0|1|1|0|3|22|2,srs_return_a_annual,12.0,7,TUFTS UNIVERSITY MEDFORD,special_jurisdiction,,017,39835,srs_agency_header,1.0,1.0,overlap,25:statewide_overlap_layer,38.89490703935574,2,1,58.0,29.0,29.0,29.0,identical_7_offense_vector,T1_same_ori7_multiple_ori9
MA00964,MA009649E,MA,25,2022,0.0,3.0,22.0,2.0,0.0,1.0,1.0,29.0,0|1|1|0|3|22|2,nibrs_srs_equivalent_annual,12.0,7,MEDFORD,special_jurisdiction,0.0,017,,fbi_cde_agency_roster,1.0,1.0,overlap,25:statewide_overlap_layer,34.0,2,1,58.0,29.0,29.0,29.0,identical_7_offense_vector,T1_same_ori7_multiple_ori9
MA01355,MA0135500,MA,25,2022,0.0,1.0,28.0,0.0,0.0,0.0,0.0,29.0,0|0|0|0|1|28|0,srs_return_a_annual,10.0,0,WENTWORTH INST OF TECH,special_jurisdiction,,025,07000,srs_agency_header,1.0,1.0,overlap,25:statewide_overlap_layer,48.0,2,1,58.0,29.0,29.0,29.0,identical_7_offense_vector,T1_same_ori7_multiple_ori9
MA01355,MA013559E,MA,25,2022,0.0,1.0,28.0,0.0,0.0,0.0,0.0,29.0,0|0|0|0|1|28|0,nibrs_srs_equivalent_annual,12.0,7,BOSTON,special_jurisdiction,0.0,025,,fbi_cde_agency_roster,1.0,1.0,overlap,25:statewide_overlap_layer,48.0,2,1,58.0,29.0,29.0,29.0,identical_7_offense_vector,T1_same_ori7_multiple_ori9
OH025A1,OH025A100,OH,39,2022,0.0,3.0,22.0,3.0,0.0,1.0,0.0,29.0,0|1|0|0|3|22|3,cius_publication_annual,12.0,7,CAPITAL UNIVERSITY,special_jurisdiction,,049,06278,srs_agency_header,1.0,1.0,overlap,39:statewide_overlap_layer,12.651359502129004,2,1,58.0,29.0,29.0,29.0,identical_7_offense_vector,T1_same_ori7_multiple_ori9
OH025A1,OH025A10X,OH,39,2022,0.0,3.0,22.0,3.0,0.0,1.0,0.0,29.0,0|1|0|0|3|22|3,nibrs_srs_equivalent_annual,12.0,7,BEXLEY,special_jurisdiction,0.0,049,,fbi_cde_agency_roster,1.0,1.0,overlap,39:statewide_overlap_layer,3.0,2,1,58.0,29.0,29.0,29.0,identical_7_offense_vector,T1_same_ori7_multiple_ori9
CA04001,CA0400100,CA,06,2022,78.0,67.0,165.0,35.0,0.0,9.0,5.0,359.0,0|9|5|78|67|165|35,cius_publication_annual,12.0,7,ARROYO GRANDE,local_police,18492.0,079,02868,srs_agency_header,1.0,1.0,exclusive,06:municipal:place:0602868,173.0,2,2,385.0,359.0,26.0,26.0,same_ori7_different_counts,T1_same_ori7_multiple_ori9
CA04001,CA040015M,CA,06,2022,13.0,0.0,6.0,0.0,0.0,7.0,0.0,26.0,0|7|0|13|0|6|0,nibrs_srs_equivalent_annual,11.0,7,ATASCADERO STATE HOSPITAL,unknown,0.0,079,,fbi_cde_agency_roster,1.0,1.0,overlap,06:statewide_overlap_layer,30.0,2,2,385.0,359.0,26.0,26.0,same_ori7_different_counts,T1_same_ori7_multiple_ori9
GA13903,GA1390300,GA,13,2022,0.0,0.0,25.0,0.0,0.0,1.0,0.0,26.0,0|1|0|0|0|25|0,cius_publication_annual,12.0,7,YOUNG HARRIS COLLEGE,special_jurisdiction,,281,84960,srs_agency_header,1.0,1.0,overlap,13:statewide_overlap_layer,14.436958852179062,2,1,52.0,26.0,26.0,26.0,identical_7_offense_vector,T1_same_ori7_multiple_ori9
GA13903,GA139039E,GA,13,2022,0.0,0.0,25.0,0.0,0.0,1.0,0.0,26.0,0|1|0|0|0|25|0,nibrs_srs_equivalent_annual,12.0,7,YOUNG HARRIS,special_jurisdiction,0.0,281,,fbi_cde_agency_roster,1.0,1.0,overlap,13:statewide_overlap_layer,5.054950140666102,2,1,52.0,26.0,26.0,26.0,identical_7_offense_vector,T1_same_ori7_multiple_ori9
MA01468,MA0146800,MA,25,2022,2.0,3.0,20.0,0.0,0.0,1.0,0.0,26.0,0|1|0|2|3|20|0,srs_return_a_annual,10.0,0,CLARK UNIVERSITY,special_jurisdiction,,027,82000,srs_agency_header,1.0,1.0,overlap,25:statewide_overlap_layer,27.0,2,1,52.0,26.0,26.0,26.0,identical_7_offense_vector,T1_same_ori7_multiple_ori9
MA01468,MA014689E,MA,25,2022,2.0,3.0,20.0,0.0,0.0,1.0,0.0,26.0,0|1|0|2|3|20|0,nibrs_srs_equivalent_annual,12.0,7,WORCESTER,special_jurisdiction,0.0,027,,fbi_cde_agency_roster,1.0,1.0,overlap,25:statewide_overlap_layer,18.0,2,1,52.0,26.0,26.0,26.0,identical_7_offense_vector,T1_same_ori7_multiple_ori9
NH00501,NH0050100,NH,33,2022,2.0,4.0,17.0,2.0,0.0,1.0,0.0,26.0,0|1|0|2|4|17|2,srs_return_a_annual,12.0,7,SP GRAFTON COUNTY,state_law_enforcement,,009,99009,srs_agency_header,1.0,1.0,overlap,33:statewide_overlap_layer,38.0,2,1,52.0,26.0,26.0,26.0,identical_7_offense_vector,T1_same_ori7_multiple_ori9
NH00501,NH005010X,NH,33,2022,2.0,4.0,17.0,2.0,0.0,1.0,0.0,26.0,0|1|0|2|4|17|2,nibrs_srs_equivalent_annual,12.0,7,CONCORD,state_law_enforcement,11292.0,009,,fbi_cde_agency_roster,1.0,1.0,overlap,33:statewide_overlap_layer,38.0,2,1,52.0,26.0,26.0,26.0,identical_7_offense_vector,T1_same_ori7_multiple_ori9
TX22727,TX2272700,TX,48,2022,0.0,1.0,25.0,0.0,0.0,0.0,0.0,26.0,0|0|0|0|1|25|0,srs_return_a_annual,6.0,0,ST EDWARDS UNIVERSITY,unknown,,,,,1.0,1.0,overlap,48:statewide_overlap_layer,38.699006618452586,2,1,52.0,26.0,26.0,26.0,identical_7_offense_vector,T1_same_ori7_multiple_ori9
TX22727,TX227279E,TX,48,2022,0.0,1.0,25.0,0.0,0.0,0.0,0.0,26.0,0|0|0|0|1|25|0,nibrs_srs_equivalent_annual,12.0,7,,special_jurisdiction,0.0,453,,fbi_cde_agency_roster,1.0,1.0,overlap,48:statewide_overlap_layer,30.77777157441221,2,1,52.0,26.0,26.0,26.0,identical_7_offense_vector,T1_same_ori7_multiple_ori9
MA01351,MA0135100,MA,25,2022,0.0,5.0,20.0,0.0,0.0,0.0,0.0,25.0,0|0|0|0|5|20|0,srs_return_a_annual,10.0,0,SIMMONS COLLEGE,unknown,,,,,1.0,1.0,overlap,25:statewide_overlap_layer,27.428571428571427,2,1,50.0,25.0,25.0,25.0,identical_7_offense_vector,T1_same_ori7_multiple_ori9
MA01351,MA013519E,MA,25,2022,0.0,5.0,20.0,0.0,0.0,0.0,0.0,25.0,0|0|0|0|5|20|0,nibrs_srs_equivalent_annual,12.0,7,BOSTON,special_jurisdiction,0.0,025,,fbi_cde_agency_roster,1.0,1.0,overlap,25:statewide_overlap_layer,16.0,2,1,50.0,25.0,25.0,25.0,identical_7_offense_vector,T1_same_ori7_multiple_ori9
NC02608,NC0260800,NC,37,2022,0.0,5.0,19.0,0.0,0.0,1.0,0.0,25.0,0|1|0|0|5|19|0,cius_publication_annual,12.0,7,METHODIST UNIVERSITY,special_jurisdiction,,051,22920,srs_agency_header,1.0,1.0,overlap,37:statewide_overlap_layer,13.0,2,1,50.0,25.0,25.0,25.0,identical_7_offense_vector,T1_same_ori7_multiple_ori9
NC02608,NC026089E,NC,37,2022,0.0,5.0,19.0,0.0,0.0,1.0,0.0,25.0,0|1|0|0|5|19|0,nibrs_srs_equivalent_annual,12.0,7,FAYETTEVILLE,special_jurisdiction,0.0,051,,fbi_cde_agency_roster,1.0,1.0,overlap,37:statewide_overlap_layer,13.0,2,1,50.0,25.0,25.0,25.0,identical_7_offense_vector,T1_same_ori7_multiple_ori9
CA03999,CA0399900,CA,06,2022,0.0,0.0,0.0,0.0,0.0,0.0,0.0,0.0,0|0|0|0|0|0|0,srs_return_a_annual,0.0,0,HP SAN JOAQUIN COUNTY,state_law_enforcement,0.0,077,75000,srs_agency_header,1.0,1.0,overlap,06:statewide_overlap_layer,572.6585136712456,3,3,139.0,115.0,0.0,24.0,same_ori7_different_counts,T1_same_ori7_multiple_ori9
CA03999,CA0399965,CA,06,2022,21.0,1.0,14.0,79.0,0.0,0.0,0.0,115.0,0|0|0|21|1|14|79,nibrs_srs_equivalent_annual,12.0,7,HIGHWAY PATROL STOCKTON AREA OFFICE,state_law_enforcement,0.0,077,,fbi_cde_agency_roster,1.0,1.0,overlap,06:statewide_overlap_layer,314.0,3,3,139.0,115.0,0.0,24.0,same_ori7_different_counts,T1_same_ori7_multiple_ori9
CA03999,CA0399966,CA,06,2022,0.0,1.0,1.0,22.0,0.0,0.0,0.0,24.0,0|0|0|0|1|1|22,nibrs_srs_equivalent_annual,12.0,7,HIGHWAY PATROL TRACY AREA OFFICE,state_law_enforcement,0.0,077,,fbi_cde_agency_roster,1.0,1.0,overlap,06:statewide_overlap_layer,5.0,3,3,139.0,115.0,0.0,24.0,same_ori7_different_counts,T1_same_ori7_multiple_ori9
AL00141,AL0014100,AL,01,2022,1.0,2.0,17.0,1.0,0.0,2.0,0.0,23.0,0|2|0|1|2|17|1,cius_publication_annual,12.0,7,SAMFORD UNIVERSITY,special_jurisdiction,,073,07000,srs_agency_header,1.0,1.0,overlap,01:statewide_overlap_layer,22.43330340476719,2,1,46.0,23.0,23.0,23.0,identical_7_offense_vector,T1_same_ori7_multiple_ori9
AL00141,AL001419E,AL,01,2022,1.0,2.0,17.0,1.0,0.0,2.0,0.0,23.0,0|2|0|1|2|17|1,nibrs_srs_equivalent_annual,12.0,7,BIRMINGHAM,special_jurisdiction,0.0,073,,fbi_cde_agency_roster,1.0,1.0,overlap,01:statewide_overlap_layer,11.886601970172425,2,1,46.0,23.0,23.0,23.0,identical_7_offense_vector,T1_same_ori7_multiple_ori9
CO03401,CO0340100,CO,08,2022,13.0,19.0,211.0,14.0,0.0,3.0,2.0,262.0,0|3|2|13|19|211|14,nibrs_srs_equivalent_annual,7.0,7,DURANGO,local_police,19995.0,067,22035,srs_agency_header,1.0,1.0,exclusive,08:municipal:place:0822035,661.2671539873213,2,2,285.0,262.0,23.0,23.0,same_ori7_different_counts,T1_same_ori7_multiple_ori9
CO03401,CO034019E,CO,08,2022,0.0,3.0,16.0,0.0,0.0,4.0,0.0,23.0,0|4|0|0|3|16|0,nibrs_srs_equivalent_annual,12.0,7,DURANGO,special_jurisdiction,0.0,067,,fbi_cde_agency_roster,1.0,1.0,overlap,08:statewide_overlap_layer,29.0,2,2,285.0,262.0,23.0,23.0,same_ori7_different_counts,T1_same_ori7_multiple_ori9
NH00701,NH0070100,NH,33,2022,2.0,3.0,9.0,1.0,4.0,4.0,0.0,23.0,4|4|0|2|3|9|1,srs_return_a_annual,11.0,0,SP MERRIMACK COUNTY,state_law_enforcement,,013,99013,srs_agency_header,1.0,1.0,overlap,33:statewide_overlap_layer,35.0,2,1,46.0,23.0,23.0,23.0,identical_7_offense_vector,T1_same_ori7_multiple_ori9
NH00701,NH007010X,NH,33,2022,2.0,3.0,9.0,1.0,4.0,4.0,0.0,23.0,4|4|0|2|3|9|1,nibrs_srs_equivalent_annual,12.0,7,CONCORD,state_law_enforcement,6979.0,013,,fbi_cde_agency_roster,1.0,1.0,overlap,33:statewide_overlap_layer,35.0,2,1,46.0,23.0,23.0,23.0,identical_7_offense_vector,T1_same_ori7_multiple_ori9
TX10176,TX1017600,TX,48,2022,0.0,2.0,19.0,2.0,0.0,0.0,0.0,23.0,0|0|0|0|2|19|2,cius_publication_annual,12.0,7,ST THOMAS UNIVERSITY,special_jurisdiction,,201,35000,srs_agency_header,1.0,1.0,overlap,48:statewide_overlap_layer,40.800000000000004,2,1,46.0,23.0,23.0,23.0,identical_7_offense_vector,T1_same_ori7_multiple_ori9
TX10176,TX101769E,TX,48,2022,0.0,2.0,19.0,2.0,0.0,0.0,0.0,23.0,0|0|0|0|2|19|2,nibrs_srs_equivalent_annual,12.0,7,HOUSTON,special_jurisdiction,0.0,201,,fbi_cde_agency_roster,1.0,1.0,overlap,48:statewide_overlap_layer,34.0,2,1,46.0,23.0,23.0,23.0,identical_7_offense_vector,T1_same_ori7_multiple_ori9
CA04799,CA0479900,CA,06,2022,0.0,0.0,0.0,0.0,0.0,0.0,0.0,0.0,0|0|0|0|0|0|0,srs_return_a_annual,0.0,0,HP SISKIYOU COUNTY,state_law_enforcement,0.0,093,86944,srs_agency_header,1.0,1.0,overlap,06:statewide_overlap_layer,47.35524646723707,3,3,99.0,77.0,0.0,22.0,same_ori7_different_counts,T1_same_ori7_multiple_ori9
CA04799,CA0479945,CA,06,2022,9.0,1.0,19.0,47.0,1.0,0.0,0.0,77.0,1|0|0|9|1|19|47,nibrs_srs_equivalent_annual,12.0,7,HIGHWAY PATROL YREKA AREA OFFICE,state_law_enforcement,0.0,093,,fbi_cde_agency_roster,1.0,1.0,overlap,06:statewide_overlap_layer,16.0,3,3,99.0,77.0,0.0,22.0,same_ori7_different_counts,T1_same_ori7_multiple_ori9
CA04799,CA0479946,CA,06,2022,3.0,3.0,6.0,10.0,0.0,0.0,0.0,22.0,0|0|0|3|3|6|10,nibrs_srs_equivalent_annual,12.0,7,HIGHWAY PATROL MOUNT SHASTA AREA OFFICE,state_law_enforcement,0.0,093,,fbi_cde_agency_roster,1.0,1.0,overlap,06:statewide_overlap_layer,12.0,3,3,99.0,77.0,0.0,22.0,same_ori7_different_counts,T1_same_ori7_multiple_ori9
MA01101,MA0110100,MA,25,2022,9.0,12.0,58.0,4.0,0.0,1.0,1.0,85.0,0|1|1|9|12|58|4,cius_publication_annual,12.0,7,AVON,local_police,4798.0,021,02935,srs_agency_header,1.0,1.0,exclusive,25:municipal:cousub:2502102935,95.0,2,2,107.0,85.0,22.0,22.0,same_ori7_different_counts,T1_same_ori7_multiple_ori9
MA01101,MA011019E,MA,25,2022,0.0,1.0,21.0,0.0,0.0,0.0,0.0,22.0,0|0|0|0|1|21|0,nibrs_srs_equivalent_annual,12.0,7,WELLESLEY HILLS,special_jurisdiction,0.0,021,,fbi_cde_agency_roster,1.0,1.0,overlap,25:statewide_overlap_layer,10.0,2,2,107.0,85.0,22.0,22.0,same_ori7_different_counts,T1_same_ori7_multiple_ori9
MI63187,MI6318700,MI,26,2022,5.0,0.0,12.0,2.0,0.0,3.0,0.0,22.0,0|3|0|5|0|12|2,srs_return_a_annual,12.0,7,OAKLAND TOWNSHIP,unknown,,,,,1.0,1.0,overlap,26:statewide_overlap_layer,41.0,2,1,44.0,22.0,22.0,22.0,identical_7_offense_vector,T1_same_ori7_multiple_ori9
MI63187,MI631870X,MI,26,2022,5.0,0.0,12.0,2.0,0.0,3.0,0.0,22.0,0|3|0|5|0|12|2,nibrs_srs_equivalent_annual,12.0,7,,local_police,20328.0,125,,fbi_cde_agency_roster,1.0,1.0,exclusive,26:municipal:cousub:2612559820,41.0,2,1,44.0,22.0,22.0,22.0,identical_7_offense_vector,T1_same_ori7_multiple_ori9
TN01941,TN0194100,TN,47,2022,10.0,0.0,0.0,0.0,6.0,6.0,0.0,22.0,6|6|0|10|0|0|0,srs_return_a_annual,9.0,0,DEPT OF CORRECTION INT A,special_jurisdiction,,037,52006,srs_agency_header,1.0,1.0,overlap,47:statewide_overlap_layer,62.0,2,1,44.0,22.0,22.0,22.0,identical_7_offense_vector,T1_same_ori7_multiple_ori9
TN01941,TN019410X,TN,47,2022,10.0,0.0,0.0,0.0,6.0,6.0,0.0,22.0,6|6|0|10|0|0|0,nibrs_srs_equivalent_annual,12.0,7,NASHVILLE,unknown,0.0,037,,fbi_cde_agency_roster,1.0,1.0,overlap,47:statewide_overlap_layer,62.0,2,1,44.0,22.0,22.0,22.0,identical_7_offense_vector,T1_same_ori7_multiple_ori9
VA06201,VA0620100,VA,51,2022,1.0,1.0,20.0,0.0,0.0,0.0,0.0,22.0,0|0|0|1|1|20|0,cius_publication_annual,12.0,7,WINTERGREEN,unknown,,125,,leaic_crosswalk,1.0,1.0,exclusive,51:municipal:place:5187008,12.0,2,1,44.0,22.0,22.0,22.0,identical_7_offense_vector,T1_same_ori7_multiple_ori9
VA06201,VA062019P,VA,51,2022,1.0,1.0,20.0,0.0,0.0,0.0,0.0,22.0,0|0|0|1|1|20|0,nibrs_srs_equivalent_annual,12.0,7,,local_police,503.0,125,,fbi_cde_agency_roster,1.0,1.0,overlap,51:statewide_overlap_layer,12.0,2,1,44.0,22.0,22.0,22.0,identical_7_offense_vector,T1_same_ori7_multiple_ori9
IL05814,IL0581400,IL,17,2022,0.0,0.0,17.0,1.0,0.0,2.0,1.0,21.0,0|2|1|0|0|17|1,srs_return_a_annual,10.0,0,MILLIKIN UNIVERSITY,unknown,,,,,1.0,1.0,overlap,17:statewide_overlap_layer,18.46108592090914,2,1,42.0,21.0,21.0,21.0,identical_7_offense_vector,T1_same_ori7_multiple_ori9
IL05814,IL058149E,IL,17,2022,0.0,0.0,17.0,1.0,0.0,2.0,1.0,21.0,0|2|1|0|0|17|1,nibrs_srs_equivalent_annual,12.0,7,DECATUR,special_jurisdiction,0.0,115,,fbi_cde_agency_roster,1.0,1.0,overlap,17:statewide_overlap_layer,11.0,2,1,42.0,21.0,21.0,21.0,identical_7_offense_vector,T1_same_ori7_multiple_ori9
OK05552,OK0555200,OK,40,2022,0.0,4.0,15.0,1.0,0.0,0.0,0.0,20.0,0|0|0|0|4|15|1,srs_return_a_annual,9.0,0,SOUTHERN NAZARENE UNIVER,unknown,,,,,1.0,1.0,overlap,40:statewide_overlap_layer,4.0,2,1,40.0,20.0,20.0,20.0,identical_7_offense_vector,T1_same_ori7_multiple_ori9
OK05552,OK055529E,OK,40,2022,0.0,4.0,15.0,1.0,0.0,0.0,0.0,20.0,0|0|0|0|4|15|1,nibrs_srs_equivalent_annual,12.0,7,,special_jurisdiction,0.0,109,,fbi_cde_agency_roster,1.0,1.0,overlap,40:statewide_overlap_layer,1.0,2,1,40.0,20.0,20.0,20.0,identical_7_offense_vector,T1_same_ori7_multiple_ori9
TX22110,TX2211000,TX,48,2022,0.0,1.0,18.0,0.0,0.0,1.0,0.0,20.0,0|1|0|0|1|18|0,srs_return_a_annual,8.0,0,HARDIN SIMMONS UNIVERSIT,special_jurisdiction,,441,99441,srs_agency_header,1.0,1.0,overlap,48:statewide_overlap_layer,19.921217696265845,2,1,40.0,20.0,20.0,20.0,identical_7_offense_vector,T1_same_ori7_multiple_ori9
TX22110,TX221109E,TX,48,2022,0.0,1.0,18.0,0.0,0.0,1.0,0.0,20.0,0|1|0|0|1|18|0,nibrs_srs_equivalent_annual,12.0,7,ABILENE,special_jurisdiction,0.0,441,,fbi_cde_agency_roster,1.0,1.0,overlap,48:statewide_overlap_layer,16.0,2,1,40.0,20.0,20.0,20.0,identical_7_offense_vector,T1_same_ori7_multiple_ori9
CA02099,CA0209900,CA,06,2022,0.0,0.0,0.0,0.0,0.0,0.0,0.0,0.0,0|0|0|0|0|0|0,srs_return_a_annual,0.0,0,HP MADERA COUNTY,state_law_enforcement,0.0,039,45022,srs_agency_header,1.0,1.0,overlap,06:statewide_overlap_layer,149.33446353209501,3,3,56.0,37.0,0.0,19.0,same_ori7_different_counts,T1_same_ori7_multiple_ori9
CA02099,CA0209950,CA,06,2022,6.0,0.0,7.0,23.0,1.0,0.0,0.0,37.0,1|0|0|6|0|7|23,nibrs_srs_equivalent_annual,12.0,7,HIGHWAY PATROL MADERA AREA OFFICE,state_law_enforcement,0.0,039,,fbi_cde_agency_roster,1.0,1.0,overlap,06:statewide_overlap_layer,86.0,3,3,56.0,37.0,0.0,19.0,same_ori7_different_counts,T1_same_ori7_multiple_ori9
CA02099,CA0209956,CA,06,2022,0.0,0.0,3.0,16.0,0.0,0.0,0.0,19.0,0|0|0|0|0|3|16,nibrs_srs_equivalent_annual,12.0,7,HIGHWAY PATROL OAKHURST AREA OFFICE,state_law_enforcement,0.0,039,,fbi_cde_agency_roster,1.0,1.0,overlap,06:statewide_overlap_layer,50.0,3,3,56.0,37.0,0.0,19.0,same_ori7_different_counts,T1_same_ori7_multiple_ori9
GA05706,GA0570600,GA,13,2022,0.0,0.0,19.0,0.0,0.0,0.0,0.0,19.0,0|0|0|0|0|19|0,srs_return_a_annual,10.0,0,BERRY COLLEGE,special_jurisdiction,,115,53312,srs_agency_header,1.0,1.0,overlap,13:statewide_overlap_layer,26.08825126017836,2,1,38.0,19.0,19.0,19.0,identical_7_offense_vector,T1_same_ori7_multiple_ori9
GA05706,GA057069E,GA,13,2022,0.0,0.0,19.0,0.0,0.0,0.0,0.0,19.0,0|0|0|0|0|19|0,nibrs_srs_equivalent_annual,12.0,7,MOUNT BERRY,special_jurisdiction,0.0,115,,fbi_cde_agency_roster,1.0,1.0,overlap,13:statewide_overlap_layer,17.0,2,1,38.0,19.0,19.0,19.0,identical_7_offense_vector,T1_same_ori7_multiple_ori9
MA01465,MA0146500,MA,25,2022,1.0,4.0,14.0,0.0,0.0,0.0,0.0,19.0,0|0|0|1|4|14|0,srs_return_a_annual,10.0,0,COL OF THE HOLY CROSS,unknown,,,,,1.0,1.0,overlap,25:statewide_overlap_layer,22.799999999999997,2,1,38.0,19.0,19.0,19.0,identical_7_offense_vector,T1_same_ori7_multiple_ori9
MA01465,MA014659E,MA,25,2022,1.0,4.0,14.0,0.0,0.0,0.0,0.0,19.0,0|0|0|1|4|14|0,nibrs_srs_equivalent_annual,12.0,7,WORCESTER,special_jurisdiction,0.0,027,,fbi_cde_agency_roster,1.0,1.0,overlap,25:statewide_overlap_layer,19.0,2,1,38.0,19.0,19.0,19.0,identical_7_offense_vector,T1_same_ori7_multiple_ori9
MA01373,MA0137300,MA,25,2022,0.0,1.0,17.0,0.0,0.0,0.0,0.0,18.0,0|0|0|0|1|17|0,srs_return_a_annual,10.0,0,MCPHS UNIVERSITY,unknown,,,,,1.0,1.0,overlap,25:statewide_overlap_layer,6.0,2,1,36.0,18.0,18.0,18.0,identical_7_offense_vector,T1_same_ori7_multiple_ori9
MA01373,MA013739E,MA,25,2022,0.0,1.0,17.0,0.0,0.0,0.0,0.0,18.0,0|0|0|0|1|17|0,nibrs_srs_equivalent_annual,12.0,7,BOSTON,special_jurisdiction,0.0,025,,fbi_cde_agency_roster,1.0,1.0,overlap,25:statewide_overlap_layer,6.0,2,1,36.0,18.0,18.0,18.0,identical_7_offense_vector,T1_same_ori7_multiple_ori9
MA00958,MA0095800,MA,25,2022,1.0,1.0,13.0,1.0,0.0,1.0,0.0,17.0,0|1|0|1|1|13|1,cius_publication_annual,12.0,7,BENTLEY UNIVERSITY,special_jurisdiction,,017,72600,srs_agency_header,1.0,1.0,overlap,25:statewide_overlap_layer,18.0,2,1,34.0,17.0,17.0,17.0,identical_7_offense_vector,T1_same_ori7_multiple_ori9
MA00958,MA009589E,MA,25,2022,1.0,1.0,13.0,1.0,0.0,1.0,0.0,17.0,0|1|0|1|1|13|1,nibrs_srs_equivalent_annual,12.0,7,WALTHAM,special_jurisdiction,0.0,017,,fbi_cde_agency_roster,1.0,1.0,overlap,25:statewide_overlap_layer,18.0,2,1,34.0,17.0,17.0,17.0,identical_7_offense_vector,T1_same_ori7_multiple_ori9
MA01131,MA0113100,MA,25,2022,0.0,8.0,9.0,0.0,0.0,0.0,0.0,17.0,0|0|0|0|8|9|0,cius_publication_annual,12.0,7,DEAN COLLEGE,special_jurisdiction,,021,25100,srs_agency_header,1.0,1.0,overlap,25:statewide_overlap_layer,4.0,2,1,34.0,17.0,17.0,17.0,identical_7_offense_vector,T1_same_ori7_multiple_ori9
MA01131,MA011319E,MA,25,2022,0.0,8.0,9.0,0.0,0.0,0.0,0.0,17.0,0|0|0|0|8|9|0,nibrs_srs_equivalent_annual,12.0,7,FRANKLIN,special_jurisdiction,0.0,021,,fbi_cde_agency_roster,1.0,1.0,overlap,25:statewide_overlap_layer,4.0,2,1,34.0,17.0,17.0,17.0,identical_7_offense_vector,T1_same_ori7_multiple_ori9
GA04413,GA0441300,GA,13,2022,0.0,0.0,13.0,2.0,0.0,0.0,0.0,15.0,0|0|0|0|0|13|2,cius_publication_annual,12.0,7,AGNES SCOTT COLLEGE,special_jurisdiction,,089,22052,srs_agency_header,1.0,1.0,overlap,13:statewide_overlap_layer,6.0,2,1,30.0,15.0,15.0,15.0,identical_7_offense_vector,T1_same_ori7_multiple_ori9
GA04413,GA044139E,GA,13,2022,0.0,0.0,13.0,2.0,0.0,0.0,0.0,15.0,0|0|0|0|0|13|2,nibrs_srs_equivalent_annual,12.0,7,DECATUR,special_jurisdiction,0.0,089,,fbi_cde_agency_roster,1.0,1.0,overlap,13:statewide_overlap_layer,6.0,2,1,30.0,15.0,15.0,15.0,identical_7_offense_vector,T1_same_ori7_multiple_ori9
MA01339,MA0133900,MA,25,2022,0.0,0.0,14.0,0.0,0.0,1.0,0.0,15.0,0|1|0|0|0|14|0,srs_return_a_annual,8.0,0,TUFTS UNIVERSITY SUFFOLK,special_jurisdiction,,017,07000,srs_agency_header,1.0,1.0,overlap,25:statewide_overlap_layer,18.0,2,1,30.0,15.0,15.0,15.0,identical_7_offense_vector,T1_same_ori7_multiple_ori9
MA01339,MA013390X,MA,25,2022,0.0,0.0,14.0,0.0,0.0,1.0,0.0,15.0,0|1|0|0|0|14|0,nibrs_srs_equivalent_annual,12.0,7,BOSTON,special_jurisdiction,0.0,017,,fbi_cde_agency_roster,1.0,1.0,overlap,25:statewide_overlap_layer,9.0,2,1,30.0,15.0,15.0,15.0,identical_7_offense_vector,T1_same_ori7_multiple_ori9
MA00326,MA0032600,MA,25,2022,0.0,3.0,11.0,0.0,0.0,0.0,0.0,14.0,0|0|0|0|3|11|0,srs_return_a_annual,9.0,0,WHEATON COLLEGE,unknown,,,,,1.0,1.0,overlap,25:statewide_overlap_layer,12.0,2,1,28.0,14.0,14.0,14.0,identical_7_offense_vector,T1_same_ori7_multiple_ori9
MA00326,MA003269E,MA,25,2022,0.0,3.0,11.0,0.0,0.0,0.0,0.0,14.0,0|0|0|0|3|11|0,nibrs_srs_equivalent_annual,12.0,7,NORTON,special_jurisdiction,0.0,005,,fbi_cde_agency_roster,1.0,1.0,overlap,25:statewide_overlap_layer,1.0,2,1,28.0,14.0,14.0,14.0,identical_7_offense_vector,T1_same_ori7_multiple_ori9
MA01470,MA0147000,MA,25,2022,0.0,2.0,12.0,0.0,0.0,0.0,0.0,14.0,0|0|0|0|2|12|0,cius_publication_annual,12.0,7,ASSUMPTION COLLEGE,special_jurisdiction,,027,82000,srs_agency_header,1.0,1.0,overlap,25:statewide_overlap_layer,20.0,2,1,28.0,14.0,14.0,14.0,identical_7_offense_vector,T1_same_ori7_multiple_ori9
MA01470,MA014709E,MA,25,2022,0.0,2.0,12.0,0.0,0.0,0.0,0.0,14.0,0|0|0|0|2|12|0,nibrs_srs_equivalent_annual,12.0,7,WORCESTER,special_jurisdiction,0.0,027,,fbi_cde_agency_roster,1.0,1.0,overlap,25:statewide_overlap_layer,20.0,2,1,28.0,14.0,14.0,14.0,identical_7_offense_vector,T1_same_ori7_multiple_ori9
MI63182,MI6318200,MI,26,2022,0.0,2.0,12.0,0.0,0.0,0.0,0.0,14.0,0|0|0|0|2|12|0,srs_return_a_annual,7.0,0,CLARKSTON,unknown,,,,,1.0,1.0,overlap,26:statewide_overlap_layer,14.0,2,1,28.0,14.0,14.0,14.0,identical_7_offense_vector,T1_same_ori7_multiple_ori9
MI63182,MI631820X,MI,26,2022,0.0,2.0,12.0,0.0,0.0,0.0,0.0,14.0,0|0|0|0|2|12|0,nibrs_srs_equivalent_annual,12.0,7,,local_police,926.0,125,,fbi_cde_agency_roster,1.0,1.0,exclusive,26:municipal:place:2682450,7.0,2,1,28.0,14.0,14.0,14.0,identical_7_offense_vector,T1_same_ori7_multiple_ori9
CA03199,CA0319900,CA,06,2022,0.0,0.0,0.0,0.0,0.0,0.0,0.0,0.0,0|0|0|0|0|0|0,srs_return_a_annual,0.0,0,HP PLACER COUNTY,state_law_enforcement,0.0,061,03204,srs_agency_header,1.0,1.0,overlap,06:statewide_overlap_layer,173.03104681422428,3,3,180.0,167.0,0.0,13.0,same_ori7_different_counts,T1_same_ori7_multiple_ori9
CA03199,CA0319920,CA,06,2022,9.0,0.0,45.0,113.0,0.0,0.0,0.0,167.0,0|0|0|9|0|45|113,nibrs_srs_equivalent_annual,12.0,7,HIGHWAY PATROL AUBURN AREA OFFICE,state_law_enforcement,0.0,061,,fbi_cde_agency_roster,1.0,1.0,overlap,06:statewide_overlap_layer,123.0,3,3,180.0,167.0,0.0,13.0,same_ori7_different_counts,T1_same_ori7_multiple_ori9
CA03199,CA0319921,CA,06,2022,8.0,0.0,1.0,4.0,0.0,0.0,0.0,13.0,0|0|0|8|0|1|4,nibrs_srs_equivalent_annual,12.0,7,,state_law_enforcement,0.0,061,,fbi_cde_agency_roster,1.0,1.0,overlap,06:statewide_overlap_layer,2.5730372578675422,3,3,180.0,167.0,0.0,13.0,same_ori7_different_counts,T1_same_ori7_multiple_ori9
MA00967,MA0096700,MA,25,2022,1.0,0.0,11.0,0.0,0.0,1.0,0.0,13.0,0|1|0|1|0|11|0,cius_publication_annual,12.0,7,LASELL COLLEGE,special_jurisdiction,,017,02830,srs_agency_header,1.0,1.0,overlap,25:statewide_overlap_layer,1.0,2,1,26.0,13.0,13.0,13.0,identical_7_offense_vector,T1_same_ori7_multiple_ori9
MA00967,MA009679E,MA,25,2022,1.0,0.0,11.0,0.0,0.0,1.0,0.0,13.0,0|1|0|1|0|11|0,nibrs_srs_equivalent_annual,12.0,7,AUBURNDALE,special_jurisdiction,0.0,017,,fbi_cde_agency_roster,1.0,1.0,overlap,25:statewide_overlap_layer,1.0,2,1,26.0,13.0,13.0,13.0,identical_7_offense_vector,T1_same_ori7_multiple_ori9
MA01398,MA0139800,MA,25,2022,0.0,0.0,13.0,0.0,0.0,0.0,0.0,13.0,0|0|0|0|0|13|0,cius_publication_annual,12.0,7,EMERSON COLLEGE,special_jurisdiction,,025,07000,srs_agency_header,1.0,1.0,overlap,25:statewide_overlap_layer,2.0,2,1,26.0,13.0,13.0,13.0,identical_7_offense_vector,T1_same_ori7_multiple_ori9
MA01398,MA013989E,MA,25,2022,0.0,0.0,13.0,0.0,0.0,0.0,0.0,13.0,0|0|0|0|0|13|0,nibrs_srs_equivalent_annual,12.0,7,BOSTON,special_jurisdiction,0.0,025,,fbi_cde_agency_roster,1.0,1.0,overlap,25:statewide_overlap_layer,2.0,2,1,26.0,13.0,13.0,13.0,identical_7_offense_vector,T1_same_ori7_multiple_ori9
SC04216,SC0421600,SC,45,2022,2.0,4.0,5.0,0.0,0.0,2.0,0.0,13.0,0|2|0|2|4|5|0,srs_return_a_annual,9.0,0,SPARTANBURG METHODIST CO,special_jurisdiction,,083,99083,srs_agency_header,1.0,1.0,overlap,45:statewide_overlap_layer,26.399999999999995,2,1,26.0,13.0,13.0,13.0,identical_7_offense_vector,T1_same_ori7_multiple_ori9
SC04216,SC042169E,SC,45,2022,2.0,4.0,5.0,0.0,0.0,2.0,0.0,13.0,0|2|0|2|4|5|0,nibrs_srs_equivalent_annual,12.0,7,SPARTANBURG,special_jurisdiction,0.0,083,,fbi_cde_agency_roster,1.0,1.0,overlap,45:statewide_overlap_layer,22.0,2,1,26.0,13.0,13.0,13.0,identical_7_offense_vector,T1_same_ori7_multiple_ori9
CA01399,CA0139900,CA,06,2022,0.0,0.0,0.0,0.0,0.0,0.0,0.0,0.0,0|0|0|0|0|0|0,srs_return_a_annual,0.0,0,HP IMPERIAL COUNTY,state_law_enforcement,0.0,025,21782,srs_agency_header,1.0,1.0,overlap,06:statewide_overlap_layer,61.89317916686093,4,4,67.0,55.0,0.0,12.0,same_ori7_different_counts,T1_same_ori7_multiple_ori9
CA01399,CA0139920,CA,06,2022,1.0,0.0,0.0,10.0,0.0,0.0,0.0,11.0,0|0|0|1|0|0|10,nibrs_srs_equivalent_annual,12.0,7,HIGHWAY PATROL WINTERHAVEN AREA OFFICE,state_law_enforcement,0.0,025,,fbi_cde_agency_roster,1.0,1.0,overlap,06:statewide_overlap_layer,3.0,4,4,67.0,55.0,0.0,12.0,same_ori7_different_counts,T1_same_ori7_multiple_ori9
CA01399,CA0139925,CA,06,2022,3.0,0.0,5.0,46.0,1.0,0.0,0.0,55.0,1|0|0|3|0|5|46,nibrs_srs_equivalent_annual,12.0,7,HIGHWAY PATROL EL CENTRO AREA OFFICE,state_law_enforcement,0.0,025,,fbi_cde_agency_roster,1.0,1.0,overlap,06:statewide_overlap_layer,56.0,4,4,67.0,55.0,0.0,12.0,same_ori7_different_counts,T1_same_ori7_multiple_ori9
CA01399,CA0139926,CA,06,2022,0.0,0.0,0.0,1.0,0.0,0.0,0.0,1.0,0|0|0|0|0|0|1,nibrs_srs_equivalent_annual,12.0,7,,state_law_enforcement,0.0,025,,fbi_cde_agency_roster,1.0,1.0,overlap,06:statewide_overlap_layer,1.0,4,4,67.0,55.0,0.0,12.0,same_ori7_different_counts,T1_same_ori7_multiple_ori9
MA00322,MA0032200,MA,25,2022,0.0,0.0,11.0,0.0,0.0,1.0,0.0,12.0,0|1|0|0|0|11|0,srs_return_a_annual,8.0,0,STONEHILL COLLEGE,unknown,,,,,1.0,1.0,overlap,25:statewide_overlap_layer,12.352722368641416,2,1,24.0,12.0,12.0,12.0,identical_7_offense_vector,T1_same_ori7_multiple_ori9
MA00322,MA003229E,MA,25,2022,0.0,0.0,11.0,0.0,0.0,1.0,0.0,12.0,0|1|0|0|0|11|0,nibrs_srs_equivalent_annual,12.0,7,NORTH EASTON,special_jurisdiction,0.0,005,,fbi_cde_agency_roster,1.0,1.0,overlap,25:statewide_overlap_layer,6.0,2,1,24.0,12.0,12.0,12.0,identical_7_offense_vector,T1_same_ori7_multiple_ori9
MI63180,MI6318000,MI,26,2022,2.0,0.0,9.0,0.0,0.0,1.0,0.0,12.0,0|1|0|2|0|9|0,srs_return_a_annual,11.0,0,ADDISON TOWNSHIP,unknown,,,,,1.0,1.0,overlap,26:statewide_overlap_layer,4.806776004117353,2,1,24.0,12.0,12.0,12.0,identical_7_offense_vector,T1_same_ori7_multiple_ori9
MI63180,MI631800X,MI,26,2022,2.0,0.0,9.0,0.0,0.0,1.0,0.0,12.0,0|1|0|2|0|9|0,nibrs_srs_equivalent_annual,12.0,7,,local_police,6653.0,125,,fbi_cde_agency_roster,1.0,1.0,exclusive,26:state_nonmunicipal_remainder,2.0,2,1,24.0,12.0,12.0,12.0,identical_7_offense_vector,T1_same_ori7_multiple_ori9
MA00542,MA0054200,MA,25,2022,4.0,0.0,6.0,0.0,0.0,1.0,0.0,11.0,0|1|0|4|0|6|0,srs_return_a_annual,9.0,0,ENDICOTT COLLEGE,unknown,,,,,1.0,1.0,overlap,25:statewide_overlap_layer,22.723626427976278,2,1,22.0,11.0,11.0,11.0,identical_7_offense_vector,T1_same_ori7_multiple_ori9
MA00542,MA005429E,MA,25,2022,4.0,0.0,6.0,0.0,0.0,1.0,0.0,11.0,0|1|0|4|0|6|0,nibrs_srs_equivalent_annual,12.0,7,BEVERLY,special_jurisdiction,0.0,009,,fbi_cde_agency_roster,1.0,1.0,overlap,25:statewide_overlap_layer,15.0,2,1,22.0,11.0,11.0,11.0,identical_7_offense_vector,T1_same_ori7_multiple_ori9
MA00560,MA0056000,MA,25,2022,0.0,0.0,11.0,0.0,0.0,0.0,0.0,11.0,0|0|0|0|0|11|0,srs_return_a_annual,7.0,0,GORDON COLLEGE,unknown,,,,,1.0,1.0,overlap,25:statewide_overlap_layer,15.627336179607349,2,1,22.0,11.0,11.0,11.0,identical_7_offense_vector,T1_same_ori7_multiple_ori9
MA00560,MA005609E,MA,25,2022,0.0,0.0,11.0,0.0,0.0,0.0,0.0,11.0,0|0|0|0|0|11|0,nibrs_srs_equivalent_annual,12.0,7,,special_jurisdiction,0.0,009,,fbi_cde_agency_roster,1.0,1.0,overlap,25:statewide_overlap_layer,12.0,2,1,22.0,11.0,11.0,11.0,identical_7_offense_vector,T1_same_ori7_multiple_ori9
NH00301,NH0030100,NH,33,2022,2.0,1.0,4.0,0.0,2.0,2.0,0.0,11.0,2|2|0|2|1|4|0,srs_return_a_annual,12.0,7,SP CHESHIRE COUNTY,state_law_enforcement,,005,99005,srs_agency_header,1.0,1.0,overlap,33:statewide_overlap_layer,25.0,2,1,22.0,11.0,11.0,11.0,identical_7_offense_vector,T1_same_ori7_multiple_ori9
NH00301,NH003010X,NH,33,2022,2.0,1.0,4.0,0.0,2.0,2.0,0.0,11.0,2|2|0|2|1|4|0,nibrs_srs_equivalent_annual,12.0,7,CONCORD,state_law_enforcement,9368.0,005,,fbi_cde_agency_roster,1.0,1.0,overlap,33:statewide_overlap_layer,25.0,2,1,22.0,11.0,11.0,11.0,identical_7_offense_vector,T1_same_ori7_multiple_ori9
AL04901,AL0490100,AL,01,2022,4.0,4.0,42.0,4.0,0.0,1.0,1.0,56.0,0|1|1|4|4|42|4,nibrs_srs_equivalent_annual|srs_return_a_annual,12.0,7,HAMILTON,local_police,6970.0,093,32848,srs_agency_header,1.0,1.0,exclusive,01:municipal:place:0132848,134.0,2,2,66.0,56.0,10.0,10.0,same_ori7_different_counts,T1_same_ori7_multiple_ori9
AL04901,AL049015A,AL,01,2022,0.0,0.0,4.0,0.0,1.0,5.0,0.0,10.0,1|5|0|0|0|4|0,nibrs_srs_equivalent_annual,12.0,7,,unknown,0.0,093,,fbi_cde_agency_roster,1.0,1.0,overlap,01:statewide_overlap_layer,4.0,2,2,66.0,56.0,10.0,10.0,same_ori7_different_counts,T1_same_ori7_multiple_ori9
CA02999,CA0299900,CA,06,2022,0.0,0.0,0.0,0.0,0.0,0.0,0.0,0.0,0|0|0|0|0|0|0,srs_return_a_annual,0.0,0,HP NEVADA COUNTY,state_law_enforcement,0.0,057,80588,srs_agency_header,1.0,1.0,overlap,06:statewide_overlap_layer,92.47168045923104,4,4,101.0,91.0,0.0,10.0,same_ori7_different_counts,T1_same_ori7_multiple_ori9
CA02999,CA0299922,CA,06,2022,0.0,0.0,5.0,4.0,0.0,0.0,0.0,9.0,0|0|0|0|0|5|4,nibrs_srs_equivalent_annual,12.0,7,,state_law_enforcement,0.0,057,,fbi_cde_agency_roster,1.0,1.0,overlap,06:statewide_overlap_layer,3.4535836226170984,4,4,101.0,91.0,0.0,10.0,same_ori7_different_counts,T1_same_ori7_multiple_ori9
CA02999,CA0299923,CA,06,2022,0.0,0.0,1.0,0.0,0.0,0.0,0.0,1.0,0|0|0|0|0|1|0,nibrs_srs_equivalent_annual,12.0,7,,state_law_enforcement,0.0,057,,fbi_cde_agency_roster,1.0,1.0,overlap,06:statewide_overlap_layer,0.8533296316085391,4,4,101.0,91.0,0.0,10.0,same_ori7_different_counts,T1_same_ori7_multiple_ori9
CA02999,CA0299930,CA,06,2022,4.0,0.0,23.0,64.0,0.0,0.0,0.0,91.0,0|0|0|4|0|23|64,nibrs_srs_equivalent_annual,12.0,7,HIGHWAY PATROL GRASS VALLEY AREA OFFICE,state_law_enforcement,0.0,057,,fbi_cde_agency_roster,1.0,1.0,overlap,06:statewide_overlap_layer,67.0,4,4,101.0,91.0,0.0,10.0,same_ori7_different_counts,T1_same_ori7_multiple_ori9
NH01001,NH0100100,NH,33,2022,0.0,2.0,4.0,4.0,0.0,0.0,0.0,10.0,0|0|0|0|2|4|4,srs_return_a_annual,9.0,0,SP SULLIVAN COUNTY,state_law_enforcement,,019,99019,srs_agency_header,1.0,1.0,overlap,33:statewide_overlap_layer,24.39830508474576,2,1,20.0,10.0,10.0,10.0,identical_7_offense_vector,T1_same_ori7_multiple_ori9
NH01001,NH010010X,NH,33,2022,0.0,2.0,4.0,4.0,0.0,0.0,0.0,10.0,0|0|0|0|2|4|4,nibrs_srs_equivalent_annual,11.0,7,CONCORD,state_law_enforcement,2761.0,019,,fbi_cde_agency_roster,1.0,1.0,overlap,33:statewide_overlap_layer,20.0,2,1,20.0,10.0,10.0,10.0,identical_7_offense_vector,T1_same_ori7_multiple_ori9
CA02799,CA0279900,CA,06,2022,0.0,0.0,0.0,0.0,0.0,0.0,0.0,0.0,0|0|0|0|0|0|0,srs_return_a_annual,0.0,0,HP MONTEREY COUNTY,state_law_enforcement,0.0,053,48872,srs_agency_header,1.0,1.0,overlap,06:statewide_overlap_layer,296.6676043376495,3,3,165.0,156.0,0.0,9.0,same_ori7_different_counts,T1_same_ori7_multiple_ori9
CA02799,CA0279930,CA,06,2022,2.0,0.0,58.0,96.0,0.0,0.0,0.0,156.0,0|0|0|2|0|58|96,nibrs_srs_equivalent_annual,12.0,7,HIGHWAY PATROL MONTEREY AREA OFFICE,state_law_enforcement,0.0,051,,fbi_cde_agency_roster,1.0,1.0,overlap,06:statewide_overlap_layer,47.0,3,3,165.0,156.0,0.0,9.0,same_ori7_different_counts,T1_same_ori7_multiple_ori9
CA02799,CA0279935,CA,06,2022,1.0,0.0,1.0,7.0,0.0,0.0,0.0,9.0,0|0|0|1|0|1|7,nibrs_srs_equivalent_annual,12.0,7,HIGHWAY PATROL KING CITY AREA OFFICE,state_law_enforcement,0.0,051,,fbi_cde_agency_roster,1.0,1.0,overlap,06:statewide_overlap_layer,6.0,3,3,165.0,156.0,0.0,9.0,same_ori7_different_counts,T1_same_ori7_multiple_ori9
DE00215,DE0021500,DE,10,2022,0.0,1.0,8.0,0.0,0.0,0.0,0.0,9.0,0|0|0|0|1|8|0,srs_return_a_annual,9.0,0,AMTRAK POLICE,special_jurisdiction,,003,99003,srs_agency_header,1.0,1.0,overlap,10:statewide_overlap_layer,9.0,2,1,18.0,9.0,9.0,9.0,identical_7_offense_vector,T1_same_ori7_multiple_ori9
DE00215,DE002159E,DE,10,2022,0.0,1.0,8.0,0.0,0.0,0.0,0.0,9.0,0|0|0|0|1|8|0,nibrs_srs_equivalent_annual,12.0,7,WILMINGTON,unknown,0.0,003,,fbi_cde_agency_roster,1.0,1.0,overlap,10:statewide_overlap_layer,6.0,2,1,18.0,9.0,9.0,9.0,identical_7_offense_vector,T1_same_ori7_multiple_ori9
IN04935,IN0493500,IN,18,2022,0.0,0.0,9.0,0.0,0.0,0.0,0.0,9.0,0|0|0|0|0|9|0,srs_return_a_annual,5.0,0,MARIAN UNIVERSITY,special_jurisdiction,,097,36000,srs_agency_header,1.0,1.0,overlap,18:statewide_overlap_layer,9.783190210735631,2,1,18.0,9.0,9.0,9.0,identical_7_offense_vector,T1_same_ori7_multiple_ori9
IN04935,IN049359E,IN,18,2022,0.0,0.0,9.0,0.0,0.0,0.0,0.0,9.0,0|0|0|0|0|9|0,nibrs_srs_equivalent_annual,6.0,7,INDIANAPOLIS,special_jurisdiction,0.0,097,,fbi_cde_agency_roster,1.0,1.0,overlap,18:statewide_overlap_layer,2.0,2,1,18.0,9.0,9.0,9.0,identical_7_offense_vector,T1_same_ori7_multiple_ori9
MO07401,MO0740100,MO,29,2022,2.0,0.0,7.0,0.0,0.0,0.0,0.0,9.0,0|0|0|2|0|7|0,srs_return_a_annual,7.0,0,NORTHWEST MO STATE UNIV,special_jurisdiction,,147,46640,srs_agency_header,1.0,1.0,overlap,29:statewide_overlap_layer,28.0,2,1,18.0,9.0,9.0,9.0,identical_7_offense_vector,T1_same_ori7_multiple_ori9
MO07401,MO074015Y,MO,29,2022,2.0,0.0,7.0,0.0,0.0,0.0,0.0,9.0,0|0|0|2|0|7|0,nibrs_srs_equivalent_annual,12.0,7,MARYVILLE,special_jurisdiction,0.0,147,,fbi_cde_agency_roster,1.0,1.0,overlap,29:statewide_overlap_layer,14.0,2,1,18.0,9.0,9.0,9.0,identical_7_offense_vector,T1_same_ori7_multiple_ori9
NH00601,NH0060100,NH,33,2022,7.0,1.0,0.0,0.0,1.0,0.0,0.0,9.0,1|0|0|7|1|0|0,srs_return_a_annual,12.0,7,SP HILLSBOROUGH COUNTY,state_law_enforcement,,011,99011,srs_agency_header,1.0,1.0,overlap,33:statewide_overlap_layer,6.124119557522602,2,1,18.0,9.0,9.0,9.0,identical_7_offense_vector,T1_same_ori7_multiple_ori9
NH00601,NH006010X,NH,33,2022,7.0,1.0,0.0,0.0,1.0,0.0,0.0,9.0,1|0|0|7|1|0|0,nibrs_srs_equivalent_annual,12.0,7,CONCORD,state_law_enforcement,5989.0,011,,fbi_cde_agency_roster,1.0,1.0,overlap,33:statewide_overlap_layer,4.0,2,1,18.0,9.0,9.0,9.0,identical_7_offense_vector,T1_same_ori7_multiple_ori9
CA04599,CA0459900,CA,06,2022,0.0,0.0,0.0,0.0,0.0,0.0,0.0,0.0,0|0|0|0|0|0|0,srs_return_a_annual,0.0,0,HP SHASTA COUNTY,state_law_enforcement,0.0,089,59920,srs_agency_header,1.0,1.0,overlap,06:statewide_overlap_layer,293.5857136657987,3,3,220.0,212.0,0.0,8.0,same_ori7_different_counts,T1_same_ori7_multiple_ori9
CA04599,CA0459901,CA,06,2022,0.0,0.0,4.0,4.0,0.0,0.0,0.0,8.0,0|0|0|0|0|4|4,nibrs_srs_equivalent_annual,12.0,7,,state_law_enforcement,0.0,089,,fbi_cde_agency_roster,1.0,1.0,overlap,06:statewide_overlap_layer,7.0,3,3,220.0,212.0,0.0,8.0,same_ori7_different_counts,T1_same_ori7_multiple_ori9
CA04599,CA0459935,CA,06,2022,0.0,0.0,29.0,183.0,0.0,0.0,0.0,212.0,0|0|0|0|0|29|183,nibrs_srs_equivalent_annual,12.0,7,HIGHWAY PATROL REDDING AREA OFFICE,state_law_enforcement,0.0,089,,fbi_cde_agency_roster,1.0,1.0,overlap,06:statewide_overlap_layer,68.0,3,3,220.0,212.0,0.0,8.0,same_ori7_different_counts,T1_same_ori7_multiple_ori9
CA05680,CA0568000,CA,06,2022,0.0,4.0,8.0,0.0,0.0,0.0,0.0,12.0,0|0|0|0|4|8|0,cius_publication_annual,12.0,7,VENTURA CNTY COM COL DST,special_jurisdiction,,111,82282,srs_agency_header,1.0,1.0,overlap,06:statewide_overlap_layer,30.0,2,2,19.0,12.0,7.0,7.0,same_ori7_different_counts,T1_same_ori7_multiple_ori9
CA05680,CA056800X,CA,06,2022,0.0,3.0,4.0,0.0,0.0,0.0,0.0,7.0,0|0|0|0|3|4|0,nibrs_srs_equivalent_annual,9.0,7,CAMARILLO,special_jurisdiction,0.0,,,,1.0,1.0,overlap,06:statewide_overlap_layer,5.898075525125201,2,2,19.0,12.0,7.0,7.0,same_ori7_different_counts,T1_same_ori7_multiple_ori9
CA05699,CA0569900,CA,06,2022,0.0,0.0,0.0,0.0,0.0,0.0,0.0,0.0,0|0|0|0|0|0|0,srs_return_a_annual,0.0,0,HP VENTURA COUNTY,state_law_enforcement,0.0,111,82282,srs_agency_header,1.0,1.0,overlap,06:statewide_overlap_layer,40.59664328123674,3,3,36.0,29.0,0.0,7.0,same_ori7_different_counts,T1_same_ori7_multiple_ori9
CA05699,CA0569965,CA,06,2022,0.0,0.0,3.0,26.0,0.0,0.0,0.0,29.0,0|0|0|0|0|3|26,nibrs_srs_equivalent_annual,12.0,7,HIGHWAY PATROL VENTURA AREA OFFICE,state_law_enforcement,0.0,111,,fbi_cde_agency_roster,1.0,1.0,overlap,06:statewide_overlap_layer,2.0,3,3,36.0,29.0,0.0,7.0,same_ori7_different_counts,T1_same_ori7_multiple_ori9
CA05699,CA0569970,CA,06,2022,5.0,0.0,0.0,1.0,0.0,1.0,0.0,7.0,0|1|0|5|0|0|1,nibrs_srs_equivalent_annual,12.0,7,,state_law_enforcement,0.0,111,,fbi_cde_agency_roster,1.0,1.0,overlap,06:statewide_overlap_layer,0.7630132436139208,3,3,36.0,29.0,0.0,7.0,same_ori7_different_counts,T1_same_ori7_multiple_ori9
OH07630,OH0763000,OH,39,2022,2.0,2.0,3.0,0.0,0.0,1.0,0.0,8.0,0|1|0|2|2|3|0,nibrs_srs_equivalent_annual,11.0,7,MAGNOLIA,local_police,1014.0,151,46844,srs_agency_header,1.0,1.0,exclusive,39:municipal:place:3946844,2.0,2,2,15.0,8.0,7.0,7.0,near_identical_total_ge_085,T1_same_ori7_multiple_ori9
OH07630,OH076309E,OH,39,2022,0.0,6.0,1.0,0.0,0.0,0.0,0.0,7.0,0|0|0|0|6|1|0,nibrs_srs_equivalent_annual,5.0,7,,special_jurisdiction,0.0,151,,fbi_cde_agency_roster,1.0,1.0,overlap,39:statewide_overlap_layer,10.509872011052439,2,2,15.0,8.0,7.0,7.0,near_identical_total_ge_085,T1_same_ori7_multiple_ori9
MA01464,MA0146400,MA,25,2022,0.0,0.0,3.0,0.0,0.0,0.0,0.0,3.0,0|0|0|0|0|3|0,srs_return_a_annual,1.0,0,TUFTS UNIVERSITY WORCEST,special_jurisdiction,,017,26395,srs_agency_header,1.0,1.0,overlap,25:statewide_overlap_layer,15.0,3,2,47.0,41.0,3.0,6.0,same_ori7_different_counts,T1_same_ori7_multiple_ori9
MA01464,MA014640X,MA,25,2022,0.0,0.0,3.0,0.0,0.0,0.0,0.0,3.0,0|0|0|0|0|3|0,nibrs_srs_equivalent_annual,12.0,7,GRAFTON,special_jurisdiction,0.0,017,,fbi_cde_agency_roster,1.0,1.0,overlap,25:statewide_overlap_layer,5.0,3,2,47.0,41.0,3.0,6.0,same_ori7_different_counts,T1_same_ori7_multiple_ori9
MA01464,MA014649E,MA,25,2022,13.0,2.0,26.0,0.0,0.0,0.0,0.0,41.0,0|0|0|13|2|26|0,nibrs_srs_equivalent_annual,12.0,7,WORCESTER,special_jurisdiction,0.0,027,,fbi_cde_agency_roster,1.0,1.0,overlap,25:statewide_overlap_layer,25.0,3,2,47.0,41.0,3.0,6.0,same_ori7_different_counts,T1_same_ori7_multiple_ori9
MA01140,MA0114000,MA,25,2022,0.0,1.0,4.0,0.0,0.0,0.0,0.0,5.0,0|0|0|0|1|4|0,srs_return_a_annual,6.0,0,CURRY COLLEGE,unknown,,,,,1.0,1.0,overlap,25:statewide_overlap_layer,31.5,2,1,10.0,5.0,5.0,5.0,identical_7_offense_vector,T1_same_ori7_multiple_ori9
MA01140,MA011409E,MA,25,2022,0.0,1.0,4.0,0.0,0.0,0.0,0.0,5.0,0|0|0|0|1|4|0,nibrs_srs_equivalent_annual,12.0,7,MILTON,special_jurisdiction,0.0,021,,fbi_cde_agency_roster,1.0,1.0,overlap,25:statewide_overlap_layer,21.0,2,1,10.0,5.0,5.0,5.0,identical_7_offense_vector,T1_same_ori7_multiple_ori9
NH00201,NH0020100,NH,33,2022,1.0,2.0,0.0,1.0,1.0,0.0,0.0,5.0,1|0|0|1|2|0|1,srs_return_a_annual,9.0,0,SP CARROLL COUNTY,state_law_enforcement,,003,99003,srs_agency_header,1.0,1.0,overlap,33:statewide_overlap_layer,10.793125365930592,2,1,10.0,5.0,5.0,5.0,identical_7_offense_vector,T1_same_ori7_multiple_ori9
NH00201,NH002010X,NH,33,2022,1.0,2.0,0.0,1.0,1.0,0.0,0.0,5.0,1|0|0|1|2|0|1,nibrs_srs_equivalent_annual,12.0,7,CONCORD,state_law_enforcement,0.0,003,,fbi_cde_agency_roster,1.0,1.0,overlap,33:statewide_overlap_layer,4.0,2,1,10.0,5.0,5.0,5.0,identical_7_offense_vector,T1_same_ori7_multiple_ori9
SC02699,SC0269900,SC,45,2022,0.0,1.0,4.0,0.0,0.0,0.0,0.0,5.0,0|0|0|0|1|4|0,srs_return_a_annual,4.0,0,DHEC HORRY COUNTY,unknown,,,,,1.0,1.0,overlap,45:statewide_overlap_layer,12.0,2,1,10.0,5.0,5.0,5.0,identical_7_offense_vector,T1_same_ori7_multiple_ori9
SC02699,SC026990X,SC,45,2022,0.0,1.0,4.0,0.0,0.0,0.0,0.0,5.0,0|0|0|0|1|4|0,nibrs_srs_equivalent_annual,12.0,7,,unknown,0.0,051,,fbi_cde_agency_roster,1.0,1.0,overlap,45:statewide_overlap_layer,1.0,2,1,10.0,5.0,5.0,5.0,identical_7_offense_vector,T1_same_ori7_multiple_ori9
CA00999,CA0099900,CA,06,2022,0.0,0.0,0.0,0.0,0.0,0.0,0.0,0.0,0|0|0|0|0|0|0,srs_return_a_annual,0.0,0,HP EL DORADO COUNTY,state_law_enforcement,0.0,017,57540,srs_agency_header,1.0,1.0,overlap,06:statewide_overlap_layer,117.01693486286061,3,3,221.0,217.0,0.0,4.0,same_ori7_different_counts,T1_same_ori7_multiple_ori9
CA00999,CA0099945,CA,06,2022,3.0,0.0,102.0,112.0,0.0,0.0,0.0,217.0,0|0|0|3|0|102|112,nibrs_srs_equivalent_annual,12.0,7,HIGHWAY PATROL PLACERVILLE AREA OFFICE,state_law_enforcement,0.0,017,,fbi_cde_agency_roster,1.0,1.0,overlap,06:statewide_overlap_layer,136.0,3,3,221.0,217.0,0.0,4.0,same_ori7_different_counts,T1_same_ori7_multiple_ori9
CA00999,CA0099946,CA,06,2022,0.0,0.0,2.0,1.0,1.0,0.0,0.0,4.0,1|0|0|0|0|2|1,nibrs_srs_equivalent_annual,12.0,7,HIGHWAY PATROL SOUTH LAKE TAHOE AREA OFFICE,state_law_enforcement,0.0,017,,fbi_cde_agency_roster,1.0,1.0,overlap,06:statewide_overlap_layer,13.0,3,3,221.0,217.0,0.0,4.0,same_ori7_different_counts,T1_same_ori7_multiple_ori9
GA06036,GA0603600,GA,13,2022,0.0,1.0,3.0,0.0,0.0,0.0,0.0,4.0,0|0|0|0|1|3|0,cius_publication_annual,12.0,7,SPELMAN COLLEGE,special_jurisdiction,,121,04000,srs_agency_header,1.0,1.0,overlap,13:statewide_overlap_layer,8.0,2,1,8.0,4.0,4.0,4.0,identical_7_offense_vector,T1_same_ori7_multiple_ori9
GA06036,GA060369E,GA,13,2022,0.0,1.0,3.0,0.0,0.0,0.0,0.0,4.0,0|0|0|0|1|3|0,nibrs_srs_equivalent_annual,12.0,7,ATLANTA,special_jurisdiction,0.0,121,,fbi_cde_agency_roster,1.0,1.0,overlap,13:statewide_overlap_layer,8.0,2,1,8.0,4.0,4.0,4.0,identical_7_offense_vector,T1_same_ori7_multiple_ori9
MA01352,MA0135200,MA,25,2022,1.0,0.0,3.0,0.0,0.0,0.0,0.0,4.0,0|0|0|1|0|3|0,srs_return_a_annual,9.0,0,MASS GENERAL HOSPITAL,unknown,,,,,1.0,1.0,overlap,25:statewide_overlap_layer,190.41710694937117,2,1,8.0,4.0,4.0,4.0,identical_7_offense_vector,T1_same_ori7_multiple_ori9
MA01352,MA013529E,MA,25,2022,1.0,0.0,3.0,0.0,0.0,0.0,0.0,4.0,0|0|0|1|0|3|0,nibrs_srs_equivalent_annual,10.0,7,,unknown,0.0,025,,fbi_cde_agency_roster,1.0,1.0,overlap,25:statewide_overlap_layer,41.02614949539808,2,1,8.0,4.0,4.0,4.0,identical_7_offense_vector,T1_same_ori7_multiple_ori9
SC02399,SC0239900,SC,45,2022,0.0,0.0,4.0,0.0,0.0,0.0,0.0,4.0,0|0|0|0|0|4|0,srs_return_a_annual,4.0,0,DEPARTMENT OF HEALTH AND,unknown,,,,,1.0,1.0,overlap,45:statewide_overlap_layer,,2,1,8.0,4.0,4.0,4.0,identical_7_offense_vector,T1_same_ori7_multiple_ori9
SC02399,SC023990X,SC,45,2022,0.0,0.0,4.0,0.0,0.0,0.0,0.0,4.0,0|0|0|0|0|4|0,nibrs_srs_equivalent_annual,11.0,7,,unknown,0.0,045,,fbi_cde_agency_roster,1.0,1.0,overlap,45:statewide_overlap_layer,4.611874894662076,2,1,8.0,4.0,4.0,4.0,identical_7_offense_vector,T1_same_ori7_multiple_ori9
SC04699,SC0469900,SC,45,2022,0.0,0.0,4.0,0.0,0.0,0.0,0.0,4.0,0|0|0|0|0|4|0,srs_return_a_annual,4.0,0,DEPT OF HEALTH ENV CON,unknown,,,,,1.0,1.0,overlap,45:statewide_overlap_layer,,2,1,8.0,4.0,4.0,4.0,identical_7_offense_vector,T1_same_ori7_multiple_ori9
SC04699,SC046990X,SC,45,2022,0.0,0.0,4.0,0.0,0.0,0.0,0.0,4.0,0|0|0|0|0|4|0,nibrs_srs_equivalent_annual,10.0,7,,unknown,0.0,091,,fbi_cde_agency_roster,1.0,1.0,overlap,45:statewide_overlap_layer,3.660848758930788,2,1,8.0,4.0,4.0,4.0,identical_7_offense_vector,T1_same_ori7_multiple_ori9
TN01958,TN0195800,TN,47,2022,0.0,0.0,4.0,0.0,0.0,0.0,0.0,4.0,0|0|0|0|0|4|0,srs_return_a_annual,2.0,0,DEPT OF AGRICULTURE AGR,unknown,,,,,1.0,1.0,overlap,47:statewide_overlap_layer,17.142857142857142,2,1,8.0,4.0,4.0,4.0,identical_7_offense_vector,T1_same_ori7_multiple_ori9
TN01958,TN019580X,TN,47,2022,0.0,0.0,4.0,0.0,0.0,0.0,0.0,4.0,0|0|0|0|0|4|0,nibrs_srs_equivalent_annual,4.0,7,,unknown,0.0,037,,fbi_cde_agency_roster,1.0,1.0,overlap,47:statewide_overlap_layer,10.0,2,1,8.0,4.0,4.0,4.0,identical_7_offense_vector,T1_same_ori7_multiple_ori9
CA04399,CA0439900,CA,06,2022,0.0,0.0,0.0,0.0,0.0,0.0,0.0,0.0,0|0|0|0|0|0|0,srs_return_a_annual,0.0,0,HP SANTA CLARA COUNTY,state_law_enforcement,0.0,085,68000,srs_agency_header,1.0,1.0,overlap,06:statewide_overlap_layer,88.2151328035369,3,3,46.0,43.0,0.0,3.0,same_ori7_different_counts,T1_same_ori7_multiple_ori9
CA04399,CA0439925,CA,06,2022,0.0,0.0,1.0,2.0,0.0,0.0,0.0,3.0,0|0|0|0|0|1|2,nibrs_srs_equivalent_annual,12.0,7,HIGHWAY PATROL HOLLISTER GILROY AREA OFFICE,state_law_enforcement,0.0,085,,fbi_cde_agency_roster,1.0,1.0,overlap,06:statewide_overlap_layer,20.0,3,3,46.0,43.0,0.0,3.0,same_ori7_different_counts,T1_same_ori7_multiple_ori9
CA04399,CA0439940,CA,06,2022,0.0,0.0,11.0,32.0,0.0,0.0,0.0,43.0,0|0|0|0|0|11|32,nibrs_srs_equivalent_annual,12.0,7,HIGHWAY PATROL SAN JOSE AREA OFFICE,state_law_enforcement,0.0,085,,fbi_cde_agency_roster,1.0,1.0,overlap,06:statewide_overlap_layer,38.0,3,3,46.0,43.0,0.0,3.0,same_ori7_different_counts,T1_same_ori7_multiple_ori9
NH00801,NH0080100,NH,33,2022,2.0,0.0,0.0,1.0,0.0,0.0,0.0,3.0,0|0|0|2|0|0|1,srs_return_a_annual,6.0,0,SP ROCKINGHAM COUNTY,state_law_enforcement,,015,99015,srs_agency_header,1.0,1.0,overlap,33:statewide_overlap_layer,15.272727272727272,2,1,6.0,3.0,3.0,3.0,identical_7_offense_vector,T1_same_ori7_multiple_ori9
NH00801,NH008010X,NH,33,2022,2.0,0.0,0.0,1.0,0.0,0.0,0.0,3.0,0|0|0|2|0|0|1,nibrs_srs_equivalent_annual,12.0,7,CONCORD,state_law_enforcement,0.0,015,,fbi_cde_agency_roster,1.0,1.0,overlap,33:statewide_overlap_layer,14.0,2,1,6.0,3.0,3.0,3.0,identical_7_offense_vector,T1_same_ori7_multiple_ori9
OH07634,OH0763400,OH,39,2022,0.0,0.0,3.0,0.0,0.0,0.0,0.0,3.0,0|0|0|0|0|3|0,srs_return_a_annual,2.0,0,MALONE UNIVERSITY,unknown,,,,,1.0,1.0,overlap,39:statewide_overlap_layer,,2,1,6.0,3.0,3.0,3.0,identical_7_offense_vector,T1_same_ori7_multiple_ori9
OH07634,OH076349E,OH,39,2022,0.0,0.0,3.0,0.0,0.0,0.0,0.0,3.0,0|0|0|0|0|3|0,nibrs_srs_equivalent_annual,2.0,7,,special_jurisdiction,0.0,151,,fbi_cde_agency_roster,1.0,1.0,overlap,39:statewide_overlap_layer,2.6740990522594257,2,1,6.0,3.0,3.0,3.0,identical_7_offense_vector,T1_same_ori7_multiple_ori9
OK05601,OK0560100,OK,40,2022,9.0,45.0,47.0,17.0,0.0,1.0,0.0,119.0,0|1|0|9|45|47|17,cius_publication_annual,12.0,7,HENRYETTA,local_police,5628.0,111,33750,srs_agency_header,1.0,1.0,exclusive,40:municipal:place:4033750,84.0,2,2,122.0,119.0,3.0,3.0,same_ori7_different_counts,T1_same_ori7_multiple_ori9
OK05601,OK056013C,OK,40,2022,3.0,0.0,0.0,0.0,0.0,0.0,0.0,3.0,0|0|0|3|0|0|0,nibrs_srs_equivalent_annual,12.0,7,,unknown,0.0,111,,fbi_cde_agency_roster,1.0,1.0,overlap,40:statewide_overlap_layer,13.0,2,2,122.0,119.0,3.0,3.0,same_ori7_different_counts,T1_same_ori7_multiple_ori9
TN01305,TN0130500,TN,47,2022,0.0,1.0,1.0,0.0,0.0,1.0,0.0,3.0,0|1|0|0|1|1|0,srs_return_a_annual,4.0,0,LINCOLN MEMORIAL UNIVERS,unknown,,,,,1.0,1.0,overlap,47:statewide_overlap_layer,7.199999999999999,2,1,6.0,3.0,3.0,3.0,identical_7_offense_vector,T1_same_ori7_multiple_ori9
TN01305,TN013059E,TN,47,2022,0.0,1.0,1.0,0.0,0.0,1.0,0.0,3.0,0|1|0|0|1|1|0,nibrs_srs_equivalent_annual,6.0,7,HARROGATE,special_jurisdiction,0.0,025,,fbi_cde_agency_roster,1.0,1.0,overlap,47:statewide_overlap_layer,3.0,2,1,6.0,3.0,3.0,3.0,identical_7_offense_vector,T1_same_ori7_multiple_ori9
MA00704,MA0070400,MA,25,2022,0.0,0.0,2.0,0.0,0.0,0.0,0.0,2.0,0|0|0|0|0|2|0,cius_publication_annual,12.0,7,CHESTER,local_police,1388.0,013,13485,srs_agency_header,1.0,1.0,exclusive,25:municipal:cousub:2501313485,0.0,2,2,10.0,8.0,2.0,2.0,same_ori7_different_counts,T1_same_ori7_multiple_ori9
MA00704,MA007049E,MA,25,2022,0.0,8.0,0.0,0.0,0.0,0.0,0.0,8.0,0|0|0|0|8|0|0,nibrs_srs_equivalent_annual,12.0,7,SPRINGFIELD,special_jurisdiction,0.0,013,,fbi_cde_agency_roster,1.0,1.0,overlap,25:statewide_overlap_layer,13.0,2,2,10.0,8.0,2.0,2.0,same_ori7_different_counts,T1_same_ori7_multiple_ori9
OK03601,OK0360100,OK,40,2022,19.0,23.0,74.0,8.0,0.0,8.0,0.0,132.0,0|8|0|19|23|74|8,cius_publication_annual,12.0,7,BLACKWELL,local_police,6684.0,071,06600,srs_agency_header,1.0,1.0,exclusive,40:municipal:place:4006600,157.0,2,2,134.0,132.0,2.0,2.0,same_ori7_different_counts,T1_same_ori7_multiple_ori9
OK03601,OK036015A,OK,40,2022,1.0,0.0,1.0,0.0,0.0,0.0,0.0,2.0,0|0|0|1|0|1|0,nibrs_srs_equivalent_annual,12.0,7,,unknown,0.0,071,,fbi_cde_agency_roster,1.0,1.0,overlap,40:statewide_overlap_layer,2.0,2,2,134.0,132.0,2.0,2.0,same_ori7_different_counts,T1_same_ori7_multiple_ori9
SC01099,SC0109900,SC,45,2022,0.0,0.0,2.0,0.0,0.0,0.0,0.0,2.0,0|0|0|0|0|2|0,srs_return_a_annual,2.0,0,DEPARTMENT OF HEALTH AND,unknown,,,,,1.0,1.0,overlap,45:statewide_overlap_layer,12.0,2,1,4.0,2.0,2.0,2.0,identical_7_offense_vector,T1_same_ori7_multiple_ori9
SC01099,SC010990X,SC,45,2022,0.0,0.0,2.0,0.0,0.0,0.0,0.0,2.0,0|0|0|0|0|2|0,nibrs_srs_equivalent_annual,7.0,7,,unknown,0.0,019,,fbi_cde_agency_roster,1.0,1.0,overlap,45:statewide_overlap_layer,1.0,2,1,4.0,2.0,2.0,2.0,identical_7_offense_vector,T1_same_ori7_multiple_ori9
SC02899,SC0289900,SC,45,2022,0.0,0.0,2.0,0.0,0.0,0.0,0.0,2.0,0|0|0|0|0|2|0,srs_return_a_annual,2.0,0,DEPARTMENT OF HEALTH AND,unknown,,,,,1.0,1.0,overlap,45:statewide_overlap_layer,,2,1,4.0,2.0,2.0,2.0,identical_7_offense_vector,T1_same_ori7_multiple_ori9
SC02899,SC028990X,SC,45,2022,0.0,0.0,2.0,0.0,0.0,0.0,0.0,2.0,0|0|0|0|0|2|0,nibrs_srs_equivalent_annual,2.0,7,,unknown,0.0,055,,fbi_cde_agency_roster,1.0,1.0,overlap,45:statewide_overlap_layer,1.7751697337859567,2,1,4.0,2.0,2.0,2.0,identical_7_offense_vector,T1_same_ori7_multiple_ori9
SC03299,SC0329900,SC,45,2022,0.0,0.0,2.0,0.0,0.0,0.0,0.0,2.0,0|0|0|0|0|2|0,srs_return_a_annual,2.0,0,DEPARTMENT OF HEALTH AND,unknown,,,,,1.0,1.0,overlap,45:statewide_overlap_layer,,2,1,4.0,2.0,2.0,2.0,identical_7_offense_vector,T1_same_ori7_multiple_ori9
SC03299,SC032990X,SC,45,2022,0.0,0.0,2.0,0.0,0.0,0.0,0.0,2.0,0|0|0|0|0|2|0,nibrs_srs_equivalent_annual,8.0,7,,unknown,0.0,063,,fbi_cde_agency_roster,1.0,1.0,overlap,45:statewide_overlap_layer,2.7671249367972455,2,1,4.0,2.0,2.0,2.0,identical_7_offense_vector,T1_same_ori7_multiple_ori9
SC03999,SC0399900,SC,45,2022,0.0,0.0,2.0,0.0,0.0,0.0,0.0,2.0,0|0|0|0|0|2|0,srs_return_a_annual,2.0,0,DEPARTMENT OF HEALTH AND,unknown,,,,,1.0,1.0,overlap,45:statewide_overlap_layer,,2,1,4.0,2.0,2.0,2.0,identical_7_offense_vector,T1_same_ori7_multiple_ori9
SC03999,SC039990X,SC,45,2022,0.0,0.0,2.0,0.0,0.0,0.0,0.0,2.0,0|0|0|0|0|2|0,nibrs_srs_equivalent_annual,6.0,7,,unknown,0.0,077,,fbi_cde_agency_roster,1.0,1.0,overlap,45:statewide_overlap_layer,3.6894999157296606,2,1,4.0,2.0,2.0,2.0,identical_7_offense_vector,T1_same_ori7_multiple_ori9
SC04099,SC0409900,SC,45,2022,0.0,0.0,2.0,0.0,0.0,0.0,0.0,2.0,0|0|0|0|0|2|0,srs_return_a_annual,2.0,0,DEPARTMENT OF HEALTH AND,unknown,,,,,1.0,1.0,overlap,45:statewide_overlap_layer,12.0,2,1,4.0,2.0,2.0,2.0,identical_7_offense_vector,T1_same_ori7_multiple_ori9
SC04099,SC040990X,SC,45,2022,0.0,0.0,2.0,0.0,0.0,0.0,0.0,2.0,0|0|0|0|0|2|0,nibrs_srs_equivalent_annual,5.0,7,,unknown,0.0,079,,fbi_cde_agency_roster,1.0,1.0,overlap,45:statewide_overlap_layer,2.0,2,1,4.0,2.0,2.0,2.0,identical_7_offense_vector,T1_same_ori7_multiple_ori9
MA00826,MA0082600,MA,25,2022,0.0,1.0,0.0,0.0,0.0,0.0,0.0,1.0,0|0|0|0|1|0|0,cius_publication_annual,12.0,7,SMITH COLLEGE,special_jurisdiction,,015,64110,srs_agency_header,1.0,1.0,overlap,25:statewide_overlap_layer,7.0,2,1,2.0,1.0,1.0,1.0,identical_7_offense_vector,T1_same_ori7_multiple_ori9
MA00826,MA008269E,MA,25,2022,0.0,1.0,0.0,0.0,0.0,0.0,0.0,1.0,0|0|0|0|1|0|0,nibrs_srs_equivalent_annual,12.0,7,SOUTH HADLEY,special_jurisdiction,0.0,015,,fbi_cde_agency_roster,1.0,1.0,overlap,25:statewide_overlap_layer,7.0,2,1,2.0,1.0,1.0,1.0,identical_7_offense_vector,T1_same_ori7_multiple_ori9
NH00101,NH0010100,NH,33,2022,0.0,1.0,0.0,0.0,0.0,0.0,0.0,1.0,0|0|0|0|1|0|0,srs_return_a_annual,2.0,0,SP BELKNAP COUNTY,state_law_enforcement,,001,99001,srs_agency_header,1.0,1.0,overlap,33:statewide_overlap_layer,,2,1,2.0,1.0,1.0,1.0,identical_7_offense_vector,T1_same_ori7_multiple_ori9
NH00101,NH001010X,NH,33,2022,0.0,1.0,0.0,0.0,0.0,0.0,0.0,1.0,0|0|0|0|1|0|0,nibrs_srs_equivalent_annual,11.0,7,CONCORD,state_law_enforcement,0.0,001,,fbi_cde_agency_roster,1.0,1.0,overlap,33:statewide_overlap_layer,1.061665469212516,2,1,2.0,1.0,1.0,1.0,identical_7_offense_vector,T1_same_ori7_multiple_ori9
SC00499,SC0049900,SC,45,2022,0.0,0.0,1.0,0.0,0.0,0.0,0.0,1.0,0|0|0|0|0|1|0,srs_return_a_annual,1.0,0,DEPARTMENT OF HEALTH AND,unknown,,,,,1.0,1.0,overlap,45:statewide_overlap_layer,,2,1,2.0,1.0,1.0,1.0,identical_7_offense_vector,T1_same_ori7_multiple_ori9
SC00499,SC004990X,SC,45,2022,0.0,0.0,1.0,0.0,0.0,0.0,0.0,1.0,0|0|0|0|0|1|0,nibrs_srs_equivalent_annual,3.0,7,,unknown,0.0,007,,fbi_cde_agency_roster,1.0,1.0,overlap,45:statewide_overlap_layer,2.7671249367972455,2,1,2.0,1.0,1.0,1.0,identical_7_offense_vector,T1_same_ori7_multiple_ori9
SC00799,SC0079900,SC,45,2022,0.0,0.0,1.0,0.0,0.0,0.0,0.0,1.0,0|0|0|0|0|1|0,srs_return_a_annual,1.0,0,DEPARTMENT OF HEALTH AND,unknown,,,,,1.0,1.0,overlap,45:statewide_overlap_layer,,2,1,2.0,1.0,1.0,1.0,identical_7_offense_vector,T1_same_ori7_multiple_ori9
SC00799,SC007990X,SC,45,2022,0.0,0.0,1.0,0.0,0.0,0.0,0.0,1.0,0|0|0|0|0|1|0,nibrs_srs_equivalent_annual,2.0,7,,unknown,0.0,013,,fbi_cde_agency_roster,1.0,1.0,overlap,45:statewide_overlap_layer,0.8875848668929783,2,1,2.0,1.0,1.0,1.0,identical_7_offense_vector,T1_same_ori7_multiple_ori9
SC01199,SC0119900,SC,45,2022,0.0,0.0,1.0,0.0,0.0,0.0,0.0,1.0,0|0|0|0|0|1|0,srs_return_a_annual,1.0,0,DEPARTMENT OF HEALTH AND,unknown,,,,,1.0,1.0,overlap,45:statewide_overlap_layer,,2,1,2.0,1.0,1.0,1.0,identical_7_offense_vector,T1_same_ori7_multiple_ori9
SC01199,SC011990X,SC,45,2022,0.0,0.0,1.0,0.0,0.0,0.0,0.0,1.0,0|0|0|0|0|1|0,nibrs_srs_equivalent_annual,1.0,7,,unknown,0.0,021,,fbi_cde_agency_roster,1.0,1.0,overlap,45:statewide_overlap_layer,1.8447499578648303,2,1,2.0,1.0,1.0,1.0,identical_7_offense_vector,T1_same_ori7_multiple_ori9
SC01899,SC0189900,SC,45,2022,0.0,0.0,1.0,0.0,0.0,0.0,0.0,1.0,0|0|0|0|0|1|0,srs_return_a_annual,1.0,0,DEPARTMENT OF HEALTH AND,unknown,,,,,1.0,1.0,overlap,45:statewide_overlap_layer,6.0,2,1,2.0,1.0,1.0,1.0,identical_7_offense_vector,T1_same_ori7_multiple_ori9
SC01899,SC018990X,SC,45,2022,0.0,0.0,1.0,0.0,0.0,0.0,0.0,1.0,0|0|0|0|0|1|0,nibrs_srs_equivalent_annual,4.0,7,,unknown,0.0,035,,fbi_cde_agency_roster,1.0,1.0,overlap,45:statewide_overlap_layer,1.0,2,1,2.0,1.0,1.0,1.0,identical_7_offense_vector,T1_same_ori7_multiple_ori9
SC02199,SC0219900,SC,45,2022,0.0,0.0,1.0,0.0,0.0,0.0,0.0,1.0,0|0|0|0|0|1|0,srs_return_a_annual,1.0,0,DEPT OF HEALTH ENV CON,unknown,,,,,1.0,1.0,overlap,45:statewide_overlap_layer,,2,1,2.0,1.0,1.0,1.0,identical_7_offense_vector,T1_same_ori7_multiple_ori9
SC02199,SC021990X,SC,45,2022,0.0,0.0,1.0,0.0,0.0,0.0,0.0,1.0,0|0|0|0|0|1|0,nibrs_srs_equivalent_annual,6.0,7,,unknown,0.0,041,,fbi_cde_agency_roster,1.0,1.0,overlap,45:statewide_overlap_layer,0.6329931618554514,2,1,2.0,1.0,1.0,1.0,identical_7_offense_vector,T1_same_ori7_multiple_ori9
SC03228,SC0322800,SC,45,2022,0.0,0.0,1.0,0.0,0.0,0.0,0.0,1.0,0|0|0|0|0|1|0,srs_return_a_annual,1.0,0,ATLANTIC RAILWAYS,unknown,,,,,1.0,1.0,overlap,45:statewide_overlap_layer,,2,1,2.0,1.0,1.0,1.0,identical_7_offense_vector,T1_same_ori7_multiple_ori9
SC03228,SC032289E,SC,45,2022,0.0,0.0,1.0,0.0,0.0,0.0,0.0,1.0,0|0|0|0|0|1|0,nibrs_srs_equivalent_annual,12.0,7,,unknown,0.0,063,,fbi_cde_agency_roster,1.0,1.0,overlap,45:statewide_overlap_layer,0.8875848668929783,2,1,2.0,1.0,1.0,1.0,identical_7_offense_vector,T1_same_ori7_multiple_ori9
SC03499,SC0349900,SC,45,2022,0.0,0.0,1.0,0.0,0.0,0.0,0.0,1.0,0|0|0|0|0|1|0,srs_return_a_annual,1.0,0,DEPARTMENT OF HEALTH AND,unknown,,,,,1.0,1.0,overlap,45:statewide_overlap_layer,,2,1,2.0,1.0,1.0,1.0,identical_7_offense_vector,T1_same_ori7_multiple_ori9
SC03499,SC034990X,SC,45,2022,0.0,0.0,1.0,0.0,0.0,0.0,0.0,1.0,0|0|0|0|0|1|0,nibrs_srs_equivalent_annual,2.0,7,,unknown,0.0,067,,fbi_cde_agency_roster,1.0,1.0,overlap,45:statewide_overlap_layer,0.9223749789324152,2,1,2.0,1.0,1.0,1.0,identical_7_offense_vector,T1_same_ori7_multiple_ori9
SC04299,SC0429900,SC,45,2022,0.0,0.0,1.0,0.0,0.0,0.0,0.0,1.0,0|0|0|0|0|1|0,srs_return_a_annual,1.0,0,DEPARTMENT OF HEALTH AND,unknown,,,,,1.0,1.0,overlap,45:statewide_overlap_layer,,2,1,2.0,1.0,1.0,1.0,identical_7_offense_vector,T1_same_ori7_multiple_ori9
SC04299,SC042990X,SC,45,2022,0.0,0.0,1.0,0.0,0.0,0.0,0.0,1.0,0|0|0|0|0|1|0,nibrs_srs_equivalent_annual,1.0,7,,unknown,0.0,083,,fbi_cde_agency_roster,1.0,1.0,overlap,45:statewide_overlap_layer,0.8875848668929783,2,1,2.0,1.0,1.0,1.0,identical_7_offense_vector,T1_same_ori7_multiple_ori9
SC04399,SC0439900,SC,45,2022,0.0,0.0,1.0,0.0,0.0,0.0,0.0,1.0,0|0|0|0|0|1|0,srs_return_a_annual,1.0,0,DEPT OF HEALTH ENV CON,unknown,,,,,1.0,1.0,overlap,45:statewide_overlap_layer,,2,1,2.0,1.0,1.0,1.0,identical_7_offense_vector,T1_same_ori7_multiple_ori9
SC04399,SC043990X,SC,45,2022,0.0,0.0,1.0,0.0,0.0,0.0,0.0,1.0,0|0|0|0|0|1|0,nibrs_srs_equivalent_annual,5.0,7,,unknown,0.0,085,,fbi_cde_agency_roster,1.0,1.0,overlap,45:statewide_overlap_layer,0.9999999999999993,2,1,2.0,1.0,1.0,1.0,identical_7_offense_vector,T1_same_ori7_multiple_ori9
TX12923,TX1292300,TX,48,2022,0.0,0.0,0.0,1.0,0.0,0.0,0.0,1.0,0|0|0|0|0|0|1,srs_return_a_annual,1.0,0,SOUTHWESTERN CHRISTIAN C,unknown,0.0,257,,fbi_cde_agency_roster,1.0,1.0,overlap,48:statewide_overlap_layer,25.0,2,1,2.0,1.0,1.0,1.0,identical_7_offense_vector,T1_same_ori7_multiple_ori9
TX12923,TX129239E,TX,48,2022,0.0,0.0,0.0,1.0,0.0,0.0,0.0,1.0,0|0|0|0|0|0|1,nibrs_srs_equivalent_annual,12.0,7,,special_jurisdiction,0.0,257,,fbi_cde_agency_roster,1.0,1.0,overlap,48:statewide_overlap_layer,1.0177323965020473,2,1,2.0,1.0,1.0,1.0,identical_7_offense_vector,T1_same_ori7_multiple_ori9
VA09404,VA0940400,VA,51,2022,0.0,0.0,0.0,0.0,0.0,1.0,0.0,1.0,0|1|0|0|0|0|0,cius_publication_annual,12.0,7,EMORY AND HENRY COLLEGE,special_jurisdiction,,191,25792,srs_agency_header,1.0,1.0,overlap,51:statewide_overlap_layer,1.3252384066339258,2,1,2.0,1.0,1.0,1.0,identical_7_offense_vector,T1_same_ori7_multiple_ori9
VA09404,VA094049E,VA,51,2022,0.0,0.0,0.0,0.0,0.0,1.0,0.0,1.0,0|1|0|0|0|0|0,nibrs_srs_equivalent_annual,12.0,7,EMORY,special_jurisdiction,0.0,191,,fbi_cde_agency_roster,1.0,1.0,overlap,51:statewide_overlap_layer,1.5783920354291885,2,1,2.0,1.0,1.0,1.0,identical_7_offense_vector,T1_same_ori7_multiple_ori9
CA00399,CA0039900,CA,06,2022,0.0,0.0,0.0,0.0,0.0,0.0,0.0,0.0,0|0|0|0|0|0|0,srs_return_a_annual,0.0,0,HP AMADOR COUNTY,state_law_enforcement,0.0,005,01514,srs_agency_header,1.0,1.0,overlap,06:statewide_overlap_layer,31.266653622880952,2,2,41.0,41.0,0.0,0.0,same_ori7_different_counts,T1_same_ori7_multiple_ori9
CA00399,CA0039995,CA,06,2022,0.0,0.0,10.0,31.0,0.0,0.0,0.0,41.0,0|0|0|0|0|10|31,nibrs_srs_equivalent_annual,12.0,7,HIGHWAY PATROL AMADOR AREA OFFICE,state_law_enforcement,0.0,005,,fbi_cde_agency_roster,1.0,1.0,overlap,06:statewide_overlap_layer,22.0,2,2,41.0,41.0,0.0,0.0,same_ori7_different_counts,T1_same_ori7_multiple_ori9
CA00599,CA0059900,CA,06,2022,0.0,0.0,0.0,0.0,0.0,0.0,0.0,0.0,0|0|0|0|0|0|0,srs_return_a_annual,0.0,0,HP CALAVERAS COUNTY,state_law_enforcement,0.0,009,64420,srs_agency_header,1.0,1.0,overlap,06:statewide_overlap_layer,118.46120120665304,2,2,66.0,66.0,0.0,0.0,same_ori7_different_counts,T1_same_ori7_multiple_ori9
CA00599,CA0059955,CA,06,2022,0.0,0.0,28.0,38.0,0.0,0.0,0.0,66.0,0|0|0|0|0|28|38,nibrs_srs_equivalent_annual,12.0,7,HIGHWAY PATROL SAN ANDREAS AREA OFFICE,state_law_enforcement,0.0,009,,fbi_cde_agency_roster,1.0,1.0,overlap,06:statewide_overlap_layer,86.0,2,2,66.0,66.0,0.0,0.0,same_ori7_different_counts,T1_same_ori7_multiple_ori9
CA00699,CA0069900,CA,06,2022,0.0,0.0,0.0,0.0,0.0,0.0,0.0,0.0,0|0|0|0|0|0|0,srs_return_a_annual,0.0,0,HP COLUSA COUNTY,state_law_enforcement,0.0,011,85586,srs_agency_header,1.0,1.0,overlap,06:statewide_overlap_layer,32.53262867232692,2,2,18.0,18.0,0.0,0.0,same_ori7_different_counts,T1_same_ori7_multiple_ori9
CA00699,CA0069955,CA,06,2022,6.0,0.0,1.0,11.0,0.0,0.0,0.0,18.0,0|0|0|6|0|1|11,nibrs_srs_equivalent_annual,12.0,7,HIGHWAY PATROL WILLIAMS AREA OFFICE,state_law_enforcement,0.0,011,,fbi_cde_agency_roster,1.0,1.0,overlap,06:statewide_overlap_layer,3.0,2,2,18.0,18.0,0.0,0.0,same_ori7_different_counts,T1_same_ori7_multiple_ori9
CA00799,CA0079900,CA,06,2022,0.0,0.0,0.0,0.0,0.0,0.0,0.0,0.0,0|0|0|0|0|0|0,srs_return_a_annual,0.0,0,HP CONTRA COSTA COUNTY,state_law_enforcement,0.0,013,99013,srs_agency_header,1.0,1.0,overlap,06:statewide_overlap_layer,464.5663806004999,2,2,434.0,434.0,0.0,0.0,same_ori7_different_counts,T1_same_ori7_multiple_ori9
CA00799,CA0079920,CA,06,2022,13.0,0.0,44.0,376.0,1.0,0.0,0.0,434.0,1|0|0|13|0|44|376,nibrs_srs_equivalent_annual,12.0,7,HIGHWAY PATROL CONTRA COSTA AREA OFFICE,state_law_enforcement,0.0,013,,fbi_cde_agency_roster,1.0,1.0,overlap,06:statewide_overlap_layer,449.0,2,2,434.0,434.0,0.0,0.0,same_ori7_different_counts,T1_same_ori7_multiple_ori9
CA00899,CA0089900,CA,06,2022,0.0,0.0,0.0,0.0,0.0,0.0,0.0,0.0,0|0|0|0|0|0|0,srs_return_a_annual,0.0,0,HP DEL NORTE COUNTY,state_law_enforcement,,015,17022,srs_agency_header,1.0,1.0,overlap,06:statewide_overlap_layer,63.96809929148684,2,2,90.0,90.0,0.0,0.0,same_ori7_different_counts,T1_same_ori7_multiple_ori9
CA00899,CA0089920,CA,06,2022,8.0,6.0,30.0,46.0,0.0,0.0,0.0,90.0,0|0|0|8|6|30|46,nibrs_srs_equivalent_annual,12.0,7,HIGHWAY PATROL CRESCENT CITY AREA OFFICE,state_law_enforcement,0.0,015,,fbi_cde_agency_roster,1.0,1.0,overlap,06:statewide_overlap_layer,65.0,2,2,90.0,90.0,0.0,0.0,same_ori7_different_counts,T1_same_ori7_multiple_ori9
CA01199,CA0119900,CA,06,2022,0.0,0.0,0.0,0.0,0.0,0.0,0.0,0.0,0|0|0|0|0|0|0,srs_return_a_annual,0.0,0,HP GLENN COUNTY,state_law_enforcement,0.0,021,85684,srs_agency_header,1.0,1.0,overlap,06:statewide_overlap_layer,35.87602468375075,2,2,24.0,24.0,0.0,0.0,same_ori7_different_counts,T1_same_ori7_multiple_ori9
CA01199,CA0119960,CA,06,2022,0.0,0.0,2.0,22.0,0.0,0.0,0.0,24.0,0|0|0|0|0|2|22,nibrs_srs_equivalent_annual,12.0,7,HIGHWAY PATROL WILLOWS AREA OFFICE,state_law_enforcement,0.0,021,,fbi_cde_agency_roster,1.0,1.0,overlap,06:statewide_overlap_layer,28.0,2,2,24.0,24.0,0.0,0.0,same_ori7_different_counts,T1_same_ori7_multiple_ori9
CA01499,CA0149900,CA,06,2022,0.0,0.0,0.0,0.0,0.0,0.0,0.0,0.0,0|0|0|0|0|0|0,srs_return_a_annual,0.0,0,HP INYO COUNTY,state_law_enforcement,0.0,027,06798,srs_agency_header,1.0,1.0,overlap,06:statewide_overlap_layer,18.175178814293567,2,2,34.0,34.0,0.0,0.0,same_ori7_different_counts,T1_same_ori7_multiple_ori9
CA01499,CA0149925,CA,06,2022,5.0,0.0,10.0,19.0,0.0,0.0,0.0,34.0,0|0|0|5|0|10|19,nibrs_srs_equivalent_annual,12.0,7,HIGHWAY PATROL BISHOP AREA OFFICE,state_law_enforcement,0.0,027,,fbi_cde_agency_roster,1.0,1.0,overlap,06:statewide_overlap_layer,1.0,2,2,34.0,34.0,0.0,0.0,same_ori7_different_counts,T1_same_ori7_multiple_ori9
CA01699,CA0169900,CA,06,2022,0.0,0.0,0.0,0.0,0.0,0.0,0.0,0.0,0|0|0|0|0|0|0,srs_return_a_annual,0.0,0,HP KINGS COUNTY,state_law_enforcement,0.0,031,31960,srs_agency_header,1.0,1.0,overlap,06:statewide_overlap_layer,87.84295813076619,2,2,107.0,107.0,0.0,0.0,same_ori7_different_counts,T1_same_ori7_multiple_ori9
CA01699,CA0169940,CA,06,2022,1.0,0.0,11.0,90.0,5.0,0.0,0.0,107.0,5|0|0|1|0|11|90,nibrs_srs_equivalent_annual,12.0,7,HIGHWAY PATROL HANFORD AREA OFFICE,state_law_enforcement,0.0,031,,fbi_cde_agency_roster,1.0,1.0,overlap,06:statewide_overlap_layer,1.0,2,2,107.0,107.0,0.0,0.0,same_ori7_different_counts,T1_same_ori7_multiple_ori9
CA01799,CA0179900,CA,06,2022,0.0,0.0,0.0,0.0,0.0,0.0,0.0,0.0,0|0|0|0|0|0|0,srs_return_a_annual,0.0,0,HP LAKE COUNTY,state_law_enforcement,0.0,033,13945,srs_agency_header,1.0,1.0,overlap,06:statewide_overlap_layer,167.7132738537423,2,2,207.0,207.0,0.0,0.0,same_ori7_different_counts,T1_same_ori7_multiple_ori9
CA01799,CA0179951,CA,06,2022,0.0,0.0,52.0,155.0,0.0,0.0,0.0,207.0,0|0|0|0|0|52|155,nibrs_srs_equivalent_annual,12.0,7,HIGHWAY PATROL CLEAR LAKE AREA OFFICE,state_law_enforcement,0.0,033,,fbi_cde_agency_roster,1.0,1.0,overlap,06:statewide_overlap_layer,220.0,2,2,207.0,207.0,0.0,0.0,same_ori7_different_counts,T1_same_ori7_multiple_ori9
CA01899,CA0189900,CA,06,2022,0.0,0.0,0.0,0.0,0.0,0.0,0.0,0.0,0|0|0|0|0|0|0,srs_return_a_annual,0.0,0,HP LASSEN COUNTY,state_law_enforcement,0.0,035,77364,srs_agency_header,1.0,1.0,overlap,06:statewide_overlap_layer,39.9133801181556,2,2,39.0,39.0,0.0,0.0,same_ori7_different_counts,T1_same_ori7_multiple_ori9
CA01899,CA0189940,CA,06,2022,3.0,0.0,13.0,23.0,0.0,0.0,0.0,39.0,0|0|0|3|0|13|23,nibrs_srs_equivalent_annual,12.0,7,HIGHWAY PATROL SUSANVILLE AREA OFFICE,state_law_enforcement,0.0,035,,fbi_cde_agency_roster,1.0,1.0,overlap,06:statewide_overlap_layer,8.0,2,2,39.0,39.0,0.0,0.0,same_ori7_different_counts,T1_same_ori7_multiple_ori9
CA02199,CA0219900,CA,06,2022,0.0,0.0,0.0,0.0,0.0,0.0,0.0,0.0,0|0|0|0|0|0|0,srs_return_a_annual,0.0,0,HP MARIN COUNTY,state_law_enforcement,0.0,041,45820,srs_agency_header,1.0,1.0,overlap,06:statewide_overlap_layer,139.16707711455143,2,2,162.0,162.0,0.0,0.0,same_ori7_different_counts,T1_same_ori7_multiple_ori9
CA02199,CA0219950,CA,06,2022,9.0,87.0,15.0,51.0,0.0,0.0,0.0,162.0,0|0|0|9|87|15|51,nibrs_srs_equivalent_annual,12.0,7,HIGHWAY PATROL MARIN AREA OFFICE,state_law_enforcement,0.0,041,,fbi_cde_agency_roster,1.0,1.0,overlap,06:statewide_overlap_layer,86.0,2,2,162.0,162.0,0.0,0.0,same_ori7_different_counts,T1_same_ori7_multiple_ori9
CA02299,CA0229900,CA,06,2022,0.0,0.0,0.0,0.0,0.0,0.0,0.0,0.0,0|0|0|0|0|0|0,srs_return_a_annual,0.0,0,HP MARIPOSA COUNTY,state_law_enforcement,0.0,043,45932,srs_agency_header,1.0,1.0,overlap,06:statewide_overlap_layer,9.376163289676636,2,2,18.0,18.0,0.0,0.0,same_ori7_different_counts,T1_same_ori7_multiple_ori9
CA02299,CA0229955,CA,06,2022,0.0,0.0,5.0,13.0,0.0,0.0,0.0,18.0,0|0|0|0|0|5|13,nibrs_srs_equivalent_annual,12.0,7,HIGHWAY PATROL MARIPOSA AREA OFFICE,state_law_enforcement,0.0,043,,fbi_cde_agency_roster,1.0,1.0,overlap,06:statewide_overlap_layer,13.0,2,2,18.0,18.0,0.0,0.0,same_ori7_different_counts,T1_same_ori7_multiple_ori9
CA02399,CA0239900,CA,06,2022,0.0,0.0,0.0,0.0,0.0,0.0,0.0,0.0,0|0|0|0|0|0|0,srs_return_a_annual,0.0,0,HP MENDOCINO COUNTY,state_law_enforcement,0.0,045,81134,srs_agency_header,1.0,1.0,overlap,06:statewide_overlap_layer,138.72208274862814,2,2,113.0,113.0,0.0,0.0,same_ori7_different_counts,T1_same_ori7_multiple_ori9
CA02399,CA0239950,CA,06,2022,16.0,0.0,17.0,79.0,0.0,0.0,1.0,113.0,0|0|1|16|0|17|79,nibrs_srs_equivalent_annual,12.0,7,HIGHWAY PATROL UKIAH AREA OFFICE,state_law_enforcement,0.0,045,,fbi_cde_agency_roster,1.0,1.0,overlap,06:statewide_overlap_layer,92.0,2,2,113.0,113.0,0.0,0.0,same_ori7_different_counts,T1_same_ori7_multiple_ori9
CA02599,CA0259900,CA,06,2022,0.0,0.0,0.0,0.0,0.0,0.0,0.0,0.0,0|0|0|0|0|0|0,srs_return_a_annual,0.0,0,HP MODOC COUNTY,state_law_enforcement,0.0,049,01444,srs_agency_header,1.0,1.0,overlap,06:statewide_overlap_layer,9.17123901196232,2,2,4.0,4.0,0.0,0.0,same_ori7_different_counts,T1_same_ori7_multiple_ori9
CA02599,CA0259970,CA,06,2022,0.0,0.0,1.0,3.0,0.0,0.0,0.0,4.0,0|0|0|0|0|1|3,nibrs_srs_equivalent_annual,12.0,7,,state_law_enforcement,0.0,049,,fbi_cde_agency_roster,1.0,1.0,overlap,06:statewide_overlap_layer,2.222361143149192,2,2,4.0,4.0,0.0,0.0,same_ori7_different_counts,T1_same_ori7_multiple_ori9
CA02699,CA0269900,CA,06,2022,0.0,0.0,0.0,0.0,0.0,0.0,0.0,0.0,0|0|0|0|0|0|0,srs_return_a_annual,0.0,0,HP MONO COUNTY,state_law_enforcement,0.0,051,08240,srs_agency_header,1.0,1.0,overlap,06:statewide_overlap_layer,2.980666830819878,2,2,1.0,1.0,0.0,0.0,same_ori7_different_counts,T1_same_ori7_multiple_ori9
CA02699,CA0269920,CA,06,2022,1.0,0.0,0.0,0.0,0.0,0.0,0.0,1.0,0|0|0|1|0|0|0,nibrs_srs_equivalent_annual,12.0,7,HIGHWAY PATROL BRIDGEPORT AREA OFFICE,state_law_enforcement,0.0,051,,fbi_cde_agency_roster,1.0,1.0,overlap,06:statewide_overlap_layer,2.0,2,2,1.0,1.0,0.0,0.0,same_ori7_different_counts,T1_same_ori7_multiple_ori9
CA02809,CA0280900,CA,06,2022,0.0,0.0,0.0,0.0,0.0,0.0,0.0,0.0,0|0|0|0|0|0|0,srs_return_a_annual,0.0,0,AMERICAN CANYON,local_police,20571.0,055,01640,srs_agency_header,1.0,1.0,exclusive,06:municipal:place:0601640,416.5497699351992,2,2,16.0,16.0,0.0,0.0,same_ori7_different_counts,T1_same_ori7_multiple_ori9
CA02809,CA028090X,CA,06,2022,4.0,1.0,8.0,0.0,0.0,3.0,0.0,16.0,0|3|0|4|1|8|0,nibrs_srs_equivalent_annual,1.0,7,AMERICAN CANYON POLICE DEPARTMENT,local_police,21412.0,055,,fbi_cde_agency_roster,1.0,1.0,exclusive,06:municipal:place:0601640,332.0,2,2,16.0,16.0,0.0,0.0,same_ori7_different_counts,T1_same_ori7_multiple_ori9
CA02899,CA0289900,CA,06,2022,0.0,0.0,0.0,0.0,0.0,0.0,0.0,0.0,0|0|0|0|0|0|0,srs_return_a_annual,0.0,0,HP NAPA COUNTY,state_law_enforcement,0.0,055,50258,srs_agency_header,1.0,1.0,overlap,06:statewide_overlap_layer,32.63728938774943,2,2,72.0,72.0,0.0,0.0,same_ori7_different_counts,T1_same_ori7_multiple_ori9
CA02899,CA0289925,CA,06,2022,1.0,0.0,14.0,57.0,0.0,0.0,0.0,72.0,0|0|0|1|0|14|57,nibrs_srs_equivalent_annual,12.0,7,HIGHWAY PATROL NAPA AREA OFFICE,state_law_enforcement,0.0,055,,fbi_cde_agency_roster,1.0,1.0,overlap,06:statewide_overlap_layer,68.0,2,2,72.0,72.0,0.0,0.0,same_ori7_different_counts,T1_same_ori7_multiple_ori9
CA03299,CA0329900,CA,06,2022,0.0,0.0,0.0,0.0,0.0,0.0,0.0,0.0,0|0|0|0|0|0|0,srs_return_a_annual,0.0,0,HP PLUMAS COUNTY,state_law_enforcement,0.0,063,59080,srs_agency_header,1.0,1.0,overlap,06:statewide_overlap_layer,22.14686190649321,2,2,15.0,15.0,0.0,0.0,same_ori7_different_counts,T1_same_ori7_multiple_ori9
CA03299,CA0329965,CA,06,2022,0.0,0.0,6.0,9.0,0.0,0.0,0.0,15.0,0|0|0|0|0|6|9,nibrs_srs_equivalent_annual,12.0,7,HIGHWAY PATROL QUINCY AREA OFFICE,state_law_enforcement,0.0,063,,fbi_cde_agency_roster,1.0,1.0,overlap,06:statewide_overlap_layer,1.0,2,2,15.0,15.0,0.0,0.0,same_ori7_different_counts,T1_same_ori7_multiple_ori9
CA03412,CA0341200,CA,06,2022,0.0,0.0,0.0,0.0,0.0,0.0,0.0,0.0,0|0|0|0|0|0|0,srs_return_a_annual,0.0,0,DPR GOLD FIELDS DISTRIC,special_jurisdiction,0.0,067,99067,srs_agency_header,1.0,1.0,overlap,06:statewide_overlap_layer,41.49038846099523,2,2,89.0,89.0,0.0,0.0,same_ori7_different_counts,T1_same_ori7_multiple_ori9
CA03412,CA0341201,CA,06,2022,14.0,41.0,32.0,1.0,0.0,1.0,0.0,89.0,0|1|0|14|41|32|1,nibrs_srs_equivalent_annual,12.0,7,CALIFORNIA STATE PARKS GOLD FIELDS,unknown,0.0,067,,fbi_cde_agency_roster,1.0,1.0,overlap,06:statewide_overlap_layer,47.0,2,2,89.0,89.0,0.0,0.0,same_ori7_different_counts,T1_same_ori7_multiple_ori9
CA03899,CA0389900,CA,06,2022,0.0,0.0,0.0,0.0,0.0,0.0,0.0,0.0,0|0|0|0|0|0|0,srs_return_a_annual,0.0,0,HP SAN FRANCISCO COUNTY,state_law_enforcement,0.0,075,67000,srs_agency_header,1.0,1.0,overlap,06:statewide_overlap_layer,38.32858293868096,2,2,33.0,33.0,0.0,0.0,same_ori7_different_counts,T1_same_ori7_multiple_ori9
CA03899,CA0389935,CA,06,2022,7.0,0.0,4.0,22.0,0.0,0.0,0.0,33.0,0|0|0|7|0|4|22,nibrs_srs_equivalent_annual,12.0,7,HIGHWAY PATROL SAN FRANCISCO AREA OFFICE,state_law_enforcement,0.0,075,,fbi_cde_agency_roster,1.0,1.0,overlap,06:statewide_overlap_layer,14.0,2,2,33.0,33.0,0.0,0.0,same_ori7_different_counts,T1_same_ori7_multiple_ori9
CA04199,CA0419900,CA,06,2022,0.0,0.0,0.0,0.0,0.0,0.0,0.0,0.0,0|0|0|0|0|0|0,srs_return_a_annual,0.0,0,HP SAN MATEO COUNTY,state_law_enforcement,0.0,081,60102,srs_agency_header,1.0,1.0,overlap,06:statewide_overlap_layer,35.36147708620201,2,2,12.0,12.0,0.0,0.0,same_ori7_different_counts,T1_same_ori7_multiple_ori9
CA04199,CA0419930,CA,06,2022,2.0,2.0,4.0,4.0,0.0,0.0,0.0,12.0,0|0|0|2|2|4|4,nibrs_srs_equivalent_annual,12.0,7,,state_law_enforcement,0.0,081,,fbi_cde_agency_roster,1.0,1.0,overlap,06:statewide_overlap_layer,7.292991514148679,2,2,12.0,12.0,0.0,0.0,same_ori7_different_counts,T1_same_ori7_multiple_ori9
CA04499,CA0449900,CA,06,2022,0.0,0.0,0.0,0.0,0.0,0.0,0.0,0.0,0|0|0|0|0|0|0,srs_return_a_annual,0.0,0,HP SANTA CRUZ COUNTY,state_law_enforcement,0.0,087,69112,srs_agency_header,1.0,1.0,overlap,06:statewide_overlap_layer,461.922436891902,2,2,235.0,235.0,0.0,0.0,same_ori7_different_counts,T1_same_ori7_multiple_ori9
CA04499,CA0449920,CA,06,2022,0.0,0.0,95.0,140.0,0.0,0.0,0.0,235.0,0|0|0|0|0|95|140,nibrs_srs_equivalent_annual,12.0,7,HIGHWAY PATROL SANTA CRUZ AREA OFFICE,state_law_enforcement,0.0,087,,fbi_cde_agency_roster,1.0,1.0,overlap,06:statewide_overlap_layer,212.0,2,2,235.0,235.0,0.0,0.0,same_ori7_different_counts,T1_same_ori7_multiple_ori9
CA04899,CA0489900,CA,06,2022,0.0,0.0,0.0,0.0,0.0,0.0,0.0,0.0,0|0|0|0|0|0|0,srs_return_a_annual,0.0,0,HP SOLANO COUNTY,state_law_enforcement,0.0,095,99095,srs_agency_header,1.0,1.0,overlap,06:statewide_overlap_layer,43.904143925712035,2,2,54.0,54.0,0.0,0.0,same_ori7_different_counts,T1_same_ori7_multiple_ori9
CA04899,CA0489965,CA,06,2022,25.0,2.0,8.0,17.0,0.0,0.0,2.0,54.0,0|0|2|25|2|8|17,nibrs_srs_equivalent_annual,12.0,7,HIGHWAY PATROL SOLANO AREA OFFICE,state_law_enforcement,0.0,095,,fbi_cde_agency_roster,1.0,1.0,overlap,06:statewide_overlap_layer,22.0,2,2,54.0,54.0,0.0,0.0,same_ori7_different_counts,T1_same_ori7_multiple_ori9
CA04999,CA0499900,CA,06,2022,0.0,0.0,0.0,0.0,0.0,0.0,0.0,0.0,0|0|0|0|0|0|0,srs_return_a_annual,0.0,0,HP SONOMA COUNTY,state_law_enforcement,0.0,097,70098,srs_agency_header,1.0,1.0,overlap,06:statewide_overlap_layer,121.60936072379975,2,2,178.0,178.0,0.0,0.0,same_ori7_different_counts,T1_same_ori7_multiple_ori9
CA04999,CA0499960,CA,06,2022,5.0,0.0,43.0,130.0,0.0,0.0,0.0,178.0,0|0|0|5|0|43|130,nibrs_srs_equivalent_annual,12.0,7,HIGHWAY PATROL SANTA ROSA AREA OFFICE,state_law_enforcement,0.0,097,,fbi_cde_agency_roster,1.0,1.0,overlap,06:statewide_overlap_layer,154.0,2,2,178.0,178.0,0.0,0.0,same_ori7_different_counts,T1_same_ori7_multiple_ori9
CA05099,CA0509900,CA,06,2022,0.0,0.0,0.0,0.0,0.0,0.0,0.0,0.0,0|0|0|0|0|0|0,srs_return_a_annual,0.0,0,HP STANISLAUS COUNTY,state_law_enforcement,0.0,099,48354,srs_agency_header,1.0,1.0,overlap,06:statewide_overlap_layer,313.86591216385136,2,2,406.0,406.0,0.0,0.0,same_ori7_different_counts,T1_same_ori7_multiple_ori9
CA05099,CA0509965,CA,06,2022,2.0,0.0,88.0,316.0,0.0,0.0,0.0,406.0,0|0|0|2|0|88|316,nibrs_srs_equivalent_annual,12.0,7,HIGHWAY PATROL MODESTO AREA OFFICE,state_law_enforcement,0.0,099,,fbi_cde_agency_roster,1.0,1.0,overlap,06:statewide_overlap_layer,359.0,2,2,406.0,406.0,0.0,0.0,same_ori7_different_counts,T1_same_ori7_multiple_ori9
CA05199,CA0519900,CA,06,2022,0.0,0.0,0.0,0.0,0.0,0.0,0.0,0.0,0|0|0|0|0|0|0,srs_return_a_annual,0.0,0,HP SUTTER COUNTY,state_law_enforcement,0.0,101,86972,srs_agency_header,1.0,1.0,overlap,06:statewide_overlap_layer,50.523119013430005,2,2,310.0,310.0,0.0,0.0,same_ori7_different_counts,T1_same_ori7_multiple_ori9
CA05199,CA0519985,CA,06,2022,3.0,0.0,40.0,267.0,0.0,0.0,0.0,310.0,0|0|0|3|0|40|267,nibrs_srs_equivalent_annual,12.0,7,HIGHWAY PATROL YUBA SUTTER AREA OFFICE,state_law_enforcement,0.0,101,,fbi_cde_agency_roster,1.0,1.0,overlap,06:statewide_overlap_layer,188.0,2,2,310.0,310.0,0.0,0.0,same_ori7_different_counts,T1_same_ori7_multiple_ori9
CA05299,CA0529900,CA,06,2022,0.0,0.0,0.0,0.0,0.0,0.0,0.0,0.0,0|0|0|0|0|0|0,srs_return_a_annual,0.0,0,HP TEHAMA COUNTY,state_law_enforcement,0.0,103,59892,srs_agency_header,1.0,1.0,overlap,06:statewide_overlap_layer,141.24390127933862,2,2,180.0,180.0,0.0,0.0,same_ori7_different_counts,T1_same_ori7_multiple_ori9
CA05299,CA0529930,CA,06,2022,2.0,0.0,21.0,156.0,0.0,0.0,1.0,180.0,0|0|1|2|0|21|156,nibrs_srs_equivalent_annual,12.0,7,HIGHWAY PATROL RED BLUFF AREA OFFICE,state_law_enforcement,0.0,103,,fbi_cde_agency_roster,1.0,1.0,overlap,06:statewide_overlap_layer,156.0,2,2,180.0,180.0,0.0,0.0,same_ori7_different_counts,T1_same_ori7_multiple_ori9
CA05399,CA0539900,CA,06,2022,0.0,0.0,0.0,0.0,0.0,0.0,0.0,0.0,0|0|0|0|0|0|0,srs_return_a_annual,0.0,0,HP TRINITY COUNTY,state_law_enforcement,0.0,105,99105,srs_agency_header,1.0,1.0,overlap,06:statewide_overlap_layer,53.49699066653945,2,2,73.0,73.0,0.0,0.0,same_ori7_different_counts,T1_same_ori7_multiple_ori9
CA05399,CA0539975,CA,06,2022,2.0,0.0,39.0,32.0,0.0,0.0,0.0,73.0,0|0|0|2|0|39|32,nibrs_srs_equivalent_annual,12.0,7,HIGHWAY PATROL TRINITY RIVER AREA OFFICE,state_law_enforcement,0.0,105,,fbi_cde_agency_roster,1.0,1.0,overlap,06:statewide_overlap_layer,33.0,2,2,73.0,73.0,0.0,0.0,same_ori7_different_counts,T1_same_ori7_multiple_ori9
CA05599,CA0559900,CA,06,2022,0.0,0.0,0.0,0.0,0.0,0.0,0.0,0.0,0|0|0|0|0|0|0,srs_return_a_annual,0.0,0,HP TUOLUMNE COUNTY,state_law_enforcement,0.0,109,99109,srs_agency_header,1.0,1.0,overlap,06:statewide_overlap_layer,130.52316357971654,2,2,34.0,34.0,0.0,0.0,same_ori7_different_counts,T1_same_ori7_multiple_ori9
CA05599,CA0559925,CA,06,2022,2.0,0.0,2.0,30.0,0.0,0.0,0.0,34.0,0|0|0|2|0|2|30,nibrs_srs_equivalent_annual,12.0,7,HIGHWAY PATROL SONORA AREA OFFICE,state_law_enforcement,0.0,109,,fbi_cde_agency_roster,1.0,1.0,overlap,06:statewide_overlap_layer,7.0,2,2,34.0,34.0,0.0,0.0,same_ori7_different_counts,T1_same_ori7_multiple_ori9
CA05799,CA0579900,CA,06,2022,0.0,0.0,0.0,0.0,0.0,0.0,0.0,0.0,0|0|0|0|0|0|0,srs_return_a_annual,0.0,0,HP YOLO COUNTY,state_law_enforcement,0.0,113,86328,srs_agency_header,1.0,1.0,overlap,06:statewide_overlap_layer,46.600054406386654,2,2,50.0,50.0,0.0,0.0,same_ori7_different_counts,T1_same_ori7_multiple_ori9
CA05799,CA0579980,CA,06,2022,3.0,4.0,14.0,29.0,0.0,0.0,0.0,50.0,0|0|0|3|4|14|29,nibrs_srs_equivalent_annual,12.0,7,HIGHWAY PATROL WOODLAND AREA OFFICE,state_law_enforcement,0.0,113,,fbi_cde_agency_roster,1.0,1.0,overlap,06:statewide_overlap_layer,23.0,2,2,50.0,50.0,0.0,0.0,same_ori7_different_counts,T1_same_ori7_multiple_ori9
TX22728,TX2272800,TX,48,2022,0.0,0.0,0.0,0.0,0.0,0.0,0.0,0.0,0|0|0|0|0|0|0,srs_return_a_annual,0.0,0,TX COMPTLR PUBLIC ACCTS,unknown,,453,,leaic_crosswalk,1.0,1.0,overlap,48:statewide_overlap_layer,33.216443875255294,2,2,66.0,66.0,0.0,0.0,same_ori7_different_counts,T1_same_ori7_multiple_ori9
TX22728,TX227289E,TX,48,2022,2.0,5.0,55.0,4.0,0.0,0.0,0.0,66.0,0|0|0|2|5|55|4,nibrs_srs_equivalent_annual,12.0,7,AUSTIN COMMUNITY COLLEGE DISTRICT,special_jurisdiction,0.0,453,,fbi_cde_agency_roster,1.0,1.0,overlap,48:statewide_overlap_layer,73.0,2,2,66.0,66.0,0.0,0.0,same_ori7_different_counts,T1_same_ori7_multiple_ori9
MI63190,MI6319000,MI,26,2021,591.0,238.0,652.0,122.0,16.0,51.0,55.0,1725.0,16|51|55|591|238|652|122,srs_return_a_annual,12.0,7,PONTIAC,unknown,,,,,1.0,1.0,exclusive,26:municipal:place:2665440,1619.0,2,1,3450.0,1725.0,1725.0,1725.0,identical_7_offense_vector,T1_same_ori7_multiple_ori9
MI63190,MI631900X,MI,26,2021,591.0,238.0,652.0,122.0,16.0,51.0,55.0,1725.0,16|51|55|591|238|652|122,nibrs_srs_equivalent_annual,12.0,7,,local_police,61871.0,125,,fbi_cde_agency_roster,1.0,1.0,exclusive,26:state_nonmunicipal_remainder,1619.0,2,1,3450.0,1725.0,1725.0,1725.0,identical_7_offense_vector,T1_same_ori7_multiple_ori9
WI04124,WI0412400,WI,55,2021,42.0,49.0,360.0,159.0,1.0,5.0,16.0,632.0,1|5|16|42|49|360|159,srs_return_a_annual,12.0,7,MARQUETTE UNIVERSITY,unknown,,,,,1.0,1.0,overlap,55:statewide_overlap_layer,438.0,2,1,1264.0,632.0,632.0,632.0,identical_7_offense_vector,T1_same_ori7_multiple_ori9
WI04124,WI041249E,WI,55,2021,42.0,49.0,360.0,159.0,1.0,5.0,16.0,632.0,1|5|16|42|49|360|159,nibrs_srs_equivalent_annual,12.0,7,,special_jurisdiction,0.0,079,,fbi_cde_agency_roster,1.0,1.0,overlap,55:statewide_overlap_layer,438.0,2,1,1264.0,632.0,632.0,632.0,identical_7_offense_vector,T1_same_ori7_multiple_ori9
CA03035,CA0303500,CA,06,2021,31.0,62.0,410.0,44.0,1.0,7.0,13.0,568.0,1|7|13|31|62|410|44,srs_return_a_annual,10.0,0,MISSION VIEJO,local_police,,059,48256,srs_agency_header,1.0,1.0,exclusive,06:municipal:place:0648256,1153.0,2,1,1136.0,568.0,568.0,568.0,identical_7_offense_vector,T1_same_ori7_multiple_ori9
CA03035,CA030350X,CA,06,2021,31.0,62.0,410.0,44.0,1.0,7.0,13.0,568.0,1|7|13|31|62|410|44,nibrs_srs_equivalent_annual,12.0,7,SANTA ANA,local_police,96419.0,059,,fbi_cde_agency_roster,1.0,1.0,exclusive,06:municipal:place:0669000,1153.0,2,1,1136.0,568.0,568.0,568.0,identical_7_offense_vector,T1_same_ori7_multiple_ori9
CA03043,CA0304300,CA,06,2021,37.0,67.0,379.0,67.0,0.0,4.0,13.0,567.0,0|4|13|37|67|379|67,srs_return_a_annual,11.0,0,LAKE FOREST,local_police,,059,39496,srs_agency_header,1.0,1.0,exclusive,06:municipal:place:0639496,837.0,2,1,1134.0,567.0,567.0,567.0,identical_7_offense_vector,T1_same_ori7_multiple_ori9
CA03043,CA030430X,CA,06,2021,37.0,67.0,379.0,67.0,0.0,4.0,13.0,567.0,0|4|13|37|67|379|67,nibrs_srs_equivalent_annual,12.0,7,SANTA ANA,local_police,86691.0,059,,fbi_cde_agency_roster,1.0,1.0,exclusive,06:municipal:place:0669000,837.0,2,1,1134.0,567.0,567.0,567.0,identical_7_offense_vector,T1_same_ori7_multiple_ori9
MI63191,MI6319100,MI,26,2021,36.0,20.0,359.0,32.0,0.0,10.0,2.0,459.0,0|10|2|36|20|359|32,srs_return_a_annual,12.0,7,ROCHESTER HILLS,unknown,,,,,1.0,1.0,exclusive,26:municipal:place:2669035,474.0,2,1,918.0,459.0,459.0,459.0,identical_7_offense_vector,T1_same_ori7_multiple_ori9
MI63191,MI631910X,MI,26,2021,36.0,20.0,359.0,32.0,0.0,10.0,2.0,459.0,0|10|2|36|20|359|32,nibrs_srs_equivalent_annual,12.0,7,,local_police,75960.0,125,,fbi_cde_agency_roster,1.0,1.0,exclusive,26:municipal:place:2669035,474.0,2,1,918.0,459.0,459.0,459.0,identical_7_offense_vector,T1_same_ori7_multiple_ori9
FL05299,FL0529900,FL,12,2021,21.0,12.0,274.0,20.0,0.0,3.0,5.0,335.0,0|3|5|21|12|274|20,srs_return_a_annual,12.0,7,SEMINOLE,local_police,,103,64975,srs_agency_header,1.0,1.0,exclusive,12:municipal:place:1264975,1181.0,2,1,670.0,335.0,335.0,335.0,identical_7_offense_vector,T1_same_ori7_multiple_ori9
FL05299,FL052990X,FL,12,2021,21.0,12.0,274.0,20.0,0.0,3.0,5.0,335.0,0|3|5|21|12|274|20,nibrs_srs_equivalent_annual,12.0,7,LARGO,local_police,19300.0,103,,fbi_cde_agency_roster,1.0,1.0,exclusive,12:municipal:place:1239425,397.0,2,1,670.0,335.0,335.0,335.0,identical_7_offense_vector,T1_same_ori7_multiple_ori9
FL01367,FL0136700,FL,12,2021,25.0,8.0,267.0,22.0,0.0,4.0,7.0,333.0,0|4|7|25|8|267|22,srs_return_a_annual,12.0,7,CUTLER BAY,local_police,,086,15968,srs_agency_header,1.0,1.0,exclusive,12:municipal:place:1215968,662.0,2,1,666.0,333.0,333.0,333.0,identical_7_offense_vector,T1_same_ori7_multiple_ori9
FL01367,FL013670X,FL,12,2021,25.0,8.0,267.0,22.0,0.0,4.0,7.0,333.0,0|4|7|25|8|267|22,nibrs_srs_equivalent_annual,12.0,7,CUTLER BAY,local_police,45807.0,086,,fbi_cde_agency_roster,1.0,1.0,exclusive,12:municipal:place:1215968,654.0,2,1,666.0,333.0,333.0,333.0,identical_7_offense_vector,T1_same_ori7_multiple_ori9
CA03039,CA0303900,CA,06,2021,10.0,41.0,231.0,27.0,0.0,2.0,10.0,321.0,0|2|10|10|41|231|27,srs_return_a_annual,8.0,0,LAGUNA NIGUEL,local_police,,059,39248,srs_agency_header,1.0,1.0,exclusive,06:municipal:place:0639248,643.0,2,1,642.0,321.0,321.0,321.0,identical_7_offense_vector,T1_same_ori7_multiple_ori9
CA03039,CA030390X,CA,06,2021,10.0,41.0,231.0,27.0,0.0,2.0,10.0,321.0,0|2|10|10|41|231|27,nibrs_srs_equivalent_annual,10.0,7,SANTA ANA,local_police,66806.0,059,,fbi_cde_agency_roster,1.0,1.0,exclusive,06:municipal:place:0669000,643.0,2,1,642.0,321.0,321.0,321.0,identical_7_offense_vector,T1_same_ori7_multiple_ori9
TX05751,TX0575100,TX,48,2021,0.0,5.0,273.0,39.0,0.0,2.0,0.0,319.0,0|2|0|0|5|273|39,srs_return_a_annual,12.0,7,BAYLOR HEALTH CARE SYSTE,special_jurisdiction,,113,19000,srs_agency_header,1.0,1.0,overlap,48:statewide_overlap_layer,265.0,2,1,638.0,319.0,319.0,319.0,identical_7_offense_vector,T1_same_ori7_multiple_ori9
TX05751,TX057519E,TX,48,2021,0.0,5.0,273.0,39.0,0.0,2.0,0.0,319.0,0|2|0|0|5|273|39,nibrs_srs_equivalent_annual,12.0,7,DALLAS,special_jurisdiction,0.0,113,,fbi_cde_agency_roster,1.0,1.0,overlap,48:statewide_overlap_layer,265.0,2,1,638.0,319.0,319.0,319.0,identical_7_offense_vector,T1_same_ori7_multiple_ori9
CA03042,CA0304200,CA,06,2021,22.0,41.0,186.0,41.0,0.0,2.0,4.0,296.0,0|2|4|22|41|186|41,srs_return_a_annual,11.0,0,LAGUNA HILLS,local_police,,059,39220,srs_agency_header,1.0,1.0,exclusive,06:municipal:place:0639220,408.0,2,1,592.0,296.0,296.0,296.0,identical_7_offense_vector,T1_same_ori7_multiple_ori9
CA03042,CA030420X,CA,06,2021,22.0,41.0,186.0,41.0,0.0,2.0,4.0,296.0,0|2|4|22|41|186|41,nibrs_srs_equivalent_annual,11.0,7,SANTA ANA,local_police,31474.0,059,,fbi_cde_agency_roster,1.0,1.0,exclusive,06:municipal:place:0669000,408.0,2,1,592.0,296.0,296.0,296.0,identical_7_offense_vector,T1_same_ori7_multiple_ori9
MA01330,MA0133000,MA,25,2021,1.0,7.0,280.0,0.0,0.0,5.0,3.0,296.0,0|5|3|1|7|280|0,srs_return_a_annual,12.0,7,BOSTON UNIVERSITY,special_jurisdiction,,025,07000,srs_agency_header,1.0,1.0,overlap,25:statewide_overlap_layer,446.0,2,1,592.0,296.0,296.0,296.0,identical_7_offense_vector,T1_same_ori7_multiple_ori9
MA01330,MA013309E,MA,25,2021,1.0,7.0,280.0,0.0,0.0,5.0,3.0,296.0,0|5|3|1|7|280|0,nibrs_srs_equivalent_annual,12.0,7,BOSTON,special_jurisdiction,0.0,025,,fbi_cde_agency_roster,1.0,1.0,overlap,25:statewide_overlap_layer,446.0,2,1,592.0,296.0,296.0,296.0,identical_7_offense_vector,T1_same_ori7_multiple_ori9
NC03203,NC0320300,NC,37,2021,2.0,13.0,253.0,9.0,0.0,2.0,0.0,279.0,0|2|0|2|13|253|9,srs_return_a_annual,12.0,7,DUKE UNIVERSITY,special_jurisdiction,,063,19000,srs_agency_header,1.0,1.0,overlap,37:statewide_overlap_layer,322.0,2,1,558.0,279.0,279.0,279.0,identical_7_offense_vector,T1_same_ori7_multiple_ori9
NC03203,NC032039E,NC,37,2021,2.0,13.0,253.0,9.0,0.0,2.0,0.0,279.0,0|2|0|2|13|253|9,nibrs_srs_equivalent_annual,12.0,7,DURHAM,special_jurisdiction,0.0,063,,fbi_cde_agency_roster,1.0,1.0,overlap,37:statewide_overlap_layer,322.0,2,1,558.0,279.0,279.0,279.0,identical_7_offense_vector,T1_same_ori7_multiple_ori9
MA00962,MA0096200,MA,25,2021,1.0,16.0,223.0,20.0,0.0,1.0,0.0,261.0,0|1|0|1|16|223|20,srs_return_a_annual,12.0,7,HARVARD UNIVERSITY,special_jurisdiction,,017,11000,srs_agency_header,1.0,1.0,overlap,25:statewide_overlap_layer,584.0,2,1,522.0,261.0,261.0,261.0,identical_7_offense_vector,T1_same_ori7_multiple_ori9
MA00962,MA009629E,MA,25,2021,1.0,16.0,223.0,20.0,0.0,1.0,0.0,261.0,0|1|0|1|16|223|20,nibrs_srs_equivalent_annual,12.0,7,CAMBRIDGE,special_jurisdiction,0.0,017,,fbi_cde_agency_roster,1.0,1.0,overlap,25:statewide_overlap_layer,584.0,2,1,522.0,261.0,261.0,261.0,identical_7_offense_vector,T1_same_ori7_multiple_ori9
GA04414,GA0441400,GA,13,2021,8.0,32.0,199.0,6.0,0.0,6.0,0.0,251.0,0|6|0|8|32|199|6,srs_return_a_annual,12.0,7,EMORY UNIVERSITY,constable_marshal,,089,23536,srs_agency_header,1.0,1.0,exclusive,13:municipal:place:1323536,318.0,2,1,502.0,251.0,251.0,251.0,identical_7_offense_vector,T1_same_ori7_multiple_ori9
GA04414,GA044149E,GA,13,2021,8.0,32.0,199.0,6.0,0.0,6.0,0.0,251.0,0|6|0|8|32|199|6,nibrs_srs_equivalent_annual,12.0,7,ATLANTA,special_jurisdiction,0.0,089,,fbi_cde_agency_roster,1.0,1.0,overlap,13:statewide_overlap_layer,318.0,2,1,502.0,251.0,251.0,251.0,identical_7_offense_vector,T1_same_ori7_multiple_ori9
CA03036,CA0303600,CA,06,2021,12.0,31.0,160.0,34.0,0.0,3.0,4.0,244.0,0|3|4|12|31|160|34,srs_return_a_annual,11.0,0,DANA POINT,local_police,,059,17946,srs_agency_header,1.0,1.0,exclusive,06:municipal:place:0617946,343.0,2,1,488.0,244.0,244.0,244.0,identical_7_offense_vector,T1_same_ori7_multiple_ori9
CA03036,CA030360X,CA,06,2021,12.0,31.0,160.0,34.0,0.0,3.0,4.0,244.0,0|3|4|12|31|160|34,nibrs_srs_equivalent_annual,12.0,7,SANTA ANA,local_police,34019.0,059,,fbi_cde_agency_roster,1.0,1.0,exclusive,06:municipal:place:0669000,344.0,2,1,488.0,244.0,244.0,244.0,identical_7_offense_vector,T1_same_ori7_multiple_ori9
MI63183,MI6318300,MI,26,2021,24.0,20.0,162.0,12.0,2.0,1.0,1.0,222.0,2|1|1|24|20|162|12,srs_return_a_annual,12.0,7,COMMERCE TOWNSHIP,unknown,,,,,1.0,1.0,overlap,26:statewide_overlap_layer,264.0,2,1,444.0,222.0,222.0,222.0,identical_7_offense_vector,T1_same_ori7_multiple_ori9
MI63183,MI631830X,MI,26,2021,24.0,20.0,162.0,12.0,2.0,1.0,1.0,222.0,2|1|1|24|20|162|12,nibrs_srs_equivalent_annual,12.0,7,,local_police,39878.0,125,,fbi_cde_agency_roster,1.0,1.0,exclusive,26:municipal:cousub:2612517640,264.0,2,1,444.0,222.0,222.0,222.0,identical_7_offense_vector,T1_same_ori7_multiple_ori9
CA03049,CA0304900,CA,06,2021,12.0,29.0,140.0,21.0,0.0,1.0,1.0,204.0,0|1|1|12|29|140|21,srs_return_a_annual,9.0,0,ALISO VIEJO,local_police,,059,00947,srs_agency_header,1.0,1.0,exclusive,06:municipal:place:0600947,498.0,2,1,408.0,204.0,204.0,204.0,identical_7_offense_vector,T1_same_ori7_multiple_ori9
CA03049,CA030490X,CA,06,2021,12.0,29.0,140.0,21.0,0.0,1.0,1.0,204.0,0|1|1|12|29|140|21,nibrs_srs_equivalent_annual,12.0,7,SANTA ANA,local_police,52247.0,059,,fbi_cde_agency_roster,1.0,1.0,exclusive,06:municipal:place:0600947,498.0,2,1,408.0,204.0,204.0,204.0,identical_7_offense_vector,T1_same_ori7_multiple_ori9
FL01395,FL0139500,FL,12,2021,11.0,15.0,130.0,26.0,0.0,4.0,9.0,195.0,0|4|9|11|15|130|26,srs_return_a_annual,12.0,7,PALMETTO BAY,local_police,,086,54275,srs_agency_header,1.0,1.0,exclusive,12:municipal:place:1254275,529.0,2,1,390.0,195.0,195.0,195.0,identical_7_offense_vector,T1_same_ori7_multiple_ori9
FL01395,FL013950X,FL,12,2021,11.0,15.0,130.0,26.0,0.0,4.0,9.0,195.0,0|4|9|11|15|130|26,nibrs_srs_equivalent_annual,12.0,7,MIAMI,local_police,24890.0,086,,fbi_cde_agency_roster,1.0,1.0,exclusive,12:municipal:place:1245000,525.0,2,1,390.0,195.0,195.0,195.0,identical_7_offense_vector,T1_same_ori7_multiple_ori9
CA03499,CA0349900,CA,06,2021,0.0,0.0,3.0,4.0,0.0,0.0,0.0,7.0,0|0|0|0|0|3|4,nibrs_srs_equivalent_annual|srs_return_a_annual,2.0,5,HP SACRAMENTO COUNTY,state_law_enforcement,0.0,067,99067,srs_agency_header,1.0,1.0,overlap,06:statewide_overlap_layer,191.0,6,6,599.0,405.0,1.0,194.0,same_ori7_different_counts,T1_same_ori7_multiple_ori9
CA03499,CA0349912,CA,06,2021,0.0,0.0,0.0,1.0,0.0,0.0,0.0,1.0,0|0|0|0|0|0|1,nibrs_srs_equivalent_annual,2.0,7,,state_law_enforcement,0.0,067,,fbi_cde_agency_roster,1.0,1.0,overlap,06:statewide_overlap_layer,1.377421806644728,6,6,599.0,405.0,1.0,194.0,same_ori7_different_counts,T1_same_ori7_multiple_ori9
CA03499,CA0349917,CA,06,2021,0.0,0.0,1.0,0.0,0.0,0.0,0.0,1.0,0|0|0|0|0|1|0,nibrs_srs_equivalent_annual,2.0,7,,state_law_enforcement,0.0,067,,fbi_cde_agency_roster,1.0,1.0,overlap,06:statewide_overlap_layer,32.0,6,6,599.0,405.0,1.0,194.0,same_ori7_different_counts,T1_same_ori7_multiple_ori9
CA03499,CA0349950,CA,06,2021,0.0,0.0,116.0,289.0,0.0,0.0,0.0,405.0,0|0|0|0|0|116|289,nibrs_srs_equivalent_annual,2.0,7,HIGHWAY PATROL NORTH SACRAMENTO AREA OFFICE,state_law_enforcement,0.0,067,,fbi_cde_agency_roster,1.0,1.0,overlap,06:statewide_overlap_layer,1554.0,6,6,599.0,405.0,1.0,194.0,same_ori7_different_counts,T1_same_ori7_multiple_ori9
CA03499,CA0349952,CA,06,2021,0.0,0.0,26.0,93.0,0.0,0.0,0.0,119.0,0|0|0|0|0|26|93,nibrs_srs_equivalent_annual,2.0,7,HIGHWAY PATROL SOUTH SACRAMENTO AREA OFFICE,state_law_enforcement,0.0,067,,fbi_cde_agency_roster,1.0,1.0,overlap,06:statewide_overlap_layer,702.0,6,6,599.0,405.0,1.0,194.0,same_ori7_different_counts,T1_same_ori7_multiple_ori9
CA03499,CA0349960,CA,06,2021,0.0,0.0,14.0,52.0,0.0,0.0,0.0,66.0,0|0|0|0|0|14|52,nibrs_srs_equivalent_annual,2.0,7,HIGHWAY PATROL EAST SACRAMENTO AREA OFFICE,state_law_enforcement,0.0,067,,fbi_cde_agency_roster,1.0,1.0,overlap,06:statewide_overlap_layer,171.0,6,6,599.0,405.0,1.0,194.0,same_ori7_different_counts,T1_same_ori7_multiple_ori9
CT00504,CT0050400,CT,09,2021,0.0,13.0,155.0,3.0,0.0,0.0,2.0,173.0,0|0|2|0|13|155|3,srs_return_a_annual,12.0,7,YALE UNIVERSITY,unknown,,,,,1.0,1.0,overlap,09:statewide_overlap_layer,277.0,2,1,346.0,173.0,173.0,173.0,identical_7_offense_vector,T1_same_ori7_multiple_ori9
CT00504,CT005049E,CT,09,2021,0.0,13.0,155.0,3.0,0.0,0.0,2.0,173.0,0|0|2|0|13|155|3,nibrs_srs_equivalent_annual,12.0,7,,special_jurisdiction,0.0,,,,1.0,1.0,overlap,09:statewide_overlap_layer,277.0,2,1,346.0,173.0,173.0,173.0,identical_7_offense_vector,T1_same_ori7_multiple_ori9
MA01333,MA0133300,MA,25,2021,1.0,7.0,150.0,6.0,0.0,6.0,0.0,170.0,0|6|0|1|7|150|6,srs_return_a_annual,12.0,7,NORTHEASTERN UNIVERSITY,special_jurisdiction,,025,07000,srs_agency_header,1.0,1.0,overlap,25:statewide_overlap_layer,415.0,2,1,340.0,170.0,170.0,170.0,identical_7_offense_vector,T1_same_ori7_multiple_ori9
MA01333,MA013339E,MA,25,2021,1.0,7.0,150.0,6.0,0.0,6.0,0.0,170.0,0|6|0|1|7|150|6,nibrs_srs_equivalent_annual,12.0,7,BOSTON,special_jurisdiction,0.0,025,,fbi_cde_agency_roster,1.0,1.0,overlap,25:statewide_overlap_layer,415.0,2,1,340.0,170.0,170.0,170.0,identical_7_offense_vector,T1_same_ori7_multiple_ori9
MI63188,MI6318800,MI,26,2021,17.0,15.0,114.0,14.0,0.0,9.0,1.0,170.0,0|9|1|17|15|114|14,srs_return_a_annual,12.0,7,ORION TOWNSHIP,unknown,,,,,1.0,1.0,overlap,26:statewide_overlap_layer,158.0,2,1,340.0,170.0,170.0,170.0,identical_7_offense_vector,T1_same_ori7_multiple_ori9
MI63188,MI631880X,MI,26,2021,17.0,15.0,114.0,14.0,0.0,9.0,1.0,170.0,0|9|1|17|15|114|14,nibrs_srs_equivalent_annual,12.0,7,,local_police,37125.0,125,,fbi_cde_agency_roster,1.0,1.0,exclusive,26:municipal:cousub:2612561100,158.0,2,1,340.0,170.0,170.0,170.0,identical_7_offense_vector,T1_same_ori7_multiple_ori9
CA03048,CA0304800,CA,06,2021,8.0,27.0,112.0,13.0,0.0,1.0,4.0,165.0,0|1|4|8|27|112|13,srs_return_a_annual,9.0,0,RANCHO SANTA MARGARITA,local_police,,059,59587,srs_agency_header,1.0,1.0,exclusive,06:municipal:place:0659587,276.0,2,1,330.0,165.0,165.0,165.0,identical_7_offense_vector,T1_same_ori7_multiple_ori9
CA03048,CA030480X,CA,06,2021,8.0,27.0,112.0,13.0,0.0,1.0,4.0,165.0,0|1|4|8|27|112|13,nibrs_srs_equivalent_annual,10.0,7,SANTA ANA,local_police,48918.0,059,,fbi_cde_agency_roster,1.0,1.0,exclusive,06:municipal:place:0659587,276.0,2,1,330.0,165.0,165.0,165.0,identical_7_offense_vector,T1_same_ori7_multiple_ori9
GA06024,GA0602400,GA,13,2021,3.0,1.0,105.0,40.0,0.0,0.0,0.0,149.0,0|0|0|3|1|105|40,srs_return_a_annual,7.0,0,HRTSFLD JCKSN ATL INT AP,special_jurisdiction,,121,04000,srs_agency_header,1.0,1.0,overlap,13:statewide_overlap_layer,1028.697243683151,2,1,298.0,149.0,149.0,149.0,identical_7_offense_vector,T1_same_ori7_multiple_ori9
GA06024,GA060240X,GA,13,2021,3.0,1.0,105.0,40.0,0.0,0.0,0.0,149.0,0|0|0|3|1|105|40,nibrs_srs_equivalent_annual,7.0,7,ATLANTA,unknown,0.0,121,,fbi_cde_agency_roster,1.0,1.0,overlap,13:statewide_overlap_layer,856.0,2,1,298.0,149.0,149.0,149.0,identical_7_offense_vector,T1_same_ori7_multiple_ori9
MI63185,MI6318500,MI,26,2021,17.0,10.0,99.0,11.0,0.0,3.0,2.0,142.0,0|3|2|17|10|99|11,srs_return_a_annual,12.0,7,INDEPENDENCE TOWNSHIP,unknown,,,,,1.0,1.0,overlap,26:statewide_overlap_layer,158.0,2,1,284.0,142.0,142.0,142.0,identical_7_offense_vector,T1_same_ori7_multiple_ori9
MI63185,MI631850X,MI,26,2021,17.0,10.0,99.0,11.0,0.0,3.0,2.0,142.0,0|3|2|17|10|99|11,nibrs_srs_equivalent_annual,12.0,7,,local_police,37302.0,125,,fbi_cde_agency_roster,1.0,1.0,exclusive,26:municipal:cousub:2612540400,158.0,2,1,284.0,142.0,142.0,142.0,identical_7_offense_vector,T1_same_ori7_multiple_ori9
TX10138,TX1013800,TX,48,2021,1.0,8.0,109.0,13.0,0.0,2.0,0.0,133.0,0|2|0|1|8|109|13,srs_return_a_annual,12.0,7,RICE UNIVERSITY,special_jurisdiction,,201,35000,srs_agency_header,1.0,1.0,overlap,48:statewide_overlap_layer,196.0,2,1,266.0,133.0,133.0,133.0,identical_7_offense_vector,T1_same_ori7_multiple_ori9
TX10138,TX101389E,TX,48,2021,1.0,8.0,109.0,13.0,0.0,2.0,0.0,133.0,0|2|0|1|8|109|13,nibrs_srs_equivalent_annual,12.0,7,HOUSTON,special_jurisdiction,0.0,201,,fbi_cde_agency_roster,1.0,1.0,overlap,48:statewide_overlap_layer,196.0,2,1,266.0,133.0,133.0,133.0,identical_7_offense_vector,T1_same_ori7_multiple_ori9
TX05752,TX0575200,TX,48,2021,0.0,17.0,93.0,15.0,0.0,0.0,1.0,126.0,0|0|1|0|17|93|15,srs_return_a_annual,12.0,7,SOUTHERN METHODIST UNIV,special_jurisdiction,,113,19000,srs_agency_header,1.0,1.0,overlap,48:statewide_overlap_layer,146.0,2,1,252.0,126.0,126.0,126.0,identical_7_offense_vector,T1_same_ori7_multiple_ori9
TX05752,TX057529E,TX,48,2021,0.0,17.0,93.0,15.0,0.0,0.0,1.0,126.0,0|0|1|0|17|93|15,nibrs_srs_equivalent_annual,12.0,7,DALLAS,special_jurisdiction,0.0,113,,fbi_cde_agency_roster,1.0,1.0,overlap,48:statewide_overlap_layer,146.0,2,1,252.0,126.0,126.0,126.0,identical_7_offense_vector,T1_same_ori7_multiple_ori9
IN04939,IN0493900,IN,18,2021,3.0,14.0,86.0,11.0,0.0,1.0,4.0,119.0,0|1|4|3|14|86|11,srs_return_a_annual,12.0,7,UNIVERSITY OF INDIANAPOL,unknown,,,,,1.0,1.0,overlap,18:statewide_overlap_layer,36.191405218686015,2,1,238.0,119.0,119.0,119.0,identical_7_offense_vector,T1_same_ori7_multiple_ori9
IN04939,IN049399E,IN,18,2021,3.0,14.0,86.0,11.0,0.0,1.0,4.0,119.0,0|1|4|3|14|86|11,nibrs_srs_equivalent_annual,12.0,7,,special_jurisdiction,0.0,097,,fbi_cde_agency_roster,1.0,1.0,overlap,18:statewide_overlap_layer,27.0,2,1,238.0,119.0,119.0,119.0,identical_7_offense_vector,T1_same_ori7_multiple_ori9
CA01999,CA0199900,CA,06,2021,0.0,0.0,0.0,0.0,0.0,0.0,0.0,0.0,0|0|0|0|0|0|0,srs_return_a_annual,0.0,0,HP LOS ANGELES COUNTY,state_law_enforcement,0.0,037,44000,srs_agency_header,1.0,1.0,overlap,06:statewide_overlap_layer,613.7261315361661,13,12,134.0,30.0,0.0,104.0,same_ori7_different_counts,T1_same_ori7_multiple_ori9
CA01999,CA0199901,CA,06,2021,0.0,0.0,0.0,1.0,0.0,0.0,0.0,1.0,0|0|0|0|0|0|1,nibrs_srs_equivalent_annual,2.0,7,,state_law_enforcement,0.0,037,,fbi_cde_agency_roster,1.0,1.0,overlap,06:statewide_overlap_layer,6.0,13,12,134.0,30.0,0.0,104.0,same_ori7_different_counts,T1_same_ori7_multiple_ori9
CA01999,CA0199910,CA,06,2021,0.0,0.0,0.0,3.0,0.0,0.0,0.0,3.0,0|0|0|0|0|0|3,nibrs_srs_equivalent_annual,2.0,7,,state_law_enforcement,0.0,037,,fbi_cde_agency_roster,1.0,1.0,overlap,06:statewide_overlap_layer,36.0,13,12,134.0,30.0,0.0,104.0,same_ori7_different_counts,T1_same_ori7_multiple_ori9
CA01999,CA0199925,CA,06,2021,5.0,3.0,1.0,1.0,0.0,0.0,0.0,10.0,0|0|0|5|3|1|1,nibrs_srs_equivalent_annual,2.0,7,HIGHWAY PATROL BALDWIN PARK AREA OFFICE,state_law_enforcement,0.0,037,,fbi_cde_agency_roster,1.0,1.0,overlap,06:statewide_overlap_layer,57.0,13,12,134.0,30.0,0.0,104.0,same_ori7_different_counts,T1_same_ori7_multiple_ori9
CA01999,CA0199930,CA,06,2021,0.0,0.0,4.0,26.0,0.0,0.0,0.0,30.0,0|0|0|0|0|4|26,nibrs_srs_equivalent_annual,2.0,7,HIGHWAY PATROL SOUTH LOS ANGELES AREA OFFICE,state_law_enforcement,0.0,037,,fbi_cde_agency_roster,1.0,1.0,overlap,06:statewide_overlap_layer,38.0,13,12,134.0,30.0,0.0,104.0,same_ori7_different_counts,T1_same_ori7_multiple_ori9
CA01999,CA0199935,CA,06,2021,0.0,0.0,8.0,17.0,0.0,0.0,1.0,26.0,0|0|1|0|0|8|17,nibrs_srs_equivalent_annual,2.0,7,HIGHWAY PATROL EAST LOS ANGELES AREA OFFICE,state_law_enforcement,0.0,037,,fbi_cde_agency_roster,1.0,1.0,overlap,06:statewide_overlap_layer,94.0,13,12,134.0,30.0,0.0,104.0,same_ori7_different_counts,T1_same_ori7_multiple_ori9
CA01999,CA0199940,CA,06,2021,0.0,0.0,0.0,18.0,0.0,0.0,0.0,18.0,0|0|0|0|0|0|18,nibrs_srs_equivalent_annual,2.0,7,HIGHWAY PATROL NEWHALL AREA OFFICE,state_law_enforcement,0.0,037,,fbi_cde_agency_roster,1.0,1.0,overlap,06:statewide_overlap_layer,90.0,13,12,134.0,30.0,0.0,104.0,same_ori7_different_counts,T1_same_ori7_multiple_ori9
CA01999,CA0199945,CA,06,2021,0.0,0.0,0.0,7.0,0.0,0.0,0.0,7.0,0|0|0|0|0|0|7,nibrs_srs_equivalent_annual,12.0,7,,state_law_enforcement,0.0,037,,fbi_cde_agency_roster,1.0,1.0,overlap,06:statewide_overlap_layer,1.6930433625398547,13,12,134.0,30.0,0.0,104.0,same_ori7_different_counts,T1_same_ori7_multiple_ori9
CA01999,CA0199950,CA,06,2021,1.0,0.0,0.0,0.0,0.0,0.0,0.0,1.0,0|0|0|1|0|0|0,nibrs_srs_equivalent_annual,2.0,7,HIGHWAY PATROL SANTA FE SPRINGS AREA OFFICE,state_law_enforcement,0.0,037,,fbi_cde_agency_roster,1.0,1.0,overlap,06:statewide_overlap_layer,53.0,13,12,134.0,30.0,0.0,104.0,same_ori7_different_counts,T1_same_ori7_multiple_ori9
CA01999,CA0199965,CA,06,2021,0.0,0.0,0.0,4.0,0.0,0.0,0.0,4.0,0|0|0|0|0|0|4,nibrs_srs_equivalent_annual,2.0,7,HIGHWAY PATROL WEST LOS ANGELES AREA OFFICE,state_law_enforcement,0.0,037,,fbi_cde_agency_roster,1.0,1.0,overlap,06:statewide_overlap_layer,27.0,13,12,134.0,30.0,0.0,104.0,same_ori7_different_counts,T1_same_ori7_multiple_ori9
CA01999,CA0199975,CA,06,2021,0.0,0.0,0.0,3.0,0.0,0.0,0.0,3.0,0|0|0|0|0|0|3,nibrs_srs_equivalent_annual,12.0,7,HIGHWAY PATROL ALTADENA AREA OFFICE,state_law_enforcement,0.0,037,,fbi_cde_agency_roster,1.0,1.0,overlap,06:statewide_overlap_layer,29.0,13,12,134.0,30.0,0.0,104.0,same_ori7_different_counts,T1_same_ori7_multiple_ori9
CA01999,CA0199980,CA,06,2021,7.0,0.0,1.0,20.0,0.0,0.0,0.0,28.0,0|0|0|7|0|1|20,nibrs_srs_equivalent_annual,12.0,7,HIGHWAY PATROL WEST VALLEY AREA OFFICE,state_law_enforcement,0.0,037,,fbi_cde_agency_roster,1.0,1.0,overlap,06:statewide_overlap_layer,24.0,13,12,134.0,30.0,0.0,104.0,same_ori7_different_counts,T1_same_ori7_multiple_ori9
CA01999,CA0199990,CA,06,2021,0.0,0.0,0.0,2.0,1.0,0.0,0.0,3.0,1|0|0|0|0|0|2,nibrs_srs_equivalent_annual,2.0,7,HIGHWAY PATROL CENTRAL LOS ANGELES AREA OFFICE,state_law_enforcement,0.0,037,,fbi_cde_agency_roster,1.0,1.0,overlap,06:statewide_overlap_layer,32.0,13,12,134.0,30.0,0.0,104.0,same_ori7_different_counts,T1_same_ori7_multiple_ori9
MI63186,MI6318600,MI,26,2021,11.0,9.0,71.0,4.0,0.0,2.0,2.0,99.0,0|2|2|11|9|71|4,srs_return_a_annual,12.0,7,LYON TOWNSHIP,unknown,,,,,1.0,1.0,overlap,26:statewide_overlap_layer,77.0,2,1,198.0,99.0,99.0,99.0,identical_7_offense_vector,T1_same_ori7_multiple_ori9
MI63186,MI631860X,MI,26,2021,11.0,9.0,71.0,4.0,0.0,2.0,2.0,99.0,0|2|2|11|9|71|4,nibrs_srs_equivalent_annual,12.0,7,,local_police,26094.0,125,,fbi_cde_agency_roster,1.0,1.0,exclusive,26:municipal:cousub:2612549820,77.0,2,1,198.0,99.0,99.0,99.0,identical_7_offense_vector,T1_same_ori7_multiple_ori9
NH00927,NH0092700,NH,33,2021,1.0,6.0,63.0,0.0,0.0,8.0,0.0,78.0,0|8|0|1|6|63|0,srs_return_a_annual,12.0,7,UNIV OF NEW HAMPSHIRE,special_jurisdiction,,017,19620,srs_agency_header,1.0,1.0,overlap,33:statewide_overlap_layer,73.0,2,1,156.0,78.0,78.0,78.0,identical_7_offense_vector,T1_same_ori7_multiple_ori9
NH00927,NH00927TZ,NH,33,2021,1.0,6.0,63.0,0.0,0.0,8.0,0.0,78.0,0|8|0|1|6|63|0,nibrs_srs_equivalent_annual,12.0,7,DURHAM,special_jurisdiction,0.0,017,,fbi_cde_agency_roster,1.0,1.0,overlap,33:statewide_overlap_layer,73.0,2,1,156.0,78.0,78.0,78.0,identical_7_offense_vector,T1_same_ori7_multiple_ori9
RI00423,RI0042300,RI,44,2021,0.0,6.0,60.0,9.0,0.0,1.0,0.0,76.0,0|1|0|0|6|60|9,srs_return_a_annual,12.0,7,BROWN UNIVERSITY,special_jurisdiction,,007,59000,srs_agency_header,1.0,1.0,overlap,44:statewide_overlap_layer,101.0,2,1,152.0,76.0,76.0,76.0,identical_7_offense_vector,T1_same_ori7_multiple_ori9
RI00423,RI004239E,RI,44,2021,0.0,6.0,60.0,9.0,0.0,1.0,0.0,76.0,0|1|0|0|6|60|9,nibrs_srs_equivalent_annual,12.0,7,PROVIDENCE,special_jurisdiction,0.0,007,,fbi_cde_agency_roster,1.0,1.0,overlap,44:statewide_overlap_layer,101.0,2,1,152.0,76.0,76.0,76.0,identical_7_offense_vector,T1_same_ori7_multiple_ori9
UT02512,UT0251200,UT,49,2021,0.0,3.0,67.0,2.0,0.0,4.0,0.0,76.0,0|4|0|0|3|67|2,srs_return_a_annual,11.0,0,BRIGHAM YOUNG UNIVERSITY,special_jurisdiction,,049,62470,srs_agency_header,1.0,1.0,overlap,49:statewide_overlap_layer,85.0,2,1,152.0,76.0,76.0,76.0,identical_7_offense_vector,T1_same_ori7_multiple_ori9
UT02512,UT025129E,UT,49,2021,0.0,3.0,67.0,2.0,0.0,4.0,0.0,76.0,0|4|0|0|3|67|2,nibrs_srs_equivalent_annual,12.0,7,PROVO,special_jurisdiction,0.0,049,,fbi_cde_agency_roster,1.0,1.0,overlap,49:statewide_overlap_layer,85.0,2,1,152.0,76.0,76.0,76.0,identical_7_offense_vector,T1_same_ori7_multiple_ori9
NC03404,NC0340400,NC,37,2021,0.0,7.0,66.0,2.0,0.0,0.0,0.0,75.0,0|0|0|0|7|66|2,srs_return_a_annual,12.0,7,WAKE FOREST UNIVERSITY,special_jurisdiction,,067,75000,srs_agency_header,1.0,1.0,overlap,37:statewide_overlap_layer,94.55982189438592,2,1,150.0,75.0,75.0,75.0,identical_7_offense_vector,T1_same_ori7_multiple_ori9
NC03404,NC034049E,NC,37,2021,0.0,7.0,66.0,2.0,0.0,0.0,0.0,75.0,0|0|0|0|7|66|2,nibrs_srs_equivalent_annual,12.0,7,WINSTON SALEM,special_jurisdiction,0.0,067,,fbi_cde_agency_roster,1.0,1.0,overlap,37:statewide_overlap_layer,70.0,2,1,150.0,75.0,75.0,75.0,identical_7_offense_vector,T1_same_ori7_multiple_ori9
MI63184,MI6318400,MI,26,2021,14.0,9.0,32.0,17.0,0.0,1.0,0.0,73.0,0|1|0|14|9|32|17,srs_return_a_annual,12.0,7,HIGHLAND TOWNSHIP,unknown,,,,,1.0,1.0,overlap,26:statewide_overlap_layer,81.0,2,1,146.0,73.0,73.0,73.0,identical_7_offense_vector,T1_same_ori7_multiple_ori9
MI63184,MI631840X,MI,26,2021,14.0,9.0,32.0,17.0,0.0,1.0,0.0,73.0,0|1|0|14|9|32|17,nibrs_srs_equivalent_annual,12.0,7,,local_police,20302.0,125,,fbi_cde_agency_roster,1.0,1.0,exclusive,26:municipal:cousub:2612538080,81.0,2,1,146.0,73.0,73.0,73.0,identical_7_offense_vector,T1_same_ori7_multiple_ori9
MA01352,MA0135200,MA,25,2021,25.0,2.0,39.0,0.0,0.0,0.0,0.0,66.0,0|0|0|25|2|39|0,srs_return_a_annual,10.0,0,MASS GENERAL HOSPITAL,unknown,,,,,1.0,1.0,overlap,25:statewide_overlap_layer,190.41710694937117,2,1,132.0,66.0,66.0,66.0,identical_7_offense_vector,T1_same_ori7_multiple_ori9
MA01352,MA013529E,MA,25,2021,25.0,2.0,39.0,0.0,0.0,0.0,0.0,66.0,0|0|0|25|2|39|0,nibrs_srs_equivalent_annual,10.0,7,,unknown,0.0,025,,fbi_cde_agency_roster,1.0,1.0,overlap,25:statewide_overlap_layer,41.02614949539808,2,1,132.0,66.0,66.0,66.0,identical_7_offense_vector,T1_same_ori7_multiple_ori9
MI63192,MI6319200,MI,26,2021,7.0,3.0,46.0,6.0,0.0,1.0,0.0,63.0,0|1|0|7|3|46|6,srs_return_a_annual,12.0,7,SPRINGFIELD TOWNSHIP,unknown,,,,,1.0,1.0,overlap,26:statewide_overlap_layer,62.0,2,1,126.0,63.0,63.0,63.0,identical_7_offense_vector,T1_same_ori7_multiple_ori9
MI63192,MI631920X,MI,26,2021,7.0,3.0,46.0,6.0,0.0,1.0,0.0,63.0,0|1|0|7|3|46|6,nibrs_srs_equivalent_annual,12.0,7,,local_police,14762.0,125,,fbi_cde_agency_roster,1.0,1.0,exclusive,26:municipal:cousub:2612575760,62.0,2,1,126.0,63.0,63.0,63.0,identical_7_offense_vector,T1_same_ori7_multiple_ori9
MI63189,MI6318900,MI,26,2021,16.0,6.0,24.0,7.0,4.0,3.0,0.0,60.0,4|3|0|16|6|24|7,srs_return_a_annual,12.0,7,OXFORD TOWNSHIP,unknown,,,,,1.0,1.0,overlap,26:statewide_overlap_layer,57.0,2,1,120.0,60.0,60.0,60.0,identical_7_offense_vector,T1_same_ori7_multiple_ori9
MI63189,MI631890X,MI,26,2021,16.0,6.0,24.0,7.0,4.0,3.0,0.0,60.0,4|3|0|16|6|24|7,nibrs_srs_equivalent_annual,12.0,7,,local_police,19592.0,125,,fbi_cde_agency_roster,1.0,1.0,exclusive,26:municipal:cousub:2612562040,57.0,2,1,120.0,60.0,60.0,60.0,identical_7_offense_vector,T1_same_ori7_multiple_ori9
NH00401,NH0040100,NH,33,2021,2.0,5.0,43.0,3.0,0.0,4.0,0.0,57.0,0|4|0|2|5|43|3,srs_return_a_annual,12.0,7,SP COOS COUNTY,state_law_enforcement,,007,99007,srs_agency_header,1.0,1.0,overlap,33:statewide_overlap_layer,22.909090909090907,2,1,114.0,57.0,57.0,57.0,identical_7_offense_vector,T1_same_ori7_multiple_ori9
NH00401,NH004010X,NH,33,2021,2.0,5.0,43.0,3.0,0.0,4.0,0.0,57.0,0|4|0|2|5|43|3,nibrs_srs_equivalent_annual,12.0,7,CONCORD,state_law_enforcement,7847.0,007,,fbi_cde_agency_roster,1.0,1.0,overlap,33:statewide_overlap_layer,21.0,2,1,114.0,57.0,57.0,57.0,identical_7_offense_vector,T1_same_ori7_multiple_ori9
CA05499,CA0549900,CA,06,2021,0.0,0.0,0.0,0.0,0.0,0.0,0.0,0.0,0|0|0|0|0|0|0,srs_return_a_annual,0.0,0,HP TULARE COUNTY,state_law_enforcement,0.0,107,82954,srs_agency_header,1.0,1.0,overlap,06:statewide_overlap_layer,720.9184576233268,3,3,134.0,78.0,0.0,56.0,same_ori7_different_counts,T1_same_ori7_multiple_ori9
CA05499,CA0549980,CA,06,2021,3.0,0.0,11.0,63.0,0.0,0.0,1.0,78.0,0|0|1|3|0|11|63,nibrs_srs_equivalent_annual,2.0,7,HIGHWAY PATROL VISALIA AREA OFFICE,state_law_enforcement,0.0,107,,fbi_cde_agency_roster,1.0,1.0,overlap,06:statewide_overlap_layer,314.0,3,3,134.0,78.0,0.0,56.0,same_ori7_different_counts,T1_same_ori7_multiple_ori9
CA05499,CA0549981,CA,06,2021,1.0,0.0,22.0,32.0,0.0,0.0,1.0,56.0,0|0|1|1|0|22|32,nibrs_srs_equivalent_annual,2.0,7,HIGHWAY PATROL PORTERVILLE AREA OFFICE,state_law_enforcement,0.0,107,,fbi_cde_agency_roster,1.0,1.0,overlap,06:statewide_overlap_layer,140.0,3,3,134.0,78.0,0.0,56.0,same_ori7_different_counts,T1_same_ori7_multiple_ori9
IL09990,IL0999000,IL,17,2021,4.0,10.0,33.0,5.0,0.0,2.0,0.0,54.0,0|2|0|4|10|33|5,srs_return_a_annual,8.0,0,HOMER GLEN,local_police,,197,35835,srs_agency_header,1.0,1.0,exclusive,17:municipal:place:1735835,72.0,2,1,108.0,54.0,54.0,54.0,identical_7_offense_vector,T1_same_ori7_multiple_ori9
IL09990,IL099900X,IL,17,2021,4.0,10.0,33.0,5.0,0.0,2.0,0.0,54.0,0|2|0|4|10|33|5,nibrs_srs_equivalent_annual,9.0,7,JOILET,local_police,24638.0,197,,fbi_cde_agency_roster,1.0,1.0,exclusive,17:municipal:place:1738570,72.0,2,1,108.0,54.0,54.0,54.0,identical_7_offense_vector,T1_same_ori7_multiple_ori9
SD01399,SD0139900,SD,46,2021,0.0,2.0,47.0,1.0,0.0,0.0,0.0,50.0,0|0|0|0|2|47|1,srs_return_a_annual,10.0,0,UNIVERSITY OF SOUTH DAKO,unknown,,,,,1.0,1.0,overlap,46:statewide_overlap_layer,26.399999999999995,2,1,100.0,50.0,50.0,50.0,identical_7_offense_vector,T1_same_ori7_multiple_ori9
SD01399,SD013990X,SD,46,2021,0.0,2.0,47.0,1.0,0.0,0.0,0.0,50.0,0|0|0|0|2|47|1,nibrs_srs_equivalent_annual,11.0,7,,special_jurisdiction,0.0,027,,fbi_cde_agency_roster,1.0,1.0,overlap,46:statewide_overlap_layer,22.0,2,1,100.0,50.0,50.0,50.0,identical_7_offense_vector,T1_same_ori7_multiple_ori9
NM03210,NM0321000,NM,35,2021,7.0,14.0,20.0,6.0,0.0,0.0,1.0,48.0,0|0|1|7|14|20|6,srs_return_a_annual,10.0,0,PERALTA,local_police,,061,56180,srs_agency_header,1.0,1.0,exclusive,35:municipal:place:3556180,30.0,2,1,96.0,48.0,48.0,48.0,identical_7_offense_vector,T1_same_ori7_multiple_ori9
NM03210,NM032100X,NM,35,2021,7.0,14.0,20.0,6.0,0.0,0.0,1.0,48.0,0|0|1|7|14|20|6,nibrs_srs_equivalent_annual,12.0,7,PERALTA,local_police,3631.0,061,,fbi_cde_agency_roster,1.0,1.0,exclusive,35:municipal:place:3556180,30.0,2,1,96.0,48.0,48.0,48.0,identical_7_offense_vector,T1_same_ori7_multiple_ori9
CA03047,CA0304700,CA,06,2021,2.0,11.0,28.0,4.0,0.0,0.0,2.0,47.0,0|0|2|2|11|28|4,srs_return_a_annual,7.0,0,LAGUNA WOODS,local_police,,059,53980,srs_agency_header,1.0,1.0,exclusive,06:municipal:place:0653980,160.0,2,1,94.0,47.0,47.0,47.0,identical_7_offense_vector,T1_same_ori7_multiple_ori9
CA03047,CA030470X,CA,06,2021,2.0,11.0,28.0,4.0,0.0,0.0,2.0,47.0,0|0|2|2|11|28|4,nibrs_srs_equivalent_annual,7.0,7,SANTA ANA,local_police,17249.0,059,,fbi_cde_agency_roster,1.0,1.0,exclusive,06:municipal:place:0639259,160.0,2,1,94.0,47.0,47.0,47.0,identical_7_offense_vector,T1_same_ori7_multiple_ori9
NC00106,NC0010600,NC,37,2021,0.0,10.0,33.0,3.0,0.0,1.0,0.0,47.0,0|1|0|0|10|33|3,srs_return_a_annual,11.0,0,ELON UNIVERSITY,special_jurisdiction,,001,21095,srs_agency_header,1.0,1.0,overlap,37:statewide_overlap_layer,58.0,2,1,94.0,47.0,47.0,47.0,identical_7_offense_vector,T1_same_ori7_multiple_ori9
NC00106,NC001069E,NC,37,2021,0.0,10.0,33.0,3.0,0.0,1.0,0.0,47.0,0|1|0|0|10|33|3,nibrs_srs_equivalent_annual,12.0,7,ELON,special_jurisdiction,0.0,001,,fbi_cde_agency_roster,1.0,1.0,overlap,37:statewide_overlap_layer,58.0,2,1,94.0,47.0,47.0,47.0,identical_7_offense_vector,T1_same_ori7_multiple_ori9
GA01109,GA0110900,GA,13,2021,1.0,4.0,32.0,5.0,0.0,1.0,0.0,43.0,0|1|0|1|4|32|5,srs_return_a_annual,11.0,0,MERCER UNIVERSITY,special_jurisdiction,,021,49000,srs_agency_header,1.0,1.0,overlap,13:statewide_overlap_layer,77.0,2,1,86.0,43.0,43.0,43.0,identical_7_offense_vector,T1_same_ori7_multiple_ori9
GA01109,GA011099E,GA,13,2021,1.0,4.0,32.0,5.0,0.0,1.0,0.0,43.0,0|1|0|1|4|32|5,nibrs_srs_equivalent_annual,12.0,7,MACON,special_jurisdiction,0.0,021,,fbi_cde_agency_roster,1.0,1.0,overlap,13:statewide_overlap_layer,77.0,2,1,86.0,43.0,43.0,43.0,identical_7_offense_vector,T1_same_ori7_multiple_ori9
TX22727,TX2272700,TX,48,2021,1.0,4.0,35.0,0.0,0.0,1.0,0.0,41.0,0|1|0|1|4|35|0,srs_return_a_annual,12.0,7,ST EDWARDS UNIVERSITY,unknown,,,,,1.0,1.0,overlap,48:statewide_overlap_layer,38.699006618452586,2,1,82.0,41.0,41.0,41.0,identical_7_offense_vector,T1_same_ori7_multiple_ori9
TX22727,TX227279E,TX,48,2021,1.0,4.0,35.0,0.0,0.0,1.0,0.0,41.0,0|1|0|1|4|35|0,nibrs_srs_equivalent_annual,12.0,7,,special_jurisdiction,0.0,453,,fbi_cde_agency_roster,1.0,1.0,overlap,48:statewide_overlap_layer,30.77777157441221,2,1,82.0,41.0,41.0,41.0,identical_7_offense_vector,T1_same_ori7_multiple_ori9
MO09501,MO0950100,MO,29,2021,0.0,1.0,36.0,1.0,0.0,0.0,0.0,38.0,0|0|0|0|1|36|1,srs_return_a_annual,12.0,7,WASHINGTON UNIVERSITY,local_police,,189,01612,srs_agency_header,1.0,1.0,overlap,29:statewide_overlap_layer,100.87943205021857,2,1,76.0,38.0,38.0,38.0,identical_7_offense_vector,T1_same_ori7_multiple_ori9
MO09501,MO095019E,MO,29,2021,0.0,1.0,36.0,1.0,0.0,0.0,0.0,38.0,0|0|0|0|1|36|1,nibrs_srs_equivalent_annual,12.0,7,SAINT LOUIS,special_jurisdiction,0.0,189,,fbi_cde_agency_roster,1.0,1.0,overlap,29:statewide_overlap_layer,92.0,2,1,76.0,38.0,38.0,38.0,identical_7_offense_vector,T1_same_ori7_multiple_ori9
MA00964,MA0096400,MA,25,2021,1.0,2.0,28.0,2.0,0.0,1.0,0.0,34.0,0|1|0|1|2|28|2,srs_return_a_annual,9.0,0,TUFTS UNIVERSITY MEDFORD,special_jurisdiction,,017,39835,srs_agency_header,1.0,1.0,overlap,25:statewide_overlap_layer,38.89490703935574,2,1,68.0,34.0,34.0,34.0,identical_7_offense_vector,T1_same_ori7_multiple_ori9
MA00964,MA009649E,MA,25,2021,1.0,2.0,28.0,2.0,0.0,1.0,0.0,34.0,0|1|0|1|2|28|2,nibrs_srs_equivalent_annual,12.0,7,MEDFORD,special_jurisdiction,0.0,017,,fbi_cde_agency_roster,1.0,1.0,overlap,25:statewide_overlap_layer,34.0,2,1,68.0,34.0,34.0,34.0,identical_7_offense_vector,T1_same_ori7_multiple_ori9
MI63187,MI6318700,MI,26,2021,9.0,1.0,22.0,2.0,0.0,0.0,0.0,34.0,0|0|0|9|1|22|2,srs_return_a_annual,12.0,7,OAKLAND TOWNSHIP,unknown,,,,,1.0,1.0,overlap,26:statewide_overlap_layer,41.0,2,1,68.0,34.0,34.0,34.0,identical_7_offense_vector,T1_same_ori7_multiple_ori9
MI63187,MI631870X,MI,26,2021,9.0,1.0,22.0,2.0,0.0,0.0,0.0,34.0,0|0|0|9|1|22|2,nibrs_srs_equivalent_annual,12.0,7,,local_police,20328.0,125,,fbi_cde_agency_roster,1.0,1.0,exclusive,26:municipal:cousub:2612559820,41.0,2,1,68.0,34.0,34.0,34.0,identical_7_offense_vector,T1_same_ori7_multiple_ori9
MA01130,MA0113000,MA,25,2021,2.0,6.0,24.0,0.0,0.0,1.0,0.0,33.0,0|1|0|2|6|24|0,srs_return_a_annual,11.0,0,BABSON COLLEGE,unknown,,021,,leaic_crosswalk,1.0,1.0,overlap,25:statewide_overlap_layer,58.28571428571428,2,1,66.0,33.0,33.0,33.0,identical_7_offense_vector,T1_same_ori7_multiple_ori9
MA01130,MA011309E,MA,25,2021,2.0,6.0,24.0,0.0,0.0,1.0,0.0,33.0,0|1|0|2|6|24|0,nibrs_srs_equivalent_annual,12.0,7,WELLESLEY,special_jurisdiction,0.0,021,,fbi_cde_agency_roster,1.0,1.0,overlap,25:statewide_overlap_layer,34.0,2,1,66.0,33.0,33.0,33.0,identical_7_offense_vector,T1_same_ori7_multiple_ori9
MI63181,MI6318100,MI,26,2021,11.0,2.0,14.0,4.0,0.0,2.0,0.0,33.0,0|2|0|11|2|14|4,srs_return_a_annual,12.0,7,BRANDON TOWNSHIP,unknown,,,,,1.0,1.0,overlap,26:statewide_overlap_layer,36.0,2,1,66.0,33.0,33.0,33.0,identical_7_offense_vector,T1_same_ori7_multiple_ori9
MI63181,MI631810X,MI,26,2021,11.0,2.0,14.0,4.0,0.0,2.0,0.0,33.0,0|2|0|11|2|14|4,nibrs_srs_equivalent_annual,12.0,7,,local_police,16161.0,125,,fbi_cde_agency_roster,1.0,1.0,exclusive,26:state_nonmunicipal_remainder,36.0,2,1,66.0,33.0,33.0,33.0,identical_7_offense_vector,T1_same_ori7_multiple_ori9
NH00501,NH0050100,NH,33,2021,3.0,5.0,14.0,5.0,0.0,2.0,0.0,29.0,0|2|0|3|5|14|5,srs_return_a_annual,11.0,0,SP GRAFTON COUNTY,state_law_enforcement,,009,99009,srs_agency_header,1.0,1.0,overlap,33:statewide_overlap_layer,38.0,2,1,58.0,29.0,29.0,29.0,identical_7_offense_vector,T1_same_ori7_multiple_ori9
NH00501,NH005010X,NH,33,2021,3.0,5.0,14.0,5.0,0.0,2.0,0.0,29.0,0|2|0|3|5|14|5,nibrs_srs_equivalent_annual,12.0,7,CONCORD,state_law_enforcement,11292.0,009,,fbi_cde_agency_roster,1.0,1.0,overlap,33:statewide_overlap_layer,38.0,2,1,58.0,29.0,29.0,29.0,identical_7_offense_vector,T1_same_ori7_multiple_ori9
MA00538,MA0053800,MA,25,2021,3.0,5.0,19.0,0.0,0.0,0.0,0.0,27.0,0|0|0|3|5|19|0,srs_return_a_annual,8.0,0,MERRIMACK COLLEGE,special_jurisdiction,,009,46400,srs_agency_header,1.0,1.0,overlap,25:statewide_overlap_layer,18.0,2,1,54.0,27.0,27.0,27.0,identical_7_offense_vector,T1_same_ori7_multiple_ori9
MA00538,MA005389E,MA,25,2021,3.0,5.0,19.0,0.0,0.0,0.0,0.0,27.0,0|0|0|3|5|19|0,nibrs_srs_equivalent_annual,12.0,7,NORTH ANDOVER,special_jurisdiction,0.0,009,,fbi_cde_agency_roster,1.0,1.0,overlap,25:statewide_overlap_layer,18.0,2,1,54.0,27.0,27.0,27.0,identical_7_offense_vector,T1_same_ori7_multiple_ori9
MA01355,MA0135500,MA,25,2021,3.0,3.0,20.0,0.0,0.0,1.0,0.0,27.0,0|1|0|3|3|20|0,srs_return_a_annual,9.0,0,WENTWORTH INST OF TECH,special_jurisdiction,,025,07000,srs_agency_header,1.0,1.0,overlap,25:statewide_overlap_layer,48.0,2,1,54.0,27.0,27.0,27.0,identical_7_offense_vector,T1_same_ori7_multiple_ori9
MA01355,MA013559E,MA,25,2021,3.0,3.0,20.0,0.0,0.0,1.0,0.0,27.0,0|1|0|3|3|20|0,nibrs_srs_equivalent_annual,12.0,7,BOSTON,special_jurisdiction,0.0,025,,fbi_cde_agency_roster,1.0,1.0,overlap,25:statewide_overlap_layer,48.0,2,1,54.0,27.0,27.0,27.0,identical_7_offense_vector,T1_same_ori7_multiple_ori9
MO07401,MO0740100,MO,29,2021,0.0,1.0,20.0,1.0,0.0,2.0,0.0,24.0,0|2|0|0|1|20|1,srs_return_a_annual,11.0,0,NORTHWEST MO STATE UNIV,special_jurisdiction,,147,46640,srs_agency_header,1.0,1.0,overlap,29:statewide_overlap_layer,28.0,2,1,48.0,24.0,24.0,24.0,identical_7_offense_vector,T1_same_ori7_multiple_ori9
MO07401,MO074015Y,MO,29,2021,0.0,1.0,20.0,1.0,0.0,2.0,0.0,24.0,0|2|0|0|1|20|1,nibrs_srs_equivalent_annual,12.0,7,MARYVILLE,special_jurisdiction,0.0,147,,fbi_cde_agency_roster,1.0,1.0,overlap,29:statewide_overlap_layer,14.0,2,1,48.0,24.0,24.0,24.0,identical_7_offense_vector,T1_same_ori7_multiple_ori9
NH00701,NH0070100,NH,33,2021,4.0,2.0,13.0,2.0,0.0,2.0,0.0,23.0,0|2|0|4|2|13|2,srs_return_a_annual,12.0,7,SP MERRIMACK COUNTY,state_law_enforcement,,013,99013,srs_agency_header,1.0,1.0,overlap,33:statewide_overlap_layer,35.0,2,1,46.0,23.0,23.0,23.0,identical_7_offense_vector,T1_same_ori7_multiple_ori9
NH00701,NH007010X,NH,33,2021,4.0,2.0,13.0,2.0,0.0,2.0,0.0,23.0,0|2|0|4|2|13|2,nibrs_srs_equivalent_annual,12.0,7,CONCORD,state_law_enforcement,6979.0,013,,fbi_cde_agency_roster,1.0,1.0,overlap,33:statewide_overlap_layer,35.0,2,1,46.0,23.0,23.0,23.0,identical_7_offense_vector,T1_same_ori7_multiple_ori9
CA03699,CA0369900,CA,06,2021,0.0,0.0,0.0,0.0,0.0,0.0,0.0,0.0,0|0|0|0|0|0|0,srs_return_a_annual,0.0,0,HP SAN BERNARDINO CNTY,state_law_enforcement,0.0,071,99071,srs_agency_header,1.0,1.0,overlap,06:statewide_overlap_layer,188.39911285783745,8,6,41.0,20.0,0.0,21.0,same_ori7_different_counts,T1_same_ori7_multiple_ori9
CA03699,CA0369930,CA,06,2021,1.0,1.0,4.0,2.0,0.0,0.0,0.0,8.0,0|0|0|1|1|4|2,nibrs_srs_equivalent_annual,2.0,7,HIGHWAY PATROL BARSTOW AREA OFFICE,state_law_enforcement,0.0,071,,fbi_cde_agency_roster,1.0,1.0,overlap,06:statewide_overlap_layer,39.0,8,6,41.0,20.0,0.0,21.0,same_ori7_different_counts,T1_same_ori7_multiple_ori9
CA03699,CA0369934,CA,06,2021,1.0,0.0,0.0,0.0,0.0,0.0,0.0,1.0,0|0|0|1|0|0|0,nibrs_srs_equivalent_annual,2.0,7,HIGHWAY PATROL NEEDLES AREA OFFICE,state_law_enforcement,0.0,071,,fbi_cde_agency_roster,1.0,1.0,overlap,06:statewide_overlap_layer,9.0,8,6,41.0,20.0,0.0,21.0,same_ori7_different_counts,T1_same_ori7_multiple_ori9
CA03699,CA0369950,CA,06,2021,0.0,0.0,7.0,13.0,0.0,0.0,0.0,20.0,0|0|0|0|0|7|13,nibrs_srs_equivalent_annual,2.0,7,HIGHWAY PATROL VICTORVILLE AREA OFFICE,state_law_enforcement,0.0,071,,fbi_cde_agency_roster,1.0,1.0,overlap,06:statewide_overlap_layer,56.0,8,6,41.0,20.0,0.0,21.0,same_ori7_different_counts,T1_same_ori7_multiple_ori9
CA03699,CA0369955,CA,06,2021,1.0,2.0,2.0,3.0,0.0,0.0,0.0,8.0,0|0|0|1|2|2|3,nibrs_srs_equivalent_annual,12.0,7,HIGHWAY PATROL RANCHO CUCAMONGA AREA OFFICE,state_law_enforcement,0.0,071,,fbi_cde_agency_roster,1.0,1.0,overlap,06:statewide_overlap_layer,13.0,8,6,41.0,20.0,0.0,21.0,same_ori7_different_counts,T1_same_ori7_multiple_ori9
CA03699,CA0369960,CA,06,2021,1.0,0.0,0.0,1.0,0.0,0.0,0.0,2.0,0|0|0|1|0|0|1,nibrs_srs_equivalent_annual,2.0,7,HIGHWAY PATROL SAN BERNARDINO AREA OFFICE,state_law_enforcement,0.0,071,,fbi_cde_agency_roster,1.0,1.0,overlap,06:statewide_overlap_layer,9.0,8,6,41.0,20.0,0.0,21.0,same_ori7_different_counts,T1_same_ori7_multiple_ori9
CA03699,CA0369965,CA,06,2021,1.0,0.0,0.0,0.0,0.0,0.0,0.0,1.0,0|0|0|1|0|0|0,nibrs_srs_equivalent_annual,2.0,7,,state_law_enforcement,0.0,071,,fbi_cde_agency_roster,1.0,1.0,overlap,06:statewide_overlap_layer,1.7693264755156002,8,6,41.0,20.0,0.0,21.0,same_ori7_different_counts,T1_same_ori7_multiple_ori9
CA03699,CA0369970,CA,06,2021,1.0,0.0,0.0,0.0,0.0,0.0,0.0,1.0,0|0|0|1|0|0|0,nibrs_srs_equivalent_annual,12.0,7,,state_law_enforcement,0.0,071,,fbi_cde_agency_roster,1.0,1.0,overlap,06:statewide_overlap_layer,0.9411677292192862,8,6,41.0,20.0,0.0,21.0,same_ori7_different_counts,T1_same_ori7_multiple_ori9
OK05502,OK0550200,OK,40,2021,136.0,118.0,436.0,81.0,5.0,10.0,18.0,804.0,5|10|18|136|118|436|81,srs_return_a_annual,12.0,7,DEL CITY,local_police,21859.0,109,19900,srs_agency_header,1.0,1.0,exclusive,40:municipal:place:4019900,777.0,2,2,825.0,804.0,21.0,21.0,same_ori7_different_counts,T1_same_ori7_multiple_ori9
OK05502,OK055025C,OK,40,2021,20.0,0.0,0.0,0.0,1.0,0.0,0.0,21.0,1|0|0|20|0|0|0,nibrs_srs_equivalent_annual,3.0,7,,unknown,0.0,,,,1.0,1.0,overlap,40:statewide_overlap_layer,133.0,2,2,825.0,804.0,21.0,21.0,same_ori7_different_counts,T1_same_ori7_multiple_ori9
TX01534,TX0153400,TX,48,2021,1.0,1.0,15.0,2.0,0.0,1.0,0.0,20.0,0|1|0|1|1|15|2,srs_return_a_annual,9.0,0,ST MARY S UNIVERSITY,special_jurisdiction,,029,65000,srs_agency_header,1.0,1.0,overlap,48:statewide_overlap_layer,30.0,2,1,40.0,20.0,20.0,20.0,identical_7_offense_vector,T1_same_ori7_multiple_ori9
TX01534,TX015349E,TX,48,2021,1.0,1.0,15.0,2.0,0.0,1.0,0.0,20.0,0|1|0|1|1|15|2,nibrs_srs_equivalent_annual,12.0,7,SAN ANTONIO,special_jurisdiction,0.0,029,,fbi_cde_agency_roster,1.0,1.0,overlap,48:statewide_overlap_layer,31.0,2,1,40.0,20.0,20.0,20.0,identical_7_offense_vector,T1_same_ori7_multiple_ori9
CA01599,CA0159900,CA,06,2021,0.0,0.0,0.0,0.0,0.0,0.0,0.0,0.0,0|0|0|0|0|0|0,srs_return_a_annual,0.0,0,HP KERN COUNTY,state_law_enforcement,0.0,029,03526,srs_agency_header,1.0,1.0,overlap,06:statewide_overlap_layer,248.77939329029329,4,4,51.0,33.0,0.0,18.0,same_ori7_different_counts,T1_same_ori7_multiple_ori9
CA01599,CA0159920,CA,06,2021,1.0,0.0,1.0,31.0,0.0,0.0,0.0,33.0,0|0|0|1|0|1|31,nibrs_srs_equivalent_annual,2.0,7,HIGHWAY PATROL BAKERSFIELD AREA OFFICE,state_law_enforcement,0.0,029,,fbi_cde_agency_roster,1.0,1.0,overlap,06:statewide_overlap_layer,203.0,4,4,51.0,33.0,0.0,18.0,same_ori7_different_counts,T1_same_ori7_multiple_ori9
CA01599,CA0159926,CA,06,2021,0.0,0.0,0.0,12.0,0.0,0.0,0.0,12.0,0|0|0|0|0|0|12,nibrs_srs_equivalent_annual,2.0,7,HIGHWAY PATROL BUTTONWILLOW AREA OFFICE,state_law_enforcement,0.0,029,,fbi_cde_agency_roster,1.0,1.0,overlap,06:statewide_overlap_layer,20.0,4,4,51.0,33.0,0.0,18.0,same_ori7_different_counts,T1_same_ori7_multiple_ori9
CA01599,CA0159960,CA,06,2021,1.0,0.0,0.0,5.0,0.0,0.0,0.0,6.0,0|0|0|1|0|0|5,nibrs_srs_equivalent_annual,2.0,7,HIGHWAY PATROL FORT TEJON AREA OFFICE,state_law_enforcement,0.0,029,,fbi_cde_agency_roster,1.0,1.0,overlap,06:statewide_overlap_layer,9.0,4,4,51.0,33.0,0.0,18.0,same_ori7_different_counts,T1_same_ori7_multiple_ori9
CO03401,CO0340100,CO,08,2021,32.0,59.0,516.0,36.0,0.0,10.0,6.0,659.0,0|10|6|32|59|516|36,nibrs_srs_equivalent_annual|srs_return_a_annual,12.0,7,DURANGO,local_police,19995.0,067,22035,srs_agency_header,1.0,1.0,exclusive,08:municipal:place:0822035,661.2671539873213,2,2,677.0,659.0,18.0,18.0,same_ori7_different_counts,T1_same_ori7_multiple_ori9
CO03401,CO034019E,CO,08,2021,2.0,6.0,7.0,0.0,0.0,3.0,0.0,18.0,0|3|0|2|6|7|0,nibrs_srs_equivalent_annual,12.0,7,DURANGO,special_jurisdiction,0.0,067,,fbi_cde_agency_roster,1.0,1.0,overlap,08:statewide_overlap_layer,29.0,2,2,677.0,659.0,18.0,18.0,same_ori7_different_counts,T1_same_ori7_multiple_ori9
GA05706,GA0570600,GA,13,2021,0.0,4.0,13.0,0.0,0.0,0.0,0.0,17.0,0|0|0|0|4|13|0,srs_return_a_annual,8.0,0,BERRY COLLEGE,special_jurisdiction,,115,53312,srs_agency_header,1.0,1.0,overlap,13:statewide_overlap_layer,26.08825126017836,2,1,34.0,17.0,17.0,17.0,identical_7_offense_vector,T1_same_ori7_multiple_ori9
GA05706,GA057069E,GA,13,2021,0.0,4.0,13.0,0.0,0.0,0.0,0.0,17.0,0|0|0|0|4|13|0,nibrs_srs_equivalent_annual,12.0,7,MOUNT BERRY,special_jurisdiction,0.0,115,,fbi_cde_agency_roster,1.0,1.0,overlap,13:statewide_overlap_layer,17.0,2,1,34.0,17.0,17.0,17.0,identical_7_offense_vector,T1_same_ori7_multiple_ori9
SC04216,SC0421600,SC,45,2021,0.0,4.0,10.0,1.0,0.0,1.0,1.0,17.0,0|1|1|0|4|10|1,srs_return_a_annual,9.0,0,SPARTANBURG METHODIST CO,special_jurisdiction,,083,99083,srs_agency_header,1.0,1.0,overlap,45:statewide_overlap_layer,26.399999999999995,2,1,34.0,17.0,17.0,17.0,identical_7_offense_vector,T1_same_ori7_multiple_ori9
SC04216,SC042169E,SC,45,2021,0.0,4.0,10.0,1.0,0.0,1.0,1.0,17.0,0|1|1|0|4|10|1,nibrs_srs_equivalent_annual,12.0,7,SPARTANBURG,special_jurisdiction,0.0,083,,fbi_cde_agency_roster,1.0,1.0,overlap,45:statewide_overlap_layer,22.0,2,1,34.0,17.0,17.0,17.0,identical_7_offense_vector,T1_same_ori7_multiple_ori9
MA00560,MA0056000,MA,25,2021,0.0,1.0,15.0,0.0,0.0,0.0,0.0,16.0,0|0|0|0|1|15|0,srs_return_a_annual,9.0,0,GORDON COLLEGE,unknown,,,,,1.0,1.0,overlap,25:statewide_overlap_layer,15.627336179607349,2,1,32.0,16.0,16.0,16.0,identical_7_offense_vector,T1_same_ori7_multiple_ori9
MA00560,MA005609E,MA,25,2021,0.0,1.0,15.0,0.0,0.0,0.0,0.0,16.0,0|0|0|0|1|15|0,nibrs_srs_equivalent_annual,12.0,7,,special_jurisdiction,0.0,009,,fbi_cde_agency_roster,1.0,1.0,overlap,25:statewide_overlap_layer,12.0,2,1,32.0,16.0,16.0,16.0,identical_7_offense_vector,T1_same_ori7_multiple_ori9
CA00199,CA0019900,CA,06,2021,0.0,0.0,0.0,0.0,0.0,0.0,0.0,0.0,0|0|0|0|0|0|0,srs_return_a_annual,0.0,0,HP ALAMEDA COUNTY,state_law_enforcement,0.0,001,33000,srs_agency_header,1.0,1.0,overlap,06:statewide_overlap_layer,220.69757514560132,5,5,69.0,54.0,0.0,15.0,same_ori7_different_counts,T1_same_ori7_multiple_ori9
CA00199,CA0019945,CA,06,2021,0.0,0.0,1.0,2.0,0.0,0.0,0.0,3.0,0|0|0|0|0|1|2,nibrs_srs_equivalent_annual,2.0,7,HIGHWAY PATROL HAYWARD AREA OFFICE,state_law_enforcement,0.0,001,,fbi_cde_agency_roster,1.0,1.0,overlap,06:statewide_overlap_layer,207.0,5,5,69.0,54.0,0.0,15.0,same_ori7_different_counts,T1_same_ori7_multiple_ori9
CA00199,CA0019970,CA,06,2021,0.0,0.0,0.0,8.0,0.0,0.0,0.0,8.0,0|0|0|0|0|0|8,nibrs_srs_equivalent_annual,2.0,7,HIGHWAY PATROL OAKLAND AREA OFFICE,state_law_enforcement,0.0,001,,fbi_cde_agency_roster,1.0,1.0,overlap,06:statewide_overlap_layer,444.0,5,5,69.0,54.0,0.0,15.0,same_ori7_different_counts,T1_same_ori7_multiple_ori9
CA00199,CA0019975,CA,06,2021,0.0,0.0,6.0,48.0,0.0,0.0,0.0,54.0,0|0|0|0|0|6|48,nibrs_srs_equivalent_annual,2.0,7,,state_law_enforcement,0.0,,,,1.0,1.0,overlap,06:statewide_overlap_layer,134.27271177815038,5,5,69.0,54.0,0.0,15.0,same_ori7_different_counts,T1_same_ori7_multiple_ori9
CA00199,CA0019990,CA,06,2021,2.0,0.0,1.0,1.0,0.0,0.0,0.0,4.0,0|0|0|2|0|1|1,nibrs_srs_equivalent_annual,2.0,7,HIGHWAY PATROL DUBLIN AREA OFFICE,state_law_enforcement,0.0,001,,fbi_cde_agency_roster,1.0,1.0,overlap,06:statewide_overlap_layer,38.0,5,5,69.0,54.0,0.0,15.0,same_ori7_different_counts,T1_same_ori7_multiple_ori9
MA01468,MA0146800,MA,25,2021,1.0,4.0,8.0,1.0,0.0,0.0,1.0,15.0,0|0|1|1|4|8|1,srs_return_a_annual,8.0,0,CLARK UNIVERSITY,special_jurisdiction,,027,82000,srs_agency_header,1.0,1.0,overlap,25:statewide_overlap_layer,27.0,2,1,30.0,15.0,15.0,15.0,identical_7_offense_vector,T1_same_ori7_multiple_ori9
MA01468,MA014689E,MA,25,2021,1.0,4.0,8.0,1.0,0.0,0.0,1.0,15.0,0|0|1|1|4|8|1,nibrs_srs_equivalent_annual,12.0,7,WORCESTER,special_jurisdiction,0.0,027,,fbi_cde_agency_roster,1.0,1.0,overlap,25:statewide_overlap_layer,18.0,2,1,30.0,15.0,15.0,15.0,identical_7_offense_vector,T1_same_ori7_multiple_ori9
IL05814,IL0581400,IL,17,2021,0.0,2.0,10.0,2.0,0.0,0.0,0.0,14.0,0|0|0|0|2|10|2,srs_return_a_annual,9.0,0,MILLIKIN UNIVERSITY,unknown,,,,,1.0,1.0,overlap,17:statewide_overlap_layer,18.46108592090914,2,1,28.0,14.0,14.0,14.0,identical_7_offense_vector,T1_same_ori7_multiple_ori9
IL05814,IL058149E,IL,17,2021,0.0,2.0,10.0,2.0,0.0,0.0,0.0,14.0,0|0|0|0|2|10|2,nibrs_srs_equivalent_annual,12.0,7,DECATUR,special_jurisdiction,0.0,115,,fbi_cde_agency_roster,1.0,1.0,overlap,17:statewide_overlap_layer,11.0,2,1,28.0,14.0,14.0,14.0,identical_7_offense_vector,T1_same_ori7_multiple_ori9
MA01398,MA0139800,MA,25,2021,1.0,0.0,12.0,0.0,0.0,1.0,0.0,14.0,0|1|0|1|0|12|0,srs_return_a_annual,8.0,0,EMERSON COLLEGE,special_jurisdiction,,025,07000,srs_agency_header,1.0,1.0,overlap,25:statewide_overlap_layer,2.0,2,1,28.0,14.0,14.0,14.0,identical_7_offense_vector,T1_same_ori7_multiple_ori9
MA01398,MA013989E,MA,25,2021,1.0,0.0,12.0,0.0,0.0,1.0,0.0,14.0,0|1|0|1|0|12|0,nibrs_srs_equivalent_annual,12.0,7,BOSTON,special_jurisdiction,0.0,025,,fbi_cde_agency_roster,1.0,1.0,overlap,25:statewide_overlap_layer,2.0,2,1,28.0,14.0,14.0,14.0,identical_7_offense_vector,T1_same_ori7_multiple_ori9
IL0169W,IL0169W00,IL,17,2021,0.0,5.0,7.0,0.0,0.0,0.0,1.0,13.0,0|0|1|0|5|7|0,srs_return_a_annual,6.0,0,UNIV OF CHICAGO COOK C,unknown,,,,,1.0,1.0,overlap,17:statewide_overlap_layer,89.45454545454545,2,1,26.0,13.0,13.0,13.0,identical_7_offense_vector,T1_same_ori7_multiple_ori9
IL0169W,IL0169W9E,IL,17,2021,0.0,5.0,7.0,0.0,0.0,0.0,1.0,13.0,0|0|1|0|5|7|0,nibrs_srs_equivalent_annual,12.0,7,CHICAGO,special_jurisdiction,0.0,031,,fbi_cde_agency_roster,1.0,1.0,overlap,17:statewide_overlap_layer,82.0,2,1,26.0,13.0,13.0,13.0,identical_7_offense_vector,T1_same_ori7_multiple_ori9
MA01339,MA0133900,MA,25,2021,0.0,1.0,11.0,1.0,0.0,0.0,0.0,13.0,0|0|0|0|1|11|1,srs_return_a_annual,9.0,0,TUFTS UNIVERSITY SUFFOLK,special_jurisdiction,,017,07000,srs_agency_header,1.0,1.0,overlap,25:statewide_overlap_layer,18.0,2,1,26.0,13.0,13.0,13.0,identical_7_offense_vector,T1_same_ori7_multiple_ori9
MA01339,MA013390X,MA,25,2021,0.0,1.0,11.0,1.0,0.0,0.0,0.0,13.0,0|0|0|0|1|11|1,nibrs_srs_equivalent_annual,12.0,7,BOSTON,special_jurisdiction,0.0,017,,fbi_cde_agency_roster,1.0,1.0,overlap,25:statewide_overlap_layer,9.0,2,1,26.0,13.0,13.0,13.0,identical_7_offense_vector,T1_same_ori7_multiple_ori9
AL04901,AL0490100,AL,01,2021,3.0,11.0,36.0,8.0,0.0,0.0,0.0,58.0,0|0|0|3|11|36|8,nibrs_srs_equivalent_annual|srs_return_a_annual,12.0,7,HAMILTON,local_police,6970.0,093,32848,srs_agency_header,1.0,1.0,exclusive,01:municipal:place:0132848,134.0,2,2,70.0,58.0,12.0,12.0,same_ori7_different_counts,T1_same_ori7_multiple_ori9
AL04901,AL049015A,AL,01,2021,1.0,0.0,3.0,0.0,2.0,6.0,0.0,12.0,2|6|0|1|0|3|0,nibrs_srs_equivalent_annual,10.0,7,,unknown,0.0,093,,fbi_cde_agency_roster,1.0,1.0,overlap,01:statewide_overlap_layer,4.0,2,2,70.0,58.0,12.0,12.0,same_ori7_different_counts,T1_same_ori7_multiple_ori9
CA01099,CA0109900,CA,06,2021,0.0,0.0,0.0,0.0,0.0,0.0,0.0,0.0,0|0|0|0|0|0|0,srs_return_a_annual,0.0,0,HP FRESNO COUNTY,state_law_enforcement,0.0,019,27000,srs_agency_header,1.0,1.0,overlap,06:statewide_overlap_layer,171.34242019736254,5,5,112.0,100.0,0.0,12.0,same_ori7_different_counts,T1_same_ori7_multiple_ori9
CA01099,CA0109901,CA,06,2021,0.0,0.0,1.0,7.0,0.0,0.0,0.0,8.0,0|0|0|0|0|1|7,nibrs_srs_equivalent_annual,12.0,7,,state_law_enforcement,0.0,019,,fbi_cde_agency_roster,1.0,1.0,overlap,06:statewide_overlap_layer,4.0,5,5,112.0,100.0,0.0,12.0,same_ori7_different_counts,T1_same_ori7_multiple_ori9
CA01099,CA0109913,CA,06,2021,0.0,0.0,1.0,1.0,0.0,0.0,0.0,2.0,0|0|0|0|0|1|1,nibrs_srs_equivalent_annual,2.0,7,,state_law_enforcement,0.0,019,,fbi_cde_agency_roster,1.0,1.0,overlap,06:statewide_overlap_layer,1.0,5,5,112.0,100.0,0.0,12.0,same_ori7_different_counts,T1_same_ori7_multiple_ori9
CA01099,CA0109935,CA,06,2021,3.0,3.0,8.0,86.0,0.0,0.0,0.0,100.0,0|0|0|3|3|8|86,nibrs_srs_equivalent_annual,2.0,7,HIGHWAY PATROL FRESNO AREA OFFICE,state_law_enforcement,0.0,019,,fbi_cde_agency_roster,1.0,1.0,overlap,06:statewide_overlap_layer,106.0,5,5,112.0,100.0,0.0,12.0,same_ori7_different_counts,T1_same_ori7_multiple_ori9
CA01099,CA0109995,CA,06,2021,1.0,0.0,1.0,0.0,0.0,0.0,0.0,2.0,0|0|0|1|0|1|0,nibrs_srs_equivalent_annual,2.0,7,HIGHWAY PATROL COALINGA AREA OFFICE,state_law_enforcement,0.0,019,,fbi_cde_agency_roster,1.0,1.0,overlap,06:statewide_overlap_layer,6.0,5,5,112.0,100.0,0.0,12.0,same_ori7_different_counts,T1_same_ori7_multiple_ori9
MA01351,MA0135100,MA,25,2021,0.0,0.0,12.0,0.0,0.0,0.0,0.0,12.0,0|0|0|0|0|12|0,srs_return_a_annual,5.0,0,SIMMONS COLLEGE,unknown,,,,,1.0,1.0,overlap,25:statewide_overlap_layer,27.428571428571427,2,1,24.0,12.0,12.0,12.0,identical_7_offense_vector,T1_same_ori7_multiple_ori9
MA01351,MA013519E,MA,25,2021,0.0,0.0,12.0,0.0,0.0,0.0,0.0,12.0,0|0|0|0|0|12|0,nibrs_srs_equivalent_annual,12.0,7,BOSTON,special_jurisdiction,0.0,025,,fbi_cde_agency_roster,1.0,1.0,overlap,25:statewide_overlap_layer,16.0,2,1,24.0,12.0,12.0,12.0,identical_7_offense_vector,T1_same_ori7_multiple_ori9
NC02608,NC0260800,NC,37,2021,1.0,3.0,8.0,0.0,0.0,0.0,0.0,12.0,0|0|0|1|3|8|0,srs_return_a_annual,8.0,0,METHODIST UNIVERSITY,special_jurisdiction,,051,22920,srs_agency_header,1.0,1.0,overlap,37:statewide_overlap_layer,13.0,2,1,24.0,12.0,12.0,12.0,identical_7_offense_vector,T1_same_ori7_multiple_ori9
NC02608,NC026089E,NC,37,2021,1.0,3.0,8.0,0.0,0.0,0.0,0.0,12.0,0|0|0|1|3|8|0,nibrs_srs_equivalent_annual,11.0,7,FAYETTEVILLE,special_jurisdiction,0.0,051,,fbi_cde_agency_roster,1.0,1.0,overlap,37:statewide_overlap_layer,13.0,2,1,24.0,12.0,12.0,12.0,identical_7_offense_vector,T1_same_ori7_multiple_ori9
NH01001,NH0100100,NH,33,2021,0.0,3.0,8.0,1.0,0.0,0.0,0.0,12.0,0|0|0|0|3|8|1,srs_return_a_annual,10.0,0,SP SULLIVAN COUNTY,state_law_enforcement,,019,99019,srs_agency_header,1.0,1.0,overlap,33:statewide_overlap_layer,24.39830508474576,2,1,24.0,12.0,12.0,12.0,identical_7_offense_vector,T1_same_ori7_multiple_ori9
NH01001,NH010010X,NH,33,2021,0.0,3.0,8.0,1.0,0.0,0.0,0.0,12.0,0|0|0|0|3|8|1,nibrs_srs_equivalent_annual,11.0,7,CONCORD,state_law_enforcement,2761.0,019,,fbi_cde_agency_roster,1.0,1.0,overlap,33:statewide_overlap_layer,20.0,2,1,24.0,12.0,12.0,12.0,identical_7_offense_vector,T1_same_ori7_multiple_ori9
CA00499,CA0049900,CA,06,2021,0.0,0.0,0.0,0.0,0.0,0.0,0.0,0.0,0|0|0|0|0|0|0,srs_return_a_annual,0.0,0,HP BUTTE COUNTY,state_law_enforcement,0.0,007,13014,srs_agency_header,1.0,1.0,overlap,06:statewide_overlap_layer,223.9297585054547,3,3,33.0,22.0,0.0,11.0,same_ori7_different_counts,T1_same_ori7_multiple_ori9
CA00499,CA0049940,CA,06,2021,2.0,0.0,6.0,14.0,0.0,0.0,0.0,22.0,0|0|0|2|0|6|14,nibrs_srs_equivalent_annual,2.0,7,HIGHWAY PATROL OROVILLE AREA OFFICE,state_law_enforcement,0.0,005,,fbi_cde_agency_roster,1.0,1.0,overlap,06:statewide_overlap_layer,136.0,3,3,33.0,22.0,0.0,11.0,same_ori7_different_counts,T1_same_ori7_multiple_ori9
CA00499,CA0049941,CA,06,2021,1.0,0.0,3.0,7.0,0.0,0.0,0.0,11.0,0|0|0|1|0|3|7,nibrs_srs_equivalent_annual,2.0,7,HIGHWAY PATROL CHICO AREA OFFICE,state_law_enforcement,0.0,005,,fbi_cde_agency_roster,1.0,1.0,overlap,06:statewide_overlap_layer,53.0,3,3,33.0,22.0,0.0,11.0,same_ori7_different_counts,T1_same_ori7_multiple_ori9
CA04299,CA0429900,CA,06,2021,0.0,0.0,0.0,0.0,0.0,0.0,0.0,0.0,0|0|0|0|0|0|0,srs_return_a_annual,0.0,0,HP SANTA BARBARA COUNTY,state_law_enforcement,0.0,083,69070,srs_agency_header,1.0,1.0,overlap,06:statewide_overlap_layer,182.26004737091847,4,4,25.0,14.0,0.0,11.0,same_ori7_different_counts,T1_same_ori7_multiple_ori9
CA04299,CA0429950,CA,06,2021,0.0,1.0,4.0,9.0,0.0,0.0,0.0,14.0,0|0|0|0|1|4|9,nibrs_srs_equivalent_annual,2.0,7,HIGHWAY PATROL SANTA MARIA AREA OFFICE,state_law_enforcement,0.0,083,,fbi_cde_agency_roster,1.0,1.0,overlap,06:statewide_overlap_layer,46.0,4,4,25.0,14.0,0.0,11.0,same_ori7_different_counts,T1_same_ori7_multiple_ori9
CA04299,CA0429955,CA,06,2021,0.0,0.0,1.0,5.0,0.0,0.0,0.0,6.0,0|0|0|0|0|1|5,nibrs_srs_equivalent_annual,2.0,7,HIGHWAY PATROL BUELLTON AREA OFFICE,state_law_enforcement,0.0,083,,fbi_cde_agency_roster,1.0,1.0,overlap,06:statewide_overlap_layer,25.0,4,4,25.0,14.0,0.0,11.0,same_ori7_different_counts,T1_same_ori7_multiple_ori9
CA04299,CA0429960,CA,06,2021,0.0,0.0,0.0,5.0,0.0,0.0,0.0,5.0,0|0|0|0|0|0|5,nibrs_srs_equivalent_annual,2.0,7,HIGHWAY PATROL SANTA BARBARA AREA OFFICE,state_law_enforcement,0.0,083,,fbi_cde_agency_roster,1.0,1.0,overlap,06:statewide_overlap_layer,37.0,4,4,25.0,14.0,0.0,11.0,same_ori7_different_counts,T1_same_ori7_multiple_ori9
MA00322,MA0032200,MA,25,2021,0.0,0.0,8.0,1.0,0.0,2.0,0.0,11.0,0|2|0|0|0|8|1,srs_return_a_annual,10.0,0,STONEHILL COLLEGE,unknown,,,,,1.0,1.0,overlap,25:statewide_overlap_layer,12.352722368641416,2,1,22.0,11.0,11.0,11.0,identical_7_offense_vector,T1_same_ori7_multiple_ori9
MA00322,MA003229E,MA,25,2021,0.0,0.0,8.0,1.0,0.0,2.0,0.0,11.0,0|2|0|0|0|8|1,nibrs_srs_equivalent_annual,12.0,7,NORTH EASTON,special_jurisdiction,0.0,005,,fbi_cde_agency_roster,1.0,1.0,overlap,25:statewide_overlap_layer,6.0,2,1,22.0,11.0,11.0,11.0,identical_7_offense_vector,T1_same_ori7_multiple_ori9
MA01470,MA0147000,MA,25,2021,0.0,1.0,8.0,0.0,0.0,2.0,0.0,11.0,0|2|0|0|1|8|0,srs_return_a_annual,7.0,0,ASSUMPTION COLLEGE,special_jurisdiction,,027,82000,srs_agency_header,1.0,1.0,overlap,25:statewide_overlap_layer,20.0,2,1,22.0,11.0,11.0,11.0,identical_7_offense_vector,T1_same_ori7_multiple_ori9
MA01470,MA014709E,MA,25,2021,0.0,1.0,8.0,0.0,0.0,2.0,0.0,11.0,0|2|0|0|1|8|0,nibrs_srs_equivalent_annual,12.0,7,WORCESTER,special_jurisdiction,0.0,027,,fbi_cde_agency_roster,1.0,1.0,overlap,25:statewide_overlap_layer,20.0,2,1,22.0,11.0,11.0,11.0,identical_7_offense_vector,T1_same_ori7_multiple_ori9
TX10176,TX1017600,TX,48,2021,0.0,0.0,10.0,0.0,0.0,0.0,1.0,11.0,0|0|1|0|0|10|0,srs_return_a_annual,9.0,0,ST THOMAS UNIVERSITY,special_jurisdiction,,201,35000,srs_agency_header,1.0,1.0,overlap,48:statewide_overlap_layer,40.800000000000004,2,1,22.0,11.0,11.0,11.0,identical_7_offense_vector,T1_same_ori7_multiple_ori9
TX10176,TX101769E,TX,48,2021,0.0,0.0,10.0,0.0,0.0,0.0,1.0,11.0,0|0|1|0|0|10|0,nibrs_srs_equivalent_annual,12.0,7,HOUSTON,special_jurisdiction,0.0,201,,fbi_cde_agency_roster,1.0,1.0,overlap,48:statewide_overlap_layer,34.0,2,1,22.0,11.0,11.0,11.0,identical_7_offense_vector,T1_same_ori7_multiple_ori9
CA01299,CA0129900,CA,06,2021,0.0,0.0,0.0,0.0,0.0,0.0,0.0,0.0,0|0|0|0|0|0|0,srs_return_a_annual,0.0,0,HP HUMBOLDT COUNTY,state_law_enforcement,0.0,023,99023,srs_agency_header,1.0,1.0,overlap,06:statewide_overlap_layer,317.7470570781335,3,3,51.0,41.0,0.0,10.0,same_ori7_different_counts,T1_same_ori7_multiple_ori9
CA01299,CA0129925,CA,06,2021,0.0,0.0,15.0,26.0,0.0,0.0,0.0,41.0,0|0|0|0|0|15|26,nibrs_srs_equivalent_annual,2.0,7,HIGHWAY PATROL HUMBOLDT AREA OFFICE,state_law_enforcement,0.0,023,,fbi_cde_agency_roster,1.0,1.0,overlap,06:statewide_overlap_layer,144.0,3,3,51.0,41.0,0.0,10.0,same_ori7_different_counts,T1_same_ori7_multiple_ori9
CA01299,CA0129926,CA,06,2021,2.0,0.0,3.0,4.0,0.0,0.0,1.0,10.0,0|0|1|2|0|3|4,nibrs_srs_equivalent_annual,2.0,7,HIGHWAY PATROL GARBERVILLE AREA OFFICE,state_law_enforcement,0.0,023,,fbi_cde_agency_roster,1.0,1.0,overlap,06:statewide_overlap_layer,43.0,3,3,51.0,41.0,0.0,10.0,same_ori7_different_counts,T1_same_ori7_multiple_ori9
NH00601,NH0060100,NH,33,2021,4.0,1.0,3.0,0.0,0.0,1.0,1.0,10.0,0|1|1|4|1|3|0,srs_return_a_annual,12.0,7,SP HILLSBOROUGH COUNTY,state_law_enforcement,,011,99011,srs_agency_header,1.0,1.0,overlap,33:statewide_overlap_layer,6.124119557522602,2,1,20.0,10.0,10.0,10.0,identical_7_offense_vector,T1_same_ori7_multiple_ori9
NH00601,NH006010X,NH,33,2021,4.0,1.0,3.0,0.0,0.0,1.0,1.0,10.0,0|1|1|4|1|3|0,nibrs_srs_equivalent_annual,12.0,7,CONCORD,state_law_enforcement,5989.0,011,,fbi_cde_agency_roster,1.0,1.0,overlap,33:statewide_overlap_layer,4.0,2,1,20.0,10.0,10.0,10.0,identical_7_offense_vector,T1_same_ori7_multiple_ori9
CA03399,CA0339900,CA,06,2021,0.0,0.0,0.0,0.0,0.0,0.0,0.0,0.0,0|0|0|0|0|0|0,srs_return_a_annual,0.0,0,HP RIVERSIDE COUNTY,state_law_enforcement,0.0,065,62000,srs_agency_header,1.0,1.0,overlap,06:statewide_overlap_layer,79.95303924291434,4,4,20.0,11.0,0.0,9.0,same_ori7_different_counts,T1_same_ori7_multiple_ori9
CA03399,CA0339930,CA,06,2021,0.0,0.0,0.0,3.0,0.0,0.0,0.0,3.0,0|0|0|0|0|0|3,nibrs_srs_equivalent_annual,2.0,7,HIGHWAY PATROL INDIO AREA OFFICE,state_law_enforcement,0.0,065,,fbi_cde_agency_roster,1.0,1.0,overlap,06:statewide_overlap_layer,4.0,4,4,20.0,11.0,0.0,9.0,same_ori7_different_counts,T1_same_ori7_multiple_ori9
CA03399,CA0339955,CA,06,2021,3.0,0.0,0.0,3.0,0.0,0.0,0.0,6.0,0|0|0|3|0|0|3,nibrs_srs_equivalent_annual,2.0,7,HIGHWAY PATROL SAN GORGONIO PASS AREA OFFICE,state_law_enforcement,0.0,065,,fbi_cde_agency_roster,1.0,1.0,overlap,06:statewide_overlap_layer,3.0,4,4,20.0,11.0,0.0,9.0,same_ori7_different_counts,T1_same_ori7_multiple_ori9
CA03399,CA0339985,CA,06,2021,4.0,0.0,4.0,3.0,0.0,0.0,0.0,11.0,0|0|0|4|0|4|3,nibrs_srs_equivalent_annual,2.0,7,HIGHWAY PATROL TEMECULA AREA OFFICE,state_law_enforcement,0.0,065,,fbi_cde_agency_roster,1.0,1.0,overlap,06:statewide_overlap_layer,10.0,4,4,20.0,11.0,0.0,9.0,same_ori7_different_counts,T1_same_ori7_multiple_ori9
CA03999,CA0399900,CA,06,2021,0.0,0.0,0.0,0.0,0.0,0.0,0.0,0.0,0|0|0|0|0|0|0,srs_return_a_annual,0.0,0,HP SAN JOAQUIN COUNTY,state_law_enforcement,0.0,077,75000,srs_agency_header,1.0,1.0,overlap,06:statewide_overlap_layer,572.6585136712456,3,3,82.0,73.0,0.0,9.0,same_ori7_different_counts,T1_same_ori7_multiple_ori9
CA03999,CA0399965,CA,06,2021,2.0,0.0,13.0,58.0,0.0,0.0,0.0,73.0,0|0|0|2|0|13|58,nibrs_srs_equivalent_annual,2.0,7,HIGHWAY PATROL STOCKTON AREA OFFICE,state_law_enforcement,0.0,077,,fbi_cde_agency_roster,1.0,1.0,overlap,06:statewide_overlap_layer,314.0,3,3,82.0,73.0,0.0,9.0,same_ori7_different_counts,T1_same_ori7_multiple_ori9
CA03999,CA0399966,CA,06,2021,0.0,0.0,1.0,8.0,0.0,0.0,0.0,9.0,0|0|0|0|0|1|8,nibrs_srs_equivalent_annual,2.0,7,HIGHWAY PATROL TRACY AREA OFFICE,state_law_enforcement,0.0,077,,fbi_cde_agency_roster,1.0,1.0,overlap,06:statewide_overlap_layer,5.0,3,3,82.0,73.0,0.0,9.0,same_ori7_different_counts,T1_same_ori7_multiple_ori9
GA04413,GA0441300,GA,13,2021,0.0,0.0,9.0,0.0,0.0,0.0,0.0,9.0,0|0|0|0|0|9|0,srs_return_a_annual,5.0,0,AGNES SCOTT COLLEGE,special_jurisdiction,,089,22052,srs_agency_header,1.0,1.0,overlap,13:statewide_overlap_layer,6.0,2,1,18.0,9.0,9.0,9.0,identical_7_offense_vector,T1_same_ori7_multiple_ori9
GA04413,GA044139E,GA,13,2021,0.0,0.0,9.0,0.0,0.0,0.0,0.0,9.0,0|0|0|0|0|9|0,nibrs_srs_equivalent_annual,12.0,7,DECATUR,special_jurisdiction,0.0,089,,fbi_cde_agency_roster,1.0,1.0,overlap,13:statewide_overlap_layer,6.0,2,1,18.0,9.0,9.0,9.0,identical_7_offense_vector,T1_same_ori7_multiple_ori9
MA00326,MA0032600,MA,25,2021,0.0,2.0,7.0,0.0,0.0,0.0,0.0,9.0,0|0|0|0|2|7|0,srs_return_a_annual,7.0,0,WHEATON COLLEGE,unknown,,,,,1.0,1.0,overlap,25:statewide_overlap_layer,12.0,2,1,18.0,9.0,9.0,9.0,identical_7_offense_vector,T1_same_ori7_multiple_ori9
MA00326,MA003269E,MA,25,2021,0.0,2.0,7.0,0.0,0.0,0.0,0.0,9.0,0|0|0|0|2|7|0,nibrs_srs_equivalent_annual,12.0,7,NORTON,special_jurisdiction,0.0,005,,fbi_cde_agency_roster,1.0,1.0,overlap,25:statewide_overlap_layer,1.0,2,1,18.0,9.0,9.0,9.0,identical_7_offense_vector,T1_same_ori7_multiple_ori9
MA00542,MA0054200,MA,25,2021,0.0,0.0,7.0,0.0,0.0,2.0,0.0,9.0,0|2|0|0|0|7|0,srs_return_a_annual,7.0,0,ENDICOTT COLLEGE,unknown,,,,,1.0,1.0,overlap,25:statewide_overlap_layer,22.723626427976278,2,1,18.0,9.0,9.0,9.0,identical_7_offense_vector,T1_same_ori7_multiple_ori9
MA00542,MA005429E,MA,25,2021,0.0,0.0,7.0,0.0,0.0,2.0,0.0,9.0,0|2|0|0|0|7|0,nibrs_srs_equivalent_annual,12.0,7,BEVERLY,special_jurisdiction,0.0,009,,fbi_cde_agency_roster,1.0,1.0,overlap,25:statewide_overlap_layer,15.0,2,1,18.0,9.0,9.0,9.0,identical_7_offense_vector,T1_same_ori7_multiple_ori9
MA00967,MA0096700,MA,25,2021,0.0,2.0,6.0,0.0,0.0,1.0,0.0,9.0,0|1|0|0|2|6|0,srs_return_a_annual,5.0,0,LASELL COLLEGE,special_jurisdiction,,017,02830,srs_agency_header,1.0,1.0,overlap,25:statewide_overlap_layer,1.0,2,1,18.0,9.0,9.0,9.0,identical_7_offense_vector,T1_same_ori7_multiple_ori9
MA00967,MA009679E,MA,25,2021,0.0,2.0,6.0,0.0,0.0,1.0,0.0,9.0,0|1|0|0|2|6|0,nibrs_srs_equivalent_annual,12.0,7,AUBURNDALE,special_jurisdiction,0.0,017,,fbi_cde_agency_roster,1.0,1.0,overlap,25:statewide_overlap_layer,1.0,2,1,18.0,9.0,9.0,9.0,identical_7_offense_vector,T1_same_ori7_multiple_ori9
MA01101,MA0110100,MA,25,2021,8.0,6.0,109.0,7.0,0.0,0.0,1.0,131.0,0|0|1|8|6|109|7,nibrs_srs_equivalent_annual|srs_return_a_annual,12.0,7,AVON,local_police,4798.0,021,02935,srs_agency_header,1.0,1.0,exclusive,25:municipal:cousub:2502102935,95.0,2,2,140.0,131.0,9.0,9.0,same_ori7_different_counts,T1_same_ori7_multiple_ori9
MA01101,MA011019E,MA,25,2021,0.0,0.0,9.0,0.0,0.0,0.0,0.0,9.0,0|0|0|0|0|9|0,nibrs_srs_equivalent_annual,12.0,7,WELLESLEY HILLS,special_jurisdiction,0.0,021,,fbi_cde_agency_roster,1.0,1.0,overlap,25:statewide_overlap_layer,10.0,2,2,140.0,131.0,9.0,9.0,same_ori7_different_counts,T1_same_ori7_multiple_ori9
MA01373,MA0137300,MA,25,2021,0.0,0.0,9.0,0.0,0.0,0.0,0.0,9.0,0|0|0|0|0|9|0,srs_return_a_annual,8.0,0,MCPHS UNIVERSITY,unknown,,,,,1.0,1.0,overlap,25:statewide_overlap_layer,6.0,2,1,18.0,9.0,9.0,9.0,identical_7_offense_vector,T1_same_ori7_multiple_ori9
MA01373,MA013739E,MA,25,2021,0.0,0.0,9.0,0.0,0.0,0.0,0.0,9.0,0|0|0|0|0|9|0,nibrs_srs_equivalent_annual,12.0,7,BOSTON,special_jurisdiction,0.0,025,,fbi_cde_agency_roster,1.0,1.0,overlap,25:statewide_overlap_layer,6.0,2,1,18.0,9.0,9.0,9.0,identical_7_offense_vector,T1_same_ori7_multiple_ori9
CA03099,CA0309900,CA,06,2021,0.0,0.0,0.0,0.0,0.0,0.0,0.0,0.0,0|0|0|0|0|0|0,srs_return_a_annual,0.0,0,HP ORANGE COUNTY,state_law_enforcement,0.0,059,36770,srs_agency_header,1.0,1.0,overlap,06:statewide_overlap_layer,105.19865623234577,4,4,14.0,6.0,0.0,8.0,same_ori7_different_counts,T1_same_ori7_multiple_ori9
CA03099,CA0309970,CA,06,2021,0.0,2.0,0.0,1.0,0.0,0.0,0.0,3.0,0|0|0|0|2|0|1,nibrs_srs_equivalent_annual,2.0,7,HIGHWAY PATROL WESTMINSTER AREA OFFICE,state_law_enforcement,0.0,059,,fbi_cde_agency_roster,1.0,1.0,overlap,06:statewide_overlap_layer,54.0,4,4,14.0,6.0,0.0,8.0,same_ori7_different_counts,T1_same_ori7_multiple_ori9
CA03099,CA0309975,CA,06,2021,2.0,1.0,3.0,0.0,0.0,0.0,0.0,6.0,0|0|0|2|1|3|0,nibrs_srs_equivalent_annual,2.0,7,HIGHWAY PATROL SANTA ANA AREA OFFICE,state_law_enforcement,0.0,059,,fbi_cde_agency_roster,1.0,1.0,overlap,06:statewide_overlap_layer,3.0,4,4,14.0,6.0,0.0,8.0,same_ori7_different_counts,T1_same_ori7_multiple_ori9
CA03099,CA0309990,CA,06,2021,4.0,0.0,0.0,1.0,0.0,0.0,0.0,5.0,0|0|0|4|0|0|1,nibrs_srs_equivalent_annual,12.0,7,,state_law_enforcement,0.0,059,,fbi_cde_agency_roster,1.0,1.0,overlap,06:statewide_overlap_layer,5.744929357599404,4,4,14.0,6.0,0.0,8.0,same_ori7_different_counts,T1_same_ori7_multiple_ori9
MA00958,MA0095800,MA,25,2021,0.0,1.0,7.0,0.0,0.0,0.0,0.0,8.0,0|0|0|0|1|7|0,srs_return_a_annual,5.0,0,BENTLEY UNIVERSITY,special_jurisdiction,,017,72600,srs_agency_header,1.0,1.0,overlap,25:statewide_overlap_layer,18.0,2,1,16.0,8.0,8.0,8.0,identical_7_offense_vector,T1_same_ori7_multiple_ori9
MA00958,MA009589E,MA,25,2021,0.0,1.0,7.0,0.0,0.0,0.0,0.0,8.0,0|0|0|0|1|7|0,nibrs_srs_equivalent_annual,12.0,7,WALTHAM,special_jurisdiction,0.0,017,,fbi_cde_agency_roster,1.0,1.0,overlap,25:statewide_overlap_layer,18.0,2,1,16.0,8.0,8.0,8.0,identical_7_offense_vector,T1_same_ori7_multiple_ori9
CA02499,CA0249900,CA,06,2021,0.0,0.0,0.0,0.0,0.0,0.0,0.0,0.0,0|0|0|0|0|0|0,srs_return_a_annual,0.0,0,HP MERCED COUNTY,state_law_enforcement,0.0,047,46898,srs_agency_header,1.0,1.0,overlap,06:statewide_overlap_layer,439.85833851169895,3,3,25.0,18.0,0.0,7.0,same_ori7_different_counts,T1_same_ori7_multiple_ori9
CA02499,CA0249960,CA,06,2021,0.0,0.0,4.0,14.0,0.0,0.0,0.0,18.0,0|0|0|0|0|4|14,nibrs_srs_equivalent_annual,2.0,7,HIGHWAY PATROL MERCED AREA OFFICE,state_law_enforcement,0.0,047,,fbi_cde_agency_roster,1.0,1.0,overlap,06:statewide_overlap_layer,70.0,3,3,25.0,18.0,0.0,7.0,same_ori7_different_counts,T1_same_ori7_multiple_ori9
CA02499,CA0249961,CA,06,2021,0.0,0.0,0.0,7.0,0.0,0.0,0.0,7.0,0|0|0|0|0|0|7,nibrs_srs_equivalent_annual,2.0,7,HIGHWAY PATROL LOS BANOS AREA OFFICE,state_law_enforcement,0.0,047,,fbi_cde_agency_roster,1.0,1.0,overlap,06:statewide_overlap_layer,36.0,3,3,25.0,18.0,0.0,7.0,same_ori7_different_counts,T1_same_ori7_multiple_ori9
MA01131,MA0113100,MA,25,2021,0.0,3.0,4.0,0.0,0.0,0.0,0.0,7.0,0|0|0|0|3|4|0,srs_return_a_annual,6.0,0,DEAN COLLEGE,special_jurisdiction,,021,25100,srs_agency_header,1.0,1.0,overlap,25:statewide_overlap_layer,4.0,2,1,14.0,7.0,7.0,7.0,identical_7_offense_vector,T1_same_ori7_multiple_ori9
MA01131,MA011319E,MA,25,2021,0.0,3.0,4.0,0.0,0.0,0.0,0.0,7.0,0|0|0|0|3|4|0,nibrs_srs_equivalent_annual,12.0,7,FRANKLIN,special_jurisdiction,0.0,021,,fbi_cde_agency_roster,1.0,1.0,overlap,25:statewide_overlap_layer,4.0,2,1,14.0,7.0,7.0,7.0,identical_7_offense_vector,T1_same_ori7_multiple_ori9
VA06201,VA0620100,VA,51,2021,0.0,1.0,6.0,0.0,0.0,0.0,0.0,7.0,0|0|0|0|1|6|0,srs_return_a_annual,9.0,0,WINTERGREEN,unknown,,125,,leaic_crosswalk,1.0,1.0,exclusive,51:municipal:place:5187008,12.0,2,1,14.0,7.0,7.0,7.0,identical_7_offense_vector,T1_same_ori7_multiple_ori9
VA06201,VA062019P,VA,51,2021,0.0,1.0,6.0,0.0,0.0,0.0,0.0,7.0,0|0|0|0|1|6|0,nibrs_srs_equivalent_annual,11.0,7,,local_police,503.0,125,,fbi_cde_agency_roster,1.0,1.0,overlap,51:statewide_overlap_layer,12.0,2,1,14.0,7.0,7.0,7.0,identical_7_offense_vector,T1_same_ori7_multiple_ori9
CA04099,CA0409900,CA,06,2021,0.0,0.0,0.0,0.0,0.0,0.0,0.0,0.0,0|0|0|0|0|0|0,srs_return_a_annual,0.0,0,HP SAN LUIS OBISPO CNTY,state_law_enforcement,0.0,079,68154,srs_agency_header,1.0,1.0,overlap,06:statewide_overlap_layer,92.9244069014969,3,3,24.0,18.0,0.0,6.0,same_ori7_different_counts,T1_same_ori7_multiple_ori9
CA04099,CA0409940,CA,06,2021,0.0,0.0,1.0,5.0,0.0,0.0,0.0,6.0,0|0|0|0|0|1|5,nibrs_srs_equivalent_annual,2.0,7,HIGHWAY PATROL TEMPLETON AREA OFFICE,state_law_enforcement,0.0,079,,fbi_cde_agency_roster,1.0,1.0,overlap,06:statewide_overlap_layer,25.0,3,3,24.0,18.0,0.0,6.0,same_ori7_different_counts,T1_same_ori7_multiple_ori9
CA04099,CA0409945,CA,06,2021,1.0,0.0,0.0,17.0,0.0,0.0,0.0,18.0,0|0|0|1|0|0|17,nibrs_srs_equivalent_annual,2.0,7,HIGHWAY PATROL SAN LUIS OBISPO AREA OFFICE,state_law_enforcement,0.0,079,,fbi_cde_agency_roster,1.0,1.0,overlap,06:statewide_overlap_layer,8.0,3,3,24.0,18.0,0.0,6.0,same_ori7_different_counts,T1_same_ori7_multiple_ori9
MI63182,MI6318200,MI,26,2021,1.0,0.0,5.0,0.0,0.0,0.0,0.0,6.0,0|0|0|1|0|5|0,srs_return_a_annual,6.0,0,CLARKSTON,unknown,,,,,1.0,1.0,overlap,26:statewide_overlap_layer,14.0,2,1,12.0,6.0,6.0,6.0,identical_7_offense_vector,T1_same_ori7_multiple_ori9
MI63182,MI631820X,MI,26,2021,1.0,0.0,5.0,0.0,0.0,0.0,0.0,6.0,0|0|0|1|0|5|0,nibrs_srs_equivalent_annual,12.0,7,,local_police,926.0,125,,fbi_cde_agency_roster,1.0,1.0,exclusive,26:municipal:place:2682450,7.0,2,1,12.0,6.0,6.0,6.0,identical_7_offense_vector,T1_same_ori7_multiple_ori9
NH00301,NH0030100,NH,33,2021,0.0,0.0,4.0,2.0,0.0,0.0,0.0,6.0,0|0|0|0|0|4|2,srs_return_a_annual,12.0,7,SP CHESHIRE COUNTY,state_law_enforcement,,005,99005,srs_agency_header,1.0,1.0,overlap,33:statewide_overlap_layer,25.0,2,1,12.0,6.0,6.0,6.0,identical_7_offense_vector,T1_same_ori7_multiple_ori9
NH00301,NH003010X,NH,33,2021,0.0,0.0,4.0,2.0,0.0,0.0,0.0,6.0,0|0|0|0|0|4|2,nibrs_srs_equivalent_annual,12.0,7,CONCORD,state_law_enforcement,9368.0,005,,fbi_cde_agency_roster,1.0,1.0,overlap,33:statewide_overlap_layer,25.0,2,1,12.0,6.0,6.0,6.0,identical_7_offense_vector,T1_same_ori7_multiple_ori9
OH025A1,OH025A100,OH,39,2021,0.0,1.0,4.0,0.0,0.0,1.0,0.0,6.0,0|1|0|0|1|4|0,srs_return_a_annual,4.0,0,CAPITAL UNIVERSITY,special_jurisdiction,,049,06278,srs_agency_header,1.0,1.0,overlap,39:statewide_overlap_layer,12.651359502129004,2,1,12.0,6.0,6.0,6.0,identical_7_offense_vector,T1_same_ori7_multiple_ori9
OH025A1,OH025A10X,OH,39,2021,0.0,1.0,4.0,0.0,0.0,1.0,0.0,6.0,0|1|0|0|1|4|0,nibrs_srs_equivalent_annual,6.0,7,BEXLEY,special_jurisdiction,0.0,049,,fbi_cde_agency_roster,1.0,1.0,overlap,39:statewide_overlap_layer,3.0,2,1,12.0,6.0,6.0,6.0,identical_7_offense_vector,T1_same_ori7_multiple_ori9
TN01305,TN0130500,TN,47,2021,0.0,0.0,4.0,0.0,0.0,2.0,0.0,6.0,0|2|0|0|0|4|0,srs_return_a_annual,6.0,0,LINCOLN MEMORIAL UNIVERS,unknown,,,,,1.0,1.0,overlap,47:statewide_overlap_layer,7.199999999999999,2,1,12.0,6.0,6.0,6.0,identical_7_offense_vector,T1_same_ori7_multiple_ori9
TN01305,TN013059E,TN,47,2021,0.0,0.0,4.0,0.0,0.0,2.0,0.0,6.0,0|2|0|0|0|4|0,nibrs_srs_equivalent_annual,9.0,7,HARROGATE,special_jurisdiction,0.0,025,,fbi_cde_agency_roster,1.0,1.0,overlap,47:statewide_overlap_layer,3.0,2,1,12.0,6.0,6.0,6.0,identical_7_offense_vector,T1_same_ori7_multiple_ori9
TN01941,TN0194100,TN,47,2021,6.0,0.0,0.0,0.0,0.0,0.0,0.0,6.0,0|0|0|6|0|0|0,srs_return_a_annual,4.0,0,DEPT OF CORRECTION INT A,special_jurisdiction,,037,52006,srs_agency_header,1.0,1.0,overlap,47:statewide_overlap_layer,62.0,2,1,12.0,6.0,6.0,6.0,identical_7_offense_vector,T1_same_ori7_multiple_ori9
TN01941,TN019410X,TN,47,2021,6.0,0.0,0.0,0.0,0.0,0.0,0.0,6.0,0|0|0|6|0|0|0,nibrs_srs_equivalent_annual,8.0,7,NASHVILLE,unknown,0.0,037,,fbi_cde_agency_roster,1.0,1.0,overlap,47:statewide_overlap_layer,62.0,2,1,12.0,6.0,6.0,6.0,identical_7_offense_vector,T1_same_ori7_multiple_ori9
CA02099,CA0209900,CA,06,2021,0.0,0.0,0.0,0.0,0.0,0.0,0.0,0.0,0|0|0|0|0|0|0,srs_return_a_annual,0.0,0,HP MADERA COUNTY,state_law_enforcement,0.0,039,45022,srs_agency_header,1.0,1.0,overlap,06:statewide_overlap_layer,149.33446353209501,3,3,14.0,9.0,0.0,5.0,same_ori7_different_counts,T1_same_ori7_multiple_ori9
CA02099,CA0209950,CA,06,2021,0.0,0.0,1.0,4.0,0.0,0.0,0.0,5.0,0|0|0|0|0|1|4,nibrs_srs_equivalent_annual,2.0,7,HIGHWAY PATROL MADERA AREA OFFICE,state_law_enforcement,0.0,039,,fbi_cde_agency_roster,1.0,1.0,overlap,06:statewide_overlap_layer,86.0,3,3,14.0,9.0,0.0,5.0,same_ori7_different_counts,T1_same_ori7_multiple_ori9
CA02099,CA0209956,CA,06,2021,0.0,0.0,4.0,5.0,0.0,0.0,0.0,9.0,0|0|0|0|0|4|5,nibrs_srs_equivalent_annual,2.0,7,HIGHWAY PATROL OAKHURST AREA OFFICE,state_law_enforcement,0.0,039,,fbi_cde_agency_roster,1.0,1.0,overlap,06:statewide_overlap_layer,50.0,3,3,14.0,9.0,0.0,5.0,same_ori7_different_counts,T1_same_ori7_multiple_ori9
IN04935,IN0493500,IN,18,2021,0.0,0.0,5.0,0.0,0.0,0.0,0.0,5.0,0|0|0|0|0|5|0,srs_return_a_annual,4.0,0,MARIAN UNIVERSITY,special_jurisdiction,,097,36000,srs_agency_header,1.0,1.0,overlap,18:statewide_overlap_layer,9.783190210735631,2,1,10.0,5.0,5.0,5.0,identical_7_offense_vector,T1_same_ori7_multiple_ori9
IN04935,IN049359E,IN,18,2021,0.0,0.0,5.0,0.0,0.0,0.0,0.0,5.0,0|0|0|0|0|5|0,nibrs_srs_equivalent_annual,4.0,7,INDIANAPOLIS,special_jurisdiction,0.0,097,,fbi_cde_agency_roster,1.0,1.0,overlap,18:statewide_overlap_layer,2.0,2,1,10.0,5.0,5.0,5.0,identical_7_offense_vector,T1_same_ori7_multiple_ori9
MI63180,MI6318000,MI,26,2021,0.0,1.0,3.0,1.0,0.0,0.0,0.0,5.0,0|0|0|0|1|3|1,srs_return_a_annual,9.0,0,ADDISON TOWNSHIP,unknown,,,,,1.0,1.0,overlap,26:statewide_overlap_layer,4.806776004117353,2,1,10.0,5.0,5.0,5.0,identical_7_offense_vector,T1_same_ori7_multiple_ori9
MI63180,MI631800X,MI,26,2021,0.0,1.0,3.0,1.0,0.0,0.0,0.0,5.0,0|0|0|0|1|3|1,nibrs_srs_equivalent_annual,12.0,7,,local_police,6653.0,125,,fbi_cde_agency_roster,1.0,1.0,exclusive,26:state_nonmunicipal_remainder,2.0,2,1,10.0,5.0,5.0,5.0,identical_7_offense_vector,T1_same_ori7_multiple_ori9
NH00801,NH0080100,NH,33,2021,0.0,0.0,4.0,0.0,0.0,1.0,0.0,5.0,0|1|0|0|0|4|0,srs_return_a_annual,8.0,0,SP ROCKINGHAM COUNTY,state_law_enforcement,,015,99015,srs_agency_header,1.0,1.0,overlap,33:statewide_overlap_layer,15.272727272727272,2,1,10.0,5.0,5.0,5.0,identical_7_offense_vector,T1_same_ori7_multiple_ori9
NH00801,NH008010X,NH,33,2021,0.0,0.0,4.0,0.0,0.0,1.0,0.0,5.0,0|1|0|0|0|4|0,nibrs_srs_equivalent_annual,12.0,7,CONCORD,state_law_enforcement,0.0,015,,fbi_cde_agency_roster,1.0,1.0,overlap,33:statewide_overlap_layer,14.0,2,1,10.0,5.0,5.0,5.0,identical_7_offense_vector,T1_same_ori7_multiple_ori9
TX22110,TX2211000,TX,48,2021,0.0,0.0,4.0,0.0,0.0,1.0,0.0,5.0,0|1|0|0|0|4|0,srs_return_a_annual,5.0,0,HARDIN SIMMONS UNIVERSIT,special_jurisdiction,,441,99441,srs_agency_header,1.0,1.0,overlap,48:statewide_overlap_layer,19.921217696265845,2,1,10.0,5.0,5.0,5.0,identical_7_offense_vector,T1_same_ori7_multiple_ori9
TX22110,TX221109E,TX,48,2021,0.0,0.0,4.0,0.0,0.0,1.0,0.0,5.0,0|1|0|0|0|4|0,nibrs_srs_equivalent_annual,12.0,7,ABILENE,special_jurisdiction,0.0,441,,fbi_cde_agency_roster,1.0,1.0,overlap,48:statewide_overlap_layer,16.0,2,1,10.0,5.0,5.0,5.0,identical_7_offense_vector,T1_same_ori7_multiple_ori9
CA03799,CA0379900,CA,06,2021,0.0,0.0,0.0,0.0,0.0,0.0,0.0,0.0,0|0|0|0|0|0|0,srs_return_a_annual,0.0,0,HP SAN DIEGO COUNTY,state_law_enforcement,0.0,073,66000,srs_agency_header,1.0,1.0,overlap,06:statewide_overlap_layer,179.75475661918574,6,3,6.0,2.0,0.0,4.0,same_ori7_different_counts,T1_same_ori7_multiple_ori9
CA03799,CA0379901,CA,06,2021,0.0,0.0,0.0,1.0,0.0,0.0,0.0,1.0,0|0|0|0|0|0|1,nibrs_srs_equivalent_annual,2.0,7,,state_law_enforcement,0.0,073,,fbi_cde_agency_roster,1.0,1.0,overlap,06:statewide_overlap_layer,101.3135260913796,6,3,6.0,2.0,0.0,4.0,same_ori7_different_counts,T1_same_ori7_multiple_ori9
CA03799,CA0379908,CA,06,2021,0.0,0.0,0.0,1.0,0.0,0.0,0.0,1.0,0|0|0|0|0|0|1,nibrs_srs_equivalent_annual,2.0,7,,state_law_enforcement,0.0,073,,fbi_cde_agency_roster,1.0,1.0,overlap,06:statewide_overlap_layer,27.0,6,3,6.0,2.0,0.0,4.0,same_ori7_different_counts,T1_same_ori7_multiple_ori9
CA03799,CA0379945,CA,06,2021,0.0,0.0,0.0,1.0,0.0,0.0,0.0,1.0,0|0|0|0|0|0|1,nibrs_srs_equivalent_annual,2.0,7,HIGHWAY PATROL SAN DIEGO AREA OFFICE,state_law_enforcement,0.0,073,,fbi_cde_agency_roster,1.0,1.0,overlap,06:statewide_overlap_layer,4.0,6,3,6.0,2.0,0.0,4.0,same_ori7_different_counts,T1_same_ori7_multiple_ori9
CA03799,CA0379950,CA,06,2021,0.0,0.0,0.0,1.0,0.0,0.0,0.0,1.0,0|0|0|0|0|0|1,nibrs_srs_equivalent_annual,2.0,7,HIGHWAY PATROL OCEANSIDE AREA OFFICE,state_law_enforcement,0.0,073,,fbi_cde_agency_roster,1.0,1.0,overlap,06:statewide_overlap_layer,39.0,6,3,6.0,2.0,0.0,4.0,same_ori7_different_counts,T1_same_ori7_multiple_ori9
CA03799,CA0379980,CA,06,2021,0.0,0.0,0.0,2.0,0.0,0.0,0.0,2.0,0|0|0|0|0|0|2,nibrs_srs_equivalent_annual,2.0,7,HIGHWAY PATROL EL CAJON AREA OFFICE,state_law_enforcement,0.0,073,,fbi_cde_agency_roster,1.0,1.0,overlap,06:statewide_overlap_layer,3.0,6,3,6.0,2.0,0.0,4.0,same_ori7_different_counts,T1_same_ori7_multiple_ori9
MO11606,MO1160600,MO,29,2021,0.0,0.0,4.0,0.0,0.0,0.0,0.0,4.0,0|0|0|0|0|4|0,srs_return_a_annual,3.0,0,TERMINAL RAILROAD,unknown,,,,,1.0,1.0,overlap,29:statewide_overlap_layer,1.0,2,1,8.0,4.0,4.0,4.0,identical_7_offense_vector,T1_same_ori7_multiple_ori9
MO11606,MO116069E,MO,29,2021,0.0,0.0,4.0,0.0,0.0,0.0,0.0,4.0,0|0|0|0|0|4|0,nibrs_srs_equivalent_annual,10.0,7,,unknown,0.0,,,,1.0,1.0,overlap,29:statewide_overlap_layer,1.0,2,1,8.0,4.0,4.0,4.0,identical_7_offense_vector,T1_same_ori7_multiple_ori9
NH00201,NH0020100,NH,33,2021,1.0,1.0,1.0,1.0,0.0,0.0,0.0,4.0,0|0|0|1|1|1|1,srs_return_a_annual,6.0,0,SP CARROLL COUNTY,state_law_enforcement,,003,99003,srs_agency_header,1.0,1.0,overlap,33:statewide_overlap_layer,10.793125365930592,2,1,8.0,4.0,4.0,4.0,identical_7_offense_vector,T1_same_ori7_multiple_ori9
NH00201,NH002010X,NH,33,2021,1.0,1.0,1.0,1.0,0.0,0.0,0.0,4.0,0|0|0|1|1|1|1,nibrs_srs_equivalent_annual,10.0,7,CONCORD,state_law_enforcement,0.0,003,,fbi_cde_agency_roster,1.0,1.0,overlap,33:statewide_overlap_layer,4.0,2,1,8.0,4.0,4.0,4.0,identical_7_offense_vector,T1_same_ori7_multiple_ori9
CA04799,CA0479900,CA,06,2021,0.0,0.0,0.0,0.0,0.0,0.0,0.0,0.0,0|0|0|0|0|0|0,srs_return_a_annual,0.0,0,HP SISKIYOU COUNTY,state_law_enforcement,0.0,093,86944,srs_agency_header,1.0,1.0,overlap,06:statewide_overlap_layer,47.35524646723707,3,3,16.0,13.0,0.0,3.0,same_ori7_different_counts,T1_same_ori7_multiple_ori9
CA04799,CA0479945,CA,06,2021,0.0,0.0,3.0,10.0,0.0,0.0,0.0,13.0,0|0|0|0|0|3|10,nibrs_srs_equivalent_annual,2.0,7,HIGHWAY PATROL YREKA AREA OFFICE,state_law_enforcement,0.0,093,,fbi_cde_agency_roster,1.0,1.0,overlap,06:statewide_overlap_layer,16.0,3,3,16.0,13.0,0.0,3.0,same_ori7_different_counts,T1_same_ori7_multiple_ori9
CA04799,CA0479946,CA,06,2021,2.0,0.0,0.0,1.0,0.0,0.0,0.0,3.0,0|0|0|2|0|0|1,nibrs_srs_equivalent_annual,2.0,7,HIGHWAY PATROL MOUNT SHASTA AREA OFFICE,state_law_enforcement,0.0,093,,fbi_cde_agency_roster,1.0,1.0,overlap,06:statewide_overlap_layer,12.0,3,3,16.0,13.0,0.0,3.0,same_ori7_different_counts,T1_same_ori7_multiple_ori9
GA13903,GA1390300,GA,13,2021,0.0,0.0,3.0,0.0,0.0,0.0,0.0,3.0,0|0|0|0|0|3|0,srs_return_a_annual,2.0,0,YOUNG HARRIS COLLEGE,special_jurisdiction,,281,84960,srs_agency_header,1.0,1.0,overlap,13:statewide_overlap_layer,14.436958852179062,2,1,6.0,3.0,3.0,3.0,identical_7_offense_vector,T1_same_ori7_multiple_ori9
GA13903,GA139039E,GA,13,2021,0.0,0.0,3.0,0.0,0.0,0.0,0.0,3.0,0|0|0|0|0|3|0,nibrs_srs_equivalent_annual,12.0,7,YOUNG HARRIS,special_jurisdiction,0.0,281,,fbi_cde_agency_roster,1.0,1.0,overlap,13:statewide_overlap_layer,5.054950140666102,2,1,6.0,3.0,3.0,3.0,identical_7_offense_vector,T1_same_ori7_multiple_ori9
OH07109,OH0710900,OH,39,2021,0.0,0.0,3.0,0.0,0.0,0.0,0.0,3.0,0|0|0|0|0|3|0,srs_return_a_annual,6.0,0,ADENA HEALTH SYSTEM,unknown,,,,,1.0,1.0,overlap,39:statewide_overlap_layer,,2,1,6.0,3.0,3.0,3.0,identical_7_offense_vector,T1_same_ori7_multiple_ori9
OH07109,OH071099E,OH,39,2021,0.0,0.0,3.0,0.0,0.0,0.0,0.0,3.0,0|0|0|0|0|3|0,nibrs_srs_equivalent_annual,7.0,7,,unknown,0.0,,,,1.0,1.0,overlap,39:statewide_overlap_layer,2.7921716149615485,2,1,6.0,3.0,3.0,3.0,identical_7_offense_vector,T1_same_ori7_multiple_ori9
VA09404,VA0940400,VA,51,2021,0.0,0.0,3.0,0.0,0.0,0.0,0.0,3.0,0|0|0|0|0|3|0,srs_return_a_annual,3.0,0,EMORY AND HENRY COLLEGE,special_jurisdiction,,191,25792,srs_agency_header,1.0,1.0,overlap,51:statewide_overlap_layer,1.3252384066339258,2,1,6.0,3.0,3.0,3.0,identical_7_offense_vector,T1_same_ori7_multiple_ori9
VA09404,VA094049E,VA,51,2021,0.0,0.0,3.0,0.0,0.0,0.0,0.0,3.0,0|0|0|0|0|3|0,nibrs_srs_equivalent_annual,9.0,7,EMORY,special_jurisdiction,0.0,191,,fbi_cde_agency_roster,1.0,1.0,overlap,51:statewide_overlap_layer,1.5783920354291885,2,1,6.0,3.0,3.0,3.0,identical_7_offense_vector,T1_same_ori7_multiple_ori9
CA01399,CA0139900,CA,06,2021,0.0,0.0,0.0,0.0,0.0,0.0,0.0,0.0,0|0|0|0|0|0|0,srs_return_a_annual,0.0,0,HP IMPERIAL COUNTY,state_law_enforcement,0.0,025,21782,srs_agency_header,1.0,1.0,overlap,06:statewide_overlap_layer,61.89317916686093,4,3,9.0,7.0,0.0,2.0,same_ori7_different_counts,T1_same_ori7_multiple_ori9
CA01399,CA0139920,CA,06,2021,0.0,0.0,0.0,1.0,0.0,0.0,0.0,1.0,0|0|0|0|0|0|1,nibrs_srs_equivalent_annual,2.0,7,HIGHWAY PATROL WINTERHAVEN AREA OFFICE,state_law_enforcement,0.0,025,,fbi_cde_agency_roster,1.0,1.0,overlap,06:statewide_overlap_layer,3.0,4,3,9.0,7.0,0.0,2.0,same_ori7_different_counts,T1_same_ori7_multiple_ori9
CA01399,CA0139925,CA,06,2021,0.0,0.0,0.0,7.0,0.0,0.0,0.0,7.0,0|0|0|0|0|0|7,nibrs_srs_equivalent_annual,2.0,7,HIGHWAY PATROL EL CENTRO AREA OFFICE,state_law_enforcement,0.0,025,,fbi_cde_agency_roster,1.0,1.0,overlap,06:statewide_overlap_layer,56.0,4,3,9.0,7.0,0.0,2.0,same_ori7_different_counts,T1_same_ori7_multiple_ori9
CA01399,CA0139926,CA,06,2021,0.0,0.0,0.0,1.0,0.0,0.0,0.0,1.0,0|0|0|0|0|0|1,nibrs_srs_equivalent_annual,12.0,7,,state_law_enforcement,0.0,025,,fbi_cde_agency_roster,1.0,1.0,overlap,06:statewide_overlap_layer,1.0,4,3,9.0,7.0,0.0,2.0,same_ori7_different_counts,T1_same_ori7_multiple_ori9
MA00704,MA0070400,MA,25,2021,0.0,0.0,1.0,1.0,0.0,0.0,0.0,2.0,0|0|0|0|0|1|1,nibrs_srs_equivalent_annual|srs_return_a_annual,12.0,7,CHESTER,local_police,1388.0,013,13485,srs_agency_header,1.0,1.0,exclusive,25:municipal:cousub:2501313485,0.0,2,2,11.0,9.0,2.0,2.0,same_ori7_different_counts,T1_same_ori7_multiple_ori9
MA00704,MA007049E,MA,25,2021,0.0,3.0,5.0,0.0,0.0,1.0,0.0,9.0,0|1|0|0|3|5|0,nibrs_srs_equivalent_annual,12.0,7,SPRINGFIELD,special_jurisdiction,0.0,013,,fbi_cde_agency_roster,1.0,1.0,overlap,25:statewide_overlap_layer,13.0,2,2,11.0,9.0,2.0,2.0,same_ori7_different_counts,T1_same_ori7_multiple_ori9
MA01464,MA0146400,MA,25,2021,0.0,0.0,1.0,0.0,0.0,0.0,0.0,1.0,0|0|0|0|0|1|0,srs_return_a_annual,2.0,0,TUFTS UNIVERSITY WORCEST,special_jurisdiction,,017,26395,srs_agency_header,1.0,1.0,overlap,25:statewide_overlap_layer,15.0,3,2,27.0,25.0,1.0,2.0,same_ori7_different_counts,T1_same_ori7_multiple_ori9
MA01464,MA014640X,MA,25,2021,0.0,0.0,1.0,0.0,0.0,0.0,0.0,1.0,0|0|0|0|0|1|0,nibrs_srs_equivalent_annual,12.0,7,GRAFTON,special_jurisdiction,0.0,017,,fbi_cde_agency_roster,1.0,1.0,overlap,25:statewide_overlap_layer,5.0,3,2,27.0,25.0,1.0,2.0,same_ori7_different_counts,T1_same_ori7_multiple_ori9
MA01464,MA014649E,MA,25,2021,2.0,1.0,21.0,0.0,0.0,1.0,0.0,25.0,0|1|0|2|1|21|0,nibrs_srs_equivalent_annual,12.0,7,WORCESTER,special_jurisdiction,0.0,027,,fbi_cde_agency_roster,1.0,1.0,overlap,25:statewide_overlap_layer,25.0,3,2,27.0,25.0,1.0,2.0,same_ori7_different_counts,T1_same_ori7_multiple_ori9
NH00901,NH0090100,NH,33,2021,1.0,0.0,0.0,0.0,0.0,1.0,0.0,2.0,0|1|0|1|0|0|0,srs_return_a_annual,5.0,0,SP STRAFFORD COUNTY,state_law_enforcement,,017,99017,srs_agency_header,1.0,1.0,overlap,33:statewide_overlap_layer,10.666666666666666,2,1,4.0,2.0,2.0,2.0,identical_7_offense_vector,T1_same_ori7_multiple_ori9
NH00901,NH009010X,NH,33,2021,1.0,0.0,0.0,0.0,0.0,1.0,0.0,2.0,0|1|0|1|0|0|0,nibrs_srs_equivalent_annual,9.0,7,CONCORD,state_law_enforcement,931.0,017,,fbi_cde_agency_roster,1.0,1.0,overlap,33:statewide_overlap_layer,8.0,2,1,4.0,2.0,2.0,2.0,identical_7_offense_vector,T1_same_ori7_multiple_ori9
OK03601,OK0360100,OK,40,2021,13.0,31.0,63.0,11.0,0.0,2.0,1.0,121.0,0|2|1|13|31|63|11,nibrs_srs_equivalent_annual|srs_return_a_annual,12.0,7,BLACKWELL,local_police,6684.0,071,06600,srs_agency_header,1.0,1.0,exclusive,40:municipal:place:4006600,157.0,2,2,123.0,121.0,2.0,2.0,same_ori7_different_counts,T1_same_ori7_multiple_ori9
OK03601,OK036015A,OK,40,2021,0.0,0.0,1.0,1.0,0.0,0.0,0.0,2.0,0|0|0|0|0|1|1,nibrs_srs_equivalent_annual,12.0,7,,unknown,0.0,071,,fbi_cde_agency_roster,1.0,1.0,overlap,40:statewide_overlap_layer,2.0,2,2,123.0,121.0,2.0,2.0,same_ori7_different_counts,T1_same_ori7_multiple_ori9
OK07001,OK0700100,OK,40,2021,23.0,41.0,107.0,17.0,0.0,9.0,0.0,197.0,0|9|0|23|41|107|17,nibrs_srs_equivalent_annual|srs_return_a_annual,12.0,7,GUYMON,local_police,12292.0,139,31750,srs_agency_header,1.0,1.0,exclusive,40:municipal:place:4031750,147.0,2,2,199.0,197.0,2.0,2.0,same_ori7_different_counts,T1_same_ori7_multiple_ori9
OK07001,OK070015A,OK,40,2021,0.0,0.0,0.0,0.0,1.0,1.0,0.0,2.0,1|1|0|0|0|0|0,nibrs_srs_equivalent_annual,12.0,7,,unknown,0.0,139,,fbi_cde_agency_roster,1.0,1.0,overlap,40:statewide_overlap_layer,1.8341880917882536,2,2,199.0,197.0,2.0,2.0,same_ori7_different_counts,T1_same_ori7_multiple_ori9
AL00141,AL0014100,AL,01,2021,0.0,0.0,1.0,0.0,0.0,0.0,0.0,1.0,0|0|0|0|0|1|0,srs_return_a_annual,3.0,0,SAMFORD UNIVERSITY,special_jurisdiction,,073,07000,srs_agency_header,1.0,1.0,overlap,01:statewide_overlap_layer,22.43330340476719,2,1,2.0,1.0,1.0,1.0,identical_7_offense_vector,T1_same_ori7_multiple_ori9
AL00141,AL001419E,AL,01,2021,0.0,0.0,1.0,0.0,0.0,0.0,0.0,1.0,0|0|0|0|0|1|0,nibrs_srs_equivalent_annual,3.0,7,BIRMINGHAM,special_jurisdiction,0.0,073,,fbi_cde_agency_roster,1.0,1.0,overlap,01:statewide_overlap_layer,11.886601970172425,2,1,2.0,1.0,1.0,1.0,identical_7_offense_vector,T1_same_ori7_multiple_ori9
AL05401,AL0540100,AL,01,2021,2.0,0.0,4.0,0.0,0.0,0.0,0.0,6.0,0|0|0|2|0|4|0,nibrs_srs_equivalent_annual,12.0,7,ALICEVILLE,local_police,2315.0,107,01228,srs_agency_header,1.0,1.0,exclusive,01:municipal:place:0101228,15.0,2,2,7.0,6.0,1.0,1.0,same_ori7_different_counts,T1_same_ori7_multiple_ori9
AL05401,AL054015A,AL,01,2021,0.0,0.0,0.0,0.0,0.0,1.0,0.0,1.0,0|1|0|0|0|0|0,nibrs_srs_equivalent_annual,8.0,7,,unknown,0.0,107,,fbi_cde_agency_roster,1.0,1.0,overlap,01:statewide_overlap_layer,2.1060954055636567,2,2,7.0,6.0,1.0,1.0,same_ori7_different_counts,T1_same_ori7_multiple_ori9
CA02999,CA0299900,CA,06,2021,0.0,0.0,0.0,0.0,0.0,0.0,0.0,0.0,0|0|0|0|0|0|0,srs_return_a_annual,0.0,0,HP NEVADA COUNTY,state_law_enforcement,0.0,057,80588,srs_agency_header,1.0,1.0,overlap,06:statewide_overlap_layer,92.47168045923104,3,3,9.0,8.0,0.0,1.0,same_ori7_different_counts,T1_same_ori7_multiple_ori9
CA02999,CA0299922,CA,06,2021,0.0,0.0,1.0,0.0,0.0,0.0,0.0,1.0,0|0|0|0|0|1|0,nibrs_srs_equivalent_annual,2.0,7,,state_law_enforcement,0.0,057,,fbi_cde_agency_roster,1.0,1.0,overlap,06:statewide_overlap_layer,3.4535836226170984,3,3,9.0,8.0,0.0,1.0,same_ori7_different_counts,T1_same_ori7_multiple_ori9
CA02999,CA0299930,CA,06,2021,0.0,0.0,1.0,7.0,0.0,0.0,0.0,8.0,0|0|0|0|0|1|7,nibrs_srs_equivalent_annual,2.0,7,HIGHWAY PATROL GRASS VALLEY AREA OFFICE,state_law_enforcement,0.0,057,,fbi_cde_agency_roster,1.0,1.0,overlap,06:statewide_overlap_layer,67.0,3,3,9.0,8.0,0.0,1.0,same_ori7_different_counts,T1_same_ori7_multiple_ori9
CA04899,CA0489900,CA,06,2021,0.0,0.0,0.0,0.0,0.0,0.0,0.0,0.0,0|0|0|0|0|0|0,srs_return_a_annual,0.0,0,HP SOLANO COUNTY,state_law_enforcement,0.0,095,99095,srs_agency_header,1.0,1.0,overlap,06:statewide_overlap_layer,43.904143925712035,3,3,26.0,25.0,0.0,1.0,same_ori7_different_counts,T1_same_ori7_multiple_ori9
CA04899,CA0489901,CA,06,2021,0.0,0.0,0.0,1.0,0.0,0.0,0.0,1.0,0|0|0|0|0|0|1,nibrs_srs_equivalent_annual,2.0,7,,state_law_enforcement,0.0,095,,fbi_cde_agency_roster,1.0,1.0,overlap,06:statewide_overlap_layer,4.0,3,3,26.0,25.0,0.0,1.0,same_ori7_different_counts,T1_same_ori7_multiple_ori9
CA04899,CA0489965,CA,06,2021,9.0,10.0,2.0,3.0,0.0,0.0,1.0,25.0,0|0|1|9|10|2|3,nibrs_srs_equivalent_annual,2.0,7,HIGHWAY PATROL SOLANO AREA OFFICE,state_law_enforcement,0.0,095,,fbi_cde_agency_roster,1.0,1.0,overlap,06:statewide_overlap_layer,22.0,3,3,26.0,25.0,0.0,1.0,same_ori7_different_counts,T1_same_ori7_multiple_ori9
DE00215,DE0021500,DE,10,2021,0.0,0.0,0.0,0.0,0.0,0.0,1.0,1.0,0|0|1|0|0|0|0,srs_return_a_annual,1.0,0,AMTRAK POLICE,special_jurisdiction,,003,99003,srs_agency_header,1.0,1.0,overlap,10:statewide_overlap_layer,9.0,2,1,2.0,1.0,1.0,1.0,identical_7_offense_vector,T1_same_ori7_multiple_ori9
DE00215,DE002159E,DE,10,2021,0.0,0.0,0.0,0.0,0.0,0.0,1.0,1.0,0|0|1|0|0|0|0,nibrs_srs_equivalent_annual,11.0,7,WILMINGTON,unknown,0.0,003,,fbi_cde_agency_roster,1.0,1.0,overlap,10:statewide_overlap_layer,6.0,2,1,2.0,1.0,1.0,1.0,identical_7_offense_vector,T1_same_ori7_multiple_ori9
MA01465,MA0146500,MA,25,2021,0.0,1.0,0.0,0.0,0.0,0.0,0.0,1.0,0|0|0|0|1|0|0,srs_return_a_annual,2.0,0,COL OF THE HOLY CROSS,unknown,,,,,1.0,1.0,overlap,25:statewide_overlap_layer,22.799999999999997,2,1,2.0,1.0,1.0,1.0,identical_7_offense_vector,T1_same_ori7_multiple_ori9
MA01465,MA014659E,MA,25,2021,0.0,1.0,0.0,0.0,0.0,0.0,0.0,1.0,0|0|0|0|1|0|0,nibrs_srs_equivalent_annual,12.0,7,WORCESTER,special_jurisdiction,0.0,027,,fbi_cde_agency_roster,1.0,1.0,overlap,25:statewide_overlap_layer,19.0,2,1,2.0,1.0,1.0,1.0,identical_7_offense_vector,T1_same_ori7_multiple_ori9
OH06013,OH0601300,OH,39,2021,0.0,0.0,1.0,0.0,0.0,0.0,0.0,1.0,0|0|0|0|0|1|0,srs_return_a_annual,1.0,0,MUSKINGUM UNIVERSITY,special_jurisdiction,,119,54446,srs_agency_header,1.0,1.0,overlap,39:statewide_overlap_layer,6.0,2,1,2.0,1.0,1.0,1.0,identical_7_offense_vector,T1_same_ori7_multiple_ori9
OH06013,OH060139E,OH,39,2021,0.0,0.0,1.0,0.0,0.0,0.0,0.0,1.0,0|0|0|0|0|1|0,nibrs_srs_equivalent_annual,3.0,7,NEW CONCORD,special_jurisdiction,0.0,119,,fbi_cde_agency_roster,1.0,1.0,overlap,39:statewide_overlap_layer,1.0,2,1,2.0,1.0,1.0,1.0,identical_7_offense_vector,T1_same_ori7_multiple_ori9
OK05122,OK0512200,OK,40,2021,0.0,1.0,0.0,0.0,0.0,0.0,0.0,1.0,0|0|0|0|1|0|0,srs_return_a_annual,2.0,0,BACONE COLLEGE,unknown,,,,,1.0,1.0,overlap,40:statewide_overlap_layer,,2,1,2.0,1.0,1.0,1.0,identical_7_offense_vector,T1_same_ori7_multiple_ori9
OK05122,OK051229E,OK,40,2021,0.0,1.0,0.0,0.0,0.0,0.0,0.0,1.0,0|0|0|0|1|0|0,nibrs_srs_equivalent_annual,12.0,7,,special_jurisdiction,0.0,,,,1.0,1.0,overlap,40:statewide_overlap_layer,2.6244117094322865,2,1,2.0,1.0,1.0,1.0,identical_7_offense_vector,T1_same_ori7_multiple_ori9
SC00899,SC0089900,SC,45,2021,0.0,0.0,1.0,0.0,0.0,0.0,0.0,1.0,0|0|0|0|0|1|0,srs_return_a_annual,1.0,0,DEPT OF HEALTH ENV CON,unknown,,,,,1.0,1.0,overlap,45:statewide_overlap_layer,,2,1,2.0,1.0,1.0,1.0,identical_7_offense_vector,T1_same_ori7_multiple_ori9
SC00899,SC008990X,SC,45,2021,0.0,0.0,1.0,0.0,0.0,0.0,0.0,1.0,0|0|0|0|0|1|0,nibrs_srs_equivalent_annual,4.0,7,,unknown,0.0,015,,fbi_cde_agency_roster,1.0,1.0,overlap,45:statewide_overlap_layer,0.9223749789324152,2,1,2.0,1.0,1.0,1.0,identical_7_offense_vector,T1_same_ori7_multiple_ori9
SC04699,SC0469900,SC,45,2021,0.0,0.0,1.0,0.0,0.0,0.0,0.0,1.0,0|0|0|0|0|1|0,srs_return_a_annual,1.0,0,DEPT OF HEALTH ENV CON,unknown,,,,,1.0,1.0,overlap,45:statewide_overlap_layer,,2,1,2.0,1.0,1.0,1.0,identical_7_offense_vector,T1_same_ori7_multiple_ori9
SC04699,SC046990X,SC,45,2021,0.0,0.0,1.0,0.0,0.0,0.0,0.0,1.0,0|0|0|0|0|1|0,nibrs_srs_equivalent_annual,9.0,7,,unknown,0.0,091,,fbi_cde_agency_roster,1.0,1.0,overlap,45:statewide_overlap_layer,3.660848758930788,2,1,2.0,1.0,1.0,1.0,identical_7_offense_vector,T1_same_ori7_multiple_ori9
TN02299,TN0229900,TN,47,2021,0.0,0.0,1.0,0.0,0.0,0.0,0.0,1.0,0|0|0|0|0|1|0,srs_return_a_annual,1.0,0,SPR HARPETH SCNC RIVERS,special_jurisdiction,,043,99043,srs_agency_header,1.0,1.0,overlap,47:statewide_overlap_layer,,2,1,2.0,1.0,1.0,1.0,identical_7_offense_vector,T1_same_ori7_multiple_ori9
TN02299,TN022990X,TN,47,2021,0.0,0.0,1.0,0.0,0.0,0.0,0.0,1.0,0|0|0|0|0|1|0,nibrs_srs_equivalent_annual,2.0,7,BURNS,unknown,0.0,,,,1.0,1.0,overlap,47:statewide_overlap_layer,1.9418846004935078,2,1,2.0,1.0,1.0,1.0,identical_7_offense_vector,T1_same_ori7_multiple_ori9
WA03422,WA0342200,WA,53,2021,0.0,0.0,1.0,0.0,0.0,0.0,0.0,1.0,0|0|0|0|0|1|0,srs_return_a_annual,1.0,0,ST INSUR CMSNR SPC INV U,special_jurisdiction,,067,72905,srs_agency_header,1.0,1.0,overlap,53:statewide_overlap_layer,,2,1,2.0,1.0,1.0,1.0,identical_7_offense_vector,T1_same_ori7_multiple_ori9
WA03422,WA034225Y,WA,53,2021,0.0,0.0,1.0,0.0,0.0,0.0,0.0,1.0,0|0|0|0|0|1|0,nibrs_srs_equivalent_annual,12.0,7,TUMWATER,unknown,0.0,067,,fbi_cde_agency_roster,1.0,1.0,overlap,53:statewide_overlap_layer,0.242518244121834,2,1,2.0,1.0,1.0,1.0,identical_7_offense_vector,T1_same_ori7_multiple_ori9
CA00399,CA0039900,CA,06,2021,0.0,0.0,0.0,0.0,0.0,0.0,0.0,0.0,0|0|0|0|0|0|0,srs_return_a_annual,0.0,0,HP AMADOR COUNTY,state_law_enforcement,0.0,005,01514,srs_agency_header,1.0,1.0,overlap,06:statewide_overlap_layer,31.266653622880952,2,2,7.0,7.0,0.0,0.0,same_ori7_different_counts,T1_same_ori7_multiple_ori9
CA00399,CA0039995,CA,06,2021,0.0,0.0,1.0,6.0,0.0,0.0,0.0,7.0,0|0|0|0|0|1|6,nibrs_srs_equivalent_annual,2.0,7,HIGHWAY PATROL AMADOR AREA OFFICE,state_law_enforcement,0.0,005,,fbi_cde_agency_roster,1.0,1.0,overlap,06:statewide_overlap_layer,22.0,2,2,7.0,7.0,0.0,0.0,same_ori7_different_counts,T1_same_ori7_multiple_ori9
CA00599,CA0059900,CA,06,2021,0.0,0.0,0.0,0.0,0.0,0.0,0.0,0.0,0|0|0|0|0|0|0,srs_return_a_annual,0.0,0,HP CALAVERAS COUNTY,state_law_enforcement,0.0,009,64420,srs_agency_header,1.0,1.0,overlap,06:statewide_overlap_layer,118.46120120665304,2,2,6.0,6.0,0.0,0.0,same_ori7_different_counts,T1_same_ori7_multiple_ori9
CA00599,CA0059955,CA,06,2021,0.0,0.0,3.0,3.0,0.0,0.0,0.0,6.0,0|0|0|0|0|3|3,nibrs_srs_equivalent_annual,2.0,7,HIGHWAY PATROL SAN ANDREAS AREA OFFICE,state_law_enforcement,0.0,009,,fbi_cde_agency_roster,1.0,1.0,overlap,06:statewide_overlap_layer,86.0,2,2,6.0,6.0,0.0,0.0,same_ori7_different_counts,T1_same_ori7_multiple_ori9
CA00699,CA0069900,CA,06,2021,0.0,0.0,0.0,0.0,0.0,0.0,0.0,0.0,0|0|0|0|0|0|0,srs_return_a_annual,0.0,0,HP COLUSA COUNTY,state_law_enforcement,0.0,011,85586,srs_agency_header,1.0,1.0,overlap,06:statewide_overlap_layer,32.53262867232692,2,2,7.0,7.0,0.0,0.0,same_ori7_different_counts,T1_same_ori7_multiple_ori9
CA00699,CA0069955,CA,06,2021,0.0,0.0,0.0,7.0,0.0,0.0,0.0,7.0,0|0|0|0|0|0|7,nibrs_srs_equivalent_annual,12.0,7,HIGHWAY PATROL WILLIAMS AREA OFFICE,state_law_enforcement,0.0,011,,fbi_cde_agency_roster,1.0,1.0,overlap,06:statewide_overlap_layer,3.0,2,2,7.0,7.0,0.0,0.0,same_ori7_different_counts,T1_same_ori7_multiple_ori9
CA00799,CA0079900,CA,06,2021,0.0,0.0,0.0,0.0,0.0,0.0,0.0,0.0,0|0|0|0|0|0|0,srs_return_a_annual,0.0,0,HP CONTRA COSTA COUNTY,state_law_enforcement,0.0,013,99013,srs_agency_header,1.0,1.0,overlap,06:statewide_overlap_layer,464.5663806004999,2,2,108.0,108.0,0.0,0.0,same_ori7_different_counts,T1_same_ori7_multiple_ori9
CA00799,CA0079920,CA,06,2021,4.0,0.0,15.0,89.0,0.0,0.0,0.0,108.0,0|0|0|4|0|15|89,nibrs_srs_equivalent_annual,2.0,7,HIGHWAY PATROL CONTRA COSTA AREA OFFICE,state_law_enforcement,0.0,013,,fbi_cde_agency_roster,1.0,1.0,overlap,06:statewide_overlap_layer,449.0,2,2,108.0,108.0,0.0,0.0,same_ori7_different_counts,T1_same_ori7_multiple_ori9
CA00899,CA0089900,CA,06,2021,0.0,0.0,0.0,0.0,0.0,0.0,0.0,0.0,0|0|0|0|0|0|0,srs_return_a_annual,0.0,0,HP DEL NORTE COUNTY,state_law_enforcement,,015,17022,srs_agency_header,1.0,1.0,overlap,06:statewide_overlap_layer,63.96809929148684,2,2,8.0,8.0,0.0,0.0,same_ori7_different_counts,T1_same_ori7_multiple_ori9
CA00899,CA0089920,CA,06,2021,0.0,0.0,0.0,8.0,0.0,0.0,0.0,8.0,0|0|0|0|0|0|8,nibrs_srs_equivalent_annual,2.0,7,HIGHWAY PATROL CRESCENT CITY AREA OFFICE,state_law_enforcement,0.0,015,,fbi_cde_agency_roster,1.0,1.0,overlap,06:statewide_overlap_layer,65.0,2,2,8.0,8.0,0.0,0.0,same_ori7_different_counts,T1_same_ori7_multiple_ori9
CA00999,CA0099900,CA,06,2021,0.0,0.0,0.0,0.0,0.0,0.0,0.0,0.0,0|0|0|0|0|0|0,srs_return_a_annual,0.0,0,HP EL DORADO COUNTY,state_law_enforcement,0.0,017,57540,srs_agency_header,1.0,1.0,overlap,06:statewide_overlap_layer,117.01693486286061,2,2,43.0,43.0,0.0,0.0,same_ori7_different_counts,T1_same_ori7_multiple_ori9
CA00999,CA0099945,CA,06,2021,4.0,1.0,17.0,21.0,0.0,0.0,0.0,43.0,0|0|0|4|1|17|21,nibrs_srs_equivalent_annual,2.0,7,HIGHWAY PATROL PLACERVILLE AREA OFFICE,state_law_enforcement,0.0,017,,fbi_cde_agency_roster,1.0,1.0,overlap,06:statewide_overlap_layer,136.0,2,2,43.0,43.0,0.0,0.0,same_ori7_different_counts,T1_same_ori7_multiple_ori9
CA01199,CA0119900,CA,06,2021,0.0,0.0,0.0,0.0,0.0,0.0,0.0,0.0,0|0|0|0|0|0|0,srs_return_a_annual,0.0,0,HP GLENN COUNTY,state_law_enforcement,0.0,021,85684,srs_agency_header,1.0,1.0,overlap,06:statewide_overlap_layer,35.87602468375075,2,2,5.0,5.0,0.0,0.0,same_ori7_different_counts,T1_same_ori7_multiple_ori9
CA01199,CA0119960,CA,06,2021,0.0,0.0,0.0,5.0,0.0,0.0,0.0,5.0,0|0|0|0|0|0|5,nibrs_srs_equivalent_annual,2.0,7,HIGHWAY PATROL WILLOWS AREA OFFICE,state_law_enforcement,0.0,021,,fbi_cde_agency_roster,1.0,1.0,overlap,06:statewide_overlap_layer,28.0,2,2,5.0,5.0,0.0,0.0,same_ori7_different_counts,T1_same_ori7_multiple_ori9
CA01499,CA0149900,CA,06,2021,0.0,0.0,0.0,0.0,0.0,0.0,0.0,0.0,0|0|0|0|0|0|0,srs_return_a_annual,0.0,0,HP INYO COUNTY,state_law_enforcement,0.0,027,06798,srs_agency_header,1.0,1.0,overlap,06:statewide_overlap_layer,18.175178814293567,2,2,7.0,7.0,0.0,0.0,same_ori7_different_counts,T1_same_ori7_multiple_ori9
CA01499,CA0149925,CA,06,2021,0.0,0.0,3.0,4.0,0.0,0.0,0.0,7.0,0|0|0|0|0|3|4,nibrs_srs_equivalent_annual,2.0,7,HIGHWAY PATROL BISHOP AREA OFFICE,state_law_enforcement,0.0,027,,fbi_cde_agency_roster,1.0,1.0,overlap,06:statewide_overlap_layer,1.0,2,2,7.0,7.0,0.0,0.0,same_ori7_different_counts,T1_same_ori7_multiple_ori9
CA01699,CA0169900,CA,06,2021,0.0,0.0,0.0,0.0,0.0,0.0,0.0,0.0,0|0|0|0|0|0|0,srs_return_a_annual,0.0,0,HP KINGS COUNTY,state_law_enforcement,0.0,031,31960,srs_agency_header,1.0,1.0,overlap,06:statewide_overlap_layer,87.84295813076619,2,2,28.0,28.0,0.0,0.0,same_ori7_different_counts,T1_same_ori7_multiple_ori9
CA01699,CA0169940,CA,06,2021,0.0,0.0,4.0,23.0,1.0,0.0,0.0,28.0,1|0|0|0|0|4|23,nibrs_srs_equivalent_annual,2.0,7,HIGHWAY PATROL HANFORD AREA OFFICE,state_law_enforcement,0.0,031,,fbi_cde_agency_roster,1.0,1.0,overlap,06:statewide_overlap_layer,1.0,2,2,28.0,28.0,0.0,0.0,same_ori7_different_counts,T1_same_ori7_multiple_ori9
CA01799,CA0179900,CA,06,2021,0.0,0.0,0.0,0.0,0.0,0.0,0.0,0.0,0|0|0|0|0|0|0,srs_return_a_annual,0.0,0,HP LAKE COUNTY,state_law_enforcement,0.0,033,13945,srs_agency_header,1.0,1.0,overlap,06:statewide_overlap_layer,167.7132738537423,2,2,56.0,56.0,0.0,0.0,same_ori7_different_counts,T1_same_ori7_multiple_ori9
CA01799,CA0179951,CA,06,2021,0.0,0.0,6.0,50.0,0.0,0.0,0.0,56.0,0|0|0|0|0|6|50,nibrs_srs_equivalent_annual,2.0,7,HIGHWAY PATROL CLEAR LAKE AREA OFFICE,state_law_enforcement,0.0,033,,fbi_cde_agency_roster,1.0,1.0,overlap,06:statewide_overlap_layer,220.0,2,2,56.0,56.0,0.0,0.0,same_ori7_different_counts,T1_same_ori7_multiple_ori9
CA01899,CA0189900,CA,06,2021,0.0,0.0,0.0,0.0,0.0,0.0,0.0,0.0,0|0|0|0|0|0|0,srs_return_a_annual,0.0,0,HP LASSEN COUNTY,state_law_enforcement,0.0,035,77364,srs_agency_header,1.0,1.0,overlap,06:statewide_overlap_layer,39.9133801181556,2,2,1.0,1.0,0.0,0.0,same_ori7_different_counts,T1_same_ori7_multiple_ori9
CA01899,CA0189940,CA,06,2021,0.0,0.0,1.0,0.0,0.0,0.0,0.0,1.0,0|0|0|0|0|1|0,nibrs_srs_equivalent_annual,2.0,7,HIGHWAY PATROL SUSANVILLE AREA OFFICE,state_law_enforcement,0.0,035,,fbi_cde_agency_roster,1.0,1.0,overlap,06:statewide_overlap_layer,8.0,2,2,1.0,1.0,0.0,0.0,same_ori7_different_counts,T1_same_ori7_multiple_ori9
CA02199,CA0219900,CA,06,2021,0.0,0.0,0.0,0.0,0.0,0.0,0.0,0.0,0|0|0|0|0|0|0,srs_return_a_annual,0.0,0,HP MARIN COUNTY,state_law_enforcement,0.0,041,45820,srs_agency_header,1.0,1.0,overlap,06:statewide_overlap_layer,139.16707711455143,2,2,29.0,29.0,0.0,0.0,same_ori7_different_counts,T1_same_ori7_multiple_ori9
CA02199,CA0219950,CA,06,2021,0.0,26.0,3.0,0.0,0.0,0.0,0.0,29.0,0|0|0|0|26|3|0,nibrs_srs_equivalent_annual,2.0,7,HIGHWAY PATROL MARIN AREA OFFICE,state_law_enforcement,0.0,041,,fbi_cde_agency_roster,1.0,1.0,overlap,06:statewide_overlap_layer,86.0,2,2,29.0,29.0,0.0,0.0,same_ori7_different_counts,T1_same_ori7_multiple_ori9
CA02399,CA0239900,CA,06,2021,0.0,0.0,0.0,0.0,0.0,0.0,0.0,0.0,0|0|0|0|0|0|0,srs_return_a_annual,0.0,0,HP MENDOCINO COUNTY,state_law_enforcement,0.0,045,81134,srs_agency_header,1.0,1.0,overlap,06:statewide_overlap_layer,138.72208274862814,2,2,12.0,12.0,0.0,0.0,same_ori7_different_counts,T1_same_ori7_multiple_ori9
CA02399,CA0239950,CA,06,2021,0.0,0.0,2.0,10.0,0.0,0.0,0.0,12.0,0|0|0|0|0|2|10,nibrs_srs_equivalent_annual,2.0,7,HIGHWAY PATROL UKIAH AREA OFFICE,state_law_enforcement,0.0,045,,fbi_cde_agency_roster,1.0,1.0,overlap,06:statewide_overlap_layer,92.0,2,2,12.0,12.0,0.0,0.0,same_ori7_different_counts,T1_same_ori7_multiple_ori9
CA02599,CA0259900,CA,06,2021,0.0,0.0,0.0,0.0,0.0,0.0,0.0,0.0,0|0|0|0|0|0|0,srs_return_a_annual,0.0,0,HP MODOC COUNTY,state_law_enforcement,0.0,049,01444,srs_agency_header,1.0,1.0,overlap,06:statewide_overlap_layer,9.17123901196232,2,2,1.0,1.0,0.0,0.0,same_ori7_different_counts,T1_same_ori7_multiple_ori9
CA02599,CA0259970,CA,06,2021,0.0,0.0,0.0,1.0,0.0,0.0,0.0,1.0,0|0|0|0|0|0|1,nibrs_srs_equivalent_annual,2.0,7,,state_law_enforcement,0.0,049,,fbi_cde_agency_roster,1.0,1.0,overlap,06:statewide_overlap_layer,2.222361143149192,2,2,1.0,1.0,0.0,0.0,same_ori7_different_counts,T1_same_ori7_multiple_ori9
CA02799,CA0279900,CA,06,2021,0.0,0.0,0.0,0.0,0.0,0.0,0.0,0.0,0|0|0|0|0|0|0,srs_return_a_annual,0.0,0,HP MONTEREY COUNTY,state_law_enforcement,0.0,053,48872,srs_agency_header,1.0,1.0,overlap,06:statewide_overlap_layer,296.6676043376495,2,2,3.0,3.0,0.0,0.0,same_ori7_different_counts,T1_same_ori7_multiple_ori9
CA02799,CA0279935,CA,06,2021,0.0,0.0,0.0,3.0,0.0,0.0,0.0,3.0,0|0|0|0|0|0|3,nibrs_srs_equivalent_annual,2.0,7,HIGHWAY PATROL KING CITY AREA OFFICE,state_law_enforcement,0.0,051,,fbi_cde_agency_roster,1.0,1.0,overlap,06:statewide_overlap_layer,6.0,2,2,3.0,3.0,0.0,0.0,same_ori7_different_counts,T1_same_ori7_multiple_ori9
CA02899,CA0289900,CA,06,2021,0.0,0.0,0.0,0.0,0.0,0.0,0.0,0.0,0|0|0|0|0|0|0,srs_return_a_annual,0.0,0,HP NAPA COUNTY,state_law_enforcement,0.0,055,50258,srs_agency_header,1.0,1.0,overlap,06:statewide_overlap_layer,32.63728938774943,2,2,12.0,12.0,0.0,0.0,same_ori7_different_counts,T1_same_ori7_multiple_ori9
CA02899,CA0289925,CA,06,2021,0.0,0.0,3.0,9.0,0.0,0.0,0.0,12.0,0|0|0|0|0|3|9,nibrs_srs_equivalent_annual,2.0,7,HIGHWAY PATROL NAPA AREA OFFICE,state_law_enforcement,0.0,055,,fbi_cde_agency_roster,1.0,1.0,overlap,06:statewide_overlap_layer,68.0,2,2,12.0,12.0,0.0,0.0,same_ori7_different_counts,T1_same_ori7_multiple_ori9
CA03199,CA0319900,CA,06,2021,0.0,0.0,0.0,0.0,0.0,0.0,0.0,0.0,0|0|0|0|0|0|0,srs_return_a_annual,0.0,0,HP PLACER COUNTY,state_law_enforcement,0.0,061,03204,srs_agency_header,1.0,1.0,overlap,06:statewide_overlap_layer,173.03104681422428,2,2,36.0,36.0,0.0,0.0,same_ori7_different_counts,T1_same_ori7_multiple_ori9
CA03199,CA0319920,CA,06,2021,0.0,0.0,9.0,27.0,0.0,0.0,0.0,36.0,0|0|0|0|0|9|27,nibrs_srs_equivalent_annual,2.0,7,HIGHWAY PATROL AUBURN AREA OFFICE,state_law_enforcement,0.0,061,,fbi_cde_agency_roster,1.0,1.0,overlap,06:statewide_overlap_layer,123.0,2,2,36.0,36.0,0.0,0.0,same_ori7_different_counts,T1_same_ori7_multiple_ori9
CA03299,CA0329900,CA,06,2021,0.0,0.0,0.0,0.0,0.0,0.0,0.0,0.0,0|0|0|0|0|0|0,srs_return_a_annual,0.0,0,HP PLUMAS COUNTY,state_law_enforcement,0.0,063,59080,srs_agency_header,1.0,1.0,overlap,06:statewide_overlap_layer,22.14686190649321,2,2,1.0,1.0,0.0,0.0,same_ori7_different_counts,T1_same_ori7_multiple_ori9
CA03299,CA0329965,CA,06,2021,0.0,0.0,0.0,1.0,0.0,0.0,0.0,1.0,0|0|0|0|0|0|1,nibrs_srs_equivalent_annual,2.0,7,HIGHWAY PATROL QUINCY AREA OFFICE,state_law_enforcement,0.0,063,,fbi_cde_agency_roster,1.0,1.0,overlap,06:statewide_overlap_layer,1.0,2,2,1.0,1.0,0.0,0.0,same_ori7_different_counts,T1_same_ori7_multiple_ori9
CA03412,CA0341200,CA,06,2021,0.0,0.0,0.0,0.0,0.0,0.0,0.0,0.0,0|0|0|0|0|0|0,srs_return_a_annual,0.0,0,DPR GOLD FIELDS DISTRIC,special_jurisdiction,0.0,067,99067,srs_agency_header,1.0,1.0,overlap,06:statewide_overlap_layer,41.49038846099523,2,2,57.0,57.0,0.0,0.0,same_ori7_different_counts,T1_same_ori7_multiple_ori9
CA03412,CA0341201,CA,06,2021,5.0,27.0,21.0,2.0,0.0,1.0,1.0,57.0,0|1|1|5|27|21|2,nibrs_srs_equivalent_annual,11.0,7,CALIFORNIA STATE PARKS GOLD FIELDS,unknown,0.0,067,,fbi_cde_agency_roster,1.0,1.0,overlap,06:statewide_overlap_layer,47.0,2,2,57.0,57.0,0.0,0.0,same_ori7_different_counts,T1_same_ori7_multiple_ori9
CA03899,CA0389900,CA,06,2021,0.0,0.0,0.0,0.0,0.0,0.0,0.0,0.0,0|0|0|0|0|0|0,srs_return_a_annual,0.0,0,HP SAN FRANCISCO COUNTY,state_law_enforcement,0.0,075,67000,srs_agency_header,1.0,1.0,overlap,06:statewide_overlap_layer,38.32858293868096,2,2,15.0,15.0,0.0,0.0,same_ori7_different_counts,T1_same_ori7_multiple_ori9
CA03899,CA0389935,CA,06,2021,0.0,0.0,0.0,15.0,0.0,0.0,0.0,15.0,0|0|0|0|0|0|15,nibrs_srs_equivalent_annual,12.0,7,HIGHWAY PATROL SAN FRANCISCO AREA OFFICE,state_law_enforcement,0.0,075,,fbi_cde_agency_roster,1.0,1.0,overlap,06:statewide_overlap_layer,14.0,2,2,15.0,15.0,0.0,0.0,same_ori7_different_counts,T1_same_ori7_multiple_ori9
CA04199,CA0419900,CA,06,2021,0.0,0.0,0.0,0.0,0.0,0.0,0.0,0.0,0|0|0|0|0|0|0,srs_return_a_annual,0.0,0,HP SAN MATEO COUNTY,state_law_enforcement,0.0,081,60102,srs_agency_header,1.0,1.0,overlap,06:statewide_overlap_layer,35.36147708620201,2,2,4.0,4.0,0.0,0.0,same_ori7_different_counts,T1_same_ori7_multiple_ori9
CA04199,CA0419930,CA,06,2021,0.0,0.0,2.0,2.0,0.0,0.0,0.0,4.0,0|0|0|0|0|2|2,nibrs_srs_equivalent_annual,2.0,7,,state_law_enforcement,0.0,081,,fbi_cde_agency_roster,1.0,1.0,overlap,06:statewide_overlap_layer,7.292991514148679,2,2,4.0,4.0,0.0,0.0,same_ori7_different_counts,T1_same_ori7_multiple_ori9
CA04399,CA0439900,CA,06,2021,0.0,0.0,0.0,0.0,0.0,0.0,0.0,0.0,0|0|0|0|0|0|0,srs_return_a_annual,0.0,0,HP SANTA CLARA COUNTY,state_law_enforcement,0.0,085,68000,srs_agency_header,1.0,1.0,overlap,06:statewide_overlap_layer,88.2151328035369,2,2,10.0,10.0,0.0,0.0,same_ori7_different_counts,T1_same_ori7_multiple_ori9
CA04399,CA0439940,CA,06,2021,0.0,0.0,1.0,9.0,0.0,0.0,0.0,10.0,0|0|0|0|0|1|9,nibrs_srs_equivalent_annual,2.0,7,HIGHWAY PATROL SAN JOSE AREA OFFICE,state_law_enforcement,0.0,085,,fbi_cde_agency_roster,1.0,1.0,overlap,06:statewide_overlap_layer,38.0,2,2,10.0,10.0,0.0,0.0,same_ori7_different_counts,T1_same_ori7_multiple_ori9
CA04499,CA0449900,CA,06,2021,0.0,0.0,0.0,0.0,0.0,0.0,0.0,0.0,0|0|0|0|0|0|0,srs_return_a_annual,0.0,0,HP SANTA CRUZ COUNTY,state_law_enforcement,0.0,087,69112,srs_agency_header,1.0,1.0,overlap,06:statewide_overlap_layer,461.922436891902,2,2,57.0,57.0,0.0,0.0,same_ori7_different_counts,T1_same_ori7_multiple_ori9
CA04499,CA0449920,CA,06,2021,0.0,0.0,22.0,35.0,0.0,0.0,0.0,57.0,0|0|0|0|0|22|35,nibrs_srs_equivalent_annual,2.0,7,HIGHWAY PATROL SANTA CRUZ AREA OFFICE,state_law_enforcement,0.0,087,,fbi_cde_agency_roster,1.0,1.0,overlap,06:statewide_overlap_layer,212.0,2,2,57.0,57.0,0.0,0.0,same_ori7_different_counts,T1_same_ori7_multiple_ori9
CA04599,CA0459900,CA,06,2021,0.0,0.0,0.0,0.0,0.0,0.0,0.0,0.0,0|0|0|0|0|0|0,srs_return_a_annual,0.0,0,HP SHASTA COUNTY,state_law_enforcement,0.0,089,59920,srs_agency_header,1.0,1.0,overlap,06:statewide_overlap_layer,293.5857136657987,2,2,42.0,42.0,0.0,0.0,same_ori7_different_counts,T1_same_ori7_multiple_ori9
CA04599,CA0459935,CA,06,2021,0.0,0.0,2.0,40.0,0.0,0.0,0.0,42.0,0|0|0|0|0|2|40,nibrs_srs_equivalent_annual,2.0,7,HIGHWAY PATROL REDDING AREA OFFICE,state_law_enforcement,0.0,089,,fbi_cde_agency_roster,1.0,1.0,overlap,06:statewide_overlap_layer,68.0,2,2,42.0,42.0,0.0,0.0,same_ori7_different_counts,T1_same_ori7_multiple_ori9
CA04999,CA0499900,CA,06,2021,0.0,0.0,0.0,0.0,0.0,0.0,0.0,0.0,0|0|0|0|0|0|0,srs_return_a_annual,0.0,0,HP SONOMA COUNTY,state_law_enforcement,0.0,097,70098,srs_agency_header,1.0,1.0,overlap,06:statewide_overlap_layer,121.60936072379975,2,2,41.0,41.0,0.0,0.0,same_ori7_different_counts,T1_same_ori7_multiple_ori9
CA04999,CA0499960,CA,06,2021,1.0,0.0,9.0,31.0,0.0,0.0,0.0,41.0,0|0|0|1|0|9|31,nibrs_srs_equivalent_annual,2.0,7,HIGHWAY PATROL SANTA ROSA AREA OFFICE,state_law_enforcement,0.0,097,,fbi_cde_agency_roster,1.0,1.0,overlap,06:statewide_overlap_layer,154.0,2,2,41.0,41.0,0.0,0.0,same_ori7_different_counts,T1_same_ori7_multiple_ori9
CA05099,CA0509900,CA,06,2021,0.0,0.0,0.0,0.0,0.0,0.0,0.0,0.0,0|0|0|0|0|0|0,srs_return_a_annual,0.0,0,HP STANISLAUS COUNTY,state_law_enforcement,0.0,099,48354,srs_agency_header,1.0,1.0,overlap,06:statewide_overlap_layer,313.86591216385136,2,2,90.0,90.0,0.0,0.0,same_ori7_different_counts,T1_same_ori7_multiple_ori9
CA05099,CA0509965,CA,06,2021,0.0,0.0,19.0,71.0,0.0,0.0,0.0,90.0,0|0|0|0|0|19|71,nibrs_srs_equivalent_annual,2.0,7,HIGHWAY PATROL MODESTO AREA OFFICE,state_law_enforcement,0.0,099,,fbi_cde_agency_roster,1.0,1.0,overlap,06:statewide_overlap_layer,359.0,2,2,90.0,90.0,0.0,0.0,same_ori7_different_counts,T1_same_ori7_multiple_ori9
CA05199,CA0519900,CA,06,2021,0.0,0.0,0.0,0.0,0.0,0.0,0.0,0.0,0|0|0|0|0|0|0,srs_return_a_annual,0.0,0,HP SUTTER COUNTY,state_law_enforcement,0.0,101,86972,srs_agency_header,1.0,1.0,overlap,06:statewide_overlap_layer,50.523119013430005,2,2,77.0,77.0,0.0,0.0,same_ori7_different_counts,T1_same_ori7_multiple_ori9
CA05199,CA0519985,CA,06,2021,6.0,0.0,11.0,60.0,0.0,0.0,0.0,77.0,0|0|0|6|0|11|60,nibrs_srs_equivalent_annual,2.0,7,HIGHWAY PATROL YUBA SUTTER AREA OFFICE,state_law_enforcement,0.0,101,,fbi_cde_agency_roster,1.0,1.0,overlap,06:statewide_overlap_layer,188.0,2,2,77.0,77.0,0.0,0.0,same_ori7_different_counts,T1_same_ori7_multiple_ori9
CA05299,CA0529900,CA,06,2021,0.0,0.0,0.0,0.0,0.0,0.0,0.0,0.0,0|0|0|0|0|0|0,srs_return_a_annual,0.0,0,HP TEHAMA COUNTY,state_law_enforcement,0.0,103,59892,srs_agency_header,1.0,1.0,overlap,06:statewide_overlap_layer,141.24390127933862,2,2,2.0,2.0,0.0,0.0,same_ori7_different_counts,T1_same_ori7_multiple_ori9
CA05299,CA0529930,CA,06,2021,0.0,0.0,1.0,1.0,0.0,0.0,0.0,2.0,0|0|0|0|0|1|1,nibrs_srs_equivalent_annual,2.0,7,HIGHWAY PATROL RED BLUFF AREA OFFICE,state_law_enforcement,0.0,103,,fbi_cde_agency_roster,1.0,1.0,overlap,06:statewide_overlap_layer,156.0,2,2,2.0,2.0,0.0,0.0,same_ori7_different_counts,T1_same_ori7_multiple_ori9
CA05399,CA0539900,CA,06,2021,0.0,0.0,0.0,0.0,0.0,0.0,0.0,0.0,0|0|0|0|0|0|0,srs_return_a_annual,0.0,0,HP TRINITY COUNTY,state_law_enforcement,0.0,105,99105,srs_agency_header,1.0,1.0,overlap,06:statewide_overlap_layer,53.49699066653945,2,2,10.0,10.0,0.0,0.0,same_ori7_different_counts,T1_same_ori7_multiple_ori9
CA05399,CA0539975,CA,06,2021,0.0,2.0,4.0,4.0,0.0,0.0,0.0,10.0,0|0|0|0|2|4|4,nibrs_srs_equivalent_annual,2.0,7,HIGHWAY PATROL TRINITY RIVER AREA OFFICE,state_law_enforcement,0.0,105,,fbi_cde_agency_roster,1.0,1.0,overlap,06:statewide_overlap_layer,33.0,2,2,10.0,10.0,0.0,0.0,same_ori7_different_counts,T1_same_ori7_multiple_ori9
CA05599,CA0559900,CA,06,2021,0.0,0.0,0.0,0.0,0.0,0.0,0.0,0.0,0|0|0|0|0|0|0,srs_return_a_annual,0.0,0,HP TUOLUMNE COUNTY,state_law_enforcement,0.0,109,99109,srs_agency_header,1.0,1.0,overlap,06:statewide_overlap_layer,130.52316357971654,2,2,11.0,11.0,0.0,0.0,same_ori7_different_counts,T1_same_ori7_multiple_ori9
CA05599,CA0559925,CA,06,2021,0.0,0.0,1.0,10.0,0.0,0.0,0.0,11.0,0|0|0|0|0|1|10,nibrs_srs_equivalent_annual,2.0,7,HIGHWAY PATROL SONORA AREA OFFICE,state_law_enforcement,0.0,109,,fbi_cde_agency_roster,1.0,1.0,overlap,06:statewide_overlap_layer,7.0,2,2,11.0,11.0,0.0,0.0,same_ori7_different_counts,T1_same_ori7_multiple_ori9
CA05699,CA0569900,CA,06,2021,0.0,0.0,0.0,0.0,0.0,0.0,0.0,0.0,0|0|0|0|0|0|0,srs_return_a_annual,0.0,0,HP VENTURA COUNTY,state_law_enforcement,0.0,111,82282,srs_agency_header,1.0,1.0,overlap,06:statewide_overlap_layer,40.59664328123674,2,2,7.0,7.0,0.0,0.0,same_ori7_different_counts,T1_same_ori7_multiple_ori9
CA05699,CA0569965,CA,06,2021,0.0,0.0,2.0,5.0,0.0,0.0,0.0,7.0,0|0|0|0|0|2|5,nibrs_srs_equivalent_annual,2.0,7,HIGHWAY PATROL VENTURA AREA OFFICE,state_law_enforcement,0.0,111,,fbi_cde_agency_roster,1.0,1.0,overlap,06:statewide_overlap_layer,2.0,2,2,7.0,7.0,0.0,0.0,same_ori7_different_counts,T1_same_ori7_multiple_ori9
CA05799,CA0579900,CA,06,2021,0.0,0.0,0.0,0.0,0.0,0.0,0.0,0.0,0|0|0|0|0|0|0,srs_return_a_annual,0.0,0,HP YOLO COUNTY,state_law_enforcement,0.0,113,86328,srs_agency_header,1.0,1.0,overlap,06:statewide_overlap_layer,46.600054406386654,2,2,18.0,18.0,0.0,0.0,same_ori7_different_counts,T1_same_ori7_multiple_ori9
CA05799,CA0579980,CA,06,2021,0.0,0.0,8.0,10.0,0.0,0.0,0.0,18.0,0|0|0|0|0|8|10,nibrs_srs_equivalent_annual,2.0,7,HIGHWAY PATROL WOODLAND AREA OFFICE,state_law_enforcement,0.0,113,,fbi_cde_agency_roster,1.0,1.0,overlap,06:statewide_overlap_layer,23.0,2,2,18.0,18.0,0.0,0.0,same_ori7_different_counts,T1_same_ori7_multiple_ori9
TX22728,TX2272800,TX,48,2021,0.0,0.0,0.0,0.0,0.0,0.0,0.0,0.0,0|0|0|0|0|0|0,srs_return_a_annual,0.0,0,TX COMPTLR PUBLIC ACCTS,unknown,,453,,leaic_crosswalk,1.0,1.0,overlap,48:statewide_overlap_layer,33.216443875255294,2,2,36.0,36.0,0.0,0.0,same_ori7_different_counts,T1_same_ori7_multiple_ori9
TX22728,TX227289E,TX,48,2021,0.0,4.0,28.0,4.0,0.0,0.0,0.0,36.0,0|0|0|0|4|28|4,nibrs_srs_equivalent_annual,12.0,7,AUSTIN COMMUNITY COLLEGE DISTRICT,special_jurisdiction,0.0,453,,fbi_cde_agency_roster,1.0,1.0,overlap,48:statewide_overlap_layer,73.0,2,2,36.0,36.0,0.0,0.0,same_ori7_different_counts,T1_same_ori7_multiple_ori9
MI63190,MI6319000,MI,26,2020,686.0,240.0,749.0,117.0,13.0,51.0,89.0,1945.0,13|51|89|686|240|749|117,srs_return_a_annual,12.0,7,PONTIAC,unknown,,,,,1.0,1.0,exclusive,26:municipal:place:2665440,1619.0,2,1,3890.0,1945.0,1945.0,1945.0,identical_7_offense_vector,T1_same_ori7_multiple_ori9
MI63190,MI631900X,MI,26,2020,686.0,240.0,749.0,117.0,13.0,51.0,89.0,1945.0,13|51|89|686|240|749|117,nibrs_srs_equivalent_annual,12.0,7,,local_police,61871.0,125,,fbi_cde_agency_roster,1.0,1.0,exclusive,26:state_nonmunicipal_remainder,1619.0,2,1,3890.0,1945.0,1945.0,1945.0,identical_7_offense_vector,T1_same_ori7_multiple_ori9
MI63191,MI6319100,MI,26,2020,41.0,28.0,285.0,18.0,0.0,8.0,2.0,382.0,0|8|2|41|28|285|18,srs_return_a_annual,12.0,7,ROCHESTER HILLS,unknown,,,,,1.0,1.0,exclusive,26:municipal:place:2669035,474.0,2,2,777.0,395.0,382.0,382.0,near_identical_total_ge_085,T1_same_ori7_multiple_ori9
MI63191,MI631910X,MI,26,2020,41.0,41.0,285.0,18.0,0.0,8.0,2.0,395.0,0|8|2|41|41|285|18,nibrs_srs_equivalent_annual,12.0,7,,local_police,75960.0,125,,fbi_cde_agency_roster,1.0,1.0,exclusive,26:municipal:place:2669035,474.0,2,2,777.0,395.0,382.0,382.0,near_identical_total_ge_085,T1_same_ori7_multiple_ori9
NC03203,NC0320300,NC,37,2020,2.0,11.0,307.0,21.0,0.0,1.0,0.0,342.0,0|1|0|2|11|307|21,srs_return_a_annual,12.0,7,DUKE UNIVERSITY,special_jurisdiction,,063,19000,srs_agency_header,1.0,1.0,overlap,37:statewide_overlap_layer,322.0,2,1,684.0,342.0,342.0,342.0,identical_7_offense_vector,T1_same_ori7_multiple_ori9
NC03203,NC032039E,NC,37,2020,2.0,11.0,307.0,21.0,0.0,1.0,0.0,342.0,0|1|0|2|11|307|21,nibrs_srs_equivalent_annual,12.0,7,DURHAM,special_jurisdiction,0.0,063,,fbi_cde_agency_roster,1.0,1.0,overlap,37:statewide_overlap_layer,322.0,2,1,684.0,342.0,342.0,342.0,identical_7_offense_vector,T1_same_ori7_multiple_ori9
MA01330,MA0133000,MA,25,2020,3.0,15.0,213.0,4.0,0.0,6.0,1.0,242.0,0|6|1|3|15|213|4,srs_return_a_annual,12.0,7,BOSTON UNIVERSITY,special_jurisdiction,,025,07000,srs_agency_header,1.0,1.0,overlap,25:statewide_overlap_layer,446.0,2,1,484.0,242.0,242.0,242.0,identical_7_offense_vector,T1_same_ori7_multiple_ori9
MA01330,MA013309E,MA,25,2020,3.0,15.0,213.0,4.0,0.0,6.0,1.0,242.0,0|6|1|3|15|213|4,nibrs_srs_equivalent_annual,12.0,7,BOSTON,special_jurisdiction,0.0,025,,fbi_cde_agency_roster,1.0,1.0,overlap,25:statewide_overlap_layer,446.0,2,1,484.0,242.0,242.0,242.0,identical_7_offense_vector,T1_same_ori7_multiple_ori9
GA04414,GA0441400,GA,13,2020,7.0,11.0,195.0,4.0,0.0,8.0,1.0,226.0,0|8|1|7|11|195|4,srs_return_a_annual,12.0,7,EMORY UNIVERSITY,constable_marshal,,089,23536,srs_agency_header,1.0,1.0,exclusive,13:municipal:place:1323536,318.0,2,1,452.0,226.0,226.0,226.0,identical_7_offense_vector,T1_same_ori7_multiple_ori9
GA04414,GA044149E,GA,13,2020,7.0,11.0,195.0,4.0,0.0,8.0,1.0,226.0,0|8|1|7|11|195|4,nibrs_srs_equivalent_annual,12.0,7,ATLANTA,special_jurisdiction,0.0,089,,fbi_cde_agency_roster,1.0,1.0,overlap,13:statewide_overlap_layer,318.0,2,1,452.0,226.0,226.0,226.0,identical_7_offense_vector,T1_same_ori7_multiple_ori9
MI63183,MI6318300,MI,26,2020,21.0,17.0,143.0,11.0,0.0,2.0,0.0,194.0,0|2|0|21|17|143|11,srs_return_a_annual,12.0,7,COMMERCE TOWNSHIP,unknown,,,,,1.0,1.0,overlap,26:statewide_overlap_layer,264.0,2,1,388.0,194.0,194.0,194.0,identical_7_offense_vector,T1_same_ori7_multiple_ori9
MI63183,MI631830X,MI,26,2020,21.0,17.0,143.0,11.0,0.0,2.0,0.0,194.0,0|2|0|21|17|143|11,nibrs_srs_equivalent_annual,12.0,7,,local_police,39878.0,125,,fbi_cde_agency_roster,1.0,1.0,exclusive,26:municipal:cousub:2612517640,264.0,2,1,388.0,194.0,194.0,194.0,identical_7_offense_vector,T1_same_ori7_multiple_ori9
MA01333,MA0133300,MA,25,2020,6.0,8.0,163.0,8.0,0.0,3.0,2.0,190.0,0|3|2|6|8|163|8,srs_return_a_annual,12.0,7,NORTHEASTERN UNIVERSITY,special_jurisdiction,,025,07000,srs_agency_header,1.0,1.0,overlap,25:statewide_overlap_layer,415.0,2,2,376.0,190.0,186.0,186.0,near_identical_total_ge_085,T1_same_ori7_multiple_ori9
MA01333,MA013339E,MA,25,2020,6.0,8.0,160.0,8.0,0.0,2.0,2.0,186.0,0|2|2|6|8|160|8,nibrs_srs_equivalent_annual,12.0,7,BOSTON,special_jurisdiction,0.0,025,,fbi_cde_agency_roster,1.0,1.0,overlap,25:statewide_overlap_layer,415.0,2,2,376.0,190.0,186.0,186.0,near_identical_total_ge_085,T1_same_ori7_multiple_ori9
MI63188,MI6318800,MI,26,2020,19.0,20.0,100.0,13.0,0.0,2.0,1.0,155.0,0|2|1|19|20|100|13,srs_return_a_annual,12.0,7,ORION TOWNSHIP,unknown,,,,,1.0,1.0,overlap,26:statewide_overlap_layer,158.0,2,1,310.0,155.0,155.0,155.0,identical_7_offense_vector,T1_same_ori7_multiple_ori9
MI63188,MI631880X,MI,26,2020,19.0,20.0,100.0,13.0,0.0,2.0,1.0,155.0,0|2|1|19|20|100|13,nibrs_srs_equivalent_annual,12.0,7,,local_police,37125.0,125,,fbi_cde_agency_roster,1.0,1.0,exclusive,26:municipal:cousub:2612561100,158.0,2,1,310.0,155.0,155.0,155.0,identical_7_offense_vector,T1_same_ori7_multiple_ori9
MI63185,MI6318500,MI,26,2020,12.0,22.0,101.0,5.0,0.0,5.0,3.0,148.0,0|5|3|12|22|101|5,srs_return_a_annual,12.0,7,INDEPENDENCE TOWNSHIP,unknown,,,,,1.0,1.0,overlap,26:statewide_overlap_layer,158.0,2,1,296.0,148.0,148.0,148.0,identical_7_offense_vector,T1_same_ori7_multiple_ori9
MI63185,MI631850X,MI,26,2020,12.0,22.0,101.0,5.0,0.0,5.0,3.0,148.0,0|5|3|12|22|101|5,nibrs_srs_equivalent_annual,12.0,7,,local_police,37302.0,125,,fbi_cde_agency_roster,1.0,1.0,exclusive,26:municipal:cousub:2612540400,158.0,2,1,296.0,148.0,148.0,148.0,identical_7_offense_vector,T1_same_ori7_multiple_ori9
TX05751,TX0575100,TX,48,2020,7.0,4.0,280.0,14.0,0.0,2.0,2.0,309.0,0|2|2|7|4|280|14,srs_return_a_annual,12.0,7,BAYLOR HEALTH CARE SYSTE,special_jurisdiction,,113,19000,srs_agency_header,1.0,1.0,overlap,48:statewide_overlap_layer,265.0,2,2,452.0,309.0,143.0,143.0,same_ori7_different_counts,T1_same_ori7_multiple_ori9
TX05751,TX057519E,TX,48,2020,5.0,2.0,129.0,6.0,0.0,0.0,1.0,143.0,0|0|1|5|2|129|6,nibrs_srs_equivalent_annual,6.0,7,DALLAS,special_jurisdiction,0.0,113,,fbi_cde_agency_roster,1.0,1.0,overlap,48:statewide_overlap_layer,265.0,2,2,452.0,309.0,143.0,143.0,same_ori7_different_counts,T1_same_ori7_multiple_ori9
CT00504,CT0050400,CT,09,2020,0.0,13.0,123.0,0.0,0.0,1.0,1.0,138.0,0|1|1|0|13|123|0,srs_return_a_annual,4.0,0,YALE UNIVERSITY,unknown,,,,,1.0,1.0,overlap,09:statewide_overlap_layer,277.0,2,1,276.0,138.0,138.0,138.0,identical_7_offense_vector,T1_same_ori7_multiple_ori9
CT00504,CT005049E,CT,09,2020,0.0,13.0,123.0,0.0,0.0,1.0,1.0,138.0,0|1|1|0|13|123|0,nibrs_srs_equivalent_annual,4.0,7,,special_jurisdiction,0.0,,,,1.0,1.0,overlap,09:statewide_overlap_layer,277.0,2,1,276.0,138.0,138.0,138.0,identical_7_offense_vector,T1_same_ori7_multiple_ori9
UT02512,UT0251200,UT,49,2020,3.0,1.0,117.0,1.0,0.0,1.0,0.0,123.0,0|1|0|3|1|117|1,srs_return_a_annual,12.0,7,BRIGHAM YOUNG UNIVERSITY,special_jurisdiction,,049,62470,srs_agency_header,1.0,1.0,overlap,49:statewide_overlap_layer,85.0,2,1,246.0,123.0,123.0,123.0,identical_7_offense_vector,T1_same_ori7_multiple_ori9
UT02512,UT025129E,UT,49,2020,3.0,1.0,117.0,1.0,0.0,1.0,0.0,123.0,0|1|0|3|1|117|1,nibrs_srs_equivalent_annual,12.0,7,PROVO,special_jurisdiction,0.0,049,,fbi_cde_agency_roster,1.0,1.0,overlap,49:statewide_overlap_layer,85.0,2,1,246.0,123.0,123.0,123.0,identical_7_offense_vector,T1_same_ori7_multiple_ori9
MI63186,MI6318600,MI,26,2020,9.0,16.0,73.0,11.0,0.0,8.0,3.0,120.0,0|8|3|9|16|73|11,srs_return_a_annual,12.0,7,LYON TOWNSHIP,unknown,,,,,1.0,1.0,overlap,26:statewide_overlap_layer,77.0,2,1,240.0,120.0,120.0,120.0,identical_7_offense_vector,T1_same_ori7_multiple_ori9
MI63186,MI631860X,MI,26,2020,9.0,16.0,73.0,11.0,0.0,8.0,3.0,120.0,0|8|3|9|16|73|11,nibrs_srs_equivalent_annual,12.0,7,,local_police,26094.0,125,,fbi_cde_agency_roster,1.0,1.0,exclusive,26:municipal:cousub:2612549820,77.0,2,1,240.0,120.0,120.0,120.0,identical_7_offense_vector,T1_same_ori7_multiple_ori9
MI63189,MI6318900,MI,26,2020,16.0,10.0,52.0,4.0,0.0,2.0,1.0,85.0,0|2|1|16|10|52|4,srs_return_a_annual,12.0,7,OXFORD TOWNSHIP,unknown,,,,,1.0,1.0,overlap,26:statewide_overlap_layer,57.0,2,1,170.0,85.0,85.0,85.0,identical_7_offense_vector,T1_same_ori7_multiple_ori9
MI63189,MI631890X,MI,26,2020,16.0,10.0,52.0,4.0,0.0,2.0,1.0,85.0,0|2|1|16|10|52|4,nibrs_srs_equivalent_annual,12.0,7,,local_police,19592.0,125,,fbi_cde_agency_roster,1.0,1.0,exclusive,26:municipal:cousub:2612562040,57.0,2,1,170.0,85.0,85.0,85.0,identical_7_offense_vector,T1_same_ori7_multiple_ori9
IN04939,IN0493900,IN,18,2020,2.0,2.0,67.0,7.0,0.0,1.0,0.0,79.0,0|1|0|2|2|67|7,srs_return_a_annual,12.0,7,UNIVERSITY OF INDIANAPOL,unknown,,,,,1.0,1.0,overlap,18:statewide_overlap_layer,36.191405218686015,2,1,158.0,79.0,79.0,79.0,identical_7_offense_vector,T1_same_ori7_multiple_ori9
IN04939,IN049399E,IN,18,2020,2.0,2.0,67.0,7.0,0.0,1.0,0.0,79.0,0|1|0|2|2|67|7,nibrs_srs_equivalent_annual,12.0,7,,special_jurisdiction,0.0,097,,fbi_cde_agency_roster,1.0,1.0,overlap,18:statewide_overlap_layer,27.0,2,1,158.0,79.0,79.0,79.0,identical_7_offense_vector,T1_same_ori7_multiple_ori9
NH00927,NH0092700,NH,33,2020,1.0,7.0,54.0,0.0,0.0,7.0,2.0,71.0,0|7|2|1|7|54|0,srs_return_a_annual,11.0,0,UNIV OF NEW HAMPSHIRE,special_jurisdiction,,017,19620,srs_agency_header,1.0,1.0,overlap,33:statewide_overlap_layer,73.0,2,1,142.0,71.0,71.0,71.0,identical_7_offense_vector,T1_same_ori7_multiple_ori9
NH00927,NH00927TZ,NH,33,2020,1.0,7.0,54.0,0.0,0.0,7.0,2.0,71.0,0|7|2|1|7|54|0,nibrs_srs_equivalent_annual,12.0,7,DURHAM,special_jurisdiction,0.0,017,,fbi_cde_agency_roster,1.0,1.0,overlap,33:statewide_overlap_layer,73.0,2,1,142.0,71.0,71.0,71.0,identical_7_offense_vector,T1_same_ori7_multiple_ori9
MI63184,MI6318400,MI,26,2020,4.0,7.0,41.0,11.0,0.0,6.0,0.0,69.0,0|6|0|4|7|41|11,srs_return_a_annual,12.0,7,HIGHLAND TOWNSHIP,unknown,,,,,1.0,1.0,overlap,26:statewide_overlap_layer,81.0,2,1,138.0,69.0,69.0,69.0,identical_7_offense_vector,T1_same_ori7_multiple_ori9
MI63184,MI631840X,MI,26,2020,4.0,7.0,41.0,11.0,0.0,6.0,0.0,69.0,0|6|0|4|7|41|11,nibrs_srs_equivalent_annual,12.0,7,,local_police,20302.0,125,,fbi_cde_agency_roster,1.0,1.0,exclusive,26:municipal:cousub:2612538080,81.0,2,1,138.0,69.0,69.0,69.0,identical_7_offense_vector,T1_same_ori7_multiple_ori9
NC03404,NC0340400,NC,37,2020,0.0,6.0,60.0,2.0,0.0,0.0,1.0,69.0,0|0|1|0|6|60|2,srs_return_a_annual,11.0,0,WAKE FOREST UNIVERSITY,special_jurisdiction,,067,75000,srs_agency_header,1.0,1.0,overlap,37:statewide_overlap_layer,94.55982189438592,2,1,138.0,69.0,69.0,69.0,identical_7_offense_vector,T1_same_ori7_multiple_ori9
NC03404,NC034049E,NC,37,2020,0.0,6.0,60.0,2.0,0.0,0.0,1.0,69.0,0|0|1|0|6|60|2,nibrs_srs_equivalent_annual,12.0,7,WINSTON SALEM,special_jurisdiction,0.0,067,,fbi_cde_agency_roster,1.0,1.0,overlap,37:statewide_overlap_layer,70.0,2,1,138.0,69.0,69.0,69.0,identical_7_offense_vector,T1_same_ori7_multiple_ori9
MI63192,MI6319200,MI,26,2020,3.0,9.0,34.0,7.0,1.0,3.0,0.0,57.0,1|3|0|3|9|34|7,srs_return_a_annual,12.0,7,SPRINGFIELD TOWNSHIP,unknown,,,,,1.0,1.0,overlap,26:statewide_overlap_layer,62.0,2,1,114.0,57.0,57.0,57.0,identical_7_offense_vector,T1_same_ori7_multiple_ori9
MI63192,MI631920X,MI,26,2020,3.0,9.0,34.0,7.0,1.0,3.0,0.0,57.0,1|3|0|3|9|34|7,nibrs_srs_equivalent_annual,12.0,7,,local_police,14762.0,125,,fbi_cde_agency_roster,1.0,1.0,exclusive,26:municipal:cousub:2612575760,62.0,2,1,114.0,57.0,57.0,57.0,identical_7_offense_vector,T1_same_ori7_multiple_ori9
MI63181,MI6318100,MI,26,2020,17.0,8.0,22.0,0.0,0.0,4.0,1.0,52.0,0|4|1|17|8|22|0,srs_return_a_annual,12.0,7,BRANDON TOWNSHIP,unknown,,,,,1.0,1.0,overlap,26:statewide_overlap_layer,36.0,2,1,104.0,52.0,52.0,52.0,identical_7_offense_vector,T1_same_ori7_multiple_ori9
MI63181,MI631810X,MI,26,2020,17.0,8.0,22.0,0.0,0.0,4.0,1.0,52.0,0|4|1|17|8|22|0,nibrs_srs_equivalent_annual,12.0,7,,local_police,16161.0,125,,fbi_cde_agency_roster,1.0,1.0,exclusive,26:state_nonmunicipal_remainder,36.0,2,1,104.0,52.0,52.0,52.0,identical_7_offense_vector,T1_same_ori7_multiple_ori9
NH00501,NH0050100,NH,33,2020,1.0,17.0,23.0,7.0,0.0,3.0,0.0,51.0,0|3|0|1|17|23|7,srs_return_a_annual,12.0,7,SP GRAFTON COUNTY,state_law_enforcement,,009,99009,srs_agency_header,1.0,1.0,overlap,33:statewide_overlap_layer,38.0,2,1,102.0,51.0,51.0,51.0,identical_7_offense_vector,T1_same_ori7_multiple_ori9
NH00501,NH005010X,NH,33,2020,1.0,17.0,23.0,7.0,0.0,3.0,0.0,51.0,0|3|0|1|17|23|7,nibrs_srs_equivalent_annual,12.0,7,CONCORD,state_law_enforcement,11292.0,009,,fbi_cde_agency_roster,1.0,1.0,overlap,33:statewide_overlap_layer,38.0,2,1,102.0,51.0,51.0,51.0,identical_7_offense_vector,T1_same_ori7_multiple_ori9
RI00423,RI0042300,RI,44,2020,0.0,8.0,39.0,0.0,0.0,0.0,0.0,47.0,0|0|0|0|8|39|0,srs_return_a_annual,11.0,0,BROWN UNIVERSITY,special_jurisdiction,,007,59000,srs_agency_header,1.0,1.0,overlap,44:statewide_overlap_layer,101.0,2,1,94.0,47.0,47.0,47.0,identical_7_offense_vector,T1_same_ori7_multiple_ori9
RI00423,RI004239E,RI,44,2020,0.0,8.0,39.0,0.0,0.0,0.0,0.0,47.0,0|0|0|0|8|39|0,nibrs_srs_equivalent_annual,12.0,7,PROVIDENCE,special_jurisdiction,0.0,007,,fbi_cde_agency_roster,1.0,1.0,overlap,44:statewide_overlap_layer,101.0,2,1,94.0,47.0,47.0,47.0,identical_7_offense_vector,T1_same_ori7_multiple_ori9
NH00401,NH0040100,NH,33,2020,5.0,6.0,24.0,1.0,0.0,3.0,0.0,39.0,0|3|0|5|6|24|1,srs_return_a_annual,12.0,7,SP COOS COUNTY,state_law_enforcement,,007,99007,srs_agency_header,1.0,1.0,overlap,33:statewide_overlap_layer,22.909090909090907,2,1,78.0,39.0,39.0,39.0,identical_7_offense_vector,T1_same_ori7_multiple_ori9
NH00401,NH004010X,NH,33,2020,5.0,6.0,24.0,1.0,0.0,3.0,0.0,39.0,0|3|0|5|6|24|1,nibrs_srs_equivalent_annual,12.0,7,CONCORD,state_law_enforcement,7847.0,007,,fbi_cde_agency_roster,1.0,1.0,overlap,33:statewide_overlap_layer,21.0,2,1,78.0,39.0,39.0,39.0,identical_7_offense_vector,T1_same_ori7_multiple_ori9
MA01352,MA0135200,MA,25,2020,9.0,0.0,29.0,0.0,0.0,0.0,0.0,38.0,0|0|0|9|0|29|0,srs_return_a_annual,3.0,0,MASS GENERAL HOSPITAL,unknown,,,,,1.0,1.0,overlap,25:statewide_overlap_layer,190.41710694937117,2,1,76.0,38.0,38.0,38.0,identical_7_offense_vector,T1_same_ori7_multiple_ori9
MA01352,MA013529E,MA,25,2020,9.0,0.0,29.0,0.0,0.0,0.0,0.0,38.0,0|0|0|9|0|29|0,nibrs_srs_equivalent_annual,3.0,7,,unknown,0.0,025,,fbi_cde_agency_roster,1.0,1.0,overlap,25:statewide_overlap_layer,41.02614949539808,2,1,76.0,38.0,38.0,38.0,identical_7_offense_vector,T1_same_ori7_multiple_ori9
NC00106,NC0010600,NC,37,2020,0.0,5.0,31.0,1.0,0.0,1.0,0.0,38.0,0|1|0|0|5|31|1,srs_return_a_annual,10.0,0,ELON UNIVERSITY,special_jurisdiction,,001,21095,srs_agency_header,1.0,1.0,overlap,37:statewide_overlap_layer,58.0,2,1,76.0,38.0,38.0,38.0,identical_7_offense_vector,T1_same_ori7_multiple_ori9
NC00106,NC001069E,NC,37,2020,0.0,5.0,31.0,1.0,0.0,1.0,0.0,38.0,0|1|0|0|5|31|1,nibrs_srs_equivalent_annual,12.0,7,ELON,special_jurisdiction,0.0,001,,fbi_cde_agency_roster,1.0,1.0,overlap,37:statewide_overlap_layer,58.0,2,1,76.0,38.0,38.0,38.0,identical_7_offense_vector,T1_same_ori7_multiple_ori9
MI63187,MI6318700,MI,26,2020,7.0,4.0,23.0,0.0,0.0,3.0,0.0,37.0,0|3|0|7|4|23|0,srs_return_a_annual,12.0,7,OAKLAND TOWNSHIP,unknown,,,,,1.0,1.0,overlap,26:statewide_overlap_layer,41.0,2,1,74.0,37.0,37.0,37.0,identical_7_offense_vector,T1_same_ori7_multiple_ori9
MI63187,MI631870X,MI,26,2020,7.0,4.0,23.0,0.0,0.0,3.0,0.0,37.0,0|3|0|7|4|23|0,nibrs_srs_equivalent_annual,12.0,7,,local_police,20328.0,125,,fbi_cde_agency_roster,1.0,1.0,exclusive,26:municipal:cousub:2612559820,41.0,2,1,74.0,37.0,37.0,37.0,identical_7_offense_vector,T1_same_ori7_multiple_ori9
GA01109,GA0110900,GA,13,2020,0.0,2.0,26.0,6.0,0.0,0.0,1.0,35.0,0|0|1|0|2|26|6,srs_return_a_annual,11.0,0,MERCER UNIVERSITY,special_jurisdiction,,021,49000,srs_agency_header,1.0,1.0,overlap,13:statewide_overlap_layer,77.0,2,1,70.0,35.0,35.0,35.0,identical_7_offense_vector,T1_same_ori7_multiple_ori9
GA01109,GA011099E,GA,13,2020,0.0,2.0,26.0,6.0,0.0,0.0,1.0,35.0,0|0|1|0|2|26|6,nibrs_srs_equivalent_annual,12.0,7,MACON,special_jurisdiction,0.0,021,,fbi_cde_agency_roster,1.0,1.0,overlap,13:statewide_overlap_layer,77.0,2,1,70.0,35.0,35.0,35.0,identical_7_offense_vector,T1_same_ori7_multiple_ori9
NH01001,NH0100100,NH,33,2020,3.0,12.0,16.0,2.0,0.0,2.0,0.0,35.0,0|2|0|3|12|16|2,srs_return_a_annual,11.0,0,SP SULLIVAN COUNTY,state_law_enforcement,,019,99019,srs_agency_header,1.0,1.0,overlap,33:statewide_overlap_layer,24.39830508474576,2,1,70.0,35.0,35.0,35.0,identical_7_offense_vector,T1_same_ori7_multiple_ori9
NH01001,NH010010X,NH,33,2020,3.0,12.0,16.0,2.0,0.0,2.0,0.0,35.0,0|2|0|3|12|16|2,nibrs_srs_equivalent_annual,12.0,7,CONCORD,state_law_enforcement,2761.0,019,,fbi_cde_agency_roster,1.0,1.0,overlap,33:statewide_overlap_layer,20.0,2,1,70.0,35.0,35.0,35.0,identical_7_offense_vector,T1_same_ori7_multiple_ori9
NH00301,NH0030100,NH,33,2020,8.0,3.0,11.0,5.0,1.0,4.0,0.0,32.0,1|4|0|8|3|11|5,srs_return_a_annual,12.0,7,SP CHESHIRE COUNTY,state_law_enforcement,,005,99005,srs_agency_header,1.0,1.0,overlap,33:statewide_overlap_layer,25.0,2,1,64.0,32.0,32.0,32.0,identical_7_offense_vector,T1_same_ori7_multiple_ori9
NH00301,NH003010X,NH,33,2020,8.0,3.0,11.0,5.0,1.0,4.0,0.0,32.0,1|4|0|8|3|11|5,nibrs_srs_equivalent_annual,12.0,7,CONCORD,state_law_enforcement,9368.0,005,,fbi_cde_agency_roster,1.0,1.0,overlap,33:statewide_overlap_layer,25.0,2,1,64.0,32.0,32.0,32.0,identical_7_offense_vector,T1_same_ori7_multiple_ori9
MA00964,MA0096400,MA,25,2020,0.0,6.0,19.0,0.0,0.0,0.0,0.0,25.0,0|0|0|0|6|19|0,srs_return_a_annual,11.0,0,TUFTS UNIVERSITY MEDFORD,special_jurisdiction,,017,39835,srs_agency_header,1.0,1.0,overlap,25:statewide_overlap_layer,38.89490703935574,2,1,50.0,25.0,25.0,25.0,identical_7_offense_vector,T1_same_ori7_multiple_ori9
MA00964,MA009649E,MA,25,2020,0.0,6.0,19.0,0.0,0.0,0.0,0.0,25.0,0|0|0|0|6|19|0,nibrs_srs_equivalent_annual,12.0,7,MEDFORD,special_jurisdiction,0.0,017,,fbi_cde_agency_roster,1.0,1.0,overlap,25:statewide_overlap_layer,34.0,2,1,50.0,25.0,25.0,25.0,identical_7_offense_vector,T1_same_ori7_multiple_ori9
MO07401,MO0740100,MO,29,2020,0.0,0.0,22.0,0.0,0.0,2.0,0.0,24.0,0|2|0|0|0|22|0,srs_return_a_annual,8.0,0,NORTHWEST MO STATE UNIV,special_jurisdiction,,147,46640,srs_agency_header,1.0,1.0,overlap,29:statewide_overlap_layer,28.0,2,1,48.0,24.0,24.0,24.0,identical_7_offense_vector,T1_same_ori7_multiple_ori9
MO07401,MO074015Y,MO,29,2020,0.0,0.0,22.0,0.0,0.0,2.0,0.0,24.0,0|2|0|0|0|22|0,nibrs_srs_equivalent_annual,11.0,7,MARYVILLE,special_jurisdiction,0.0,147,,fbi_cde_agency_roster,1.0,1.0,overlap,29:statewide_overlap_layer,14.0,2,1,48.0,24.0,24.0,24.0,identical_7_offense_vector,T1_same_ori7_multiple_ori9
MO09501,MO0950100,MO,29,2020,0.0,3.0,53.0,0.0,0.0,1.0,0.0,57.0,0|1|0|0|3|53|0,srs_return_a_annual,12.0,7,WASHINGTON UNIVERSITY,local_police,,189,01612,srs_agency_header,1.0,1.0,overlap,29:statewide_overlap_layer,100.87943205021857,2,2,81.0,57.0,24.0,24.0,same_ori7_different_counts,T1_same_ori7_multiple_ori9
MO09501,MO095019E,MO,29,2020,0.0,1.0,23.0,0.0,0.0,0.0,0.0,24.0,0|0|0|0|1|23|0,nibrs_srs_equivalent_annual,4.0,7,SAINT LOUIS,special_jurisdiction,0.0,189,,fbi_cde_agency_roster,1.0,1.0,overlap,29:statewide_overlap_layer,92.0,2,2,81.0,57.0,24.0,24.0,same_ori7_different_counts,T1_same_ori7_multiple_ori9
NH00701,NH0070100,NH,33,2020,3.0,4.0,12.0,4.0,0.0,0.0,0.0,23.0,0|0|0|3|4|12|4,srs_return_a_annual,12.0,7,SP MERRIMACK COUNTY,state_law_enforcement,,013,99013,srs_agency_header,1.0,1.0,overlap,33:statewide_overlap_layer,35.0,2,1,46.0,23.0,23.0,23.0,identical_7_offense_vector,T1_same_ori7_multiple_ori9
NH00701,NH007010X,NH,33,2020,3.0,4.0,12.0,4.0,0.0,0.0,0.0,23.0,0|0|0|3|4|12|4,nibrs_srs_equivalent_annual,12.0,7,CONCORD,state_law_enforcement,6979.0,013,,fbi_cde_agency_roster,1.0,1.0,overlap,33:statewide_overlap_layer,35.0,2,1,46.0,23.0,23.0,23.0,identical_7_offense_vector,T1_same_ori7_multiple_ori9
OH025A1,OH025A100,OH,39,2020,0.0,6.0,10.0,6.0,0.0,0.0,0.0,22.0,0|0|0|0|6|10|6,srs_return_a_annual,8.0,0,CAPITAL UNIVERSITY,special_jurisdiction,,049,06278,srs_agency_header,1.0,1.0,overlap,39:statewide_overlap_layer,12.651359502129004,2,1,44.0,22.0,22.0,22.0,identical_7_offense_vector,T1_same_ori7_multiple_ori9
OH025A1,OH025A10X,OH,39,2020,0.0,6.0,10.0,6.0,0.0,0.0,0.0,22.0,0|0|0|0|6|10|6,nibrs_srs_equivalent_annual,10.0,7,BEXLEY,special_jurisdiction,0.0,049,,fbi_cde_agency_roster,1.0,1.0,overlap,39:statewide_overlap_layer,3.0,2,1,44.0,22.0,22.0,22.0,identical_7_offense_vector,T1_same_ori7_multiple_ori9
IL05814,IL0581400,IL,17,2020,0.0,0.0,20.0,1.0,0.0,0.0,0.0,21.0,0|0|0|0|0|20|1,srs_return_a_annual,8.0,0,MILLIKIN UNIVERSITY,unknown,,,,,1.0,1.0,overlap,17:statewide_overlap_layer,18.46108592090914,2,2,44.0,23.0,21.0,21.0,near_identical_total_ge_085,T1_same_ori7_multiple_ori9
IL05814,IL058149E,IL,17,2020,0.0,1.0,21.0,1.0,0.0,0.0,0.0,23.0,0|0|0|0|1|21|1,nibrs_srs_equivalent_annual,12.0,7,DECATUR,special_jurisdiction,0.0,115,,fbi_cde_agency_roster,1.0,1.0,overlap,17:statewide_overlap_layer,11.0,2,2,44.0,23.0,21.0,21.0,near_identical_total_ge_085,T1_same_ori7_multiple_ori9
MI63180,MI6318000,MI,26,2020,1.0,0.0,15.0,1.0,0.0,0.0,1.0,18.0,0|0|1|1|0|15|1,srs_return_a_annual,12.0,7,ADDISON TOWNSHIP,unknown,,,,,1.0,1.0,overlap,26:statewide_overlap_layer,4.806776004117353,2,1,36.0,18.0,18.0,18.0,identical_7_offense_vector,T1_same_ori7_multiple_ori9
MI63180,MI631800X,MI,26,2020,1.0,0.0,15.0,1.0,0.0,0.0,1.0,18.0,0|0|1|1|0|15|1,nibrs_srs_equivalent_annual,12.0,7,,local_police,6653.0,125,,fbi_cde_agency_roster,1.0,1.0,exclusive,26:state_nonmunicipal_remainder,2.0,2,1,36.0,18.0,18.0,18.0,identical_7_offense_vector,T1_same_ori7_multiple_ori9
MA00560,MA0056000,MA,25,2020,0.0,0.0,24.0,0.0,0.0,1.0,0.0,25.0,0|1|0|0|0|24|0,srs_return_a_annual,11.0,0,GORDON COLLEGE,unknown,,,,,1.0,1.0,overlap,25:statewide_overlap_layer,15.627336179607349,2,2,42.0,25.0,17.0,17.0,same_ori7_different_counts,T1_same_ori7_multiple_ori9
MA00560,MA005609E,MA,25,2020,0.0,0.0,16.0,0.0,0.0,1.0,0.0,17.0,0|1|0|0|0|16|0,nibrs_srs_equivalent_annual,11.0,7,,special_jurisdiction,0.0,009,,fbi_cde_agency_roster,1.0,1.0,overlap,25:statewide_overlap_layer,12.0,2,2,42.0,25.0,17.0,17.0,same_ori7_different_counts,T1_same_ori7_multiple_ori9
TX01534,TX0153400,TX,48,2020,0.0,0.0,13.0,3.0,0.0,1.0,0.0,17.0,0|1|0|0|0|13|3,srs_return_a_annual,7.0,0,ST MARY S UNIVERSITY,special_jurisdiction,,029,65000,srs_agency_header,1.0,1.0,overlap,48:statewide_overlap_layer,30.0,2,1,34.0,17.0,17.0,17.0,identical_7_offense_vector,T1_same_ori7_multiple_ori9
TX01534,TX015349E,TX,48,2020,0.0,0.0,13.0,3.0,0.0,1.0,0.0,17.0,0|1|0|0|0|13|3,nibrs_srs_equivalent_annual,12.0,7,SAN ANTONIO,special_jurisdiction,0.0,029,,fbi_cde_agency_roster,1.0,1.0,overlap,48:statewide_overlap_layer,31.0,2,1,34.0,17.0,17.0,17.0,identical_7_offense_vector,T1_same_ori7_multiple_ori9
MA00326,MA0032600,MA,25,2020,1.0,7.0,7.0,0.0,0.0,1.0,0.0,16.0,0|1|0|1|7|7|0,srs_return_a_annual,8.0,0,WHEATON COLLEGE,unknown,,,,,1.0,1.0,overlap,25:statewide_overlap_layer,12.0,2,1,32.0,16.0,16.0,16.0,identical_7_offense_vector,T1_same_ori7_multiple_ori9
MA00326,MA003269E,MA,25,2020,1.0,7.0,7.0,0.0,0.0,1.0,0.0,16.0,0|1|0|1|7|7|0,nibrs_srs_equivalent_annual,12.0,7,NORTON,special_jurisdiction,0.0,005,,fbi_cde_agency_roster,1.0,1.0,overlap,25:statewide_overlap_layer,1.0,2,1,32.0,16.0,16.0,16.0,identical_7_offense_vector,T1_same_ori7_multiple_ori9
MA01130,MA0113000,MA,25,2020,2.0,1.0,13.0,0.0,0.0,0.0,0.0,16.0,0|0|0|2|1|13|0,srs_return_a_annual,6.0,0,BABSON COLLEGE,unknown,,021,,leaic_crosswalk,1.0,1.0,overlap,25:statewide_overlap_layer,58.28571428571428,2,1,32.0,16.0,16.0,16.0,identical_7_offense_vector,T1_same_ori7_multiple_ori9
MA01130,MA011309E,MA,25,2020,2.0,1.0,13.0,0.0,0.0,0.0,0.0,16.0,0|0|0|2|1|13|0,nibrs_srs_equivalent_annual,12.0,7,WELLESLEY,special_jurisdiction,0.0,021,,fbi_cde_agency_roster,1.0,1.0,overlap,25:statewide_overlap_layer,34.0,2,1,32.0,16.0,16.0,16.0,identical_7_offense_vector,T1_same_ori7_multiple_ori9
MA00826,MA0082600,MA,25,2020,1.0,1.0,12.0,1.0,0.0,0.0,0.0,15.0,0|0|0|1|1|12|1,srs_return_a_annual,6.0,0,SMITH COLLEGE,special_jurisdiction,,015,64110,srs_agency_header,1.0,1.0,overlap,25:statewide_overlap_layer,7.0,2,1,30.0,15.0,15.0,15.0,identical_7_offense_vector,T1_same_ori7_multiple_ori9
MA00826,MA008269E,MA,25,2020,1.0,1.0,12.0,1.0,0.0,0.0,0.0,15.0,0|0|0|1|1|12|1,nibrs_srs_equivalent_annual,7.0,7,SOUTH HADLEY,special_jurisdiction,0.0,015,,fbi_cde_agency_roster,1.0,1.0,overlap,25:statewide_overlap_layer,7.0,2,1,30.0,15.0,15.0,15.0,identical_7_offense_vector,T1_same_ori7_multiple_ori9
MA00958,MA0095800,MA,25,2020,1.0,2.0,11.0,0.0,0.0,1.0,0.0,15.0,0|1|0|1|2|11|0,srs_return_a_annual,6.0,0,BENTLEY UNIVERSITY,special_jurisdiction,,017,72600,srs_agency_header,1.0,1.0,overlap,25:statewide_overlap_layer,18.0,2,1,30.0,15.0,15.0,15.0,identical_7_offense_vector,T1_same_ori7_multiple_ori9
MA00958,MA009589E,MA,25,2020,1.0,2.0,11.0,0.0,0.0,1.0,0.0,15.0,0|1|0|1|2|11|0,nibrs_srs_equivalent_annual,12.0,7,WALTHAM,special_jurisdiction,0.0,017,,fbi_cde_agency_roster,1.0,1.0,overlap,25:statewide_overlap_layer,18.0,2,1,30.0,15.0,15.0,15.0,identical_7_offense_vector,T1_same_ori7_multiple_ori9
MA01339,MA0133900,MA,25,2020,0.0,0.0,14.0,0.0,0.0,0.0,0.0,14.0,0|0|0|0|0|14|0,srs_return_a_annual,9.0,0,TUFTS UNIVERSITY SUFFOLK,special_jurisdiction,,017,07000,srs_agency_header,1.0,1.0,overlap,25:statewide_overlap_layer,18.0,2,1,28.0,14.0,14.0,14.0,identical_7_offense_vector,T1_same_ori7_multiple_ori9
MA01339,MA013390X,MA,25,2020,0.0,0.0,14.0,0.0,0.0,0.0,0.0,14.0,0|0|0|0|0|14|0,nibrs_srs_equivalent_annual,12.0,7,BOSTON,special_jurisdiction,0.0,017,,fbi_cde_agency_roster,1.0,1.0,overlap,25:statewide_overlap_layer,9.0,2,1,28.0,14.0,14.0,14.0,identical_7_offense_vector,T1_same_ori7_multiple_ori9
FL01367,FL0136700,FL,12,2020,75.0,50.0,700.0,64.0,0.0,14.0,25.0,928.0,0|14|25|75|50|700|64,srs_return_a_annual,12.0,7,CUTLER BAY,local_police,,086,15968,srs_agency_header,1.0,1.0,exclusive,12:municipal:place:1215968,662.0,2,2,941.0,928.0,13.0,13.0,same_ori7_different_counts,T1_same_ori7_multiple_ori9
FL01367,FL013670X,FL,12,2020,2.0,0.0,2.0,2.0,0.0,7.0,0.0,13.0,0|7|0|2|0|2|2,nibrs_srs_equivalent_annual,10.0,7,CUTLER BAY,local_police,45807.0,086,,fbi_cde_agency_roster,1.0,1.0,exclusive,12:municipal:place:1215968,654.0,2,2,941.0,928.0,13.0,13.0,same_ori7_different_counts,T1_same_ori7_multiple_ori9
MA01468,MA0146800,MA,25,2020,0.0,7.0,14.0,0.0,0.0,0.0,0.0,21.0,0|0|0|0|7|14|0,srs_return_a_annual,9.0,0,CLARK UNIVERSITY,special_jurisdiction,,027,82000,srs_agency_header,1.0,1.0,overlap,25:statewide_overlap_layer,27.0,2,2,34.0,21.0,13.0,13.0,same_ori7_different_counts,T1_same_ori7_multiple_ori9
MA01468,MA014689E,MA,25,2020,0.0,3.0,10.0,0.0,0.0,0.0,0.0,13.0,0|0|0|0|3|10|0,nibrs_srs_equivalent_annual,5.0,7,WORCESTER,special_jurisdiction,0.0,027,,fbi_cde_agency_roster,1.0,1.0,overlap,25:statewide_overlap_layer,18.0,2,2,34.0,21.0,13.0,13.0,same_ori7_different_counts,T1_same_ori7_multiple_ori9
CO03401,CO0340100,CO,08,2020,39.0,115.0,790.0,53.0,0.0,13.0,16.0,1026.0,0|13|16|39|115|790|53,nibrs_srs_equivalent_annual|srs_return_a_annual,12.0,7,DURANGO,local_police,19995.0,067,22035,srs_agency_header,1.0,1.0,exclusive,08:municipal:place:0822035,661.2671539873213,2,2,1038.0,1026.0,12.0,12.0,same_ori7_different_counts,T1_same_ori7_multiple_ori9
CO03401,CO034019E,CO,08,2020,0.0,1.0,10.0,0.0,0.0,1.0,0.0,12.0,0|1|0|0|1|10|0,nibrs_srs_equivalent_annual,12.0,7,DURANGO,special_jurisdiction,0.0,067,,fbi_cde_agency_roster,1.0,1.0,overlap,08:statewide_overlap_layer,29.0,2,2,1038.0,1026.0,12.0,12.0,same_ori7_different_counts,T1_same_ori7_multiple_ori9
VA06201,VA0620100,VA,51,2020,1.0,3.0,8.0,0.0,0.0,0.0,0.0,12.0,0|0|0|1|3|8|0,srs_return_a_annual,4.0,0,WINTERGREEN,unknown,,125,,leaic_crosswalk,1.0,1.0,exclusive,51:municipal:place:5187008,12.0,2,1,24.0,12.0,12.0,12.0,identical_7_offense_vector,T1_same_ori7_multiple_ori9
VA06201,VA062019P,VA,51,2020,1.0,3.0,8.0,0.0,0.0,0.0,0.0,12.0,0|0|0|1|3|8|0,nibrs_srs_equivalent_annual,7.0,7,,local_police,503.0,125,,fbi_cde_agency_roster,1.0,1.0,overlap,51:statewide_overlap_layer,12.0,2,1,24.0,12.0,12.0,12.0,identical_7_offense_vector,T1_same_ori7_multiple_ori9
GA05706,GA0570600,GA,13,2020,0.0,3.0,8.0,0.0,0.0,0.0,0.0,11.0,0|0|0|0|3|8|0,srs_return_a_annual,8.0,0,BERRY COLLEGE,special_jurisdiction,,115,53312,srs_agency_header,1.0,1.0,overlap,13:statewide_overlap_layer,26.08825126017836,2,1,22.0,11.0,11.0,11.0,identical_7_offense_vector,T1_same_ori7_multiple_ori9
GA05706,GA057069E,GA,13,2020,0.0,3.0,8.0,0.0,0.0,0.0,0.0,11.0,0|0|0|0|3|8|0,nibrs_srs_equivalent_annual,11.0,7,MOUNT BERRY,special_jurisdiction,0.0,115,,fbi_cde_agency_roster,1.0,1.0,overlap,13:statewide_overlap_layer,17.0,2,1,22.0,11.0,11.0,11.0,identical_7_offense_vector,T1_same_ori7_multiple_ori9
TN01941,TN0194100,TN,47,2020,10.0,0.0,0.0,0.0,1.0,0.0,0.0,11.0,1|0|0|10|0|0|0,srs_return_a_annual,8.0,0,DEPT OF CORRECTION INT A,special_jurisdiction,,037,52006,srs_agency_header,1.0,1.0,overlap,47:statewide_overlap_layer,62.0,2,1,22.0,11.0,11.0,11.0,identical_7_offense_vector,T1_same_ori7_multiple_ori9
TN01941,TN019410X,TN,47,2020,10.0,0.0,0.0,0.0,1.0,0.0,0.0,11.0,1|0|0|10|0|0|0,nibrs_srs_equivalent_annual,12.0,7,NASHVILLE,unknown,0.0,037,,fbi_cde_agency_roster,1.0,1.0,overlap,47:statewide_overlap_layer,62.0,2,1,22.0,11.0,11.0,11.0,identical_7_offense_vector,T1_same_ori7_multiple_ori9
GA04413,GA0441300,GA,13,2020,0.0,4.0,6.0,0.0,0.0,0.0,0.0,10.0,0|0|0|0|4|6|0,srs_return_a_annual,8.0,0,AGNES SCOTT COLLEGE,special_jurisdiction,,089,22052,srs_agency_header,1.0,1.0,overlap,13:statewide_overlap_layer,6.0,2,1,20.0,10.0,10.0,10.0,identical_7_offense_vector,T1_same_ori7_multiple_ori9
GA04413,GA044139E,GA,13,2020,0.0,4.0,6.0,0.0,0.0,0.0,0.0,10.0,0|0|0|0|4|6|0,nibrs_srs_equivalent_annual,12.0,7,DECATUR,special_jurisdiction,0.0,089,,fbi_cde_agency_roster,1.0,1.0,overlap,13:statewide_overlap_layer,6.0,2,1,20.0,10.0,10.0,10.0,identical_7_offense_vector,T1_same_ori7_multiple_ori9
MA00828,MA0082800,MA,25,2020,1.0,2.0,7.0,0.0,0.0,0.0,0.0,10.0,0|0|0|1|2|7|0,srs_return_a_annual,6.0,0,AMHERST COLLEGE,special_jurisdiction,,015,01325,srs_agency_header,1.0,1.0,overlap,25:statewide_overlap_layer,25.0,2,1,20.0,10.0,10.0,10.0,identical_7_offense_vector,T1_same_ori7_multiple_ori9
MA00828,MA008289E,MA,25,2020,1.0,2.0,7.0,0.0,0.0,0.0,0.0,10.0,0|0|0|1|2|7|0,nibrs_srs_equivalent_annual,11.0,7,AMHERST,special_jurisdiction,0.0,015,,fbi_cde_agency_roster,1.0,1.0,overlap,25:statewide_overlap_layer,25.0,2,1,20.0,10.0,10.0,10.0,identical_7_offense_vector,T1_same_ori7_multiple_ori9
CA03043,CA0304300,CA,06,2020,57.0,124.0,626.0,100.0,3.0,9.0,26.0,945.0,3|9|26|57|124|626|100,srs_return_a_annual,12.0,7,LAKE FOREST,local_police,,059,39496,srs_agency_header,1.0,1.0,exclusive,06:municipal:place:0639496,837.0,2,2,954.0,945.0,9.0,9.0,same_ori7_different_counts,T1_same_ori7_multiple_ori9
CA03043,CA030430X,CA,06,2020,0.0,0.0,7.0,2.0,0.0,0.0,0.0,9.0,0|0|0|0|0|7|2,nibrs_srs_equivalent_annual,9.0,7,SANTA ANA,local_police,86691.0,059,,fbi_cde_agency_roster,1.0,1.0,exclusive,06:municipal:place:0669000,837.0,2,2,954.0,945.0,9.0,9.0,same_ori7_different_counts,T1_same_ori7_multiple_ori9
VA08209,VA0820900,VA,51,2020,1.0,0.0,7.0,1.0,0.0,0.0,0.0,9.0,0|0|0|1|0|7|1,srs_return_a_annual,6.0,0,BRIDGEWATER COLLEGE,unknown,,,,,1.0,1.0,overlap,51:statewide_overlap_layer,,2,1,18.0,9.0,9.0,9.0,identical_7_offense_vector,T1_same_ori7_multiple_ori9
VA08209,VA082099E,VA,51,2020,1.0,0.0,7.0,1.0,0.0,0.0,0.0,9.0,0|0|0|1|0|7|1,nibrs_srs_equivalent_annual,7.0,7,BRIDGEWATER,special_jurisdiction,0.0,,,,1.0,1.0,overlap,51:statewide_overlap_layer,10.980343186974054,2,1,18.0,9.0,9.0,9.0,identical_7_offense_vector,T1_same_ori7_multiple_ori9
NC02608,NC0260800,NC,37,2020,1.0,1.0,5.0,0.0,0.0,1.0,0.0,8.0,0|1|0|1|1|5|0,srs_return_a_annual,7.0,0,METHODIST UNIVERSITY,special_jurisdiction,,051,22920,srs_agency_header,1.0,1.0,overlap,37:statewide_overlap_layer,13.0,2,1,16.0,8.0,8.0,8.0,identical_7_offense_vector,T1_same_ori7_multiple_ori9
NC02608,NC026089E,NC,37,2020,1.0,1.0,5.0,0.0,0.0,1.0,0.0,8.0,0|1|0|1|1|5|0,nibrs_srs_equivalent_annual,12.0,7,FAYETTEVILLE,special_jurisdiction,0.0,051,,fbi_cde_agency_roster,1.0,1.0,overlap,37:statewide_overlap_layer,13.0,2,1,16.0,8.0,8.0,8.0,identical_7_offense_vector,T1_same_ori7_multiple_ori9
NH00601,NH0060100,NH,33,2020,1.0,1.0,2.0,2.0,0.0,2.0,0.0,8.0,0|2|0|1|1|2|2,srs_return_a_annual,12.0,7,SP HILLSBOROUGH COUNTY,state_law_enforcement,,011,99011,srs_agency_header,1.0,1.0,overlap,33:statewide_overlap_layer,6.124119557522602,2,1,16.0,8.0,8.0,8.0,identical_7_offense_vector,T1_same_ori7_multiple_ori9
NH00601,NH006010X,NH,33,2020,1.0,1.0,2.0,2.0,0.0,2.0,0.0,8.0,0|2|0|1|1|2|2,nibrs_srs_equivalent_annual,12.0,7,CONCORD,state_law_enforcement,5989.0,011,,fbi_cde_agency_roster,1.0,1.0,overlap,33:statewide_overlap_layer,4.0,2,1,16.0,8.0,8.0,8.0,identical_7_offense_vector,T1_same_ori7_multiple_ori9
TN02299,TN0229900,TN,47,2020,0.0,0.0,8.0,0.0,0.0,0.0,0.0,8.0,0|0|0|0|0|8|0,srs_return_a_annual,5.0,0,SPR HARPETH SCNC RIVERS,special_jurisdiction,,043,99043,srs_agency_header,1.0,1.0,overlap,47:statewide_overlap_layer,,2,1,16.0,8.0,8.0,8.0,identical_7_offense_vector,T1_same_ori7_multiple_ori9
TN02299,TN022990X,TN,47,2020,0.0,0.0,8.0,0.0,0.0,0.0,0.0,8.0,0|0|0|0|0|8|0,nibrs_srs_equivalent_annual,12.0,7,BURNS,unknown,0.0,,,,1.0,1.0,overlap,47:statewide_overlap_layer,1.9418846004935078,2,1,16.0,8.0,8.0,8.0,identical_7_offense_vector,T1_same_ori7_multiple_ori9
MA00967,MA0096700,MA,25,2020,0.0,1.0,5.0,0.0,0.0,1.0,0.0,7.0,0|1|0|0|1|5|0,srs_return_a_annual,6.0,0,LASELL COLLEGE,special_jurisdiction,,017,02830,srs_agency_header,1.0,1.0,overlap,25:statewide_overlap_layer,1.0,2,1,14.0,7.0,7.0,7.0,identical_7_offense_vector,T1_same_ori7_multiple_ori9
MA00967,MA009679E,MA,25,2020,0.0,1.0,5.0,0.0,0.0,1.0,0.0,7.0,0|1|0|0|1|5|0,nibrs_srs_equivalent_annual,12.0,7,AUBURNDALE,special_jurisdiction,0.0,017,,fbi_cde_agency_roster,1.0,1.0,overlap,25:statewide_overlap_layer,1.0,2,1,14.0,7.0,7.0,7.0,identical_7_offense_vector,T1_same_ori7_multiple_ori9
OH07109,OH0710900,OH,39,2020,0.0,0.0,7.0,0.0,0.0,0.0,0.0,7.0,0|0|0|0|0|7|0,srs_return_a_annual,4.0,0,ADENA HEALTH SYSTEM,unknown,,,,,1.0,1.0,overlap,39:statewide_overlap_layer,,2,1,14.0,7.0,7.0,7.0,identical_7_offense_vector,T1_same_ori7_multiple_ori9
OH07109,OH071099E,OH,39,2020,0.0,0.0,7.0,0.0,0.0,0.0,0.0,7.0,0|0|0|0|0|7|0,nibrs_srs_equivalent_annual,9.0,7,,unknown,0.0,,,,1.0,1.0,overlap,39:statewide_overlap_layer,2.7921716149615485,2,1,14.0,7.0,7.0,7.0,identical_7_offense_vector,T1_same_ori7_multiple_ori9
SC04216,SC0421600,SC,45,2020,0.0,0.0,5.0,2.0,0.0,0.0,0.0,7.0,0|0|0|0|0|5|2,srs_return_a_annual,4.0,0,SPARTANBURG METHODIST CO,special_jurisdiction,,083,99083,srs_agency_header,1.0,1.0,overlap,45:statewide_overlap_layer,26.399999999999995,2,1,14.0,7.0,7.0,7.0,identical_7_offense_vector,T1_same_ori7_multiple_ori9
SC04216,SC042169E,SC,45,2020,0.0,0.0,5.0,2.0,0.0,0.0,0.0,7.0,0|0|0|0|0|5|2,nibrs_srs_equivalent_annual,10.0,7,SPARTANBURG,special_jurisdiction,0.0,083,,fbi_cde_agency_roster,1.0,1.0,overlap,45:statewide_overlap_layer,22.0,2,1,14.0,7.0,7.0,7.0,identical_7_offense_vector,T1_same_ori7_multiple_ori9
TN07927,TN0792700,TN,47,2020,0.0,0.0,7.0,0.0,0.0,0.0,0.0,7.0,0|0|0|0|0|7|0,srs_return_a_annual,4.0,0,CHRISTIAN BROTHERS UNIV,special_jurisdiction,,157,48000,srs_agency_header,1.0,1.0,overlap,47:statewide_overlap_layer,12.0,2,1,14.0,7.0,7.0,7.0,identical_7_offense_vector,T1_same_ori7_multiple_ori9
TN07927,TN079279E,TN,47,2020,0.0,0.0,7.0,0.0,0.0,0.0,0.0,7.0,0|0|0|0|0|7|0,nibrs_srs_equivalent_annual,12.0,7,MEMPHIS,special_jurisdiction,0.0,157,,fbi_cde_agency_roster,1.0,1.0,overlap,47:statewide_overlap_layer,8.0,2,1,14.0,7.0,7.0,7.0,identical_7_offense_vector,T1_same_ori7_multiple_ori9
MA00962,MA0096200,MA,25,2020,2.0,57.0,220.0,4.0,0.0,2.0,0.0,285.0,0|2|0|2|57|220|4,srs_return_a_annual,12.0,7,HARVARD UNIVERSITY,special_jurisdiction,,017,11000,srs_agency_header,1.0,1.0,overlap,25:statewide_overlap_layer,584.0,2,2,291.0,285.0,6.0,6.0,same_ori7_different_counts,T1_same_ori7_multiple_ori9
MA00962,MA009629E,MA,25,2020,0.0,1.0,5.0,0.0,0.0,0.0,0.0,6.0,0|0|0|0|1|5|0,nibrs_srs_equivalent_annual,5.0,7,CAMBRIDGE,special_jurisdiction,0.0,017,,fbi_cde_agency_roster,1.0,1.0,overlap,25:statewide_overlap_layer,584.0,2,2,291.0,285.0,6.0,6.0,same_ori7_different_counts,T1_same_ori7_multiple_ori9
MA01355,MA0135500,MA,25,2020,1.0,0.0,16.0,0.0,0.0,0.0,0.0,17.0,0|0|0|1|0|16|0,srs_return_a_annual,8.0,0,WENTWORTH INST OF TECH,special_jurisdiction,,025,07000,srs_agency_header,1.0,1.0,overlap,25:statewide_overlap_layer,48.0,2,2,23.0,17.0,6.0,6.0,same_ori7_different_counts,T1_same_ori7_multiple_ori9
MA01355,MA013559E,MA,25,2020,0.0,0.0,6.0,0.0,0.0,0.0,0.0,6.0,0|0|0|0|0|6|0,nibrs_srs_equivalent_annual,3.0,7,BOSTON,special_jurisdiction,0.0,025,,fbi_cde_agency_roster,1.0,1.0,overlap,25:statewide_overlap_layer,48.0,2,2,23.0,17.0,6.0,6.0,same_ori7_different_counts,T1_same_ori7_multiple_ori9
MA01470,MA0147000,MA,25,2020,0.0,0.0,4.0,0.0,0.0,2.0,0.0,6.0,0|2|0|0|0|4|0,srs_return_a_annual,2.0,0,ASSUMPTION COLLEGE,special_jurisdiction,,027,82000,srs_agency_header,1.0,1.0,overlap,25:statewide_overlap_layer,20.0,2,1,12.0,6.0,6.0,6.0,identical_7_offense_vector,T1_same_ori7_multiple_ori9
MA01470,MA014709E,MA,25,2020,0.0,0.0,4.0,0.0,0.0,2.0,0.0,6.0,0|2|0|0|0|4|0,nibrs_srs_equivalent_annual,12.0,7,WORCESTER,special_jurisdiction,0.0,027,,fbi_cde_agency_roster,1.0,1.0,overlap,25:statewide_overlap_layer,20.0,2,1,12.0,6.0,6.0,6.0,identical_7_offense_vector,T1_same_ori7_multiple_ori9
NH00201,NH0020100,NH,33,2020,3.0,0.0,2.0,1.0,0.0,0.0,0.0,6.0,0|0|0|3|0|2|1,srs_return_a_annual,12.0,7,SP CARROLL COUNTY,state_law_enforcement,,003,99003,srs_agency_header,1.0,1.0,overlap,33:statewide_overlap_layer,10.793125365930592,2,1,12.0,6.0,6.0,6.0,identical_7_offense_vector,T1_same_ori7_multiple_ori9
NH00201,NH002010X,NH,33,2020,3.0,0.0,2.0,1.0,0.0,0.0,0.0,6.0,0|0|0|3|0|2|1,nibrs_srs_equivalent_annual,12.0,7,CONCORD,state_law_enforcement,0.0,003,,fbi_cde_agency_roster,1.0,1.0,overlap,33:statewide_overlap_layer,4.0,2,1,12.0,6.0,6.0,6.0,identical_7_offense_vector,T1_same_ori7_multiple_ori9
FL01395,FL0139500,FL,12,2020,18.0,55.0,423.0,32.0,0.0,5.0,7.0,540.0,0|5|7|18|55|423|32,srs_return_a_annual,12.0,7,PALMETTO BAY,local_police,,086,54275,srs_agency_header,1.0,1.0,exclusive,12:municipal:place:1254275,529.0,2,2,544.0,540.0,4.0,4.0,same_ori7_different_counts,T1_same_ori7_multiple_ori9
FL01395,FL013950X,FL,12,2020,0.0,1.0,1.0,0.0,0.0,2.0,0.0,4.0,0|2|0|0|1|1|0,nibrs_srs_equivalent_annual,8.0,7,MIAMI,local_police,24890.0,086,,fbi_cde_agency_roster,1.0,1.0,exclusive,12:municipal:place:1245000,525.0,2,2,544.0,540.0,4.0,4.0,same_ori7_different_counts,T1_same_ori7_multiple_ori9
IN04935,IN0493500,IN,18,2020,0.0,0.0,4.0,0.0,0.0,0.0,0.0,4.0,0|0|0|0|0|4|0,srs_return_a_annual,4.0,0,MARIAN UNIVERSITY,special_jurisdiction,,097,36000,srs_agency_header,1.0,1.0,overlap,18:statewide_overlap_layer,9.783190210735631,2,1,8.0,4.0,4.0,4.0,identical_7_offense_vector,T1_same_ori7_multiple_ori9
IN04935,IN049359E,IN,18,2020,0.0,0.0,4.0,0.0,0.0,0.0,0.0,4.0,0|0|0|0|0|4|0,nibrs_srs_equivalent_annual,7.0,7,INDIANAPOLIS,special_jurisdiction,0.0,097,,fbi_cde_agency_roster,1.0,1.0,overlap,18:statewide_overlap_layer,2.0,2,1,8.0,4.0,4.0,4.0,identical_7_offense_vector,T1_same_ori7_multiple_ori9
MA01131,MA0113100,MA,25,2020,0.0,0.0,4.0,0.0,0.0,0.0,0.0,4.0,0|0|0|0|0|4|0,srs_return_a_annual,2.0,0,DEAN COLLEGE,special_jurisdiction,,021,25100,srs_agency_header,1.0,1.0,overlap,25:statewide_overlap_layer,4.0,2,1,8.0,4.0,4.0,4.0,identical_7_offense_vector,T1_same_ori7_multiple_ori9
MA01131,MA011319E,MA,25,2020,0.0,0.0,4.0,0.0,0.0,0.0,0.0,4.0,0|0|0|0|0|4|0,nibrs_srs_equivalent_annual,12.0,7,FRANKLIN,special_jurisdiction,0.0,021,,fbi_cde_agency_roster,1.0,1.0,overlap,25:statewide_overlap_layer,4.0,2,1,8.0,4.0,4.0,4.0,identical_7_offense_vector,T1_same_ori7_multiple_ori9
NH00801,NH0080100,NH,33,2020,0.0,0.0,1.0,2.0,0.0,1.0,0.0,4.0,0|1|0|0|0|1|2,srs_return_a_annual,9.0,0,SP ROCKINGHAM COUNTY,state_law_enforcement,,015,99015,srs_agency_header,1.0,1.0,overlap,33:statewide_overlap_layer,15.272727272727272,2,1,8.0,4.0,4.0,4.0,identical_7_offense_vector,T1_same_ori7_multiple_ori9
NH00801,NH008010X,NH,33,2020,0.0,0.0,1.0,2.0,0.0,1.0,0.0,4.0,0|1|0|0|0|1|2,nibrs_srs_equivalent_annual,12.0,7,CONCORD,state_law_enforcement,0.0,015,,fbi_cde_agency_roster,1.0,1.0,overlap,33:statewide_overlap_layer,14.0,2,1,8.0,4.0,4.0,4.0,identical_7_offense_vector,T1_same_ori7_multiple_ori9
OK05122,OK0512200,OK,40,2020,0.0,1.0,2.0,0.0,0.0,0.0,1.0,4.0,0|0|1|0|1|2|0,srs_return_a_annual,4.0,0,BACONE COLLEGE,unknown,,,,,1.0,1.0,overlap,40:statewide_overlap_layer,,2,1,8.0,4.0,4.0,4.0,identical_7_offense_vector,T1_same_ori7_multiple_ori9
OK05122,OK051229E,OK,40,2020,0.0,1.0,2.0,0.0,0.0,0.0,1.0,4.0,0|0|1|0|1|2|0,nibrs_srs_equivalent_annual,12.0,7,,special_jurisdiction,0.0,,,,1.0,1.0,overlap,40:statewide_overlap_layer,2.6244117094322865,2,1,8.0,4.0,4.0,4.0,identical_7_offense_vector,T1_same_ori7_multiple_ori9
CA03035,CA0303500,CA,06,2020,46.0,112.0,659.0,82.0,0.0,5.0,20.0,924.0,0|5|20|46|112|659|82,srs_return_a_annual,12.0,7,MISSION VIEJO,local_police,,059,48256,srs_agency_header,1.0,1.0,exclusive,06:municipal:place:0648256,1153.0,2,2,927.0,924.0,3.0,3.0,same_ori7_different_counts,T1_same_ori7_multiple_ori9
CA03035,CA030350X,CA,06,2020,0.0,1.0,2.0,0.0,0.0,0.0,0.0,3.0,0|0|0|0|1|2|0,nibrs_srs_equivalent_annual,7.0,7,SANTA ANA,local_police,96419.0,059,,fbi_cde_agency_roster,1.0,1.0,exclusive,06:municipal:place:0669000,1153.0,2,2,927.0,924.0,3.0,3.0,same_ori7_different_counts,T1_same_ori7_multiple_ori9
GA06036,GA0603600,GA,13,2020,0.0,0.0,2.0,1.0,0.0,0.0,0.0,3.0,0|0|0|0|0|2|1,srs_return_a_annual,3.0,0,SPELMAN COLLEGE,special_jurisdiction,,121,04000,srs_agency_header,1.0,1.0,overlap,13:statewide_overlap_layer,8.0,2,1,6.0,3.0,3.0,3.0,identical_7_offense_vector,T1_same_ori7_multiple_ori9
GA06036,GA060369E,GA,13,2020,0.0,0.0,2.0,1.0,0.0,0.0,0.0,3.0,0|0|0|0|0|2|1,nibrs_srs_equivalent_annual,12.0,7,ATLANTA,special_jurisdiction,0.0,121,,fbi_cde_agency_roster,1.0,1.0,overlap,13:statewide_overlap_layer,8.0,2,1,6.0,3.0,3.0,3.0,identical_7_offense_vector,T1_same_ori7_multiple_ori9
TN01305,TN0130500,TN,47,2020,0.0,0.0,3.0,0.0,0.0,0.0,0.0,3.0,0|0|0|0|0|3|0,srs_return_a_annual,6.0,0,LINCOLN MEMORIAL UNIVERS,unknown,,,,,1.0,1.0,overlap,47:statewide_overlap_layer,7.199999999999999,2,1,6.0,3.0,3.0,3.0,identical_7_offense_vector,T1_same_ori7_multiple_ori9
TN01305,TN013059E,TN,47,2020,0.0,0.0,3.0,0.0,0.0,0.0,0.0,3.0,0|0|0|0|0|3|0,nibrs_srs_equivalent_annual,12.0,7,HARROGATE,special_jurisdiction,0.0,025,,fbi_cde_agency_roster,1.0,1.0,overlap,47:statewide_overlap_layer,3.0,2,1,6.0,3.0,3.0,3.0,identical_7_offense_vector,T1_same_ori7_multiple_ori9
CA03036,CA0303600,CA,06,2020,18.0,33.0,383.0,34.0,0.0,6.0,8.0,482.0,0|6|8|18|33|383|34,srs_return_a_annual,12.0,7,DANA POINT,local_police,,059,17946,srs_agency_header,1.0,1.0,exclusive,06:municipal:place:0617946,343.0,2,2,484.0,482.0,2.0,2.0,same_ori7_different_counts,T1_same_ori7_multiple_ori9
CA03036,CA030360X,CA,06,2020,0.0,1.0,1.0,0.0,0.0,0.0,0.0,2.0,0|0|0|0|1|1|0,nibrs_srs_equivalent_annual,8.0,7,SANTA ANA,local_police,34019.0,059,,fbi_cde_agency_roster,1.0,1.0,exclusive,06:municipal:place:0669000,344.0,2,2,484.0,482.0,2.0,2.0,same_ori7_different_counts,T1_same_ori7_multiple_ori9
CA03039,CA0303900,CA,06,2020,25.0,73.0,454.0,52.0,1.0,5.0,10.0,620.0,1|5|10|25|73|454|52,srs_return_a_annual,12.0,7,LAGUNA NIGUEL,local_police,,059,39248,srs_agency_header,1.0,1.0,exclusive,06:municipal:place:0639248,643.0,2,2,622.0,620.0,2.0,2.0,same_ori7_different_counts,T1_same_ori7_multiple_ori9
CA03039,CA030390X,CA,06,2020,0.0,1.0,1.0,0.0,0.0,0.0,0.0,2.0,0|0|0|0|1|1|0,nibrs_srs_equivalent_annual,3.0,7,SANTA ANA,local_police,66806.0,059,,fbi_cde_agency_roster,1.0,1.0,exclusive,06:municipal:place:0669000,643.0,2,2,622.0,620.0,2.0,2.0,same_ori7_different_counts,T1_same_ori7_multiple_ori9
CA03047,CA0304700,CA,06,2020,9.0,16.0,107.0,29.0,0.0,0.0,4.0,165.0,0|0|4|9|16|107|29,srs_return_a_annual,12.0,7,LAGUNA WOODS,local_police,,059,53980,srs_agency_header,1.0,1.0,exclusive,06:municipal:place:0653980,160.0,2,2,167.0,165.0,2.0,2.0,same_ori7_different_counts,T1_same_ori7_multiple_ori9
CA03047,CA030470X,CA,06,2020,0.0,0.0,2.0,0.0,0.0,0.0,0.0,2.0,0|0|0|0|0|2|0,nibrs_srs_equivalent_annual,2.0,7,SANTA ANA,local_police,17249.0,059,,fbi_cde_agency_roster,1.0,1.0,exclusive,06:municipal:place:0639259,160.0,2,2,167.0,165.0,2.0,2.0,same_ori7_different_counts,T1_same_ori7_multiple_ori9
CA03049,CA0304900,CA,06,2020,23.0,56.0,285.0,46.0,1.0,1.0,3.0,415.0,1|1|3|23|56|285|46,srs_return_a_annual,12.0,7,ALISO VIEJO,local_police,,059,00947,srs_agency_header,1.0,1.0,exclusive,06:municipal:place:0600947,498.0,2,2,417.0,415.0,2.0,2.0,same_ori7_different_counts,T1_same_ori7_multiple_ori9
CA03049,CA030490X,CA,06,2020,0.0,0.0,2.0,0.0,0.0,0.0,0.0,2.0,0|0|0|0|0|2|0,nibrs_srs_equivalent_annual,5.0,7,SANTA ANA,local_police,52247.0,059,,fbi_cde_agency_roster,1.0,1.0,exclusive,06:municipal:place:0600947,498.0,2,2,417.0,415.0,2.0,2.0,same_ori7_different_counts,T1_same_ori7_multiple_ori9
DE00215,DE0021500,DE,10,2020,0.0,0.0,2.0,0.0,0.0,0.0,0.0,2.0,0|0|0|0|0|2|0,srs_return_a_annual,5.0,0,AMTRAK POLICE,special_jurisdiction,,003,99003,srs_agency_header,1.0,1.0,overlap,10:statewide_overlap_layer,9.0,2,1,4.0,2.0,2.0,2.0,identical_7_offense_vector,T1_same_ori7_multiple_ori9
DE00215,DE002159E,DE,10,2020,0.0,0.0,2.0,0.0,0.0,0.0,0.0,2.0,0|0|0|0|0|2|0,nibrs_srs_equivalent_annual,12.0,7,WILMINGTON,unknown,0.0,003,,fbi_cde_agency_roster,1.0,1.0,overlap,10:statewide_overlap_layer,6.0,2,1,4.0,2.0,2.0,2.0,identical_7_offense_vector,T1_same_ori7_multiple_ori9
GA13903,GA1390300,GA,13,2020,0.0,0.0,1.0,0.0,0.0,1.0,0.0,2.0,0|1|0|0|0|1|0,srs_return_a_annual,3.0,0,YOUNG HARRIS COLLEGE,special_jurisdiction,,281,84960,srs_agency_header,1.0,1.0,overlap,13:statewide_overlap_layer,14.436958852179062,2,1,4.0,2.0,2.0,2.0,identical_7_offense_vector,T1_same_ori7_multiple_ori9
GA13903,GA139039E,GA,13,2020,0.0,0.0,1.0,0.0,0.0,1.0,0.0,2.0,0|1|0|0|0|1|0,nibrs_srs_equivalent_annual,10.0,7,YOUNG HARRIS,special_jurisdiction,0.0,281,,fbi_cde_agency_roster,1.0,1.0,overlap,13:statewide_overlap_layer,5.054950140666102,2,1,4.0,2.0,2.0,2.0,identical_7_offense_vector,T1_same_ori7_multiple_ori9
MA01464,MA0146400,MA,25,2020,0.0,0.0,1.0,0.0,0.0,0.0,0.0,1.0,0|0|0|0|0|1|0,srs_return_a_annual,2.0,0,TUFTS UNIVERSITY WORCEST,special_jurisdiction,,017,26395,srs_agency_header,1.0,1.0,overlap,25:statewide_overlap_layer,15.0,3,2,24.0,22.0,1.0,2.0,same_ori7_different_counts,T1_same_ori7_multiple_ori9
MA01464,MA014640X,MA,25,2020,0.0,0.0,1.0,0.0,0.0,0.0,0.0,1.0,0|0|0|0|0|1|0,nibrs_srs_equivalent_annual,12.0,7,GRAFTON,special_jurisdiction,0.0,017,,fbi_cde_agency_roster,1.0,1.0,overlap,25:statewide_overlap_layer,5.0,3,2,24.0,22.0,1.0,2.0,same_ori7_different_counts,T1_same_ori7_multiple_ori9
MA01464,MA014649E,MA,25,2020,0.0,2.0,19.0,0.0,0.0,1.0,0.0,22.0,0|1|0|0|2|19|0,nibrs_srs_equivalent_annual,12.0,7,WORCESTER,special_jurisdiction,0.0,027,,fbi_cde_agency_roster,1.0,1.0,overlap,25:statewide_overlap_layer,25.0,3,2,24.0,22.0,1.0,2.0,same_ori7_different_counts,T1_same_ori7_multiple_ori9
MI63182,MI6318200,MI,26,2020,0.0,0.0,2.0,0.0,0.0,0.0,0.0,2.0,0|0|0|0|0|2|0,srs_return_a_annual,3.0,0,CLARKSTON,unknown,,,,,1.0,1.0,overlap,26:statewide_overlap_layer,14.0,2,1,4.0,2.0,2.0,2.0,identical_7_offense_vector,T1_same_ori7_multiple_ori9
MI63182,MI631820X,MI,26,2020,0.0,0.0,2.0,0.0,0.0,0.0,0.0,2.0,0|0|0|0|0|2|0,nibrs_srs_equivalent_annual,12.0,7,,local_police,926.0,125,,fbi_cde_agency_roster,1.0,1.0,exclusive,26:municipal:place:2682450,7.0,2,1,4.0,2.0,2.0,2.0,identical_7_offense_vector,T1_same_ori7_multiple_ori9
NH00101,NH0010100,NH,33,2020,0.0,0.0,1.0,0.0,1.0,0.0,0.0,2.0,1|0|0|0|0|1|0,srs_return_a_annual,5.0,0,SP BELKNAP COUNTY,state_law_enforcement,,001,99001,srs_agency_header,1.0,1.0,overlap,33:statewide_overlap_layer,,2,1,4.0,2.0,2.0,2.0,identical_7_offense_vector,T1_same_ori7_multiple_ori9
NH00101,NH001010X,NH,33,2020,0.0,0.0,1.0,0.0,1.0,0.0,0.0,2.0,1|0|0|0|0|1|0,nibrs_srs_equivalent_annual,12.0,7,CONCORD,state_law_enforcement,0.0,001,,fbi_cde_agency_roster,1.0,1.0,overlap,33:statewide_overlap_layer,1.061665469212516,2,1,4.0,2.0,2.0,2.0,identical_7_offense_vector,T1_same_ori7_multiple_ori9
OH06013,OH0601300,OH,39,2020,0.0,0.0,2.0,0.0,0.0,0.0,0.0,2.0,0|0|0|0|0|2|0,srs_return_a_annual,1.0,0,MUSKINGUM UNIVERSITY,special_jurisdiction,,119,54446,srs_agency_header,1.0,1.0,overlap,39:statewide_overlap_layer,6.0,2,1,4.0,2.0,2.0,2.0,identical_7_offense_vector,T1_same_ori7_multiple_ori9
OH06013,OH060139E,OH,39,2020,0.0,0.0,2.0,0.0,0.0,0.0,0.0,2.0,0|0|0|0|0|2|0,nibrs_srs_equivalent_annual,2.0,7,NEW CONCORD,special_jurisdiction,0.0,119,,fbi_cde_agency_roster,1.0,1.0,overlap,39:statewide_overlap_layer,1.0,2,1,4.0,2.0,2.0,2.0,identical_7_offense_vector,T1_same_ori7_multiple_ori9
SC02199,SC0219900,SC,45,2020,0.0,0.0,2.0,0.0,0.0,0.0,0.0,2.0,0|0|0|0|0|2|0,srs_return_a_annual,1.0,0,DEPT OF HEALTH ENV CON,unknown,,,,,1.0,1.0,overlap,45:statewide_overlap_layer,,2,1,4.0,2.0,2.0,2.0,identical_7_offense_vector,T1_same_ori7_multiple_ori9
SC02199,SC021990X,SC,45,2020,0.0,0.0,2.0,0.0,0.0,0.0,0.0,2.0,0|0|0|0|0|2|0,nibrs_srs_equivalent_annual,1.0,7,,unknown,0.0,041,,fbi_cde_agency_roster,1.0,1.0,overlap,45:statewide_overlap_layer,0.6329931618554514,2,1,4.0,2.0,2.0,2.0,identical_7_offense_vector,T1_same_ori7_multiple_ori9
WA03422,WA0342200,WA,53,2020,0.0,0.0,2.0,0.0,0.0,0.0,0.0,2.0,0|0|0|0|0|2|0,srs_return_a_annual,1.0,0,ST INSUR CMSNR SPC INV U,special_jurisdiction,,067,72905,srs_agency_header,1.0,1.0,overlap,53:statewide_overlap_layer,,2,1,4.0,2.0,2.0,2.0,identical_7_offense_vector,T1_same_ori7_multiple_ori9
WA03422,WA034225Y,WA,53,2020,0.0,0.0,2.0,0.0,0.0,0.0,0.0,2.0,0|0|0|0|0|2|0,nibrs_srs_equivalent_annual,12.0,7,TUMWATER,unknown,0.0,067,,fbi_cde_agency_roster,1.0,1.0,overlap,53:statewide_overlap_layer,0.242518244121834,2,1,4.0,2.0,2.0,2.0,identical_7_offense_vector,T1_same_ori7_multiple_ori9
WI04124,WI0412400,WI,55,2020,17.0,35.0,346.0,42.0,0.0,1.0,16.0,457.0,0|1|16|17|35|346|42,srs_return_a_annual,12.0,7,MARQUETTE UNIVERSITY,unknown,,,,,1.0,1.0,overlap,55:statewide_overlap_layer,438.0,2,2,459.0,457.0,2.0,2.0,same_ori7_different_counts,T1_same_ori7_multiple_ori9
WI04124,WI041249E,WI,55,2020,0.0,1.0,1.0,0.0,0.0,0.0,0.0,2.0,0|0|0|0|1|1|0,nibrs_srs_equivalent_annual,2.0,7,,special_jurisdiction,0.0,079,,fbi_cde_agency_roster,1.0,1.0,overlap,55:statewide_overlap_layer,438.0,2,2,459.0,457.0,2.0,2.0,same_ori7_different_counts,T1_same_ori7_multiple_ori9
AL05401,AL0540100,AL,01,2020,0.0,1.0,6.0,1.0,0.0,0.0,0.0,8.0,0|0|0|0|1|6|1,srs_return_a_annual,6.0,0,ALICEVILLE,local_police,2315.0,107,01228,srs_agency_header,1.0,1.0,exclusive,01:municipal:place:0101228,15.0,2,2,9.0,8.0,1.0,1.0,same_ori7_different_counts,T1_same_ori7_multiple_ori9
AL05401,AL054015A,AL,01,2020,0.0,0.0,0.0,0.0,0.0,1.0,0.0,1.0,0|1|0|0|0|0|0,nibrs_srs_equivalent_annual,1.0,7,,unknown,0.0,107,,fbi_cde_agency_roster,1.0,1.0,overlap,01:statewide_overlap_layer,2.1060954055636567,2,2,9.0,8.0,1.0,1.0,same_ori7_different_counts,T1_same_ori7_multiple_ori9
DE00130,DE0013000,DE,10,2020,0.0,0.0,1.0,0.0,0.0,0.0,0.0,1.0,0|0|0|0|0|1|0,srs_return_a_annual,6.0,0,AG KENT COUNTY,special_jurisdiction,,001,99001,srs_agency_header,1.0,1.0,overlap,10:statewide_overlap_layer,,2,1,2.0,1.0,1.0,1.0,identical_7_offense_vector,T1_same_ori7_multiple_ori9
DE00130,DE001300X,DE,10,2020,0.0,0.0,1.0,0.0,0.0,0.0,0.0,1.0,0|0|0|0|0|1|0,nibrs_srs_equivalent_annual,11.0,7,DOVER,unknown,0.0,001,,fbi_cde_agency_roster,1.0,1.0,overlap,10:statewide_overlap_layer,0.9900656084823409,2,1,2.0,1.0,1.0,1.0,identical_7_offense_vector,T1_same_ori7_multiple_ori9
MA00542,MA0054200,MA,25,2020,0.0,0.0,2.0,0.0,0.0,0.0,0.0,2.0,0|0|0|0|0|2|0,srs_return_a_annual,3.0,0,ENDICOTT COLLEGE,unknown,,,,,1.0,1.0,overlap,25:statewide_overlap_layer,22.723626427976278,2,2,3.0,2.0,1.0,1.0,same_ori7_different_counts,T1_same_ori7_multiple_ori9
MA00542,MA005429E,MA,25,2020,0.0,0.0,1.0,0.0,0.0,0.0,0.0,1.0,0|0|0|0|0|1|0,nibrs_srs_equivalent_annual,1.0,7,BEVERLY,special_jurisdiction,0.0,009,,fbi_cde_agency_roster,1.0,1.0,overlap,25:statewide_overlap_layer,15.0,2,2,3.0,2.0,1.0,1.0,same_ori7_different_counts,T1_same_ori7_multiple_ori9
NH00901,NH0090100,NH,33,2020,0.0,0.0,1.0,0.0,0.0,0.0,0.0,1.0,0|0|0|0|0|1|0,srs_return_a_annual,8.0,0,SP STRAFFORD COUNTY,state_law_enforcement,,017,99017,srs_agency_header,1.0,1.0,overlap,33:statewide_overlap_layer,10.666666666666666,2,1,2.0,1.0,1.0,1.0,identical_7_offense_vector,T1_same_ori7_multiple_ori9
NH00901,NH009010X,NH,33,2020,0.0,0.0,1.0,0.0,0.0,0.0,0.0,1.0,0|0|0|0|0|1|0,nibrs_srs_equivalent_annual,12.0,7,CONCORD,state_law_enforcement,931.0,017,,fbi_cde_agency_roster,1.0,1.0,overlap,33:statewide_overlap_layer,8.0,2,1,2.0,1.0,1.0,1.0,identical_7_offense_vector,T1_same_ori7_multiple_ori9
OH018A1,OH018A100,OH,39,2020,0.0,0.0,1.0,0.0,0.0,0.0,0.0,1.0,0|0|0|0|0|1|0,srs_return_a_annual,1.0,0,NOTRE DAME COLLEGE,special_jurisdiction,,035,16000,srs_agency_header,1.0,1.0,overlap,39:statewide_overlap_layer,,2,1,2.0,1.0,1.0,1.0,identical_7_offense_vector,T1_same_ori7_multiple_ori9
OH018A1,OH018A10X,OH,39,2020,0.0,0.0,1.0,0.0,0.0,0.0,0.0,1.0,0|0|0|0|0|1|0,nibrs_srs_equivalent_annual,1.0,7,CLEVELAND,special_jurisdiction,0.0,035,,fbi_cde_agency_roster,1.0,1.0,overlap,39:statewide_overlap_layer,0.8599038801745489,2,1,2.0,1.0,1.0,1.0,identical_7_offense_vector,T1_same_ori7_multiple_ori9
OK03601,OK0360100,OK,40,2020,11.0,42.0,63.0,18.0,0.0,6.0,0.0,140.0,0|6|0|11|42|63|18,nibrs_srs_equivalent_annual|srs_return_a_annual,12.0,7,BLACKWELL,local_police,6684.0,071,06600,srs_agency_header,1.0,1.0,exclusive,40:municipal:place:4006600,157.0,2,2,141.0,140.0,1.0,1.0,same_ori7_different_counts,T1_same_ori7_multiple_ori9
OK03601,OK036015A,OK,40,2020,0.0,0.0,0.0,0.0,1.0,0.0,0.0,1.0,1|0|0|0|0|0|0,nibrs_srs_equivalent_annual,12.0,7,,unknown,0.0,071,,fbi_cde_agency_roster,1.0,1.0,overlap,40:statewide_overlap_layer,2.0,2,2,141.0,140.0,1.0,1.0,same_ori7_different_counts,T1_same_ori7_multiple_ori9
SC04399,SC0439900,SC,45,2020,0.0,0.0,1.0,0.0,0.0,0.0,0.0,1.0,0|0|0|0|0|1|0,srs_return_a_annual,1.0,0,DEPT OF HEALTH ENV CON,unknown,,,,,1.0,1.0,overlap,45:statewide_overlap_layer,,2,1,2.0,1.0,1.0,1.0,identical_7_offense_vector,T1_same_ori7_multiple_ori9
SC04399,SC043990X,SC,45,2020,0.0,0.0,1.0,0.0,0.0,0.0,0.0,1.0,0|0|0|0|0|1|0,nibrs_srs_equivalent_annual,1.0,7,,unknown,0.0,085,,fbi_cde_agency_roster,1.0,1.0,overlap,45:statewide_overlap_layer,0.9999999999999993,2,1,2.0,1.0,1.0,1.0,identical_7_offense_vector,T1_same_ori7_multiple_ori9
TX09119,TX0911900,TX,48,2020,0.0,1.0,8.0,0.0,0.0,0.0,0.0,9.0,0|0|0|0|1|8|0,srs_return_a_annual,3.0,0,AUSTIN COLLEGE,local_police,,181,73112,srs_agency_header,1.0,1.0,exclusive,48:municipal:place:4873112,25.778942252044807,2,2,10.0,9.0,1.0,1.0,same_ori7_different_counts,T1_same_ori7_multiple_ori9
TX09119,TX091199E,TX,48,2020,0.0,0.0,1.0,0.0,0.0,0.0,0.0,1.0,0|0|0|0|0|1|0,nibrs_srs_equivalent_annual,7.0,7,SHERMAN,special_jurisdiction,0.0,181,,fbi_cde_agency_roster,1.0,1.0,overlap,48:statewide_overlap_layer,0.9258197761422609,2,2,10.0,9.0,1.0,1.0,same_ori7_different_counts,T1_same_ori7_multiple_ori9
TX10176,TX1017600,TX,48,2020,1.0,0.0,9.0,2.0,0.0,0.0,1.0,13.0,0|0|1|1|0|9|2,srs_return_a_annual,5.0,0,ST THOMAS UNIVERSITY,special_jurisdiction,,201,35000,srs_agency_header,1.0,1.0,overlap,48:statewide_overlap_layer,40.800000000000004,2,2,14.0,13.0,1.0,1.0,same_ori7_different_counts,T1_same_ori7_multiple_ori9
TX10176,TX101769E,TX,48,2020,0.0,0.0,0.0,1.0,0.0,0.0,0.0,1.0,0|0|0|0|0|0|1,nibrs_srs_equivalent_annual,2.0,7,HOUSTON,special_jurisdiction,0.0,201,,fbi_cde_agency_roster,1.0,1.0,overlap,48:statewide_overlap_layer,34.0,2,2,14.0,13.0,1.0,1.0,same_ori7_different_counts,T1_same_ori7_multiple_ori9
VT01216,VT0121600,VT,50,2020,0.0,0.0,0.0,0.0,0.0,1.0,0.0,1.0,0|1|0|0|0|0|0,srs_return_a_annual,2.0,0,ATTORNEY GENERAL,special_jurisdiction,,023,46000,srs_agency_header,1.0,1.0,overlap,50:statewide_overlap_layer,18.0,2,1,2.0,1.0,1.0,1.0,identical_7_offense_vector,T1_same_ori7_multiple_ori9
VT01216,VT012165A,VT,50,2020,0.0,0.0,0.0,0.0,0.0,1.0,0.0,1.0,0|1|0|0|0|0|0,nibrs_srs_equivalent_annual,12.0,7,MONTPELIER,unknown,0.0,023,,fbi_cde_agency_roster,1.0,1.0,overlap,50:statewide_overlap_layer,3.0,2,1,2.0,1.0,1.0,1.0,identical_7_offense_vector,T1_same_ori7_multiple_ori9
MA00704,MA0070400,MA,25,2020,0.0,0.0,0.0,0.0,0.0,0.0,0.0,0.0,0|0|0|0|0|0|0,srs_return_a_annual,0.0,0,CHESTER,local_police,1388.0,013,13485,srs_agency_header,1.0,1.0,exclusive,25:municipal:cousub:2501313485,0.0,2,2,2.0,2.0,0.0,0.0,same_ori7_different_counts,T1_same_ori7_multiple_ori9
MA00704,MA007049E,MA,25,2020,0.0,1.0,1.0,0.0,0.0,0.0,0.0,2.0,0|0|0|0|1|1|0,nibrs_srs_equivalent_annual,4.0,7,SPRINGFIELD,special_jurisdiction,0.0,013,,fbi_cde_agency_roster,1.0,1.0,overlap,25:statewide_overlap_layer,13.0,2,2,2.0,2.0,0.0,0.0,same_ori7_different_counts,T1_same_ori7_multiple_ori9
TX22728,TX2272800,TX,48,2020,0.0,0.0,0.0,0.0,0.0,0.0,0.0,0.0,0|0|0|0|0|0|0,srs_return_a_annual,0.0,0,TX COMPTLR PUBLIC ACCTS,unknown,,453,,leaic_crosswalk,1.0,1.0,overlap,48:statewide_overlap_layer,33.216443875255294,2,2,17.0,17.0,0.0,0.0,same_ori7_different_counts,T1_same_ori7_multiple_ori9
TX22728,TX227289E,TX,48,2020,2.0,2.0,13.0,0.0,0.0,0.0,0.0,17.0,0|0|0|2|2|13|0,nibrs_srs_equivalent_annual,12.0,7,AUSTIN COMMUNITY COLLEGE DISTRICT,special_jurisdiction,0.0,453,,fbi_cde_agency_roster,1.0,1.0,overlap,48:statewide_overlap_layer,73.0,2,2,17.0,17.0,0.0,0.0,same_ori7_different_counts,T1_same_ori7_multiple_ori9
MI63190,MI6319000,MI,26,2019,585.0,315.0,875.0,110.0,10.0,66.0,108.0,2069.0,10|66|108|585|315|875|110,srs_return_a_annual,12.0,7,PONTIAC,unknown,,,,,1.0,1.0,exclusive,26:municipal:place:2665440,1619.0,2,2,4161.0,2092.0,2069.0,2069.0,near_identical_total_ge_085,T1_same_ori7_multiple_ori9
MI63190,MI631900X,MI,26,2019,591.0,315.0,881.0,112.0,10.0,71.0,112.0,2092.0,10|71|112|591|315|881|112,nibrs_srs_equivalent_annual,12.0,7,,local_police,61871.0,125,,fbi_cde_agency_roster,1.0,1.0,exclusive,26:state_nonmunicipal_remainder,1619.0,2,2,4161.0,2092.0,2069.0,2069.0,near_identical_total_ge_085,T1_same_ori7_multiple_ori9
MI63191,MI6319100,MI,26,2019,31.0,42.0,405.0,14.0,0.0,5.0,3.0,500.0,0|5|3|31|42|405|14,srs_return_a_annual,12.0,7,ROCHESTER HILLS,unknown,,,,,1.0,1.0,exclusive,26:municipal:place:2669035,474.0,2,2,1008.0,508.0,500.0,500.0,near_identical_total_ge_085,T1_same_ori7_multiple_ori9
MI63191,MI631910X,MI,26,2019,33.0,42.0,409.0,15.0,0.0,6.0,3.0,508.0,0|6|3|33|42|409|15,nibrs_srs_equivalent_annual,12.0,7,,local_police,75960.0,125,,fbi_cde_agency_roster,1.0,1.0,exclusive,26:municipal:place:2669035,474.0,2,2,1008.0,508.0,500.0,500.0,near_identical_total_ge_085,T1_same_ori7_multiple_ori9
NC03203,NC0320300,NC,37,2019,1.0,15.0,381.0,21.0,0.0,2.0,2.0,422.0,0|2|2|1|15|381|21,srs_return_a_annual,12.0,7,DUKE UNIVERSITY,special_jurisdiction,,063,19000,srs_agency_header,1.0,1.0,overlap,37:statewide_overlap_layer,322.0,2,2,846.0,424.0,422.0,422.0,near_identical_total_ge_085,T1_same_ori7_multiple_ori9
NC03203,NC032039E,NC,37,2019,1.0,15.0,383.0,21.0,0.0,2.0,2.0,424.0,0|2|2|1|15|383|21,nibrs_srs_equivalent_annual,12.0,7,DURHAM,special_jurisdiction,0.0,063,,fbi_cde_agency_roster,1.0,1.0,overlap,37:statewide_overlap_layer,322.0,2,2,846.0,424.0,422.0,422.0,near_identical_total_ge_085,T1_same_ori7_multiple_ori9
MA01330,MA0133000,MA,25,2019,2.0,17.0,365.0,7.0,0.0,8.0,1.0,400.0,0|8|1|2|17|365|7,srs_return_a_annual,12.0,7,BOSTON UNIVERSITY,special_jurisdiction,,025,07000,srs_agency_header,1.0,1.0,overlap,25:statewide_overlap_layer,446.0,2,2,803.0,403.0,400.0,400.0,near_identical_total_ge_085,T1_same_ori7_multiple_ori9
MA01330,MA013309E,MA,25,2019,2.0,17.0,368.0,7.0,0.0,8.0,1.0,403.0,0|8|1|2|17|368|7,nibrs_srs_equivalent_annual,12.0,7,BOSTON,special_jurisdiction,0.0,025,,fbi_cde_agency_roster,1.0,1.0,overlap,25:statewide_overlap_layer,446.0,2,2,803.0,403.0,400.0,400.0,near_identical_total_ge_085,T1_same_ori7_multiple_ori9
MI63183,MI6318300,MI,26,2019,17.0,19.0,176.0,6.0,1.0,4.0,4.0,227.0,1|4|4|17|19|176|6,srs_return_a_annual,12.0,7,COMMERCE TOWNSHIP,unknown,,,,,1.0,1.0,overlap,26:statewide_overlap_layer,264.0,2,2,456.0,229.0,227.0,227.0,near_identical_total_ge_085,T1_same_ori7_multiple_ori9
MI63183,MI631830X,MI,26,2019,17.0,19.0,177.0,6.0,1.0,5.0,4.0,229.0,1|5|4|17|19|177|6,nibrs_srs_equivalent_annual,12.0,7,,local_police,39878.0,125,,fbi_cde_agency_roster,1.0,1.0,exclusive,26:municipal:cousub:2612517640,264.0,2,2,456.0,229.0,227.0,227.0,near_identical_total_ge_085,T1_same_ori7_multiple_ori9
MI63185,MI6318500,MI,26,2019,29.0,18.0,149.0,12.0,0.0,2.0,3.0,213.0,0|2|3|29|18|149|12,srs_return_a_annual,12.0,7,INDEPENDENCE TOWNSHIP,unknown,,,,,1.0,1.0,overlap,26:statewide_overlap_layer,158.0,2,2,427.0,214.0,213.0,213.0,near_identical_total_ge_085,T1_same_ori7_multiple_ori9
MI63185,MI631850X,MI,26,2019,26.0,20.0,151.0,12.0,0.0,2.0,3.0,214.0,0|2|3|26|20|151|12,nibrs_srs_equivalent_annual,12.0,7,,local_police,37302.0,125,,fbi_cde_agency_roster,1.0,1.0,exclusive,26:municipal:cousub:2612540400,158.0,2,2,427.0,214.0,213.0,213.0,near_identical_total_ge_085,T1_same_ori7_multiple_ori9
MI63188,MI6318800,MI,26,2019,18.0,18.0,147.0,7.0,1.0,3.0,2.0,196.0,1|3|2|18|18|147|7,srs_return_a_annual,12.0,7,ORION TOWNSHIP,unknown,,,,,1.0,1.0,overlap,26:statewide_overlap_layer,158.0,2,2,394.0,198.0,196.0,196.0,near_identical_total_ge_085,T1_same_ori7_multiple_ori9
MI63188,MI631880X,MI,26,2019,18.0,18.0,148.0,7.0,1.0,4.0,2.0,198.0,1|4|2|18|18|148|7,nibrs_srs_equivalent_annual,12.0,7,,local_police,37125.0,125,,fbi_cde_agency_roster,1.0,1.0,exclusive,26:municipal:cousub:2612561100,158.0,2,2,394.0,198.0,196.0,196.0,near_identical_total_ge_085,T1_same_ori7_multiple_ori9
NC03404,NC0340400,NC,37,2019,1.0,14.0,138.0,8.0,0.0,0.0,0.0,161.0,0|0|0|1|14|138|8,srs_return_a_annual,12.0,7,WAKE FOREST UNIVERSITY,special_jurisdiction,,067,75000,srs_agency_header,1.0,1.0,overlap,37:statewide_overlap_layer,94.55982189438592,2,2,324.0,163.0,161.0,161.0,near_identical_total_ge_085,T1_same_ori7_multiple_ori9
NC03404,NC034049E,NC,37,2019,1.0,14.0,140.0,8.0,0.0,0.0,0.0,163.0,0|0|0|1|14|140|8,nibrs_srs_equivalent_annual,12.0,7,WINSTON SALEM,special_jurisdiction,0.0,067,,fbi_cde_agency_roster,1.0,1.0,overlap,37:statewide_overlap_layer,70.0,2,2,324.0,163.0,161.0,161.0,near_identical_total_ge_085,T1_same_ori7_multiple_ori9
GA04414,GA0441400,GA,13,2019,2.0,18.0,335.0,3.0,0.0,13.0,3.0,374.0,0|13|3|2|18|335|3,srs_return_a_annual,12.0,7,EMORY UNIVERSITY,constable_marshal,,089,23536,srs_agency_header,1.0,1.0,exclusive,13:municipal:place:1323536,318.0,2,2,531.0,374.0,157.0,157.0,same_ori7_different_counts,T1_same_ori7_multiple_ori9
GA04414,GA044149E,GA,13,2019,2.0,9.0,137.0,2.0,0.0,6.0,1.0,157.0,0|6|1|2|9|137|2,nibrs_srs_equivalent_annual,5.0,7,ATLANTA,special_jurisdiction,0.0,089,,fbi_cde_agency_roster,1.0,1.0,overlap,13:statewide_overlap_layer,318.0,2,2,531.0,374.0,157.0,157.0,same_ori7_different_counts,T1_same_ori7_multiple_ori9
MI63186,MI6318600,MI,26,2019,10.0,26.0,96.0,3.0,0.0,2.0,1.0,138.0,0|2|1|10|26|96|3,srs_return_a_annual,12.0,7,LYON TOWNSHIP,unknown,,,,,1.0,1.0,overlap,26:statewide_overlap_layer,77.0,2,2,279.0,141.0,138.0,138.0,near_identical_total_ge_085,T1_same_ori7_multiple_ori9
MI63186,MI631860X,MI,26,2019,12.0,26.0,97.0,3.0,0.0,2.0,1.0,141.0,0|2|1|12|26|97|3,nibrs_srs_equivalent_annual,12.0,7,,local_police,26094.0,125,,fbi_cde_agency_roster,1.0,1.0,exclusive,26:municipal:cousub:2612549820,77.0,2,2,279.0,141.0,138.0,138.0,near_identical_total_ge_085,T1_same_ori7_multiple_ori9
RI00423,RI0042300,RI,44,2019,0.0,24.0,108.0,0.0,0.0,0.0,0.0,132.0,0|0|0|0|24|108|0,srs_return_a_annual,12.0,7,BROWN UNIVERSITY,special_jurisdiction,,007,59000,srs_agency_header,1.0,1.0,overlap,44:statewide_overlap_layer,101.0,2,1,264.0,132.0,132.0,132.0,identical_7_offense_vector,T1_same_ori7_multiple_ori9
RI00423,RI004239E,RI,44,2019,0.0,24.0,108.0,0.0,0.0,0.0,0.0,132.0,0|0|0|0|24|108|0,nibrs_srs_equivalent_annual,12.0,7,PROVIDENCE,special_jurisdiction,0.0,007,,fbi_cde_agency_roster,1.0,1.0,overlap,44:statewide_overlap_layer,101.0,2,1,264.0,132.0,132.0,132.0,identical_7_offense_vector,T1_same_ori7_multiple_ori9
NH00927,NH0092700,NH,33,2019,0.0,12.0,100.0,0.0,0.0,6.0,2.0,120.0,0|6|2|0|12|100|0,srs_return_a_annual,12.0,7,UNIV OF NEW HAMPSHIRE,special_jurisdiction,,017,19620,srs_agency_header,1.0,1.0,overlap,33:statewide_overlap_layer,73.0,2,2,241.0,121.0,120.0,120.0,near_identical_total_ge_085,T1_same_ori7_multiple_ori9
NH00927,NH00927TZ,NH,33,2019,0.0,12.0,100.0,0.0,0.0,7.0,2.0,121.0,0|7|2|0|12|100|0,nibrs_srs_equivalent_annual,12.0,7,DURHAM,special_jurisdiction,0.0,017,,fbi_cde_agency_roster,1.0,1.0,overlap,33:statewide_overlap_layer,73.0,2,2,241.0,121.0,120.0,120.0,near_identical_total_ge_085,T1_same_ori7_multiple_ori9
UT02512,UT0251200,UT,49,2019,0.0,0.0,105.0,2.0,0.0,1.0,0.0,108.0,0|1|0|0|0|105|2,srs_return_a_annual,12.0,7,BRIGHAM YOUNG UNIVERSITY,special_jurisdiction,,049,62470,srs_agency_header,1.0,1.0,overlap,49:statewide_overlap_layer,85.0,2,2,218.0,110.0,108.0,108.0,near_identical_total_ge_085,T1_same_ori7_multiple_ori9
UT02512,UT025129E,UT,49,2019,0.0,0.0,107.0,2.0,0.0,1.0,0.0,110.0,0|1|0|0|0|107|2,nibrs_srs_equivalent_annual,12.0,7,PROVO,special_jurisdiction,0.0,049,,fbi_cde_agency_roster,1.0,1.0,overlap,49:statewide_overlap_layer,85.0,2,2,218.0,110.0,108.0,108.0,near_identical_total_ge_085,T1_same_ori7_multiple_ori9
MI63189,MI6318900,MI,26,2019,8.0,13.0,65.0,4.0,0.0,6.0,0.0,96.0,0|6|0|8|13|65|4,srs_return_a_annual,12.0,7,OXFORD TOWNSHIP,unknown,,,,,1.0,1.0,overlap,26:statewide_overlap_layer,57.0,2,1,192.0,96.0,96.0,96.0,identical_7_offense_vector,T1_same_ori7_multiple_ori9
MI63189,MI631890X,MI,26,2019,8.0,13.0,65.0,4.0,0.0,6.0,0.0,96.0,0|6|0|8|13|65|4,nibrs_srs_equivalent_annual,12.0,7,,local_police,19592.0,125,,fbi_cde_agency_roster,1.0,1.0,exclusive,26:municipal:cousub:2612562040,57.0,2,1,192.0,96.0,96.0,96.0,identical_7_offense_vector,T1_same_ori7_multiple_ori9
MI63184,MI6318400,MI,26,2019,6.0,13.0,52.0,10.0,0.0,2.0,0.0,83.0,0|2|0|6|13|52|10,srs_return_a_annual,12.0,7,HIGHLAND TOWNSHIP,unknown,,,,,1.0,1.0,overlap,26:statewide_overlap_layer,81.0,2,1,166.0,83.0,83.0,83.0,identical_7_offense_vector,T1_same_ori7_multiple_ori9
MI63184,MI631840X,MI,26,2019,6.0,13.0,52.0,10.0,0.0,2.0,0.0,83.0,0|2|0|6|13|52|10,nibrs_srs_equivalent_annual,12.0,7,,local_police,20302.0,125,,fbi_cde_agency_roster,1.0,1.0,exclusive,26:municipal:cousub:2612538080,81.0,2,1,166.0,83.0,83.0,83.0,identical_7_offense_vector,T1_same_ori7_multiple_ori9
MI63181,MI6318100,MI,26,2019,10.0,10.0,36.0,4.0,0.0,2.0,0.0,62.0,0|2|0|10|10|36|4,srs_return_a_annual,12.0,7,BRANDON TOWNSHIP,unknown,,,,,1.0,1.0,overlap,26:statewide_overlap_layer,36.0,2,2,125.0,63.0,62.0,62.0,near_identical_total_ge_085,T1_same_ori7_multiple_ori9
MI63181,MI631810X,MI,26,2019,10.0,10.0,37.0,4.0,0.0,2.0,0.0,63.0,0|2|0|10|10|37|4,nibrs_srs_equivalent_annual,12.0,7,,local_police,16161.0,125,,fbi_cde_agency_roster,1.0,1.0,exclusive,26:state_nonmunicipal_remainder,36.0,2,2,125.0,63.0,62.0,62.0,near_identical_total_ge_085,T1_same_ori7_multiple_ori9
GA01109,GA0110900,GA,13,2019,0.0,3.0,46.0,6.0,0.0,3.0,0.0,58.0,0|3|0|0|3|46|6,cius_publication_annual,12.0,7,MERCER UNIVERSITY,special_jurisdiction,,021,49000,srs_agency_header,1.0,1.0,overlap,13:statewide_overlap_layer,77.0,2,1,116.0,58.0,58.0,58.0,identical_7_offense_vector,T1_same_ori7_multiple_ori9
GA01109,GA011099E,GA,13,2019,0.0,3.0,46.0,6.0,0.0,3.0,0.0,58.0,0|3|0|0|3|46|6,nibrs_srs_equivalent_annual,12.0,7,MACON,special_jurisdiction,0.0,021,,fbi_cde_agency_roster,1.0,1.0,overlap,13:statewide_overlap_layer,77.0,2,1,116.0,58.0,58.0,58.0,identical_7_offense_vector,T1_same_ori7_multiple_ori9
IN04939,IN0493900,IN,18,2019,3.0,3.0,38.0,9.0,0.0,0.0,1.0,54.0,0|0|1|3|3|38|9,srs_return_a_annual,6.0,0,UNIVERSITY OF INDIANAPOL,unknown,,,,,1.0,1.0,overlap,18:statewide_overlap_layer,36.191405218686015,2,2,109.0,55.0,54.0,54.0,near_identical_total_ge_085,T1_same_ori7_multiple_ori9
IN04939,IN049399E,IN,18,2019,3.0,3.0,38.0,10.0,0.0,0.0,1.0,55.0,0|0|1|3|3|38|10,nibrs_srs_equivalent_annual,6.0,7,,special_jurisdiction,0.0,097,,fbi_cde_agency_roster,1.0,1.0,overlap,18:statewide_overlap_layer,27.0,2,2,109.0,55.0,54.0,54.0,near_identical_total_ge_085,T1_same_ori7_multiple_ori9
NC00106,NC0010600,NC,37,2019,0.0,8.0,41.0,2.0,0.0,1.0,0.0,52.0,0|1|0|0|8|41|2,srs_return_a_annual,12.0,7,ELON UNIVERSITY,special_jurisdiction,,001,21095,srs_agency_header,1.0,1.0,overlap,37:statewide_overlap_layer,58.0,2,1,104.0,52.0,52.0,52.0,identical_7_offense_vector,T1_same_ori7_multiple_ori9
NC00106,NC001069E,NC,37,2019,0.0,8.0,41.0,2.0,0.0,1.0,0.0,52.0,0|1|0|0|8|41|2,nibrs_srs_equivalent_annual,12.0,7,ELON,special_jurisdiction,0.0,001,,fbi_cde_agency_roster,1.0,1.0,overlap,37:statewide_overlap_layer,58.0,2,1,104.0,52.0,52.0,52.0,identical_7_offense_vector,T1_same_ori7_multiple_ori9
MA00826,MA0082600,MA,25,2019,0.0,6.0,42.0,0.0,0.0,2.0,0.0,50.0,0|2|0|0|6|42|0,cius_publication_annual,12.0,7,SMITH COLLEGE,special_jurisdiction,,015,64110,srs_agency_header,1.0,1.0,overlap,25:statewide_overlap_layer,7.0,2,1,100.0,50.0,50.0,50.0,identical_7_offense_vector,T1_same_ori7_multiple_ori9
MA00826,MA008269E,MA,25,2019,0.0,6.0,42.0,0.0,0.0,2.0,0.0,50.0,0|2|0|0|6|42|0,nibrs_srs_equivalent_annual,12.0,7,SOUTH HADLEY,special_jurisdiction,0.0,015,,fbi_cde_agency_roster,1.0,1.0,overlap,25:statewide_overlap_layer,7.0,2,1,100.0,50.0,50.0,50.0,identical_7_offense_vector,T1_same_ori7_multiple_ori9
NH00401,NH0040100,NH,33,2019,4.0,7.0,28.0,4.0,0.0,2.0,0.0,45.0,0|2|0|4|7|28|4,srs_return_a_annual,12.0,7,SP COOS COUNTY,state_law_enforcement,,007,99007,srs_agency_header,1.0,1.0,overlap,33:statewide_overlap_layer,22.909090909090907,2,2,111.0,66.0,45.0,45.0,same_ori7_different_counts,T1_same_ori7_multiple_ori9
NH00401,NH004010X,NH,33,2019,5.0,14.0,36.0,6.0,0.0,5.0,0.0,66.0,0|5|0|5|14|36|6,nibrs_srs_equivalent_annual,12.0,7,CONCORD,state_law_enforcement,7847.0,007,,fbi_cde_agency_roster,1.0,1.0,overlap,33:statewide_overlap_layer,21.0,2,2,111.0,66.0,45.0,45.0,same_ori7_different_counts,T1_same_ori7_multiple_ori9
MI63192,MI6319200,MI,26,2019,3.0,10.0,24.0,4.0,0.0,2.0,0.0,43.0,0|2|0|3|10|24|4,srs_return_a_annual,12.0,7,SPRINGFIELD TOWNSHIP,unknown,,,,,1.0,1.0,overlap,26:statewide_overlap_layer,62.0,2,1,86.0,43.0,43.0,43.0,identical_7_offense_vector,T1_same_ori7_multiple_ori9
MI63192,MI631920X,MI,26,2019,3.0,10.0,24.0,4.0,0.0,2.0,0.0,43.0,0|2|0|3|10|24|4,nibrs_srs_equivalent_annual,12.0,7,,local_police,14762.0,125,,fbi_cde_agency_roster,1.0,1.0,exclusive,26:municipal:cousub:2612575760,62.0,2,1,86.0,43.0,43.0,43.0,identical_7_offense_vector,T1_same_ori7_multiple_ori9
MI63187,MI6318700,MI,26,2019,0.0,14.0,23.0,1.0,0.0,2.0,0.0,40.0,0|2|0|0|14|23|1,srs_return_a_annual,12.0,7,OAKLAND TOWNSHIP,unknown,,,,,1.0,1.0,overlap,26:statewide_overlap_layer,41.0,2,1,80.0,40.0,40.0,40.0,identical_7_offense_vector,T1_same_ori7_multiple_ori9
MI63187,MI631870X,MI,26,2019,0.0,14.0,23.0,1.0,0.0,2.0,0.0,40.0,0|2|0|0|14|23|1,nibrs_srs_equivalent_annual,12.0,7,,local_police,20328.0,125,,fbi_cde_agency_roster,1.0,1.0,exclusive,26:municipal:cousub:2612559820,41.0,2,1,80.0,40.0,40.0,40.0,identical_7_offense_vector,T1_same_ori7_multiple_ori9
OH025A1,OH025A100,OH,39,2019,0.0,11.0,24.0,2.0,0.0,2.0,0.0,39.0,0|2|0|0|11|24|2,srs_return_a_annual,9.0,0,CAPITAL UNIVERSITY,special_jurisdiction,,049,06278,srs_agency_header,1.0,1.0,overlap,39:statewide_overlap_layer,12.651359502129004,2,2,82.0,43.0,39.0,39.0,near_identical_total_ge_085,T1_same_ori7_multiple_ori9
OH025A1,OH025A10X,OH,39,2019,0.0,13.0,24.0,2.0,0.0,4.0,0.0,43.0,0|4|0|0|13|24|2,nibrs_srs_equivalent_annual,12.0,7,BEXLEY,special_jurisdiction,0.0,049,,fbi_cde_agency_roster,1.0,1.0,overlap,39:statewide_overlap_layer,3.0,2,2,82.0,43.0,39.0,39.0,near_identical_total_ge_085,T1_same_ori7_multiple_ori9
MA00958,MA0095800,MA,25,2019,5.0,3.0,27.0,0.0,0.0,2.0,0.0,37.0,0|2|0|5|3|27|0,cius_publication_annual,12.0,7,BENTLEY UNIVERSITY,special_jurisdiction,,017,72600,srs_agency_header,1.0,1.0,overlap,25:statewide_overlap_layer,18.0,2,2,75.0,38.0,37.0,37.0,near_identical_total_ge_085,T1_same_ori7_multiple_ori9
MA00958,MA009589E,MA,25,2019,5.0,3.0,27.0,0.0,0.0,3.0,0.0,38.0,0|3|0|5|3|27|0,nibrs_srs_equivalent_annual,12.0,7,WALTHAM,special_jurisdiction,0.0,017,,fbi_cde_agency_roster,1.0,1.0,overlap,25:statewide_overlap_layer,18.0,2,2,75.0,38.0,37.0,37.0,near_identical_total_ge_085,T1_same_ori7_multiple_ori9
MA00964,MA0096400,MA,25,2019,3.0,3.0,31.0,0.0,0.0,0.0,0.0,37.0,0|0|0|3|3|31|0,srs_return_a_annual,10.0,0,TUFTS UNIVERSITY MEDFORD,special_jurisdiction,,017,39835,srs_agency_header,1.0,1.0,overlap,25:statewide_overlap_layer,38.89490703935574,2,1,74.0,37.0,37.0,37.0,identical_7_offense_vector,T1_same_ori7_multiple_ori9
MA00964,MA009649E,MA,25,2019,3.0,3.0,31.0,0.0,0.0,0.0,0.0,37.0,0|0|0|3|3|31|0,nibrs_srs_equivalent_annual,12.0,7,MEDFORD,special_jurisdiction,0.0,017,,fbi_cde_agency_roster,1.0,1.0,overlap,25:statewide_overlap_layer,34.0,2,1,74.0,37.0,37.0,37.0,identical_7_offense_vector,T1_same_ori7_multiple_ori9
TX01534,TX0153400,TX,48,2019,2.0,2.0,29.0,1.0,0.0,2.0,0.0,36.0,0|2|0|2|2|29|1,cius_publication_annual,12.0,7,ST MARY S UNIVERSITY,special_jurisdiction,,029,65000,srs_agency_header,1.0,1.0,overlap,48:statewide_overlap_layer,30.0,2,1,72.0,36.0,36.0,36.0,identical_7_offense_vector,T1_same_ori7_multiple_ori9
TX01534,TX015349E,TX,48,2019,2.0,2.0,29.0,1.0,0.0,2.0,0.0,36.0,0|2|0|2|2|29|1,nibrs_srs_equivalent_annual,12.0,7,SAN ANTONIO,special_jurisdiction,0.0,029,,fbi_cde_agency_roster,1.0,1.0,overlap,48:statewide_overlap_layer,31.0,2,1,72.0,36.0,36.0,36.0,identical_7_offense_vector,T1_same_ori7_multiple_ori9
NH00501,NH0050100,NH,33,2019,0.0,11.0,19.0,2.0,0.0,2.0,1.0,35.0,0|2|1|0|11|19|2,srs_return_a_annual,12.0,7,SP GRAFTON COUNTY,state_law_enforcement,,009,99009,srs_agency_header,1.0,1.0,overlap,33:statewide_overlap_layer,38.0,2,2,87.0,52.0,35.0,35.0,same_ori7_different_counts,T1_same_ori7_multiple_ori9
NH00501,NH005010X,NH,33,2019,2.0,16.0,25.0,3.0,0.0,5.0,1.0,52.0,0|5|1|2|16|25|3,nibrs_srs_equivalent_annual,12.0,7,CONCORD,state_law_enforcement,11292.0,009,,fbi_cde_agency_roster,1.0,1.0,overlap,33:statewide_overlap_layer,38.0,2,2,87.0,52.0,35.0,35.0,same_ori7_different_counts,T1_same_ori7_multiple_ori9
CO03401,CO0340100,CO,08,2019,55.0,73.0,508.0,30.0,0.0,13.0,7.0,686.0,0|13|7|55|73|508|30,cius_publication_annual,12.0,7,DURANGO,local_police,19995.0,067,22035,srs_agency_header,1.0,1.0,exclusive,08:municipal:place:0822035,661.2671539873213,2,2,718.0,686.0,32.0,32.0,same_ori7_different_counts,T1_same_ori7_multiple_ori9
CO03401,CO034019E,CO,08,2019,0.0,7.0,20.0,0.0,0.0,5.0,0.0,32.0,0|5|0|0|7|20|0,nibrs_srs_equivalent_annual,12.0,7,DURANGO,special_jurisdiction,0.0,067,,fbi_cde_agency_roster,1.0,1.0,overlap,08:statewide_overlap_layer,29.0,2,2,718.0,686.0,32.0,32.0,same_ori7_different_counts,T1_same_ori7_multiple_ori9
GA05706,GA0570600,GA,13,2019,0.0,9.0,23.0,0.0,0.0,0.0,0.0,32.0,0|0|0|0|9|23|0,srs_return_a_annual,12.0,7,BERRY COLLEGE,special_jurisdiction,,115,53312,srs_agency_header,1.0,1.0,overlap,13:statewide_overlap_layer,26.08825126017836,2,2,70.0,38.0,32.0,32.0,same_ori7_different_counts,T1_same_ori7_multiple_ori9
GA05706,GA057069E,GA,13,2019,0.0,13.0,25.0,0.0,0.0,0.0,0.0,38.0,0|0|0|0|13|25|0,nibrs_srs_equivalent_annual,11.0,7,MOUNT BERRY,special_jurisdiction,0.0,115,,fbi_cde_agency_roster,1.0,1.0,overlap,13:statewide_overlap_layer,17.0,2,2,70.0,38.0,32.0,32.0,same_ori7_different_counts,T1_same_ori7_multiple_ori9
IN04940,IN0494000,IN,18,2019,0.0,2.0,29.0,0.0,0.0,1.0,0.0,32.0,0|1|0|0|2|29|0,srs_return_a_annual,3.0,0,BUTLER UNIVERSITY,special_jurisdiction,,097,36003,srs_agency_header,1.0,1.0,overlap,18:statewide_overlap_layer,,2,1,64.0,32.0,32.0,32.0,identical_7_offense_vector,T1_same_ori7_multiple_ori9
IN04940,IN049409E,IN,18,2019,0.0,2.0,29.0,0.0,0.0,1.0,0.0,32.0,0|1|0|0|2|29|0,nibrs_srs_equivalent_annual,3.0,7,INDIANAPOLIS,special_jurisdiction,0.0,097,,fbi_cde_agency_roster,1.0,1.0,overlap,18:statewide_overlap_layer,36.28522670564398,2,1,64.0,32.0,32.0,32.0,identical_7_offense_vector,T1_same_ori7_multiple_ori9
MA00828,MA0082800,MA,25,2019,0.0,10.0,28.0,5.0,0.0,6.0,0.0,49.0,0|6|0|0|10|28|5,srs_return_a_annual,8.0,0,AMHERST COLLEGE,special_jurisdiction,,015,01325,srs_agency_header,1.0,1.0,overlap,25:statewide_overlap_layer,25.0,2,2,80.0,49.0,31.0,31.0,same_ori7_different_counts,T1_same_ori7_multiple_ori9
MA00828,MA008289E,MA,25,2019,0.0,8.0,17.0,4.0,0.0,2.0,0.0,31.0,0|2|0|0|8|17|4,nibrs_srs_equivalent_annual,5.0,7,AMHERST,special_jurisdiction,0.0,015,,fbi_cde_agency_roster,1.0,1.0,overlap,25:statewide_overlap_layer,25.0,2,2,80.0,49.0,31.0,31.0,same_ori7_different_counts,T1_same_ori7_multiple_ori9
NC02608,NC0260800,NC,37,2019,0.0,9.0,21.0,0.0,0.0,1.0,0.0,31.0,0|1|0|0|9|21|0,srs_return_a_annual,9.0,0,METHODIST UNIVERSITY,special_jurisdiction,,051,22920,srs_agency_header,1.0,1.0,overlap,37:statewide_overlap_layer,13.0,2,1,62.0,31.0,31.0,31.0,identical_7_offense_vector,T1_same_ori7_multiple_ori9
NC02608,NC026089E,NC,37,2019,0.0,9.0,21.0,0.0,0.0,1.0,0.0,31.0,0|1|0|0|9|21|0,nibrs_srs_equivalent_annual,11.0,7,FAYETTEVILLE,special_jurisdiction,0.0,051,,fbi_cde_agency_roster,1.0,1.0,overlap,37:statewide_overlap_layer,13.0,2,1,62.0,31.0,31.0,31.0,identical_7_offense_vector,T1_same_ori7_multiple_ori9
MA00326,MA0032600,MA,25,2019,0.0,2.0,27.0,0.0,0.0,0.0,0.0,29.0,0|0|0|0|2|27|0,srs_return_a_annual,8.0,0,WHEATON COLLEGE,unknown,,,,,1.0,1.0,overlap,25:statewide_overlap_layer,12.0,2,1,58.0,29.0,29.0,29.0,identical_7_offense_vector,T1_same_ori7_multiple_ori9
MA00326,MA003269E,MA,25,2019,0.0,2.0,27.0,0.0,0.0,0.0,0.0,29.0,0|0|0|0|2|27|0,nibrs_srs_equivalent_annual,11.0,7,NORTON,special_jurisdiction,0.0,005,,fbi_cde_agency_roster,1.0,1.0,overlap,25:statewide_overlap_layer,1.0,2,1,58.0,29.0,29.0,29.0,identical_7_offense_vector,T1_same_ori7_multiple_ori9
MA01470,MA0147000,MA,25,2019,0.0,5.0,17.0,1.0,0.0,5.0,0.0,28.0,0|5|0|0|5|17|1,cius_publication_annual,12.0,7,ASSUMPTION COLLEGE,special_jurisdiction,,027,82000,srs_agency_header,1.0,1.0,overlap,25:statewide_overlap_layer,20.0,2,1,56.0,28.0,28.0,28.0,identical_7_offense_vector,T1_same_ori7_multiple_ori9
MA01470,MA014709E,MA,25,2019,0.0,5.0,17.0,1.0,0.0,5.0,0.0,28.0,0|5|0|0|5|17|1,nibrs_srs_equivalent_annual,12.0,7,WORCESTER,special_jurisdiction,0.0,027,,fbi_cde_agency_roster,1.0,1.0,overlap,25:statewide_overlap_layer,20.0,2,1,56.0,28.0,28.0,28.0,identical_7_offense_vector,T1_same_ori7_multiple_ori9
NH00701,NH0070100,NH,33,2019,4.0,3.0,14.0,4.0,0.0,1.0,1.0,27.0,0|1|1|4|3|14|4,srs_return_a_annual,11.0,0,SP MERRIMACK COUNTY,state_law_enforcement,,013,99013,srs_agency_header,1.0,1.0,overlap,33:statewide_overlap_layer,35.0,2,2,64.0,37.0,27.0,27.0,same_ori7_different_counts,T1_same_ori7_multiple_ori9
NH00701,NH007010X,NH,33,2019,4.0,6.0,19.0,5.0,0.0,2.0,1.0,37.0,0|2|1|4|6|19|5,nibrs_srs_equivalent_annual,12.0,7,CONCORD,state_law_enforcement,6979.0,013,,fbi_cde_agency_roster,1.0,1.0,overlap,33:statewide_overlap_layer,35.0,2,2,64.0,37.0,27.0,27.0,same_ori7_different_counts,T1_same_ori7_multiple_ori9
NH00301,NH0030100,NH,33,2019,2.0,8.0,5.0,3.0,0.0,3.0,1.0,22.0,0|3|1|2|8|5|3,srs_return_a_annual,12.0,7,SP CHESHIRE COUNTY,state_law_enforcement,,005,99005,srs_agency_header,1.0,1.0,overlap,33:statewide_overlap_layer,25.0,2,2,50.0,28.0,22.0,22.0,same_ori7_different_counts,T1_same_ori7_multiple_ori9
NH00301,NH003010X,NH,33,2019,4.0,9.0,7.0,3.0,0.0,4.0,1.0,28.0,0|4|1|4|9|7|3,nibrs_srs_equivalent_annual,12.0,7,CONCORD,state_law_enforcement,9368.0,005,,fbi_cde_agency_roster,1.0,1.0,overlap,33:statewide_overlap_layer,25.0,2,2,50.0,28.0,22.0,22.0,same_ori7_different_counts,T1_same_ori7_multiple_ori9
MA01339,MA0133900,MA,25,2019,0.0,0.0,19.0,0.0,0.0,2.0,0.0,21.0,0|2|0|0|0|19|0,srs_return_a_annual,9.0,0,TUFTS UNIVERSITY SUFFOLK,special_jurisdiction,,017,07000,srs_agency_header,1.0,1.0,overlap,25:statewide_overlap_layer,18.0,2,1,42.0,21.0,21.0,21.0,identical_7_offense_vector,T1_same_ori7_multiple_ori9
MA01339,MA013390X,MA,25,2019,0.0,0.0,19.0,0.0,0.0,2.0,0.0,21.0,0|2|0|0|0|19|0,nibrs_srs_equivalent_annual,12.0,7,BOSTON,special_jurisdiction,0.0,017,,fbi_cde_agency_roster,1.0,1.0,overlap,25:statewide_overlap_layer,9.0,2,1,42.0,21.0,21.0,21.0,identical_7_offense_vector,T1_same_ori7_multiple_ori9
MI63180,MI6318000,MI,26,2019,2.0,4.0,9.0,2.0,0.0,2.0,2.0,21.0,0|2|2|2|4|9|2,srs_return_a_annual,12.0,7,ADDISON TOWNSHIP,unknown,,,,,1.0,1.0,overlap,26:statewide_overlap_layer,4.806776004117353,2,1,42.0,21.0,21.0,21.0,identical_7_offense_vector,T1_same_ori7_multiple_ori9
MI63180,MI631800X,MI,26,2019,2.0,4.0,9.0,2.0,0.0,2.0,2.0,21.0,0|2|2|2|4|9|2,nibrs_srs_equivalent_annual,12.0,7,,local_police,6653.0,125,,fbi_cde_agency_roster,1.0,1.0,exclusive,26:state_nonmunicipal_remainder,2.0,2,1,42.0,21.0,21.0,21.0,identical_7_offense_vector,T1_same_ori7_multiple_ori9
MA01130,MA0113000,MA,25,2019,2.0,0.0,28.0,0.0,0.0,2.0,0.0,32.0,0|2|0|2|0|28|0,srs_return_a_annual,12.0,7,BABSON COLLEGE,unknown,,021,,leaic_crosswalk,1.0,1.0,overlap,25:statewide_overlap_layer,58.28571428571428,2,2,52.0,32.0,20.0,20.0,same_ori7_different_counts,T1_same_ori7_multiple_ori9
MA01130,MA011309E,MA,25,2019,2.0,0.0,18.0,0.0,0.0,0.0,0.0,20.0,0|0|0|2|0|18|0,nibrs_srs_equivalent_annual,5.0,7,WELLESLEY,special_jurisdiction,0.0,021,,fbi_cde_agency_roster,1.0,1.0,overlap,25:statewide_overlap_layer,34.0,2,2,52.0,32.0,20.0,20.0,same_ori7_different_counts,T1_same_ori7_multiple_ori9
MA01131,MA0113100,MA,25,2019,0.0,5.0,14.0,0.0,0.0,0.0,0.0,19.0,0|0|0|0|5|14|0,cius_publication_annual,12.0,7,DEAN COLLEGE,special_jurisdiction,,021,25100,srs_agency_header,1.0,1.0,overlap,25:statewide_overlap_layer,4.0,2,1,38.0,19.0,19.0,19.0,identical_7_offense_vector,T1_same_ori7_multiple_ori9
MA01131,MA011319E,MA,25,2019,0.0,5.0,14.0,0.0,0.0,0.0,0.0,19.0,0|0|0|0|5|14|0,nibrs_srs_equivalent_annual,12.0,7,FRANKLIN,special_jurisdiction,0.0,021,,fbi_cde_agency_roster,1.0,1.0,overlap,25:statewide_overlap_layer,4.0,2,1,38.0,19.0,19.0,19.0,identical_7_offense_vector,T1_same_ori7_multiple_ori9
NH01001,NH0100100,NH,33,2019,3.0,7.0,5.0,3.0,0.0,1.0,0.0,19.0,0|1|0|3|7|5|3,srs_return_a_annual,12.0,7,SP SULLIVAN COUNTY,state_law_enforcement,,019,99019,srs_agency_header,1.0,1.0,overlap,33:statewide_overlap_layer,24.39830508474576,2,2,44.0,25.0,19.0,19.0,same_ori7_different_counts,T1_same_ori7_multiple_ori9
NH01001,NH010010X,NH,33,2019,3.0,10.0,5.0,6.0,0.0,1.0,0.0,25.0,0|1|0|3|10|5|6,nibrs_srs_equivalent_annual,12.0,7,CONCORD,state_law_enforcement,2761.0,019,,fbi_cde_agency_roster,1.0,1.0,overlap,33:statewide_overlap_layer,20.0,2,2,44.0,25.0,19.0,19.0,same_ori7_different_counts,T1_same_ori7_multiple_ori9
TN07927,TN0792700,TN,47,2019,0.0,3.0,13.0,1.0,0.0,0.0,0.0,17.0,0|0|0|0|3|13|1,srs_return_a_annual,10.0,0,CHRISTIAN BROTHERS UNIV,special_jurisdiction,,157,48000,srs_agency_header,1.0,1.0,overlap,47:statewide_overlap_layer,12.0,2,1,34.0,17.0,17.0,17.0,identical_7_offense_vector,T1_same_ori7_multiple_ori9
TN07927,TN079279E,TN,47,2019,0.0,3.0,13.0,1.0,0.0,0.0,0.0,17.0,0|0|0|0|3|13|1,nibrs_srs_equivalent_annual,12.0,7,MEMPHIS,special_jurisdiction,0.0,157,,fbi_cde_agency_roster,1.0,1.0,overlap,47:statewide_overlap_layer,8.0,2,1,34.0,17.0,17.0,17.0,identical_7_offense_vector,T1_same_ori7_multiple_ori9
DE00215,DE0021500,DE,10,2019,0.0,0.0,14.0,2.0,0.0,0.0,0.0,16.0,0|0|0|0|0|14|2,srs_return_a_annual,9.0,0,AMTRAK POLICE,special_jurisdiction,,003,99003,srs_agency_header,1.0,1.0,overlap,10:statewide_overlap_layer,9.0,2,2,33.0,17.0,16.0,16.0,near_identical_total_ge_085,T1_same_ori7_multiple_ori9
DE00215,DE002159E,DE,10,2019,0.0,0.0,15.0,2.0,0.0,0.0,0.0,17.0,0|0|0|0|0|15|2,nibrs_srs_equivalent_annual,12.0,7,WILMINGTON,unknown,0.0,003,,fbi_cde_agency_roster,1.0,1.0,overlap,10:statewide_overlap_layer,6.0,2,2,33.0,17.0,16.0,16.0,near_identical_total_ge_085,T1_same_ori7_multiple_ori9
TX22002,TX2200200,TX,48,2019,10.0,41.0,177.0,18.0,0.0,0.0,4.0,250.0,0|0|4|10|41|177|18,cius_publication_annual,12.0,7,AZLE,local_police,14961.0,439,05168,srs_agency_header,1.0,1.0,exclusive,48:municipal:place:4805168,281.0,2,2,262.0,250.0,12.0,12.0,same_ori7_different_counts,T1_same_ori7_multiple_ori9
TX22002,TX220029E,TX,48,2019,0.0,1.0,11.0,0.0,0.0,0.0,0.0,12.0,0|0|0|0|1|11|0,nibrs_srs_equivalent_annual,11.0,7,SOUTHWESTERN BAPTIST THEOLOGICAL SEMINARY,special_jurisdiction,0.0,439,,fbi_cde_agency_roster,1.0,1.0,overlap,48:statewide_overlap_layer,33.0,2,2,262.0,250.0,12.0,12.0,same_ori7_different_counts,T1_same_ori7_multiple_ori9
VA08209,VA0820900,VA,51,2019,3.0,1.0,8.0,0.0,0.0,0.0,0.0,12.0,0|0|0|3|1|8|0,srs_return_a_annual,9.0,0,BRIDGEWATER COLLEGE,unknown,,,,,1.0,1.0,overlap,51:statewide_overlap_layer,,2,1,24.0,12.0,12.0,12.0,identical_7_offense_vector,T1_same_ori7_multiple_ori9
VA08209,VA082099E,VA,51,2019,3.0,1.0,8.0,0.0,0.0,0.0,0.0,12.0,0|0|0|3|1|8|0,nibrs_srs_equivalent_annual,12.0,7,BRIDGEWATER,special_jurisdiction,0.0,,,,1.0,1.0,overlap,51:statewide_overlap_layer,10.980343186974054,2,1,24.0,12.0,12.0,12.0,identical_7_offense_vector,T1_same_ori7_multiple_ori9
TN01941,TN0194100,TN,47,2019,11.0,0.0,0.0,0.0,0.0,0.0,0.0,11.0,0|0|0|11|0|0|0,srs_return_a_annual,7.0,0,DEPT OF CORRECTION INT A,special_jurisdiction,,037,52006,srs_agency_header,1.0,1.0,overlap,47:statewide_overlap_layer,62.0,2,1,22.0,11.0,11.0,11.0,identical_7_offense_vector,T1_same_ori7_multiple_ori9
TN01941,TN019410X,TN,47,2019,11.0,0.0,0.0,0.0,0.0,0.0,0.0,11.0,0|0|0|11|0|0|0,nibrs_srs_equivalent_annual,12.0,7,NASHVILLE,unknown,0.0,037,,fbi_cde_agency_roster,1.0,1.0,overlap,47:statewide_overlap_layer,62.0,2,1,22.0,11.0,11.0,11.0,identical_7_offense_vector,T1_same_ori7_multiple_ori9
FL01395,FL0139500,FL,12,2019,22.0,71.0,540.0,38.0,0.0,9.0,12.0,692.0,0|9|12|22|71|540|38,cius_publication_annual,12.0,7,PALMETTO BAY,local_police,,086,54275,srs_agency_header,1.0,1.0,exclusive,12:municipal:place:1254275,529.0,2,2,701.0,692.0,9.0,9.0,same_ori7_different_counts,T1_same_ori7_multiple_ori9
FL01395,FL013950X,FL,12,2019,1.0,0.0,1.0,0.0,0.0,7.0,0.0,9.0,0|7|0|1|0|1|0,nibrs_srs_equivalent_annual,7.0,7,MIAMI,local_police,24890.0,086,,fbi_cde_agency_roster,1.0,1.0,exclusive,12:municipal:place:1245000,525.0,2,2,701.0,692.0,9.0,9.0,same_ori7_different_counts,T1_same_ori7_multiple_ori9
MA00967,MA0096700,MA,25,2019,1.0,1.0,5.0,0.0,0.0,2.0,0.0,9.0,0|2|0|1|1|5|0,srs_return_a_annual,7.0,0,LASELL COLLEGE,special_jurisdiction,,017,02830,srs_agency_header,1.0,1.0,overlap,25:statewide_overlap_layer,1.0,2,1,18.0,9.0,9.0,9.0,identical_7_offense_vector,T1_same_ori7_multiple_ori9
MA00967,MA009679E,MA,25,2019,1.0,1.0,5.0,0.0,0.0,2.0,0.0,9.0,0|2|0|1|1|5|0,nibrs_srs_equivalent_annual,12.0,7,AUBURNDALE,special_jurisdiction,0.0,017,,fbi_cde_agency_roster,1.0,1.0,overlap,25:statewide_overlap_layer,1.0,2,1,18.0,9.0,9.0,9.0,identical_7_offense_vector,T1_same_ori7_multiple_ori9
TN01305,TN0130500,TN,47,2019,1.0,1.0,6.0,0.0,0.0,0.0,0.0,8.0,0|0|0|1|1|6|0,srs_return_a_annual,7.0,0,LINCOLN MEMORIAL UNIVERS,unknown,,,,,1.0,1.0,overlap,47:statewide_overlap_layer,7.199999999999999,2,1,16.0,8.0,8.0,8.0,identical_7_offense_vector,T1_same_ori7_multiple_ori9
TN01305,TN013059E,TN,47,2019,1.0,1.0,6.0,0.0,0.0,0.0,0.0,8.0,0|0|0|1|1|6|0,nibrs_srs_equivalent_annual,12.0,7,HARROGATE,special_jurisdiction,0.0,025,,fbi_cde_agency_roster,1.0,1.0,overlap,47:statewide_overlap_layer,3.0,2,1,16.0,8.0,8.0,8.0,identical_7_offense_vector,T1_same_ori7_multiple_ori9
NH00201,NH0020100,NH,33,2019,0.0,0.0,2.0,5.0,0.0,0.0,0.0,7.0,0|0|0|0|0|2|5,srs_return_a_annual,9.0,0,SP CARROLL COUNTY,state_law_enforcement,,003,99003,srs_agency_header,1.0,1.0,overlap,33:statewide_overlap_layer,10.793125365930592,2,2,14.0,7.0,7.0,7.0,near_identical_total_ge_085,T1_same_ori7_multiple_ori9
NH00201,NH002010X,NH,33,2019,0.0,1.0,1.0,5.0,0.0,0.0,0.0,7.0,0|0|0|0|1|1|5,nibrs_srs_equivalent_annual,12.0,7,CONCORD,state_law_enforcement,0.0,003,,fbi_cde_agency_roster,1.0,1.0,overlap,33:statewide_overlap_layer,4.0,2,2,14.0,7.0,7.0,7.0,near_identical_total_ge_085,T1_same_ori7_multiple_ori9
OH06013,OH0601300,OH,39,2019,0.0,3.0,4.0,0.0,0.0,0.0,0.0,7.0,0|0|0|0|3|4|0,srs_return_a_annual,3.0,0,MUSKINGUM UNIVERSITY,special_jurisdiction,,119,54446,srs_agency_header,1.0,1.0,overlap,39:statewide_overlap_layer,6.0,2,1,14.0,7.0,7.0,7.0,identical_7_offense_vector,T1_same_ori7_multiple_ori9
OH06013,OH060139E,OH,39,2019,0.0,3.0,4.0,0.0,0.0,0.0,0.0,7.0,0|0|0|0|3|4|0,nibrs_srs_equivalent_annual,6.0,7,NEW CONCORD,special_jurisdiction,0.0,119,,fbi_cde_agency_roster,1.0,1.0,overlap,39:statewide_overlap_layer,1.0,2,1,14.0,7.0,7.0,7.0,identical_7_offense_vector,T1_same_ori7_multiple_ori9
SC04216,SC0421600,SC,45,2019,0.0,0.0,6.0,0.0,0.0,1.0,0.0,7.0,0|1|0|0|0|6|0,srs_return_a_annual,4.0,0,SPARTANBURG METHODIST CO,special_jurisdiction,,083,99083,srs_agency_header,1.0,1.0,overlap,45:statewide_overlap_layer,26.399999999999995,2,1,14.0,7.0,7.0,7.0,identical_7_offense_vector,T1_same_ori7_multiple_ori9
SC04216,SC042169E,SC,45,2019,0.0,0.0,6.0,0.0,0.0,1.0,0.0,7.0,0|1|0|0|0|6|0,nibrs_srs_equivalent_annual,10.0,7,SPARTANBURG,special_jurisdiction,0.0,083,,fbi_cde_agency_roster,1.0,1.0,overlap,45:statewide_overlap_layer,22.0,2,1,14.0,7.0,7.0,7.0,identical_7_offense_vector,T1_same_ori7_multiple_ori9
FL01367,FL0136700,FL,12,2019,56.0,63.0,1172.0,93.0,3.0,7.0,28.0,1422.0,3|7|28|56|63|1172|93,srs_return_a_annual,12.0,7,CUTLER BAY,local_police,,086,15968,srs_agency_header,1.0,1.0,exclusive,12:municipal:place:1215968,662.0,2,2,1428.0,1422.0,6.0,6.0,same_ori7_different_counts,T1_same_ori7_multiple_ori9
FL01367,FL013670X,FL,12,2019,0.0,0.0,3.0,0.0,0.0,3.0,0.0,6.0,0|3|0|0|0|3|0,nibrs_srs_equivalent_annual,4.0,7,CUTLER BAY,local_police,45807.0,086,,fbi_cde_agency_roster,1.0,1.0,exclusive,12:municipal:place:1215968,654.0,2,2,1428.0,1422.0,6.0,6.0,same_ori7_different_counts,T1_same_ori7_multiple_ori9
WA03422,WA0342200,WA,53,2019,0.0,0.0,6.0,0.0,0.0,0.0,0.0,6.0,0|0|0|0|0|6|0,srs_return_a_annual,5.0,0,ST INSUR CMSNR SPC INV U,special_jurisdiction,,067,72905,srs_agency_header,1.0,1.0,overlap,53:statewide_overlap_layer,,2,1,12.0,6.0,6.0,6.0,identical_7_offense_vector,T1_same_ori7_multiple_ori9
WA03422,WA034225Y,WA,53,2019,0.0,0.0,6.0,0.0,0.0,0.0,0.0,6.0,0|0|0|0|0|6|0,nibrs_srs_equivalent_annual,12.0,7,TUMWATER,unknown,0.0,067,,fbi_cde_agency_roster,1.0,1.0,overlap,53:statewide_overlap_layer,0.242518244121834,2,1,12.0,6.0,6.0,6.0,identical_7_offense_vector,T1_same_ori7_multiple_ori9
NH00601,NH0060100,NH,33,2019,2.0,0.0,2.0,1.0,0.0,0.0,0.0,5.0,0|0|0|2|0|2|1,srs_return_a_annual,9.0,0,SP HILLSBOROUGH COUNTY,state_law_enforcement,,011,99011,srs_agency_header,1.0,1.0,overlap,33:statewide_overlap_layer,6.124119557522602,2,2,11.0,6.0,5.0,5.0,same_ori7_different_counts,T1_same_ori7_multiple_ori9
NH00601,NH006010X,NH,33,2019,1.0,0.0,4.0,1.0,0.0,0.0,0.0,6.0,0|0|0|1|0|4|1,nibrs_srs_equivalent_annual,12.0,7,CONCORD,state_law_enforcement,5989.0,011,,fbi_cde_agency_roster,1.0,1.0,overlap,33:statewide_overlap_layer,4.0,2,2,11.0,6.0,5.0,5.0,same_ori7_different_counts,T1_same_ori7_multiple_ori9
MA00962,MA0096200,MA,25,2019,5.0,48.0,391.0,3.0,0.0,2.0,2.0,451.0,0|2|2|5|48|391|3,srs_return_a_annual,12.0,7,HARVARD UNIVERSITY,special_jurisdiction,,017,11000,srs_agency_header,1.0,1.0,overlap,25:statewide_overlap_layer,584.0,2,2,455.0,451.0,4.0,4.0,same_ori7_different_counts,T1_same_ori7_multiple_ori9
MA00962,MA009629E,MA,25,2019,0.0,2.0,2.0,0.0,0.0,0.0,0.0,4.0,0|0|0|0|2|2|0,nibrs_srs_equivalent_annual,3.0,7,CAMBRIDGE,special_jurisdiction,0.0,017,,fbi_cde_agency_roster,1.0,1.0,overlap,25:statewide_overlap_layer,584.0,2,2,455.0,451.0,4.0,4.0,same_ori7_different_counts,T1_same_ori7_multiple_ori9
MI63182,MI6318200,MI,26,2019,1.0,0.0,3.0,0.0,0.0,0.0,0.0,4.0,0|0|0|1|0|3|0,srs_return_a_annual,6.0,0,CLARKSTON,unknown,,,,,1.0,1.0,overlap,26:statewide_overlap_layer,14.0,2,1,8.0,4.0,4.0,4.0,identical_7_offense_vector,T1_same_ori7_multiple_ori9
MI63182,MI631820X,MI,26,2019,1.0,0.0,3.0,0.0,0.0,0.0,0.0,4.0,0|0|0|1|0|3|0,nibrs_srs_equivalent_annual,12.0,7,,local_police,926.0,125,,fbi_cde_agency_roster,1.0,1.0,exclusive,26:municipal:place:2682450,7.0,2,1,8.0,4.0,4.0,4.0,identical_7_offense_vector,T1_same_ori7_multiple_ori9
NH00801,NH0080100,NH,33,2019,1.0,0.0,1.0,1.0,1.0,0.0,0.0,4.0,1|0|0|1|0|1|1,srs_return_a_annual,9.0,0,SP ROCKINGHAM COUNTY,state_law_enforcement,,015,99015,srs_agency_header,1.0,1.0,overlap,33:statewide_overlap_layer,15.272727272727272,2,2,11.0,7.0,4.0,4.0,same_ori7_different_counts,T1_same_ori7_multiple_ori9
NH00801,NH008010X,NH,33,2019,1.0,2.0,2.0,1.0,1.0,0.0,0.0,7.0,1|0|0|1|2|2|1,nibrs_srs_equivalent_annual,12.0,7,CONCORD,state_law_enforcement,0.0,015,,fbi_cde_agency_roster,1.0,1.0,overlap,33:statewide_overlap_layer,14.0,2,2,11.0,7.0,4.0,4.0,same_ori7_different_counts,T1_same_ori7_multiple_ori9
OK05122,OK0512200,OK,40,2019,0.0,1.0,3.0,0.0,0.0,0.0,0.0,4.0,0|0|0|0|1|3|0,srs_return_a_annual,3.0,0,BACONE COLLEGE,unknown,,,,,1.0,1.0,overlap,40:statewide_overlap_layer,,2,1,8.0,4.0,4.0,4.0,identical_7_offense_vector,T1_same_ori7_multiple_ori9
OK05122,OK051229E,OK,40,2019,0.0,1.0,3.0,0.0,0.0,0.0,0.0,4.0,0|0|0|0|1|3|0,nibrs_srs_equivalent_annual,12.0,7,,special_jurisdiction,0.0,,,,1.0,1.0,overlap,40:statewide_overlap_layer,2.6244117094322865,2,1,8.0,4.0,4.0,4.0,identical_7_offense_vector,T1_same_ori7_multiple_ori9
TN02299,TN0229900,TN,47,2019,0.0,0.0,3.0,0.0,0.0,0.0,0.0,3.0,0|0|0|0|0|3|0,srs_return_a_annual,2.0,0,SPR HARPETH SCNC RIVERS,special_jurisdiction,,043,99043,srs_agency_header,1.0,1.0,overlap,47:statewide_overlap_layer,,2,1,6.0,3.0,3.0,3.0,identical_7_offense_vector,T1_same_ori7_multiple_ori9
TN02299,TN022990X,TN,47,2019,0.0,0.0,3.0,0.0,0.0,0.0,0.0,3.0,0|0|0|0|0|3|0,nibrs_srs_equivalent_annual,12.0,7,BURNS,unknown,0.0,,,,1.0,1.0,overlap,47:statewide_overlap_layer,1.9418846004935078,2,1,6.0,3.0,3.0,3.0,identical_7_offense_vector,T1_same_ori7_multiple_ori9
VA09404,VA0940400,VA,51,2019,0.0,1.0,2.0,0.0,0.0,0.0,0.0,3.0,0|0|0|0|1|2|0,srs_return_a_annual,3.0,0,EMORY AND HENRY COLLEGE,special_jurisdiction,,191,25792,srs_agency_header,1.0,1.0,overlap,51:statewide_overlap_layer,1.3252384066339258,2,1,6.0,3.0,3.0,3.0,identical_7_offense_vector,T1_same_ori7_multiple_ori9
VA09404,VA094049E,VA,51,2019,0.0,1.0,2.0,0.0,0.0,0.0,0.0,3.0,0|0|0|0|1|2|0,nibrs_srs_equivalent_annual,12.0,7,EMORY,special_jurisdiction,0.0,191,,fbi_cde_agency_roster,1.0,1.0,overlap,51:statewide_overlap_layer,1.5783920354291885,2,1,6.0,3.0,3.0,3.0,identical_7_offense_vector,T1_same_ori7_multiple_ori9
GA06036,GA0603600,GA,13,2019,0.0,1.0,8.0,0.0,0.0,0.0,0.0,9.0,0|0|0|0|1|8|0,cius_publication_annual,12.0,7,SPELMAN COLLEGE,special_jurisdiction,,121,04000,srs_agency_header,1.0,1.0,overlap,13:statewide_overlap_layer,8.0,2,2,11.0,9.0,2.0,2.0,same_ori7_different_counts,T1_same_ori7_multiple_ori9
GA06036,GA060369E,GA,13,2019,0.0,0.0,2.0,0.0,0.0,0.0,0.0,2.0,0|0|0|0|0|2|0,nibrs_srs_equivalent_annual,3.0,7,ATLANTA,special_jurisdiction,0.0,121,,fbi_cde_agency_roster,1.0,1.0,overlap,13:statewide_overlap_layer,8.0,2,2,11.0,9.0,2.0,2.0,same_ori7_different_counts,T1_same_ori7_multiple_ori9
MA01464,MA0146400,MA,25,2019,0.0,0.0,1.0,0.0,0.0,0.0,0.0,1.0,0|0|0|0|0|1|0,srs_return_a_annual,2.0,0,TUFTS UNIVERSITY WORCEST,special_jurisdiction,,017,26395,srs_agency_header,1.0,1.0,overlap,25:statewide_overlap_layer,15.0,3,2,30.0,28.0,1.0,2.0,same_ori7_different_counts,T1_same_ori7_multiple_ori9
MA01464,MA014640X,MA,25,2019,0.0,0.0,1.0,0.0,0.0,0.0,0.0,1.0,0|0|0|0|0|1|0,nibrs_srs_equivalent_annual,12.0,7,GRAFTON,special_jurisdiction,0.0,017,,fbi_cde_agency_roster,1.0,1.0,overlap,25:statewide_overlap_layer,5.0,3,2,30.0,28.0,1.0,2.0,same_ori7_different_counts,T1_same_ori7_multiple_ori9
MA01464,MA014649E,MA,25,2019,3.0,1.0,24.0,0.0,0.0,0.0,0.0,28.0,0|0|0|3|1|24|0,nibrs_srs_equivalent_annual,12.0,7,WORCESTER,special_jurisdiction,0.0,027,,fbi_cde_agency_roster,1.0,1.0,overlap,25:statewide_overlap_layer,25.0,3,2,30.0,28.0,1.0,2.0,same_ori7_different_counts,T1_same_ori7_multiple_ori9
NH00101,NH0010100,NH,33,2019,0.0,0.0,1.0,1.0,0.0,0.0,0.0,2.0,0|0|0|0|0|1|1,srs_return_a_annual,4.0,0,SP BELKNAP COUNTY,state_law_enforcement,,001,99001,srs_agency_header,1.0,1.0,overlap,33:statewide_overlap_layer,,2,2,5.0,3.0,2.0,2.0,same_ori7_different_counts,T1_same_ori7_multiple_ori9
NH00101,NH001010X,NH,33,2019,0.0,0.0,1.0,2.0,0.0,0.0,0.0,3.0,0|0|0|0|0|1|2,nibrs_srs_equivalent_annual,12.0,7,CONCORD,state_law_enforcement,0.0,001,,fbi_cde_agency_roster,1.0,1.0,overlap,33:statewide_overlap_layer,1.061665469212516,2,2,5.0,3.0,2.0,2.0,same_ori7_different_counts,T1_same_ori7_multiple_ori9
NH00901,NH0090100,NH,33,2019,0.0,1.0,1.0,0.0,0.0,0.0,0.0,2.0,0|0|0|0|1|1|0,srs_return_a_annual,6.0,0,SP STRAFFORD COUNTY,state_law_enforcement,,017,99017,srs_agency_header,1.0,1.0,overlap,33:statewide_overlap_layer,10.666666666666666,2,1,4.0,2.0,2.0,2.0,identical_7_offense_vector,T1_same_ori7_multiple_ori9
NH00901,NH009010X,NH,33,2019,0.0,1.0,1.0,0.0,0.0,0.0,0.0,2.0,0|0|0|0|1|1|0,nibrs_srs_equivalent_annual,12.0,7,CONCORD,state_law_enforcement,931.0,017,,fbi_cde_agency_roster,1.0,1.0,overlap,33:statewide_overlap_layer,8.0,2,1,4.0,2.0,2.0,2.0,identical_7_offense_vector,T1_same_ori7_multiple_ori9
AL05401,AL0540100,AL,01,2019,5.0,5.0,11.0,0.0,0.0,0.0,0.0,21.0,0|0|0|5|5|11|0,srs_return_a_annual,12.0,7,ALICEVILLE,local_police,2315.0,107,01228,srs_agency_header,1.0,1.0,exclusive,01:municipal:place:0101228,15.0,2,2,22.0,21.0,1.0,1.0,same_ori7_different_counts,T1_same_ori7_multiple_ori9
AL05401,AL054015A,AL,01,2019,0.0,0.0,0.0,0.0,0.0,1.0,0.0,1.0,0|1|0|0|0|0|0,nibrs_srs_equivalent_annual,1.0,7,,unknown,0.0,107,,fbi_cde_agency_roster,1.0,1.0,overlap,01:statewide_overlap_layer,2.1060954055636567,2,2,22.0,21.0,1.0,1.0,same_ori7_different_counts,T1_same_ori7_multiple_ori9
DE00130,DE0013000,DE,10,2019,1.0,0.0,0.0,0.0,0.0,0.0,0.0,1.0,0|0|0|1|0|0|0,srs_return_a_annual,2.0,0,AG KENT COUNTY,special_jurisdiction,,001,99001,srs_agency_header,1.0,1.0,overlap,10:statewide_overlap_layer,,2,1,2.0,1.0,1.0,1.0,identical_7_offense_vector,T1_same_ori7_multiple_ori9
DE00130,DE001300X,DE,10,2019,1.0,0.0,0.0,0.0,0.0,0.0,0.0,1.0,0|0|0|1|0|0|0,nibrs_srs_equivalent_annual,8.0,7,DOVER,unknown,0.0,001,,fbi_cde_agency_roster,1.0,1.0,overlap,10:statewide_overlap_layer,0.9900656084823409,2,1,2.0,1.0,1.0,1.0,identical_7_offense_vector,T1_same_ori7_multiple_ori9
DE00335,DE0033500,DE,10,2019,1.0,0.0,0.0,0.0,0.0,0.0,0.0,1.0,0|0|0|1|0|0|0,srs_return_a_annual,3.0,0,AG SUSSEX COUNTY,special_jurisdiction,,005,99005,srs_agency_header,1.0,1.0,overlap,10:statewide_overlap_layer,,2,1,2.0,1.0,1.0,1.0,identical_7_offense_vector,T1_same_ori7_multiple_ori9
DE00335,DE003350X,DE,10,2019,1.0,0.0,0.0,0.0,0.0,0.0,0.0,1.0,0|0|0|1|0|0|0,nibrs_srs_equivalent_annual,9.0,7,GEORGETOWN,unknown,0.0,005,,fbi_cde_agency_roster,1.0,1.0,overlap,10:statewide_overlap_layer,1.0594967419771706,2,1,2.0,1.0,1.0,1.0,identical_7_offense_vector,T1_same_ori7_multiple_ori9
GA06808,GA0680800,GA,13,2019,0.0,0.0,1.0,0.0,0.0,0.0,0.0,1.0,0|0|0|0|0|1|0,srs_return_a_annual,4.0,0,PIEDMONT COLLEGE,special_jurisdiction,,137,22304,srs_agency_header,1.0,1.0,overlap,13:statewide_overlap_layer,0.0,2,1,2.0,1.0,1.0,1.0,identical_7_offense_vector,T1_same_ori7_multiple_ori9
GA06808,GA068089E,GA,13,2019,0.0,0.0,1.0,0.0,0.0,0.0,0.0,1.0,0|0|0|0|0|1|0,nibrs_srs_equivalent_annual,10.0,7,DEMOREST,special_jurisdiction,0.0,137,,fbi_cde_agency_roster,1.0,1.0,overlap,13:statewide_overlap_layer,0.8661168661369808,2,1,2.0,1.0,1.0,1.0,identical_7_offense_vector,T1_same_ori7_multiple_ori9
GA13903,GA1390300,GA,13,2019,0.0,0.0,4.0,0.0,0.0,0.0,0.0,4.0,0|0|0|0|0|4|0,cius_publication_annual,12.0,7,YOUNG HARRIS COLLEGE,special_jurisdiction,,281,84960,srs_agency_header,1.0,1.0,overlap,13:statewide_overlap_layer,14.436958852179062,2,2,5.0,4.0,1.0,1.0,same_ori7_different_counts,T1_same_ori7_multiple_ori9
GA13903,GA139039E,GA,13,2019,0.0,0.0,1.0,0.0,0.0,0.0,0.0,1.0,0|0|0|0|0|1|0,nibrs_srs_equivalent_annual,3.0,7,YOUNG HARRIS,special_jurisdiction,0.0,281,,fbi_cde_agency_roster,1.0,1.0,overlap,13:statewide_overlap_layer,5.054950140666102,2,2,5.0,4.0,1.0,1.0,same_ori7_different_counts,T1_same_ori7_multiple_ori9
OH00813,OH0081300,OH,39,2019,0.0,0.0,1.0,0.0,0.0,0.0,0.0,1.0,0|0|0|0|0|1|0,srs_return_a_annual,3.0,0,LAKE WAYNOKA RANGERS,local_police,,015,70534,srs_agency_header,1.0,1.0,exclusive,39:municipal:place:3970534,,2,1,2.0,1.0,1.0,1.0,identical_7_offense_vector,T1_same_ori7_multiple_ori9
OH00813,OH008130X,OH,39,2019,0.0,0.0,1.0,0.0,0.0,0.0,0.0,1.0,0|0|0|0|0|1|0,nibrs_srs_equivalent_annual,4.0,7,SARDINIA,unknown,0.0,015,,fbi_cde_agency_roster,1.0,1.0,overlap,39:statewide_overlap_layer,3.0649347213390503,2,1,2.0,1.0,1.0,1.0,identical_7_offense_vector,T1_same_ori7_multiple_ori9
OH018A1,OH018A100,OH,39,2019,0.0,0.0,1.0,0.0,0.0,0.0,0.0,1.0,0|0|0|0|0|1|0,srs_return_a_annual,1.0,0,NOTRE DAME COLLEGE,special_jurisdiction,,035,16000,srs_agency_header,1.0,1.0,overlap,39:statewide_overlap_layer,,2,1,2.0,1.0,1.0,1.0,identical_7_offense_vector,T1_same_ori7_multiple_ori9
OH018A1,OH018A10X,OH,39,2019,0.0,0.0,1.0,0.0,0.0,0.0,0.0,1.0,0|0|0|0|0|1|0,nibrs_srs_equivalent_annual,2.0,7,CLEVELAND,special_jurisdiction,0.0,035,,fbi_cde_agency_roster,1.0,1.0,overlap,39:statewide_overlap_layer,0.8599038801745489,2,1,2.0,1.0,1.0,1.0,identical_7_offense_vector,T1_same_ori7_multiple_ori9
OH07109,OH0710900,OH,39,2019,0.0,0.0,1.0,0.0,0.0,0.0,0.0,1.0,0|0|0|0|0|1|0,srs_return_a_annual,1.0,0,ADENA HEALTH SYSTEM,unknown,,,,,1.0,1.0,overlap,39:statewide_overlap_layer,,2,1,2.0,1.0,1.0,1.0,identical_7_offense_vector,T1_same_ori7_multiple_ori9
OH07109,OH071099E,OH,39,2019,0.0,0.0,1.0,0.0,0.0,0.0,0.0,1.0,0|0|0|0|0|1|0,nibrs_srs_equivalent_annual,3.0,7,,unknown,0.0,,,,1.0,1.0,overlap,39:statewide_overlap_layer,2.7921716149615485,2,1,2.0,1.0,1.0,1.0,identical_7_offense_vector,T1_same_ori7_multiple_ori9
TN01958,TN0195800,TN,47,2019,0.0,1.0,0.0,0.0,0.0,0.0,0.0,1.0,0|0|0|0|1|0|0,srs_return_a_annual,1.0,0,DEPT OF AGRICULTURE AGR,unknown,,,,,1.0,1.0,overlap,47:statewide_overlap_layer,17.142857142857142,2,1,2.0,1.0,1.0,1.0,identical_7_offense_vector,T1_same_ori7_multiple_ori9
TN01958,TN019580X,TN,47,2019,0.0,1.0,0.0,0.0,0.0,0.0,0.0,1.0,0|0|0|0|1|0|0,nibrs_srs_equivalent_annual,12.0,7,,unknown,0.0,037,,fbi_cde_agency_roster,1.0,1.0,overlap,47:statewide_overlap_layer,10.0,2,1,2.0,1.0,1.0,1.0,identical_7_offense_vector,T1_same_ori7_multiple_ori9
TX22728,TX2272800,TX,48,2019,0.0,0.0,0.0,0.0,0.0,0.0,0.0,0.0,0|0|0|0|0|0|0,srs_return_a_annual,0.0,0,TX COMPTLR PUBLIC ACCTS,unknown,,453,,leaic_crosswalk,1.0,1.0,overlap,48:statewide_overlap_layer,33.216443875255294,2,2,118.0,118.0,0.0,0.0,same_ori7_different_counts,T1_same_ori7_multiple_ori9
TX22728,TX227289E,TX,48,2019,0.0,6.0,80.0,31.0,0.0,1.0,0.0,118.0,0|1|0|0|6|80|31,nibrs_srs_equivalent_annual,12.0,7,AUSTIN COMMUNITY COLLEGE DISTRICT,special_jurisdiction,0.0,453,,fbi_cde_agency_roster,1.0,1.0,overlap,48:statewide_overlap_layer,73.0,2,2,118.0,118.0,0.0,0.0,same_ori7_different_counts,T1_same_ori7_multiple_ori9
MI63190,MI6319000,MI,26,2018,625.0,414.0,780.0,95.0,15.0,58.0,95.0,2082.0,15|58|95|625|414|780|95,srs_return_a_annual,12.0,7,PONTIAC,unknown,,,,,1.0,1.0,exclusive,26:municipal:place:2665440,1619.0,2,2,4176.0,2094.0,2082.0,2082.0,near_identical_total_ge_085,T1_same_ori7_multiple_ori9
MI63190,MI631900X,MI,26,2018,632.0,415.0,780.0,96.0,15.0,60.0,96.0,2094.0,15|60|96|632|415|780|96,nibrs_srs_equivalent_annual,12.0,7,,local_police,61871.0,125,,fbi_cde_agency_roster,1.0,1.0,exclusive,26:state_nonmunicipal_remainder,1619.0,2,2,4176.0,2094.0,2082.0,2082.0,near_identical_total_ge_085,T1_same_ori7_multiple_ori9
MI63191,MI6319100,MI,26,2018,35.0,47.0,373.0,26.0,1.0,9.0,8.0,499.0,1|9|8|35|47|373|26,srs_return_a_annual,12.0,7,ROCHESTER HILLS,unknown,,,,,1.0,1.0,exclusive,26:municipal:place:2669035,474.0,2,2,1000.0,501.0,499.0,499.0,near_identical_total_ge_085,T1_same_ori7_multiple_ori9
MI63191,MI631910X,MI,26,2018,35.0,47.0,374.0,26.0,1.0,10.0,8.0,501.0,1|10|8|35|47|374|26,nibrs_srs_equivalent_annual,12.0,7,,local_police,75960.0,125,,fbi_cde_agency_roster,1.0,1.0,exclusive,26:municipal:place:2669035,474.0,2,2,1000.0,501.0,499.0,499.0,near_identical_total_ge_085,T1_same_ori7_multiple_ori9
MA01330,MA0133000,MA,25,2018,11.0,22.0,403.0,0.0,0.0,10.0,2.0,448.0,0|10|2|11|22|403|0,srs_return_a_annual,12.0,7,BOSTON UNIVERSITY,special_jurisdiction,,025,07000,srs_agency_header,1.0,1.0,overlap,25:statewide_overlap_layer,446.0,2,2,898.0,450.0,448.0,448.0,near_identical_total_ge_085,T1_same_ori7_multiple_ori9
MA01330,MA013309E,MA,25,2018,11.0,23.0,404.0,0.0,0.0,10.0,2.0,450.0,0|10|2|11|23|404|0,nibrs_srs_equivalent_annual,12.0,7,BOSTON,special_jurisdiction,0.0,025,,fbi_cde_agency_roster,1.0,1.0,overlap,25:statewide_overlap_layer,446.0,2,2,898.0,450.0,448.0,448.0,near_identical_total_ge_085,T1_same_ori7_multiple_ori9
MI63188,MI6318800,MI,26,2018,17.0,17.0,163.0,19.0,0.0,1.0,2.0,219.0,0|1|2|17|17|163|19,srs_return_a_annual,12.0,7,ORION TOWNSHIP,unknown,,,,,1.0,1.0,overlap,26:statewide_overlap_layer,158.0,2,1,438.0,219.0,219.0,219.0,identical_7_offense_vector,T1_same_ori7_multiple_ori9
MI63188,MI631880X,MI,26,2018,17.0,17.0,163.0,19.0,0.0,1.0,2.0,219.0,0|1|2|17|17|163|19,nibrs_srs_equivalent_annual,12.0,7,,local_police,37125.0,125,,fbi_cde_agency_roster,1.0,1.0,exclusive,26:municipal:cousub:2612561100,158.0,2,1,438.0,219.0,219.0,219.0,identical_7_offense_vector,T1_same_ori7_multiple_ori9
MI63183,MI6318300,MI,26,2018,10.0,28.0,164.0,3.0,0.0,1.0,4.0,210.0,0|1|4|10|28|164|3,srs_return_a_annual,12.0,7,COMMERCE TOWNSHIP,unknown,,,,,1.0,1.0,overlap,26:statewide_overlap_layer,264.0,2,2,421.0,211.0,210.0,210.0,near_identical_total_ge_085,T1_same_ori7_multiple_ori9
MI63183,MI631830X,MI,26,2018,11.0,28.0,163.0,4.0,0.0,1.0,4.0,211.0,0|1|4|11|28|163|4,nibrs_srs_equivalent_annual,12.0,7,,local_police,39878.0,125,,fbi_cde_agency_roster,1.0,1.0,exclusive,26:municipal:cousub:2612517640,264.0,2,2,421.0,211.0,210.0,210.0,near_identical_total_ge_085,T1_same_ori7_multiple_ori9
MI63185,MI6318500,MI,26,2018,13.0,37.0,148.0,8.0,1.0,1.0,2.0,210.0,1|1|2|13|37|148|8,srs_return_a_annual,12.0,7,INDEPENDENCE TOWNSHIP,unknown,,,,,1.0,1.0,overlap,26:statewide_overlap_layer,158.0,2,2,419.0,210.0,209.0,209.0,near_identical_total_ge_085,T1_same_ori7_multiple_ori9
MI63185,MI631850X,MI,26,2018,12.0,37.0,148.0,8.0,1.0,1.0,2.0,209.0,1|1|2|12|37|148|8,nibrs_srs_equivalent_annual,12.0,7,,local_police,37302.0,125,,fbi_cde_agency_roster,1.0,1.0,exclusive,26:municipal:cousub:2612540400,158.0,2,2,419.0,210.0,209.0,209.0,near_identical_total_ge_085,T1_same_ori7_multiple_ori9
UT02512,UT0251200,UT,49,2018,5.0,0.0,165.0,4.0,0.0,1.0,0.0,175.0,0|1|0|5|0|165|4,srs_return_a_annual,12.0,7,BRIGHAM YOUNG UNIVERSITY,special_jurisdiction,,049,62470,srs_agency_header,1.0,1.0,overlap,49:statewide_overlap_layer,85.0,2,1,350.0,175.0,175.0,175.0,identical_7_offense_vector,T1_same_ori7_multiple_ori9
UT02512,UT025129E,UT,49,2018,5.0,0.0,165.0,4.0,0.0,1.0,0.0,175.0,0|1|0|5|0|165|4,nibrs_srs_equivalent_annual,12.0,7,PROVO,special_jurisdiction,0.0,049,,fbi_cde_agency_roster,1.0,1.0,overlap,49:statewide_overlap_layer,85.0,2,1,350.0,175.0,175.0,175.0,identical_7_offense_vector,T1_same_ori7_multiple_ori9
MI63186,MI6318600,MI,26,2018,13.0,28.0,90.0,5.0,0.0,2.0,0.0,138.0,0|2|0|13|28|90|5,srs_return_a_annual,12.0,7,LYON TOWNSHIP,unknown,,,,,1.0,1.0,overlap,26:statewide_overlap_layer,77.0,2,2,277.0,139.0,138.0,138.0,near_identical_total_ge_085,T1_same_ori7_multiple_ori9
MI63186,MI631860X,MI,26,2018,13.0,29.0,90.0,5.0,0.0,2.0,0.0,139.0,0|2|0|13|29|90|5,nibrs_srs_equivalent_annual,12.0,7,,local_police,26094.0,125,,fbi_cde_agency_roster,1.0,1.0,exclusive,26:municipal:cousub:2612549820,77.0,2,2,277.0,139.0,138.0,138.0,near_identical_total_ge_085,T1_same_ori7_multiple_ori9
MI63184,MI6318400,MI,26,2018,11.0,27.0,64.0,9.0,0.0,2.0,1.0,114.0,0|2|1|11|27|64|9,srs_return_a_annual,12.0,7,HIGHLAND TOWNSHIP,unknown,,,,,1.0,1.0,overlap,26:statewide_overlap_layer,81.0,2,2,229.0,115.0,114.0,114.0,near_identical_total_ge_085,T1_same_ori7_multiple_ori9
MI63184,MI631840X,MI,26,2018,11.0,27.0,64.0,9.0,0.0,3.0,1.0,115.0,0|3|1|11|27|64|9,nibrs_srs_equivalent_annual,12.0,7,,local_police,20302.0,125,,fbi_cde_agency_roster,1.0,1.0,exclusive,26:municipal:cousub:2612538080,81.0,2,2,229.0,115.0,114.0,114.0,near_identical_total_ge_085,T1_same_ori7_multiple_ori9
NH00927,NH0092700,NH,33,2018,1.0,12.0,81.0,2.0,0.0,6.0,1.0,103.0,0|6|1|1|12|81|2,srs_return_a_annual,12.0,7,UNIV OF NEW HAMPSHIRE,special_jurisdiction,,017,19620,srs_agency_header,1.0,1.0,overlap,33:statewide_overlap_layer,73.0,2,1,206.0,103.0,103.0,103.0,identical_7_offense_vector,T1_same_ori7_multiple_ori9
NH00927,NH00927TZ,NH,33,2018,1.0,12.0,81.0,2.0,0.0,6.0,1.0,103.0,0|6|1|1|12|81|2,nibrs_srs_equivalent_annual,12.0,7,DURHAM,special_jurisdiction,0.0,017,,fbi_cde_agency_roster,1.0,1.0,overlap,33:statewide_overlap_layer,73.0,2,1,206.0,103.0,103.0,103.0,identical_7_offense_vector,T1_same_ori7_multiple_ori9
MI63189,MI6318900,MI,26,2018,10.0,11.0,67.0,4.0,0.0,3.0,0.0,95.0,0|3|0|10|11|67|4,srs_return_a_annual,12.0,7,OXFORD TOWNSHIP,unknown,,,,,1.0,1.0,overlap,26:statewide_overlap_layer,57.0,2,1,190.0,95.0,95.0,95.0,identical_7_offense_vector,T1_same_ori7_multiple_ori9
MI63189,MI631890X,MI,26,2018,10.0,11.0,67.0,4.0,0.0,3.0,0.0,95.0,0|3|0|10|11|67|4,nibrs_srs_equivalent_annual,12.0,7,,local_police,19592.0,125,,fbi_cde_agency_roster,1.0,1.0,exclusive,26:municipal:cousub:2612562040,57.0,2,1,190.0,95.0,95.0,95.0,identical_7_offense_vector,T1_same_ori7_multiple_ori9
MI63192,MI6319200,MI,26,2018,8.0,35.0,32.0,6.0,0.0,2.0,1.0,84.0,0|2|1|8|35|32|6,srs_return_a_annual,12.0,7,SPRINGFIELD TOWNSHIP,unknown,,,,,1.0,1.0,overlap,26:statewide_overlap_layer,62.0,2,2,167.0,84.0,83.0,83.0,near_identical_total_ge_085,T1_same_ori7_multiple_ori9
MI63192,MI631920X,MI,26,2018,8.0,35.0,32.0,6.0,0.0,1.0,1.0,83.0,0|1|1|8|35|32|6,nibrs_srs_equivalent_annual,12.0,7,,local_police,14762.0,125,,fbi_cde_agency_roster,1.0,1.0,exclusive,26:municipal:cousub:2612575760,62.0,2,2,167.0,84.0,83.0,83.0,near_identical_total_ge_085,T1_same_ori7_multiple_ori9
IN04940,IN0494000,IN,18,2018,0.0,5.0,58.0,1.0,0.0,1.0,0.0,65.0,0|1|0|0|5|58|1,srs_return_a_annual,5.0,0,BUTLER UNIVERSITY,special_jurisdiction,,097,36003,srs_agency_header,1.0,1.0,overlap,18:statewide_overlap_layer,,2,1,130.0,65.0,65.0,65.0,identical_7_offense_vector,T1_same_ori7_multiple_ori9
IN04940,IN049409E,IN,18,2018,0.0,5.0,58.0,1.0,0.0,1.0,0.0,65.0,0|1|0|0|5|58|1,nibrs_srs_equivalent_annual,5.0,7,INDIANAPOLIS,special_jurisdiction,0.0,097,,fbi_cde_agency_roster,1.0,1.0,overlap,18:statewide_overlap_layer,36.28522670564398,2,1,130.0,65.0,65.0,65.0,identical_7_offense_vector,T1_same_ori7_multiple_ori9
RI00423,RI0042300,RI,44,2018,0.0,12.0,52.0,0.0,0.0,0.0,0.0,64.0,0|0|0|0|12|52|0,cius_publication_annual,12.0,7,BROWN UNIVERSITY,special_jurisdiction,,007,59000,srs_agency_header,1.0,1.0,overlap,44:statewide_overlap_layer,101.0,2,1,128.0,64.0,64.0,64.0,identical_7_offense_vector,T1_same_ori7_multiple_ori9
RI00423,RI004239E,RI,44,2018,0.0,12.0,52.0,0.0,0.0,0.0,0.0,64.0,0|0|0|0|12|52|0,nibrs_srs_equivalent_annual,12.0,7,PROVIDENCE,special_jurisdiction,0.0,007,,fbi_cde_agency_roster,1.0,1.0,overlap,44:statewide_overlap_layer,101.0,2,1,128.0,64.0,64.0,64.0,identical_7_offense_vector,T1_same_ori7_multiple_ori9
MI63181,MI6318100,MI,26,2018,6.0,13.0,33.0,4.0,0.0,7.0,0.0,63.0,0|7|0|6|13|33|4,srs_return_a_annual,12.0,7,BRANDON TOWNSHIP,unknown,,,,,1.0,1.0,overlap,26:statewide_overlap_layer,36.0,2,2,127.0,64.0,63.0,63.0,near_identical_total_ge_085,T1_same_ori7_multiple_ori9
MI63181,MI631810X,MI,26,2018,6.0,13.0,33.0,4.0,0.0,8.0,0.0,64.0,0|8|0|6|13|33|4,nibrs_srs_equivalent_annual,12.0,7,,local_police,16161.0,125,,fbi_cde_agency_roster,1.0,1.0,exclusive,26:state_nonmunicipal_remainder,36.0,2,2,127.0,64.0,63.0,63.0,near_identical_total_ge_085,T1_same_ori7_multiple_ori9
NH00501,NH0050100,NH,33,2018,6.0,14.0,16.0,3.0,0.0,5.0,1.0,45.0,0|5|1|6|14|16|3,srs_return_a_annual,12.0,7,SP GRAFTON COUNTY,state_law_enforcement,,009,99009,srs_agency_header,1.0,1.0,overlap,33:statewide_overlap_layer,38.0,2,2,104.0,59.0,45.0,45.0,same_ori7_different_counts,T1_same_ori7_multiple_ori9
NH00501,NH005010X,NH,33,2018,10.0,15.0,19.0,5.0,0.0,9.0,1.0,59.0,0|9|1|10|15|19|5,nibrs_srs_equivalent_annual,12.0,7,CONCORD,state_law_enforcement,11292.0,009,,fbi_cde_agency_roster,1.0,1.0,overlap,33:statewide_overlap_layer,38.0,2,2,104.0,59.0,45.0,45.0,same_ori7_different_counts,T1_same_ori7_multiple_ori9
MA00964,MA0096400,MA,25,2018,0.0,6.0,35.0,0.0,0.0,1.0,1.0,43.0,0|1|1|0|6|35|0,srs_return_a_annual,12.0,7,TUFTS UNIVERSITY MEDFORD,special_jurisdiction,,017,39835,srs_agency_header,1.0,1.0,overlap,25:statewide_overlap_layer,38.89490703935574,2,2,86.0,43.0,43.0,43.0,near_identical_total_ge_085,T1_same_ori7_multiple_ori9
MA00964,MA009649E,MA,25,2018,0.0,5.0,36.0,0.0,0.0,1.0,1.0,43.0,0|1|1|0|5|36|0,nibrs_srs_equivalent_annual,12.0,7,MEDFORD,special_jurisdiction,0.0,017,,fbi_cde_agency_roster,1.0,1.0,overlap,25:statewide_overlap_layer,34.0,2,2,86.0,43.0,43.0,43.0,near_identical_total_ge_085,T1_same_ori7_multiple_ori9
NH00401,NH0040100,NH,33,2018,4.0,11.0,20.0,3.0,0.0,3.0,0.0,41.0,0|3|0|4|11|20|3,srs_return_a_annual,12.0,7,SP COOS COUNTY,state_law_enforcement,,007,99007,srs_agency_header,1.0,1.0,overlap,33:statewide_overlap_layer,22.909090909090907,2,2,82.0,41.0,41.0,41.0,near_identical_total_ge_085,T1_same_ori7_multiple_ori9
NH00401,NH004010X,NH,33,2018,5.0,10.0,19.0,4.0,0.0,3.0,0.0,41.0,0|3|0|5|10|19|4,nibrs_srs_equivalent_annual,12.0,7,CONCORD,state_law_enforcement,7847.0,007,,fbi_cde_agency_roster,1.0,1.0,overlap,33:statewide_overlap_layer,21.0,2,2,82.0,41.0,41.0,41.0,near_identical_total_ge_085,T1_same_ori7_multiple_ori9
MA00958,MA0095800,MA,25,2018,2.0,1.0,31.0,0.0,0.0,5.0,0.0,39.0,0|5|0|2|1|31|0,cius_publication_annual,12.0,7,BENTLEY UNIVERSITY,special_jurisdiction,,017,72600,srs_agency_header,1.0,1.0,overlap,25:statewide_overlap_layer,18.0,2,2,79.0,40.0,39.0,39.0,near_identical_total_ge_085,T1_same_ori7_multiple_ori9
MA00958,MA009589E,MA,25,2018,2.0,1.0,31.0,0.0,0.0,6.0,0.0,40.0,0|6|0|2|1|31|0,nibrs_srs_equivalent_annual,12.0,7,WALTHAM,special_jurisdiction,0.0,017,,fbi_cde_agency_roster,1.0,1.0,overlap,25:statewide_overlap_layer,18.0,2,2,79.0,40.0,39.0,39.0,near_identical_total_ge_085,T1_same_ori7_multiple_ori9
TX22728,TX2272800,TX,48,2018,0.0,7.0,32.0,0.0,0.0,0.0,0.0,39.0,0|0|0|0|7|32|0,srs_return_a_annual,12.0,7,TX COMPTLR PUBLIC ACCTS,unknown,,453,,leaic_crosswalk,1.0,1.0,overlap,48:statewide_overlap_layer,33.216443875255294,2,2,80.0,41.0,39.0,39.0,near_identical_total_ge_085,T1_same_ori7_multiple_ori9
TX22728,TX227289E,TX,48,2018,0.0,7.0,34.0,0.0,0.0,0.0,0.0,41.0,0|0|0|0|7|34|0,nibrs_srs_equivalent_annual,12.0,7,AUSTIN COMMUNITY COLLEGE DISTRICT,special_jurisdiction,0.0,453,,fbi_cde_agency_roster,1.0,1.0,overlap,48:statewide_overlap_layer,73.0,2,2,80.0,41.0,39.0,39.0,near_identical_total_ge_085,T1_same_ori7_multiple_ori9
OH025A1,OH025A100,OH,39,2018,0.0,13.0,23.0,0.0,0.0,0.0,0.0,36.0,0|0|0|0|13|23|0,cius_publication_annual,12.0,7,CAPITAL UNIVERSITY,special_jurisdiction,,049,06278,srs_agency_header,1.0,1.0,overlap,39:statewide_overlap_layer,12.651359502129004,2,2,75.0,39.0,36.0,36.0,near_identical_total_ge_085,T1_same_ori7_multiple_ori9
OH025A1,OH025A10X,OH,39,2018,0.0,16.0,23.0,0.0,0.0,0.0,0.0,39.0,0|0|0|0|16|23|0,nibrs_srs_equivalent_annual,12.0,7,BEXLEY,special_jurisdiction,0.0,049,,fbi_cde_agency_roster,1.0,1.0,overlap,39:statewide_overlap_layer,3.0,2,2,75.0,39.0,36.0,36.0,near_identical_total_ge_085,T1_same_ori7_multiple_ori9
MI63187,MI6318700,MI,26,2018,2.0,7.0,21.0,2.0,0.0,1.0,1.0,34.0,0|1|1|2|7|21|2,srs_return_a_annual,12.0,7,OAKLAND TOWNSHIP,unknown,,,,,1.0,1.0,overlap,26:statewide_overlap_layer,41.0,2,1,68.0,34.0,34.0,34.0,identical_7_offense_vector,T1_same_ori7_multiple_ori9
MI63187,MI631870X,MI,26,2018,2.0,7.0,21.0,2.0,0.0,1.0,1.0,34.0,0|1|1|2|7|21|2,nibrs_srs_equivalent_annual,12.0,7,,local_police,20328.0,125,,fbi_cde_agency_roster,1.0,1.0,exclusive,26:municipal:cousub:2612559820,41.0,2,1,68.0,34.0,34.0,34.0,identical_7_offense_vector,T1_same_ori7_multiple_ori9
TN07927,TN0792700,TN,47,2018,0.0,2.0,28.0,4.0,0.0,0.0,0.0,34.0,0|0|0|0|2|28|4,srs_return_a_annual,11.0,0,CHRISTIAN BROTHERS UNIV,special_jurisdiction,,157,48000,srs_agency_header,1.0,1.0,overlap,47:statewide_overlap_layer,12.0,2,1,68.0,34.0,34.0,34.0,identical_7_offense_vector,T1_same_ori7_multiple_ori9
TN07927,TN079279E,TN,47,2018,0.0,2.0,28.0,4.0,0.0,0.0,0.0,34.0,0|0|0|0|2|28|4,nibrs_srs_equivalent_annual,12.0,7,MEMPHIS,special_jurisdiction,0.0,157,,fbi_cde_agency_roster,1.0,1.0,overlap,47:statewide_overlap_layer,8.0,2,1,68.0,34.0,34.0,34.0,identical_7_offense_vector,T1_same_ori7_multiple_ori9
MA01470,MA0147000,MA,25,2018,4.0,1.0,21.0,0.0,0.0,6.0,0.0,32.0,0|6|0|4|1|21|0,cius_publication_annual,12.0,7,ASSUMPTION COLLEGE,special_jurisdiction,,027,82000,srs_agency_header,1.0,1.0,overlap,25:statewide_overlap_layer,20.0,2,1,64.0,32.0,32.0,32.0,identical_7_offense_vector,T1_same_ori7_multiple_ori9
MA01470,MA014709E,MA,25,2018,4.0,1.0,21.0,0.0,0.0,6.0,0.0,32.0,0|6|0|4|1|21|0,nibrs_srs_equivalent_annual,12.0,7,WORCESTER,special_jurisdiction,0.0,027,,fbi_cde_agency_roster,1.0,1.0,overlap,25:statewide_overlap_layer,20.0,2,1,64.0,32.0,32.0,32.0,identical_7_offense_vector,T1_same_ori7_multiple_ori9
MA00826,MA0082600,MA,25,2018,1.0,3.0,26.0,0.0,0.0,1.0,0.0,31.0,0|1|0|1|3|26|0,cius_publication_annual,12.0,7,SMITH COLLEGE,special_jurisdiction,,015,64110,srs_agency_header,1.0,1.0,overlap,25:statewide_overlap_layer,7.0,2,1,62.0,31.0,31.0,31.0,identical_7_offense_vector,T1_same_ori7_multiple_ori9
MA00826,MA008269E,MA,25,2018,1.0,3.0,26.0,0.0,0.0,1.0,0.0,31.0,0|1|0|1|3|26|0,nibrs_srs_equivalent_annual,12.0,7,SOUTH HADLEY,special_jurisdiction,0.0,015,,fbi_cde_agency_roster,1.0,1.0,overlap,25:statewide_overlap_layer,7.0,2,1,62.0,31.0,31.0,31.0,identical_7_offense_vector,T1_same_ori7_multiple_ori9
NH00701,NH0070100,NH,33,2018,2.0,6.0,15.0,4.0,1.0,1.0,0.0,29.0,1|1|0|2|6|15|4,srs_return_a_annual,12.0,7,SP MERRIMACK COUNTY,state_law_enforcement,,013,99013,srs_agency_header,1.0,1.0,overlap,33:statewide_overlap_layer,35.0,2,2,62.0,33.0,29.0,29.0,near_identical_total_ge_085,T1_same_ori7_multiple_ori9
NH00701,NH007010X,NH,33,2018,2.0,8.0,17.0,4.0,1.0,1.0,0.0,33.0,1|1|0|2|8|17|4,nibrs_srs_equivalent_annual,12.0,7,CONCORD,state_law_enforcement,6979.0,013,,fbi_cde_agency_roster,1.0,1.0,overlap,33:statewide_overlap_layer,35.0,2,2,62.0,33.0,29.0,29.0,near_identical_total_ge_085,T1_same_ori7_multiple_ori9
MA01131,MA0113100,MA,25,2018,0.0,13.0,14.0,0.0,0.0,0.0,1.0,28.0,0|0|1|0|13|14|0,cius_publication_annual,12.0,7,DEAN COLLEGE,special_jurisdiction,,021,25100,srs_agency_header,1.0,1.0,overlap,25:statewide_overlap_layer,4.0,2,1,56.0,28.0,28.0,28.0,identical_7_offense_vector,T1_same_ori7_multiple_ori9
MA01131,MA011319E,MA,25,2018,0.0,13.0,14.0,0.0,0.0,0.0,1.0,28.0,0|0|1|0|13|14|0,nibrs_srs_equivalent_annual,12.0,7,FRANKLIN,special_jurisdiction,0.0,021,,fbi_cde_agency_roster,1.0,1.0,overlap,25:statewide_overlap_layer,4.0,2,1,56.0,28.0,28.0,28.0,identical_7_offense_vector,T1_same_ori7_multiple_ori9
MA00824,MA0082400,MA,25,2018,0.0,5.0,20.0,0.0,0.0,1.0,0.0,26.0,0|1|0|0|5|20|0,cius_publication_annual,12.0,7,HAMPSHIRE COLLEGE,special_jurisdiction,,015,64110,srs_agency_header,1.0,1.0,overlap,25:statewide_overlap_layer,22.17951778755967,2,1,52.0,26.0,26.0,26.0,identical_7_offense_vector,T1_same_ori7_multiple_ori9
MA00824,MA008249E,MA,25,2018,0.0,5.0,20.0,0.0,0.0,1.0,0.0,26.0,0|1|0|0|5|20|0,nibrs_srs_equivalent_annual,12.0,7,SOUTH HADLEY,special_jurisdiction,0.0,,,,1.0,1.0,overlap,25:statewide_overlap_layer,22.17951778755967,2,1,52.0,26.0,26.0,26.0,identical_7_offense_vector,T1_same_ori7_multiple_ori9
CO03401,CO0340100,CO,08,2018,68.0,55.0,568.0,38.0,1.0,10.0,2.0,742.0,1|10|2|68|55|568|38,cius_publication_annual,12.0,7,DURANGO,local_police,19995.0,067,22035,srs_agency_header,1.0,1.0,exclusive,08:municipal:place:0822035,661.2671539873213,2,2,767.0,742.0,25.0,25.0,same_ori7_different_counts,T1_same_ori7_multiple_ori9
CO03401,CO034019E,CO,08,2018,0.0,5.0,18.0,1.0,0.0,1.0,0.0,25.0,0|1|0|0|5|18|1,nibrs_srs_equivalent_annual,12.0,7,DURANGO,special_jurisdiction,0.0,067,,fbi_cde_agency_roster,1.0,1.0,overlap,08:statewide_overlap_layer,29.0,2,2,767.0,742.0,25.0,25.0,same_ori7_different_counts,T1_same_ori7_multiple_ori9
OK05122,OK0512200,OK,40,2018,0.0,7.0,14.0,1.0,0.0,0.0,0.0,22.0,0|0|0|0|7|14|1,srs_return_a_annual,9.0,0,BACONE COLLEGE,unknown,,,,,1.0,1.0,overlap,40:statewide_overlap_layer,,2,1,44.0,22.0,22.0,22.0,identical_7_offense_vector,T1_same_ori7_multiple_ori9
OK05122,OK051229E,OK,40,2018,0.0,7.0,14.0,1.0,0.0,0.0,0.0,22.0,0|0|0|0|7|14|1,nibrs_srs_equivalent_annual,12.0,7,,special_jurisdiction,0.0,,,,1.0,1.0,overlap,40:statewide_overlap_layer,2.6244117094322865,2,1,44.0,22.0,22.0,22.0,identical_7_offense_vector,T1_same_ori7_multiple_ori9
NH01001,NH0100100,NH,33,2018,3.0,7.0,9.0,0.0,0.0,0.0,0.0,19.0,0|0|0|3|7|9|0,srs_return_a_annual,12.0,7,SP SULLIVAN COUNTY,state_law_enforcement,,019,99019,srs_agency_header,1.0,1.0,overlap,33:statewide_overlap_layer,24.39830508474576,2,2,42.0,23.0,19.0,19.0,same_ori7_different_counts,T1_same_ori7_multiple_ori9
NH01001,NH010010X,NH,33,2018,3.0,10.0,10.0,0.0,0.0,0.0,0.0,23.0,0|0|0|3|10|10|0,nibrs_srs_equivalent_annual,12.0,7,CONCORD,state_law_enforcement,2761.0,019,,fbi_cde_agency_roster,1.0,1.0,overlap,33:statewide_overlap_layer,20.0,2,2,42.0,23.0,19.0,19.0,same_ori7_different_counts,T1_same_ori7_multiple_ori9
MA01339,MA0133900,MA,25,2018,0.0,1.0,16.0,0.0,0.0,0.0,0.0,17.0,0|0|0|0|1|16|0,srs_return_a_annual,9.0,0,TUFTS UNIVERSITY SUFFOLK,special_jurisdiction,,017,07000,srs_agency_header,1.0,1.0,overlap,25:statewide_overlap_layer,18.0,2,1,34.0,17.0,17.0,17.0,identical_7_offense_vector,T1_same_ori7_multiple_ori9
MA01339,MA013390X,MA,25,2018,0.0,1.0,16.0,0.0,0.0,0.0,0.0,17.0,0|0|0|0|1|16|0,nibrs_srs_equivalent_annual,12.0,7,BOSTON,special_jurisdiction,0.0,017,,fbi_cde_agency_roster,1.0,1.0,overlap,25:statewide_overlap_layer,9.0,2,1,34.0,17.0,17.0,17.0,identical_7_offense_vector,T1_same_ori7_multiple_ori9
NH00301,NH0030100,NH,33,2018,2.0,4.0,9.0,2.0,0.0,0.0,0.0,17.0,0|0|0|2|4|9|2,srs_return_a_annual,12.0,7,SP CHESHIRE COUNTY,state_law_enforcement,,005,99005,srs_agency_header,1.0,1.0,overlap,33:statewide_overlap_layer,25.0,2,2,38.0,21.0,17.0,17.0,same_ori7_different_counts,T1_same_ori7_multiple_ori9
NH00301,NH003010X,NH,33,2018,2.0,5.0,11.0,2.0,0.0,1.0,0.0,21.0,0|1|0|2|5|11|2,nibrs_srs_equivalent_annual,12.0,7,CONCORD,state_law_enforcement,9368.0,005,,fbi_cde_agency_roster,1.0,1.0,overlap,33:statewide_overlap_layer,25.0,2,2,38.0,21.0,17.0,17.0,same_ori7_different_counts,T1_same_ori7_multiple_ori9
MI63180,MI6318000,MI,26,2018,1.0,1.0,13.0,1.0,0.0,0.0,0.0,16.0,0|0|0|1|1|13|1,srs_return_a_annual,12.0,7,ADDISON TOWNSHIP,unknown,,,,,1.0,1.0,overlap,26:statewide_overlap_layer,4.806776004117353,2,1,32.0,16.0,16.0,16.0,identical_7_offense_vector,T1_same_ori7_multiple_ori9
MI63180,MI631800X,MI,26,2018,1.0,1.0,13.0,1.0,0.0,0.0,0.0,16.0,0|0|0|1|1|13|1,nibrs_srs_equivalent_annual,12.0,7,,local_police,6653.0,125,,fbi_cde_agency_roster,1.0,1.0,exclusive,26:state_nonmunicipal_remainder,2.0,2,1,32.0,16.0,16.0,16.0,identical_7_offense_vector,T1_same_ori7_multiple_ori9
VA08209,VA0820900,VA,51,2018,0.0,2.0,12.0,1.0,0.0,0.0,0.0,15.0,0|0|0|0|2|12|1,srs_return_a_annual,10.0,0,BRIDGEWATER COLLEGE,unknown,,,,,1.0,1.0,overlap,51:statewide_overlap_layer,,2,1,30.0,15.0,15.0,15.0,identical_7_offense_vector,T1_same_ori7_multiple_ori9
VA08209,VA082099E,VA,51,2018,0.0,2.0,12.0,1.0,0.0,0.0,0.0,15.0,0|0|0|0|2|12|1,nibrs_srs_equivalent_annual,12.0,7,BRIDGEWATER,special_jurisdiction,0.0,,,,1.0,1.0,overlap,51:statewide_overlap_layer,10.980343186974054,2,1,30.0,15.0,15.0,15.0,identical_7_offense_vector,T1_same_ori7_multiple_ori9
FL01395,FL0139500,FL,12,2018,25.0,85.0,607.0,19.0,0.0,5.0,12.0,753.0,0|5|12|25|85|607|19,cius_publication_annual,12.0,7,PALMETTO BAY,local_police,,086,54275,srs_agency_header,1.0,1.0,exclusive,12:municipal:place:1254275,529.0,2,2,767.0,753.0,14.0,14.0,same_ori7_different_counts,T1_same_ori7_multiple_ori9
FL01395,FL013950X,FL,12,2018,0.0,3.0,5.0,3.0,0.0,3.0,0.0,14.0,0|3|0|0|3|5|3,nibrs_srs_equivalent_annual,9.0,7,MIAMI,local_police,24890.0,086,,fbi_cde_agency_roster,1.0,1.0,exclusive,12:municipal:place:1245000,525.0,2,2,767.0,753.0,14.0,14.0,same_ori7_different_counts,T1_same_ori7_multiple_ori9
OH018A1,OH018A100,OH,39,2018,0.0,1.0,12.0,0.0,0.0,0.0,0.0,13.0,0|0|0|0|1|12|0,srs_return_a_annual,6.0,0,NOTRE DAME COLLEGE,special_jurisdiction,,035,16000,srs_agency_header,1.0,1.0,overlap,39:statewide_overlap_layer,,2,1,26.0,13.0,13.0,13.0,identical_7_offense_vector,T1_same_ori7_multiple_ori9
OH018A1,OH018A10X,OH,39,2018,0.0,1.0,12.0,0.0,0.0,0.0,0.0,13.0,0|0|0|0|1|12|0,nibrs_srs_equivalent_annual,7.0,7,CLEVELAND,special_jurisdiction,0.0,035,,fbi_cde_agency_roster,1.0,1.0,overlap,39:statewide_overlap_layer,0.8599038801745489,2,1,26.0,13.0,13.0,13.0,identical_7_offense_vector,T1_same_ori7_multiple_ori9
NH00801,NH0080100,NH,33,2018,5.0,1.0,0.0,2.0,0.0,1.0,1.0,10.0,0|1|1|5|1|0|2,srs_return_a_annual,9.0,0,SP ROCKINGHAM COUNTY,state_law_enforcement,,015,99015,srs_agency_header,1.0,1.0,overlap,33:statewide_overlap_layer,15.272727272727272,2,1,20.0,10.0,10.0,10.0,identical_7_offense_vector,T1_same_ori7_multiple_ori9
NH00801,NH008010X,NH,33,2018,5.0,1.0,0.0,2.0,0.0,1.0,1.0,10.0,0|1|1|5|1|0|2,nibrs_srs_equivalent_annual,12.0,7,CONCORD,state_law_enforcement,0.0,015,,fbi_cde_agency_roster,1.0,1.0,overlap,33:statewide_overlap_layer,14.0,2,1,20.0,10.0,10.0,10.0,identical_7_offense_vector,T1_same_ori7_multiple_ori9
SC04216,SC0421600,SC,45,2018,0.0,1.0,7.0,1.0,0.0,0.0,0.0,9.0,0|0|0|0|1|7|1,srs_return_a_annual,6.0,0,SPARTANBURG METHODIST CO,special_jurisdiction,,083,99083,srs_agency_header,1.0,1.0,overlap,45:statewide_overlap_layer,26.399999999999995,2,1,18.0,9.0,9.0,9.0,identical_7_offense_vector,T1_same_ori7_multiple_ori9
SC04216,SC042169E,SC,45,2018,0.0,1.0,7.0,1.0,0.0,0.0,0.0,9.0,0|0|0|0|1|7|1,nibrs_srs_equivalent_annual,12.0,7,SPARTANBURG,special_jurisdiction,0.0,083,,fbi_cde_agency_roster,1.0,1.0,overlap,45:statewide_overlap_layer,22.0,2,1,18.0,9.0,9.0,9.0,identical_7_offense_vector,T1_same_ori7_multiple_ori9
OH00813,OH0081300,OH,39,2018,0.0,0.0,7.0,0.0,0.0,0.0,0.0,7.0,0|0|0|0|0|7|0,srs_return_a_annual,6.0,0,LAKE WAYNOKA RANGERS,local_police,,015,70534,srs_agency_header,1.0,1.0,exclusive,39:municipal:place:3970534,,2,1,14.0,7.0,7.0,7.0,identical_7_offense_vector,T1_same_ori7_multiple_ori9
OH00813,OH008130X,OH,39,2018,0.0,0.0,7.0,0.0,0.0,0.0,0.0,7.0,0|0|0|0|0|7|0,nibrs_srs_equivalent_annual,8.0,7,SARDINIA,unknown,0.0,015,,fbi_cde_agency_roster,1.0,1.0,overlap,39:statewide_overlap_layer,3.0649347213390503,2,1,14.0,7.0,7.0,7.0,identical_7_offense_vector,T1_same_ori7_multiple_ori9
NH00201,NH0020100,NH,33,2018,2.0,0.0,2.0,1.0,0.0,0.0,1.0,6.0,0|0|1|2|0|2|1,srs_return_a_annual,11.0,0,SP CARROLL COUNTY,state_law_enforcement,,003,99003,srs_agency_header,1.0,1.0,overlap,33:statewide_overlap_layer,10.793125365930592,2,1,12.0,6.0,6.0,6.0,identical_7_offense_vector,T1_same_ori7_multiple_ori9
NH00201,NH002010X,NH,33,2018,2.0,0.0,2.0,1.0,0.0,0.0,1.0,6.0,0|0|1|2|0|2|1,nibrs_srs_equivalent_annual,12.0,7,CONCORD,state_law_enforcement,0.0,003,,fbi_cde_agency_roster,1.0,1.0,overlap,33:statewide_overlap_layer,4.0,2,1,12.0,6.0,6.0,6.0,identical_7_offense_vector,T1_same_ori7_multiple_ori9
TN01941,TN0194100,TN,47,2018,6.0,0.0,0.0,0.0,0.0,0.0,0.0,6.0,0|0|0|6|0|0|0,srs_return_a_annual,5.0,0,DEPT OF CORRECTION INT A,special_jurisdiction,,037,52006,srs_agency_header,1.0,1.0,overlap,47:statewide_overlap_layer,62.0,2,2,15.0,9.0,6.0,6.0,same_ori7_different_counts,T1_same_ori7_multiple_ori9
TN01941,TN019410X,TN,47,2018,9.0,0.0,0.0,0.0,0.0,0.0,0.0,9.0,0|0|0|9|0|0|0,nibrs_srs_equivalent_annual,12.0,7,NASHVILLE,unknown,0.0,037,,fbi_cde_agency_roster,1.0,1.0,overlap,47:statewide_overlap_layer,62.0,2,2,15.0,9.0,6.0,6.0,same_ori7_different_counts,T1_same_ori7_multiple_ori9
TN01305,TN0130500,TN,47,2018,0.0,0.0,4.0,1.0,0.0,0.0,0.0,5.0,0|0|0|0|0|4|1,srs_return_a_annual,5.0,0,LINCOLN MEMORIAL UNIVERS,unknown,,,,,1.0,1.0,overlap,47:statewide_overlap_layer,7.199999999999999,2,1,10.0,5.0,5.0,5.0,identical_7_offense_vector,T1_same_ori7_multiple_ori9
TN01305,TN013059E,TN,47,2018,0.0,0.0,4.0,1.0,0.0,0.0,0.0,5.0,0|0|0|0|0|4|1,nibrs_srs_equivalent_annual,12.0,7,HARROGATE,special_jurisdiction,0.0,025,,fbi_cde_agency_roster,1.0,1.0,overlap,47:statewide_overlap_layer,3.0,2,1,10.0,5.0,5.0,5.0,identical_7_offense_vector,T1_same_ori7_multiple_ori9
DE00215,DE0021500,DE,10,2018,1.0,0.0,3.0,0.0,0.0,0.0,0.0,4.0,0|0|0|1|0|3|0,srs_return_a_annual,8.0,0,AMTRAK POLICE,special_jurisdiction,,003,99003,srs_agency_header,1.0,1.0,overlap,10:statewide_overlap_layer,9.0,2,1,8.0,4.0,4.0,4.0,identical_7_offense_vector,T1_same_ori7_multiple_ori9
DE00215,DE002159E,DE,10,2018,1.0,0.0,3.0,0.0,0.0,0.0,0.0,4.0,0|0|0|1|0|3|0,nibrs_srs_equivalent_annual,12.0,7,WILMINGTON,unknown,0.0,003,,fbi_cde_agency_roster,1.0,1.0,overlap,10:statewide_overlap_layer,6.0,2,1,8.0,4.0,4.0,4.0,identical_7_offense_vector,T1_same_ori7_multiple_ori9
KY03701,KY0370100,KY,21,2018,24.0,198.0,773.0,94.0,3.0,18.0,26.0,1136.0,3|18|26|24|198|773|94,srs_return_a_annual,12.0,7,FRANKFORT,local_police,28559.0,073,28900,srs_agency_header,1.0,1.0,exclusive,21:municipal:place:2128900,520.0,2,2,1139.0,1136.0,3.0,3.0,same_ori7_different_counts,T1_same_ori7_multiple_ori9
KY03701,KY037015A,KY,21,2018,0.0,0.0,3.0,0.0,0.0,0.0,0.0,3.0,0|0|0|0|0|3|0,nibrs_srs_equivalent_annual,4.0,7,,unknown,0.0,073,,fbi_cde_agency_roster,1.0,1.0,overlap,21:statewide_overlap_layer,2.1215593287789347,2,2,1139.0,1136.0,3.0,3.0,same_ori7_different_counts,T1_same_ori7_multiple_ori9
MI63182,MI6318200,MI,26,2018,0.0,1.0,1.0,1.0,0.0,0.0,0.0,3.0,0|0|0|0|1|1|1,srs_return_a_annual,6.0,0,CLARKSTON,unknown,,,,,1.0,1.0,overlap,26:statewide_overlap_layer,14.0,2,1,6.0,3.0,3.0,3.0,identical_7_offense_vector,T1_same_ori7_multiple_ori9
MI63182,MI631820X,MI,26,2018,0.0,1.0,1.0,1.0,0.0,0.0,0.0,3.0,0|0|0|0|1|1|1,nibrs_srs_equivalent_annual,12.0,7,,local_police,926.0,125,,fbi_cde_agency_roster,1.0,1.0,exclusive,26:municipal:place:2682450,7.0,2,1,6.0,3.0,3.0,3.0,identical_7_offense_vector,T1_same_ori7_multiple_ori9
NH00101,NH0010100,NH,33,2018,0.0,1.0,2.0,0.0,0.0,0.0,0.0,3.0,0|0|0|0|1|2|0,srs_return_a_annual,5.0,0,SP BELKNAP COUNTY,state_law_enforcement,,001,99001,srs_agency_header,1.0,1.0,overlap,33:statewide_overlap_layer,,2,2,7.0,4.0,3.0,3.0,same_ori7_different_counts,T1_same_ori7_multiple_ori9
NH00101,NH001010X,NH,33,2018,0.0,1.0,3.0,0.0,0.0,0.0,0.0,4.0,0|0|0|0|1|3|0,nibrs_srs_equivalent_annual,12.0,7,CONCORD,state_law_enforcement,0.0,001,,fbi_cde_agency_roster,1.0,1.0,overlap,33:statewide_overlap_layer,1.061665469212516,2,2,7.0,4.0,3.0,3.0,same_ori7_different_counts,T1_same_ori7_multiple_ori9
NH00601,NH0060100,NH,33,2018,1.0,0.0,1.0,1.0,0.0,0.0,0.0,3.0,0|0|0|1|0|1|1,srs_return_a_annual,10.0,0,SP HILLSBOROUGH COUNTY,state_law_enforcement,,011,99011,srs_agency_header,1.0,1.0,overlap,33:statewide_overlap_layer,6.124119557522602,2,2,7.0,4.0,3.0,3.0,same_ori7_different_counts,T1_same_ori7_multiple_ori9
NH00601,NH006010X,NH,33,2018,1.0,0.0,1.0,2.0,0.0,0.0,0.0,4.0,0|0|0|1|0|1|2,nibrs_srs_equivalent_annual,12.0,7,CONCORD,state_law_enforcement,5989.0,011,,fbi_cde_agency_roster,1.0,1.0,overlap,33:statewide_overlap_layer,4.0,2,2,7.0,4.0,3.0,3.0,same_ori7_different_counts,T1_same_ori7_multiple_ori9
MA01464,MA0146400,MA,25,2018,0.0,0.0,1.0,0.0,0.0,0.0,0.0,1.0,0|0|0|0|0|1|0,srs_return_a_annual,1.0,0,TUFTS UNIVERSITY WORCEST,special_jurisdiction,,017,26395,srs_agency_header,1.0,1.0,overlap,25:statewide_overlap_layer,15.0,3,2,46.0,44.0,1.0,2.0,same_ori7_different_counts,T1_same_ori7_multiple_ori9
MA01464,MA014640X,MA,25,2018,0.0,0.0,1.0,0.0,0.0,0.0,0.0,1.0,0|0|0|0|0|1|0,nibrs_srs_equivalent_annual,12.0,7,GRAFTON,special_jurisdiction,0.0,017,,fbi_cde_agency_roster,1.0,1.0,overlap,25:statewide_overlap_layer,5.0,3,2,46.0,44.0,1.0,2.0,same_ori7_different_counts,T1_same_ori7_multiple_ori9
MA01464,MA014649E,MA,25,2018,1.0,6.0,35.0,0.0,0.0,1.0,1.0,44.0,0|1|1|1|6|35|0,nibrs_srs_equivalent_annual,12.0,7,WORCESTER,special_jurisdiction,0.0,027,,fbi_cde_agency_roster,1.0,1.0,overlap,25:statewide_overlap_layer,25.0,3,2,46.0,44.0,1.0,2.0,same_ori7_different_counts,T1_same_ori7_multiple_ori9
NH00901,NH0090100,NH,33,2018,2.0,0.0,0.0,0.0,0.0,0.0,0.0,2.0,0|0|0|2|0|0|0,srs_return_a_annual,6.0,0,SP STRAFFORD COUNTY,state_law_enforcement,,017,99017,srs_agency_header,1.0,1.0,overlap,33:statewide_overlap_layer,10.666666666666666,2,1,4.0,2.0,2.0,2.0,identical_7_offense_vector,T1_same_ori7_multiple_ori9
NH00901,NH009010X,NH,33,2018,2.0,0.0,0.0,0.0,0.0,0.0,0.0,2.0,0|0|0|2|0|0|0,nibrs_srs_equivalent_annual,12.0,7,CONCORD,state_law_enforcement,931.0,017,,fbi_cde_agency_roster,1.0,1.0,overlap,33:statewide_overlap_layer,8.0,2,1,4.0,2.0,2.0,2.0,identical_7_offense_vector,T1_same_ori7_multiple_ori9
TN01958,TN0195800,TN,47,2018,0.0,2.0,0.0,0.0,0.0,0.0,0.0,2.0,0|0|0|0|2|0|0,srs_return_a_annual,2.0,0,DEPT OF AGRICULTURE AGR,unknown,,,,,1.0,1.0,overlap,47:statewide_overlap_layer,17.142857142857142,2,1,4.0,2.0,2.0,2.0,identical_7_offense_vector,T1_same_ori7_multiple_ori9
TN01958,TN019580X,TN,47,2018,0.0,2.0,0.0,0.0,0.0,0.0,0.0,2.0,0|0|0|0|2|0|0,nibrs_srs_equivalent_annual,12.0,7,,unknown,0.0,037,,fbi_cde_agency_roster,1.0,1.0,overlap,47:statewide_overlap_layer,10.0,2,1,4.0,2.0,2.0,2.0,identical_7_offense_vector,T1_same_ori7_multiple_ori9
TN02299,TN0229900,TN,47,2018,0.0,0.0,2.0,0.0,0.0,0.0,0.0,2.0,0|0|0|0|0|2|0,srs_return_a_annual,2.0,0,SPR HARPETH SCNC RIVERS,special_jurisdiction,,043,99043,srs_agency_header,1.0,1.0,overlap,47:statewide_overlap_layer,,2,1,4.0,2.0,2.0,2.0,identical_7_offense_vector,T1_same_ori7_multiple_ori9
TN02299,TN022990X,TN,47,2018,0.0,0.0,2.0,0.0,0.0,0.0,0.0,2.0,0|0|0|0|0|2|0,nibrs_srs_equivalent_annual,12.0,7,BURNS,unknown,0.0,,,,1.0,1.0,overlap,47:statewide_overlap_layer,1.9418846004935078,2,1,4.0,2.0,2.0,2.0,identical_7_offense_vector,T1_same_ori7_multiple_ori9
DE00335,DE0033500,DE,10,2018,1.0,0.0,0.0,0.0,0.0,0.0,0.0,1.0,0|0|0|1|0|0|0,srs_return_a_annual,2.0,0,AG SUSSEX COUNTY,special_jurisdiction,,005,99005,srs_agency_header,1.0,1.0,overlap,10:statewide_overlap_layer,,2,1,2.0,1.0,1.0,1.0,identical_7_offense_vector,T1_same_ori7_multiple_ori9
DE00335,DE003350X,DE,10,2018,1.0,0.0,0.0,0.0,0.0,0.0,0.0,1.0,0|0|0|1|0|0|0,nibrs_srs_equivalent_annual,10.0,7,GEORGETOWN,unknown,0.0,005,,fbi_cde_agency_roster,1.0,1.0,overlap,10:statewide_overlap_layer,1.0594967419771706,2,1,2.0,1.0,1.0,1.0,identical_7_offense_vector,T1_same_ori7_multiple_ori9
FL01367,FL0136700,FL,12,2018,29.0,40.0,552.0,42.0,1.0,2.0,10.0,676.0,1|2|10|29|40|552|42,srs_return_a_annual,6.0,7,CUTLER BAY,local_police,,086,15968,srs_agency_header,1.0,1.0,exclusive,12:municipal:place:1215968,662.0,2,2,677.0,676.0,1.0,1.0,same_ori7_different_counts,T1_same_ori7_multiple_ori9
FL01367,FL013670X,FL,12,2018,0.0,0.0,0.0,0.0,0.0,1.0,0.0,1.0,0|1|0|0|0|0|0,nibrs_srs_equivalent_annual,2.0,7,CUTLER BAY,local_police,45807.0,086,,fbi_cde_agency_roster,1.0,1.0,exclusive,12:municipal:place:1215968,654.0,2,2,677.0,676.0,1.0,1.0,same_ori7_different_counts,T1_same_ori7_multiple_ori9
GA01109,GA0110900,GA,13,2018,5.0,4.0,60.0,3.0,0.0,2.0,0.0,74.0,0|2|0|5|4|60|3,cius_publication_annual,12.0,7,MERCER UNIVERSITY,special_jurisdiction,,021,49000,srs_agency_header,1.0,1.0,overlap,13:statewide_overlap_layer,77.0,2,2,75.0,74.0,1.0,1.0,same_ori7_different_counts,T1_same_ori7_multiple_ori9
GA01109,GA011099E,GA,13,2018,0.0,0.0,1.0,0.0,0.0,0.0,0.0,1.0,0|0|0|0|0|1|0,nibrs_srs_equivalent_annual,1.0,7,MACON,special_jurisdiction,0.0,021,,fbi_cde_agency_roster,1.0,1.0,overlap,13:statewide_overlap_layer,77.0,2,2,75.0,74.0,1.0,1.0,same_ori7_different_counts,T1_same_ori7_multiple_ori9
TX01534,TX0153400,TX,48,2018,4.0,2.0,39.0,3.0,0.0,3.0,1.0,52.0,0|3|1|4|2|39|3,srs_return_a_annual,11.0,0,ST MARY S UNIVERSITY,special_jurisdiction,,029,65000,srs_agency_header,1.0,1.0,overlap,48:statewide_overlap_layer,30.0,2,2,53.0,52.0,1.0,1.0,same_ori7_different_counts,T1_same_ori7_multiple_ori9
TX01534,TX015349E,TX,48,2018,0.0,0.0,1.0,0.0,0.0,0.0,0.0,1.0,0|0|0|0|0|1|0,nibrs_srs_equivalent_annual,2.0,7,SAN ANTONIO,special_jurisdiction,0.0,029,,fbi_cde_agency_roster,1.0,1.0,overlap,48:statewide_overlap_layer,31.0,2,2,53.0,52.0,1.0,1.0,same_ori7_different_counts,T1_same_ori7_multiple_ori9
VA09404,VA0940400,VA,51,2018,0.0,0.0,1.0,0.0,0.0,0.0,0.0,1.0,0|0|0|0|0|1|0,cius_publication_annual,12.0,7,EMORY AND HENRY COLLEGE,special_jurisdiction,,191,25792,srs_agency_header,1.0,1.0,overlap,51:statewide_overlap_layer,1.3252384066339258,2,1,2.0,1.0,1.0,1.0,identical_7_offense_vector,T1_same_ori7_multiple_ori9
VA09404,VA094049E,VA,51,2018,0.0,0.0,1.0,0.0,0.0,0.0,0.0,1.0,0|0|0|0|0|1|0,nibrs_srs_equivalent_annual,12.0,7,EMORY,special_jurisdiction,0.0,191,,fbi_cde_agency_roster,1.0,1.0,overlap,51:statewide_overlap_layer,1.5783920354291885,2,1,2.0,1.0,1.0,1.0,identical_7_offense_vector,T1_same_ori7_multiple_ori9
VT01216,VT0121600,VT,50,2018,0.0,0.0,0.0,0.0,0.0,1.0,0.0,1.0,0|1|0|0|0|0|0,srs_return_a_annual,1.0,0,ATTORNEY GENERAL,special_jurisdiction,,023,46000,srs_agency_header,1.0,1.0,overlap,50:statewide_overlap_layer,18.0,2,1,2.0,1.0,1.0,1.0,identical_7_offense_vector,T1_same_ori7_multiple_ori9
VT01216,VT012165A,VT,50,2018,0.0,0.0,0.0,0.0,0.0,1.0,0.0,1.0,0|1|0|0|0|0|0,nibrs_srs_equivalent_annual,10.0,7,MONTPELIER,unknown,0.0,023,,fbi_cde_agency_roster,1.0,1.0,overlap,50:statewide_overlap_layer,3.0,2,1,2.0,1.0,1.0,1.0,identical_7_offense_vector,T1_same_ori7_multiple_ori9
WA03422,WA0342200,WA,53,2018,0.0,0.0,0.0,0.0,0.0,0.0,0.0,0.0,0|0|0|0|0|0|0,srs_return_a_annual,0.0,0,ST INSUR CMSNR SPC INV U,special_jurisdiction,,067,72905,srs_agency_header,1.0,1.0,overlap,53:statewide_overlap_layer,,2,2,5.0,5.0,0.0,0.0,same_ori7_different_counts,T1_same_ori7_multiple_ori9
WA03422,WA034225Y,WA,53,2018,0.0,0.0,5.0,0.0,0.0,0.0,0.0,5.0,0|0|0|0|0|5|0,nibrs_srs_equivalent_annual,11.0,7,TUMWATER,unknown,0.0,067,,fbi_cde_agency_roster,1.0,1.0,overlap,53:statewide_overlap_layer,0.242518244121834,2,2,5.0,5.0,0.0,0.0,same_ori7_different_counts,T1_same_ori7_multiple_ori9
