block_group_geoid,state_fips,population_2024,households_total,exposure_proxy_2024,vehicle_exposure_2024,burglary_premises_total,land_area_sq_mi,expected_count_total,crime_density_total,non_residential_flag,special_use_tract_flag,suppression_reasons,suppression_modes,n_offenses_published,n_neighbours,n_neighbours_coloured,neighbour_median_index,neighbour_max_index
010730045022,01,228,127,349.0,30.129270249642854,149.59481966191612,0.049132271885217266,22.234826673457025,452.55034665203334,False,False,insufficient_exposure,insufficient_exposure,4,3.0,3.0,92.49160061921259,196.6446084041576
011010030003,01,92,43,343.0,45.72707645806989,43.0,0.9268675754654334,8.663979782123192,9.347591836700632,False,False,insufficient_exposure,insufficient_exposure,4,3.0,3.0,179.7872096470666,325.107365557314
040050010001,04,2951,109,5729.0,14.0,176.78445898574833,0.18926457542695052,29.71896315351817,157.0233789734659,False,False,insufficient_exposure,insufficient_exposure,4,5.0,5.0,119.79243273596705,376.8767304973182
040139410002,04,217,17,217.0,20.2281503689975,107.37927864766445,42.69428595948265,3.8336351876332175,0.08979269945564565,False,False,insufficient_exposure,insufficient_exposure,4,13.0,13.0,54.02559323776711,90.84968703531399
060730055001,06,290,14,2716.0,40.569293032279596,126.97409830958057,0.17003166860098057,7.608426735789298,44.74711563081973,False,False,insufficient_exposure,insufficient_exposure,4,1.0,1.0,69.15812812279626,69.15812812279626
060790109032,06,1772,14,2306.0,0.0,126.97409830958057,0.22064888938814473,7.470665701250397,33.857708153285586,False,False,insufficient_exposure,insufficient_exposure,4,3.0,1.0,28.649339223114413,28.649339223114413
061070009022,06,1612,14,2017.0,28.0,14.0,2.728252293019214,7.199273870133833,2.638785968788383,False,False,insufficient_exposure,insufficient_exposure,4,2.0,2.0,72.7313117435177,102.50825090959506
080190148002,08,89,38,89.0,38.0,38.0,2.543315536687927,0.40915949084399356,0.1608764170004749,False,False,insufficient_exposure,insufficient_exposure,4,3.0,3.0,161.1142629437883,565.9825225897603
090012111001,09,998,15,1068.0,34.911041772011394,15.0,0.5964289928728669,1.617389255039243,2.711788451544979,False,False,insufficient_exposure,insufficient_exposure,4,3.0,3.0,31.00635538027174,47.299306891355805
120570115282,12,62,19,277.0,2.2505264433238823,19.0,1.4445560524214145,0.7493455196660102,0.5187375861323841,False,False,insufficient_exposure,insufficient_exposure,4,6.0,6.0,15.067938389609768,34.763986873227395
120990082014,12,502,139,502.0,47.173573231874265,252.0914172077886,0.03136848377269191,11.029184182492838,351.6008061599197,False,False,insufficient_exposure,insufficient_exposure,4,3.0,3.0,235.0610955937041,615.168717973873
121030245171,12,52,12,52.0,25.493411401112336,12.0,0.40360339723721744,1.103905519592455,2.7351244492712627,False,False,insufficient_exposure,insufficient_exposure,4,3.0,2.0,105.94156333561543,109.583892297807
131790101031,13,138,28,498.0,44.0,28.0,0.35664951373077924,0.4899472839290872,1.3737500404919358,False,False,insufficient_exposure,insufficient_exposure,4,3.0,3.0,15.6709980567881,57.833614931804554
160619503001,16,29,13,29.0,48.0,35.59481966191611,88.73857030949846,0.0797379757970974,0.0008985717881073678,False,False,insufficient_exposure,insufficient_exposure,1,7.0,7.0,18.701218914900558,78.11126035331537
160859701001,16,312,37,312.0,48.883405305367056,128.6552892602145,2406.145075314651,1.7412075916952163,0.0007236502942232272,False,False,insufficient_exposure,insufficient_exposure,4,10.0,7.0,21.62630689307003,52.46446676520634
170316811005,17,244,74,612.0,44.5149234516107,119.18963932383222,0.06302384144921809,35.494701345128334,563.1948248303531,False,False,insufficient_exposure,insufficient_exposure,4,9.0,9.0,511.65266221792257,1235.2483549591277
171635023006,17,670,143,670.0,17.531387604462733,260.7591381066432,0.3493595188743936,11.869401193818003,33.97474679396227,False,False,insufficient_exposure,insufficient_exposure,4,6.0,6.0,107.6717941363857,463.91312251822967
171659556004,17,48,10,48.0,0.0,10.0,3.003010311116834,0.355060003716013,0.1182346935012569,False,False,insufficient_exposure,insufficient_exposure,1,3.0,3.0,53.4682844824328,85.42527900828769
172010037113,17,92,51,193.0,49.960583848759,163.97409830958057,0.6124877538530477,5.498492581901083,8.977310235692189,False,False,insufficient_exposure,insufficient_exposure,4,4.0,3.0,91.69280180422112,179.29801931741653
180973604061,18,46,41,815.0,35.68566528053701,41.0,0.2451358743882419,14.820485279905748,60.458247153304555,False,False,insufficient_exposure,insufficient_exposure,4,5.0,5.0,212.66940316862073,289.8520189335352
181570105001,18,961,15,1125.0,15.796504466515009,37.59481966191611,0.17263438325205285,7.7001034883671124,44.60353345210881,False,False,insufficient_exposure,insufficient_exposure,4,5.0,3.0,28.95250694828831,176.78531680212788
210930002023,21,49,27,80.0,40.443620236273006,27.0,0.5985903927566679,0.16879890154278337,0.28199400388873525,False,False,insufficient_exposure,insufficient_exposure,4,4.0,3.0,23.488235741292623,26.592705480903934
220019601016,22,100,83,181.0,44.81259572934499,128.30695822204027,1.4708739338575574,2.9939232376241396,2.035472360144549,False,False,insufficient_exposure,insufficient_exposure,4,6.0,6.0,93.8173424873787,180.7589061112527
220190014023,22,53,53,253.0,8.194031319714798,213.71575885851286,0.23118832001124515,6.568290693298171,28.410997116890183,False,False,insufficient_exposure,insufficient_exposure,4,5.0,5.0,201.04172335715947,293.1452433111087
220450307005,22,147,75,147.0,47.228431625032194,75.0,0.05793269838601692,3.3237593947318116,57.37277025463153,False,False,insufficient_exposure,insufficient_exposure,4,5.0,5.0,165.3762309150863,242.04078093785424
220450309002,22,211,83,211.0,27.0,105.59481966191612,0.053542330740661205,9.700437771586847,181.17324437316893,False,False,insufficient_exposure,insufficient_exposure,4,6.0,6.0,307.0831074265352,402.1869437513501
220450310006,22,420,159,420.0,24.77955189286634,159.0,0.08018067696843598,4.955582512865384,61.80519671611409,False,False,insufficient_exposure,insufficient_exposure,4,4.0,4.0,173.21048072117839,238.38967978240976
220450311017,22,60,24,167.0,35.88977594643317,46.59481966191611,0.06782579399563345,1.6735020201918933,24.67353379305271,False,False,insufficient_exposure,insufficient_exposure,4,3.0,3.0,82.2324375703912,88.01957341186599
220710016001,22,29,30,56.0,34.242953988516504,30.0,0.05530411489031894,11.16601258111749,201.90202127386576,False,False,insufficient_exposure,insufficient_exposure,4,3.0,3.0,285.3099426805661,538.8943561889378
220710044022,22,220,156,225.0,39.0,156.0,0.061166303964229396,20.21488969103286,330.4906195223878,False,False,insufficient_exposure,insufficient_exposure,4,5.0,5.0,575.7332342209186,1477.7843080086943
220979609013,22,211,50,342.0,33.0,50.0,0.12435192221789776,4.655532196146651,37.43836133058656,False,False,insufficient_exposure,insufficient_exposure,4,4.0,4.0,141.94182319631645,306.33016694797834
220979613024,22,213,108,213.0,30.0,108.0,0.12775965986963547,12.86171201505193,100.6711510360616,False,False,insufficient_exposure,insufficient_exposure,4,6.0,6.0,152.57534423985277,210.7426431971366
220990201015,22,42,19,42.0,45.158633724854866,19.0,53.185795899271525,1.618274570001673,0.03042681871427702,False,False,insufficient_exposure,insufficient_exposure,1,11.0,11.0,71.37686756915396,118.40154139621387
220990202013,22,98,58,123.0,0.8948292156068584,58.0,0.94828775101983,2.260703838168172,2.3839850675461247,False,False,insufficient_exposure,insufficient_exposure,4,4.0,4.0,83.2045955514421,107.83636027006105
230159756005,23,121,49,121.0,49.1078967943706,139.49659754587248,0.8502772624697493,0.5943504660179065,0.6990078322117333,False,False,insufficient_exposure,insufficient_exposure,4,1.0,0.0,,
240217521023,24,37,19,46.0,63.395115710055464,19.0,0.4952980266770414,0.3210838316755568,0.6482639025027233,False,False,insufficient_exposure,insufficient_exposure,2,2.0,2.0,14.682706677948282,17.647772701353247
245101002001,24,368,245,368.0,18.631443965676528,245.0,0.0416565618905486,35.49258145655609,852.0285843515317,False,False,insufficient_exposure,insufficient_exposure,4,8.0,7.0,437.1115973070863,1099.3410178916013
245101403002,24,151,94,184.0,31.765751916098182,211.4401354535057,0.03948821216789293,38.12303187713927,965.4281565103709,False,False,insufficient_exposure,insufficient_exposure,4,6.0,6.0,958.2337896995598,1932.9256493274672
245102603021,24,150,122,162.0,27.13430795042165,122.5083818922348,0.0614091622219841,19.54083206160998,318.20711038155935,False,False,insufficient_exposure,insufficient_exposure,4,5.0,5.0,286.9490492916806,309.53649216465794
245102711022,24,2501,17,3659.0,30.251431992372563,62.189639323832225,0.16259495492432977,5.625419221141526,34.59774765926499,False,False,insufficient_exposure,insufficient_exposure,4,6.0,5.0,89.3283019117875,164.52543274451065
250072004006,25,32,18,159.0,16.05915978586335,63.267851922637576,13.186048178421947,0.004432744814675558,0.0003361693173493357,False,False,insufficient_exposure,insufficient_exposure,4,2.0,0.0,,
250250610002,25,61,60,303.0,28.881755943969374,82.59481966191612,0.01965684699610455,9.331043096771308,474.6968371184079,False,False,insufficient_exposure,insufficient_exposure,4,6.0,5.0,138.40086480725074,193.97596857843658
260490022005,26,110,44,111.0,49.25581789393116,114.65548286398591,0.20085806494300856,8.069584491943326,40.17555627767791,False,False,insufficient_exposure,insufficient_exposure,4,6.0,5.0,194.6977369510352,332.602879342956
260650044022,26,19,19,415.0,14.0,19.0,0.044138812668140015,1.8657783157829355,42.27069563041688,False,False,insufficient_exposure,insufficient_exposure,4,2.0,1.0,80.27672010108108,80.27672010108108
260979505001,26,34,18,218.0,36.56096461573135,108.41838494706712,35.11483533412824,0.4511021469246914,0.012846483334816142,False,False,insufficient_exposure,insufficient_exposure,4,2.0,1.0,204.80673170854337,204.80673170854337
261614112003,26,38,12,46.0,15.308505105253072,12.0,0.15814435534223362,1.0722486988378281,6.78018950798098,False,False,insufficient_exposure,insufficient_exposure,1,7.0,7.0,83.96530746097478,281.55181089788215
261635035003,26,60,19,239.0,29.72724268510041,116.07833436355212,0.12427354347970347,16.630255269971457,133.8197560342965,False,False,insufficient_exposure,insufficient_exposure,4,7.0,7.0,526.7588097750556,840.8013230039046
261635091002,26,139,78,280.0,23.8034389914892,78.0,0.16289418409723896,21.701623037510466,133.22527847007586,False,False,insufficient_exposure,insufficient_exposure,4,6.0,5.0,277.69683108739093,636.1335132831186
261635315011,26,145,87,253.0,12.410316974467602,87.11731889820803,0.09682669933183594,34.88638621385928,360.2971747936975,False,False,insufficient_exposure,insufficient_exposure,4,7.0,7.0,508.87516626956506,888.1669762031856
320030050053,32,422,367,464.0,36.8575523847443,412.18963932383224,0.06947676682577512,19.833410303735146,285.468239382394,False,False,insufficient_exposure,insufficient_exposure,4,6.0,6.0,270.3124934979628,486.21648423494287
340076016003,34,746,309,746.0,49.817735501687636,309.3190026531375,0.08767762258182722,19.64146032246419,224.0190797159598,False,False,insufficient_exposure,insufficient_exposure,4,5.0,5.0,367.0508004411774,398.6094661096102
340230018064,34,73,21,887.0,31.55099012540893,21.23463779641606,0.3566147645365059,1.3829082661024592,3.877877204270643,False,False,insufficient_exposure,insufficient_exposure,4,5.0,3.0,69.63160127637993,151.59440210487483
360050025003,36,582,209,920.0,18.53223469326069,504.0868788162648,0.009038265430492652,54.79249270489473,6062.279662648514,False,False,insufficient_exposure,insufficient_exposure,4,7.0,7.0,252.50303229075243,962.2976436248214
360050037001,36,418,149,418.0,47.02148979550713,149.0,0.06408253356807882,54.070606314730114,843.7651151430769,False,False,insufficient_exposure,insufficient_exposure,4,13.0,13.0,369.0722309170297,926.6924793019207
360050039004,36,333,189,694.0,6.416348072036886,237.69866850834484,0.01030969983873787,17.48697347196465,1696.1670800791649,False,False,insufficient_exposure,insufficient_exposure,4,6.0,6.0,266.56321765848617,429.2333966428298
360050044002,36,396,186,396.0,10.231773242447613,188.55202122510008,0.00857648724881598,17.27236146366678,2013.92026392289,False,False,insufficient_exposure,insufficient_exposure,4,4.0,3.0,311.16715036472294,417.46535894561634
360050044004,36,523,225,523.0,28.669611109991628,293.73531468724474,0.028628316753160694,36.81565316861274,1285.9873490308553,False,False,insufficient_exposure,insufficient_exposure,4,9.0,7.0,437.1097278108904,918.5815788084446
360050050013,36,932,253,932.0,39.45932766305114,253.638005306275,0.0075865213141847205,21.101008758210444,2781.3813320154163,False,False,insufficient_exposure,insufficient_exposure,4,6.0,6.0,164.9534198511336,405.46044626458735
360050063013,36,938,426,938.0,11.716809522849967,455.56146721570644,0.013114732020912637,16.510261707837895,1258.9095744778297,False,False,insufficient_exposure,insufficient_exposure,4,4.0,2.0,233.0826886092587,308.2043654969002
360050067003,36,402,402,660.0,6.137376416730935,402.0,0.009544831462566059,5.802428423297037,607.9131356120454,False,False,insufficient_exposure,insufficient_exposure,4,6.0,4.0,282.57645442354675,348.06995326760585
360050067004,36,1501,510,1501.0,11.716809522849967,532.5948196619161,0.0151286408801313,40.177871818011404,2655.748929223225,False,False,insufficient_exposure,insufficient_exposure,4,5.0,4.0,202.57723479763172,602.1749315205795
360050069004,36,1254,458,1254.0,0.0,458.0,0.008425907406964892,3.1629347445630707,375.3820914230051,False,False,insufficient_exposure,insufficient_exposure,4,3.0,3.0,258.0994679415962,602.1749315205795
360050075004,36,706,380,706.0,17.296242628968997,540.7157588585128,0.009434406245208594,15.151292119995798,1605.9613849775242,False,False,insufficient_exposure,insufficient_exposure,4,5.0,4.0,228.24287291214026,615.2729065865312
360050076003,36,936,208,936.0,31.789716553059517,209.27601061255004,0.010516650595743469,30.278624508877087,2879.1129108284836,False,False,insufficient_exposure,insufficient_exposure,4,5.0,5.0,254.7020908756283,345.39492334545395
360050079006,36,1112,441,1112.0,11.716809522849967,441.0,0.01245102241029207,47.165173876487344,3788.0562994971724,False,False,insufficient_exposure,insufficient_exposure,4,7.0,6.0,387.80385935318816,826.7831861600833
360050085001,36,797,366,797.0,49.78127890937135,484.1378965848378,0.019047191687686937,55.25753125915112,2901.08548100938,False,False,insufficient_exposure,insufficient_exposure,4,9.0,7.0,245.5602825130436,1283.4781870414263
360050085004,36,784,331,784.0,15.253263037954742,491.3967562053753,0.005962575635144518,3.8719343518233655,649.3727859821973,False,False,insufficient_exposure,insufficient_exposure,4,6.0,5.0,251.10323303773805,551.3579907054376
360050119004,36,683,280,683.0,32.67382993183571,280.63800530627503,0.006944819526603928,56.635937545288876,8155.134532773713,False,False,insufficient_exposure,insufficient_exposure,4,4.0,4.0,383.8131120978584,804.2710467218336
360050119005,36,713,256,713.0,22.278971655305952,256.0,0.01306338043381983,28.267902198193877,2163.9040783816577,False,False,insufficient_exposure,insufficient_exposure,4,3.0,2.0,265.79783377738346,422.7704898669448
360050133003,36,1831,579,1831.0,0.0,579.0,0.007134781788631455,7.621643309616111,1068.2377591085435,False,False,insufficient_exposure,insufficient_exposure,4,4.0,3.0,289.4157542055432,410.56364472565923
360050133004,36,952,357,952.0,49.78971655305951,357.0,0.009688461465562482,3.6432249214682684,376.03750961058853,False,False,insufficient_exposure,insufficient_exposure,4,5.0,4.0,226.8600507039723,289.4157542055432
360050144004,36,1121,359,1121.0,0.0,359.0,0.018736765552178538,17.104394210565037,912.8787016591717,False,False,insufficient_exposure,insufficient_exposure,4,4.0,4.0,268.9659502307916,716.0385080251262
360050147011,36,2781,988,2781.0,42.231773242447616,988.0,0.015921308611721776,20.078016531046504,1261.0782832426491,False,False,insufficient_exposure,insufficient_exposure,4,7.0,6.0,244.83148008304155,949.1067911433889
360050147013,36,832,318,832.0,35.06446938652138,318.07821259880535,0.011374569592136083,12.792935395050055,1124.6962174194769,False,False,insufficient_exposure,insufficient_exposure,4,6.0,5.0,199.79720897137219,341.04875110830557
360050147021,36,1096,497,1096.0,21.0,497.0,0.007402350584536081,34.20653770453382,4621.037238629736,False,False,insufficient_exposure,insufficient_exposure,4,4.0,4.0,163.16291740464948,289.8657511947109
360050153002,36,904,421,904.0,6.97429138264879,421.0,0.009611241033843974,20.18334373963055,2099.9726953635986,False,False,insufficient_exposure,insufficient_exposure,4,3.0,3.0,395.4734260058093,493.90857822599855
360050173001,36,685,293,1413.0,49.09901133384748,454.99176947106287,0.018873445716320297,32.3513285985196,1714.1188251885915,False,False,insufficient_exposure,insufficient_exposure,4,8.0,8.0,273.66118698215354,695.2994130315728
360050175004,36,859,396,1858.0,33.75557029202014,422.1038488464287,0.015686558499297513,49.78342227346946,3173.6357133847364,False,False,insufficient_exposure,insufficient_exposure,4,7.0,7.0,135.62785130424407,455.2268413312906
360050179012,36,416,169,416.0,29.06868820836547,171.87102387823757,0.0031131417047316097,8.763459004051922,2814.9887911406327,False,False,insufficient_exposure,insufficient_exposure,4,6.0,5.0,259.74290771579024,491.5671192949057
360050179021,36,1103,406,1103.0,19.806987526722562,500.3246293835226,0.018002013144376945,62.62778400608613,3478.932245177721,False,False,insufficient_exposure,insufficient_exposure,4,8.0,6.0,364.97765280646024,604.7424880990624
360050179023,36,1089,445,1089.0,20.085959182028514,479.3979178280039,0.00606025948126843,55.943829422730055,9231.25974979224,False,False,insufficient_exposure,insufficient_exposure,4,6.0,5.0,214.39017391776426,491.5671192949057
360050183012,36,998,279,998.0,14.0,279.0,0.006705436188276556,17.03442609893879,2540.3904564360655,False,False,insufficient_exposure,insufficient_exposure,4,4.0,4.0,111.54883755784716,406.8008210520073
360050193004,36,1364,535,1364.0,46.309294780787965,595.4956144165166,0.01707189304432753,131.27647512705386,7689.626146684011,False,False,insufficient_exposure,insufficient_exposure,4,8.0,7.0,379.34339034123724,535.1557117349668
360050199001,36,377,263,377.0,34.31351360263204,458.75168199279176,0.008973014165690515,16.572725709705576,1846.951916455626,False,False,insufficient_exposure,insufficient_exposure,4,6.0,4.0,339.4534017620643,693.0624365214046
360050199003,36,789,297,789.0,49.27475283346187,343.7846525895198,0.010039814429881689,10.141780201910803,1010.1561411061177,False,False,insufficient_exposure,insufficient_exposure,4,6.0,5.0,235.47507231993174,379.34339034123724
360050205012,36,1313,286,1313.0,5.0214897955071285,286.0,0.03904766960493884,46.269714089258294,1184.9545582972764,False,False,insufficient_exposure,insufficient_exposure,4,5.0,3.0,140.36786782626552,145.66680183415133
360050211004,36,979,446,979.0,41.69110090549876,548.2605894125577,0.011037502407684798,39.50008443360841,3578.7158158268394,False,False,insufficient_exposure,insufficient_exposure,4,9.0,8.0,234.36702848724494,693.0624365214046
360050215024,36,243,98,243.0,32.13737641673094,282.38490537804955,0.008107759228284644,37.63658549536382,4642.045284727403,False,False,insufficient_exposure,insufficient_exposure,4,4.0,4.0,236.4152544861578,315.3149385222604
360050216021,36,196,76,389.0,15.343441041827337,190.8881142284056,0.009529387376222357,31.05480304662229,3258.8456970602283,False,False,insufficient_exposure,insufficient_exposure,4,9.0,8.0,177.79387135437713,442.72163070883266
360050216023,36,856,263,856.0,32.017270973663045,450.45761301121655,0.012918206022189037,33.89882151134519,2624.112160242581,False,False,insufficient_exposure,insufficient_exposure,4,9.0,9.0,328.97982927040766,672.2149675622809
360050217002,36,1002,438,1002.0,24.95280158714166,439.59501326568756,0.007835943308635499,36.27408081583938,4629.191328613111,False,False,insufficient_exposure,insufficient_exposure,4,5.0,4.0,209.00994779755004,280.3774042737863
360050217004,36,733,217,733.0,44.41634807203688,240.55182762132864,0.007625517632202566,28.144753230907213,3690.864619085254,False,False,insufficient_exposure,insufficient_exposure,4,5.0,4.0,222.32647384998214,280.3774042737863
360050223001,36,414,169,414.0,24.270534011617787,276.722740815298,0.008696178917979667,18.189212239223888,2091.632705672261,False,False,insufficient_exposure,insufficient_exposure,4,6.0,6.0,273.28839843515254,693.0624365214046
360050224041,36,506,268,506.0,48.82003967854153,518.5114009107492,0.007613934567444791,18.99250560879398,2494.4403501969937,False,False,insufficient_exposure,insufficient_exposure,4,4.0,4.0,302.1431607114053,473.9573575337746
360050225001,36,2052,469,2052.0,48.0,514.1896393238322,0.00719501372537189,38.797756955464706,5392.311736480997,False,False,insufficient_exposure,insufficient_exposure,4,5.0,4.0,335.37041679944946,568.1814973509307
360050225005,36,575,175,737.0,46.068688208365465,199.50883558074116,0.0052235761035984065,27.14500509583673,5196.632452073807,False,False,insufficient_exposure,insufficient_exposure,4,5.0,4.0,185.22932320953274,274.72846428162995
360050229014,36,586,303,586.0,35.11588662122381,303.07821259880535,0.0077741669632606925,28.947291344412406,3723.5232380796647,False,False,insufficient_exposure,insufficient_exposure,4,4.0,4.0,136.20086221327477,194.02385387575964
360050235012,36,988,333,988.0,34.30046145081308,403.9744855171234,0.004642492354916641,17.246271682012328,3714.873469580974,False,False,insufficient_exposure,insufficient_exposure,4,5.0,4.0,263.7752259460769,569.0663366741481
360050237032,36,779,203,779.0,15.90138435243924,362.75875089910033,0.008112778556346347,44.597278811446586,5497.164565962382,False,False,insufficient_exposure,insufficient_exposure,4,7.0,7.0,324.9074831753917,489.2960032100235
360050241001,36,835,222,835.0,27.618193875289208,404.9463173099727,0.011720903228393587,45.229013748317115,3858.8334761395345,False,False,insufficient_exposure,insufficient_exposure,4,7.0,7.0,374.07455106536923,1045.189612009758
360050241005,36,1258,477,1258.0,19.785497731215436,560.0965863363487,0.007795788684141875,22.194244625053845,2846.9530825279016,False,False,insufficient_exposure,insufficient_exposure,4,8.0,7.0,278.25003051109366,605.1946309748249
360050245022,36,48,48,756.0,35.42940022385585,161.61210361585557,0.007637872901277528,2.312588702772972,302.77915496422617,False,False,insufficient_exposure,insufficient_exposure,4,6.0,6.0,174.09542418218214,298.33008488891636
360050253004,36,621,252,621.0,3.6266315189773706,299.1036552426573,0.00917803441190315,33.20073658415223,3617.4125192964657,False,False,insufficient_exposure,insufficient_exposure,4,7.0,7.0,251.35649320770747,423.5660539608102
360050263002,36,1221,557,1221.0,25.95280158714166,557.0,0.0055197164592388805,14.728816840115734,2668.400985609088,False,False,insufficient_exposure,insufficient_exposure,4,6.0,6.0,154.47438263032805,338.19058545419466
360050263004,36,732,259,732.0,38.068688208365465,259.0,0.005950992570386743,3.1743511465213734,533.4154107866881,False,False,insufficient_exposure,insufficient_exposure,4,3.0,3.0,153.6601606077706,169.41752221375017
360050267023,36,693,313,693.0,46.51074489775356,313.0,0.013046391938841759,26.13128950655079,2002.951438914895,False,False,insufficient_exposure,insufficient_exposure,4,6.0,6.0,112.57596911769974,712.9768766289585
360050289004,36,445,390,445.0,46.36914965917855,435.2678519226376,0.004683805285886042,5.871607335830424,1253.597657768492,False,False,insufficient_exposure,insufficient_exposure,4,5.0,5.0,165.288831408244,678.4847519699842
360050328002,36,944,464,944.0,44.27897165530595,464.0,0.017539462758383088,31.209802476075154,1779.4047004751185,False,False,insufficient_exposure,insufficient_exposure,4,6.0,6.0,251.41951930952376,698.7050440775268
360050336013,36,437,263,437.0,27.0,263.0,0.006052151335937986,23.86480965542438,3943.1944660263057,False,False,insufficient_exposure,insufficient_exposure,4,4.0,3.0,361.56658221746403,1467.8439778266124
360050361003,36,1106,396,1106.0,27.111667799379724,494.9923502823772,0.02028464910597601,67.76949674661275,3340.92526780004,False,False,insufficient_exposure,insufficient_exposure,4,7.0,5.0,319.8637520784473,428.18253408915325
360050373004,36,2270,831,2270.0,41.74251814020118,900.0604695982984,0.012367624344036082,25.460765324715783,2058.6625706329346,False,False,insufficient_exposure,insufficient_exposure,4,6.0,6.0,246.88839417650485,439.5326373385934
360050374003,36,519,234,519.0,17.416348072036886,234.0,0.007807757851058243,20.853783112648735,2670.9054648540705,False,False,insufficient_exposure,insufficient_exposure,4,4.0,4.0,246.51206932445132,370.7798813321665
360050379001,36,1538,503,1538.0,30.510744897753565,505.0313348170331,0.010772636326890319,45.959017815230105,4266.273957518517,False,False,insufficient_exposure,insufficient_exposure,4,6.0,6.0,311.03628600975156,525.8468102617308
360050381003,36,637,178,637.0,31.789716553059517,178.03910629940268,0.004870292628486237,9.908749581602454,2034.5285873884436,False,False,insufficient_exposure,insufficient_exposure,4,5.0,5.0,159.1812975642597,569.0663366741481
360050385003,36,1466,435,1466.0,22.87567573508803,694.070103834615,0.013120909655450118,46.37889819928077,3534.731921579543,False,False,insufficient_exposure,insufficient_exposure,4,5.0,5.0,399.45386653419575,986.4409413768874
360050386008,36,553,315,553.0,22.811206348566643,435.6301619848807,0.008528224478991913,1.9900375761369786,233.34723201050318,False,False,insufficient_exposure,insufficient_exposure,4,5.0,5.0,162.93595156125096,299.48567433924586
360050387003,36,1005,442,1005.0,38.74251814020118,466.82168597596257,0.014001222577041098,32.1697284574422,2297.6371013623784,False,False,insufficient_exposure,insufficient_exposure,4,4.0,3.0,190.40745104664515,262.8563284111039
360050391005,36,463,241,463.0,37.66117346630347,1156.3942008878028,0.009475333074019402,17.714207986701073,1869.5076836161043,False,False,insufficient_exposure,insufficient_exposure,4,7.0,6.0,235.49255502023234,1300.0271649410975
360050393002,36,1586,430,1586.0,38.90138435243924,522.951949398419,0.016632122685690632,50.082814329988466,3011.210010678732,False,False,insufficient_exposure,insufficient_exposure,4,10.0,9.0,277.0132153200637,422.56472870287865
360050399024,36,759,335,812.0,42.57521428427495,420.9676102145863,0.005359097961264386,15.241458211844705,2844.034261364528,False,False,insufficient_exposure,insufficient_exposure,4,5.0,5.0,472.57935765541157,712.0751014184586
360050405012,36,900,362,900.0,39.11588662122381,362.07821259880535,0.005498480840516291,9.089590999143779,1653.1095156622011,False,False,insufficient_exposure,insufficient_exposure,4,5.0,5.0,174.00870562045964,447.2848427282768
360050413002,36,259,149,259.0,7.532234693260692,150.91401591882504,0.004550213939013025,14.236388638567208,3128.7295123655626,False,False,insufficient_exposure,insufficient_exposure,4,4.0,4.0,180.20055467724984,400.7871225107864
360050413003,36,664,339,664.0,42.39485827652976,339.3190026531375,0.007617023384713531,13.380013118683133,1756.593414894228,False,False,insufficient_exposure,insufficient_exposure,4,5.0,5.0,237.9341982842459,634.5967553527827
360050415005,36,938,396,938.0,20.836914965917856,396.0,0.0067062083925937405,1.3413965010348925,200.02308644573517,False,False,insufficient_exposure,insufficient_exposure,4,4.0,4.0,221.68834804209035,291.32556823116295
360050419003,36,807,512,807.0,14.553724488767822,670.2419502322182,0.011791946025574613,33.89501945042547,2874.421183485174,False,False,insufficient_exposure,insufficient_exposure,4,6.0,6.0,338.5403184784013,634.5967553527827
360050431012,36,343,124,424.0,40.25326303795474,238.96632682721096,0.007330921685196463,18.99573304868052,2591.1793720343708,False,False,insufficient_exposure,insufficient_exposure,4,6.0,5.0,200.6123300489828,365.10170483485695
360050462043,36,71,43,872.0,10.60092290162616,65.59481966191612,0.021148745736906106,32.31364074568129,1527.9223244568886,False,False,insufficient_exposure,insufficient_exposure,4,7.0,6.0,33.65265261161945,391.27812614899557
360050462063,36,98,71,107.0,42.455108841207064,74.3402994710697,0.01546068873652088,0.7828645328830717,50.63581229947456,False,False,insufficient_exposure,insufficient_exposure,4,8.0,7.0,21.840710294347154,391.27812614899557
360359702002,36,36,12,36.0,27.0,12.0,0.04558630966070343,0.2519435201089134,5.526736469438219,False,False,insufficient_exposure,insufficient_exposure,1,2.0,2.0,56.286345215513684,58.647579526273226
360359706021,36,30,16,92.0,28.888856990526186,16.0,2.8763576061358833,0.3776137242566235,0.131281911348955,False,False,insufficient_exposure,insufficient_exposure,4,4.0,4.0,32.37384771316805,92.20063049087098
360470015012,36,1850,561,1850.0,44.03613241657772,585.1836806696875,0.03247852747864546,120.96696962231705,3724.5213688290673,False,False,insufficient_exposure,insufficient_exposure,4,6.0,5.0,310.5432973033908,979.0951440861288
360470078004,36,644,258,644.0,45.518364071123024,330.2896024290761,0.011732100190992769,9.141768714805252,779.2099083694985,False,False,insufficient_exposure,insufficient_exposure,4,5.0,5.0,206.0799002112077,333.1134110029542
360470085002,36,2204,923,2204.0,37.92535226417124,924.7782402468687,0.02346188376903398,39.551665992377025,1685.7839030205682,False,False,insufficient_exposure,insufficient_exposure,4,4.0,4.0,249.32651425147367,642.112602707153
360470127003,36,1221,418,1221.0,46.807226483315546,418.0,0.011257580638082543,14.323939269316147,1272.3816714988136,False,False,insufficient_exposure,insufficient_exposure,4,4.0,4.0,193.730606946107,266.0491259742486
360470185012,36,1038,407,1038.0,43.429025078395846,407.0391062994027,0.01259581071976427,41.50391139111591,3295.0567704222103,False,False,insufficient_exposure,insufficient_exposure,4,5.0,4.0,158.50708722338146,192.416104768892
360470211001,36,511,186,511.0,35.214810402032086,186.0,0.023693545064189504,9.101943493071998,384.1528765920598,False,False,insufficient_exposure,insufficient_exposure,4,7.0,4.0,251.4797010361414,438.241860029584
360470257002,36,292,146,528.0,34.50367281422461,169.55182762132864,0.007878414546080677,29.140156590268138,3698.733599232179,False,False,insufficient_exposure,insufficient_exposure,4,5.0,5.0,168.56709561278763,298.232624953504
360470289004,36,1635,544,1635.0,43.585070452834245,592.5299387949019,0.015861462777139932,12.361098091566728,779.3164013461579,False,False,insufficient_exposure,insufficient_exposure,4,5.0,5.0,291.5252512490073,1043.3500187855025
360470307002,36,832,550,832.0,18.436966432513383,552.8710238782376,0.01666378306269522,43.187501830612625,2591.6985157647287,False,False,insufficient_exposure,insufficient_exposure,4,3.0,3.0,219.19185090414732,619.2177856467142
360470315001,36,1092,489,1092.0,29.21421467636376,608.1731171430556,0.016903938605339775,53.98423583053658,3193.589203730516,False,False,insufficient_exposure,insufficient_exposure,4,7.0,7.0,269.7629037533789,581.1326712082105
360470343003,36,556,328,811.0,12.459003317861015,328.0,0.017599694695123524,18.204112186925812,1034.3424986781026,False,False,insufficient_exposure,insufficient_exposure,4,6.0,5.0,235.42971320024884,377.86467902565784
360470343004,36,2138,665,2138.0,0.0,687.5948196619161,0.00878807123172469,51.02728309198226,5806.425749916,False,False,insufficient_exposure,insufficient_exposure,4,6.0,5.0,243.9469257344598,349.8985077943639
360470349022,36,812,251,812.0,41.48104020320865,318.7844589857483,0.009009307768598212,15.173608035801376,1684.2146395185573,False,False,insufficient_exposure,insufficient_exposure,4,5.0,4.0,221.48581461255196,260.96085345949484
360470361001,36,605,280,605.0,41.65177683454547,282.54586896718394,0.013877283784132895,28.271082093207717,2037.220145741525,False,False,insufficient_exposure,insufficient_exposure,4,5.0,5.0,193.768595926062,450.0200240089193
360470369002,36,409,295,1044.0,39.95473477796808,412.1211328003682,0.020139088592186626,42.9564960860148,2132.9910680605803,False,False,insufficient_exposure,insufficient_exposure,4,8.0,8.0,326.9147018065114,599.1700081672967
360470417004,36,1012,499,1012.0,35.76255698695195,499.0,0.014207401129729512,32.57540319706884,2292.8474320967543,False,False,insufficient_exposure,insufficient_exposure,4,5.0,5.0,244.86007462009945,295.0317872954492
360470431004,36,985,451,985.0,42.75521135850275,643.2426528082792,0.012997356964700507,29.655922362219183,2281.688688151109,False,False,insufficient_exposure,insufficient_exposure,4,7.0,7.0,267.8050681916283,337.27344162457695
360470489001,36,767,493,767.0,13.66646809144389,493.63800530627503,0.012725927147209954,49.21037573244912,3866.938350596959,False,False,insufficient_exposure,insufficient_exposure,4,6.0,6.0,194.43515688142054,571.5525037523898
360470545002,36,739,94,739.0,10.096088895508064,97.22298057286167,0.010042131042833243,12.08868936193059,1203.7972129987204,False,False,insufficient_exposure,insufficient_exposure,4,6.0,4.0,172.67486164358212,297.2479829573068
360470545003,36,1266,392,1266.0,44.52570969957223,402.5661938529405,0.013926318758274147,16.335642140382195,1173.0050434668228,False,False,insufficient_exposure,insufficient_exposure,4,7.0,5.0,164.68581205403854,297.2479829573068
360470545004,36,104,103,281.0,20.192177791016128,106.5195669462409,0.004614306897339386,10.993501187548327,2382.4815800369042,False,False,insufficient_exposure,insufficient_exposure,4,3.0,2.0,55.7539403361656,68.8574789065322
360470644002,36,53,18,53.0,30.074052010160433,18.0,0.0038347666391410577,0.7395308751303131,192.8489904918854,False,False,insufficient_exposure,insufficient_exposure,4,3.0,3.0,80.42315109721018,92.17858193786736
360470882003,36,1116,364,1116.0,7.947984875187199,364.3190026531375,0.014539062883960499,13.066900555029605,898.7443454450572,False,False,insufficient_exposure,insufficient_exposure,4,7.0,7.0,191.47590977950796,274.2537345186179
360470892002,36,617,425,617.0,36.41433382149742,690.964691047516,0.01711166156666256,38.02141298971945,2221.9591499982607,False,False,insufficient_exposure,insufficient_exposure,4,8.0,7.0,300.18527132456603,511.45520950309304
360470894001,36,628,258,628.0,24.42962080406417,258.63800530627503,0.016366484400578966,15.841953869519328,967.9509344694036,False,False,insufficient_exposure,insufficient_exposure,4,9.0,9.0,272.0047305912705,433.0482575727648
360470900007,36,332,139,359.0,16.540400956470656,278.07794715600926,0.009688847567721074,28.302543751074566,2921.1465608527105,False,False,insufficient_exposure,insufficient_exposure,4,6.0,4.0,379.56315594999353,511.45520950309304
360470902003,36,541,39,541.0,19.859241608128347,39.0,0.005319329438929355,6.3965624351981525,1202.512931119682,False,False,insufficient_exposure,insufficient_exposure,4,4.0,4.0,197.16950139620002,540.9693015165956
360470920001,36,16,16,376.0,20.511018442673816,16.0,0.011074954317068274,7.06345831139733,637.7866769627584,False,False,insufficient_exposure,insufficient_exposure,4,5.0,5.0,243.8092169434089,448.90623047689394
360470928003,36,48,32,48.0,32.214810402032086,32.31900265313751,0.002961789658563336,3.519228376946058,1188.210096814612,False,False,insufficient_exposure,insufficient_exposure,1,3.0,3.0,101.74107418848544,290.8678539907723
360471134002,36,707,364,707.0,46.081397638609644,364.0,0.01065255855556804,38.81822214094957,3644.0280462630712,False,False,insufficient_exposure,insufficient_exposure,4,6.0,5.0,257.46490352317755,374.8711935712781
360471152001,36,104,103,265.0,6.444312060962593,127.33395360938218,0.021087355493689893,28.139204774981536,1334.411267614937,False,False,insufficient_exposure,insufficient_exposure,4,7.0,7.0,280.31960762319744,669.6098245497607
360471156003,36,631,334,631.0,39.377605679251374,334.9570079594125,0.010562210650457388,28.423426314785992,2691.048991108233,False,False,insufficient_exposure,insufficient_exposure,4,4.0,3.0,239.7233906936697,374.8711935712781
360471208011,36,896,223,896.0,49.148104020320865,292.69847490457335,0.01075912275133958,15.176206928389593,1410.5431529257398,False,False,insufficient_exposure,insufficient_exposure,4,6.0,6.0,237.74158750586423,335.82540372181126
360471210002,36,2222,860,2222.0,3.2221560304812966,860.0,0.02370976135485039,26.28507075608475,1108.6181072298104,False,False,insufficient_exposure,insufficient_exposure,4,6.0,6.0,212.58366902855317,402.0010117950701
360610002011,36,595,289,595.0,44.45673312086888,472.98769012610666,0.009606993910099457,28.74271460972807,2991.8531102129646,False,False,insufficient_exposure,insufficient_exposure,4,8.0,8.0,302.56763865731926,877.3900529625349
360610002022,36,1152,691,1152.0,15.818911040289628,691.3190026531375,0.010986536922750584,33.069659663853145,3010.0167046609117,False,False,insufficient_exposure,insufficient_exposure,4,3.0,2.0,143.26921290444983,153.66146555272104
360610002023,36,898,439,898.0,33.09665002503797,484.18963932383224,0.010522056025963764,46.46961607343991,4416.400745137026,False,False,insufficient_exposure,insufficient_exposure,4,4.0,3.0,132.87696025617865,153.66146555272104
360610008002,36,970,234,970.0,31.60990852719843,463.6918636000898,0.006950997161141408,19.239584693066487,2767.888440614353,False,False,insufficient_exposure,insufficient_exposure,4,5.0,5.0,154.86064477094604,470.480936949299
360610018004,36,912,461,1737.0,31.939983246058702,785.2449785221123,0.008373397513396308,16.891637853774366,2017.2979757320757,False,False,insufficient_exposure,insufficient_exposure,4,8.0,8.0,337.1546427700962,827.4581617124495
360610022013,36,837,459,837.0,10.0680381971272,481.5948196619161,0.015097366605285304,26.776442642043655,1773.5836548255857,False,False,insufficient_exposure,insufficient_exposure,4,6.0,6.0,162.10390601144616,461.1101365011937
360610025001,36,1113,273,1113.0,18.0,273.0,0.013878442090608671,2.554315447646062,184.04914838204556,False,False,insufficient_exposure,insufficient_exposure,4,6.0,4.0,176.4969295085204,336.1875651217655
360610025003,36,934,386,934.0,38.0,386.0,0.015593893981235304,18.999388705573953,1218.3864228163025,False,False,insufficient_exposure,insufficient_exposure,4,8.0,4.0,290.0481478551832,470.480936949299
360610028001,36,345,204,345.0,5.9713881720892354,388.3066927792442,0.0077008075531281115,22.444282849110422,2914.5362605501587,False,False,insufficient_exposure,insufficient_exposure,4,6.0,5.0,124.07044856374465,972.2707645815991
360610029023,36,411,205,811.0,27.080947562022697,784.4993550349094,0.0040471228263669525,24.432899986015943,6037.103649742458,False,False,insufficient_exposure,insufficient_exposure,4,4.0,3.0,148.34233939419948,166.49750443623452
360610032007,36,595,368,595.0,14.164688222165163,844.841550370409,0.026106297453234256,72.94610053683246,2794.1955640207157,False,False,insufficient_exposure,insufficient_exposure,4,10.0,10.0,332.9471366137576,467.4288854957977
360610038003,36,988,652,1093.0,43.60502060548883,1860.0525296350918,0.012148704420114115,54.9506238615937,4523.1674062803095,False,False,insufficient_exposure,insufficient_exposure,4,8.0,8.0,191.75578754236932,388.84139853125623
360610038006,36,545,247,545.0,18.46964248576438,1039.7718103852917,0.00650041594206392,25.45130939952058,3915.3355148900887,False,False,insufficient_exposure,insufficient_exposure,4,7.0,7.0,340.6533333220372,454.9613843920268
360610040021,36,2010,652,2010.0,32.1231670293589,1019.5781650002705,0.006786131539422396,35.1010931434048,5172.474618196459,False,False,insufficient_exposure,insufficient_exposure,4,6.0,4.0,153.49574227240134,255.67679906572258
360610040022,36,1097,490,1097.0,28.511861953100585,1342.5964654540467,0.007302736227619207,12.49483490500477,1710.9799006225724,False,False,insufficient_exposure,insufficient_exposure,4,7.0,6.0,109.66511555375658,196.03110195006803
360610040023,36,1883,465,1883.0,23.330074718860267,623.3983754298289,0.006788834254532543,13.599343530585802,2003.192745721586,False,False,insufficient_exposure,insufficient_exposure,4,6.0,5.0,196.03110195006803,356.9802071609582
360610066001,36,1645,888,1645.0,45.76238565899804,1256.2161703065456,0.006541728873033321,7.4487101800922755,1138.6455055937527,False,False,insufficient_exposure,insufficient_exposure,4,7.0,5.0,414.2184649633499,993.161207670794
360610066002,36,1005,704,1005.0,10.901255151372208,1045.8715314057845,0.006650609681756416,49.65608640188665,7466.396131786304,False,False,insufficient_exposure,insufficient_exposure,4,6.0,5.0,414.2184649633499,993.161207670794
360610066005,36,767,547,903.0,12.428819567488059,863.9654805731005,0.0065776363737824264,37.26977803228274,5666.135358414621,False,False,insufficient_exposure,insufficient_exposure,4,7.0,7.0,41.17024670159508,501.0539640820165
360610070011,36,540,368,827.0,34.0809475620227,526.1637376334128,0.007009684689247474,3.8459308206766534,548.6596032737579,False,False,insufficient_exposure,insufficient_exposure,4,6.0,5.0,377.7239922759215,993.161207670794
360610070013,36,675,409,675.0,28.541172055541292,500.04408573751,0.011739050029847434,26.281428986372237,2238.803729394601,False,False,insufficient_exposure,insufficient_exposure,4,6.0,6.0,187.8471710593488,577.1585492027733
360610072006,36,696,443,976.0,9.165386496695106,1011.6985233855529,0.005064888116416874,5.568464940236196,1099.425063741699,False,False,insufficient_exposure,insufficient_exposure,4,7.0,6.0,188.59945116229386,264.63658655869006
360610072007,36,1037,489,1037.0,48.706558552236395,778.6790961243714,0.005053305051659098,62.297661802007134,12328.102334046429,False,False,insufficient_exposure,insufficient_exposure,4,7.0,5.0,123.99566591578322,248.7835665783543
360610073005,36,635,489,635.0,40.31786362849471,529.5125718047576,0.007766444920088842,26.37743816291415,3396.333642267357,False,False,insufficient_exposure,insufficient_exposure,4,5.0,5.0,333.60934063856666,1060.2460099213179
360610078001,36,1423,996,2266.0,21.455336571808996,1516.4238719127213,0.006591149949333165,23.967387655614655,3636.2983454866576,False,False,insufficient_exposure,insufficient_exposure,4,8.0,8.0,68.30350402705861,316.6082424385392
360610080002,36,1012,369,1305.0,40.970689897559296,534.5399049549782,0.0046749249362384145,5.508836692665928,1178.3797104341324,False,False,insufficient_exposure,insufficient_exposure,4,6.0,5.0,80.51639125884653,123.99566591578322
360610087003,36,871,625,871.0,26.87124677440156,1020.9932450174672,0.008342509340708903,57.24461122517117,6861.797678287863,False,False,insufficient_exposure,insufficient_exposure,4,7.0,6.0,186.71034071983289,380.2571138111111
360610087004,36,826,556,1029.0,37.27564416115851,1019.8168103026181,0.007853704007930755,43.321155809775284,5516.0158526510695,False,False,insufficient_exposure,insufficient_exposure,4,7.0,6.0,136.25286043029325,314.8311736232763
360610093006,36,1750,804,1750.0,7.637822080579254,874.6884369054724,0.008403513481766526,39.93983560448737,4752.754391499056,False,False,insufficient_exposure,insufficient_exposure,4,6.0,5.0,140.23466766538118,180.0787038570445
360610097002,36,750,331,1418.0,47.2041145913816,438.8791660129087,0.03337737330384888,71.61170383327975,2145.5164605484974,False,False,insufficient_exposure,insufficient_exposure,4,8.0,7.0,112.74289728338054,180.0787038570445
360610108013,36,1199,743,1199.0,40.66433908490019,931.4537272700318,0.00704868100726532,22.804135170853307,3235.2343860288606,False,False,insufficient_exposure,insufficient_exposure,4,7.0,7.0,49.25477448980288,123.65893830597574
360610129021,36,1470,582,2132.0,26.801812028214474,869.7198216482276,0.016869189411066448,39.56964220062153,2345.6753751702636,False,False,insufficient_exposure,insufficient_exposure,4,5.0,5.0,271.9400959999724,452.76055354833466
360610132012,36,906,416,906.0,48.067339922597256,575.4397482459628,0.006778409496250545,24.58500623308116,3626.9579532898206,False,False,insufficient_exposure,insufficient_exposure,4,6.0,6.0,122.54354926269986,409.96438134191925
360610132023,36,737,567,737.0,10.138869492374168,567.0,0.0048575512572526834,6.936092838052156,1427.8990525722309,False,False,insufficient_exposure,insufficient_exposure,4,6.0,4.0,75.48560292881777,268.87809549066844
360610132031,36,488,461,1258.0,7.151778857269665,558.4241388002602,0.006769143044444324,10.589897639391815,1564.43697080435,False,False,insufficient_exposure,insufficient_exposure,4,7.0,6.0,69.15666730744287,95.39242050451682
360610134009,36,368,335,781.0,28.884854413827,1083.259282667137,0.007091152244710498,25.70436515918971,3624.8502742785367,False,False,insufficient_exposure,insufficient_exposure,4,8.0,7.0,54.213806367409354,273.7190925282835
360610139002,36,428,239,1534.0,11.942776344178471,556.2392246689193,0.009076875646351906,18.388281816598266,2025.8382435798505,False,False,insufficient_exposure,insufficient_exposure,4,6.0,6.0,121.2474096932781,258.7978111212026
360610144022,36,461,374,461.0,26.35798827224109,512.1209391965967,0.00669385312351878,16.52438320007458,2468.590645052599,False,False,insufficient_exposure,insufficient_exposure,4,8.0,8.0,145.3778453629015,608.1092672409989
360610146013,36,677,489,950.0,41.17480448894089,974.7059498211821,0.006728216215633515,41.83056244026925,6217.184629571327,False,False,insufficient_exposure,insufficient_exposure,4,8.0,8.0,188.66645094672424,453.0170889577868
360610151011,36,697,445,892.0,10.692950912810955,467.5948196619161,0.008414710444365708,24.428232332882782,2903.0389690044954,False,False,insufficient_exposure,insufficient_exposure,4,5.0,4.0,62.338328893422805,90.67041049363804
360610151012,36,2122,776,2970.0,43.62002479397416,798.5948196619161,0.01670509599366462,36.47415335053227,2183.414771418556,False,False,insufficient_exposure,insufficient_exposure,4,6.0,5.0,67.73972757274231,101.44535904978305
360610152001,36,1750,584,1750.0,44.0,606.5948196619161,0.009587302700011237,28.658500593580627,2989.2141189562144,False,False,insufficient_exposure,insufficient_exposure,4,8.0,8.0,156.3450460720731,797.160432891061
360610154012,36,1146,901,1754.0,17.55477969496673,1154.3280560781398,0.0070328508187630255,29.924446780804914,4254.952586363574,False,False,insufficient_exposure,insufficient_exposure,4,8.0,8.0,91.25610552637536,314.4946983390042
360610161006,36,797,525,797.0,41.79029921237886,782.1951942151926,0.00853208550057784,18.68320361878455,2189.7581332863133,False,False,insufficient_exposure,insufficient_exposure,4,6.0,6.0,119.22614595952601,248.74406863025388
360610162003,36,2135,511,2135.0,37.88764751194677,511.07821259880535,0.015197753166519364,30.741981226103906,2022.7977707802534,False,False,insufficient_exposure,insufficient_exposure,4,5.0,5.0,205.52134006855363,797.160432891061
360610172001,36,882,642,2158.0,35.75889428634833,1132.5586644553216,0.01942557180310762,91.68968055396573,4720.050533559975,False,False,insufficient_exposure,insufficient_exposure,4,9.0,6.0,259.9667552456866,339.6748782305847
360610172005,36,1424,377,1424.0,12.289950075113891,701.9949156123853,0.009542900951773096,43.737995747376196,4583.301866844752,False,False,insufficient_exposure,insufficient_exposure,4,6.0,5.0,270.266849370671,599.5388835962846
360610174011,36,1815,731,2719.0,42.941379795118586,753.5948196619161,0.019393911426103035,79.4248971046716,4095.352162832428,False,False,insufficient_exposure,insufficient_exposure,4,8.0,6.0,218.6241716920843,339.6748782305847
360610174012,36,1371,743,1371.0,42.563499412682575,839.4403290572772,0.009900817652788376,28.989189680614427,2927.959154206842,False,False,insufficient_exposure,insufficient_exposure,4,5.0,3.0,98.43740880501791,246.3892618893331
360610177004,36,2681,958,2681.0,41.332169542450096,983.4658435401536,0.006388446316072084,40.609609029799905,6356.7269756394535,False,False,insufficient_exposure,insufficient_exposure,4,5.0,5.0,71.78088122378603,200.86290037359993
360610180003,36,572,174,680.0,43.15247713179961,174.0,0.013551027460122201,37.79780966513842,2789.2947436177337,False,False,insufficient_exposure,insufficient_exposure,4,6.0,4.0,230.6128578936733,369.9120508187107
360610180004,36,337,180,339.0,0.0,180.0,0.006030143512898212,5.155754256582563,854.9969408778799,False,False,insufficient_exposure,insufficient_exposure,4,6.0,4.0,360.5112377076995,536.6872138352859
360610182001,36,701,448,701.0,18.581994973817608,803.510432891892,0.010434024733804666,90.10912094157742,8636.084659607664,False,False,insufficient_exposure,insufficient_exposure,4,6.0,5.0,249.6666611207022,536.6872138352859
360610182002,36,2368,822,2368.0,46.441728932383555,822.3190026531375,0.009630160039615008,37.0713710336618,3849.5072647976294,False,False,insufficient_exposure,insufficient_exposure,4,5.0,4.0,266.3230557320486,536.6872138352859
360610187004,36,1751,746,1751.0,21.31646707943483,910.5437906961629,0.008416254853000078,10.03725255415463,1192.6032100342977,False,False,insufficient_exposure,insufficient_exposure,4,8.0,8.0,188.28950644276807,1022.8249275788434
360610188001,36,841,475,841.0,19.762385658998042,568.6084114784422,0.014066859944001829,29.23435111533045,2078.242851049079,False,False,insufficient_exposure,insufficient_exposure,4,7.0,6.0,367.6323717905269,994.1688962091408
360610188002,36,1054,425,1054.0,35.21981705439686,1066.5870248215012,0.015378835078899263,64.21261530373077,4175.388771275307,False,False,insufficient_exposure,insufficient_exposure,4,8.0,6.0,409.5289231667052,1271.2252472037849
360610189003,36,1602,696,1602.0,6.9434746187084135,718.5948196619161,0.01652362797912613,24.646432531136096,1491.587232675009,False,False,insufficient_exposure,insufficient_exposure,4,7.0,7.0,177.86635738847937,855.428862971939
360610199003,36,1401,131,2186.0,20.610606801728373,208.99254388614858,0.008416254853000078,8.536865796996933,1014.3307143264395,False,False,insufficient_exposure,insufficient_exposure,4,6.0,5.0,135.25093596776753,388.3620225016762
360610201021,36,581,292,581.0,35.884854413827,404.97409830958054,0.008963361611725701,75.79617825945803,8456.22229056372,False,False,insufficient_exposure,insufficient_exposure,4,7.0,7.0,209.90726379372637,347.36302186974626
360610207011,36,1507,691,3736.0,18.832518679715065,852.0347615116503,0.009600044071244792,26.76112639676095,2787.604535787403,False,False,insufficient_exposure,insufficient_exposure,4,5.0,4.0,115.93211375811754,388.3620225016762
360610211004,36,448,311,448.0,8.123865303888843,531.898522879808,0.006305048249816097,12.84375702463375,2037.0592762725282,False,False,insufficient_exposure,insufficient_exposure,4,5.0,4.0,220.83833043916067,894.5737255377848
360610211005,36,1832,712,1832.0,0.0,779.7844589857483,0.011586925779361976,122.04761215807774,10533.217738864138,False,False,insufficient_exposure,insufficient_exposure,4,5.0,4.0,376.00120041412106,894.5737255377848
360610219004,36,938,276,1027.0,18.053034008641873,276.0,0.013903152628758594,32.11326682181548,2309.783088721141,False,False,insufficient_exposure,insufficient_exposure,4,5.0,5.0,415.8665213722005,894.5737255377848
360610224004,36,2246,1058,2246.0,17.902651700432095,1058.0,0.01661667859934693,72.5433168653079,4365.6929651488235,False,False,insufficient_exposure,insufficient_exposure,4,5.0,5.0,326.6615426555047,422.82142204850715
360610229003,36,1414,670,1414.0,45.03872809468649,1402.4117351740394,0.018079619678254045,296.55145706703706,16402.527395182195,False,False,insufficient_exposure,insufficient_exposure,4,7.0,7.0,288.41961154698373,488.3468008573154
360610230001,36,1736,868,1736.0,2.4996508627350287,937.3794722514358,0.008317026598241796,42.74816373109707,5139.837323609612,False,False,insufficient_exposure,insufficient_exposure,4,6.0,4.0,159.22136063746945,408.59127650572475
360610230005,36,1170,663,1170.0,18.471737309354207,711.6986685083448,0.008380347352250973,61.86213525813186,7381.810402108882,False,False,insufficient_exposure,insufficient_exposure,4,5.0,4.0,208.70486354439984,325.1011484965644
360610232002,36,1972,795,1972.0,4.027215278850879,953.2028439328154,0.01680548255489868,44.05916255065819,2621.713622725773,False,False,insufficient_exposure,insufficient_exposure,4,7.0,6.0,281.36345478142647,450.99825041782657
360610238041,36,364,115,1055.0,43.52546959252602,205.57481014467783,0.05708404584143053,2.4111444677777714,42.238499956283896,False,False,insufficient_exposure,insufficient_exposure,4,6.0,1.0,99.91843123840775,99.91843123840775
360610241003,36,845,305,845.0,33.84682459367045,489.66480173178434,0.009002744031902139,19.906975667557937,2211.2120034753343,False,False,insufficient_exposure,insufficient_exposure,4,5.0,5.0,153.26645501324668,403.08411583290484
360610243013,36,538,180,538.0,41.458129669928766,248.21462827917776,0.008476872891899107,16.969330253263504,2001.838469169472,False,False,insufficient_exposure,insufficient_exposure,4,6.0,6.0,264.05276450546216,441.1398958057791
360610245003,36,1890,574,1890.0,7.22121360345675,860.0857020831374,0.008385752782471268,44.68988267344452,5329.263076638718,False,False,insufficient_exposure,insufficient_exposure,4,7.0,6.0,243.6692745598135,455.54755135823297
360610245007,36,937,477,937.0,12.081645836552639,575.9923502823772,0.008448301332163259,63.89255067165215,7562.768911711146,False,False,insufficient_exposure,insufficient_exposure,4,6.0,6.0,213.05059982614313,400.9927893010891
360610247004,36,747,184,747.0,2.9162593398575334,229.82764463010724,0.0062270556137804045,12.67012226012024,2034.6891124725785,False,False,insufficient_exposure,insufficient_exposure,4,4.0,3.0,224.99566112646926,455.54755135823297
360610253002,36,1942,552,1942.0,42.68004154791546,784.9992090296728,0.008133241970751751,47.05380361635937,5785.368710972976,False,False,insufficient_exposure,insufficient_exposure,4,6.0,4.0,378.0511227074618,491.5767170036071
360610253003,36,1610,381,1610.0,25.762385658998042,611.1343374093514,0.00845756778396948,27.801137156166718,3287.131462175348,False,False,insufficient_exposure,insufficient_exposure,4,6.0,4.0,391.31467277738545,441.1398958057791
360610255003,36,1644,660,1693.0,42.41591020259256,660.0,0.009195409009039814,17.848261427681486,1940.9970138506328,False,False,insufficient_exposure,insufficient_exposure,4,6.0,6.0,270.1194023859607,620.1214323469796
360610261006,36,755,277,755.0,0.7637822080579254,322.9449635283153,0.0045957739937269445,15.803776236155013,3438.7627106395053,False,False,insufficient_exposure,insufficient_exposure,4,5.0,4.0,310.8752922456081,491.5767170036071
360610263003,36,1474,435,1474.0,14.511861953100583,667.2047785257871,0.011420129646850002,47.87441917777338,4192.108203515756,False,False,insufficient_exposure,insufficient_exposure,4,7.0,6.0,364.16515445424477,500.5138961659103
360610269002,36,593,359,1764.0,37.70795510129628,381.5948196619161,0.01254716184778161,24.522222308195392,1954.403920638915,False,False,insufficient_exposure,insufficient_exposure,4,6.0,6.0,199.42153256233377,486.37538608141335
360610277004,36,1757,482,1757.0,35.52756441611585,507.2580075273081,0.0066915365105672244,25.55151899596073,3818.4830876451115,False,False,insufficient_exposure,insufficient_exposure,4,4.0,4.0,264.94676252565046,363.6022364666898
360610279007,36,756,117,756.0,0.2083042385612524,117.0,0.0037038780073781886,7.63754265420958,2062.039472951178,False,False,insufficient_exposure,insufficient_exposure,4,2.0,2.0,217.65118658346992,329.479400711967
360610283001,36,509,205,509.0,43.011512815835616,439.0014755464042,0.005632844391706493,3.277396787085253,581.8369120777988,False,False,insufficient_exposure,insufficient_exposure,4,3.0,3.0,156.8644036536382,373.6686152156167
360610287002,36,877,459,877.0,11.458129669928766,571.9740983095805,0.011714339491697513,15.899678656246365,1357.2834104317355,False,False,insufficient_exposure,insufficient_exposure,4,6.0,6.0,257.7292322509111,746.6647301366218
360610293005,36,1238,677,1238.0,17.06873647165714,906.7762284568112,0.008340192727757349,56.891589200302796,6821.375843145625,False,False,insufficient_exposure,insufficient_exposure,4,7.0,7.0,404.42412019945505,551.3170121544875
360610299003,36,727,290,2276.0,47.8977637787225,985.1602486311485,0.07772120621820153,85.65686526235855,1102.1041673218213,False,False,insufficient_exposure,insufficient_exposure,4,7.0,3.0,278.3623052521322,551.3170121544875
360610317044,36,1574,808,2970.0,9.92916870475303,1034.983417177379,0.023364972127227258,10.42449313823279,446.15902306534764,False,False,insufficient_exposure,insufficient_exposure,4,6.0,3.0,98.58358040029442,104.51490600321542
360710119003,36,338,41,338.0,25.0,41.0,0.3856801489331934,1.1766800178622676,3.0509219131889758,False,False,insufficient_exposure,insufficient_exposure,4,2.0,2.0,11.18072973449453,11.43037520915939
360810025001,36,939,452,939.0,47.52290422154442,452.0,0.011417813033898445,24.865190696596915,2177.7542356644335,False,False,insufficient_exposure,insufficient_exposure,4,5.0,4.0,205.17071842918097,339.9146739584031
360810071002,36,442,227,442.0,41.84786061585358,364.1639312371842,0.008595020152428422,7.830053638059473,910.998869019194,False,False,insufficient_exposure,insufficient_exposure,4,4.0,4.0,145.85985830687827,199.50102318651724
360810455003,36,1148,320,1330.0,9.3426912093495,411.0172839539395,0.012291562218793352,8.536799158387621,694.5251552593669,False,False,insufficient_exposure,insufficient_exposure,4,6.0,6.0,171.4851442083601,408.55793660315953
361031224061,36,1136,255,2119.0,7.154764188692897,302.1036552426573,0.17830969888120451,0.0,0.0,False,False,insufficient_exposure,insufficient_exposure,4,4.0,2.0,0.0,0.0
361031224064,36,1738,366,1738.0,35.773820943464486,417.2445374755288,0.2429729300958065,0.0,0.0,False,False,insufficient_exposure,insufficient_exposure,4,8.0,6.0,47.9509863522908,143.30011891596448
361031225013,36,685,154,685.0,21.464292566078694,199.2678519226376,0.13261875553552252,0.0,0.0,False,False,insufficient_exposure,insufficient_exposure,4,6.0,6.0,26.586064299699586,84.17534628495417
361031456012,36,1519,322,1519.0,48.49340172336297,323.27601061255,0.170444411808516,0.0,0.0,False,False,insufficient_exposure,insufficient_exposure,4,5.0,4.0,0.0,25.8284151618533
361031456013,36,1571,353,1571.0,8.744711786180208,353.23463779641605,0.168716990750973,0.0,0.0,False,False,insufficient_exposure,insufficient_exposure,4,6.0,3.0,0.0,0.0
361031456021,36,2164,456,2164.0,45.31350652838835,579.3386084075916,0.1733826492354052,0.0,0.0,False,False,insufficient_exposure,insufficient_exposure,4,6.0,2.0,0.0,0.0
361031456022,36,1534,313,1534.0,7.949737987436553,313.67711160567774,0.10837347048670429,0.0,0.0,False,False,insufficient_exposure,insufficient_exposure,4,6.0,3.0,0.0,0.0
361031456023,36,1270,267,1270.0,4.769842792461931,267.0,0.10482557775139748,0.0,0.0,False,False,insufficient_exposure,insufficient_exposure,4,5.0,2.0,0.0,0.0
361031456024,36,1686,386,1686.0,12.719580779898484,386.07821259880535,0.1770703109521225,0.0,0.0,False,False,insufficient_exposure,insufficient_exposure,4,6.0,2.0,0.0,0.0
361031457022,36,1903,406,1903.0,14.309528377385794,406.0,0.3002979036841988,0.0,0.0,False,False,insufficient_exposure,insufficient_exposure,4,4.0,4.0,0.0,61.974329826537286
361031462012,36,2498,557,2498.0,38.15874233969545,719.1090883692709,0.2726553057419248,0.0,0.0,False,False,insufficient_exposure,insufficient_exposure,4,5.0,4.0,43.6605542295854,73.10431849197282
361031462042,36,1509,343,1509.0,40.543663735926415,389.7846525895198,0.16349534515816755,0.0,0.0,False,False,insufficient_exposure,insufficient_exposure,4,6.0,5.0,0.0,35.073618029771474
361031595102,36,13,11,64.0,22.28439737110407,192.15577254727177,4.8639068848852745,2.9579334458033637,0.6081394064091202,False,False,insufficient_exposure,insufficient_exposure,4,28.0,27.0,50.160802828267244,210.9877291807034
370670017002,37,194,134,194.0,4.928440042643217,203.69847490457337,0.17695679691749627,17.781431614583624,100.4845924221491,False,False,insufficient_exposure,insufficient_exposure,4,5.0,5.0,130.52290751101987,284.06117759859205
390351202001,39,156,107,156.0,37.55014219252128,152.18963932383224,0.07491694624034394,35.63957495693618,475.7211384804646,False,False,insufficient_exposure,insufficient_exposure,4,6.0,6.0,335.04615686867993,430.13446341626616
391130038001,39,147,134,167.0,39.3844934944978,180.9410777871305,0.33829421711129015,21.07366074688319,62.293884083600794,False,False,insufficient_exposure,insufficient_exposure,4,8.0,8.0,351.1172494051485,510.51109119556804
391535023005,39,97,37,184.0,38.63943260042957,59.63392596131879,0.1131777396460712,7.915531050679506,69.9389391892161,False,False,insufficient_exposure,insufficient_exposure,4,7.0,7.0,183.2838706928708,427.9099733339558
400173007024,40,1393,23,1393.0,44.67258664108407,23.0,2.74869061078431,1.8188985436755765,0.6617327306824732,False,False,insufficient_exposure,insufficient_exposure,4,5.0,5.0,64.96674252427141,116.31263480824569
420031412001,42,10,10,152.0,0.6820655832291567,10.0,0.1134622969369539,0.899095762001682,7.924180862487481,False,False,insufficient_exposure,insufficient_exposure,4,7.0,4.0,84.74443877859582,132.67467980878905
420454052001,42,139,111,139.0,47.10061998462611,157.46564993638228,0.06421071948473153,11.500452577197807,179.10487017564822,False,False,insufficient_exposure,insufficient_exposure,4,5.0,5.0,246.31322320060735,381.9707090182266
421010072003,42,183,87,273.0,49.68673451547936,87.0,0.01674486451599965,22.509482167769615,1344.2618270372923,False,False,insufficient_exposure,insufficient_exposure,4,5.0,5.0,416.1806293800466,522.5837422395775
421010074005,42,252,210,282.0,34.41918231764312,279.0604695982983,0.051137686496946895,61.836366887744965,1209.21322655918,False,False,insufficient_exposure,insufficient_exposure,4,7.0,6.0,571.9904460463516,729.0160130963874
421010101004,42,359,307,406.0,11.821631868109176,308.3151169119527,0.048621458729399346,39.92094097985316,821.05601154485,False,False,insufficient_exposure,insufficient_exposure,4,5.0,5.0,522.111231447953,728.0468746654668
421010198005,42,446,169,446.0,25.44816283715046,236.78445898574833,0.020910520705054513,35.58810144278726,1701.923254076828,False,False,insufficient_exposure,insufficient_exposure,4,6.0,6.0,440.0811581520686,510.89055669436306
470370148001,47,1726,550,1726.0,48.92315873437916,554.4660371439251,0.08314362493347509,75.12660873937102,903.5762970339741,False,False,insufficient_exposure,insufficient_exposure,4,3.0,3.0,425.2044951635415,662.9030113409119
480270232011,48,42,14,197.0,23.0,14.0,0.6043220793009741,1.979601652599166,3.2757394118199232,False,False,insufficient_exposure,insufficient_exposure,4,4.0,4.0,36.69034898028449,55.7877713382872
481319501001,48,36,36,221.0,41.12789203084833,239.86175884947983,0.17329500404540468,0.16810077695506015,0.9700266772319437,False,False,insufficient_exposure,insufficient_exposure,4,5.0,5.0,34.02021516802289,130.02547932290162
482013405023,48,70,42,469.0,42.0,42.0,0.03481637604892325,16.708906496118576,479.9151546570949,False,False,insufficient_exposure,insufficient_exposure,4,3.0,3.0,165.2771633750607,211.32850725553806
482014323012,48,136,45,970.0,45.81048049126023,90.2287456232349,0.039255006464103036,33.65984087558182,857.4661911306079,False,False,insufficient_exposure,insufficient_exposure,4,5.0,5.0,177.75599563333745,224.6204884624716
482015333021,48,267,172,267.0,33.0,172.0,0.028824456649725702,30.395456976112605,1054.5023396443398,False,False,insufficient_exposure,insufficient_exposure,4,3.0,3.0,244.6444905033798,366.9314247556034
482450007002,48,46,36,202.0,31.48312741124188,38.55202122510006,0.116973896069353,6.501731160786941,55.58275289840829,False,False,insufficient_exposure,insufficient_exposure,4,5.0,5.0,141.13740433284636,289.99238217806067
483359502001,48,1282,14,1443.0,29.9375,14.0,1.2523972552136544,0.49688171462709674,0.396744493457334,False,False,insufficient_exposure,insufficient_exposure,4,3.0,3.0,48.06350815887594,76.3637183221652
484530024302,48,90,10,767.0,49.58974236203381,10.0,0.3565684322774748,9.051193642515756,25.38416983439602,False,False,insufficient_exposure,insufficient_exposure,4,5.0,4.0,114.58643056822956,153.61439162420731
490439641032,49,34,19,34.0,27.703520423666276,19.0,9.83257255184851,0.2542617802499521,0.02585913085402571,False,False,insufficient_exposure,insufficient_exposure,1,3.0,3.0,53.1929244971516,85.41823202110938
490490016023,49,2503,38,7382.0,28.750374524193973,83.18963932383222,0.13827206334163442,11.45249606506811,82.82581302610608,False,False,insufficient_exposure,insufficient_exposure,4,6.0,4.0,42.494439408383755,56.65601332886671
530530701002,53,12,12,104.0,23.25182212758988,34.59481966191611,308.5815324457223,3.3328751840302164,0.010800630736437378,False,False,insufficient_exposure,insufficient_exposure,4,6.0,6.0,57.877348988924666,68.87662309249494
530599501001,53,34,26,34.0,26.144927536231883,48.59481966191611,1378.7108810318052,0.34897909436058794,0.00025311985214725917,False,False,insufficient_exposure,insufficient_exposure,1,15.0,15.0,38.330041873927186,83.57296316755586
550790063002,55,222,68,222.0,22.441360789829687,115.10365524265727,0.07054974472450377,31.5092156426198,446.6240914926489,False,False,insufficient_exposure,insufficient_exposure,4,7.0,7.0,485.88962864649864,660.9854379882734
550790070003,55,136,43,196.0,30.15528046300361,65.59481966191612,0.057668990611698216,26.36775411186392,457.22586492636117,False,False,insufficient_exposure,insufficient_exposure,4,5.0,5.0,346.68277671766475,404.17863177385937
550791872004,55,462,11,2207.0,41.34600068088766,11.0,0.4593658153897857,0.8822520694575388,1.9205871222892834,False,False,insufficient_exposure,insufficient_exposure,4,4.0,4.0,36.25343259081822,39.816760200365394
010039900000,01,0,0,0.0,0.0,0.0,0.0,0.0,,True,False,zero_or_structural_denominator,non_residential,0,17.0,15.0,54.50921630951719,194.09868509387616
010150007004,01,203,0,1439.0,1139.9215253509901,151.29827172420374,4.530615393442869,4.286019159080836,0.9460125803845466,True,False,,non_residential,0,4.0,3.0,142.630533879811,147.13490005652847
010159819011,01,0,0,905.0,753.507448960824,26.083901701585354,24.373431196948623,1.856252474613122,0.07615884934762535,True,True,,non_residential,0,7.0,6.0,45.538330072476214,74.63811687283338
010159819021,01,0,0,0.0,0.0,0.0,34.64671696890532,0.0,0.0,True,True,zero_or_structural_denominator,non_residential,0,9.0,8.0,31.66222658263381,71.86450888612083
010159819031,01,0,0,0.0,0.0,0.0,13.911065792498947,0.0,0.0,True,True,zero_or_structural_denominator,non_residential,0,6.0,5.0,37.29972416404983,142.630533879811
010730004006,01,0,0,2641.0,825.8125101924996,377.4266505770355,1.8846715863880936,15.306419630019583,8.121531486211767,True,False,,non_residential,0,12.0,12.0,347.052939723227,506.8195780445061
010730027024,01,27,0,2806.0,2113.259342852856,788.4848911017443,0.2855233184834968,33.84166744619553,118.52505646802913,True,False,,non_residential,0,5.0,5.0,332.7334861195063,427.46099466688423
010730144082,01,0,0,4897.0,4133.336942837201,2242.770020261576,0.4819813632271849,112.67527890906582,233.77517785050878,True,False,,non_residential,0,8.0,8.0,115.4790190172252,325.2901512614866
010810407002,01,3897,8,20020.0,567.5674614972944,527.7199585234732,0.60790587953703,7.373585573249883,12.129485536256816,True,False,,non_residential,0,7.0,7.0,73.10889963375702,93.20053850883565
010970004011,01,6,6,47.0,29.258170616808933,8.976038260613414,0.20466155730730362,2.3549464928765906,11.506540475212885,True,False,,non_residential,0,5.0,5.0,139.18426263389324,287.3054581499256
010979800001,01,2242,0,12562.0,3594.2819053207036,203.97907774768785,0.7316817373343077,15.289292685978745,20.896097177006645,True,True,,non_residential,0,8.0,8.0,128.1128843494434,181.1777926313938
010979900000,01,0,0,0.0,0.0,0.0,0.0,0.0,,True,False,zero_or_structural_denominator,non_residential,0,13.0,11.0,59.85792023804916,186.8906016101932
011170304071,01,1726,0,2461.0,169.60938712510765,93.86589155241876,0.4402919826531559,6.935507440343562,15.752063888492543,True,False,,non_residential,0,2.0,2.0,41.183552005343046,43.290571578066604
011170307013,01,383,0,383.0,0.0,0.0,0.01303287836329102,1.3213728960398545,101.38764892962492,True,False,zero_or_structural_denominator,non_residential,0,1.0,1.0,93.90631988725161,93.90631988725161
011170307015,01,602,0,602.0,0.0,0.0,0.05319522490008651,1.8355112437355663,34.505188147678666,True,False,zero_or_structural_denominator,non_residential,0,1.0,1.0,93.90631988725161,93.90631988725161
011179800001,01,0,0,124.0,132.91504856438723,67.78445898574833,13.646475388645705,0.5589312230117957,0.04095791822383998,True,True,,non_residential,0,6.0,6.0,9.980912958993068,47.91902753638557
011179801001,01,0,0,18.0,10.600586695319228,0.0,2.92009680306988,0.0,0.0,True,True,zero_or_structural_denominator,non_residential,0,4.0,4.0,41.79517814590714,52.076197092693114
040059800001,04,161,5,161.0,12.274034207128661,117.97409830958057,993.5913315833717,0.793401944771605,0.0007985193907713063,True,True,,non_residential,0,6.0,6.0,61.927930768340005,127.53364467506685
040059801001,04,4,0,1151.0,0.0,0.0,44.56236982493329,0.0705282153012011,0.001582685471582338,True,True,zero_or_structural_denominator,non_residential,0,3.0,3.0,15.666912141714256,36.94569315577854
040059802001,04,0,0,8.0,0.0,0.0,3.7194684264399966,0.0,0.0,True,True,zero_or_structural_denominator,non_residential,0,4.0,4.0,86.77421992724403,135.62000235656973
040099616002,04,491,4,585.0,5.772498298162015,4.0,0.12992183195775367,0.23603775707774263,1.8167674633351414,True,False,,non_residential,0,1.0,1.0,9.058891703013785,9.058891703013785
040099616003,04,783,4,1030.0,123.21742682096664,4.0,0.3431687568635209,0.2418198528055747,0.7046674499617898,True,False,,non_residential,0,3.0,3.0,26.20245984443476,28.961622449173113
040129800001,04,0,0,0.0,0.0,0.0,610.9050890584977,0.0,0.0,True,True,zero_or_structural_denominator,non_residential,0,4.0,4.0,82.32932333073813,143.87615757379947
040130506093,04,0,0,40.0,5.941734317326666,67.78445898574833,2.58977443722705,0.16447802034857348,0.06351055828811296,True,False,,non_residential,0,6.0,6.0,90.22202269902938,160.61307002054753
040130506211,04,0,0,16.0,11.883468634653331,5.104042450200131,11.345405365586794,1.38618293398416,0.12218011514941278,True,False,,non_residential,0,5.0,4.0,85.10775915232684,221.0737188779197
040130506212,04,0,0,71.0,0.0,0.0,17.743904623562152,0.0,0.0,True,False,zero_or_structural_denominator,non_residential,0,5.0,4.0,45.31814348884703,117.55801887715523
040130610171,04,4700,0,4700.0,43.077573800618325,0.0,1.301044968889838,9.967008448858785,7.66077167752586,True,False,zero_or_structural_denominator,non_residential,0,4.0,4.0,49.539634060194615,146.02053339744535
040130610316,04,0,0,79.0,0.0,0.0,1.1006579485803123,0.0,0.0,True,False,zero_or_structural_denominator,non_residential,0,6.0,6.0,39.611944324287975,117.55801887715523
040130611001,04,949,0,4326.0,569.6637776736941,58.25114332432624,3.477612489888998,9.545551913789474,2.7448578418506195,True,False,,non_residential,0,5.0,5.0,98.434245790456,226.02059388580125
040130820161,04,0,0,120.0,96.55318265655832,71.29348817026091,0.8268976184604956,11.90557521658291,14.397883064107157,True,False,,non_residential,0,9.0,8.0,137.81924062357626,536.6475461160353
040130820172,04,0,0,476.0,314.91191881831327,386.02595017139896,0.3840314927160033,13.914591781977244,36.23294455245961,True,False,,non_residential,0,9.0,8.0,187.54968730424713,443.33440905112525
040131092001,04,0,0,3274.0,1837.4813376332713,470.55933497514263,0.5029980620258523,35.72048761790171,71.01515952971168,True,False,,non_residential,0,10.0,10.0,164.92107849056663,304.00291497178347
040131125161,04,0,0,7916.0,2617.333966782396,327.61961394971263,1.0731373589201536,33.621639158763045,31.330228958383184,True,False,,non_residential,0,7.0,7.0,114.09304865372982,163.96610008385844
040131125243,04,9,0,6599.0,4897.4745110565045,297.8572065186302,0.7237365271147905,30.17769224544272,41.6970694649716,True,False,,non_residential,0,7.0,7.0,182.5547167294561,274.1214069815649
040131136012,04,0,0,660.0,502.07654981410326,22.447015857136424,0.18386995606709564,6.90024482250621,37.52785376197215,True,False,,non_residential,0,6.0,6.0,167.4830365537983,291.274170280931
040131138001,04,0,0,757.0,267.37804427969996,6.335220503233624,0.3679850870048975,7.479170398751802,20.32465625068187,True,False,,non_residential,0,5.0,4.0,133.2610883244223,203.44980322841087
040131138006,04,0,0,34547.0,20199.668528541664,3957.17218747516,4.505400605873824,326.44174223690663,72.45565284723291,True,False,,non_residential,0,11.0,8.0,116.16805602439646,417.14714519730035
040131140002,04,0,0,4501.0,2005.3353320977496,296.24131179501006,0.5231950659418279,34.94244194705043,66.7866427297989,True,False,,non_residential,0,6.0,6.0,163.7238144120687,344.67881945544184
040131147051,04,4124,0,9431.0,2.2281503689974995,22.594819661916112,0.5008177431362802,26.004737446991932,51.92455300034296,True,False,,non_residential,0,3.0,3.0,135.71799189710032,191.61536623617687
040131152001,04,0,0,17901.0,13315.426605129058,849.1533797344105,1.605256017951372,112.25685319929383,69.9308097549175,True,False,,non_residential,0,6.0,4.0,103.2871447782487,201.71677799098921
040131167331,04,8,4,83.0,12.169884686324165,4.0,24.834863817193355,9.672279172458465,0.38946374917354193,True,False,,non_residential,0,21.0,21.0,59.44627726897809,199.52720089754166
040131168001,04,0,0,617.0,80.95613007357582,54.43456400690386,0.37775192720865425,8.620058303921283,22.819362875572907,True,False,,non_residential,0,8.0,7.0,255.96972267712462,360.3026931774184
040131168002,04,0,0,4642.0,3461.0602398427827,300.7664435419236,0.42490928655267074,54.602948762208754,128.50495503453843,True,False,,non_residential,0,9.0,8.0,194.92637246429297,333.587952927197
040131172001,04,0,0,690.0,512.4745848694249,5.252548635790866,0.2810514832826781,17.492030633202052,62.23781646300292,True,False,,non_residential,0,5.0,4.0,163.7238144120687,269.25952986584235
040132168581,04,0,0,6141.0,7267.483786880178,67.78445898574833,0.32241113261326904,16.178258398064763,50.17896952544292,True,False,,non_residential,0,4.0,4.0,23.045440211565825,28.61154793034398
040133190011,04,3812,0,37424.0,12183.526217678327,932.5044528672204,0.3672665508877568,68.45493444598439,186.39033225463933,True,False,,non_residential,0,9.0,9.0,111.64696286440875,254.2832873917001
040133197071,04,0,0,3144.0,1624.3216189991772,1441.5999696998888,0.2672371341503958,51.02226174197327,190.9250445458637,True,False,,non_residential,0,7.0,7.0,151.2979093836216,263.4909476363649
040133197091,04,0,0,9975.0,3377.1332426105437,661.1135622703796,0.6926796277840828,40.10312721112546,57.89563544609706,True,False,,non_residential,0,8.0,7.0,201.71677799098921,261.77000367160485
040134222241,04,0,0,2944.0,1405.2201660477565,580.6647276841816,0.18978349672809888,25.223981708028738,132.90924734181135,True,False,,non_residential,0,8.0,7.0,164.49364538798724,228.41052320896307
040134222251,04,0,0,10000.0,321.5963699253058,185.58270339179418,0.3179721160959307,225.13886968172096,708.0459520978803,True,False,,non_residential,0,9.0,7.0,113.32439712001568,285.9433727229078
040134222261,04,0,0,5035.0,3801.9672462994004,68.05820308156707,0.1546385477422134,20.710258986439474,133.92688491205976,True,False,,non_residential,0,8.0,7.0,93.4213630385834,285.9433727229078
040134223011,04,92,0,9560.0,7086.260890201715,1304.3076144518627,0.9673820471708653,91.99828260656301,95.10025834737625,True,False,,non_residential,0,12.0,12.0,145.86009949365967,276.6067799917014
040135228011,04,0,0,2147.0,1641.4041051614913,149.90917810246447,4.337790570011536,7.307942868485304,1.6847154675948013,True,False,,non_residential,0,2.0,2.0,49.488041538641994,64.37437759842368
040136108002,04,0,0,91.0,63.130927121595825,158.16373763341278,10.695950260559306,15.318360171923436,1.4321644920516317,True,False,,non_residential,0,9.0,7.0,55.51724891903389,1515.3357204551683
040136113001,04,0,0,2.0,0.0,0.0,9.9627206396712,0.0,0.0,True,False,zero_or_structural_denominator,non_residential,0,10.0,8.0,45.30656848360195,138.7455497646533
040136113002,04,0,0,2298.0,1706.7631826520847,72.77682318838133,7.333106637311937,12.093211424617836,1.6491252647392003,True,False,,non_residential,0,6.0,4.0,131.0434596026086,189.3083886208746
040136170011,04,0,0,3347.0,1904.3258487031962,382.8145488869804,0.3947539357622766,28.233816606554928,71.52257152809622,True,False,,non_residential,0,6.0,6.0,119.62586259540339,228.12662448522843
040136196011,04,0,0,2051.0,1.4854335793316664,0.0,0.2907596359583288,0.0,0.0,True,False,zero_or_structural_denominator,non_residential,0,10.0,10.0,120.12937569578659,167.32016389989616
040138124005,04,0,0,6922.0,5142.5710516462295,1579.5301103108784,2.3037665605345192,84.4035585507675,36.637201006678474,True,False,,non_residential,0,9.0,9.0,58.62895873724604,125.09732977137502
040139407001,04,0,0,21.0,0.0,0.0,148.0585881917427,0.0,0.0,True,False,zero_or_structural_denominator,non_residential,0,5.0,4.0,104.89480667642029,219.5195882898528
040139801001,04,8,4,169.0,125.63566881887247,4.0,1124.6070851653446,1.3510105969193806,0.0012013178778086295,True,True,,non_residential,0,6.0,4.0,129.4223306666222,219.5195882898528
040139804001,04,35,6,7937.0,4750.533118068016,1049.8839897867033,1.511781071458278,51.690002074220175,34.19146002692012,True,True,,non_residential,0,9.0,9.0,66.14589966139229,252.61189244662683
040139805001,04,0,0,11780.0,8427.60741233821,458.75525475324685,1.3839013338173203,18.888665209575773,13.64885252149713,True,True,,non_residential,0,6.0,6.0,46.25341159844992,88.10615069339623
040139807001,04,0,0,25.0,0.0,0.0,32.941513001772044,0.0,0.0,True,True,zero_or_structural_denominator,non_residential,0,11.0,11.0,31.21506650268408,100.28548744427883
040139810001,04,820,0,4456.0,2658.183390214017,0.0,0.2484760441622259,19.34732313687371,77.86393735503195,True,True,zero_or_structural_denominator,non_residential,0,6.0,6.0,318.2482870021802,579.1722321764927
040179601002,04,0,0,19.0,0.0,0.0,59.02725669269579,0.0,0.0,True,False,zero_or_structural_denominator,non_residential,0,5.0,5.0,54.82748850090232,183.18569270049267
040179602003,04,0,0,23.0,10.28943258719417,3.8280318376500984,73.658800310091,0.09418011929129615,0.0012785996906657983,True,False,,non_residential,0,2.0,2.0,85.03640287407319,150.68353121560708
040179625012,04,15,7,15.0,7.0,7.0,0.009891165098823563,0.1358688165326414,13.73638142475262,True,False,,non_residential,0,2.0,2.0,141.58106732814906,151.15206368356442
040190005022,04,2114,0,2247.0,331.0525502154963,67.78445898574833,0.15122038533219367,19.125598145353173,126.47499940791037,True,False,,non_residential,0,5.0,5.0,103.98226867965181,174.86100317449146
040199800011,04,0,0,4969.0,229.12945002981843,27.639532284861406,3.9089144698814855,10.975654239060622,2.8078522371438313,True,True,,non_residential,0,3.0,2.0,147.13798379273425,155.96783947783777
040199800021,04,0,0,10214.0,8117.503343470188,1698.5694474371498,8.174192737896393,121.37165276446744,14.848151573644216,True,True,,non_residential,0,12.0,11.0,155.96783947783777,286.88211895724686
040199801001,04,1643,0,2817.0,194.3649817494322,0.0,1.0749211508928511,2.996897575238952,2.7880161933269885,True,True,zero_or_structural_denominator,non_residential,0,4.0,3.0,61.98144672783464,138.30812810763072
040199802001,04,4856,0,6599.0,51.3566008687524,0.0,1.1382708625639213,10.395303239549943,9.13253917097977,True,True,zero_or_structural_denominator,non_residential,0,5.0,4.0,85.62993774272789,138.30812810763072
040199803001,04,3,0,2992.0,376.8784402214599,87.96860973984113,15.473657135823686,7.968196453827883,0.5149523725312739,True,True,,non_residential,0,22.0,22.0,113.16439598434184,465.4631081582339
040199804001,04,1820,0,1820.0,3.9505077591348003,0.0,0.18054831919672404,12.288553110639933,68.06240659183551,True,True,zero_or_structural_denominator,non_residential,0,5.0,5.0,150.98655601978635,511.9153455883898
040210008071,04,1328,0,4191.0,17.542758083241885,0.0,0.5849559672302898,2.7842858503360386,4.759821262306913,True,False,zero_or_structural_denominator,non_residential,0,4.0,4.0,49.324124661117345,69.90273840053848
040210009031,04,3923,0,9908.0,850.0263689425386,23.416051949372324,0.3174111096594957,9.37070362247086,29.522292501114176,True,False,,non_residential,0,2.0,2.0,49.324124661117345,69.13362991079487
040210020051,04,5530,0,9411.0,1101.2067687707747,0.0,0.9947852617748119,12.399103593607535,12.46410061552993,True,False,zero_or_structural_denominator,non_residential,0,2.0,2.0,72.96279999182052,120.82270645250654
040279800031,04,0,0,0.0,0.0,0.0,711.8973248877193,0.0,0.0,True,True,zero_or_structural_denominator,non_residential,0,2.0,1.0,219.5195882898528,219.5195882898528
040279800041,04,0,0,206.0,15.996850747947363,0.0,1516.1329288882334,0.0,0.0,True,True,zero_or_structural_denominator,non_residential,0,18.0,15.0,36.946765765142295,219.5195882898528
040279800051,04,252,0,5333.0,148.41522638373385,0.0,21.74353572611575,0.9412547695385426,0.043288947179276796,True,True,zero_or_structural_denominator,non_residential,0,2.0,1.0,35.96588512453765,35.96588512453765
050450308003,05,2226,0,7854.0,221.63429127944406,248.54301628107723,0.3757596400703168,13.184084662189486,35.08648416770443,True,False,,non_residential,0,8.0,8.0,85.11949377221234,218.1100901333302
051199801001,05,0,0,64.0,55.17597689982728,22.907670057137526,2.6632851994057996,2.4515406350148887,0.9204949719849181,True,True,,non_residential,0,7.0,7.0,167.6831583652259,454.6808715376984
051430113012,05,4791,4,17185.0,439.3111011037109,343.15693272515773,0.37610288488930554,22.010502703731053,58.52255749170649,True,False,,non_residential,0,7.0,6.0,139.02704008884047,216.08720361839397
051430113013,05,0,0,3277.0,0.0,0.0,0.1307121830763926,0.0,0.0,True,False,zero_or_structural_denominator,non_residential,0,7.0,6.0,165.7314653597627,207.7624587475893
060014090002,06,0,0,9619.0,2422.5078870268653,675.6672591485169,4.112529304236845,63.457935070283156,15.430390977374188,True,False,,non_residential,0,4.0,3.0,226.88906539668506,466.7613480879521
060014100003,06,0,0,464.0,219.17638585817326,90.37927864766445,0.6008429127498968,19.81200783354023,32.97368981663774,True,False,,non_residential,0,6.0,6.0,230.41742209949854,988.2987556748984
060014251012,06,12,6,597.0,143.50583151490397,101.3066723724017,0.10750358232339531,5.017936003483826,46.67691899223162,True,False,,non_residential,0,5.0,4.0,362.50762813698725,537.3779385579428
060014272005,06,102,0,763.0,11.567642586959145,0.0,0.10096764498274087,6.627289205467455,65.63775164410644,True,False,zero_or_structural_denominator,non_residential,0,5.0,5.0,671.9386274618631,1104.1316362090126
060014443031,06,0,0,71.0,0.0,0.0,2.17878413349164,0.0,0.0,True,False,zero_or_structural_denominator,non_residential,0,3.0,3.0,121.59227247852593,132.6921837315002
060014511031,06,0,0,13285.0,8092.479224518997,29.304263524738676,1.5519341515432672,34.275662173591115,22.08577093268221,True,False,,non_residential,0,6.0,6.0,66.1715813352427,228.96409546338043
060019900000,06,0,0,0.0,0.0,0.0,0.0,0.0,,True,False,zero_or_structural_denominator,non_residential,0,24.0,18.0,187.56625685327407,863.127297032772
060139800001,06,477,0,997.0,11.153877656046708,0.0,0.08491004230903593,2.607529412074398,30.709317074464714,True,True,zero_or_structural_denominator,non_residential,0,2.0,2.0,115.79232539104865,141.84511035627932
060139900000,06,0,0,0.0,0.0,0.0,0.0,0.0,,True,False,zero_or_structural_denominator,non_residential,0,16.0,13.0,96.16913888485692,205.55772735911808
060159900000,06,0,0,0.0,0.0,0.0,0.0,0.0,,True,False,zero_or_structural_denominator,non_residential,0,9.0,7.0,68.71926893137022,459.477422755015
060179900000,06,0,0,0.0,0.0,0.0,0.0,0.0,,True,False,zero_or_structural_denominator,non_residential,0,13.0,11.0,75.21523119266567,142.63199947976437
060239901000,06,0,0,0.0,0.0,0.0,0.0,0.0,,True,False,zero_or_structural_denominator,non_residential,0,12.0,10.0,61.9081093236929,118.4986541562584
060290008005,06,0,0,15364.0,1581.4054977228368,45.189639323832225,0.2282639822620653,10.74907828886175,47.090557968628396,True,False,,non_residential,0,7.0,7.0,150.7308051918801,290.30471694848865
060290031245,06,9,0,5374.0,4309.57693558881,494.6130689121996,0.7750599287500204,33.415956784206514,43.11402969586903,True,False,,non_residential,0,10.0,9.0,189.82930634429712,377.35764792988766
060290031312,06,0,0,6214.0,3481.6065387117765,1089.3042117409943,0.5795821973869989,60.13266991224478,103.75175459727409,True,False,,non_residential,0,10.0,9.0,120.33530629107567,300.2464885849214
060290043021,06,3895,0,7162.0,1477.2356864020821,0.0,1.5041802643642253,7.208829007281441,4.792529976670323,True,False,zero_or_structural_denominator,non_residential,0,2.0,2.0,150.11337071619553,220.4976674166434
060290046011,06,3369,0,6396.0,1375.7599219258295,22.594819661916112,1.0109065713046845,9.265205844308177,9.165244452165767,True,False,,non_residential,0,3.0,2.0,94.56631337381378,118.63167202312613
060290046031,06,3212,0,5281.0,1204.2389394925178,0.0,0.7562088769588985,6.25135104721613,8.26669884166925,True,False,zero_or_structural_denominator,non_residential,0,3.0,1.0,118.63167202312613,118.63167202312613
060290046062,06,9,0,628.0,4.490078074170462,0.19553149701338346,0.24953512238324524,0.08601269124285137,0.3446917228379174,True,False,zero_or_structural_denominator,non_residential,0,2.0,1.0,118.63167202312613,118.63167202312613
060290057002,06,0,0,2765.0,1110.8453155497723,204.36426486680733,329.92336864434486,14.501010573244209,0.04395266280418044,True,False,,non_residential,0,14.0,13.0,174.70295744787285,324.5640895970902
060290060021,06,3221,0,5486.0,1421.5587182823683,0.0,2.5963393322295985,11.533223030474364,4.442109275666307,True,False,zero_or_structural_denominator,non_residential,0,3.0,3.0,51.041314639297966,110.48827306050545
060319801001,06,7879,0,15194.0,3450.8083239595053,0.0,1.97546852830919,22.445931338710423,11.362333045073601,True,True,zero_or_structural_denominator,non_residential,0,4.0,4.0,104.83406438485994,140.68644384246772
060319818001,06,3383,0,5993.0,1890.7421822272217,101.02640652833047,0.880090140645472,13.031055016561767,14.806500396657762,True,True,,non_residential,0,1.0,1.0,103.63453274407435,103.63453274407435
060330007023,06,0,0,61.0,8.880284015852048,0.0,43.065259863297214,0.0,0.0,True,False,zero_or_structural_denominator,non_residential,0,7.0,7.0,66.36987259592117,167.96661680746652
060350404002,06,4486,5,10276.0,1393.1433418150975,5.0,1.748827333419689,6.120776405211193,3.499931804726836,True,False,,non_residential,0,3.0,3.0,64.73061466791205,149.67603057439263
060372653011,06,13598,0,25075.0,24.447609070873398,497.08603256215446,0.393499875951168,38.59757858828679,98.08790535191075,True,False,,non_residential,0,10.0,9.0,81.07676296292713,108.54665028086619
060372653012,06,0,0,35986.0,13547.67960845642,433.3642432104723,0.22264426534375095,41.53657401934632,186.56026893491304,True,False,,non_residential,0,8.0,7.0,91.60059170263519,258.4405710467145
060372765002,06,2224,0,8634.0,75.56533712815414,139.07179489809315,0.15637253253645247,8.675947071243744,55.482551382361656,True,False,,non_residential,0,5.0,5.0,55.11270766933571,89.85356660440348
060372774001,06,0,0,1214.0,217.80597172232663,299.7937060145221,0.10501360950263204,21.255837262822574,202.41031008737798,True,False,,non_residential,0,6.0,4.0,316.9360717231896,362.89565856506397
060372774002,06,0,0,589.0,37.78266856407707,70.01747755771089,0.1416825037084823,12.216414723544592,86.22387665226738,True,False,,non_residential,0,4.0,2.0,241.36878513238696,362.89565856506397
060374024041,06,1217,4,22508.0,1227.4171069896247,573.5817042499723,1.5795033900754085,40.406078520025744,25.58150794351678,True,False,,non_residential,0,7.0,7.0,107.73111425898814,273.84638971451216
060374078021,06,11,3,2062.0,377.3816658097028,166.4738493423546,0.9272266504729244,16.16836824832954,17.437342035070923,True,False,,non_residential,0,18.0,18.0,80.1668905951797,285.32508725404296
060374303012,06,0,0,25.0,0.0,0.0,5.573979256607475,0.0,0.0,True,False,zero_or_structural_denominator,non_residential,0,6.0,6.0,44.04613628490972,431.38790693459265
060375039024,06,0,0,11619.0,8609.262576139992,1263.6647052985757,1.4869180229557117,132.46310144822147,89.08567883581765,True,False,,non_residential,0,11.0,10.0,117.65052583493055,191.94665110703696
060375304001,06,0,0,24311.0,1260.163122107747,45.189639323832225,0.13063341823603972,8.179742302592945,62.616001426320196,True,False,,non_residential,0,5.0,5.0,87.83531618388916,367.93355195454507
060375409024,06,0,0,2603.0,1743.1886104171244,178.9831893345993,0.47294541440964377,29.978934691590503,63.38772674011829,True,False,,non_residential,0,8.0,8.0,179.39383482076022,265.30240412527814
060375421063,06,0,0,2778.0,157.0573673643988,22.594819661916112,0.09893751983286132,4.421101179005571,44.6857894403892,True,False,,non_residential,0,3.0,3.0,271.25667749336355,345.8645438550394
060375440011,06,0,0,4722.0,3502.675626881498,905.516219765119,0.42642937075104953,68.14116974978035,159.794738410646,True,False,,non_residential,0,8.0,6.0,108.69696620493508,362.30281295510116
060375440021,06,0,0,5060.0,3378.2150716115966,75.7707654567254,0.3486927204465043,30.049465812301776,86.17749683395499,True,False,,non_residential,0,9.0,8.0,145.87479374173768,362.30281295510116
060375736014,06,0,0,3486.0,2589.9648882355577,1104.859005598507,0.25793477484342586,52.191959979297806,202.34557364736838,True,False,,non_residential,0,6.0,4.0,162.60999737584592,357.0359291121989
060375736015,06,0,0,10748.0,281.51792263429974,32.41007481418573,0.2486436124990551,7.272717614571711,29.249565438160406,True,False,,non_residential,0,7.0,5.0,114.11372665511257,163.9634477665982
060375766020,06,0,0,30.0,0.0,45.189639323832225,0.0,0.7911035942095975,,True,False,zero_or_structural_denominator,non_residential,0,5.0,3.0,189.2963192188366,193.60285412981014
060375781001,06,2259,0,35460.0,3835.3112775730783,848.5646128531912,0.6631536235121944,64.10807216760335,96.67152511068878,True,False,,non_residential,0,9.0,9.0,162.9688157950447,404.93564818326837
060375991001,06,206,0,206.0,0.0,0.0,56.687965258651325,10.100469894117989,0.17817661734783335,True,False,zero_or_structural_denominator,non_residential,0,,,,
060376023015,06,0,0,3027.0,2112.8660930342708,925.4604224100098,0.1700876534139765,69.09758063360766,406.24689239160114,True,False,,non_residential,0,6.0,6.0,97.3824171724021,266.3401061247444
060379010031,06,3141,0,5413.0,1393.5137170397836,2.0458320847713773,1.0049760421487033,11.769722108678357,11.71144546243504,True,False,,non_residential,0,7.0,7.0,74.26752405546425,200.83443671247966
060379202001,06,3582,0,6794.0,14.816732770226302,0.0,4.028786448753234,11.95215343337653,2.9666882535000823,True,False,zero_or_structural_denominator,non_residential,0,7.0,7.0,53.98610597709913,252.5576527555653
060379800011,06,0,0,3166.0,2148.426251682814,1100.2264714093621,0.8938736016050669,67.0747139101886,75.03825349551344,True,True,,non_residential,0,11.0,11.0,109.6116209472883,210.2583672147163
060379800021,06,0,0,2415.0,1705.4059418530474,373.25751610581534,2.6154147093748628,19.4884718481051,7.4513887905613405,True,True,,non_residential,0,8.0,7.0,170.92858134075416,301.97517474069275
060379800031,06,0,0,1.0,0.0,0.0,74.16922736375034,0.0,0.0,True,True,zero_or_structural_denominator,non_residential,0,5.0,4.0,181.43394954502864,324.5640895970902
060379800041,06,0,0,8079.0,6326.00405624812,343.34468736267036,13.81768196611528,36.894064631079445,2.6700617890579434,True,True,,non_residential,0,8.0,8.0,162.69484945450176,758.3598875727677
060379800051,06,0,0,4323.0,3265.607902557877,166.7904088471033,1.5643701159693741,18.878170805853546,12.06758593324032,True,True,,non_residential,0,7.0,7.0,85.19345219969708,166.88437631836572
060379800061,06,0,0,2940.0,1627.6180948093593,1293.7771347432204,1.1461627906855527,90.10419707050636,78.61378663026782,True,True,,non_residential,0,15.0,15.0,115.7298110643126,172.55037999865903
060379800071,06,0,0,1996.0,860.8521739501481,686.9803041854773,0.9271760710901488,57.577570025093834,62.09993098440911,True,True,,non_residential,0,8.0,8.0,119.19831016933959,379.033076773394
060379800091,06,5,0,1251.0,802.3260795077542,490.4413455571137,8.072138215337214,28.12737498336783,3.4845011610338004,True,True,,non_residential,0,22.0,22.0,97.21144121327501,194.9816397179428
060379800121,06,13,0,1286.0,531.9207064511243,36.65024516931922,0.3524676412510635,8.30088712647375,23.550777872857296,True,True,,non_residential,0,7.0,7.0,120.60188068572616,318.88588146098095
060379800131,06,0,0,63213.0,47060.16578815427,6336.1279394693765,2.0494696402293524,448.763657768534,218.96575043595848,True,True,,non_residential,0,12.0,10.0,123.46497386291384,266.3401061247444
060379800181,06,0,0,18544.0,13575.090564081338,1292.5405404062012,2.853237036675045,139.37609772832224,48.848411799231734,True,True,,non_residential,0,16.0,14.0,156.99518818664106,409.1794766256027
060379800201,06,0,0,43.0,0.0,0.0,3.294273810392126,0.0,0.0,True,True,zero_or_structural_denominator,non_residential,0,10.0,10.0,72.17211308221525,128.52787751449574
060379800211,06,2,0,180.0,69.63864402006362,68.5006768908287,2.656372426358359,9.737583266650326,3.6657447464923627,True,True,,non_residential,0,11.0,11.0,82.93292080546308,107.29189019474038
060379800221,06,0,0,231.0,127.4239018239462,2.932972455200752,2.156218778934858,14.109619482783327,6.543686392413892,True,True,,non_residential,0,13.0,13.0,75.85816775673936,145.49613073487956
060379800281,06,0,0,59241.0,35440.14311310429,7049.902671290592,6.67945923504645,201.01377055919062,30.094318040671855,True,True,,non_residential,0,27.0,22.0,103.03179787395598,319.2030753095677
060379800301,06,0,0,3198.0,1739.4844272245678,360.28746806746176,1.6404681487128527,16.566875524106756,10.09887057978266,True,True,,non_residential,0,13.0,10.0,99.82800215669181,261.64391447459207
060379800331,06,21,0,9473.0,6609.003652159442,962.0092215407055,4.815090830667945,96.88514410662549,20.121145688374412,True,True,,non_residential,0,11.0,6.0,215.5137193209936,324.9744157375036
060379800341,06,0,0,16501.0,11591.130046148037,1695.8685065639822,2.457140623707342,253.99566676669446,103.37042345727244,True,True,,non_residential,0,20.0,19.0,132.52296916573692,345.12590008174897
060379800371,06,0,0,150.0,125.94222854692356,45.502489719053635,0.493593771749014,3.5594623352281043,7.2113193864164975,True,True,,non_residential,0,11.0,11.0,166.00228142880866,476.54288795950424
060379800381,06,0,0,4932.0,172.6149367731364,25.465843540153685,1.743761673098955,10.977433832935882,6.295260414473471,True,True,,non_residential,0,13.0,13.0,77.393626200966,283.5213941207409
060379800391,06,0,0,4029.0,599.3368405556539,1797.80522812772,0.5080197067005069,49.39116278500454,97.22292685413902,True,True,,non_residential,0,5.0,5.0,142.37483871044617,165.21750813781478
060379901000,06,0,0,0.0,0.0,0.0,0.0,0.0,,True,False,zero_or_structural_denominator,non_residential,0,9.0,7.0,103.33148339137037,393.63244842338895
060379902000,06,0,0,0.0,0.0,0.0,0.0,0.0,,True,False,zero_or_structural_denominator,non_residential,0,33.0,29.0,141.0182467522718,393.63244842338895
060379903000,06,0,0,0.0,0.0,0.0,0.0,0.0,,True,False,zero_or_structural_denominator,non_residential,0,17.0,12.0,154.62276489051627,359.1035194241077
060419901000,06,0,0,0.0,0.0,0.0,0.0,0.0,,True,False,zero_or_structural_denominator,non_residential,0,26.0,22.0,39.02849049406907,186.6112653162004
060459901000,06,0,0,0.0,0.0,0.0,0.0,0.0,,True,False,zero_or_structural_denominator,non_residential,0,17.0,15.0,29.512622176577324,189.12923504240337
060530105044,06,0,0,1455.0,1015.4653149083177,945.3490822722845,0.1658559737558023,46.506247812367235,280.4014034540632,True,False,,non_residential,0,6.0,6.0,116.09599735006236,223.79182012441106
060530109001,06,6505,9,10611.0,2212.614770130215,9.0,1.4425822981866894,8.379720210383764,5.808833382273568,True,False,,non_residential,0,2.0,2.0,64.77404680935565,67.12469985115546
060530113052,06,0,0,136.0,7.213250066436354,0.0,0.41929690557536964,0.10433166819421358,0.24882527585326933,True,False,zero_or_structural_denominator,non_residential,0,2.0,1.0,83.99850654451227,83.99850654451227
060530113053,06,0,0,1120.0,510.53781025777306,8.026903141474802,0.3688584500876338,2.098521303825709,5.689232016582892,True,False,,non_residential,0,4.0,3.0,46.96038496320884,83.99850654451227
060530130003,06,0,0,900.0,206.77983523784215,727.0730549274234,0.10424603841135009,7.066830742115226,67.7899213227637,True,False,,non_residential,0,5.0,5.0,38.16856563279581,70.26258507426786
060530141021,06,0,0,257.0,70.52955620515546,1.6815708743150979,2.1110579538529235,0.9201883346445351,0.43588966042598953,True,False,,non_residential,0,7.0,7.0,61.65358876611406,134.9848120474979
060530141041,06,2484,0,4522.0,1036.3035928780228,135.88792062463418,1.103894256873635,7.645382775291022,6.925828925810061,True,False,,non_residential,0,6.0,5.0,49.84848841239075,129.05812562001003
060530141042,06,0,0,481.0,0.0,0.0,0.1333608438843374,0.0,0.0,True,False,zero_or_structural_denominator,non_residential,0,3.0,2.0,101.01009040769779,129.05812562001003
060539800001,06,0,0,4498.0,3346.146558596864,153.176438468825,1.5073945648345082,16.84518618154378,11.175034443217033,True,True,,non_residential,0,6.0,6.0,106.12596545116449,172.92029803638658
060539900000,06,0,0,0.0,0.0,0.0,0.0,0.0,,True,False,zero_or_structural_denominator,non_residential,0,23.0,21.0,65.23665588922161,604.3762910560313
060590761022,06,2452,0,13197.0,8987.089638673633,113.44337390241269,0.31370607334564177,19.22715540451202,61.29035118592528,True,False,,non_residential,0,8.0,8.0,99.43950840022401,242.9613823504472
060599800001,06,13,0,35520.0,26738.846473015794,7787.816787401176,1.0681485329289795,349.3081940619462,327.0221165815817,True,True,,non_residential,0,14.0,14.0,183.62375738185034,301.6110250097182
060599901000,06,0,0,0.0,0.0,0.0,0.0,0.0,,True,False,zero_or_structural_denominator,non_residential,0,31.0,29.0,86.14969350165606,448.8449879602305
060610226002,06,0,0,3119.0,2307.5610427091333,899.341168556608,0.2396169301333202,40.61050448848108,169.48094805273502,True,False,,non_residential,0,6.0,6.0,58.77576097091035,193.34138195526447
060619900000,06,0,0,0.0,0.0,0.0,0.0,0.0,,True,False,zero_or_structural_denominator,non_residential,0,18.0,14.0,59.06313032449426,196.44370589261575
060650315015,06,934,0,5554.0,2109.0687818909523,211.3284432856827,0.13162801739657407,23.704033974840435,180.08349927070608,True,False,,non_residential,0,6.0,6.0,183.07403626438014,308.3738971912969
060650432961,06,523,0,2908.0,847.8456503201628,72.73049901534422,0.9385440769455888,10.416974213958863,11.099078316982204,True,False,,non_residential,0,7.0,7.0,43.93249318079864,123.66262663878723
060650435192,06,0,0,1606.0,682.4946578199122,805.2463965761552,1.1892757299183123,30.82078846034733,25.915595252636926,True,False,,non_residential,0,8.0,8.0,111.8412103613314,570.7302018802126
060650456181,06,2,2,2.0,2.0,24.594819661916112,1.0269583824460107,2.764386554617012,2.6918194562400792,True,False,,non_residential,0,3.0,3.0,152.49449131777618,178.15888112821247
060650465022,06,0,0,145.0,36.27598304852438,45.189639323832225,0.11457041013211447,3.3405447355905533,29.157133432083153,True,False,,non_residential,0,5.0,5.0,187.03387327231573,260.03693374748883
060659800041,06,0,0,918.0,801.4461371185619,33.94426788152337,2.2143730999599067,6.740195376573727,3.043839078742315,True,True,,non_residential,0,6.0,6.0,121.26156745978645,259.68079515520344
060659810001,06,5820,0,8573.0,1746.3089514057085,5.686677435230296,2.707752971113061,15.894904947581555,5.870145880053351,True,True,,non_residential,0,1.0,1.0,284.12430311345696,284.12430311345696
060670087062,06,18,9,17665.0,10912.109001061552,1414.9078462837074,22.749794399635295,82.51213146504149,3.6269396556113165,True,False,,non_residential,0,20.0,20.0,60.246333747300696,176.7616690538728
060670087072,06,0,0,28.0,0.0,0.0,0.7419559157744551,0.0,0.0,True,False,zero_or_structural_denominator,non_residential,0,7.0,7.0,58.07514822756808,96.9534212993861
060690006024,06,39,0,479.0,328.45952575633686,279.914013710247,0.02650591318737753,4.430764441964911,167.16135794464535,True,False,,non_residential,0,5.0,5.0,67.26945153783885,161.6767692575578
060710022072,06,2628,0,5691.0,1850.6115165197516,56.25904157491123,1.0736929599263683,14.39652540379668,13.408419297807415,True,False,,non_residential,0,3.0,3.0,63.44093950740807,253.47330251659076
060710122021,06,3016,0,7107.0,3551.9801688040393,121.64245465606517,2.8081758259500273,16.363141386098874,5.826964691772139,True,False,,non_residential,0,8.0,8.0,89.74923673294354,98.31393035785663
060710123001,06,2600,0,5067.0,2430.526646120411,0.0,0.3718943713606469,13.678082334650988,36.77948199271503,True,False,zero_or_structural_denominator,non_residential,0,5.0,5.0,305.63495375461287,359.0122874881872
060719801001,06,3,0,14733.0,12619.123783383762,560.358784869033,3.105494565378526,37.00139610367039,11.914815925353365,True,True,,non_residential,0,11.0,11.0,164.35268443296093,270.5017417670249
060719802001,06,4202,0,6190.0,1970.0058079081227,75.14534104929139,8.921915089409426,21.269863273425088,2.3840019839096023,True,True,,non_residential,0,6.0,6.0,126.45225482764346,279.2534728782457
060730062001,06,28,0,8425.0,4697.218743180722,1942.1197774394293,1.4012485177007241,72.71226927619753,51.89105883623655,True,False,,non_residential,0,6.0,4.0,133.7054182258235,189.0912755590367
060730063001,06,2037,0,7109.0,254.34334135906948,184.92008905385478,0.6139418145823071,19.653924545016114,32.01268276275918,True,False,,non_residential,0,6.0,5.0,182.03497696980793,230.15539466638984
060730083051,06,7721,0,48308.0,23454.300798233726,1342.0264343409008,1.3015256660772856,51.49074945474329,39.561839460249054,True,False,,non_residential,0,8.0,8.0,66.669870551528,249.11131721542668
060730083782,06,0,0,3745.0,2787.425572452593,501.4061822701972,0.06501728689403134,19.330007920529283,297.3056681376811,True,False,,non_residential,0,7.0,7.0,94.75072239347094,119.80636874044063
060730099011,06,1310,9,1605.0,315.6630327747103,109.50299869134327,2.1775868306978445,29.515145674546694,13.554061430968549,True,False,,non_residential,0,6.0,4.0,56.54498341286096,90.39035283698716
060730099021,06,0,0,555.0,0.0,384.1119342525739,0.028157658221836395,118.86262855063893,4221.325069513786,True,False,zero_or_structural_denominator,non_residential,0,14.0,11.0,125.23732669912394,252.29372803047355
060730100161,06,3169,0,7553.0,2290.568812588364,481.93156146698993,7.399277597455844,33.145579491430446,4.479569668102083,True,False,,non_residential,0,7.0,7.0,100.17324397558728,144.05988413708366
060739901000,06,0,0,0.0,0.0,0.0,0.0,12.789555556224538,,True,False,zero_or_structural_denominator,non_residential,0,32.0,29.0,121.31740392511304,450.46614915576566
060750179032,06,0,0,40.0,0.0,0.0,0.029466158437306496,0.0,0.0,True,False,zero_or_structural_denominator,non_residential,0,1.0,0.0,,
060750615072,06,0,0,378.0,2.0736296817242295,90.37927864766445,0.011649474329053966,0.36169346182624085,31.04805003296774,True,False,,non_residential,0,4.0,3.0,75.64375344820449,409.3615955719373
060759802001,06,158,0,3483.0,1149.8276585160852,75.44052266104853,0.3854353601646457,92.47052309006796,239.91188315095818,True,True,,non_residential,0,8.0,8.0,123.40229762696035,587.1052106338999
060759804011,06,0,0,0.0,15.552222612931722,2.7084464227107725,0.16190151544749756,0.0,0.0,True,True,zero_or_structural_denominator,non_residential,0,,,,
060759901000,06,0,0,0.0,0.0,0.0,0.0,0.0,,True,False,zero_or_structural_denominator,non_residential,0,9.0,6.0,231.9754606740523,587.1052106338999
060759902000,06,0,0,0.0,0.0,0.0,0.0,19.46388601863838,,True,False,zero_or_structural_denominator,non_residential,0,27.0,18.0,208.4924515235274,1166.3989442265886
060779800001,06,848,0,3687.0,0.0,0.0,0.21404654247621238,2.4884432184200516,11.625710883400975,True,True,zero_or_structural_denominator,non_residential,0,3.0,3.0,99.27405492489699,133.12720745715814
060790109041,06,2802,5,7299.0,20.0,50.189639323832225,3.4106936498638984,7.1887884944636085,2.1077203737575414,True,False,,non_residential,0,7.0,5.0,77.13563164717397,149.35204411380474
060790109042,06,16,0,2683.0,2092.0232049348006,47.422657895794785,2.9130956126281213,3.7914728494791916,1.301527087900359,True,False,,non_residential,0,6.0,4.0,49.17752186235297,89.419021336843
060790114001,06,2958,0,4077.0,0.0,0.0,0.3995921819115996,14.347913848806156,35.90639281321148,True,False,zero_or_structural_denominator,non_residential,0,2.0,2.0,49.54083484565801,77.13563164717397
060799900000,06,0,0,0.0,0.0,0.0,0.0,0.0,,True,False,zero_or_structural_denominator,non_residential,0,21.0,19.0,64.88360080051098,178.25585048185332
060819843001,06,0,0,14797.0,9748.764848736982,2925.757274531308,3.071713715318948,94.14680527251738,30.649602794361243,True,True,,non_residential,0,6.0,5.0,124.88729422853032,279.8087749095122
060819901000,06,0,0,0.0,0.0,0.0,0.0,0.0,,True,False,zero_or_structural_denominator,non_residential,0,37.0,31.0,72.42924609788692,293.3632679322605
060830029332,06,2863,0,2863.0,91.68641560488247,22.594819661916112,0.03293296971930887,5.33168530857601,161.8950660696111,True,False,,non_residential,0,6.0,6.0,33.6946593460193,116.18215163923128
060839800001,06,0,0,1988.0,1068.1467417968809,311.1456861319392,1.7233920815180885,21.667270436269018,12.572455605797444,True,True,,non_residential,0,12.0,10.0,61.09679301772901,249.36888821148227
060839801001,06,5,0,5.0,0.0,0.0,195.5949427119185,0.5274603922499876,0.0026966974960434243,True,True,zero_or_structural_denominator,non_residential,0,1.0,0.0,,
060839805001,06,30,4,504.0,139.41719570033155,4.0,61.171034487876476,3.855630654585022,0.06303033268710163,True,True,,non_residential,0,6.0,3.0,20.358912688104787,50.065468210439974
060839900000,06,0,0,3.0,0.0,0.0,0.0,0.0,,True,False,zero_or_structural_denominator,non_residential,0,35.0,28.0,71.19333897848549,158.73145290262678
060855002002,06,1164,0,7192.0,1351.0655486768508,0.0,0.04376622408509821,13.085441659541576,298.98493491461574,True,False,zero_or_structural_denominator,non_residential,0,2.0,2.0,198.3122415029665,314.2834869126243
060855045081,06,1789,0,2861.0,1.3772329752057602,0.0,0.11536191955722917,6.828968448358547,59.196036912083514,True,False,zero_or_structural_denominator,non_residential,0,5.0,5.0,223.10070612688926,336.2851612983661
060871004002,06,4774,4,18055.0,2611.293154170311,79.12152000791102,0.8659568711301923,16.83846827729625,19.44492715361187,True,False,,non_residential,0,3.0,3.0,43.97021074090675,92.46678612464854
060879901000,06,0,0,0.0,0.0,0.0,0.0,0.0,,True,False,zero_or_structural_denominator,non_residential,0,20.0,18.0,68.75731877811056,196.8170331767558
060952528011,06,14,7,859.0,79.9339945447613,665.942026361261,0.2341597622237733,5.481924414343697,23.411043649356508,True,False,,non_residential,0,4.0,3.0,55.74503377986427,62.20120973867737
060952528012,06,0,0,111.0,0.0,0.0,0.13869600351176903,0.0,0.0,True,False,zero_or_structural_denominator,non_residential,0,3.0,2.0,50.739055427368115,55.74503377986427
060952530001,06,5817,0,10453.0,3014.602383489593,0.0,1.387564671098046,12.62342079689564,9.097536900320565,True,False,zero_or_structural_denominator,non_residential,0,7.0,7.0,82.59603249227544,141.57890220290264
060959800001,06,0,0,2359.0,131.03338156363955,4.233592099415164,5.387114692198336,3.140541287609641,0.5829727910114478,True,True,,non_residential,0,5.0,5.0,77.94337096917549,129.20931168964628
060971513105,06,2350,0,9260.0,0.0,45.189639323832225,0.42946065879815953,13.4376485549661,31.289591443768554,True,False,zero_or_structural_denominator,non_residential,0,5.0,5.0,36.23316993585183,62.51603490319903
060979901000,06,0,0,0.0,0.0,0.0,0.0,0.0,,True,False,zero_or_structural_denominator,non_residential,0,7.0,5.0,35.852200281091555,46.89506052243083
060990018003,06,0,0,220.0,193.56532476943062,0.0,0.006768756942285731,2.9288657715633173,432.70364064428543,True,False,zero_or_structural_denominator,non_residential,0,1.0,1.0,277.93619421862326,277.93619421862326
060990025062,06,422,0,3838.0,3121.680783099727,108.98672329502458,0.5036081034364286,12.278494327361834,24.38104995447471,True,False,,non_residential,0,6.0,6.0,84.81442433993567,234.38682181100748
061070040001,06,37,0,37.0,10.000322700100513,0.0,0.48820880494312385,0.46468424826727245,0.9518145587755387,True,False,zero_or_structural_denominator,non_residential,0,2.0,2.0,127.01439373215521,158.2287622536905
061090042013,06,188,2,188.0,4.8366289784330325,69.78445898574833,654.4544584801203,2.1594408364829616,0.0032996044392423632,True,False,,non_residential,0,8.0,8.0,104.07061330221393,170.79202390471872
061099852021,06,2023,0,5365.0,793.9609005329481,0.15642519761070678,0.37638898658882264,4.629252076334638,12.299116715101329,True,True,zero_or_structural_denominator,non_residential,0,1.0,1.0,69.6227108733952,69.6227108733952
061110015102,06,722,0,11208.0,8604.638136392441,23.68979604519106,0.14275972873095547,27.155898306849792,190.2209996351822,True,False,,non_residential,0,6.0,6.0,108.52809021552032,257.08426368896113
061110036181,06,0,0,10.0,0.0,0.0,1.1317453499815489,0.0,0.0,True,False,zero_or_structural_denominator,non_residential,0,1.0,0.0,,
061119800001,06,99,0,99.0,0.0,0.0,22.638770337829854,0.9565006599759989,0.04225055715052096,True,True,zero_or_structural_denominator,non_residential,0,1.0,0.0,,
061119901000,06,0,0,0.0,0.0,0.0,0.0,0.0,,True,False,zero_or_structural_denominator,non_residential,0,18.0,14.0,103.86771942225235,417.0952642168115
061150409021,06,20,5,129.0,22.42054691209743,5.039106299402676,2.537944855661905,0.21952137560264004,0.08649572314895239,True,False,,non_residential,0,4.0,4.0,21.078417499280008,32.314427710081304
080010087096,08,178,0,7988.0,5930.331311586148,536.9670231671483,0.9926462558162091,105.01576502740511,105.79374516559808,True,False,,non_residential,0,7.0,7.0,319.3192742085464,861.0326093327573
080019887001,08,0,0,3133.0,986.5125432912423,124.68425014243282,26.11941720458323,37.81263752914022,1.4476830487054342,True,True,,non_residential,0,26.0,23.0,129.03785040413692,363.75582104089295
080050067123,08,0,0,20734.0,15196.858548268967,2375.518037822256,0.5868061687742652,158.40946450767734,269.9519414367556,True,False,,non_residential,0,10.0,10.0,75.34636811051865,273.2995175670634
080050068642,08,714,0,10687.0,5183.725390447158,488.8111556321909,0.9927918163299986,34.98888501343689,35.24292247168039,True,False,,non_residential,0,6.0,6.0,71.74814365838293,153.4310079074408
080130123001,08,4946,5,24616.0,231.79366834113284,683.8559665277429,0.4397108989044741,62.09560322374959,141.21915872101155,True,False,,non_residential,0,14.0,13.0,117.10326883540081,440.277461984355
080130125113,08,2778,0,2778.0,208.09904744448198,550.3051069252714,0.1588377948190658,30.187445784623023,190.05203276090515,True,False,,non_residential,0,6.0,5.0,128.33028354364427,190.28470014061466
080149801001,08,0,0,0.0,0.0,0.0,0.0432237505522757,0.0,0.0,True,True,zero_or_structural_denominator,non_residential,0,3.0,3.0,88.83404695037098,152.4453067209727
080149802001,08,0,0,0.0,17.0029918254847,8.294068981575213,0.15248486990158422,0.0,0.0,True,True,zero_or_structural_denominator,non_residential,0,5.0,5.0,88.83404695037098,155.02340875908166
080149803001,08,0,0,0.0,0.0,0.0,0.04064149931560883,0.0,0.0,True,True,zero_or_structural_denominator,non_residential,0,3.0,3.0,88.83404695037098,166.39791423790396
080190147021,08,2,0,39.0,33.02945677123183,0.0,19.705591621422542,0.0751698728913967,0.003814646844181896,True,False,zero_or_structural_denominator,non_residential,0,3.0,3.0,22.756417843958307,44.232904725728034
080299648003,08,668,0,668.0,0.0,0.0,4.595433451623066,1.6782590776799942,0.3652014756273422,True,False,zero_or_structural_denominator,non_residential,0,2.0,2.0,50.91381971892417,84.65586031925787
080310001024,08,0,0,133.0,0.0,0.0,0.0894216460321897,2.981022827544687,33.33670268685938,True,False,zero_or_structural_denominator,non_residential,0,5.0,5.0,221.1248424944615,1055.629517389042
080310005013,08,0,0,53.0,0.0,45.189639323832225,0.151171736460211,4.758449675370657,31.477111970749238,True,False,zero_or_structural_denominator,non_residential,0,8.0,8.0,381.0944141265468,1381.2154841211573
080310014025,08,0,0,28.0,4.997752723303759,0.0,0.15175513682184433,3.0137603281467538,19.859362860875095,True,False,zero_or_structural_denominator,non_residential,0,6.0,5.0,219.90988447071615,252.24123306246668
080310014034,08,0,0,18.0,0.0,0.0,0.23934125319208513,0.9967824559175292,4.164691387813341,True,False,zero_or_structural_denominator,non_residential,0,5.0,4.0,225.35075996722463,640.0848401502694
080310021021,08,0,0,3357.0,2151.5325473822686,306.6658541010869,0.447909392140028,69.58251581826144,155.3495350606717,True,False,,non_residential,0,11.0,11.0,347.3170768613095,561.816289725018
080310034024,08,0,0,224.0,24.364044526105825,0.0,0.2366481906359022,12.232290985233178,51.6897718607674,True,False,zero_or_structural_denominator,non_residential,0,5.0,5.0,125.10255026097968,193.56677680316696
080310036035,08,0,0,916.0,573.4921249991064,0.0,0.23668680085176144,8.845566915860747,37.3724554306718,True,False,zero_or_structural_denominator,non_residential,0,8.0,7.0,131.19340711264482,308.61496874603995
080310037014,08,0,0,1657.0,371.7078587957171,158.16373763341278,0.4650411310189374,20.6566601919497,44.41899611479424,True,False,,non_residential,0,12.0,11.0,187.51355961380995,410.5740959102212
080310041091,08,0,0,4156.0,1985.9819884228314,229.32317119266526,0.8171516277733029,79.00425885092828,96.68249583765858,True,False,,non_residential,0,7.0,5.0,114.38760274087444,861.0326093327573
080319800011,08,0,0,30368.0,19048.309785781865,4537.035173606725,39.9456451558768,1183.4694649130379,29.626995891413863,True,True,,non_residential,0,7.0,6.0,202.8198184525134,677.7471406941503
080319801001,08,0,0,16071.0,7507.874028583073,1801.5813957713415,1.6314993816709067,323.3029285755062,198.16307147134447,True,True,,non_residential,0,9.0,7.0,218.10351159719727,371.2064268230059
080410038021,08,0,0,743.0,166.9559268670199,113.01320460898324,15.717850920944962,13.929573192161781,0.886226320775177,True,False,,non_residential,0,14.0,14.0,78.80802054056495,359.1544049682516
080410043004,08,142,0,379.0,99.0813210846333,0.039106299402676695,1.365095069876595,2.9181534774095237,2.1376924888266764,True,False,zero_or_structural_denominator,non_residential,0,8.0,8.0,66.73263657688467,207.34520408107463
080410044021,08,481,0,7829.0,869.8871890501271,22.913822315053622,3.6063767875752912,6.0187743785349905,1.6689255541104038,True,False,,non_residential,0,7.0,6.0,326.8616268983134,659.7699201004689
080410044022,08,2686,0,6860.0,848.8226562211105,408.8822094133016,1.1649999427989652,25.266912991349773,21.688338396519462,True,False,,non_residential,0,6.0,5.0,107.81305443282525,424.10462866369096
080439801001,08,514,0,924.0,6.453125880827555,22.594819661916112,0.28561598300155905,4.6418063843341795,16.251913970475673,True,True,,non_residential,0,4.0,4.0,107.40146798893412,404.34888182032483
080439802001,08,1843,0,3418.0,378.3145047635154,0.0,1.004384147539581,0.5040642628474086,0.501864016952283,True,True,zero_or_structural_denominator,non_residential,0,1.0,1.0,48.175884680589085,48.175884680589085
080439803001,08,4696,0,4696.0,0.0,0.0,5.304396165741472,3.08550989305619,0.5816891869773991,True,True,zero_or_structural_denominator,non_residential,0,5.0,5.0,76.51478915746782,96.282229582767
080599800001,08,0,0,3255.0,2293.593885475176,112.97409830958057,1.1039784271442081,47.332586861873196,42.874557779461334,True,True,,non_residential,0,9.0,9.0,156.01639762083718,399.4340804372967
080599804001,08,772,0,1211.0,0.701404857943479,0.0,0.3094570190903309,5.0937886612990235,16.460407575412404,True,True,zero_or_structural_denominator,non_residential,0,5.0,5.0,139.76412218620737,353.2998810770712
080599807001,08,0,0,235.0,42.78569633455221,1.9553149701338348,12.030676465151805,0.0,0.0,True,True,,non_residential,0,8.0,8.0,84.3571051442946,178.26449092707327
080599808001,08,0,0,32.0,0.0,0.0,1.768081089762223,0.0,0.0,True,True,zero_or_structural_denominator,non_residential,0,4.0,4.0,78.39247645005912,318.6389662051338
080690006001,08,1967,0,8744.0,98.62662612975947,338.9222949287417,0.31753968167830704,11.376316827975375,35.82644149495775,True,False,,non_residential,0,6.0,5.0,144.32910777072172,221.28509025522365
080690006002,08,2840,0,6367.0,0.0,0.0,0.15760419842236265,23.567648918698474,149.53693591042327,True,False,zero_or_structural_denominator,non_residential,0,5.0,4.0,160.93803808495554,179.37548139372453
080690016051,08,644,0,4805.0,1238.9519968563216,140.54799889447762,0.4147076953183388,11.914486726141305,28.729842394160258,True,False,,non_residential,0,3.0,3.0,95.09047626885156,104.10274482769819
080710008002,08,404,0,563.0,0.0,0.0,1.4600935754874953,1.270103954216918,0.8698784622710611,True,False,zero_or_structural_denominator,non_residential,0,2.0,2.0,63.54348181069885,97.32352386802246
081010003001,08,2377,0,3540.0,1239.5956141459237,0.0,0.48281727440053773,18.921863363602082,39.190526865666364,True,False,zero_or_structural_denominator,non_residential,0,7.0,7.0,320.47569339972495,364.44192950690626
081010009031,08,748,4,6565.0,816.1669263923402,162.16373763341278,0.5857528820856247,9.977073502204258,17.032905526098325,True,False,,non_residential,0,3.0,3.0,235.2272097134075,344.3834451190415
081019801001,08,0,0,92.0,0.0,0.0,74.35847456458015,0.0,0.0,True,True,zero_or_structural_denominator,non_residential,0,5.0,5.0,9.353393398333036,48.7696367922633
081230003001,08,1682,0,9814.0,189.09351990295372,22.594819661916112,0.24237987718020837,7.876112168996059,32.49490948103833,True,False,,non_residential,0,7.0,7.0,155.48311164571737,500.91929468523165
090010101013,09,0,0,855.0,216.78741536450303,45.189639323832225,0.4017242380313476,0.7708885050766208,1.9189494486425942,True,False,,non_residential,0,2.0,2.0,20.782642697841474,25.660182231347306
090010354000,09,0,0,0.0,0.0,0.0,0.0,0.0,,True,False,zero_or_structural_denominator,non_residential,0,3.0,3.0,10.52324792122829,14.088297842441854
090010551005,09,0,0,24.0,0.0,0.0,0.31964934387285665,0.0,0.0,True,False,zero_or_structural_denominator,non_residential,0,6.0,6.0,15.526001808383334,37.66275039735539
090010607001,09,3003,9,8637.0,2110.224301024876,99.4574912464698,0.33728185725146054,9.777030508186776,28.987715461070618,True,False,,non_residential,0,6.0,6.0,19.979002992817836,57.91760208108303
090010731002,09,0,0,156.0,35.780447196083024,1.9944212695365113,0.4411610986121477,0.3861304666630786,0.8752595545659161,True,False,,non_residential,0,6.0,6.0,83.26869245204968,136.19401683491682
090012114003,09,0,0,426.0,298.8719706966935,260.2989553482624,0.1192140607935069,5.2695074551170755,44.20206324692266,True,False,,non_residential,0,5.0,5.0,68.04622435955557,107.82782349565548
090019900000,09,0,0,0.0,0.0,0.0,0.0,0.0,,True,False,zero_or_structural_denominator,non_residential,0,32.0,29.0,39.000681623058085,120.30551708617307
090034173001,09,2020,5,11606.0,2.330464298702873,163.16373763341278,0.22264928467181266,7.6806502402306895,34.496631110008046,True,False,,non_residential,0,7.0,7.0,95.5557589883789,256.4554965955242
090039800011,09,0,0,884.0,741.0876469875137,29.609620905742354,0.9125937647644259,0.4090828034052102,0.44826385978081884,True,True,,non_residential,0,3.0,2.0,36.769259434675185,72.0570460037834
090039800021,09,0,0,1518.0,920.5333979876349,521.6900471443541,1.4800882618723683,9.717772623530589,6.5656710304811385,True,True,,non_residential,0,10.0,8.0,37.54205900828116,72.0570460037834
090039800031,09,0,0,0.0,0.0,0.0,0.23273852017799418,0.0,0.0,True,True,zero_or_structural_denominator,non_residential,0,3.0,2.0,39.550926933267434,44.5042037342124
090039801001,09,1014,0,6261.0,3318.5811613528913,792.959834829558,1.5989455642713357,65.99707138856719,41.27537100904563,True,True,,non_residential,0,9.0,9.0,172.32506947966198,287.4655935717964
090079901000,09,0,0,0.0,0.0,0.0,0.0,0.0,,True,False,zero_or_structural_denominator,non_residential,0,10.0,7.0,16.463907028371512,281.90287618376453
090099900000,09,0,0,0.0,0.0,0.0,0.0,0.0,,True,False,zero_or_structural_denominator,non_residential,0,36.0,33.0,48.45783415485725,281.90287618376453
090119800001,09,1246,0,6078.0,214.5651879597455,180.7585572953289,0.5095181691780045,6.177834724138817,12.124856575979212,True,True,,non_residential,0,7.0,6.0,26.524920842800505,87.27878784629817
090119800002,09,0,0,1096.0,8.220888427576455,0.0,0.4538453267262297,0.0391351596690729,0.0862301699818541,True,True,zero_or_structural_denominator,non_residential,0,5.0,4.0,18.230740848501718,28.110986781105236
090119901000,09,0,0,0.0,0.0,0.0,0.0,0.0,,True,False,zero_or_structural_denominator,non_residential,0,13.0,11.0,18.904293204608333,47.93424698233351
090135381001,09,1066,0,2342.0,0.0,0.0,0.632402517091092,0.6410261725554324,1.0136363395642498,True,False,zero_or_structural_denominator,non_residential,0,3.0,3.0,22.8225304654362,62.79439534182472
100019800001,10,45,0,3536.0,200.67985364205228,187.01733195386103,4.940157814083556,9.81859518731451,1.9875063827563064,True,True,,non_residential,0,10.0,10.0,18.133542341017893,185.8638145197172
100019900000,10,0,0,0.0,0.0,0.0,0.0,0.0,,True,False,zero_or_structural_denominator,non_residential,0,9.0,4.0,38.3729921296009,47.07246743535421
100039801001,10,0,0,146.0,87.20966940051247,0.0,2.030701986504486,2.651021558468377,1.3054705102404844,True,True,zero_or_structural_denominator,non_residential,0,7.0,6.0,166.94592125365193,356.257481556986
100039901000,10,0,0,45.0,0.0,0.0,0.0,0.0,,True,False,zero_or_structural_denominator,non_residential,0,34.0,30.0,80.38646239908815,438.1120615124088
100050512042,10,6,3,412.0,251.32471925689725,358.8294355450296,0.13216547160133488,23.715205187348587,179.43570964497707,True,False,,non_residential,0,6.0,6.0,91.78462120357435,267.16890880343664
100059800001,10,0,0,427.0,7.509940385415222,0.0,5.125466772895726,0.0,0.0,True,True,zero_or_structural_denominator,non_residential,0,5.0,4.0,27.68671004963978,45.63338467233849
100059900000,10,0,0,0.0,0.0,0.0,0.0,0.05096328587403824,,True,False,zero_or_structural_denominator,non_residential,0,14.0,10.0,45.09460131685927,278.50432422879607
110010002011,11,0,0,9889.0,1728.1796464469173,208.36690229280762,0.080727397625003,26.680333629564345,330.49911696027317,True,False,,non_residential,0,3.0,2.0,110.62503723806384,139.9725510852956
110010002012,11,3276,0,13869.0,3502.5068692839704,217.55259982783627,0.11425573687286156,34.289059439440614,300.1079891296476,True,False,,non_residential,0,6.0,5.0,139.9725510852956,157.95586118876457
110010009031,11,2491,0,14597.0,1134.2258061058515,406.70675391449004,0.11735961212578695,20.70601411068409,176.43219618424797,True,False,,non_residential,0,5.0,5.0,72.65900593883781,140.6067344514892
110010023021,11,0,0,15492.0,4863.389479156339,234.60037455327654,0.0843586884265658,81.9773201954398,971.7709192076999,True,False,,non_residential,0,4.0,3.0,169.2209546932936,765.7102347924395
110010034002,11,0,0,9801.0,2085.1170230155176,352.67851531305723,0.12198550208788411,89.98238578122773,737.6481978686302,True,False,,non_residential,0,6.0,5.0,393.958488483388,888.5552501439074
110010034005,11,1768,0,1768.0,15.382525463378556,112.97409830958057,0.11258430062831447,16.188783890480867,143.7925518934161,True,False,,non_residential,0,9.0,7.0,307.73065858366704,765.7102347924395
110010058021,11,0,0,21501.0,4333.791102488592,1279.5639186465426,0.04363456324901816,330.6294842714298,7577.2383095611585,True,False,,non_residential,0,5.0,3.0,91.66921265901001,108.93765291266438
110010058022,11,0,0,20976.0,6587.8019765101835,2127.87732164384,0.05493152630727714,213.69994871228573,3890.2969401739615,True,False,,non_residential,0,5.0,2.0,86.16593373415851,91.66921265901001
110010058023,11,0,0,10546.0,2268.451612211703,762.7462182242713,0.03090786389749102,60.9260713848318,1971.2158558384729,True,False,,non_residential,0,5.0,2.0,96.25905374373113,108.93765291266438
110010072013,11,0,0,3315.0,83.5051382297693,90.37927864766445,0.11123487358403357,4.188266531746658,37.65245913263512,True,False,,non_residential,0,5.0,5.0,329.77866692518387,532.0052057787883
110010095111,11,1669,0,8789.0,39.55506547725914,135.56891797149666,0.277788147838254,63.17160315447176,227.40928166328501,True,False,,non_residential,0,10.0,10.0,252.3346254615518,363.277804640566
110010096021,11,0,0,879.0,44.57793093468888,0.0,0.2680332768014136,4.896994008017758,18.27009715530938,True,False,zero_or_structural_denominator,non_residential,0,7.0,7.0,450.28311717953005,553.8274642551727
110010102021,11,0,0,5647.0,1772.7575773816063,408.90901119687214,0.04333147305452302,40.7957010066971,941.4796712626129,True,False,,non_residential,0,6.0,1.0,28.675872538976105,28.675872538976105
110010102023,11,0,0,6318.0,543.7251857667686,135.56891797149666,0.0640682477882109,10.9617480674157,171.09486283520235,True,False,,non_residential,0,5.0,2.0,100.07352314133985,171.4711737437036
110010102026,11,0,0,9397.0,619.382096719304,769.734516914114,0.05861687141104289,28.26956426296307,482.276921003282,True,False,,non_residential,0,5.0,3.0,147.67522847863,171.4711737437036
110010105001,11,0,0,2323.0,140.32630371694316,45.189639323832225,0.03748665857774922,6.522024324384695,173.9825466400983,True,False,,non_residential,0,4.0,1.0,28.675872538976105,28.675872538976105
110010105004,11,0,0,3559.0,988.8766369314786,544.953357019117,0.098406243262638,43.880425778821845,445.91099430255326,True,False,,non_residential,0,10.0,7.0,155.4964414679767,417.9971143531823
110010106031,11,0,0,18983.0,3351.8209055610787,1306.2019964939602,0.11895691675588427,105.61804612659199,887.8680534679169,True,False,,non_residential,0,8.0,7.0,314.72440476158823,1208.124944573891
110010108002,11,0,0,9046.0,962.5065932799725,407.98276452704005,0.032059220534413964,15.945863872928731,497.38775950000553,True,False,,non_residential,0,5.0,3.0,61.288910892880466,68.5986032059153
110010108004,11,0,0,7395.0,1513.4521481417962,158.4827402865503,0.0709308275550346,23.552226527102995,332.0449984716311,True,False,,non_residential,0,4.0,1.0,52.452169565698235,52.452169565698235
110010108005,11,0,0,1210.0,5.650723639608449,0.9570079594125246,0.01564640387480389,1.48569339347959,94.95430422015816,True,False,zero_or_structural_denominator,non_residential,0,4.0,2.0,98.60003967208429,144.74790977847036
110019800001,11,17,5,64589.0,18174.587934069878,2088.192191558131,2.515157492363932,132.1768701033477,52.55212466998162,True,True,,non_residential,0,34.0,22.0,100.93669193426452,412.41717663369064
120059900000,12,0,0,0.0,0.0,0.0,0.0,0.0,,True,False,zero_or_structural_denominator,non_residential,0,16.0,14.0,120.20914047011689,321.7416162182662
120090621094,12,1040,0,1827.0,13.944185008290935,0.0,0.36076845155864445,2.3752789207508735,6.583942998587729,True,False,zero_or_structural_denominator,non_residential,0,1.0,1.0,59.98552547790439,59.98552547790439
120090699051,12,0,0,11138.0,9184.296443401976,252.0009521921062,100.74362310489526,16.18469166961878,0.1606522693031113,True,False,,non_residential,0,22.0,19.0,43.518157658235225,333.22477380224217
120090712054,12,17,8,42.0,33.02270794654119,8.0,30.948357519679888,0.7091097659090461,0.022912678498628793,True,False,,non_residential,0,11.0,11.0,41.56364778983024,106.65634501884465
120099800001,12,21,0,1602.0,1359.9681613968453,287.7546064491386,24.97503164213368,3.7783605900724204,0.15128551764067458,True,True,,non_residential,0,4.0,2.0,44.087966707083424,44.747390286584455
120099801001,12,0,0,0.0,0.0,0.0,18.930972235235476,0.0,0.0,True,True,zero_or_structural_denominator,non_residential,0,4.0,1.0,29.741736795222316,29.741736795222316
120099900000,12,0,0,0.0,0.0,0.0,0.0,0.0,,True,False,zero_or_structural_denominator,non_residential,0,35.0,30.0,37.41504894990521,331.6065188732799
120110306012,12,1784,0,11603.0,6830.07868336754,1159.5286903856854,1.8613992787789286,121.78260035088756,65.42529683947042,True,False,,non_residential,0,12.0,12.0,115.30510522806956,261.58006468036393
120119800001,12,3,0,142.0,84.30232189531431,171.91599851171833,798.6103071338039,0.6480575542430269,0.0008114815805081358,True,True,,non_residential,0,29.0,28.0,38.77664560376127,159.95863634699776
120119900000,12,0,0,0.0,0.0,0.0,0.0,0.0,,True,False,zero_or_structural_denominator,non_residential,0,24.0,22.0,83.52224105008484,333.675765786074
120159900000,12,0,0,0.0,0.0,0.0,0.0,0.0,,True,False,zero_or_structural_denominator,non_residential,0,8.0,6.0,32.814552875798114,52.74036030816082
120179900000,12,0,0,0.0,0.0,0.0,0.0,0.0,,True,False,zero_or_structural_denominator,non_residential,0,9.0,7.0,115.46863344123247,180.6512316753024
120219900000,12,0,0,0.0,0.0,0.0,0.0,0.0,,True,False,zero_or_structural_denominator,non_residential,0,19.0,16.0,21.134808010163432,47.94767906258885
120299900000,12,0,0,0.0,0.0,0.0,0.0,0.0,,True,False,zero_or_structural_denominator,non_residential,0,6.0,4.0,39.689773296003565,79.92830637996047
120319900000,12,0,0,0.0,0.0,0.0,0.0,0.0,,True,False,zero_or_structural_denominator,non_residential,0,16.0,14.0,27.793543806962525,127.54583478839814
120339900000,12,0,0,0.0,0.0,0.0,0.0,0.0,,True,False,zero_or_structural_denominator,non_residential,0,7.0,5.0,55.69889435916337,69.24443398791655
120359900000,12,0,0,0.0,0.0,0.0,0.0,0.0,,True,False,zero_or_structural_denominator,non_residential,0,12.0,10.0,43.84353021794493,72.28254576572652
120379900000,12,0,0,0.0,0.0,0.0,0.0,0.0,,True,False,zero_or_structural_denominator,non_residential,0,5.0,3.0,84.75456582687721,118.23221351044636
120379901000,12,0,0,0.0,0.0,0.0,0.0,0.0,,True,False,zero_or_structural_denominator,non_residential,0,5.0,3.0,84.75456582687721,118.23221351044636
120439900000,12,0,0,0.0,0.0,0.0,0.0,0.0,,True,False,zero_or_structural_denominator,non_residential,0,9.0,5.0,46.78278841209823,62.653924430615405
120459900000,12,0,0,0.0,0.0,0.0,0.0,0.0,,True,False,zero_or_structural_denominator,non_residential,0,3.0,1.0,33.875574001151506,33.875574001151506
120519900000,12,0,0,0.0,0.0,0.0,0.0,0.0,,True,False,zero_or_structural_denominator,non_residential,0,7.0,3.0,58.02863703612131,92.72627540916476
120530409113,12,1058,0,1400.0,150.33810510679587,46.480147204120556,1.3305458765214178,4.467051744360073,3.35730757066321,True,False,,non_residential,0,5.0,5.0,65.792053271217,76.97628785360988
120539900000,12,0,0,3.0,0.0,0.0,0.0,0.0,,True,False,zero_or_structural_denominator,non_residential,0,8.0,6.0,51.3409814902665,182.64192813155404
120559800001,12,18,8,18.0,23.11803012940552,8.0,14.260185155830698,0.895889078934689,0.06282450537245503,True,True,,non_residential,0,6.0,6.0,39.38274161783283,102.22784350861744
120559801001,12,0,0,1.0,0.0,0.0,83.32471495400031,0.0,0.0,True,True,zero_or_structural_denominator,non_residential,0,5.0,5.0,54.5101594613796,90.89987240093797
120559802001,12,0,0,650.0,455.63291316135167,169.387245561981,2.9635939139504393,7.059191989046662,2.3819700654050924,True,True,,non_residential,0,4.0,4.0,41.39468530037652,66.09135043053791
120570065031,12,0,0,7.0,0.0,0.0,0.18704912124094655,0.0,0.0,True,False,zero_or_structural_denominator,non_residential,0,5.0,4.0,65.90608834962583,104.75251520643691
120579801001,12,0,0,0.0,0.0,0.0,0.19825573639409488,0.0,0.0,True,True,zero_or_structural_denominator,non_residential,0,9.0,7.0,49.28124795287968,158.77888072594828
120579802001,12,0,0,0.0,0.0,0.0,0.6846595137457987,0.0,0.0,True,True,zero_or_structural_denominator,non_residential,0,8.0,5.0,53.72966654321481,68.28960271056914
120579803001,12,0,0,27.0,0.0,0.0,9.009191165746318,0.0,0.0,True,True,zero_or_structural_denominator,non_residential,0,9.0,8.0,29.907918065327667,98.72057092229545
120579805001,12,0,0,17.0,0.0,0.0,2.2685069392075317,0.0,0.0,True,True,zero_or_structural_denominator,non_residential,0,10.0,9.0,49.28124795287968,60.45452848062744
120579806001,12,0,0,7472.0,4859.636766617369,1626.0224917023127,3.6801809873945714,45.54161196697672,12.374829423598118,True,True,,non_residential,0,9.0,9.0,45.748570279147444,142.7079551826547
120579807001,12,0,0,1.0,0.0,22.594819661916112,0.7907796920349569,0.09235245865469469,0.11678658365269728,True,True,zero_or_structural_denominator,non_residential,0,6.0,6.0,30.215188602148384,46.34045931075072
120579900000,12,0,0,2.0,0.0,0.0,0.0,0.0,,True,False,zero_or_structural_denominator,non_residential,0,44.0,40.0,40.107855676075296,158.77888072594828
120579901000,12,0,0,0.0,0.0,0.0,0.0,0.0,,True,False,zero_or_structural_denominator,non_residential,0,4.0,1.0,44.176676057360375,44.176676057360375
120599604011,12,1589,7,2484.0,395.7307482993197,12.29342168929742,4.080847305511376,1.4935255639163822,0.36598418223080925,True,False,,non_residential,0,5.0,5.0,24.771919083140414,86.37909042618978
120619800001,12,0,0,1273.0,1024.7342526568652,113.26289243915521,2.173170980310022,2.7609249656273436,1.2704591542233246,True,True,,non_residential,0,8.0,8.0,29.184963352905903,185.2518688765974
120619900000,12,0,0,0.0,0.0,0.0,0.0,0.0,,True,False,zero_or_structural_denominator,non_residential,0,13.0,11.0,18.37959212665565,24.024861731808723
120659900000,12,0,0,0.0,0.0,0.0,0.0,0.0,,True,False,zero_or_structural_denominator,non_residential,0,5.0,3.0,55.38664965284168,127.79290690924272
120719800001,12,0,0,6661.0,5410.3913047199285,1020.2095101078027,9.228333484511634,42.929257470147896,4.651897067027127,True,True,,non_residential,0,4.0,4.0,34.21602739486289,67.3340592263096
120719900000,12,0,0,0.0,0.0,0.0,0.0,0.0,,True,False,zero_or_structural_denominator,non_residential,0,28.0,26.0,42.29786684966961,113.96983726602497
120730013001,12,1385,0,4128.0,8.764776879784481,22.829457458332172,0.05811378029839682,8.755315536779143,150.6581656161968,True,False,,non_residential,0,5.0,4.0,162.22262437235426,289.6375982483221
120730013002,12,3826,0,6519.0,91.63175828865594,294.0516582580469,0.10539237572021132,22.521859235519514,213.69533689333517,True,False,,non_residential,0,4.0,2.0,162.22262437235426,171.551486025812
120730013003,12,3388,7,22373.0,394.86939532154383,394.0220644302142,0.4049412412167406,24.382831143396885,60.213257286743556,True,False,,non_residential,0,8.0,7.0,171.551486025812,367.77591874624204
120730025092,12,853,8,1386.0,135.51968472433384,8.0,0.40355552056955196,3.17886479673503,7.877143626355519,True,False,,non_residential,0,5.0,5.0,112.33017150440001,362.15034566487583
120759900000,12,0,0,0.0,0.0,0.0,0.0,0.0,,True,False,zero_or_structural_denominator,non_residential,0,5.0,3.0,115.46863344123247,142.25208403839946
120779800001,12,1495,0,2117.0,318.1005434782609,0.0,1.4113300311637338,1.9569987469180754,1.3866343829617245,True,True,zero_or_structural_denominator,non_residential,0,3.0,3.0,58.9405245575838,97.54289114816662
120819900000,12,0,0,0.0,0.0,0.0,0.0,0.0,,True,False,zero_or_structural_denominator,non_residential,0,17.0,14.0,63.55780128413273,128.6654600084435
120839800001,12,0,0,0.0,0.0,0.0,8.880500613572316,0.0,0.0,True,True,zero_or_structural_denominator,non_residential,0,1.0,1.0,109.6349090582596,109.6349090582596
120839801001,12,0,0,0.0,0.0,0.0,0.3918365478519514,0.0,0.0,True,True,zero_or_structural_denominator,non_residential,0,4.0,3.0,56.88187846355851,115.83495561589933
120859900000,12,0,0,0.0,0.0,0.0,0.0,0.0,,True,False,zero_or_structural_denominator,non_residential,0,7.0,5.0,43.699906587099626,72.1881696115775
120859901000,12,0,0,0.0,0.0,0.0,0.0,0.0,,True,False,zero_or_structural_denominator,non_residential,0,6.0,2.0,149.08793039387916,232.4303075154051
120860002043,12,0,0,3808.0,2227.9022946009604,336.7013843222364,0.3755990215723423,57.59603001022759,153.34446231813277,True,False,,non_residential,0,11.0,11.0,211.31000876134988,344.9290071346205
120860067162,12,6,6,3075.0,1864.4003428078543,463.73730311925715,0.021739095937394093,30.607349324508988,1407.9403031595411,True,False,,non_residential,0,7.0,7.0,150.89046214009787,269.9742026140073
120860089041,12,3847,4,34474.0,5652.990913011585,919.5267821974551,1.0405152014385117,66.05977748632925,63.487565962517074,True,False,,non_residential,0,16.0,16.0,120.57341912405715,358.412431863695
120869801001,12,0,0,0.0,0.0,0.0,5.467135908975274,0.0,0.0,True,True,zero_or_structural_denominator,non_residential,0,2.0,1.0,29.517485149315256,29.517485149315256
120869802001,12,0,0,1033.0,544.5291921161565,12.910805062997174,2.043664980377072,13.14873242321513,6.433898192446927,True,True,,non_residential,0,9.0,9.0,110.98839951032875,204.05284141985794
120869803001,12,3228,0,16549.0,1730.0470332376174,562.1625738022061,0.2979588968074452,24.42903411939954,81.98793317182508,True,True,,non_residential,0,6.0,5.0,34.053998486010784,41.19932202018178
120869803002,12,2693,4,11794.0,7481.16370660071,452.06941875470034,0.1996206075247195,14.833196212452473,74.30693852895745,True,True,,non_residential,0,6.0,5.0,50.28098741751335,152.7868890023693
120869804001,12,0,0,3407.0,291.7120672050839,429.61442397162756,2.9169168656917117,27.702174775302694,9.497073811438042,True,True,,non_residential,0,13.0,11.0,63.38439281460261,143.66808345713213
120869806001,12,0,0,124.0,59.89821113277722,22.594819661916112,2.4028948148337252,11.889175195818376,4.9478550298678305,True,True,,non_residential,0,7.0,6.0,68.92135950081928,96.42699814016878
120869808001,12,0,0,1637.0,1350.4323964480682,256.5693837262733,2.4724711960164174,24.363617685516264,9.85395410258785,True,True,,non_residential,0,10.0,10.0,138.0464803089032,393.4072343903695
120869809001,12,0,0,22.0,20.225369992885813,0.0,1.9222428013385746,0.0,0.0,True,True,zero_or_structural_denominator,non_residential,0,6.0,5.0,99.52586051169092,159.4804121043635
120869810001,12,0,0,10359.0,6574.02314653377,641.5012519111697,0.9509483809946911,44.73896181905425,47.04667752024283,True,True,,non_residential,0,12.0,11.0,140.19588972453656,609.8041995538841
120869811001,12,29,8,11693.0,9356.787240175605,1140.402416742419,45.58821237214097,67.51628831448168,1.481003198005215,True,True,,non_residential,0,16.0,16.0,39.463211300187005,159.95863634699776
120869812001,12,0,0,370.0,10.112684996442907,0.0,9.434789258549918,0.0,0.0,True,True,zero_or_structural_denominator,non_residential,0,6.0,5.0,86.75333665775037,149.77609006981137
120869900000,12,0,0,0.0,0.0,0.0,0.0,0.0,,True,False,zero_or_structural_denominator,non_residential,0,34.0,28.0,104.81003266683764,458.7247482976561
120879800001,12,29,8,149.0,83.41602385121385,98.37927864766445,859.5701958647217,0.9419764225327684,0.0010958691065191559,True,True,,non_residential,0,21.0,19.0,40.78431492742177,153.77446174481213
120879801001,12,4,0,4.0,0.0,0.0,0.24976176435033906,0.05100419692140311,0.2042113894177168,True,True,zero_or_structural_denominator,non_residential,0,,,,
120879900000,12,0,0,0.0,0.0,0.0,0.0,0.022050222126280987,,True,False,zero_or_structural_denominator,non_residential,0,40.0,37.0,49.19889505204432,145.90663599684893
120899900000,12,0,0,0.0,0.0,0.0,0.0,0.0,,True,False,zero_or_structural_denominator,non_residential,0,10.0,8.0,20.94124356772396,127.54583478839814
120919901000,12,0,0,0.0,0.0,0.0,0.0,0.0,,True,False,zero_or_structural_denominator,non_residential,0,6.0,4.0,48.53876437019103,62.2205160231513
120919902000,12,0,0,0.0,0.0,0.0,0.0,0.0,,True,False,zero_or_structural_denominator,non_residential,0,19.0,19.0,25.244213802552185,175.73542094651117
120939900000,12,0,0,0.0,0.0,0.0,0.0,0.0,,True,False,zero_or_structural_denominator,non_residential,0,10.0,6.0,87.16711938427952,113.33378206150725
120950145031,12,2712,0,6161.0,3217.125535407337,89.06711963132383,0.12102719653025744,21.962646688836024,181.4686890094595,True,False,,non_residential,0,4.0,4.0,161.91259229912956,205.275703935313
120950146064,12,0,0,1954.0,311.9075393099506,14.117374084366286,0.18398810332762494,5.759904303807492,31.305851843860328,True,False,,non_residential,0,4.0,4.0,132.18407008284063,299.61808935524317
120950148124,12,0,0,35052.0,26666.55051427152,8035.594604180535,1.6590219018418584,608.5089942913365,366.7878004598766,True,False,,non_residential,0,11.0,11.0,124.3524802069842,241.6328333435547
120950165151,12,13045,0,37023.0,8460.878027964725,1013.216746081514,2.157471294337332,38.19315858709287,17.702742412998784,True,False,,non_residential,0,11.0,11.0,35.4822913014596,98.56820427554756
120950167534,12,0,0,740.0,427.7147940042392,10.603959396041478,8.995001911418042,5.6368939338443536,0.6266695648712441,True,False,,non_residential,0,8.0,8.0,59.383697234994834,97.74750864931656
120950168022,12,0,0,25951.0,20059.36060978004,3500.095595121048,18.368148802042185,208.73690045621316,11.364068459256256,True,False,,non_residential,0,12.0,12.0,79.56944361783356,195.80412255343805
120950170231,12,0,0,1225.0,945.7592466700235,255.88007730323991,0.07629919196810522,8.839272836720987,115.85015003063207,True,False,,non_residential,0,6.0,6.0,77.69565261221483,236.84030479675943
120950170263,12,0,0,787.0,660.8734001220736,183.94858382670398,1.1812448050195876,9.881255018915649,8.365120402583948,True,False,,non_residential,0,5.0,5.0,81.15063193356025,91.33712293280679
120959900000,12,0,0,0.0,0.0,0.0,0.0,0.0,,True,False,zero_or_structural_denominator,non_residential,0,9.0,9.0,39.414799044863706,102.0433817442117
120990038021,12,978,0,6649.0,4550.904014507699,121.2580555272297,1.0112818626028364,13.971649726662653,13.815781972695953,True,False,,non_residential,0,8.0,7.0,51.46875151585982,84.16148973141419
120990071001,12,4463,0,23966.0,4852.393471535754,583.0652220651839,1.9296077000137273,54.30228087698083,28.141617011890304,True,False,,non_residential,0,10.0,10.0,53.81348870537209,169.417641533953
120990078521,12,0,0,2745.0,50.77717170998827,323.02872373461935,2.181262909349804,2.5906098171114618,1.1876650934681123,True,False,,non_residential,0,9.0,9.0,31.62905743561423,93.23033921409363
120990081021,12,0,0,446.0,218.9765529993244,0.0,0.870324458748191,3.483120701908649,4.002094468215344,True,False,zero_or_structural_denominator,non_residential,0,2.0,2.0,120.9952096894212,131.58945740079054
120999800001,12,0,0,23.0,16.6612594673399,45.189639323832225,2.431171778622567,0.10073295380531416,0.04143391046698749,True,True,,non_residential,0,12.0,12.0,39.09189205769435,140.02324556009708
120999801001,12,0,0,104.0,43.636631938271165,0.0,20.157931921934576,0.0,0.0,True,True,zero_or_structural_denominator,non_residential,0,8.0,7.0,29.490389170283606,98.63699222569387
120999802001,12,0,0,23.0,5.553753155779967,0.07821259880535339,18.380829941338998,0.0,0.0,True,True,zero_or_structural_denominator,non_residential,0,10.0,9.0,26.4873708778218,41.157490464130234
120999804001,12,0,0,0.0,0.0,22.594819661916112,282.4013014484457,0.1312700790813185,0.0004648352483080987,True,True,zero_or_structural_denominator,non_residential,0,14.0,13.0,33.13332776296938,60.00371989076774
120999805001,12,0,0,3474.0,2813.3726700565376,1221.7621677755255,2.3621405736878076,49.850395631797205,21.103907272533768,True,True,,non_residential,0,10.0,9.0,98.15525909112165,221.07259999336242
120999900000,12,0,0,0.0,0.0,0.0,0.0,0.0,,True,False,zero_or_structural_denominator,non_residential,0,38.0,36.0,49.3442343786284,765.6635321076304
120999901000,12,0,0,0.0,0.0,0.0,0.0,0.0,,True,False,zero_or_structural_denominator,non_residential,0,11.0,7.0,95.45723439810558,232.4303075154051
121019900000,12,0,0,0.0,0.0,0.0,0.0,0.0,,True,False,zero_or_structural_denominator,non_residential,0,20.0,18.0,63.10696531513942,125.72105864725683
121030245103,12,2538,0,4101.0,1341.0834381988773,80.89765018448603,0.20396811783047145,13.808869334168516,67.70111663061866,True,False,,non_residential,0,4.0,3.0,56.934828391111246,70.7041915268566
121030245104,12,100,0,1149.0,813.1625079056666,314.2896889622895,0.2526864882016775,6.816000676948903,26.974139873711117,True,False,,non_residential,0,4.0,3.0,56.934828391111246,86.85181253278323
121030245182,12,0,0,0.0,0.0,0.0,0.21963228240457058,0.0,0.0,True,False,zero_or_structural_denominator,non_residential,0,4.0,3.0,109.583892297807,154.9391864827535
121030276042,12,0,0,8.0,5.973645604449342,0.0,0.17041468194230436,0.32458430029117635,1.9046733332581502,True,False,zero_or_structural_denominator,non_residential,0,2.0,2.0,41.15312989976816,59.866640858822706
121039900000,12,0,0,0.0,0.0,0.0,0.0,0.0,,True,False,zero_or_structural_denominator,non_residential,0,31.0,29.0,65.61689835643486,230.29097356108423
121039901000,12,0,0,0.0,0.0,0.0,0.0,0.0,,True,False,zero_or_structural_denominator,non_residential,0,18.0,17.0,80.7829184836971,192.6596694461954
121059800001,12,0,0,3.0,0.0,0.0,15.94065812139964,0.0,0.0,True,True,zero_or_structural_denominator,non_residential,0,4.0,4.0,7.011837332347365,35.11531122460789
121079800001,12,0,0,0.0,0.0,0.0,3.796308933634448,0.0,0.0,True,True,zero_or_structural_denominator,non_residential,0,4.0,3.0,56.88187846355851,115.83495561589933
121099901000,12,0,0,1.0,0.0,0.0,0.0,0.0,,True,False,zero_or_structural_denominator,non_residential,0,15.0,15.0,29.415662251386383,85.93471915358853
121099902000,12,0,0,0.0,0.0,0.0,0.0,0.0,,True,False,zero_or_structural_denominator,non_residential,0,17.0,15.0,23.124608393211208,72.30704008182055
121119800001,12,0,0,306.0,200.2615199160067,29.3272554170926,2.2840884779196924,1.486205881954564,0.6506778946269954,True,True,,non_residential,0,2.0,2.0,44.2870446046448,54.205673498996916
121119900000,12,0,0,0.0,0.0,0.0,0.0,0.0,,True,False,zero_or_structural_denominator,non_residential,0,8.0,6.0,28.96025255075903,51.833436441828475
121139900000,12,0,0,0.0,0.0,0.0,0.0,0.0,,True,False,zero_or_structural_denominator,non_residential,0,6.0,4.0,47.34145336775697,62.2205160231513
121159900000,12,0,0,0.0,0.0,0.0,0.0,0.0,,True,False,zero_or_structural_denominator,non_residential,0,14.0,12.0,36.2933208584875,71.69425558505932
121199800001,12,0,0,7.0,0.0,0.0,86.19406210324263,0.0,0.0,True,True,zero_or_structural_denominator,non_residential,0,6.0,6.0,52.07296784594598,157.4897353026598
121199801001,12,5834,0,10345.0,0.7739800515800267,0.0,2.2799139413809897,2.010633666919128,0.8818901584071399,True,True,zero_or_structural_denominator,non_residential,0,3.0,3.0,19.659632926223228,33.05446855200517
121239900000,12,0,0,0.0,0.0,0.0,0.0,0.0,,True,False,zero_or_structural_denominator,non_residential,0,8.0,6.0,62.3340398655871,127.79290690924272
121279900000,12,0,0,0.0,0.0,0.0,0.0,0.0,,True,False,zero_or_structural_denominator,non_residential,0,36.0,33.0,89.02928505401026,289.799408498159
121299900000,12,0,0,0.0,0.0,0.0,0.0,0.0,,True,False,zero_or_structural_denominator,non_residential,0,6.0,4.0,63.0626839594388,95.46606297855136
121319900000,12,0,0,0.0,0.0,0.0,0.0,0.0,,True,False,zero_or_structural_denominator,non_residential,0,9.0,7.0,48.41687563922091,172.9351185551933
130299800001,13,0,0,200.0,0.0,0.0,169.42598821428567,0.0,0.0,True,True,zero_or_structural_denominator,non_residential,0,10.0,10.0,47.03025739814541,184.95499308872002
130399900000,13,0,0,0.0,0.0,0.0,0.0,0.0,,True,False,zero_or_structural_denominator,non_residential,0,5.0,3.0,20.14632268592787,102.28864920622249
130519800001,13,0,0,2927.0,1755.0036396661212,146.62891083946062,4.817027519095445,6.58412138503731,1.366843215849781,True,True,,non_residential,0,11.0,11.0,167.5635815245013,367.7252845082349
130519900000,13,0,0,0.0,0.0,0.0,0.0,0.0,,True,False,zero_or_structural_denominator,non_residential,0,10.0,8.0,47.1084528087832,75.92440976347686
130530202061,13,603,0,3857.0,257.5356314219423,555.7563814203795,117.25684138372358,3.0041832457147972,0.025620537021661643,True,False,,non_residential,0,9.0,9.0,33.198825908923865,97.97549840776762
130639800001,13,0,0,46610.0,39140.17184523896,8343.504176684553,5.7492862390013055,965.7276076308611,167.97347835626556,True,True,,non_residential,0,12.0,11.0,175.1572250080228,266.76742723076495
130670309093,13,1785,0,2810.0,87.67008588428506,0.0,0.13328439565693606,5.467503519797756,41.02133256372108,True,False,zero_or_structural_denominator,non_residential,0,4.0,4.0,109.33199796534652,215.80436208119815
130890231151,13,1533,0,1561.0,211.61119324293534,2.3112311707679107,0.25586990049927294,18.74289768098324,73.25167065141568,True,False,,non_residential,0,6.0,6.0,588.193507300319,808.9680776223775
130890234443,13,0,0,5554.0,2805.781635324103,491.1248401105603,2.4491228262820095,45.415064839760696,18.54340025432897,True,False,,non_residential,0,9.0,9.0,121.69209113135295,286.75199787335424
130899800001,13,0,0,178.0,144.8236073356966,0.0,0.2488914900848715,4.3827397958694805,17.609038357940545,True,True,zero_or_structural_denominator,non_residential,0,3.0,3.0,123.93410549712237,260.20148204789393
131210007002,13,2238,0,2988.0,39.1706969676111,0.039106299402676695,0.06658756437302718,6.947454877113843,104.3356209606019,True,False,zero_or_structural_denominator,non_residential,0,1.0,1.0,232.72449854579656,232.72449854579656
131210010022,13,5764,0,19293.0,5330.945330163454,477.5806105530498,0.5141185763976346,33.91142039496383,65.96030945346688,True,False,,non_residential,0,9.0,9.0,197.7306917108272,262.8803386885332
131210043001,13,1428,0,6217.0,1366.0003371085968,182.67257321415394,0.13758866252092564,20.641478185928925,150.02310370441748,True,False,,non_residential,0,9.0,9.0,359.00835225604953,787.0541342752763
131210068011,13,1804,0,3057.0,216.37146896394705,0.35195669462409024,0.2550753022568895,6.124735921701574,24.01148158018559,True,False,zero_or_structural_denominator,non_residential,0,5.0,5.0,327.9151203188634,353.69450996224805
131210082024,13,0,0,3016.0,1875.219397687541,93.38584297359195,1.5371557053209792,21.943227265050766,14.275214403519856,True,False,,non_residential,0,9.0,9.0,96.9268821483978,250.69288274523385
131210101301,13,12,2,187.0,5.243514189447971,24.673032260721467,0.0637628409807642,0.3524966177964726,5.528245171867622,True,False,,non_residential,0,6.0,6.0,27.719299765522997,92.35670489000223
131219800001,13,0,0,22288.0,13899.379852554703,408.94898780404367,1.0533044493397308,172.0190377151227,163.3136913291819,True,True,,non_residential,0,6.0,5.0,266.76742723076495,410.3070699422128
131279900000,13,0,0,0.0,0.0,0.0,0.0,0.0,,True,False,zero_or_structural_denominator,non_residential,0,8.0,6.0,73.67542417766232,125.21891451835724
131799900000,13,0,0,0.0,0.0,0.0,0.0,0.0,,True,False,zero_or_structural_denominator,non_residential,0,5.0,3.0,44.507145890416304,48.112823795757656
131839800001,13,0,0,14.0,0.0,0.0,43.72011576531909,0.0,0.0,True,True,zero_or_structural_denominator,non_residential,0,5.0,5.0,17.807831912068007,83.92839527537376
131919800001,13,0,0,0.0,0.0,0.0,7.833275342719624,0.0,0.0,True,True,zero_or_structural_denominator,non_residential,0,2.0,2.0,40.778652497075186,73.14411224989882
131919900000,13,0,0,0.0,0.0,0.0,0.0,0.0,,True,False,zero_or_structural_denominator,non_residential,0,6.0,4.0,41.91231938631542,125.21891451835724
132150106061,13,1750,8,2905.0,942.8117834430877,8.547488191637473,1.001033553007315,5.250724360689507,5.245303061935565,True,False,,non_residential,0,4.0,4.0,72.86926988639502,129.41220358396973
132450111005,13,379,0,3912.0,204.593415224838,2.072633868341865,0.08073936679191937,7.637994214636127,94.60062071480797,True,False,,non_residential,0,6.0,6.0,172.64728351612303,297.9993125856283
160399605002,16,0,0,2167.0,55.734430082256175,22.790351158929496,7.525398639764412,0.14714870461179924,0.019553609271176872,True,False,,non_residential,0,3.0,3.0,10.718810621266918,21.169384346193574
160659503012,16,56,0,6780.0,1117.7262368383094,497.08603256215446,0.10394333431901354,1.8618175771729994,17.911851581159368,True,False,,non_residential,0,7.0,7.0,16.48969882903531,23.424323510562896
160859701002,16,0,0,0.0,0.0,0.0,56.8074024864925,0.0,0.0,True,False,zero_or_structural_denominator,non_residential,0,4.0,2.0,43.10614622003264,46.94141070049639
160859701005,16,0,0,4.0,0.0,0.0,83.1992861928621,0.0,0.0,True,False,zero_or_structural_denominator,non_residential,0,3.0,3.0,44.31163607802336,58.18524058472625
160859702001,16,0,0,7.0,0.0,0.0,234.07913675711816,0.0,0.0,True,False,zero_or_structural_denominator,non_residential,0,8.0,5.0,52.46446676520634,118.86869503469165
160859702002,16,0,0,1.0,0.0,0.0,47.769096901375356,0.0,0.0,True,False,zero_or_structural_denominator,non_residential,0,5.0,4.0,58.75567864892703,118.86869503469165
160859703021,16,0,0,5.0,3.5173761052848036,0.0,329.6245317512288,0.0537878941690669,0.00016317928123644999,True,False,zero_or_structural_denominator,non_residential,0,4.0,1.0,46.94141070049639,46.94141070049639
170190060001,17,1817,0,3333.0,0.0,22.594819661916112,0.3610730861617739,26.27695420481151,72.77461326219833,True,False,zero_or_structural_denominator,non_residential,0,4.0,4.0,107.85704902088224,196.53467303568195
170190109017,17,22,0,33.0,27.328385524626135,0.0,1.404546216237263,0.0761923576975402,0.05424695664458605,True,False,zero_or_structural_denominator,non_residential,0,6.0,6.0,29.467478517538257,50.39130754041137
170310608002,17,0,0,17.0,10.63406066704935,22.594819661916112,0.023927136870137988,3.430277628907391,143.36348086797267,True,False,,non_residential,0,7.0,5.0,78.88522064694017,606.2788177038198
170310609002,17,0,0,43.0,35.65537988363606,113.01320460898324,0.09877690133488683,41.64221836208484,421.578504684043,True,False,,non_residential,0,7.0,5.0,72.3361206211123,112.30603946858194
170310619024,17,0,0,22.0,13.761725569122689,0.0,0.008784982414455949,8.23379554100165,937.2580561405217,True,False,zero_or_structural_denominator,non_residential,0,5.0,5.0,78.96596264712666,244.35095127304947
170313201012,17,0,0,240.0,172.64710259444828,181.2669391875637,0.08078376854015751,192.62316354478753,2384.4290384773867,True,False,,non_residential,0,6.0,6.0,67.06111564139749,133.21062365215295
170313511001,17,0,0,544.0,0.0,0.0,0.0427635167792334,22.12708315867026,517.4289867903357,True,False,zero_or_structural_denominator,non_residential,0,4.0,4.0,410.87478086086855,514.3287128442176
170313817001,17,0,0,476.0,38.157511805294725,1.2760106125500328,0.07598567701532807,6.392877974455427,84.13267112387292,True,False,,non_residential,0,8.0,8.0,475.84730518581955,1018.7640940790262
170318025051,17,0,0,3595.0,2250.667663531974,83.95260342471585,0.43492670705735403,8.430140705584842,19.382899621460023,True,False,,non_residential,0,6.0,6.0,38.43817677768267,46.65965981128468
170318025053,17,0,0,2935.0,1196.6445915332592,219.99377773123476,0.7639185648616742,9.675387096281291,12.665469254609949,True,False,,non_residential,0,9.0,9.0,40.61036266408863,112.21795424005683
170319800001,17,0,0,43122.0,24206.249743106393,5344.480764840875,7.67964915483724,695.2730100034579,90.53447572738669,True,True,,non_residential,0,8.0,8.0,68.282471451888,165.27171298546827
170319801001,17,0,0,9040.0,4400.624517217187,1271.8234697527942,1.1512720805502077,197.25541728016879,171.336924270671,True,True,,non_residential,0,17.0,17.0,117.66651023364705,234.8851234306596
170319900000,17,0,0,0.0,0.0,0.0,0.0,0.0,,True,False,zero_or_structural_denominator,non_residential,0,49.0,43.0,194.5174842434973,778.9950342038895
170370016002,17,0,0,47.0,0.0,0.0,2.3191141213385724,0.0,0.0,True,False,zero_or_structural_denominator,non_residential,0,6.0,6.0,27.099886876993303,169.27164227066885
170879800001,17,1756,5,3496.0,498.0612016975653,5.0,1.3504818753781846,0.1521506537269027,0.11266397313499296,True,True,,non_residential,0,2.0,2.0,14.57518511412752,26.86878394651133
170978630051,17,3931,0,3931.0,63.06336906321946,90.37927864766445,0.394977102809943,5.994466414260097,15.17674409887133,True,False,,non_residential,0,7.0,6.0,26.157620420677354,92.74587734533169
170978630061,17,496,0,496.0,0.0,0.0,0.08002507779852318,1.3788747257637055,17.230532774179345,True,False,zero_or_structural_denominator,non_residential,0,3.0,2.0,23.82830624393115,26.269727058352288
170979900000,17,0,0,0.0,0.0,0.0,0.0,0.0,,True,False,zero_or_structural_denominator,non_residential,0,20.0,15.0,27.201589483006565,110.91055238120632
171359580004,17,1804,0,1990.0,411.5941798941799,0.0,0.18425026669330927,6.092414091197173,33.065971629437044,True,False,zero_or_structural_denominator,non_residential,0,3.0,3.0,35.39589331400454,62.851462703031494
171878704002,17,711,0,1069.0,48.21236133122028,45.189639323832225,0.09019848357527789,2.270490998974612,25.172163754612402,True,False,,non_residential,0,5.0,5.0,64.6228121347091,82.22672470921806
171979800001,17,0,0,1.0,0.0,0.0,29.014206941668164,0.0,0.0,True,True,zero_or_structural_denominator,non_residential,0,7.0,7.0,27.897944171117913,50.33883149934368
171979801001,17,2319,8,3674.0,58.86119056888001,31.57247714698303,1.7036626473161687,3.0203388144609837,1.7728502877133656,True,True,,non_residential,0,5.0,5.0,46.19828822566943,107.20284363096167
172019800001,17,5,5,4219.0,2494.9284340069644,213.86274444494381,2.8794773115773107,9.876637527914246,3.4300105398309437,True,True,,non_residential,0,7.0,6.0,123.74579835589452,401.1657788928552
180039800011,18,1024,4,10868.0,2019.839843232794,277.78871929255314,1.5166513640867643,11.205361769022248,7.3882251612712855,True,True,,non_residential,0,12.0,12.0,86.36120985644055,327.7127271912243
180039800021,18,7,4,10134.0,8018.863543680322,1913.890335492079,1.5049408856166526,145.75417165446004,96.85042983913415,True,True,,non_residential,0,9.0,9.0,186.91374955327112,327.7127271912243
180190504032,18,0,0,1178.0,944.0560615325202,616.2462384685142,0.20882953010931005,26.910985144648087,128.86580327294593,True,False,,non_residential,0,6.0,6.0,201.13147778774544,334.8866871700346
180190507064,18,0,0,8321.0,7036.048981430824,626.9208659791481,7.850618665581442,41.15247821251996,5.241940790340512,True,False,,non_residential,0,6.0,5.0,29.57028742870584,67.07055045383852
180190509024,18,0,0,453.0,373.5656035786696,3.6922561656937845,5.2573133241140635,2.545004697149722,0.48408845740206924,True,False,,non_residential,0,7.0,6.0,55.31491967920594,92.77213123036508
180659755003,18,2457,0,3210.0,321.2668644521181,0.23463779641606017,0.6823205068690451,1.9392518491104465,2.842142115893695,True,False,zero_or_structural_denominator,non_residential,0,2.0,2.0,12.692478853345193,13.221143503579757
180899900000,18,0,0,0.0,0.0,0.0,0.0,0.0,,True,False,zero_or_structural_denominator,non_residential,0,15.0,13.0,60.89710843409514,778.9950342038895
180910401001,18,2276,0,2652.0,379.875645926984,0.0,0.1743031167814898,5.678867340497664,32.58041190173792,True,False,zero_or_structural_denominator,non_residential,0,1.0,1.0,77.26905890163415,77.26905890163415
180919900000,18,0,0,0.0,0.0,0.0,0.0,0.0,,True,False,zero_or_structural_denominator,non_residential,0,7.0,5.0,48.468391985343025,77.26905890163415
180950116001,18,2594,0,4171.0,631.5696166284866,1.0949763832749475,0.5928907526915249,1.7875001914304094,3.0148896458846064,True,False,,non_residential,0,5.0,5.0,11.205313841340097,17.099273783339825
180973101041,18,0,0,7157.0,4987.874409249639,932.3730955961287,1.9685584579768594,57.76494209191196,29.343777858280394,True,False,,non_residential,0,5.0,5.0,66.3493343509113,120.04627910120404
180973420004,18,7,7,6987.0,5743.014733283153,400.22689184128797,1.1490527653426177,30.452584734215797,26.50233797151659,True,False,,non_residential,0,10.0,8.0,193.4498901785268,373.91480637264135
180973908011,18,0,0,1100.0,713.020199652028,96.56669534611838,2.058936092953724,14.696438735087895,7.13787998830239,True,False,,non_residential,0,8.0,4.0,84.17238536257523,202.2457228752919
180973908012,18,0,0,3506.0,2914.153576584692,436.86326455269614,1.5354981687541416,23.231873705021123,15.129860899717508,True,False,,non_residential,0,5.0,2.0,188.69232368488514,250.19168740388997
180973908021,18,0,0,4960.0,4052.699004207747,324.2853811270861,2.0581461279372437,34.459546802316,16.743003003801647,True,False,,non_residential,0,10.0,7.0,210.46766986599337,359.41431984537803
180973908025,18,0,0,1562.0,527.618612800928,610.992806182492,2.8690421285370302,23.242271475761342,8.101056183379553,True,False,,non_residential,0,5.0,3.0,77.03803914985,112.91017601382798
181050002011,18,1965,4,2250.0,7.380756638253069,49.189639323832225,0.14977173003315447,7.907508952716856,52.79707292535378,True,False,,non_residential,0,3.0,3.0,36.222053736739944,121.98175446251096
181279800011,18,0,0,2563.0,1823.3993370906176,126.13967908737298,2.40979832142936,8.720363043207348,3.618710730130689,True,True,,non_residential,0,5.0,3.0,44.860196789536175,90.7536143860969
181279800021,18,0,0,14.0,0.0,0.0,3.3824552962909165,0.0,0.0,True,True,zero_or_structural_denominator,non_residential,0,4.0,2.0,13.741630622615418,23.496605259893528
181279900000,18,0,0,0.0,0.0,0.0,0.0,0.0,,True,False,zero_or_structural_denominator,non_residential,0,13.0,7.0,44.860196789536175,90.7536143860969
181339566004,18,1817,0,1960.0,368.5856720827179,0.0,0.23674626058418471,0.8868116020304952,3.7458315068725385,True,False,zero_or_structural_denominator,non_residential,0,2.0,2.0,7.275595443562574,7.373816129358193
181530505012,18,1895,0,2218.0,649.1934974034771,0.0,0.4360525809518099,0.9919500812350811,2.27484052283297,True,False,zero_or_structural_denominator,non_residential,0,2.0,2.0,26.535263294113104,26.901705513823003
181570104001,18,2294,0,2662.0,509.7628585696055,203.35337695724502,0.054314921160004866,20.244794470904168,372.72988781969457,True,False,,non_residential,0,5.0,3.0,31.13182764495616,176.78531680212788
181570104002,18,1667,0,3990.0,89.20850024968097,45.189639323832225,0.18246029708607428,11.382627157502178,62.384131448237795,True,False,,non_residential,0,7.0,3.0,53.914522342973804,64.62663957740922
181570104003,18,2509,0,2509.0,42.21473672529546,92.61229721962701,0.04134999677662613,19.185339094586833,463.9743794473936,True,False,,non_residential,0,6.0,2.0,102.8689118752081,176.78531680212788
181570104004,18,1814,0,1814.0,2.389513399545026,22.594819661916112,0.0331279513093981,11.671893253017076,352.32765056938086,True,False,,non_residential,0,5.0,2.0,46.78957326284876,64.62663957740922
181570112003,18,1133,0,5118.0,11.15106253121012,90.37927864766445,0.1233515315249845,11.661817946656326,94.54133080053617,True,False,,non_residential,0,6.0,5.0,66.60105356874634,111.56931365989585
181639801001,18,0,0,908.0,820.8907776721384,33.295724813520046,6.506355351569549,5.241750487060827,0.8056354447035148,True,True,,non_residential,0,10.0,10.0,145.18796200908739,438.12667531833165
181639802001,18,0,0,2606.0,1228.6824247700433,297.52036715507063,2.0182613888524763,9.36010251875938,4.637705785017895,True,True,,non_residential,0,9.0,9.0,36.17289935716334,75.00153492306852
181639803001,18,0,0,4.0,1.7691611587761602,0.0,0.9175065286303573,0.0,0.0,True,True,zero_or_structural_denominator,non_residential,0,4.0,4.0,46.55031628493992,96.19752660225456
181639806001,18,0,0,8.0,0.0,0.0,0.3306165756876776,0.0,0.0,True,True,zero_or_structural_denominator,non_residential,0,2.0,1.0,157.0664365654632,157.0664365654632
181670112013,18,1981,0,3011.0,324.620696358374,0.0,1.2865113114360978,7.34523105433614,5.709418167599986,True,False,zero_or_structural_denominator,non_residential,0,4.0,4.0,67.17307776660334,231.0996493251358
190130023032,19,676,0,994.0,0.0,0.0,0.08061697240764554,3.523161433072044,43.70247762787374,True,False,zero_or_structural_denominator,non_residential,0,3.0,2.0,47.33218608040385,65.1583497785705
190130023033,19,1940,4,5962.0,1417.5725615314493,95.65528926021449,0.2281446766950602,5.102931206039997,22.367084255314936,True,False,,non_residential,0,5.0,4.0,46.414938102961585,65.1583497785705
190999800001,19,1336,0,1705.0,224.809618329269,0.0,0.4107130823855404,0.8226495001495971,2.0029785644309426,True,True,zero_or_structural_denominator,non_residential,0,2.0,2.0,48.012167672006676,64.19132896465514
191454904003,19,894,0,1934.0,243.95091735925982,0.0,0.41509225306829695,1.4279483654423402,3.440074718058864,True,False,zero_or_structural_denominator,non_residential,0,2.0,2.0,26.734413549838855,29.205183771571527
191530114053,19,11,0,273.0,251.40259700996177,0.0,7.88911807012118,1.1797770650291373,0.1495448609772189,True,False,zero_or_structural_denominator,non_residential,0,5.0,5.0,17.81670976445249,31.991766286044538
191530116001,19,0,0,1247.0,1028.2447054555348,261.1249833100196,1.986820317873969,16.104517571878855,8.105673888573763,True,False,,non_residential,0,8.0,8.0,100.83677247229605,376.32637776765785
191690008001,19,2973,0,7590.0,8.272289609779031,90.37927864766445,0.3430054356504363,8.307440237869328,24.219558567974435,True,False,,non_residential,0,6.0,5.0,53.981099915071695,71.92219548446745
191690008002,19,1931,4,15873.0,6006.161993417959,501.3597766579732,0.43094985482385095,16.83557005292287,39.06619265437354,True,False,,non_residential,0,12.0,11.0,58.685701267761715,111.51440877560516
191939402001,19,0,0,248.0,246.59239665591875,112.97409830958057,0.9896327284683945,0.6520939240941418,0.6589251803579246,True,False,,non_residential,0,2.0,2.0,41.57178571132589,45.84662782052948
200150201021,20,1900,0,1900.0,124.70568097705403,0.31285039522141356,0.7841418237244341,2.8994879799315703,3.6976576075994623,True,False,zero_or_structural_denominator,non_residential,0,3.0,3.0,42.19557289626047,52.067565128066576
200910518083,20,0,0,508.0,359.0307457381924,280.3350728501482,0.12069630698034363,9.839088681466379,81.51938470717877,True,False,,non_residential,0,7.0,7.0,165.19895536058326,405.1924058159201
200910520041,20,0,0,1155.0,246.64507112686746,150.08637835151947,0.24154744092628289,8.526625232350407,35.3000023500668,True,False,,non_residential,0,5.0,4.0,228.22685141092126,476.5133370350056
200910520042,20,0,0,1182.0,558.9113079663878,179.20317900605815,0.16433395904663053,12.462385181941082,75.83572655487976,True,False,,non_residential,0,5.0,4.0,288.8658173758205,456.62324506534657
200910526071,20,0,0,171.0,10.559727815829188,1.9140159188250492,1.718768508168943,0.37139890261440855,0.2160843073684607,True,False,,non_residential,0,9.0,7.0,72.1063501453211,266.69705187845096
200910526103,20,0,0,1563.0,1178.918184010073,60.142869731608414,1.7767100869046075,6.839576200705654,3.8495735748433755,True,False,,non_residential,0,9.0,6.0,90.21926753987309,227.5308421240876
200910527011,20,0,0,25.0,0.0,0.0,1.3949110368695863,0.0,0.0,True,False,zero_or_structural_denominator,non_residential,0,7.0,6.0,29.354734426335543,266.69705187845096
200910529073,20,0,0,1871.0,1172.12978755704,1609.5623505097765,0.3021751323792757,52.56158693268337,173.94411816360386,True,False,,non_residential,0,8.0,7.0,84.38365201265042,278.73423773060597
200910531093,20,16,8,1075.0,600.5563612334015,342.59718410429105,0.18904449719655278,9.484294476948275,50.16964057455369,True,False,,non_residential,0,9.0,9.0,74.39807273424803,234.46241355364216
200910534251,20,0,0,255.0,0.0,22.594819661916112,1.906217245144033,0.07806652022347117,0.040953632342977,True,False,zero_or_structural_denominator,non_residential,0,9.0,8.0,23.140901125037125,63.86465678214344
200910534253,20,0,0,689.0,340.17408892421173,7.899472479340693,0.41422777033520825,1.955013166102106,4.7196574109940475,True,False,,non_residential,0,5.0,4.0,21.95249784392734,24.974180402934543
200910536031,20,0,0,1328.0,792.7338524597484,359.47890228831955,0.35960473965264655,7.700781216123261,21.414570963557615,True,False,,non_residential,0,6.0,6.0,74.65376977558995,175.2391584970378
200910537112,20,666,0,4629.0,1716.7100363448023,146.67946965909104,4.879488423597436,10.999690294577338,2.254271214454023,True,False,,non_residential,0,7.0,7.0,45.795434528682335,323.17111630348677
200910537123,20,0,0,1974.0,1063.5154443085112,112.52206550241047,3.422223432523789,6.538738875652192,1.9106697749509782,True,False,,non_residential,0,5.0,5.0,43.30719802377821,80.51556712889884
200910538043,20,0,0,9.0,0.7542662725592277,0.0,0.95649280799208,0.41188400879323833,0.4306190337780865,True,False,zero_or_structural_denominator,non_residential,0,2.0,2.0,23.971851308814756,31.981650736756116
200919800011,20,0,0,30941.0,23400.35683987748,1606.7774351350076,5.154849919368935,96.51085966829619,18.72234132475213,True,True,,non_residential,0,16.0,15.0,62.92257750773338,166.51729163705662
200919800031,20,0,0,1229.0,677.3311127581865,0.0,3.4240110855180723,5.3516059103668345,1.5629639556371664,True,True,zero_or_structural_denominator,non_residential,0,5.0,5.0,55.5607162161839,75.73782414408632
200919800051,20,0,0,6165.0,4699.833144316548,269.4327374800456,0.6114170925672705,37.47178636913738,61.28678250030209,True,True,,non_residential,0,11.0,9.0,74.42420322659832,476.5133370350056
200919801001,20,0,0,4993.0,2642.949019047534,473.9957440334837,0.4789747857182248,43.303635708066906,90.40900899017662,True,True,,non_residential,0,8.0,6.0,132.25081714924121,290.5329277281388
201039819005,20,0,0,228.0,0.0,0.0,0.23172268539873722,0.0,0.0,True,True,zero_or_structural_denominator,non_residential,0,2.0,1.0,19.485611492048378,19.485611492048378
201039819007,20,182,0,338.0,5.133165829145729,0.07821259880535339,5.589244963753908,1.4066592719111726,0.25167250335838154,True,True,zero_or_structural_denominator,non_residential,0,8.0,3.0,55.84436148414218,81.2495365145736
201110001021,20,491,0,1436.0,769.9606369654679,73.77168230036786,0.18973291734532327,5.1204257266496045,26.987545431192505,True,False,,non_residential,0,9.0,9.0,88.86502145039583,209.39818167636844
201211001003,20,0,0,15.0,0.0,0.0,2.953160661420952,0.0,0.0,True,False,zero_or_structural_denominator,non_residential,0,3.0,3.0,29.48002676133085,37.57671561611042
201459702004,20,783,0,1691.0,991.213905640298,0.0,5.7864470273572035,1.6181928139714916,0.2796522298261763,True,False,zero_or_structural_denominator,non_residential,0,3.0,3.0,82.13579066672796,104.96282825329406
201550008004,20,1541,0,2952.0,95.04939491232403,0.0,0.6447971685862296,8.941393400749725,13.866986141323261,True,False,zero_or_structural_denominator,non_residential,0,4.0,4.0,131.11591727000712,168.35206607444272
201619800001,20,0,0,302.0,0.0,0.0,106.48398150368344,0.0,0.0,True,True,zero_or_structural_denominator,non_residential,0,8.0,8.0,36.77365700346412,109.04259651511143
202090430004,20,0,0,866.0,248.2073773430298,30.660829102793592,0.19414143179213283,5.808084416688416,29.916769249477515,True,False,,non_residential,0,4.0,4.0,190.87600707086904,286.6330943933585
202090438022,20,3,3,479.0,420.71485455290383,13.441381940514677,2.0337325023472794,21.77023698322692,10.70457248340197,True,False,,non_residential,0,9.0,6.0,134.2448431430198,273.94713073498133
202090440023,20,0,0,1237.0,1069.7997413704804,36.99370723932769,1.1801540664215637,31.475055187971883,26.670293382464738,True,False,,non_residential,0,5.0,3.0,244.32525417155296,297.1415819501631
202090446013,20,0,0,16.0,0.0,0.0,0.8018866928311884,0.0,0.0,True,False,zero_or_structural_denominator,non_residential,0,2.0,2.0,214.63943768121388,337.27232980131384
202090446021,20,0,0,5.0,6.918672539178531,0.0,3.2445087170689755,0.0,0.0,True,False,zero_or_structural_denominator,non_residential,0,8.0,6.0,59.06326272206667,337.27232980131384
202090446031,20,0,0,0.0,0.0,0.0,3.106933182021442,0.0,0.0,True,False,zero_or_structural_denominator,non_residential,0,10.0,7.0,78.22980246669768,246.90039662361562
202090447023,20,0,0,4044.0,3500.8483048243365,399.1176810076202,1.505074090861367,31.361569419837537,20.837226293550135,True,False,,non_residential,0,7.0,4.0,98.48028054497738,297.1415819501631
202090447024,20,0,0,100.0,80.42956826795043,4.324109214052706,0.22419446551049999,0.6819751963877818,3.041891310005786,True,False,,non_residential,0,5.0,4.0,104.76647975584316,227.5308421240876
202090447031,20,0,0,7283.0,3218.9123988528117,891.0026619050504,2.0257575622615502,107.06716920505136,52.85290362461827,True,False,,non_residential,0,5.0,5.0,240.83852178111965,690.414974864166
202090452001,20,37,0,14298.0,12534.904972856704,90.69212904288587,0.12840560878096077,45.54795776354121,354.7193786623345,True,False,,non_residential,0,7.0,7.0,315.4596041498598,367.8924899864412
202099800001,20,0,0,7587.0,6603.872938645908,482.37173531071994,3.9884820166220765,54.27969821695066,13.609111935503021,True,True,,non_residential,0,14.0,11.0,199.45445402362338,370.60526713555714
202099805001,20,0,0,2207.0,1788.4768513776503,188.21461836033052,0.5295340911816001,17.717264965328262,33.458214042072406,True,True,,non_residential,0,4.0,2.0,182.154567728545,258.4948503175139
202099809001,20,0,0,3194.0,2545.206660350302,304.24577581014853,1.3678421867349808,36.03718025368085,26.346007312218575,True,True,,non_residential,0,12.0,9.0,234.2831912651415,543.5999318786871
202099812001,20,0,0,1584.0,1075.8535798422615,101.12763510849325,1.8074909231919216,20.190434646876962,11.170421044893468,True,True,,non_residential,0,12.0,10.0,379.216541620419,687.1017783098656
210159801001,21,17,9,13240.0,11279.491328651284,1447.8455128075452,9.234389110767,19.678294032436643,2.1309795154172555,True,True,,non_residential,0,9.0,9.0,23.993250663982735,88.72800385488539
210190310034,21,1169,0,1552.0,0.0,0.0,0.11262445525280809,3.0399088815254016,26.99155236490795,True,False,zero_or_structural_denominator,non_residential,0,4.0,4.0,25.429403624018647,63.552977037404524
210299801001,21,0,0,92.0,0.0,0.0,55.03780671796212,0.0,0.0,True,True,zero_or_structural_denominator,non_residential,0,6.0,5.0,48.90161331054922,51.77893485887262
210472015016,21,0,0,529.0,32.71748878923767,45.189639323832225,0.23717174516295367,0.21722784351364818,0.9159094535666438,True,False,,non_residential,0,6.0,5.0,14.202802509457642,17.375439815757918
210472015031,21,806,0,2085.0,428.7713004484305,95.38884447721705,1.0375437592259835,1.4101916432654655,1.359163534767421,True,False,,non_residential,0,3.0,1.0,14.202802509457642,14.202802509457642
210472015032,21,182,0,1524.0,74.90582959641256,0.15642519761070678,0.7978492225587862,0.28874107126062304,0.3618992951257132,True,False,zero_or_structural_denominator,non_residential,0,6.0,2.0,22.948499432925942,31.694196356394244
210472015033,21,2071,0,4590.0,368.5022421524664,22.751244859526818,0.9137385576646528,2.0570170659965394,2.2512096581038405,True,False,,non_residential,0,6.0,4.0,23.63620149213682,33.23592835861452
210479801001,21,0,0,2444.0,121.39910313901346,0.7430196886508572,15.991200052265878,0.32793894682899927,0.020507463214590443,True,True,zero_or_structural_denominator,non_residential,0,10.0,5.0,29.957983440987228,51.38497006336865
210590002000,21,0,0,0.0,0.0,0.0,0.0,0.0,,True,False,zero_or_structural_denominator,non_residential,0,6.0,4.0,103.63097743560562,238.34326474343683
210590003000,21,0,0,21.0,0.0,0.0,0.0,0.0,,True,False,zero_or_structural_denominator,non_residential,0,7.0,5.0,144.44257101010783,238.34326474343683
210590004020,21,0,0,8.0,0.0,0.0,0.0,0.0,,True,False,zero_or_structural_denominator,non_residential,0,7.0,5.0,70.3343441616261,238.34326474343683
210590013000,21,0,0,0.0,0.0,0.0,0.0,0.0,,True,False,zero_or_structural_denominator,non_residential,0,7.0,6.0,24.222187773812806,168.6285938195344
210590014010,21,0,0,1.0,0.0,0.0,0.0,0.0,,True,False,zero_or_structural_denominator,non_residential,0,5.0,3.0,70.3343441616261,144.44257101010783
210590014020,21,0,0,2.0,0.0,0.0,0.0,0.0,,True,False,zero_or_structural_denominator,non_residential,0,6.0,4.0,59.332463370560035,70.3343441616261
210590015010,21,0,0,4.0,0.0,0.0,0.0,0.0,,True,False,zero_or_structural_denominator,non_residential,0,8.0,6.0,49.58535133258822,75.02319556651753
210619801001,21,108,0,340.0,252.53548106225512,91.07165266478643,68.90283021415107,0.4849249345703558,0.007037808651157022,True,True,,non_residential,0,9.0,9.0,26.95654016565821,37.07766497007163
210639201012,21,944,0,1188.0,8.28476821192053,0.0,0.5161737981878226,0.10200618978203971,0.197619852344621,True,False,zero_or_structural_denominator,non_residential,0,3.0,3.0,3.101012528938815,3.4703620388434975
210919601000,21,0,0,17.0,16.232593726090283,0.0,0.0,0.00603488675614104,,True,False,zero_or_structural_denominator,non_residential,0,11.0,10.0,27.572305375412434,93.3083274426272
210919602000,21,0,0,1.0,0.0,0.0,0.0,0.0,,True,False,zero_or_structural_denominator,non_residential,0,12.0,10.0,18.192050659923254,38.66508086155674
210939801001,21,674,0,1369.0,208.33902429451706,73.3766598003311,83.50156981994795,1.1017116840532875,0.0131939038562853,True,True,,non_residential,0,20.0,17.0,23.488235741292623,284.40659883696804
211110002020,21,0,0,55.0,0.0,0.0,0.0,0.0,,True,False,zero_or_structural_denominator,non_residential,0,10.0,8.0,102.02475737100602,466.40939325760723
211110004000,21,0,0,0.0,0.0,0.0,0.0,0.0,,True,False,zero_or_structural_denominator,non_residential,0,9.0,6.0,115.33235446128771,466.40939325760723
211110008000,21,0,0,0.0,0.0,0.0,0.0,0.0,,True,False,zero_or_structural_denominator,non_residential,0,7.0,4.0,93.27291402486834,259.0113381653555
211110008002,21,0,0,14.0,11.306770200138567,0.0,0.3563842615478262,4.269719318011186,11.98066182683602,True,False,zero_or_structural_denominator,non_residential,0,8.0,5.0,253.5546009943527,368.2237145700761
211110011000,21,0,0,0.0,0.0,0.0,0.0,0.0,,True,False,zero_or_structural_denominator,non_residential,0,6.0,3.0,156.47634331247428,235.67872396056924
211110012000,21,0,0,0.0,0.0,0.0,0.0,0.0,,True,False,zero_or_structural_denominator,non_residential,0,6.0,4.0,196.07753363652176,513.7714894983892
211110049000,21,0,0,41.0,0.0,0.0,0.0,0.0,,True,False,zero_or_structural_denominator,non_residential,0,8.0,6.0,145.32492866440583,337.4692478448727
211110074000,21,0,0,30.0,0.0,0.0,0.0,0.0,,True,False,zero_or_structural_denominator,non_residential,0,9.0,7.0,126.18268266703619,215.71305549946942
211110075010,21,0,0,22.0,0.0,0.0,0.0,0.0,,True,False,zero_or_structural_denominator,non_residential,0,9.0,7.0,72.55455513134768,215.71305549946942
211110075020,21,0,0,50.0,0.0,0.0,0.0,0.0,,True,False,zero_or_structural_denominator,non_residential,0,12.0,11.0,46.75960424237968,109.20984010992635
211110121030,21,0,0,0.0,0.0,0.0,0.0,0.0,,True,False,zero_or_structural_denominator,non_residential,0,7.0,5.0,66.58931803144502,202.1483474511339
211110121040,21,0,0,4.0,0.0,0.0,0.0,0.0,,True,False,zero_or_structural_denominator,non_residential,0,6.0,5.0,135.67376088944235,202.1483474511339
211110127010,21,0,0,7.0,0.0,0.0,0.0,0.0,,True,False,zero_or_structural_denominator,non_residential,0,8.0,6.0,241.20872231689924,513.7714894983892
211110127020,21,0,0,0.0,0.0,0.0,0.0,0.0,,True,False,zero_or_structural_denominator,non_residential,0,7.0,5.0,157.9806024471733,361.2192141997774
211110127030,21,0,0,0.0,0.0,0.0,0.0,0.0,,True,False,zero_or_structural_denominator,non_residential,0,8.0,6.0,78.12269030559273,178.21399824513824
211119801001,21,0,0,31110.0,25179.369609265723,1774.2019752807787,6.803523897258355,162.52667483101285,23.88860203702774,True,True,,non_residential,0,11.0,11.0,233.09753532910375,509.800931964631
211439801001,21,0,0,0.0,0.0,0.0,65.78132013123412,0.0,0.0,True,True,zero_or_structural_denominator,non_residential,0,12.0,11.0,34.287038218875495,69.643292115724
212219801001,21,6,0,72.0,52.814661383285305,35.99293109369145,102.36619889347678,0.16299600031797912,0.0015922834107339892,True,True,,non_residential,0,14.0,12.0,20.07367510812324,49.09448023851301
212219802001,21,0,0,93.0,0.0,0.0,35.32580502850262,0.0,0.0,True,True,zero_or_structural_denominator,non_residential,0,5.0,3.0,29.957983440987228,51.38497006336865
212259501000,21,0,0,1.0,0.0,0.0,0.0,0.0,,True,False,zero_or_structural_denominator,non_residential,0,7.0,6.0,21.906889135250005,90.90964827931018
212259502020,21,0,0,0.0,0.0,0.0,0.0,0.0,,True,False,zero_or_structural_denominator,non_residential,0,8.0,6.0,20.726390765232686,115.95097012011851
212259503000,21,0,0,0.0,0.0,0.0,0.0,0.0,,True,False,zero_or_structural_denominator,non_residential,0,5.0,4.0,15.470285249464027,25.021793792772954
220039502021,22,2062,9,2838.0,176.28754076973254,9.0,2.086686799500404,0.7108425518624645,0.34065608314225926,True,False,,non_residential,0,4.0,4.0,37.47038248865328,66.7733835012301
220179800001,22,0,0,420.0,353.61731273368,80.76775038743699,2.6799443492425916,8.388513751052724,3.1301074417547117,True,True,,non_residential,0,9.0,9.0,321.9201754425316,427.4609058652174
220190016003,22,698,0,1971.0,140.20898035956432,8.50013824031691,1.0584658629957957,3.728501549339993,3.5225524787234477,True,False,,non_residential,0,5.0,4.0,227.0694829028555,364.520092321574
220199800001,22,0,0,2662.0,1060.6718319408599,68.45788746842486,2.079908003901995,7.4898449083936365,3.601046245479306,True,True,,non_residential,0,6.0,5.0,194.61629244621776,459.4145990029222
220199801001,22,0,0,407.0,327.76125278859195,102.08436668489698,1.7123368184111085,6.3329612477660175,3.698431978845391,True,True,,non_residential,0,7.0,7.0,112.54553147750796,213.36732521610355
220239900000,22,0,0,0.0,0.0,0.0,0.0,0.0,,True,False,zero_or_structural_denominator,non_residential,0,9.0,7.0,60.181319892756406,173.76216137157115
220330028011,22,1677,0,5241.0,8007.811837326816,235.23837985955154,0.9618955354972654,9.937370939789128,10.331029278196894,True,False,,non_residential,0,7.0,7.0,86.15532702571019,301.5922158485537
220330039091,22,0,0,745.0,542.5323097294297,492.9933667822138,0.08292624941818749,12.565626213038794,151.52772856845115,True,False,,non_residential,0,6.0,6.0,87.48747768268429,143.93935902424946
220339800001,22,0,0,304.0,294.41769465188054,190.47714307504486,1.4270764354976133,5.577932801893405,3.908643337627821,True,True,,non_residential,0,7.0,7.0,111.3958251598069,174.8784042802362
220399501021,22,229,3,851.0,140.4506101362786,3.0391062994026767,0.8203412177054358,0.2643942936405424,0.3222979510648944,True,False,,non_residential,0,5.0,5.0,14.532948830934622,18.96688877215378
220450304027,22,0,0,149.0,0.0,22.594819661916112,0.059197955159724654,0.2825576817615333,4.773098682195217,True,False,zero_or_structural_denominator,non_residential,0,5.0,5.0,162.7650282448731,366.30814649187977
220459900000,22,0,0,0.0,0.0,0.0,0.0,0.0,,True,False,zero_or_structural_denominator,non_residential,0,4.0,2.0,102.36404602520527,126.95662180850681
220479532004,22,1761,0,2594.0,7.300606164091181,0.0,1.577323457287995,3.022328741370398,1.9161122136399997,True,False,zero_or_structural_denominator,non_residential,0,1.0,1.0,53.11019761095926,53.11019761095926
220510250041,22,0,0,143.0,136.32009360982903,113.61210361585559,0.1656918803384005,4.955791131210253,29.909680070555073,True,False,,non_residential,0,6.0,6.0,84.2365226409892,217.69653032481443
220519800001,22,0,0,3493.0,2708.9249371183973,931.0297804006734,1.9069794108050946,31.55096117087237,16.54499308807539,True,True,,non_residential,0,9.0,9.0,192.44083348441814,523.9122687900533
220519900000,22,0,0,1.0,0.0,0.0,0.0,0.0,,True,False,zero_or_structural_denominator,non_residential,0,16.0,14.0,85.62193219167833,258.68707036887196
220519901000,22,0,0,0.0,0.0,0.0,0.0,0.0,,True,False,zero_or_structural_denominator,non_residential,0,6.0,4.0,124.28437773211206,171.70733177566288
220550014201,22,15,0,3730.0,2886.298573190065,658.7860829050829,0.3371432465765258,44.67591280642413,132.51314763110184,True,False,,non_residential,0,5.0,5.0,116.1076117210107,247.3723591857213
220550014213,22,0,0,1463.0,490.93729082261757,27.85528730972695,0.15243042949722269,8.83262987043329,57.94531905189064,True,False,,non_residential,0,6.0,6.0,171.84797830813872,465.1132430546888
220550022005,22,2,0,5217.0,1776.3160119781573,158.16373763341278,0.08264941417047664,13.270496966199595,160.563714811423,True,False,,non_residential,0,5.0,4.0,167.86456578852693,229.7020093213072
220550022008,22,0,0,4923.0,8.59785097762903,113.01320460898324,0.09411085674829604,1.315690632596114,13.980221603071696,True,False,,non_residential,0,5.0,4.0,114.77449203030903,168.5915194108599
220579900000,22,0,0,0.0,0.0,0.0,0.0,0.0,,True,False,zero_or_structural_denominator,non_residential,0,5.0,3.0,115.03418427019223,126.14435336735184
220710017562,22,0,0,118.0,83.44476177415797,103.21759737197013,0.06905321275779912,8.129123902993435,117.72260229956211,True,False,,non_residential,0,5.0,5.0,361.06332567926177,635.3720085526314
220710070001,22,560,0,2342.0,607.4495793559466,22.594819661916112,0.06582037938390381,15.26280155127521,231.88565143712444,True,False,,non_residential,0,5.0,5.0,559.568198905477,620.5045536774437
220710145001,22,1781,0,4198.0,1819.5201020754955,67.78445898574833,0.07981426601993166,15.885905853607094,199.03591983969352,True,False,,non_residential,0,7.0,7.0,240.81848035899066,620.5045536774437
220719800001,22,5,0,1543.0,331.65757010237365,158.16373763341278,1.9155134268164653,28.404581546196148,14.828703964452936,True,True,,non_residential,0,20.0,20.0,127.00370361535911,291.6929126502517
220719801001,22,0,0,188.0,107.48816770908485,73.67501292781422,12.03988384332776,7.233269076112223,0.6007756528415964,True,True,,non_residential,0,10.0,9.0,275.4718916175442,402.6043867067152
220719900000,22,0,0,0.0,0.0,0.0,0.0,0.0,,True,False,zero_or_structural_denominator,non_residential,0,14.0,12.0,144.51026472672325,693.8954992608484
220739800001,22,0,0,179.0,96.95683295595646,24.39370943443924,2.995595605263223,3.132463778246266,1.0456898029702566,True,True,,non_residential,0,6.0,6.0,189.6317845518999,442.40795453448743
220759900000,22,0,0,0.0,0.0,0.0,0.0,0.0,,True,False,zero_or_structural_denominator,non_residential,0,8.0,5.0,70.2921995350452,215.83522743762626
220799800001,22,0,0,1119.0,407.6410672032493,3.9106299402676696,2.7099170737119715,6.327793910812948,2.3350507556843083,True,True,,non_residential,0,4.0,4.0,122.04905587823475,222.540147953583
220870301051,22,0,0,0.0,0.0,0.0,9.864346442887724,0.0,0.0,True,False,zero_or_structural_denominator,non_residential,0,3.0,1.0,59.60018371459202,59.60018371459202
220879900000,22,0,0,0.0,0.0,0.0,0.0,0.0,,True,False,zero_or_structural_denominator,non_residential,0,9.0,4.0,134.23858931002542,215.83522743762626
221019900000,22,0,0,0.0,0.0,0.0,0.0,0.0,,True,False,zero_or_structural_denominator,non_residential,0,5.0,3.0,77.77147024190373,126.95662180850681
221039900000,22,0,0,0.0,0.0,0.0,0.0,0.0,,True,False,zero_or_structural_denominator,non_residential,0,17.0,15.0,35.0255096671883,130.91858932196828
221099900000,22,0,0,0.0,0.0,0.0,0.0,0.0,,True,False,zero_or_structural_denominator,non_residential,0,7.0,5.0,123.53781920593218,126.95662180850681
221139900000,22,0,0,0.0,0.0,0.0,0.0,0.0,,True,False,zero_or_structural_denominator,non_residential,0,6.0,4.0,53.27751145129244,77.77147024190373
221159507012,22,1158,0,2966.0,1484.8994120219643,459.0133137318072,2.021314684722626,9.269172491249488,4.585714713946902,True,False,,non_residential,0,7.0,6.0,29.438067548979177,134.64687455545348
221159507031,22,0,0,843.0,1.7836629573837408,0.0,3.599355519821286,0.0,0.0,True,False,zero_or_structural_denominator,non_residential,0,6.0,5.0,33.52579652077076,59.223599797448514
221259517031,22,0,0,15.0,0.0,0.0,32.754238782972635,0.0,0.0,True,False,zero_or_structural_denominator,non_residential,0,6.0,5.0,38.85154641253222,68.51539216699531
230010203011,23,589,0,2236.0,0.0,22.594819661916112,0.07675826743467173,3.6144406122273347,47.08861641911801,True,False,zero_or_structural_denominator,non_residential,0,5.0,5.0,36.299480868917826,60.35934450591285
230059900000,23,0,0,0.0,0.0,0.0,0.0,0.0,,True,False,zero_or_structural_denominator,non_residential,0,10.0,8.0,23.538940970750094,73.44707241273926
230079701022,23,13,4,80.0,75.25831371394938,27.551827621328638,498.9798354711366,0.3416730544330471,0.0006847432103352222,True,False,,non_residential,0,8.0,8.0,45.42198997014164,93.50492911594652
230079706022,23,0,0,5.0,0.0,0.0,103.91204382787689,0.0,0.0,True,False,zero_or_structural_denominator,non_residential,0,6.0,6.0,39.19726254763365,209.2001873616029
230099900000,23,0,0,0.0,0.0,0.0,0.0,0.03478051432173375,,True,False,zero_or_structural_denominator,non_residential,0,10.0,8.0,21.20104744665816,31.050255721255517
230139900000,23,0,0,0.0,0.0,0.0,0.0,0.0,,True,False,zero_or_structural_denominator,non_residential,0,28.0,25.0,32.02198856544936,147.55820722783577
230159756003,23,0,0,16.0,0.0,0.0,1.5625365168182181,0.0,0.0,True,False,zero_or_structural_denominator,non_residential,0,4.0,2.0,32.83526463531485,37.07070845358332
230159900000,23,0,0,0.0,0.0,0.0,0.0,0.0,,True,False,zero_or_structural_denominator,non_residential,0,10.0,6.0,34.23939057378636,44.258553109646016
230239702004,23,0,0,5.0,0.0,0.0,2.301306703682126,0.0,0.0,True,False,zero_or_structural_denominator,non_residential,0,4.0,4.0,14.989764607204672,28.302697519296913
230239900000,23,0,0,0.0,0.0,0.0,0.0,0.0,,True,False,zero_or_structural_denominator,non_residential,0,9.0,7.0,29.134877769176263,36.60307630521209
230299900000,23,0,0,0.0,0.0,0.0,0.0,0.0,,True,False,zero_or_structural_denominator,non_residential,0,10.0,9.0,29.790704608305006,46.03105794981947
230319901000,23,0,0,0.0,0.0,0.0,0.0,0.0,,True,False,zero_or_structural_denominator,non_residential,0,22.0,20.0,29.291550172627446,168.5456488341691
240037404001,24,4544,0,6294.0,797.7969870602967,0.0,0.7067739009813447,11.359185166548873,16.071879777644334,True,False,zero_or_structural_denominator,non_residential,0,2.0,2.0,58.19935431103646,80.17677598131402
240037406031,24,0,0,89.0,53.03274769475961,0.3910629940267669,13.665323351619557,1.8277176580195502,0.13374858471994638,True,False,zero_or_structural_denominator,non_residential,0,9.0,9.0,66.01373788537414,299.49990336559125
240039800001,24,2,0,8905.0,6903.480286874359,2366.4856305934404,4.768696795291466,52.41747965744054,10.991992552178345,True,True,,non_residential,0,8.0,8.0,111.5900105692254,138.9536470520822
240039900000,24,0,0,6.0,0.0,0.0,0.0,0.0,,True,False,zero_or_structural_denominator,non_residential,0,40.0,34.0,67.41482545497446,280.4026202295687
240054011021,24,0,0,13045.0,7603.800610907158,1481.7111525802209,0.8799812598367489,74.11909355910183,84.22803637074288,True,False,,non_residential,0,5.0,5.0,163.66374595331018,264.9263369202636
240054042025,24,1475,0,2781.0,593.2262158854833,661.1029845923343,1.2096708042416457,15.527747993386328,12.836341869985713,True,False,,non_residential,0,5.0,5.0,91.38303948651617,234.30896678713643
240054906052,24,1969,0,9456.0,2579.143665158371,311.3560141262777,0.18697692013728975,36.96508041795114,197.69862713969803,True,False,,non_residential,0,5.0,5.0,100.65907792061472,169.12837711675076
240054925001,24,3427,8,14453.0,3338.275965925799,371.82438625541573,0.7080001614370346,37.43562442922882,52.87516369098755,True,False,,non_residential,0,10.0,9.0,101.51297286745147,540.461285296928
240054925002,24,54,4,3175.0,544.0663982090175,4.0,0.31091802965844506,6.701004106856738,21.55231754883446,True,False,,non_residential,0,4.0,3.0,62.06821837597759,210.22879750169201
240054926001,24,38,0,648.0,6.179439748807118,0.0,0.6895224704332716,4.614675650757258,6.692567463185875,True,False,zero_or_structural_denominator,non_residential,0,6.0,6.0,61.61734313154023,88.36089805335995
240054927001,24,0,0,9021.0,7082.410382101558,609.4944120617884,4.779979086467699,72.74722825897426,15.219151996904005,True,False,,non_residential,0,12.0,11.0,149.0344905307191,441.73070084877105
240059801001,24,0,0,18.0,0.0,0.0,0.5920996293685689,0.0,0.0,True,True,zero_or_structural_denominator,non_residential,0,6.0,6.0,283.33851701582194,563.8140435627607
240059802001,24,0,0,3109.0,2309.5656061166605,233.96853857465652,0.8110110590430472,30.547759714173587,37.66626776978655,True,True,,non_residential,0,5.0,5.0,189.3863487926244,295.59906805901187
240099901000,24,0,0,0.0,0.0,0.0,0.0,0.0,,True,False,zero_or_structural_denominator,non_residential,0,15.0,11.0,28.939652638155838,43.673431036124086
240178513023,24,81,0,299.0,0.0,0.0,0.14396127864849542,0.5681061808997611,3.946242949723193,True,False,zero_or_structural_denominator,non_residential,0,1.0,1.0,43.059826629065164,43.059826629065164
240179900000,24,0,0,40.0,0.0,0.0,0.0,0.0,,True,False,zero_or_structural_denominator,non_residential,0,42.0,39.0,53.549310662895564,156.10959973570874
240199900000,24,0,0,0.0,0.0,0.0,0.0,0.0,,True,False,zero_or_structural_denominator,non_residential,0,7.0,3.0,48.20363998756517,60.24978246120364
240217519052,24,0,0,13.0,0.0,0.0,0.39348829288641024,0.0,0.0,True,False,zero_or_structural_denominator,non_residential,0,5.0,5.0,11.200407703130995,15.30500621984593
240299900000,24,0,0,0.0,0.0,0.0,0.0,0.0,,True,False,zero_or_structural_denominator,non_residential,0,12.0,10.0,13.580075403811357,50.40595588281463
240317003133,24,0,0,2455.0,1189.5883362542186,1522.2626188530514,0.19614954911897262,53.71399486730628,273.84205117252947,True,False,,non_residential,0,7.0,6.0,92.78141307213701,166.5187596578734
240317003134,24,0,0,2302.0,1193.2114479382415,575.8328521068067,0.3273015025540021,36.513809876614204,111.56016575447808,True,False,,non_residential,0,9.0,6.0,145.3371252286533,166.5187596578734
240317007183,24,0,0,4613.0,2737.864729226714,1077.9402193180672,0.37905965521980717,78.35571222232909,206.71076740386044,True,False,,non_residential,0,8.0,7.0,88.30152839912508,277.2647013917314
240317007242,24,0,0,257.0,81.5200128905175,23.10320155415091,0.08944905928544977,1.6245144599833374,18.161336440657113,True,False,,non_residential,0,5.0,4.0,203.99467871757747,222.05840217011914
240317007332,24,0,0,4398.0,2434.1271997161193,818.8946534905315,0.44273021778466776,53.829901078699955,121.58623675622113,True,False,,non_residential,0,7.0,7.0,83.14176917074056,177.77963894287797
240317008184,24,0,0,563.0,6.038519473371667,0.0,0.1721617942099356,1.2326017401256042,7.159554451567569,True,False,zero_or_structural_denominator,non_residential,0,4.0,2.0,185.2583479849401,234.04938788324952
240317008292,24,0,0,3252.0,42.873488260938835,46.58296883459029,0.9451576208201203,3.3818373168770846,3.5780670254159714,True,False,,non_residential,0,9.0,8.0,67.83349498750363,222.05840217011914
240317008302,24,0,0,3055.0,1126.7877337311531,164.24245682648973,0.5079405557579953,14.963086833451301,29.458342445450167,True,False,,non_residential,0,8.0,6.0,157.83643129203085,234.04938788324952
240317008362,24,0,0,781.0,181.7594361484872,2.424590562965955,0.2631305515916056,3.0603366306609074,11.630487650140807,True,False,,non_residential,0,4.0,4.0,61.41036795689857,74.87054263524912
240317010073,24,0,0,10977.0,6257.717730255059,579.6809420302021,0.5558299647947033,29.481859589154425,53.04114829441338,True,False,,non_residential,0,13.0,12.0,34.142494803182,146.32587226741964
240317012113,24,0,0,1169.0,667.2564018075692,662.2699432726488,0.1310106400449846,24.899535475175586,190.05735310220552,True,False,,non_residential,0,9.0,7.0,76.03506853795955,146.26736038888401
240317012114,24,0,0,2525.0,1527.745426763032,654.7130492130854,0.6266160040402656,21.074290793942808,33.63190639572078,True,False,,non_residential,0,8.0,6.0,44.95581949754991,76.03506853795955
240317012116,24,0,0,2636.0,1594.1691409701202,118.10698568046388,0.12235654626229153,16.429907906771263,134.278944679846,True,False,,non_residential,0,3.0,1.0,76.03506853795955,76.03506853795955
240317015093,24,0,0,1320.0,388.2768021377982,46.59746610232859,0.7838958766494106,10.12189196570046,12.912291373395464,True,False,,non_residential,0,8.0,8.0,139.921964408406,304.73110631275995
240317027004,24,0,0,1000.0,360.49961256028854,68.52747867439919,0.21198050982558372,9.326366511861924,43.9963396613,True,False,,non_residential,0,2.0,2.0,163.05236268299547,166.28616838025482
240317038002,24,0,0,3788.0,1688.9738967020553,1856.7518306793545,0.11849089145046307,110.57821709217313,933.2212437476854,True,False,,non_residential,0,1.0,1.0,559.572515616987,559.572515616987
240317050005,24,0,0,19594.0,11837.30972365048,138.7281832132913,0.5013795217770324,71.96932331553113,143.5426063283384,True,False,,non_residential,0,8.0,8.0,76.11910068921298,339.7768292936914
240317060082,24,0,0,825.0,129.82816867749085,0.0,0.3249833451938125,4.1231074096453115,12.687134496650547,True,False,zero_or_structural_denominator,non_residential,0,2.0,2.0,41.85028079941368,46.67885975079781
240338011061,24,0,0,3776.0,440.529997490774,106.68660549858063,4.991472335369139,5.4395124809841455,1.0897611196680854,True,False,,non_residential,0,10.0,10.0,119.03778256121736,371.3940939247036
240359900000,24,0,0,0.0,0.0,0.0,0.0,0.0,,True,False,zero_or_structural_denominator,non_residential,0,10.0,6.0,19.320221428946773,36.415901686569015
240359901000,24,0,0,0.0,0.0,0.0,0.0,0.0,,True,False,zero_or_structural_denominator,non_residential,0,12.0,9.0,23.173475306287354,118.46167319041447
240359902000,24,0,0,0.0,0.0,0.0,0.0,0.0,,True,False,zero_or_structural_denominator,non_residential,0,9.0,8.0,25.849969296701516,101.47426280917655
240379900000,24,0,0,11.0,1.557703048047794,0.0,0.0,0.03241427968544967,,True,False,zero_or_structural_denominator,non_residential,0,27.0,23.0,42.21378200931281,143.7105393711559
240399901000,24,0,0,0.0,0.0,0.0,0.0,0.0,,True,False,zero_or_structural_denominator,non_residential,0,6.0,3.0,36.4572394733931,42.33816531761325
240419900000,24,0,0,0.0,0.0,0.0,0.0,0.0,,True,False,zero_or_structural_denominator,non_residential,0,12.0,8.0,41.73650304941823,59.23890513362723
240430110001,24,4997,0,7830.0,864.5408267270668,0.0,1.7088781152744366,3.2937310199715997,1.927423021297598,True,False,zero_or_structural_denominator,non_residential,0,4.0,4.0,32.32073110178368,43.805656570452896
240430112041,24,0,0,65.0,18.35897508493771,0.0,0.15268680133052812,0.1964959178003428,1.286921437138362,True,False,zero_or_structural_denominator,non_residential,0,4.0,4.0,27.541842532640597,200.05282972542835
240479800001,24,0,0,0.0,0.0,22.594819661916112,13.905135263342967,0.04330640651438407,0.0031144182127123498,True,True,zero_or_structural_denominator,non_residential,0,11.0,8.0,30.86036989496084,428.63812028791847
240479900000,24,0,0,0.0,0.0,0.0,0.0,0.0,,True,False,zero_or_structural_denominator,non_residential,0,7.0,4.0,241.93839965168965,428.63812028791847
245101003001,24,2234,0,4317.0,1290.2263841361114,0.0,0.06035124230744056,14.55708281801791,241.20601766342105,True,False,zero_or_structural_denominator,non_residential,0,5.0,4.0,397.2043537307271,779.1934002322737
245101202021,24,603,0,10214.0,2738.758915307352,316.32747526682556,0.2569795581030679,30.792256366665516,119.82375794387325,True,False,,non_residential,0,12.0,12.0,183.35407808406316,664.3585297670633
245102404002,24,0,0,700.0,312.85799809314045,139.2058038159456,0.22778984881131367,2.7848583290746114,12.225559407528328,True,False,,non_residential,0,6.0,6.0,130.37340032094045,307.8152991156614
245102604041,24,0,0,1601.0,736.4677275112526,296.56250720005363,0.7580725920784247,79.32269563969658,104.63733482596403,True,False,,non_residential,0,10.0,10.0,236.59096921118146,1259.983224733956
245102711012,24,951,0,4142.0,11.888603927539338,68.42246429202335,0.21131718631712176,5.160511219688969,24.420688679550356,True,False,,non_residential,0,6.0,5.0,104.79729849734976,263.2008914399626
245102805002,24,569,8,3345.0,1792.0506130775086,265.736530148914,0.1459130250601807,65.44992476743238,448.55436819597196,True,False,,non_residential,0,8.0,6.0,397.2043537307271,1099.3410178916013
250019900000,25,0,0,7.0,0.0,0.0,0.0,0.05173810710472259,,True,False,zero_or_structural_denominator,non_residential,0,81.0,77.0,35.47982246251985,228.5997979087932
250056171013,25,0,0,1.0,0.0,0.0,0.34663247932825453,0.0,0.0,True,False,zero_or_structural_denominator,non_residential,0,1.0,1.0,39.393107586040585,39.393107586040585
250059855002,25,1129,3,2032.0,1129.7107091731712,3.0,0.18475297170379676,1.3098265867995709,7.0896103847224525,True,True,,non_residential,0,3.0,2.0,200.01534030804868,281.1202366194752
250059900000,25,0,0,0.0,0.0,0.0,0.0,0.0,,True,False,zero_or_structural_denominator,non_residential,0,29.0,25.0,37.25222788192498,142.79250385794435
250079900000,25,0,0,0.0,0.0,0.0,0.0,0.0,,True,False,zero_or_structural_denominator,non_residential,0,17.0,13.0,42.44729160575313,180.94363545292822
250092032005,25,0,0,2.0,0.0,0.0,0.030533730905814856,0.0,0.0,True,False,zero_or_structural_denominator,non_residential,0,1.0,1.0,38.05030834985174,38.05030834985174
250092103023,25,0,0,4142.0,291.18799386720127,1188.3432311191514,0.20338355916236234,7.545233664000763,37.09854274886279,True,False,,non_residential,0,3.0,3.0,74.03750111262431,121.73910675803053
250099901000,25,0,0,0.0,0.0,0.0,0.0,0.0,,True,False,zero_or_structural_denominator,non_residential,0,41.0,39.0,36.47226602019126,155.53888646578048
250138113021,25,0,0,742.0,103.99915958762493,73.44037513139816,3.535009664581047,1.8010003039515272,0.5094753550454503,True,False,,non_residential,0,8.0,8.0,60.21393583675983,415.2773460462147
250158205006,25,355,0,864.0,43.92889238373399,0.0,0.07886406860763542,3.668327903177639,46.51456573244156,True,False,zero_or_structural_denominator,non_residential,0,3.0,3.0,29.289946397850294,43.17991864427313
250158208021,25,511,0,958.0,391.8736114231508,45.189639323832225,0.27610358412031477,2.8801635238291663,10.43146010945699,True,False,,non_residential,0,2.0,2.0,23.841841121194605,29.89340935338491
250158219032,25,199,0,465.0,0.0,0.0,0.055681336699263846,2.268781191122318,40.74581045667162,True,False,zero_or_structural_denominator,non_residential,0,2.0,2.0,88.0904092651363,139.72203156218754
250173164006,25,801,0,1288.0,23.01013060423586,0.0,0.06120645858872302,1.03849863258725,16.967141320255838,True,False,zero_or_structural_denominator,non_residential,0,1.0,1.0,19.70672498763819,19.70672498763819
250173324011,25,0,0,10394.0,5670.786134438654,1756.395444104924,0.5371939719059173,56.15656376049114,104.53684646023214,True,False,,non_residential,0,5.0,5.0,68.90796067630201,80.49071386573476
250173424024,25,0,0,3010.0,557.087372523605,121.79790108985601,0.5170676246849644,7.743498547016803,14.97579461049164,True,False,,non_residential,0,7.0,7.0,121.32630636718662,300.6299382015654
250173531022,25,1844,0,15787.0,8403.541908568033,316.32747526682556,0.14377093028430932,43.133216846244856,300.01347811374825,True,False,,non_residential,0,7.0,6.0,68.57678393052001,270.52800373805496
250173537003,25,1441,0,11182.0,152.59349769124833,67.78445898574833,0.041038026232483364,16.164971342198704,393.9022615420874,True,False,,non_residential,0,4.0,4.0,62.90293740172375,185.6618335223092
250173546011,25,0,0,1682.0,1020.9231631247806,865.3694605160235,0.07124202589486019,54.51573505319189,765.2187647449393,True,False,,non_residential,0,9.0,9.0,150.48951341876733,306.6530941768434
250173593011,25,0,0,115.0,15.138243818576225,0.508381892234797,0.28645266637922906,0.0,0.0,True,False,zero_or_structural_denominator,non_residential,0,4.0,2.0,10.209301730550722,16.47986882047628
250173593021,25,0,0,387.0,119.28936129038065,181.71556525474142,0.313869780660885,0.449356535748232,1.4316654977171288,True,False,,non_residential,0,5.0,3.0,16.47986882047628,17.133244823560098
250173593036,25,20,0,1171.0,24.82671986246501,67.90177788395636,1.191548327223788,0.18898389488125866,0.15860363408136033,True,False,,non_residential,0,7.0,5.0,14.666374564089956,17.133244823560098
250173612003,25,578,0,1036.0,293.6819300803788,0.0,0.07976716155658337,2.3787623952263144,29.821324324533265,True,False,zero_or_structural_denominator,non_residential,0,3.0,3.0,20.66559279562117,59.213142695856014
250173672005,25,637,0,2053.0,404.4938748323567,1.2760106125500328,0.11574493289855296,1.4055648936076868,12.143640835142417,True,False,,non_residential,0,1.0,1.0,11.549370348502702,11.549370348502702
250173684005,25,1474,0,8830.0,2099.371652760151,226.96496040363073,0.22744660399232491,10.792228206998374,47.44950250988383,True,False,,non_residential,0,3.0,3.0,23.29170913683428,24.92005477266683
250173736002,25,3302,4,9583.0,2525.7927119055976,73.37947225143587,0.0937197352616418,4.997248695658741,53.32119944329427,True,False,,non_residential,0,4.0,3.0,22.67403027975125,72.07640767587418
250173840031,25,0,0,7623.0,4628.063900215124,577.3176616687088,0.7728367525208446,21.220447397546288,27.457865232637133,True,False,,non_residential,0,7.0,7.0,22.016034424588884,109.33935025390653
250179800001,25,0,0,0.0,0.0,0.0,1.4856562411014311,0.0,0.0,True,True,zero_or_structural_denominator,non_residential,0,3.0,3.0,12.734526766201135,41.979165577030315
250199900000,25,0,0,0.0,0.0,0.0,0.0,0.0,,True,False,zero_or_structural_denominator,non_residential,0,8.0,7.0,53.91283161707018,152.8462869651899
250214031008,25,0,0,16.0,2.537025447123013,0.0,0.7614413334121446,0.056134419352983536,0.07372126635342464,True,False,zero_or_structural_denominator,non_residential,0,10.0,9.0,18.578479266875473,42.876318551846
250214042023,25,2125,0,3920.0,1094.7264804335803,338.9222949287417,0.18612440657111742,6.059228759495561,32.554724397094866,True,False,,non_residential,0,3.0,3.0,17.396147608374335,35.18224787522744
250214044004,25,2064,0,4976.0,1231.0915982164422,112.97409830958057,0.32603624578029433,4.139487906593243,12.696404035343711,True,False,,non_residential,0,4.0,4.0,44.097189454399015,67.05965032827176
250214091013,25,1507,0,2023.0,412.9008915192704,0.0,0.30091142001420235,1.2319154339014917,4.093947095272583,True,False,zero_or_structural_denominator,non_residential,0,5.0,4.0,28.467870099675345,29.83074008907926
250214101004,25,0,0,4748.0,1364.919690552181,1351.1840920152692,0.9234293357431669,35.29881084904345,38.2257845649178,True,False,,non_residential,0,4.0,4.0,29.761929429821787,106.1807146149869
250214113021,25,0,0,631.0,0.0,0.0,0.04753612556159573,0.0,0.0,True,False,zero_or_structural_denominator,non_residential,0,4.0,3.0,29.693118770564315,29.83074008907926
250214131001,25,0,0,3135.0,1970.6345160528006,94.51992565626958,0.4897837156480228,3.1619830774749556,6.455876290806035,True,False,,non_residential,0,5.0,5.0,65.61502986456851,100.3977535043696
250214131005,25,0,0,289.0,81.18481430793642,46.75389129993929,0.7274670461711116,0.335171721693748,0.46073801343698306,True,False,,non_residential,0,3.0,3.0,40.17283790923665,65.61502986456851
250214191002,25,0,0,9428.0,5776.806943099101,2233.7452290879173,0.5434264329499181,119.06158116552177,219.0942029065679,True,False,,non_residential,0,3.0,2.0,67.6189542487122,83.39798897352244
250214202024,25,0,0,2.0,1.2685127235615066,0.0,0.9202771977204174,0.09189857855341448,0.09985967139145993,True,False,zero_or_structural_denominator,non_residential,0,5.0,4.0,44.660509629497696,102.55523607868517
250219800001,25,0,0,57.0,69.76819979588286,0.43016929342944366,3.056738356995778,0.4551927270795919,0.14891452061568142,True,True,zero_or_structural_denominator,non_residential,0,11.0,9.0,38.0689702290195,102.55523607868517
250239803001,25,2663,6,7861.0,188.23771423944766,74.42246429202335,0.29319864329415785,2.121647376345406,7.236211438457501,True,True,,non_residential,0,5.0,5.0,12.145047354235357,60.49816831423902
250239900030,25,0,0,0.0,0.0,0.0,0.0,0.0,,True,False,zero_or_structural_denominator,non_residential,0,30.0,27.0,30.17435994040956,95.79860857534342
250250005024,25,2470,0,7032.0,1.6634191575785464,0.9570079594125246,0.09667071405976455,13.491886479324002,139.56539589624774,True,False,zero_or_structural_denominator,non_residential,0,6.0,5.0,72.07640767587418,97.29995798948117
250250008063,25,0,0,1309.0,57.80381572585449,136.78121325297963,0.15516171616710628,15.998031762848688,103.10553503816048,True,False,,non_residential,0,9.0,7.0,175.85722012943447,426.5980550206947
250250008071,25,3384,0,23100.0,8357.017847674617,362.15511989693283,0.0843996152553766,29.301394836247276,347.17450722479043,True,False,,non_residential,0,9.0,7.0,68.15863967712676,433.0521240844837
250250505002,25,0,0,106.0,0.0,0.0,0.05290255946387337,0.0,0.0,True,False,zero_or_structural_denominator,non_residential,0,6.0,5.0,150.28662012816068,207.18167139952803
250250612021,25,0,0,523.0,97.31002071834496,167.65207112052494,0.14703156301362327,4.550534337228604,30.949370624639094,True,False,,non_residential,0,6.0,6.0,117.95390106238409,258.75626591012696
250251605022,25,0,0,107.0,0.0,0.0,0.01770741719737084,0.0,0.0,True,False,zero_or_structural_denominator,non_residential,0,2.0,2.0,85.45290132145831,92.60537142250011
250251606011,25,385,9,1463.0,518.5709223751119,9.319002653137508,0.0352121307614806,4.227167860499442,120.04862441109763,True,False,,non_residential,0,3.0,3.0,101.42839746379514,148.18106782230245
250259801011,25,29,0,29.0,0.0,0.0,1.2626760668797048,2.0686845689707973,1.638333554609047,True,True,zero_or_structural_denominator,non_residential,0,2.0,1.0,28.24930054018477,28.24930054018477
250259803001,25,204,0,397.0,108.53810003200016,67.78445898574833,0.8035932643721674,13.468652809491358,16.760534721522546,True,True,,non_residential,0,19.0,17.0,194.70303488919774,286.8054581164265
250259807001,25,3,0,42.0,3.7426931045517295,22.594819661916112,1.115427900555111,2.2014948538128745,1.973677413589228,True,True,,non_residential,0,15.0,15.0,86.21577290526298,142.9115304494961
250259811001,25,0,0,5.0,0.0,0.0,0.26771821744000207,0.34569307827744666,1.2912572091024004,True,True,zero_or_structural_denominator,non_residential,0,8.0,6.0,121.98661350558739,202.72561735559313
250259811002,25,0,0,67.0,4.158547893946366,0.0,0.3841233850297483,1.221236911701923,3.1792829056927756,True,True,zero_or_structural_denominator,non_residential,0,7.0,5.0,78.1743035167293,170.52470660270092
250259811004,25,0,0,2.0,0.0,0.0,0.09299000218190191,0.0,0.0,True,True,zero_or_structural_denominator,non_residential,0,4.0,2.0,78.63926127734726,82.77123571875066
250259812011,25,0,0,81.0,24.53543257428356,90.37927864766445,0.3087126141285645,3.1930934612594846,10.343255555892863,True,True,,non_residential,0,19.0,15.0,98.4179978567976,216.9651234771864
250259812021,25,0,0,2889.0,817.1546611604609,53.71423698102009,0.17967341170535336,12.30360197369008,68.47758862544877,True,True,,non_residential,0,7.0,5.0,116.84034606558063,241.49152193950843
250259812022,25,29,0,9523.0,4011.7511532900594,741.1637710661734,0.4753307535454285,25.637208281696637,53.93551351447835,True,True,,non_residential,0,9.0,6.0,55.92441235173799,241.49152193950843
250259815011,25,0,0,525.0,54.06112262130276,23.416051949372324,0.34662166846781395,6.403114998973043,18.472921866878654,True,True,,non_residential,0,32.0,29.0,83.38377524713779,323.47066121693655
250259815021,25,0,0,1088.0,341.41678209299664,642.0494387563417,0.4834748063766208,41.427300824905544,85.68657617421785,True,True,,non_residential,0,7.0,7.0,107.77931731482144,190.3473965929037
250259816001,25,0,0,1288.0,34.51594751975484,165.81980130871298,0.2266346311528048,0.7144920031787447,3.152616171431496,True,True,,non_residential,0,7.0,7.0,47.44544293962375,190.3473965929037
250259817001,25,0,0,701.0,13.723208050023008,180.7585572953289,0.12114534379078676,13.88268828301815,114.59531046437084,True,True,,non_residential,0,13.0,13.0,78.81584164700328,230.46149049667846
250259819001,25,0,0,486.0,245.35432574283558,6.296114203830948,0.09029539521708461,4.538740886548223,50.26547450882032,True,True,,non_residential,0,3.0,2.0,85.53765669716644,148.76772192823896
250259901010,25,0,0,3.0,1.2475643681839097,0.0,0.0,0.20149171815381026,,True,False,zero_or_structural_denominator,non_residential,0,41.0,35.0,51.00596420165519,224.09294938173682
250277312021,25,1674,0,4892.0,1396.6091424805431,47.103655242657275,0.03830094803022088,9.269539960715672,242.01855143119846,True,False,,non_residential,0,5.0,5.0,157.9411098624338,205.52108043220272
250277329021,25,2917,0,5652.0,1003.396697429936,67.78445898574833,0.3376976892762647,10.192071492113579,30.181051916454244,True,False,,non_residential,0,7.0,7.0,180.61832996396686,307.57967004377025
260019900000,26,0,0,0.0,0.0,22.594819661916112,0.0,0.018470381127924634,,True,False,zero_or_structural_denominator,non_residential,0,6.0,4.0,52.71697423735755,61.20364671157336
260039900000,26,0,0,0.0,0.0,0.0,0.0,0.0,,True,False,zero_or_structural_denominator,non_residential,0,7.0,4.0,39.766339196437166,42.83159633791799
260059900000,26,0,0,0.0,0.0,0.0,0.0,0.0,,True,False,zero_or_structural_denominator,non_residential,0,17.0,12.0,56.31838836894106,159.9485684655475
260079900000,26,0,0,0.0,0.0,0.0,0.0,0.0,,True,False,zero_or_structural_denominator,non_residential,0,11.0,9.0,47.2578762160982,139.5146164248011
260099900000,26,0,0,0.0,0.0,0.0,0.0,0.0,,True,False,zero_or_structural_denominator,non_residential,0,10.0,7.0,20.587564325469284,34.99641800476938
260119900000,26,0,0,0.0,0.0,0.0,0.0,0.0,,True,False,zero_or_structural_denominator,non_residential,0,8.0,6.0,31.713489515771705,50.69350311938451
260119901000,26,0,0,5.0,0.0,0.0,0.0,0.0,,True,False,zero_or_structural_denominator,non_residential,0,5.0,3.0,42.363001399601075,153.80850092381058
260139901000,26,0,0,0.0,0.0,0.0,0.0,0.0,,True,False,zero_or_structural_denominator,non_residential,0,7.0,5.0,22.603846190828136,42.64542556142838
260179900000,26,0,0,0.0,0.0,0.0,0.0,0.0,,True,False,zero_or_structural_denominator,non_residential,0,14.0,11.0,32.84695112477036,83.59209982320932
260199900000,26,0,0,0.0,0.0,0.0,0.0,0.0,,True,False,zero_or_structural_denominator,non_residential,0,10.0,6.0,30.733712076811543,45.5293705707255
260219900000,26,0,0,0.0,0.0,0.0,0.0,0.0,,True,False,zero_or_structural_denominator,non_residential,0,21.0,16.0,59.896670257279126,102.20217683299238
260299900000,26,0,0,0.0,0.0,0.0,0.0,0.0,,True,False,zero_or_structural_denominator,non_residential,0,8.0,4.0,21.406038352821753,42.358567714138914
260319900000,26,0,0,0.0,0.0,0.0,0.0,0.0,,True,False,zero_or_structural_denominator,non_residential,0,8.0,6.0,61.00211250829715,132.14646370295785
260339801001,26,0,0,6.0,0.0,0.0,0.11444415472625472,0.0,0.0,True,True,zero_or_structural_denominator,non_residential,0,1.0,1.0,32.18856794533142,32.18856794533142
260339802001,26,1805,0,3304.0,639.5043778190501,0.0,0.13507899849007415,3.3289127157173812,24.644191568846992,True,True,zero_or_structural_denominator,non_residential,0,1.0,1.0,32.18856794533142,32.18856794533142
260339803001,26,1232,0,1508.0,0.0,0.0,0.11402677829281618,2.3535616284920704,20.640429061743887,True,True,zero_or_structural_denominator,non_residential,0,2.0,2.0,23.306707429746233,32.18856794533142
260339900000,26,0,0,0.0,0.0,0.0,0.0,0.0,,True,False,zero_or_structural_denominator,non_residential,0,4.0,3.0,26.584966694310147,42.83159633791799
260339901000,26,0,0,0.0,0.0,0.0,0.0,0.0,,True,False,zero_or_structural_denominator,non_residential,0,5.0,3.0,16.468313269752436,29.46378481585805
260419900000,26,0,0,0.0,0.0,0.0,0.0,0.0,,True,False,zero_or_structural_denominator,non_residential,0,11.0,10.0,31.363344935372716,210.63460721506047
260419901000,26,0,0,0.0,0.0,0.0,0.0,0.0,,True,False,zero_or_structural_denominator,non_residential,0,4.0,1.0,34.510799481180975,34.510799481180975
260479900000,26,0,0,0.0,0.0,0.0,0.0,0.0,,True,False,zero_or_structural_denominator,non_residential,0,12.0,10.0,24.364749920265893,160.8846206947759
260499800001,26,0,0,7253.0,6366.897395897237,282.79759812559854,3.12299271520594,45.457217398424554,14.555659120526308,True,True,,non_residential,0,9.0,9.0,107.18505422237725,339.51644918628597
260499801001,26,0,0,147.0,98.04654315144928,72.60683832810976,1.0543268478556838,2.689278795028508,2.550706927835548,True,True,,non_residential,0,9.0,8.0,197.15962329955283,413.6814574717
260539900000,26,0,0,0.0,0.0,0.0,0.0,0.0,,True,False,zero_or_structural_denominator,non_residential,0,6.0,3.0,30.351528767445952,49.64919847966542
260559900000,26,0,0,0.0,0.0,0.0,0.0,0.0,,True,False,zero_or_structural_denominator,non_residential,0,21.0,19.0,16.981631304392494,53.71601345536624
260570004001,26,3857,0,4403.0,752.2297233666864,0.0,0.22356164407256682,9.720410024522877,43.479775186157106,True,False,zero_or_structural_denominator,non_residential,0,1.0,1.0,51.14628011317635,51.14628011317635
260619900000,26,0,0,0.0,0.0,0.0,0.0,0.0,,True,False,zero_or_structural_denominator,non_residential,0,6.0,3.0,15.75027005479853,118.23945360405065
260619901000,26,0,0,0.0,0.0,0.0,0.0,0.0,,True,False,zero_or_structural_denominator,non_residential,0,5.0,3.0,16.498650821043547,24.867693876736237
260639900000,26,0,0,0.0,0.0,0.0,0.0,0.0,,True,False,zero_or_structural_denominator,non_residential,0,20.0,14.0,29.618443156337776,171.4375892603192
260650044023,26,0,0,195.0,0.0,0.0,0.05571183876979266,0.0,0.0,True,False,zero_or_structural_denominator,non_residential,0,3.0,1.0,80.27672010108108,80.27672010108108
260650044033,26,0,0,4.0,0.0,0.0,0.05657709370719853,0.0,0.0,True,False,zero_or_structural_denominator,non_residential,0,4.0,1.0,291.77614520245663,291.77614520245663
260650044901,26,2342,0,2342.0,0.0,22.594819661916112,0.04455889181668869,20.71310646788026,464.8478816100753,True,False,zero_or_structural_denominator,non_residential,0,3.0,0.0,,
260650044902,26,1024,0,1024.0,0.0,0.0,0.018942171900549767,8.121169719970563,428.7348759481408,True,False,zero_or_structural_denominator,non_residential,0,3.0,0.0,,
260650044911,26,1245,0,1245.0,0.0,0.0,0.034180465793721346,11.400593084818436,333.5411855888934,True,False,zero_or_structural_denominator,non_residential,0,3.0,2.0,158.43513086151884,222.66112785493317
260650044921,26,3475,0,3555.0,0.0,180.7585572953289,0.12148588589466537,32.214177998282004,265.1680708507438,True,False,zero_or_structural_denominator,non_residential,0,8.0,6.0,116.09843953752855,580.800522351894
260650044931,26,1516,7,1516.0,11.0,7.0,0.0850046373378911,10.535528972296536,123.9406378550631,True,False,,non_residential,0,5.0,3.0,220.0659069634434,222.66112785493317
260650044941,26,3086,0,3086.0,37.046467677481715,0.0,0.07640189514229083,15.85843671907696,207.56601246006034,True,False,zero_or_structural_denominator,non_residential,0,3.0,1.0,148.05120385530446,148.05120385530446
260659800001,26,872,0,46745.0,10262.612476015986,494.19759343688344,7.654508884984804,46.44119285536691,6.067168195005512,True,True,,non_residential,0,24.0,15.0,94.20913386810452,291.77614520245663
260659802001,26,0,0,2396.0,1124.7307586883448,187.72222410692908,1.2015680643414228,8.841494274922038,7.358296660262891,True,True,,non_residential,0,17.0,17.0,140.38658715836584,198.52952458297432
260659803001,26,0,0,0.0,0.0,0.0,7.289320335914593,0.0,0.0,True,True,zero_or_structural_denominator,non_residential,0,5.0,5.0,22.861599548560527,35.353886348652416
260670321001,26,0,0,355.0,309.57235873441743,0.0,0.31710994997579356,1.7199997898179422,5.423985560684039,True,False,zero_or_structural_denominator,non_residential,0,2.0,2.0,43.51614856998367,49.44692884414059
260679822001,26,2575,0,5117.0,926.9730065765795,0.0,0.7675050678128403,9.918637205304071,12.923220472757551,True,True,zero_or_structural_denominator,non_residential,0,2.0,2.0,38.43961042927654,39.0409134434362
260699900000,26,0,0,0.0,0.0,0.0,0.0,0.0,,True,False,zero_or_structural_denominator,non_residential,0,10.0,7.0,153.80850092381058,330.6020263879214
260730004012,26,1146,0,1151.0,5.014240919780507,69.69847490457337,0.07044974426542831,12.440411159382286,176.58561133325716,True,False,,non_residential,0,7.0,6.0,41.89595435046026,70.25185834783026
260730007031,26,1365,0,4728.0,7.52136137967076,22.594819661916112,0.17912128561856602,6.804652979412479,37.989080727696454,True,False,,non_residential,0,4.0,3.0,34.35104420633442,45.312094815075774
260750058001,26,6610,0,7564.0,1310.3716927185383,0.15642519761070678,0.6220908867415612,22.548204449253433,36.245836307550285,True,False,zero_or_structural_denominator,non_residential,0,2.0,2.0,258.10872552236685,434.64933734659553
260839801001,26,4,1,4.0,2.0,1.0,206.22803901597834,0.31983051083005953,0.00155085851737784,True,True,zero_or_structural_denominator,non_residential,0,1.0,0.0,,
260839901000,26,0,0,0.0,0.0,22.594819661916112,0.0,0.0,,True,False,zero_or_structural_denominator,non_residential,0,11.0,4.0,83.70821897826696,127.6172149634556
260873365001,26,1068,0,1485.0,257.68702440952666,0.0,0.11933838568857369,1.9531153267109267,16.366195297863257,True,False,zero_or_structural_denominator,non_residential,0,1.0,1.0,89.66876065044602,89.66876065044602
260899900000,26,0,0,0.0,0.0,0.0,0.0,0.0,,True,False,zero_or_structural_denominator,non_residential,0,13.0,6.0,13.717716222943565,22.720317570847342
260937101001,26,0,0,1.0,0.0,0.0,0.0883046524873815,0.0,0.0,True,False,zero_or_structural_denominator,non_residential,0,2.0,2.0,24.831512498405857,40.305810635465996
260937240012,26,2,0,3389.0,2769.8054728599977,524.4276947033908,1.1537697754141427,18.47369799265144,16.01159814229,True,False,,non_residential,0,4.0,4.0,27.81311342597249,38.62028975624527
260937402002,26,25,7,460.0,14.0,7.0,3.8068506808705003,0.33583320520668924,0.0882181186917201,True,False,,non_residential,0,8.0,7.0,19.435482813345768,36.5980461901025
260937411002,26,0,0,1608.0,818.7219118306757,471.6796614447844,0.3787835921764135,13.011945563096301,34.35192503543331,True,False,,non_residential,0,5.0,5.0,42.28965307892134,78.86748421621807
260937442002,26,0,0,1330.0,487.1599037559643,352.5922499147519,0.16176058815961128,5.670431662369941,35.05446986119296,True,False,,non_residential,0,4.0,4.0,35.53286187160903,119.78984503744533
260937446002,26,263,0,693.0,473.3108763916643,181.3965626016039,0.7643787986347166,2.144951327851848,2.8061366061997273,True,False,,non_residential,0,5.0,5.0,37.8377724280096,57.75738998216518
260959800001,26,0,0,0.0,0.0,0.0,16.86830600932759,0.0,0.0,True,True,zero_or_structural_denominator,non_residential,0,3.0,3.0,42.83159633791799,64.36417869498243
260959900000,26,0,0,0.0,0.0,0.0,0.0,0.0,,True,False,zero_or_structural_denominator,non_residential,0,5.0,3.0,33.54342404923179,42.83159633791799
260979900000,26,0,0,5.0,0.0,0.0,0.0,0.0,,True,False,zero_or_structural_denominator,non_residential,0,18.0,12.0,67.95881238674599,204.80673170854337
260992067003,26,0,0,2289.0,1667.0516326810166,96.917012054854,0.7873765876091223,1.918441047783956,2.436497449853473,True,False,,non_residential,0,6.0,6.0,28.903967259880908,38.75577302214547
260992211005,26,0,0,2351.0,1120.0241371329244,1121.023907497164,0.304888658349864,41.457879716586206,135.97711355012987,True,False,,non_residential,0,6.0,6.0,68.19568815313467,256.4859100326825
260992221063,26,0,0,385.0,322.5200394885384,12.162059114232452,0.3474764986469378,1.4681562874415186,4.225195928813809,True,False,,non_residential,0,6.0,6.0,47.264390022582184,103.04873992506015
260992239022,26,0,0,1382.0,1097.4058486493125,154.363549106048,0.41837064649690614,3.9006412325264415,9.32341039025377,True,False,,non_residential,0,5.0,4.0,33.068783296592244,44.94762025494956
260992258005,26,0,0,71.0,47.74972013206932,23.885327542204443,1.2860591858083859,0.38669400867054626,0.3006813472798919,True,False,,non_residential,0,9.0,9.0,41.75970541835714,77.12592487510878
260992267002,26,0,0,582.0,487.5497739800762,116.7888240210006,0.2152141154037962,3.1787016423834302,14.769949621656464,True,False,,non_residential,0,7.0,5.0,32.1207219086556,46.47525591284068
260992267003,26,0,0,2875.0,2410.104295087078,848.93852115588,0.3934844318648243,18.534137400078862,47.10259389994364,True,False,,non_residential,0,5.0,3.0,33.716622413668425,44.94762025494956
260992267005,26,0,0,720.0,609.0183602809543,130.0016025715871,0.2377443346641464,2.88372386038822,12.129516627439143,True,False,,non_residential,0,6.0,5.0,44.94762025494956,59.14407835183957
260992300004,26,0,0,3394.0,2181.4082670861144,1406.7724423637374,0.2947434380306866,48.603937218989586,164.90252520542728,True,False,,non_residential,0,5.0,5.0,133.87723489985268,236.1590689120316
260992305022,26,0,0,746.0,601.4789307864171,68.50314602574363,0.22863502643647274,3.399382418706871,14.868161154876262,True,False,,non_residential,0,4.0,4.0,92.18218964374694,196.22850651336248
260992320002,26,0,0,985.0,49.425148908633155,0.0,0.32295128953314,0.6886980315885874,2.132513644965384,True,False,zero_or_structural_denominator,non_residential,0,6.0,6.0,44.22474449576074,105.26754929592596
260992400003,26,0,0,2421.0,2028.1065340305233,177.0021369541878,0.245524293159786,10.718980656733777,43.657515591574956,True,False,,non_residential,0,5.0,5.0,107.71760448044384,152.45238749486822
260992405002,26,0,0,18.0,15.078858989074522,0.0,0.1768622018886411,0.4843847831168622,2.738769380592969,True,False,zero_or_structural_denominator,non_residential,0,4.0,4.0,54.26730621394221,102.4475611744465
260992406022,26,0,0,129.0,108.06515608836742,2.871023878237574,0.3740924509495142,1.141930886986343,3.052536569738085,True,False,,non_residential,0,4.0,4.0,57.88476565643282,115.18805216458694
260992425004,26,0,0,2024.0,1467.67560826992,1045.172540139352,0.2768209619309797,32.19616566018047,116.30681952549533,True,False,,non_residential,0,8.0,7.0,46.12872724361783,66.2112267721288
260992435023,26,0,0,879.0,196.0251668579688,0.0,0.2084862852903213,1.3378630519401327,6.417031461216414,True,False,zero_or_structural_denominator,non_residential,0,4.0,4.0,53.0666445849335,124.84055927171387
260992473014,26,0,0,78.0,0.0,0.0,0.7093163836956765,0.0,0.0,True,False,zero_or_structural_denominator,non_residential,0,3.0,3.0,24.68350897313084,37.48104377136191
260992540002,26,0,0,2610.0,2131.983118177481,327.68877915788477,0.5446021140228323,19.787772716042124,36.33436633191719,True,False,,non_residential,0,8.0,8.0,77.58613236194375,148.71817794934773
260992554003,26,0,0,1880.0,1506.2104701308883,182.63859471569145,0.35570896887244785,20.36757237571954,57.25909144287858,True,False,,non_residential,0,10.0,9.0,100.13170285078893,310.0606468826022
260992621002,26,0,0,2397.0,185.97259419858577,278.59221586336406,0.4435232716184168,6.797727547371042,15.326653599406697,True,False,,non_residential,0,7.0,6.0,70.06198520620819,116.91047368134704
260992684005,26,0,0,1114.0,616.5577897754915,28.785769868577802,0.16605404416316027,5.057357392132246,30.45609287999648,True,False,,non_residential,0,4.0,4.0,106.52120216584646,165.82594497991226
260999800001,26,0,0,4644.0,3943.9593400312697,232.6863586344515,0.5235792375896274,24.30303872875556,46.4171169976833,True,True,,non_residential,0,10.0,9.0,66.2112267721288,182.71349359197677
260999801001,26,0,0,8744.0,578.8606423028053,26.42285149956621,0.24402119745638526,5.483113597712118,22.46982497777528,True,True,,non_residential,0,7.0,6.0,61.45540286416484,189.40188766597976
260999820011,26,0,0,8691.0,7313.246609701143,414.61090659281615,1.5416927917866001,24.077373426090503,15.617491081467852,True,True,,non_residential,0,9.0,8.0,56.259104363865866,114.76581357044581
260999820021,26,0,0,12567.0,8830.347366879696,1195.082256422946,1.9468139566092448,62.0453431503037,31.87019639943805,True,True,,non_residential,0,14.0,12.0,78.55476131665537,162.03165448280154
260999821001,26,0,0,109.0,75.39429494537261,45.821492372191145,4.632111226178564,0.7352480861409414,0.15872850418307252,True,True,,non_residential,0,7.0,6.0,34.49293987102497,121.88494011718853
260999822001,26,20,0,9354.0,7878.703821791438,454.2242882901684,0.7913283432023169,24.09209400884422,30.445129655471796,True,True,,non_residential,0,12.0,12.0,200.32896154812053,445.5903779706419
260999823001,26,17,0,31355.0,26331.038652477244,857.8242085077981,1.4037496874840867,84.39501679281139,60.12112953276659,True,True,,non_residential,0,13.0,11.0,93.58771734211486,174.65214661056336
260999901000,26,0,0,0.0,0.0,0.0,0.0,0.0,,True,False,zero_or_structural_denominator,non_residential,0,30.0,28.0,40.56519878003709,186.8067552837354
261019900000,26,0,0,0.0,0.0,0.0,0.0,0.0,,True,False,zero_or_structural_denominator,non_residential,0,12.0,8.0,34.006507480377834,88.549516717979
261039900000,26,0,0,0.0,0.0,0.0,0.0,0.0,,True,False,zero_or_structural_denominator,non_residential,0,13.0,9.0,39.31976074267832,149.64234234586584
261059900000,26,0,0,0.0,0.0,22.594819661916112,0.0,0.044869777166386404,,True,False,zero_or_structural_denominator,non_residential,0,10.0,6.0,37.290665702328596,99.30881937693057
261079813001,26,1198,5,5389.0,21.028173873045077,142.80193654345922,0.2250427319529278,13.20310969170292,58.669345048942155,True,True,,non_residential,0,5.0,5.0,61.301029776205404,120.05860170415946
261099900000,26,0,0,0.0,0.0,0.0,0.0,0.0,,True,False,zero_or_structural_denominator,non_residential,0,12.0,10.0,26.22598368535017,159.56582312023528
261158301004,26,0,0,2.0,0.0,0.0,3.2222267614966,0.0,0.0,True,False,zero_or_structural_denominator,non_residential,0,5.0,3.0,32.692030190751915,44.556896419939854
261158312023,26,0,0,46.0,0.0,0.0,1.196926730292982,0.0,0.0,True,False,zero_or_structural_denominator,non_residential,0,4.0,3.0,44.556896419939854,95.35059524053557
261158317005,26,0,0,878.0,17.70358283079106,0.7821259880535338,0.9491815775169717,0.4250811884211605,0.44783969525952994,True,False,zero_or_structural_denominator,non_residential,0,5.0,3.0,102.02946218708311,137.2708081808787
261158318002,26,0,0,813.0,719.6506420716566,38.78482761462426,1.4849786318131013,5.090694781487042,3.4281266224494433,True,False,,non_residential,0,5.0,2.0,119.65013518398091,137.2708081808787
261158325002,26,0,0,11.0,0.0,0.0,1.2125781534958475,0.0,0.0,True,False,zero_or_structural_denominator,non_residential,0,4.0,2.0,138.34886247653913,174.66826276599517
261158337002,26,0,0,59.0,52.22556935083363,0.0,0.5509743440482435,0.1063811892667026,0.19307829922728276,True,False,zero_or_structural_denominator,non_residential,0,3.0,2.0,105.50743009194242,171.39455789795366
261159900000,26,0,0,56.0,0.0,0.0,0.0,0.0,,True,False,zero_or_structural_denominator,non_residential,0,21.0,13.0,50.04923101455691,174.66826276599517
261219900000,26,0,0,0.0,0.0,0.0,0.0,0.0,,True,False,zero_or_structural_denominator,non_residential,0,15.0,11.0,24.10689784992095,65.5027830918754
261251284004,26,0,0,1519.0,511.63784495983566,39.80159139909386,0.7147442078411704,1.6086764378577316,2.250702307496292,True,False,,non_residential,0,3.0,2.0,45.415442383400176,51.57456416123226
261251326003,26,0,0,5152.0,3975.8041888884964,0.15642519761070678,2.1584211056474696,4.459206249869293,2.0659574900383717,True,False,zero_or_structural_denominator,non_residential,0,6.0,5.0,22.32853380528629,30.975147234894884
261251331021,26,0,0,6906.0,2327.4505888368994,476.3727025641632,1.5840763840417786,17.858711911715677,11.273895685603927,True,False,,non_residential,0,6.0,6.0,29.64344973289551,128.95016649893643
261251348002,26,0,0,1839.0,715.3669415954263,1388.18029123609,0.5904131351398366,26.526672379794476,44.92900106890704,True,False,,non_residential,0,6.0,5.0,64.65710486456852,156.1754445070022
261251360002,26,0,0,2704.0,1298.0012899282708,1721.3058551869678,0.30369096945391,27.889407041080663,91.83482502370994,True,False,,non_residential,0,6.0,3.0,39.54111419009735,74.98775246614451
261251360004,26,0,0,3839.0,2966.419119193979,216.41657792968334,0.5072471162811631,12.795441167231113,25.225261527438036,True,False,,non_residential,0,7.0,5.0,21.161901220860113,74.98775246614451
261251361012,26,0,0,2519.0,1149.0629730696762,1244.5327759056102,0.44009352614363934,25.486156032168214,57.91077241124867,True,False,,non_residential,0,5.0,2.0,57.26443332812093,74.98775246614451
261251366022,26,0,0,1782.0,403.59968765308304,314.0341252572103,0.333605778599501,4.602889718309786,13.797392052478886,True,False,,non_residential,0,8.0,4.0,31.873247391395267,97.82296963109745
261251366024,26,0,0,2049.0,1596.6496247690798,1251.864244455139,0.3483050738792774,24.770067467638118,71.11601100655636,True,False,,non_residential,0,7.0,4.0,29.199149093747835,97.82296963109745
261251368002,26,0,0,2309.0,1784.1729978086576,172.5064668992955,0.5073614025201065,4.413667934808795,8.6992583844292,True,False,,non_residential,0,9.0,7.0,47.031475505305785,74.98775246614451
261251371012,26,0,0,291.0,216.8480157371249,205.9053981823451,0.2734834948721058,2.6470153216272116,9.678885092736893,True,False,,non_residential,0,6.0,3.0,24.20538059269318,39.54111419009735
261251371022,26,6,0,488.0,371.95994158467687,45.189639323832225,0.22759023399532133,1.4685810094976768,6.452741770667836,True,False,,non_residential,0,4.0,2.0,23.46624338683622,31.848891347328287
261251371026,26,0,0,1030.0,637.4251281098404,745.3009917801963,0.14350953912294215,14.97477441938588,104.34689227562252,True,False,,non_residential,0,6.0,4.0,35.69500276871282,128.95016649893643
261251377002,26,0,0,513.0,387.3939640570701,172.86947296292308,0.12537625124464374,1.6166106854486713,12.89407419188357,True,False,,non_residential,0,6.0,6.0,20.231838562777384,32.826251747573465
261251403032,26,0,0,322.0,248.48776180553102,3.61623631879454,0.20662334237511232,2.0548796940553036,9.945051079102148,True,False,,non_residential,0,4.0,2.0,38.449249830255795,57.5763388305759
261251405001,26,0,0,2878.0,2054.268391075539,175.86145316921383,0.4641152580426325,6.883363905434555,14.831151930803934,True,False,,non_residential,0,4.0,1.0,57.5763388305759,57.5763388305759
261251405004,26,0,0,4553.0,2090.5383438856634,2324.9607172434244,0.6407052579094659,77.18678629625086,120.47159804509931,True,False,,non_residential,0,7.0,5.0,57.5763388305759,139.53161056819192
261251409003,26,1251,0,1295.0,6.173608988957293,25.14684088701618,0.32139491173185347,10.34712878975975,32.194438717164815,True,False,,non_residential,0,6.0,3.0,102.41834830105586,109.52363362280009
261251415002,26,0,0,1546.0,1193.0499371159967,84.44231492308849,0.4484279273390178,8.850242215033672,19.736153070463796,True,False,,non_residential,0,7.0,6.0,153.35017253778943,353.93610674900685
261251423002,26,0,0,2686.0,1337.3580472328736,552.8103164590626,0.8153195730307813,15.648231861355793,19.192758740216107,True,False,,non_residential,0,9.0,9.0,42.80002230053118,139.59507624155287
261251427004,26,0,0,448.0,0.0,22.594819661916112,0.13683074398360848,0.16133447308280482,1.1790805807657652,True,False,zero_or_structural_denominator,non_residential,0,5.0,5.0,104.22676808696743,139.7391423552985
261251445002,26,0,0,236.0,34.726550562884775,57.630742796195044,0.07800923842851155,0.9279296311671306,11.89512485777559,True,False,,non_residential,0,6.0,5.0,103.72803702755715,344.27270447606884
261251457002,26,0,0,3977.0,3073.685575377112,0.0,0.10930976822129118,7.838330848110001,71.70750588585791,True,False,zero_or_structural_denominator,non_residential,0,4.0,2.0,70.78888040766329,122.78484736197909
261251459002,26,0,0,2035.0,500.0623281055407,165.81980130871298,0.37542064237507256,4.530037355685761,12.066564393014712,True,False,,non_residential,0,8.0,6.0,116.15424049238959,232.8902288519077
261251582003,26,0,0,350.0,175.94785618528283,235.94601628811782,0.1584447428216186,2.7687918398266915,17.47481040089713,True,False,,non_residential,0,6.0,6.0,51.0371442171717,227.53719377472498
261251603002,26,0,0,0.0,0.0,0.0,0.12038935576426257,0.0,0.0,True,False,zero_or_structural_denominator,non_residential,0,5.0,4.0,122.33764032166013,226.66778670021887
261251608004,26,0,0,230.0,177.49125843252216,5.5922008145827675,0.05905741397399697,1.6900905535609745,28.617754145230993,True,False,,non_residential,0,5.0,4.0,76.9468148511033,101.15700127914141
261251611004,26,0,0,400.0,308.68044944786465,90.54919950261556,0.25295869022348527,4.85835800387671,19.206132035173102,True,False,,non_residential,0,11.0,9.0,74.53521281690145,226.66778670021887
261251622002,26,0,0,4505.0,1265.589842736245,244.2907309412219,0.26801860491938706,18.587837023250987,69.3527862696014,True,False,,non_residential,0,6.0,6.0,149.9962806339874,529.5009197712126
261251670002,26,0,0,2005.0,178.26295955614182,90.37927864766445,0.2489216060532417,1.4498546274864283,5.824543118110526,True,False,,non_residential,0,6.0,5.0,21.960781567646887,64.36427163309048
261251670003,26,0,0,7227.0,5577.084020399294,125.94804309104914,0.2604135507015899,15.448705820428295,59.323740177142696,True,False,,non_residential,0,7.0,6.0,21.709353277891044,52.71356047664251
261251684003,26,0,0,10532.0,7622.091997991398,1411.6953491478762,1.329959001240357,61.537632684526706,46.270323090512555,True,False,,non_residential,0,15.0,14.0,26.39991740388678,112.93222106506083
261251687004,26,0,0,9284.0,7172.190242921135,629.32850417799,0.8628221077045795,16.920321151612562,19.610439974268587,True,False,,non_residential,0,9.0,7.0,21.161901220860113,54.4230791679014
261251700003,26,0,0,608.0,459.1621685536986,182.4695175946547,0.21775003438143198,1.6100606439310297,7.394077564693707,True,False,,non_residential,0,9.0,9.0,26.050263148680255,83.74861174651426
261251716002,26,16,8,1684.0,1235.2877753190653,177.8900907252123,0.33191812606429305,9.424065091986478,28.39274011254517,True,False,,non_residential,0,7.0,7.0,238.50949387605758,317.46672248418656
261251810012,26,0,0,2167.0,548.6794988935794,23.10320155415091,0.18364524461079476,3.6186296265172384,19.70445591545981,True,False,,non_residential,0,6.0,3.0,131.07152091414832,248.65053989003692
261251810013,26,0,0,1657.0,503.920833723639,709.8302773819838,0.11375148745373971,15.697216996441902,137.99570755350013,True,False,,non_residential,0,6.0,2.0,189.86103040209264,248.65053989003692
261251810016,26,0,0,137.0,40.1284584282224,93.56930517903953,0.01036298193662364,0.6835038121900308,65.95628713531492,True,False,,non_residential,0,4.0,3.0,117.68156719673372,248.65053989003692
261251811003,26,0,0,1145.0,933.7583595797905,314.68556345793075,0.20610789599339127,6.3933784404979725,31.019570646157934,True,False,,non_residential,0,8.0,6.0,43.595348994382135,143.13182098541668
261251812002,26,0,0,1886.0,820.3182944077003,461.6367885769327,0.12057043767664247,10.681697096813037,88.59300258542855,True,False,,non_residential,0,6.0,6.0,77.30448902309308,143.13182098541668
261251830002,26,0,0,916.0,706.87822923561,58.12094429769037,0.08671468379829744,2.4789432845443207,28.58735309824185,True,False,,non_residential,0,6.0,4.0,31.41836573440162,97.39489175539744
261251830003,26,0,0,1019.0,341.0918966398904,218.52696027138734,0.2068658145307084,4.011125959236334,19.389989439946337,True,False,,non_residential,0,9.0,6.0,50.849559632327484,138.10029792035164
261251833003,26,0,0,527.0,406.68649214756164,41.22568219943239,0.11208507053725432,1.9052727261318985,16.998452309477138,True,False,,non_residential,0,6.0,4.0,42.60037051596133,68.05831722706492
261251835003,26,0,0,13176.0,10182.596326161434,668.5635167706213,0.20933686834570064,29.429935109315423,140.5864879029077,True,False,,non_residential,0,7.0,7.0,26.050263148680255,83.74861174651426
261251940003,26,0,0,1577.0,1216.9726719482064,828.9974787338153,0.15644936686601238,14.793666420077855,94.55881296565147,True,False,,non_residential,0,5.0,5.0,87.26542197798867,121.60898922743837
261251943002,26,0,0,818.0,10.0321146070556,4.147034490787607,0.13434540438874834,0.23394981259066547,1.7414053994262209,True,False,,non_residential,0,6.0,4.0,43.70615927442775,82.84716839515083
261251943003,26,0,0,385.0,297.1049325935697,191.19336098012525,0.20721987021013777,2.034063090898843,9.815965471053223,True,False,,non_residential,0,4.0,4.0,29.03510143218508,59.63378469317989
261251945002,26,0,0,2367.0,348.80890787608706,577.7784413944997,0.24299609622532206,13.992088197227247,57.581534907675454,True,False,,non_residential,0,5.0,3.0,59.63378469317989,82.84716839515083
261251960004,26,0,0,4664.0,3599.2140405621017,22.594819661916112,0.4700878723339004,5.10667487042722,10.863234665198895,True,False,,non_residential,0,4.0,4.0,37.98290145705294,59.573496764441835
261251965003,26,0,0,6728.0,5192.005159713083,276.17624669322913,0.3364679539011475,12.060623580015154,35.84479128005903,True,False,,non_residential,0,6.0,6.0,23.202774994253602,36.6888589994478
261251974002,26,0,0,4339.0,3348.4111753857114,76.62891129167818,0.21394461150634395,9.3939416755389,43.90828826862203,True,False,,non_residential,0,6.0,4.0,48.62180439881608,131.07152091414832
261251974004,26,0,0,7687.0,4021.3345551820566,1035.3715698771323,0.4856921910734177,44.32669719129059,91.2649987090077,True,False,,non_residential,0,10.0,5.0,73.30256210766638,131.07152091414832
261251976001,26,0,0,3245.0,2504.170146145802,366.12331291035144,0.09522900859958003,8.361608191574195,87.80526348576385,True,False,,non_residential,0,6.0,6.0,36.862861726594296,71.02860205243883
261251977022,26,0,0,5565.0,4297.603557437896,700.0369198829326,0.4906702062041513,36.459888569518945,74.30630209152991,True,False,,non_residential,0,6.0,5.0,38.90170150499205,138.10029792035164
261251981003,26,0,0,3593.0,2772.722137165444,624.0559830659269,0.4230428687180344,30.669933922784974,72.49840664073936,True,False,,non_residential,0,7.0,4.0,79.48801809942536,103.56917881452033
261259810001,26,0,0,0.0,0.0,0.0,1.943252936400546,0.0,0.0,True,True,zero_or_structural_denominator,non_residential,0,7.0,7.0,19.990979456988644,44.048225869633235
261259811001,26,0,0,565.0,236.91224495123612,45.189639323832225,0.4396004736871167,1.678499608862215,3.8182388539846714,True,True,,non_residential,0,8.0,8.0,39.3374631722341,105.34334666164877
261259812001,26,0,0,3642.0,2867.6413753706624,383.40326634776716,0.5661010544175819,17.725280516892976,31.311159692378887,True,True,,non_residential,0,8.0,4.0,91.47911333338236,248.65053989003692
261259813001,26,1239,4,15150.0,2791.384458514218,229.94819661916114,2.0648299424046392,10.763820940799445,5.212933384850193,True,True,,non_residential,0,11.0,10.0,40.057990300289106,128.92457427646875
261259814001,26,32,0,9240.0,7185.309162022669,651.9063193097202,1.855722804843301,26.13398007880476,14.08291152676304,True,True,,non_residential,0,10.0,6.0,34.4919584048936,69.24249424473042
261259815001,26,0,0,32775.0,24825.62514684451,1247.8494729251154,3.19120345305369,109.87491377109421,34.43055743310693,True,True,,non_residential,0,13.0,9.0,82.84716839515083,137.16337651953148
261259816001,26,0,0,1626.0,1233.1783955442193,674.9613013797305,1.0984980931051456,14.338600703265222,13.052913603822493,True,True,,non_residential,0,5.0,5.0,62.96513650131561,98.70079201759216
261279900000,26,0,0,0.0,0.0,0.0,0.0,0.0,,True,False,zero_or_structural_denominator,non_residential,0,9.0,5.0,51.48859749326924,75.21694327038276
261319901000,26,0,0,0.0,0.0,0.0,0.0,0.0,,True,False,zero_or_structural_denominator,non_residential,0,11.0,6.0,25.49295389162964,37.40466525219652
261390245023,26,675,9,4501.0,27.0,212.35337695724502,0.3552410130562337,7.2319107287598365,20.35775843149914,True,False,,non_residential,0,4.0,4.0,21.15243446881123,51.93030188217797
261399900000,26,0,0,0.0,0.0,0.0,0.0,0.0,,True,False,zero_or_structural_denominator,non_residential,0,15.0,11.0,35.172222463675936,91.1875593933761
261419900000,26,0,0,0.0,0.0,0.0,0.0,0.0,,True,False,zero_or_structural_denominator,non_residential,0,9.0,5.0,14.603819126614798,24.72978685328712
261476200002,26,0,0,2218.0,1403.23739260618,165.55876487995064,0.4435082136342317,14.023033102071583,31.61842931196896,True,False,,non_residential,0,8.0,7.0,114.84659098701056,166.46100163150666
261476250013,26,0,0,1064.0,254.56961547280255,22.594819661916112,0.07356906360469741,2.8289261997244015,38.45266014156219,True,False,,non_residential,0,4.0,3.0,124.89808044543472,144.85856423555097
261476250014,26,0,0,1912.0,282.0666819524433,46.14664728324475,0.06989568766784802,2.1615823664943457,30.925833032309836,True,False,,non_residential,0,6.0,5.0,115.00060720935971,155.63346472560437
261476260012,26,0,0,31.0,0.0,0.0,0.057006053205394834,0.0,0.0,True,False,zero_or_structural_denominator,non_residential,0,4.0,3.0,102.47637291218481,144.85856423555097
261476290003,26,0,0,35.0,31.04507505765885,0.0,0.19064875166550477,0.42248389011400306,2.216032816492056,True,False,zero_or_structural_denominator,non_residential,0,4.0,4.0,84.56625942716472,90.14659841621088
261476360002,26,0,0,132.0,102.89224876252646,56.44348254417868,0.19705109765928616,1.148893497552535,5.830434395950661,True,False,,non_residential,0,2.0,1.0,169.50019598005005,169.50019598005005
261476360005,26,0,0,15.0,12.418030023063539,0.5474881916374738,0.3109655202239519,0.2926548151105697,0.941116606432137,True,False,zero_or_structural_denominator,non_residential,0,6.0,4.0,102.0203733010872,169.50019598005005
261476372003,26,0,0,1686.0,54.99413295928139,0.0,0.09072358251096373,0.15653230708550697,1.7253761673993686,True,False,zero_or_structural_denominator,non_residential,0,3.0,2.0,31.63169956346509,37.71860604579914
261476372004,26,0,0,166.0,59.42914368180408,92.2954873183956,0.06239024780696773,0.46718918095173234,7.488176395727614,True,False,,non_residential,0,5.0,4.0,31.63169956346509,49.120333508397934
261476373002,26,0,0,270.0,239.4905790162254,10.330215300222742,0.34619695609336215,0.661880492357535,1.9118610972969952,True,False,,non_residential,0,4.0,3.0,32.809107921694455,70.48691727316985
261476373003,26,0,0,617.0,547.2803231593002,30.337866943646098,0.6658142534870556,1.2005760079070988,1.8031695801334175,True,False,,non_residential,0,5.0,4.0,36.25958216904438,70.48691727316985
261476420002,26,0,0,413.0,366.3318856803744,93.31916850448728,0.18204678167422167,1.894915551567498,10.40894837107589,True,False,,non_residential,0,4.0,3.0,36.76452721850401,41.273517993932366
261476420006,26,0,0,832.0,502.9302159340733,20.178850491781173,0.30105389171072294,1.390155832991967,4.617631165943345,True,False,,non_residential,0,5.0,5.0,23.347477247277705,36.76452721850401
261476430002,26,0,0,0.0,0.0,0.0,0.15253622148867704,0.0,0.0,True,False,zero_or_structural_denominator,non_residential,0,5.0,4.0,30.73746820648791,36.76452721850401
261476430007,26,129,0,430.0,313.99875915460666,0.15642519761070678,1.8025503599705714,1.6224905680789656,0.9001083154788833,True,False,zero_or_structural_denominator,non_residential,0,6.0,6.0,24.322937469635853,42.297307312758555
261479890001,26,0,0,807.0,96.6832337509947,1.1340826826776242,0.11574454679639437,0.0,0.0,True,True,,non_residential,0,6.0,5.0,124.89808044543472,155.63346472560437
261479900000,26,0,0,0.0,0.0,0.0,0.0,0.0,,True,False,zero_or_structural_denominator,non_residential,0,6.0,5.0,36.70654944640086,75.12306614075243
261519900000,26,0,0,0.0,0.0,0.0,0.0,0.0,,True,False,zero_or_structural_denominator,non_residential,0,14.0,12.0,21.55302338568694,39.381015531678244
261539900000,26,0,0,0.0,0.0,0.0,0.0,0.0,,True,False,zero_or_structural_denominator,non_residential,0,11.0,7.0,47.054042607191654,194.58314984225447
261579900000,26,0,0,0.0,0.0,0.0,0.0,0.0,,True,False,zero_or_structural_denominator,non_residential,0,6.0,4.0,47.803454816228694,72.12000079183798
261599900000,26,0,0,0.0,0.0,0.0,0.0,0.0,,True,False,zero_or_structural_denominator,non_residential,0,8.0,5.0,79.68814061059852,159.9485684655475
261614005001,26,0,0,2776.0,97.27005009444034,0.6380053062750164,0.09080311955563379,2.7323458414503623,30.090880740901117,True,False,zero_or_structural_denominator,non_residential,0,9.0,8.0,111.34972818776296,173.5306141709165
261614006003,26,0,0,5590.0,0.0,67.78445898574833,0.11677543955983644,0.2822167809640016,2.4167477513059756,True,False,zero_or_structural_denominator,non_residential,0,6.0,4.0,121.72032928808551,173.5306141709165
261614022011,26,1149,0,3475.0,0.6617010210506146,0.0,0.032530651270055444,5.940620930989104,182.6161081643472,True,False,zero_or_structural_denominator,non_residential,0,3.0,2.0,25.915490115957297,36.12238898520221
261614022014,26,6,0,3020.0,1994.3668774465523,0.0,0.061050087214493044,5.767513230955757,94.47182623494389,True,False,zero_or_structural_denominator,non_residential,0,4.0,3.0,18.730001801100148,26.640769707077208
261614025002,26,0,0,795.0,528.6991158194411,365.97699947666683,0.12570405197728882,13.134962243518608,104.49116028409112,True,False,,non_residential,0,5.0,4.0,67.27939384820749,105.73414898595637
261614026012,26,0,0,5157.0,76.09561742082067,45.8935527130804,0.4072555375553442,3.4134850003058315,8.381678542165812,True,False,,non_residential,0,8.0,5.0,76.02764898868857,107.21071099420769
261614035002,26,14,7,667.0,453.3694779776081,667.8065877500654,0.0710146117234492,12.438892207702793,175.15961723684876,True,False,,non_residential,0,6.0,6.0,117.73975644721621,295.7388262483139
261614036005,26,0,0,1486.0,983.2877172812133,681.6822605256757,0.1265426658657518,23.721492716893472,187.45845564893844,True,False,,non_residential,0,5.0,4.0,110.3389920152789,136.73688511743728
261614043001,26,0,0,1958.0,102.56365826284525,67.78445898574833,0.21372955260400792,2.215525043926136,10.366021062286123,True,False,,non_residential,0,6.0,5.0,56.71529643205399,83.34901342957964
261614055002,26,0,0,474.0,314.9696860200925,3.7006011755159878,0.1307982838577587,3.480501376854976,26.609686872038566,True,False,,non_residential,0,5.0,3.0,57.00671128718571,87.84488343453353
261614127003,26,0,0,344.0,0.0,135.56891797149666,0.36504028584131226,0.7987351675346719,2.1880740250184125,True,False,zero_or_structural_denominator,non_residential,0,6.0,6.0,130.77133838705757,336.69114822669894
261614143002,26,0,0,968.0,616.0436505981222,486.3937576114304,0.2168183698727482,22.408374867317747,103.35090555504746,True,False,,non_residential,0,6.0,4.0,126.66021722464163,289.0892004342207
261614145004,26,0,0,1005.0,535.9778270509978,865.7371525554756,0.34928191234051653,40.7061516002926,116.54239788004821,True,False,,non_residential,0,9.0,7.0,65.25818660135795,289.0892004342207
261614222023,26,236,0,988.0,440.6928800197093,22.594819661916112,0.6906286531176392,3.5143258866574323,5.088589751949974,True,False,,non_residential,0,5.0,4.0,30.15997658728378,45.037802954963084
261614470003,26,0,0,176.0,118.44448276806001,0.0,5.528123447640074,0.9735639076764262,0.17611110115350903,True,False,zero_or_structural_denominator,non_residential,0,3.0,3.0,32.11454121765422,36.37023353289196
261614550006,26,0,0,2340.0,1551.6888943636911,699.260148112037,1.1610219322589863,32.16523993853714,27.704248339179625,True,False,,non_residential,0,10.0,10.0,42.093599388081095,133.95749150686845
261619802001,26,0,0,729.0,382.4631901672552,59.1658506220321,1.178908500857944,7.868635646188018,6.674509209545662,True,True,,non_residential,0,8.0,8.0,40.74995971688741,258.92162464859217
261619803001,26,1682,0,2961.0,335.4824176726616,0.0,0.3009747407682115,3.6719556456881435,12.200212005551696,True,True,zero_or_structural_denominator,non_residential,0,6.0,5.0,38.84705147601016,90.6170956258282
261619804001,26,0,0,25618.0,16.542525526265365,158.16373763341278,0.4067107474095702,0.5289071268079093,1.3004503327650785,True,True,,non_residential,0,9.0,6.0,31.38157934613971,107.21071099420769
261619806001,26,1772,0,1988.0,0.0,0.0,0.5133575690430486,7.508111632167468,14.62550098591779,True,True,zero_or_structural_denominator,non_residential,0,3.0,3.0,29.87921237653971,41.9010257507407
261619840001,26,4,4,3808.0,2576.6935698447896,168.73348747701147,1.9327436217458158,3.4028232738058466,1.7606180331005992,True,True,,non_residential,0,8.0,5.0,107.3032524523536,334.68015575671853
261635026006,26,0,0,8.0,0.0,22.594819661916112,0.3734685098612287,0.6736997470689574,1.8038997379438682,True,False,zero_or_structural_denominator,non_residential,0,6.0,6.0,399.58858048228115,674.6194603611775
261635057002,26,0,0,624.0,52.22353444679802,24.941197626076715,0.6341531042781505,5.410716883983929,8.532193325999543,True,False,,non_residential,0,8.0,8.0,390.69649284386276,796.0978051885593
261635064002,26,428,0,1451.0,292.4517929020689,53.597493695407714,0.323489515942218,19.513742030737944,60.32264128839189,True,False,,non_residential,0,5.0,5.0,565.6726495500267,619.3645012172101
261635068003,26,0,0,610.0,0.8034389914892003,0.0,0.1885776996868144,0.0,0.0,True,False,zero_or_structural_denominator,non_residential,0,6.0,6.0,364.56203855511694,445.5903779706419
261635080002,26,0,0,515.0,369.5819360850321,496.75897710951705,0.3293042144506216,30.204004236442604,91.72067319828251,True,False,,non_residential,0,7.0,7.0,265.9957967944811,888.080902606375
261635112002,26,0,0,298.0,144.61901846805605,209.5712785622706,0.1726675880376918,14.4812207873694,83.86762652993264,True,False,,non_residential,0,6.0,4.0,477.4857151033161,909.6895571178368
261635114003,26,0,0,456.0,366.3681801190753,11.340826826776242,0.09366104773353574,8.66629565183607,92.52828002193131,True,False,,non_residential,0,5.0,4.0,308.34273528790476,481.8360482924936
261635166002,26,0,0,1385.0,165.50843224677527,27.37589995296875,0.09228459353815335,8.971757890956383,97.21837142022169,True,False,,non_residential,0,5.0,5.0,332.23704754256175,414.13173088453544
261635219002,26,0,0,485.0,0.0,0.0,0.10426032419121802,0.0,0.0,True,False,zero_or_structural_denominator,non_residential,0,6.0,6.0,342.1777348208266,695.4564487804242
261635219003,26,52,0,754.0,69.09575326807122,136.59798627179842,0.07123468995384694,11.94953682318616,167.74884302757943,True,False,,non_residential,0,4.0,4.0,440.6569924250575,614.6337000257672
261635223003,26,19,0,889.0,2.4103169744676007,0.6771116056776931,0.1462941078907115,6.903369607002703,47.18829559533485,True,False,zero_or_structural_denominator,non_residential,0,7.0,7.0,689.7139605938683,1866.1282383486723
261635243002,26,0,0,72.0,16.068779829784006,0.0,0.35171744475691824,5.754835186860502,16.36209767996532,True,False,zero_or_structural_denominator,non_residential,0,9.0,7.0,185.9471320790507,350.4220920718776
261635245001,26,0,0,335.0,308.5205727318529,365.5194527870712,0.42782513005436157,23.69747045549427,55.39055280011988,True,False,,non_residential,0,7.0,5.0,158.25292678044153,350.4220920718776
261635245003,26,0,0,254.0,59.45448537020082,2.1508464671472183,0.1364214756955004,3.597260663630844,26.36872710320266,True,False,,non_residential,0,4.0,4.0,254.33750942615956,416.8019857830816
261635257002,26,0,0,33.0,23.299730753186807,1.1340826826776242,0.05728404675958146,3.0526262072502677,53.289290473174866,True,False,,non_residential,0,6.0,4.0,345.8303064990138,385.95338235633983
261635302003,26,325,0,4440.0,962.519911804062,67.78445898574833,0.1416767121761034,30.825838468169295,217.57872549902868,True,False,,non_residential,0,6.0,6.0,348.3379351772537,875.4244818943264
261635303003,26,0,0,541.0,245.0488924042061,30.427958060481412,0.12402450758741129,11.337019428335456,91.40950969182629,True,False,,non_residential,0,5.0,5.0,605.9179554070665,889.2793153953494
261635471001,26,0,0,86.0,0.0,0.0,0.1823135782658091,0.0,0.0,True,False,zero_or_structural_denominator,non_residential,0,9.0,9.0,473.54613513723507,642.5315879235446
261635553002,26,27,9,1480.0,760.2154570424022,78.18994339754516,0.4513978251429116,5.631932596646595,12.476649826266968,True,False,,non_residential,0,7.0,6.0,104.19825857446548,271.541339309058
261635583011,26,3,3,18147.0,11303.369415295601,2322.8656466248594,2.411009523900865,176.09812353159285,73.03916545575355,True,False,,non_residential,0,15.0,15.0,74.80581866601985,217.38189512793852
261635617001,26,0,0,12471.0,7366.732112964477,1526.86546687245,1.9162512680415356,29.865822385250677,15.585546051992656,True,False,,non_residential,0,12.0,12.0,23.720010356214175,48.97819504847198
261635642003,26,0,0,588.0,339.8546933999317,463.9169662477979,0.05292340898043737,12.708740876825388,240.13458546336372,True,False,,non_residential,0,4.0,4.0,96.06139210811628,129.2545870906595
261635645022,26,0,0,1139.0,555.9797821105266,0.3190026531375082,0.1977731086958542,2.526546475029889,12.774974776350124,True,False,zero_or_structural_denominator,non_residential,0,4.0,4.0,30.009410895863976,58.699676720638884
261635653012,26,0,0,1292.0,320.5721576041909,465.9674203030734,0.23873661721172923,18.893980265707473,79.14152628271053,True,False,,non_residential,0,9.0,9.0,152.96816912801194,233.85385417855377
261635668003,26,0,0,1197.0,269.15206214888207,0.0,0.2475154219916477,1.4023378592936682,5.6656585194153655,True,False,zero_or_structural_denominator,non_residential,0,6.0,6.0,60.248194499365376,98.31946382417756
261635735012,26,0,0,38.0,30.530681676589612,72.36781502788148,0.039276242082825624,1.4007489693412083,35.66402728619793,True,False,,non_residential,0,6.0,4.0,153.05879446419485,206.2349643445199
261635736005,26,0,0,1730.0,523.8422224509586,164.8850600142653,0.35994142073493923,8.874674991590574,24.655886987026932,True,False,,non_residential,0,8.0,8.0,168.51129913942282,249.61795987829646
261635811011,26,0,0,1299.0,791.3874066168622,210.35913081043802,0.1783842165978129,14.522496322698565,81.4113299913812,True,False,,non_residential,0,6.0,6.0,101.97180550173545,171.4342465862147
261635841002,26,0,0,109.0,32.13755965956801,1.3687204790936842,0.19080550914189334,1.1783696957873544,6.175763483385873,True,False,,non_residential,0,6.0,6.0,106.42164336159064,214.34399594976318
261635915021,26,0,0,11.0,0.0,0.0,0.49163932262221854,0.0,0.0,True,False,zero_or_structural_denominator,non_residential,0,6.0,4.0,25.781275575980764,152.13561225838563
261635915022,26,0,0,4143.0,1849.516558408139,283.6768639347385,1.6624531917252703,11.624514438159387,6.992386008832906,True,False,,non_residential,0,13.0,10.0,81.5251569538281,376.8597848075091
261639817001,26,0,0,196.0,2.4103169744676007,22.712138560124142,0.32361770185887073,0.50685659662532,1.566220246030792,True,True,,non_residential,0,8.0,6.0,392.5400371672536,636.1335132831186
261639818001,26,0,0,2543.0,2129.91676643787,119.73486737816503,0.2362910461392041,11.004584097259187,46.57215868762184,True,True,,non_residential,0,8.0,6.0,248.55669769361347,503.37528714629053
261639819011,26,0,0,7949.0,4679.228686433103,559.798419144889,0.7471532369312692,57.224346964817244,76.58984012416362,True,True,,non_residential,0,11.0,7.0,83.77071186921165,120.26655159989036
261639819021,26,0,0,2751.0,2242.398225246358,1668.0797853783793,0.6458574051137247,97.78971552763625,151.4106902752274,True,True,,non_residential,0,8.0,7.0,98.74445997428664,159.41143601142576
261639820001,26,27,5,1506.0,514.7390527062826,182.2255346080645,1.6816177584691692,3.84376394188652,2.285753657469473,True,True,,non_residential,0,7.0,7.0,51.791295206027065,168.46655545850822
261639821011,26,0,0,2821.0,471.61868800416056,189.8476723097024,0.5751783161660924,5.136828280734496,8.93084481170036,True,True,,non_residential,0,6.0,2.0,81.5251569538281,84.31365612393223
261639821012,26,0,0,223.0,77.93358217445243,182.10958614438027,0.5137486905297028,0.7628169264239941,1.4848055878010868,True,True,,non_residential,0,6.0,3.0,65.66521821772548,84.31365612393223
261639821021,26,0,0,2375.0,1975.6564800719434,1959.3533971996924,0.7892939709286928,49.70582865566062,62.97505173791729,True,True,,non_residential,0,9.0,6.0,94.48961618206764,134.21355703161916
261639822001,26,0,0,294.0,91.59204502976883,94.20731048531455,0.5813868388762603,0.8444251928537505,1.4524325911572176,True,True,,non_residential,0,9.0,8.0,35.56246749891684,134.21355703161916
261639823011,26,0,0,1297.0,4.0171949574460015,45.189639323832225,0.2243473619653026,0.054300575494665895,0.24203794962859415,True,True,,non_residential,0,6.0,3.0,24.554376100876883,42.14064837554595
261639823012,26,12,6,394.0,167.49123728932926,100.83739677956959,0.2782885362357899,0.5614035707268188,2.017343503690535,True,True,,non_residential,0,5.0,3.0,29.395031272954537,62.40564532857673
261639823013,26,0,0,184.0,59.45448537020082,2.8938661557980754,0.40160068534059795,0.2269146156194678,0.565025469085097,True,True,,non_residential,0,7.0,4.0,20.559986866799594,62.40564532857673
261639823021,26,0,0,28.0,0.0,0.0,0.24072311281768782,0.0,0.0,True,True,zero_or_structural_denominator,non_residential,0,5.0,3.0,11.724942460644654,42.14064837554595
261639825001,26,0,0,1255.0,623.4686573956194,24.75209476998824,0.4341371281430323,4.670577713632514,10.758300571089901,True,True,,non_residential,0,5.0,5.0,123.86042021463692,244.66990672653517
261639826001,26,0,0,677.0,8.034389914892003,22.98588265594288,0.4502565071621121,0.20395241045202206,0.4529693790268538,True,True,,non_residential,0,6.0,6.0,235.2184762048884,270.5192380671947
261639827001,26,0,0,1059.0,623.4686573956194,528.674504834712,0.3267300713592851,32.551110964238624,99.6269208671771,True,True,,non_residential,0,7.0,7.0,119.6123022385963,152.13561225838563
261639829001,26,0,0,1449.0,445.10520128501696,0.0,0.239947819683234,1.9355065984247093,8.066364599519426,True,True,zero_or_structural_denominator,non_residential,0,7.0,5.0,57.64186787305768,84.31365612393223
261639831001,26,0,0,1167.0,442.69488431054936,91.25406756668009,2.0037014764519516,10.924537483552246,5.452178187190259,True,True,,non_residential,0,9.0,7.0,150.7928154736953,321.6774833006719
261639832001,26,0,0,180.0,194.43223594038648,0.0,0.6949390976161663,2.973764084764534,4.279172225257391,True,True,zero_or_structural_denominator,non_residential,0,5.0,5.0,84.10352674483335,158.50952907043302
261639833011,26,0,0,3310.0,2649.7417939313827,160.53065542475127,0.6888603052312854,13.313282119971046,19.32653401403511,True,True,,non_residential,0,6.0,5.0,32.90699371654392,43.97256962711214
261639833021,26,0,0,4462.0,3627.5270465737394,156.31975723052872,0.3156667001069746,6.495688491674363,20.57768047587241,True,True,,non_residential,0,2.0,2.0,50.82347472178262,68.73995572702131
261639836001,26,0,0,700.0,143.01214048507765,95.48551384977068,0.23218214696746234,2.7382845899046986,11.793691399918176,True,True,,non_residential,0,4.0,2.0,231.93190725068297,335.58272300939916
261639836002,26,0,0,267.0,168.72218821273205,107.35747799444376,0.23228678065244093,3.884039713261277,16.720881413707183,True,True,,non_residential,0,7.0,4.0,167.25802791824333,335.58272300939916
261639836003,26,0,0,83.0,66.68543629360363,3.1285039522141354,0.26891436192732177,3.8645029882946624,14.370757145871977,True,True,,non_residential,0,9.0,5.0,335.58272300939916,473.49305130760274
261639837001,26,0,0,2547.0,2076.0863540080936,212.37156000934252,0.6102556972742242,13.64439488860417,22.358488334559425,True,True,,non_residential,0,7.0,5.0,163.90456330737814,273.1285446918929
261639838001,26,0,0,954.0,77.13014318296322,0.0,0.18722634213174053,1.2243831267586542,6.539587927734686,True,True,zero_or_structural_denominator,non_residential,0,5.0,2.0,65.02185625082548,83.77071186921165
261639838002,26,0,0,1544.0,1024.3847141487304,0.9385511856642407,0.5757304422528797,4.473718403976292,7.770508688875771,True,True,zero_or_structural_denominator,non_residential,0,6.0,1.0,58.72865734159909,58.72865734159909
261639838003,26,0,0,3223.0,11.248145880848805,158.16373763341278,0.45707043805695313,0.2100798074329982,0.4596223906452276,True,True,,non_residential,0,9.0,4.0,88.58189477927579,264.0482572785762
261639838004,26,0,0,3459.0,689.3506546977338,22.594819661916112,0.22036973752748232,3.0868113007154583,14.007419237092398,True,True,,non_residential,0,6.0,3.0,76.86572018487281,93.3930776893399
261639838005,26,0,0,7620.0,6129.436066071109,68.42246429202335,0.34916762610157315,10.190352027942572,29.184698884363897,True,True,,non_residential,0,7.0,4.0,57.60810264853122,76.86572018487281
261639839011,26,15,0,3266.0,1306.3918001614397,22.594819661916112,0.1985406797871362,4.277167033813903,21.543026035770776,True,True,,non_residential,0,8.0,5.0,83.77071186921165,211.37507330213606
261639839021,26,0,0,12064.0,6998.7570548624235,381.13162197540896,0.6666910914892192,54.02503654985411,81.03458594170779,True,True,,non_residential,0,6.0,4.0,104.18988613824277,434.9740287477514
261639839031,26,0,0,9663.0,7832.726728028214,137.57564375686536,0.5033320403930349,18.13468450829003,36.029267070161616,True,True,,non_residential,0,9.0,8.0,185.9688729052143,434.9740287477514
261639841001,26,0,0,691.0,219.33884467655167,23.416051949372324,0.5606261258087397,9.20957121007899,16.42729581464578,True,True,,non_residential,0,3.0,2.0,482.1939984722709,613.9659048726642
261639842001,26,0,0,444.0,396.8988617956649,84.01357323785916,0.3884863394218439,11.488609125644828,29.572749308875295,True,True,,non_residential,0,8.0,6.0,383.33367207697313,473.49305130760274
261639850001,26,0,0,315.0,278.7933300467525,22.594819661916112,0.15636789931054934,10.225584850671122,65.39439933488481,True,True,,non_residential,0,6.0,5.0,750.8833619844968,874.7932985991654
261639850002,26,0,0,552.0,155.86716434890485,25.09762282368742,0.15939532633607342,7.409923767249223,46.48771038384111,True,True,,non_residential,0,7.0,6.0,494.3299574202302,874.7932985991654
261639852001,26,0,0,7281.0,5886.79749064137,460.30479584150174,0.940558371906966,42.039644652925205,44.69647595363012,True,True,,non_residential,0,10.0,10.0,442.290770449472,822.0729227301322
261639854001,26,0,0,21576.0,12372.960468933685,2464.96893900394,8.162586120906942,110.25533333787871,13.507402152300756,True,True,,non_residential,0,9.0,8.0,132.39274915137577,255.365268291847
261639855001,26,0,0,126.0,64.27511931913602,22.594819661916112,1.3089253139467116,10.640746604901572,8.129376436931507,True,True,,non_residential,0,4.0,4.0,305.537400982175,332.23704754256175
261639856001,26,0,0,243.0,134.17431157869646,46.949422796952675,1.3216357970075778,1.350732086249184,1.0220153610453693,True,True,,non_residential,0,7.0,5.0,141.65580036550142,350.4220920718776
261639857001,26,0,0,8422.0,6850.92428042841,364.5707865454928,1.8386007185183566,17.33083712329053,9.426101572100249,True,True,,non_residential,0,10.0,7.0,96.83407312654832,177.83649743642295
261639858001,26,0,0,2733.0,0.0,0.0,1.8498019282412845,0.0,0.0,True,True,zero_or_structural_denominator,non_residential,0,13.0,12.0,289.1918237699068,503.37528714629053
261639859001,26,0,0,782.0,156.67060334039405,47.5667785775733,0.2420945476850085,10.943002493024723,45.201358715698,True,True,,non_residential,0,6.0,4.0,428.39617327073756,1492.713060966118
261639861001,26,0,0,3.0,0.0,0.0,1.756928142809119,0.0,0.0,True,True,zero_or_structural_denominator,non_residential,0,4.0,3.0,38.79421096587798,99.11160464775597
261639862001,26,0,0,14.0,0.0,0.0,2.1487585130265328,0.0,0.0,True,True,zero_or_structural_denominator,non_residential,0,7.0,6.0,30.48306644882269,49.14797017339861
261639863001,26,0,0,492.0,289.2380369361121,115.12494477672779,1.962029084372901,4.805174208580695,2.449084086904101,True,True,,non_residential,0,5.0,4.0,48.78668613383155,99.09507456920711
261639865011,26,0,0,200.0,1.6068779829784006,0.0,1.2779726621988239,0.0,0.0,True,True,zero_or_structural_denominator,non_residential,0,7.0,5.0,301.1344891267482,334.68015575671853
261639865021,26,0,0,516.0,401.7194957446001,18.620750773590203,2.755425004634481,5.127712670368007,1.8609516360428835,True,True,,non_residential,0,4.0,1.0,321.6774833006719,321.6774833006719
261639866001,26,0,0,1426.0,31.33412066807881,0.0,0.08897260922174659,0.0,0.0,True,True,zero_or_structural_denominator,non_residential,0,5.0,4.0,178.75443005998983,183.46705032273852
261639870001,26,0,0,367.0,131.76399460422886,165.20244552809234,1.083785670351977,2.827361686244254,2.6087830496282742,True,True,,non_residential,0,7.0,6.0,147.34747489985256,226.54391590821746
261639901000,26,0,0,0.0,0.0,0.0,0.0,0.0,,True,False,zero_or_structural_denominator,non_residential,0,11.0,10.0,59.467218524212996,308.00009802797365
261639902000,26,0,0,0.0,0.0,0.0,0.0,0.0,,True,False,zero_or_structural_denominator,non_residential,0,6.0,4.0,23.260719865512442,32.40437486142668
270030502082,27,0,0,1616.0,968.1614763552479,629.9655764136012,1.210701697005088,13.816778992503924,11.412207504691272,True,False,,non_residential,0,11.0,11.0,33.05521174797034,67.25950081716765
270030502292,27,1172,0,1913.0,332.8304498269896,0.0,0.1303793630156858,2.517004723679135,19.305238693153584,True,False,zero_or_structural_denominator,non_residential,0,3.0,3.0,35.92866288701019,38.443310451015016
270030504012,27,0,0,4097.0,1170.0945790080739,108.6114355621428,0.3814280058606138,4.467219519718953,11.711828840778463,True,False,,non_residential,0,6.0,6.0,38.637869807014205,146.86612018241664
270030506093,27,0,0,2862.0,1119.0126874279124,945.1688131867152,0.4438464391251588,53.65603807080036,120.8887429097298,True,False,,non_residential,0,6.0,6.0,181.0903026891329,344.95381254141535
270030507041,27,0,0,1792.0,1336.9088811995387,117.2429639706038,0.40744665812384756,7.89584125381848,19.378834250785435,True,False,,non_residential,0,8.0,8.0,76.97487717898323,135.94028948033116
270030507103,27,0,0,5221.0,4183.926182237601,657.8926019880525,0.810751598392473,71.49050928482569,88.17806764312807,True,False,,non_residential,0,7.0,7.0,128.48661019482245,392.82457397098193
270030508214,27,0,0,1858.0,901.9146482122261,815.2661906997545,0.5248035675345244,13.438493257494445,25.606710946396888,True,False,,non_residential,0,8.0,8.0,50.19462505700126,138.23327692021962
270030512061,27,0,0,4044.0,3227.7370242214533,186.0283258702038,1.3059963429716286,25.811222863129778,19.763625680910884,True,False,,non_residential,0,12.0,12.0,130.83396972759869,417.87164187460553
270190909021,27,0,0,3819.0,2803.698525867943,109.84097362928782,0.5428685153307519,6.5671836307860385,12.097190102809463,True,False,,non_residential,0,4.0,4.0,23.88635319371609,65.01002155285661
270270204001,27,0,0,65.0,0.0,0.0,0.11852911556416373,0.0,0.0,True,False,zero_or_structural_denominator,non_residential,0,6.0,5.0,61.16748843699831,159.13962574918258
270270206003,27,0,0,1903.0,899.232542292537,97.11882133557337,0.8117419504292628,15.165656187995111,18.682853805911172,True,False,,non_residential,0,10.0,9.0,71.75693298745902,166.4669562263586
270270207002,27,107,0,337.0,144.27067223654194,0.0,0.03270671385437364,1.0078168625123547,30.813760960506475,True,False,zero_or_structural_denominator,non_residential,0,2.0,2.0,79.89450072639592,87.91646123993125
270270303003,27,84,0,657.0,504.1276330992801,446.3565579137907,0.3018778337171594,21.119268584030433,69.95965329411321,True,False,,non_residential,0,9.0,9.0,86.92432156132539,642.6433631387501
270319900000,27,0,0,41.0,0.0,0.0,0.0,0.0,,True,False,zero_or_structural_denominator,non_residential,0,11.0,7.0,28.61665742905631,57.6951700010569
270370603012,27,0,0,3887.0,2306.8392409777234,417.12960929909684,0.6924024064342134,47.25592532155888,68.24922166998384,True,False,,non_residential,0,8.0,7.0,106.30782904197395,131.325443242341
270370606051,27,0,0,6329.0,4697.836786512289,255.424550904179,1.8299045396003768,30.440568607623202,16.63505824968933,True,False,,non_residential,0,8.0,6.0,43.94764614976597,98.48049898707916
270370607104,27,0,0,3091.0,1447.973686437809,333.35750440737735,2.6127845814705304,22.035325185046805,8.433655549454008,True,False,,non_residential,0,9.0,8.0,83.07455873070037,185.63707972377875
270370607172,27,0,0,1052.0,798.0010664229128,184.73437009118066,0.45375883984270493,7.794469602503525,17.177559791905036,True,False,,non_residential,0,5.0,4.0,40.28962661055558,235.66175897697147
270370607173,27,0,0,249.0,29.305123908186065,1.3687204790936842,0.18670935134138514,0.4871295958601121,2.609026234414094,True,False,,non_residential,0,4.0,3.0,46.093712677805634,50.54217072044038
270370607175,27,0,0,5708.0,1811.6577882727333,254.25019362716853,0.3414718378765067,13.866613370928663,40.60836599925855,True,False,,non_residential,0,6.0,6.0,42.79114305078251,235.66175897697147
270370607272,27,0,0,1281.0,413.27738844877786,821.4973115791117,0.14383116222104975,21.50463695553657,149.5130583905506,True,False,,non_residential,0,6.0,6.0,96.99721287059128,235.66175897697147
270370607392,27,0,0,3715.0,2807.2805877175165,331.2254621215723,0.3441270624211476,27.07121634629609,78.66633956606978,True,False,,non_residential,0,7.0,6.0,160.91590681049945,186.78946951336502
270370607454,27,0,0,2988.0,2067.138355677432,1788.5296782776911,0.27096495049160674,86.6968780641931,319.95606039416,True,False,,non_residential,0,7.0,5.0,145.17264305847138,178.9639247159044
270370607455,27,0,0,2412.0,458.36219446137176,626.6793223347883,0.22921186306140998,19.232584500924684,83.90745681331481,True,False,,non_residential,0,7.0,6.0,160.91590681049945,186.78946951336502
270370607483,27,0,0,1519.0,1141.39700555217,398.4712584245124,0.26159039008097995,29.610796472612673,113.19527626166284,True,False,,non_residential,0,5.0,4.0,138.40071845631232,185.63707972377875
270370608113,27,0,0,1165.0,853.605660505112,1060.2061430007873,0.17838962202803318,46.08135688086812,258.31859699566286,True,False,,non_residential,0,5.0,4.0,70.49845090846927,273.07196140167525
270370608281,27,0,0,1911.0,1078.2782771345385,1634.4431298463019,0.22066858059823294,77.38173402892221,350.6694692064461,True,False,,non_residential,0,7.0,6.0,115.03895321423101,273.07196140167525
270370608361,27,0,0,4436.0,1362.3125550138805,61.42545859987678,0.9519063004501592,6.895544876169553,7.243932383795159,True,False,,non_residential,0,5.0,3.0,21.79338313023537,46.32034341442139
270370608363,27,0,0,1139.0,593.6166124991536,85.3895502644787,0.6061788445816456,4.206133853766123,6.938767149930787,True,False,,non_residential,0,7.0,5.0,21.79338313023537,40.399902893135184
270370610031,27,0,0,2700.0,1368.3238624822263,59.79353178669267,5.679437655796806,3.732201221686891,0.6571427398058612,True,False,,non_residential,0,6.0,6.0,25.414014998348044,45.67387418172761
270370615012,27,0,0,141.0,105.94929412959577,7.777768077320445,0.5354402959015901,0.45392828979743566,0.8477663957530462,True,False,,non_residential,0,3.0,1.0,7.470840489847355,7.470840489847355
270530201022,27,0,0,1290.0,853.3829956847239,60.23502683213444,0.4994922544258321,10.58438258917788,21.190283723908113,True,False,,non_residential,0,7.0,5.0,112.09956884908806,322.7963647513703
270530204004,27,0,0,1871.0,514.0144090287058,1084.7688186153612,0.20929130829098672,56.100091783790376,268.0478814045732,True,False,,non_residential,0,7.0,7.0,172.60810522948148,265.3938813975949
270530215034,27,0,0,1070.0,707.8448103741509,85.15853282816886,0.17617532614850498,8.844997129362453,50.20565207812735,True,False,,non_residential,0,6.0,6.0,62.33775827610841,147.3242658261284
270530246003,27,0,0,2397.0,825.5984330345236,311.75991031315084,0.08132315325571128,19.361934428904924,238.08637090132933,True,False,,non_residential,0,6.0,4.0,86.64906456023417,304.46595367975544
270530251001,27,0,0,2330.0,1548.658599145689,358.3902277777541,0.2039901256535112,26.64338874814515,130.61116886314613,True,False,,non_residential,0,4.0,2.0,378.8755677658314,696.9291495898757
270530251002,27,0,0,18924.0,3266.6707230164084,3511.4499247354997,0.3165585960933234,286.86869346534866,906.2104046632114,True,False,,non_residential,0,7.0,4.0,163.74868131480014,696.9291495898757
270530252012,27,0,0,2382.0,585.460427272078,271.21604854179867,0.07047870192732275,20.36203464041079,288.91046633361674,True,False,,non_residential,0,7.0,4.0,218.6995973512381,295.9660481956564
270530252013,27,0,0,1354.0,904.3213605434246,555.6826969209153,0.06897946724550794,34.952186889160544,506.7042162671486,True,False,,non_residential,0,7.0,5.0,228.48357637866977,295.9660481956564
270530254013,27,0,0,930.0,515.9990206465773,590.5042527222118,0.11032328638759659,46.95238445687916,425.5890664090833,True,False,,non_residential,0,7.0,5.0,228.48357637866977,304.46595367975544
270530256012,27,0,0,2003.0,286.44561017944613,433.1845028019173,0.11282329786448325,22.396548242438847,198.50995908079437,True,False,,non_residential,0,7.0,5.0,101.16803963382525,285.724482710068
270530259081,27,0,0,1808.0,859.3368305383383,159.1413951184797,0.13717321659828008,19.059692045308143,138.9461625087176,True,False,,non_residential,0,5.0,5.0,53.75752861358366,205.31755231331948
270530260075,27,0,0,3840.0,2114.93444744501,104.62582730169069,0.31551959518455086,16.271870713858725,51.571664524801164,True,False,,non_residential,0,5.0,5.0,32.765063405121,53.31587012452151
270530260142,27,0,0,5373.0,2221.441937604111,83.81491138386224,0.23628216578955646,1.6714934859739081,7.074141547621565,True,False,,non_residential,0,8.0,8.0,28.661969560165566,120.59342524915182
270530260203,27,0,0,4674.0,1460.674150753388,1932.685236354502,0.2661599091279226,95.85346377063817,360.1348681125706,True,False,,non_residential,0,6.0,6.0,50.75975009495808,128.96163454379843
270530265141,27,0,0,5526.0,3655.654600119213,273.9471419341205,0.6316202741177835,21.35995926651735,33.81772267578317,True,False,,non_residential,0,7.0,6.0,46.83014213813152,93.84837249814787
270530265142,27,0,0,11100.0,4526.89910036478,606.0895656257743,0.9120489746186519,49.67348423534833,54.463615022557235,True,False,,non_residential,0,8.0,7.0,29.569719528678803,53.14382518504427
270530267074,27,0,0,5029.0,1499.0433086989028,157.960902653292,0.3001137329545501,18.180509728476938,60.57873310059501,True,False,,non_residential,0,7.0,6.0,59.70711205408204,91.93965189416244
270530267241,27,0,0,2652.0,1335.6436188274865,782.6130392081675,0.76031237070042,72.283539054789,95.07084435335372,True,False,,non_residential,0,8.0,7.0,133.9523839634107,420.5902663558605
270530267243,27,0,0,3485.0,1706.1044541634908,2149.8861939982553,0.38480253872671255,121.63398053111746,316.094537560996,True,False,,non_residential,0,9.0,8.0,64.48244868011112,420.5902663558605
270530267262,27,0,0,2285.0,1511.6125156120886,120.46040781446196,0.6563385343108776,12.682025087248379,19.32238383742601,True,False,,non_residential,0,7.0,5.0,77.55499470884975,133.9523839634107
270530268073,27,0,0,975.0,351.937793569204,129.83463961224808,0.20669477127445193,14.585833255880074,70.56701611727188,True,False,,non_residential,0,7.0,5.0,133.9523839634107,474.03237173967756
270530268122,27,0,0,2282.0,1515.5817388478315,130.6096757373081,0.29867859123106166,12.893161073296453,43.16734259444171,True,False,,non_residential,0,5.0,3.0,114.87041988109051,123.30140489888397
270530268125,27,0,0,4641.0,3071.5172472590493,342.98089660074686,0.5539052455341195,55.35909090970195,99.94325086472202,True,False,,non_residential,0,9.0,6.0,101.2656525497782,474.03237173967756
270530268126,27,0,0,1074.0,656.2449083094932,433.04133679495516,0.43079425565393814,31.014863393773282,71.99460760379282,True,False,,non_residential,0,6.0,4.0,119.08591238998724,159.28506618837503
270531016003,27,0,0,1548.0,1024.0595948216687,111.40205408966891,0.1680444007907048,24.865250777717954,147.96833849101,True,False,,non_residential,0,6.0,6.0,356.765395644054,552.668075991586
270531026001,27,0,0,1583.0,783.9215890592232,711.4769936732285,0.11565342668696653,173.9605761636158,1504.1541020178017,True,False,,non_residential,0,6.0,4.0,172.68421730201135,281.74338290744225
270531026003,27,0,0,1275.0,843.4599375953667,72.25981990331552,0.3623221266448208,11.76866347255189,32.48121659455963,True,False,,non_residential,0,9.0,5.0,160.6425373199198,322.7963647513703
270531030002,27,0,0,2269.0,1501.0279203167743,0.0,0.08938342191848904,17.752770207776692,198.61367831683467,True,False,zero_or_structural_denominator,non_residential,0,6.0,5.0,311.40253199584004,547.3921882112022
270531040011,27,0,0,2572.0,1701.4736937217908,312.3931211875503,0.31123000020258784,23.908836839864204,76.82047625325743,True,False,,non_residential,0,7.0,7.0,164.12372893264143,703.4539177847047
270531040022,27,0,0,5411.0,3436.6857849473963,451.2531047394745,0.5209993029659121,61.07123354483688,117.21941506864673,True,False,,non_residential,0,8.0,6.0,128.9915477450824,183.42955008673675
270531255003,27,0,0,1911.0,787.890812294966,433.0424968281952,0.12848939294937536,29.95399371015256,233.12425269184973,True,False,,non_residential,0,8.0,5.0,178.88237499177572,304.46595367975544
270531263002,27,0,0,1482.0,986.3519740821112,124.48131248310017,0.16528183984597522,56.068745118827486,339.2311289073106,True,False,,non_residential,0,8.0,7.0,265.73484686328857,547.3921882112022
270539800001,27,0,0,16371.0,9672.997025505452,3556.6455457943694,6.001587397248708,25.706776172506622,4.283329471181459,True,True,,non_residential,0,18.0,13.0,102.0190024772309,294.71894003937354
270539801001,27,74,0,4594.0,3008.009675487163,67.78445898574833,0.12807549143536417,4.167210777641166,32.53714454606822,True,True,,non_residential,0,5.0,4.0,137.53499501097994,478.5168967619719
270759901000,27,0,0,0.0,0.0,0.0,0.0,0.0,,True,False,zero_or_structural_denominator,non_residential,0,12.0,7.0,15.62606699757459,31.402690163792006
271230302022,27,0,0,6656.0,1673.8289717280688,104.65307792964144,0.15555438206239489,9.998372017380554,64.27573357187762,True,False,,non_residential,0,7.0,7.0,210.6849116651488,233.76423298251922
271230327002,27,0,0,837.0,335.61545372212544,285.57116793298655,0.08015635253244464,12.088925491477571,150.8168112637657,True,False,,non_residential,0,7.0,7.0,203.84899079298611,285.7722146744042
271230334001,27,0,0,2024.0,312.95787034847984,306.81176438354726,0.13990566157463943,17.796322079458562,127.20230103028571,True,False,,non_residential,0,7.0,7.0,208.41811924400395,298.4907500942752
271230342014,27,0,0,4193.0,2005.1961285676357,480.373421832482,0.019137925694956183,20.462686064416555,1069.221732311852,True,False,,non_residential,0,4.0,3.0,107.54475960847482,125.62645841274943
271230342015,27,0,0,4572.0,3249.9471151572907,543.1483149886777,0.017741394187326984,26.391111703791445,1487.5444074537907,True,False,,non_residential,0,5.0,4.0,131.23543736584446,142.1215001427733
271230349004,27,1457,0,1457.0,24.781731814924875,22.594819661916112,0.08368841507924915,8.789193910037877,105.02282665665143,True,False,,non_residential,0,4.0,4.0,135.05729476361694,170.5109259472115
271230351003,27,1199,0,3065.0,745.5761028890255,118.83346496426374,0.08320424297237411,12.01450312696413,144.3977217718722,True,False,,non_residential,0,6.0,6.0,132.85929286399895,155.84620102598083
271230361001,27,0,0,1440.0,940.2897100062925,174.47968587715997,1.3573680073766825,15.415609852055217,11.356986291321393,True,False,,non_residential,0,8.0,6.0,154.71122816775633,290.50815158287133
271230361003,27,0,0,2135.0,1516.6419870734023,112.46365043365505,0.29286157610970653,22.330228222285065,76.24840553996103,True,False,,non_residential,0,6.0,5.0,210.88149570089095,290.50815158287133
271230408051,27,1552,0,3536.0,613.170850049284,67.78445898574833,0.3075546937549455,5.645383004927485,18.35570426841098,True,False,,non_residential,0,5.0,5.0,19.836650637848294,67.05742115716396
271230409012,27,0,0,5828.0,3867.366262089133,270.2333854895934,0.5035617711773974,13.90639712205001,27.61606999978358,True,False,,non_residential,0,10.0,10.0,72.23705627733725,213.7501142281012
271230413022,27,0,0,4716.0,3353.3223392995487,1524.5108681818315,0.3806720178340896,380.4737336839937,999.4791207632647,True,False,,non_residential,0,5.0,4.0,286.0102560299955,563.8118103249179
271230413023,27,0,0,3291.0,2330.190840083365,178.58341809584306,0.7413416272401343,57.87625948986042,78.06962048701095,True,False,,non_residential,0,6.0,3.0,165.99721297381438,286.1165999597283
271230428002,27,55,0,3062.0,710.8816783481307,180.7585572953289,0.052916845243741295,10.228514800438441,193.29411557557302,True,False,,non_residential,0,6.0,6.0,129.99096570522153,368.69059932093995
271239800001,27,0,0,949.0,357.56498761534465,9.033555162018317,2.953895799930912,8.023248699349972,2.7161583355572754,True,True,,non_residential,0,10.0,8.0,115.30315662315776,290.50815158287133
271379901000,27,0,0,0.0,0.0,0.0,0.0,0.0,,True,False,zero_or_structural_denominator,non_residential,0,16.0,14.0,68.16786590669389,344.5877507454112
271390803045,27,0,0,8780.0,3869.1389434788234,523.4347988958831,2.70040390262641,24.695526566432548,9.14512326930564,True,False,,non_residential,0,5.0,5.0,125.93342907092358,195.29007026453078
271450116001,27,722,0,722.0,0.0,0.0,0.019753372535752683,5.610699150168422,284.0375303008799,True,False,zero_or_structural_denominator,non_residential,0,2.0,1.0,91.31800599349154,91.31800599349154
271450116002,27,578,0,8927.0,860.6445420296114,248.54301628107723,0.15815169128324685,11.70992453121528,74.04236044648435,True,False,,non_residential,0,7.0,6.0,110.68482997233045,155.78802199235693
271630708011,27,1282,0,2417.0,314.1480104338237,0.0,0.08288686699801105,1.2679612443395265,15.297492718236683,True,False,zero_or_structural_denominator,non_residential,0,2.0,2.0,29.57346505650903,41.97852648809353
271630708021,27,410,0,715.0,219.01868333062356,0.0,0.28738587529654724,1.8346512514577202,6.383929793225166,True,False,zero_or_structural_denominator,non_residential,0,2.0,2.0,29.896285365895494,41.97852648809353
271630709063,27,0,0,2596.0,527.2672006107605,466.99263177657707,0.6274967030640153,17.611536909603174,28.066341741091982,True,False,,non_residential,0,8.0,8.0,40.32171976566205,189.67622707077206
271630709101,27,0,0,2099.0,1297.8884938111025,526.2176068674403,0.27831633559120855,13.178218589239995,47.34978477366913,True,False,,non_residential,0,7.0,6.0,97.35115633570051,273.50208707282815
271630709104,27,0,0,902.0,665.1678530781901,117.47132274088838,0.17040387108186378,6.539860530181055,38.378591335165375,True,False,,non_residential,0,4.0,3.0,91.63526816738393,273.50208707282815
280219503001,28,922,6,2122.0,54.625373771892356,141.56891797149666,14.666011343194931,3.095533451680427,0.21106852976196305,True,False,,non_residential,0,3.0,3.0,80.55036419821933,88.76104041518077
280459900000,28,0,0,0.0,0.0,0.0,0.0,0.0,,True,False,zero_or_structural_denominator,non_residential,0,9.0,7.0,53.97858277468565,141.6910219224337
280470009001,28,1935,0,5183.0,931.4730820705436,329.85563611044336,1.7151561363731513,13.828305149370811,8.062417675053176,True,False,,non_residential,0,6.0,6.0,112.46668584756264,220.1822788631903
280470032081,28,749,0,6419.0,4150.006130466692,383.6875951408957,5.019584433536261,32.6360516993318,6.501743746212859,True,False,,non_residential,0,15.0,15.0,112.30607079292128,1046.6718549477102
280470036003,28,0,0,5075.0,4447.0610456331215,1358.9965251445497,5.47128187395424,33.54241518871683,6.13063189970047,True,False,,non_residential,0,10.0,8.0,98.14584012314545,208.1874565211747
280479800001,28,22,0,684.0,424.99007037085005,134.1170237771898,1.7450280881791385,6.722583885240223,3.8524215918237448,True,True,,non_residential,0,6.0,6.0,140.71993695175246,1046.6718549477102
280479900000,28,0,0,0.0,0.0,0.0,0.0,0.0,,True,False,zero_or_structural_denominator,non_residential,0,14.0,10.0,62.300471909909064,184.34331446367676
280599900000,28,0,0,0.0,0.0,0.0,0.0,0.0,,True,False,zero_or_structural_denominator,non_residential,0,8.0,5.0,40.71866439693702,49.76613568855247
280679800001,28,0,0,70.0,24.17380839502571,1.016763784469594,1.2027503091510332,0.0,0.0,True,True,,non_residential,0,2.0,2.0,24.740588465598428,33.4900066657088
280819800001,28,0,0,1514.0,1431.200063127992,63.814349603432404,1.1106491141382113,5.6285317094085725,5.06778570995929,True,True,,non_residential,0,5.0,5.0,82.70272531652259,322.8191606530672
281210205001,28,740,0,745.0,45.23447154471545,2.5520212251000656,0.7737274902007176,2.1484456554897493,2.776747217463357,True,False,,non_residential,0,4.0,3.0,18.176346176410803,18.291398310525203
281210205002,28,3024,0,4270.0,1222.2354211382114,0.039106299402676695,4.5895009919562915,3.728944284386444,0.8124944936109422,True,False,zero_or_structural_denominator,non_residential,0,7.0,6.0,18.363527577609283,47.58438918031061
290190022001,29,1714,0,11777.0,7395.108355198427,158.90675732206364,0.11459550677242299,18.157656445491828,158.44998601517077,True,False,,non_residential,0,7.0,6.0,59.95118183360595,74.11143644533763
290190022003,29,2068,0,4729.0,1669.2699655624797,158.16373763341278,0.13321065014464487,10.813990465088025,81.17962380144388,True,False,,non_residential,0,6.0,5.0,74.11143644533763,153.99014704743922
290370601002,29,63,0,210.0,131.99246788564068,2.8073085471705186,1.1161410312420315,1.1702698649344825,1.0484964105586343,True,False,,non_residential,0,5.0,5.0,60.051994750710236,155.334064522953
290370612003,29,0,0,4.0,0.0,22.594819661916112,5.737414369828903,0.02231459766824416,0.003889312542177359,True,False,zero_or_structural_denominator,non_residential,0,4.0,4.0,28.642128183930147,100.56692270620158
290470223023,29,0,0,8383.0,6856.013444623273,389.27734637515346,3.231991671189564,25.665608191464273,7.941112107512891,True,False,,non_residential,0,9.0,9.0,111.34070237816293,321.7067746406477
290770006004,29,0,0,1132.0,758.1552257926764,51.55108599804069,0.31680184045323667,17.021360424662156,53.728729606842954,True,False,,non_residential,0,10.0,10.0,278.8431116150077,505.8563107897045
290770030031,29,0,0,2761.0,2338.7734867086583,252.85356005562997,0.5206209228504914,27.142558169080406,52.13497379335066,True,False,,non_residential,0,6.0,6.0,143.41950169785724,278.0840432632744
290950021002,29,0,0,533.0,166.577323590371,16.666776559758013,0.5852142695743882,9.709537127300383,16.591422376562843,True,False,,non_residential,0,8.0,8.0,323.23233405567487,507.10002486170146
290950096003,29,0,0,1368.0,935.7022865794046,107.64757296400315,1.6577226680781945,24.591868347827763,14.83473009169696,True,False,,non_residential,0,12.0,10.0,391.0796081547701,653.31180742636
290950101032,29,0,0,215.0,171.3594477125826,0.0,0.3163871667349083,4.186717685931602,13.23289351188992,True,False,zero_or_structural_denominator,non_residential,0,7.0,5.0,169.98545272970347,507.24089907135453
290950102033,29,0,0,167.0,117.1620409941844,22.594819661916112,0.4081177036754814,3.1145248508652177,7.631437751452609,True,False,,non_residential,0,7.0,6.0,134.3799625513777,432.69003767967854
290950136124,29,0,0,431.0,238.30918542354513,1.2760106125500328,0.23199913454428947,3.2939453603695457,14.198093311165865,True,False,,non_residential,0,4.0,3.0,47.63265222606625,106.5549866505106
290950155002,29,0,0,3672.0,2279.4791649208664,252.3354923972713,2.6135313030452485,41.02572118091655,15.697428660262831,True,False,,non_residential,0,9.0,9.0,206.7668126667508,429.2112684094516
290959801011,29,0,0,812.0,555.5234188635818,26.54455590158646,2.588275202545235,23.02635380963989,8.89640861489398,True,True,,non_residential,0,14.0,13.0,390.3438926656278,817.734895130361
290959808021,29,0,0,5015.0,3205.617203255848,112.97409830958057,1.0145421092299918,37.24091557786487,36.70711667762085,True,True,,non_residential,0,7.0,7.0,330.01389604338186,579.8095833537975
290959892001,29,21,5,21.0,15.0,5.0,1.6622624572589255,0.976187420939352,0.5872643135724109,True,True,,non_residential,0,5.0,5.0,93.77052527094227,195.47044269381885
291650302014,29,0,0,7760.0,4948.650681422277,1040.5269287250455,3.37016720899155,61.50117617668833,18.248701729873883,True,False,,non_residential,0,7.0,6.0,182.80211652500137,263.75929375419145
291650303064,29,0,0,13.0,10.245653584725211,0.0,5.558681502981881,0.10783962103357403,0.01940021585617469,True,False,zero_or_structural_denominator,non_residential,0,8.0,6.0,38.31677544523883,81.22534083898036
291650307003,29,0,0,599.0,89.84650066605185,0.0,12.244774359215109,0.7072034006822909,0.05775552737319879,True,False,zero_or_structural_denominator,non_residential,0,6.0,5.0,52.94310253895297,81.2495365145736
291659800001,29,0,0,3915.0,2756.080814291082,878.4323376235127,16.734211571341923,37.08637578310582,2.216200962023086,True,True,,non_residential,0,7.0,6.0,144.61871105734457,195.04361306550098
291839800001,29,9,5,2159.0,321.9202150527902,12.039133892481805,29.182564857411645,1.333513337836902,0.04569554952940412,True,True,,non_residential,0,15.0,15.0,15.262495476588684,27.668890503379473
291892131022,29,0,0,5.0,0.0,0.0,0.5551898074157569,0.0,0.0,True,False,zero_or_structural_denominator,non_residential,0,5.0,5.0,124.42348632733749,187.69691571467428
300290017032,30,33,4,33.0,12.0,4.0,46.57281998101528,0.5399896465467171,0.011594523302794117,True,False,,non_residential,0,7.0,7.0,52.011934556373625,202.43768097653233
300679806001,30,0,0,30.0,5.328916782891678,45.189639323832225,145.203319099407,0.0033310639693690533,2.2940687513407242e-05,True,True,,non_residential,0,5.0,5.0,50.50395707181034,58.65681019746188
300770002006,30,1517,0,1738.0,483.0012330456227,0.0,11.9835376387114,5.5830306697084024,0.4658916955935518,True,False,zero_or_structural_denominator,non_residential,0,1.0,1.0,37.819573890249416,37.819573890249416
301019800001,30,483,0,816.0,146.97111416781294,0.0,0.1366017854035631,0.5789873680749005,4.238505129083022,True,True,zero_or_structural_denominator,non_residential,0,1.0,1.0,82.6628998658035,82.6628998658035
310550074731,31,823,8,9109.0,3283.390290993892,199.19269851563112,1.460414040279127,27.89789904299112,19.10273270014511,True,False,,non_residential,0,12.0,12.0,70.91950105052871,204.60435053181385
311090006001,31,985,0,1228.0,0.8262468702334015,22.594819661916112,0.04880910437847531,7.093040132133195,145.3220710040565,True,False,zero_or_structural_denominator,non_residential,0,5.0,4.0,107.53725867160793,172.14248941034197
311090006002,31,1389,0,6344.0,33.87612167956946,112.97409830958057,0.22859178299471036,12.420033371811035,54.33280763245298,True,False,,non_residential,0,8.0,7.0,138.82107184915427,277.80250840959155
311090035001,31,53,0,330.0,194.99426137508274,45.189639323832225,0.3024376818471186,4.626587594382456,15.297655920802828,True,False,,non_residential,0,3.0,3.0,82.85781099380954,173.46800694915703
311090036011,31,1141,0,1703.0,299.92761389472474,0.0,0.07500497753250304,6.614949244676058,88.19347011749323,True,False,zero_or_structural_denominator,non_residential,0,4.0,4.0,96.10194151005739,262.41065075364423
311099832001,31,57,4,3272.0,2697.433562609722,207.2400587237894,5.902700070696464,8.634977105602553,1.4628859678082382,True,True,,non_residential,0,9.0,9.0,89.71442162760975,275.47552236217706
320030002033,32,198,0,14328.0,11672.950008796377,437.58014367984515,0.3345895668995948,55.14122223793795,164.80257513374585,True,False,,non_residential,0,8.0,8.0,141.38568704698764,309.9934654233828
320030007001,32,1560,0,9558.0,6802.427920628895,1689.3232036019292,0.08964983240791789,65.25369003043858,727.8729728520425,True,False,,non_residential,0,4.0,3.0,182.42605987462147,325.1399196887102
320030007002,32,0,0,8446.0,3046.2160742229094,1330.0718251580286,0.08529112513956677,49.56165854092062,581.0881080513362,True,False,,non_residential,0,3.0,2.0,253.78298978166583,325.1399196887102
320030024033,32,0,0,360.0,148.35732553079194,158.16373763341278,0.0870058048258762,10.49180957561489,120.5874665099879,True,False,,non_residential,0,7.0,7.0,202.384841816543,331.6059113419689
320030026031,32,353,0,17230.0,6068.792794377726,485.3373031069136,0.2960708572519277,28.65926140645825,96.79865716088356,True,False,,non_residential,0,6.0,6.0,310.91077534369936,423.65174366379733
320030026041,32,0,0,2176.0,1301.7947740256855,677.8445898574834,0.034845333710817696,17.649767576021052,506.5173926155197,True,False,,non_residential,0,4.0,4.0,295.7380052256746,351.3690928010709
320030026051,32,0,0,20.0,0.0,0.0,0.05473808912582228,0.0,0.0,True,False,zero_or_structural_denominator,non_residential,0,3.0,3.0,269.4606051147921,322.01540533655714
320030038004,32,0,0,590.0,493.98098500912045,235.41368782871277,0.11359550218166832,11.578329021227834,101.92594600014284,True,False,,non_residential,0,6.0,6.0,266.2994616925582,367.1256907489716
320030055013,32,169,0,323.0,173.62697987944333,0.0,3.574325289084049,1.7129630061458587,0.47924093852823896,True,False,zero_or_structural_denominator,non_residential,0,5.0,5.0,57.43429904354433,270.3036242522631
320030057022,32,28,9,6503.0,4905.640241113343,2694.4934130350925,5.185239634169595,66.20021055750384,12.767049399464382,True,False,,non_residential,0,6.0,6.0,240.58646478722858,454.0513975304342
320030057031,32,99,0,383.0,137.76037370716395,140.30078019922053,32.181087117036995,16.762454037989883,0.5208790485239907,True,False,,non_residential,0,4.0,4.0,75.9807792304239,308.07270983634396
320030058181,32,5322,0,6497.0,271.4449967129325,22.594819661916112,201.75475824867783,11.241244032594636,0.05571736761092377,True,False,,non_residential,0,7.0,7.0,81.82011380639116,96.29109604513503
320030060015,32,0,0,1578.0,222.53598829618792,0.15642519761070678,0.12134881962836502,4.0710311820039315,33.548172899181104,True,False,zero_or_structural_denominator,non_residential,0,5.0,4.0,126.47539593104017,274.146505103152
320030067002,32,0,0,313.0,123.08767118214057,22.594819661916112,0.05446974812560047,5.48581712546555,100.71309881617108,True,False,,non_residential,0,4.0,4.0,126.90602582412376,242.9303971051899
320030078021,32,0,0,1314.0,576.3111491773071,141.20318298109422,46.740817277342636,17.677239158211464,0.3781970489159678,True,False,,non_residential,0,7.0,6.0,79.22267374144832,270.3036242522631
320030078022,32,517,4,8679.0,1724.7061954277353,607.2764110695391,5.85431838140755,34.1349364638396,5.830727719258849,True,False,,non_residential,0,14.0,12.0,188.3456083698398,309.742265417594
320059900000,32,0,0,0.0,0.0,0.0,0.0,0.0,,True,False,zero_or_structural_denominator,non_residential,0,9.0,6.0,44.60702603602414,104.72998919883607
320239805001,32,0,0,426.0,475.0637104994903,0.0,4180.103116766818,2.387745836612751,0.0005712169699917832,True,True,zero_or_structural_denominator,non_residential,0,6.0,6.0,90.02531988661917,159.16584520452335
320279601005,32,1637,0,2079.0,75.52833638025594,0.0,3.547522463336714,5.0976792288887385,1.4369688371455678,True,False,zero_or_structural_denominator,non_residential,0,2.0,2.0,121.66207148102428,161.17113528157438
320319800001,32,159,0,18631.0,12687.29805282437,1646.848892459748,3.9785572606354553,183.04289927904188,46.00735575433348,True,True,,non_residential,0,12.0,12.0,158.033328694488,399.76567877385423
320319801001,32,0,0,2486.0,1871.4470149733309,102.1370326469605,5.881725457033083,9.32891231212039,1.58608428432601,True,True,,non_residential,0,8.0,8.0,75.21575418272025,86.70982178835114
320319802001,32,0,0,15.0,0.0,0.0,27.161483764494967,0.0,0.0,True,True,zero_or_structural_denominator,non_residential,0,10.0,10.0,72.86249590879726,149.61683665202028
320319900000,32,0,0,9.0,0.0,0.0,0.0,0.0,,True,False,zero_or_structural_denominator,non_residential,0,8.0,6.0,34.46565589356049,58.901616558077706
320319901000,32,0,0,0.0,0.0,0.0,0.0,0.0,,True,False,zero_or_structural_denominator,non_residential,0,1.0,1.0,164.14266632005365,164.14266632005365
325100006013,32,0,0,610.0,0.0,0.0,0.1617281555782895,0.0,0.0,True,False,zero_or_structural_denominator,non_residential,0,4.0,4.0,25.30200252142604,37.37279944091357
325109900000,32,0,0,0.0,0.0,0.0,0.0,0.0,,True,False,zero_or_structural_denominator,non_residential,0,5.0,2.0,44.60702603602414,55.757467525643364
330119801011,33,0,0,3666.0,2851.7617054802063,356.57517790502624,0.9002910055830334,18.34487767770461,20.376608856404562,True,True,,non_residential,0,4.0,3.0,139.6370992119878,140.95004062616843
330159800111,33,0,0,3234.0,2559.613169011626,559.289358414488,1.4903964173024717,9.522458256346864,6.389211719645665,True,True,,non_residential,0,5.0,4.0,47.46429701457801,140.95004062616843
330159900000,33,0,0,0.0,0.0,0.0,0.0,24.0,,True,False,zero_or_structural_denominator,non_residential,0,12.0,10.0,41.40542913750708,132.929826929305
340019834001,34,2678,5,10342.0,1237.4961609577235,254.81902689362727,2.803034489606209,16.846352404745154,6.010041070565583,True,True,,non_residential,0,5.0,5.0,91.89904515390354,132.03856961374436
340019900000,34,0,0,0.0,0.0,0.0,0.0,0.0,,True,False,zero_or_structural_denominator,non_residential,0,20.0,18.0,124.82730239873601,589.4663605153934
340057001043,34,0,0,75.0,13.444158859830303,93.88830783217703,0.6125900709250747,0.6023800836561791,0.9833330839765695,True,False,,non_residential,0,6.0,5.0,212.15411907042483,340.3005036076239
340057003034,34,0,0,1595.0,1261.3784342017254,309.0190784422845,0.3682696442957802,29.548089339734638,80.23493056626393,True,False,,non_residential,0,4.0,4.0,137.43957185114436,191.79283579253755
340057011032,34,0,0,1459.0,1160.9426591900522,195.88921739958738,1.388853480103428,13.527004585051348,9.739691608105407,True,False,,non_residential,0,7.0,6.0,94.11030061560493,179.95149933959215
340057011051,34,310,0,5140.0,3239.2514523449954,668.246739766442,1.7527906720776414,22.214075393050933,12.673547244931335,True,False,,non_residential,0,7.0,7.0,76.12722315561442,143.77059670149714
340057013035,34,0,0,1479.0,823.2570219460791,323.21882118184107,1.0489627305663578,8.243280279899349,7.858506350791531,True,False,,non_residential,0,7.0,6.0,27.911810641323733,45.64704626081572
340057029103,34,0,0,4421.0,2528.292698522205,755.9892133537473,0.8689866147686679,41.897037272063635,48.21367390476665,True,False,,non_residential,0,9.0,9.0,39.55589552864201,110.0498159775337
340057040044,34,0,0,5676.0,4491.930724931537,733.9563791512071,0.3483236067828898,50.76526490685803,145.74167216435615,True,False,,non_residential,0,11.0,11.0,39.52836550699534,220.96786102804805
340057048013,34,0,0,18.0,0.0,0.0,1.5789338893914846,0.0,0.0,True,False,zero_or_structural_denominator,non_residential,0,4.0,3.0,35.61842990358674,98.23249368657483
340057048014,34,408,0,795.0,0.0,0.0,4.41376080294052,0.8411006315230647,0.19056325638732158,True,False,zero_or_structural_denominator,non_residential,0,8.0,4.0,76.50117928128587,120.05941434438958
340057048015,34,0,0,4.0,0.0,0.0,2.4319073032346856,0.0,0.0,True,False,zero_or_structural_denominator,non_residential,0,6.0,3.0,17.573669385173204,35.61842990358674
340057048016,34,0,0,13.0,0.0,0.0,4.716898874103325,0.0,0.0,True,False,zero_or_structural_denominator,non_residential,0,7.0,4.0,39.927103343070314,59.51458402976574
340059818021,34,993,6,2509.0,59.449972446459896,6.0,0.9481653566355562,0.5042919374036776,0.5318607496830439,True,True,,non_residential,0,5.0,5.0,37.11160781937894,56.99879478254808
340059822001,34,0,0,102.0,79.87412028487415,50.0528917197002,0.19806963515365328,0.3544872666295463,1.7897103024123384,True,True,,non_residential,0,3.0,1.0,30.003028957659687,30.003028957659687
340059822002,34,0,0,262.0,118.62493111614974,0.07821259880535339,1.48257321536507,0.23365734112074954,0.15760256471597836,True,True,zero_or_structural_denominator,non_residential,0,5.0,4.0,40.61443354113487,93.487774532806
340076018002,34,0,0,1209.0,448.9479311728468,13.530779593326136,0.4900076549000065,5.535259172597233,11.296270817905462,True,False,,non_residential,0,10.0,8.0,352.6826442948697,407.56947971880845
340076032012,34,0,0,6012.0,2109.0643897372956,2002.9081207064603,0.26140621935133135,137.2673366982898,525.1112121161959,True,False,,non_residential,0,5.0,4.0,270.7444601553048,289.8347664407004
340076033012,34,0,0,1677.0,410.0746807656903,199.6970327286499,0.1522582279344904,14.702210673464542,96.56102578436823,True,False,,non_residential,0,5.0,4.0,270.7444601553048,349.5823480572819
340076064002,34,4,1,673.0,2.0,23.594819661916112,0.2728217157722782,12.001102018798091,43.98880780009206,True,False,,non_residential,0,3.0,3.0,92.8463116301226,101.91180692523875
340076075022,34,0,0,4525.0,2349.9260981424222,1112.783489018311,0.29119824801048994,75.66473101552856,259.83923849982386,True,False,,non_residential,0,5.0,5.0,70.07934773674032,137.6311222325699
340076089041,34,0,0,0.0,0.0,0.0,4.833282806074349,0.0,0.0,True,False,zero_or_structural_denominator,non_residential,0,5.0,4.0,15.953909413456781,22.72672218100251
340076089043,34,0,0,0.0,0.0,0.0,8.723287150534448,0.0,0.0,True,False,zero_or_structural_denominator,non_residential,0,6.0,5.0,14.50020767040627,35.61883163295898
340076092053,34,0,0,20.0,15.244411924375104,0.0,3.7599543265856923,0.24627483392172483,0.0654994216765819,True,False,zero_or_structural_denominator,non_residential,0,4.0,4.0,78.99450205964314,159.08072828171692
340076103004,34,0,0,2206.0,405.50135718837777,78.38226612387372,0.2237944636741981,7.418649209489772,33.14938666351418,True,False,,non_residential,0,4.0,3.0,342.045030781519,362.1673763831545
340076104001,34,1035,0,1892.0,60.215427101281655,0.0,0.008224748182338181,3.7380357476236603,454.4863459346653,True,False,zero_or_structural_denominator,non_residential,0,4.0,4.0,181.02444479366602,362.1673763831545
340076105001,34,0,0,1293.0,163.87742818703236,94.163243069504,1.0850200389529974,7.76384287172897,7.155483394777464,True,False,,non_residential,0,16.0,12.0,248.0556329479772,516.3226625399875
340076106002,34,0,0,2620.0,2009.2134916326386,714.83986730054,0.4667951931254233,89.26900627339032,191.23805812071552,True,False,,non_residential,0,9.0,9.0,308.04828863517366,825.460105306239
340076108003,34,0,0,6691.0,3787.4741426109945,568.260239772154,1.6110189787705242,63.8098122541675,39.60835539185579,True,False,,non_residential,0,12.0,9.0,178.85822145520686,310.978759485355
340076110005,34,0,0,948.0,289.64382656312694,159.86395481258654,0.32577215190381703,5.075833491226678,15.580931216997636,True,False,,non_residential,0,9.0,7.0,99.27199724048847,1068.7268501452922
340076111001,34,0,0,2527.0,1941.3758585691694,131.50669140497166,0.5500658456690753,10.118632560460114,18.39531147066996,True,False,,non_residential,0,6.0,6.0,89.22374212314996,209.15361626980655
340076113004,34,16,0,460.0,192.84181084334506,4.653649628918527,0.7284234212179453,0.6561688936261952,0.9008069681903714,True,False,,non_residential,0,4.0,4.0,62.30501494323158,80.15065183783717
340076114002,34,10,5,88.0,18.0,5.0,0.9545870077372672,0.003263524851009703,0.003418781970168956,True,False,,non_residential,0,3.0,3.0,125.54158329219267,127.4636344486461
340076115003,34,378,0,637.0,40.397691599594026,0.0,1.1883282352211262,1.3506169823862302,1.1365689565853874,True,False,zero_or_structural_denominator,non_residential,0,3.0,3.0,93.33963888124923,109.51558734174539
340099901000,34,0,0,0.0,0.0,0.0,0.0,0.0,,True,False,zero_or_structural_denominator,non_residential,0,47.0,43.0,70.08512524934416,470.6893671276614
340110101031,34,2977,0,3344.0,219.84483780536644,0.0,1.6697532252377794,2.376395283490473,1.423201493233867,True,False,zero_or_structural_denominator,non_residential,0,2.0,2.0,16.72509708648733,27.45506726389572
340110104021,34,1042,0,1129.0,5.340360432519023,22.594819661916112,0.42227452542243527,0.8513806516756541,2.016178103152089,True,False,,non_residential,0,1.0,1.0,12.977670940542149,12.977670940542149
340110205021,34,2473,0,3402.0,0.0,0.0,0.1366079630381006,14.906695453641136,109.12025274458992,True,False,zero_or_structural_denominator,non_residential,0,2.0,2.0,197.07772906713308,378.97096929500736
340119900000,34,0,0,8.0,0.0,0.0,0.0,0.0,,True,False,zero_or_structural_denominator,non_residential,0,11.0,8.0,12.210944609107433,32.554639952958155
340130022032,34,0,0,501.0,13.316512506157299,93.88830783217703,0.02760437382857329,1.1832267773028744,42.86374270435782,True,False,,non_residential,0,3.0,3.0,67.16565332960437,88.63470501141215
340130074001,34,3149,0,8038.0,2450.84359715595,655.7755615579964,1.2659054253341728,42.7795936442465,33.793672724764235,True,False,,non_residential,0,7.0,5.0,137.7649905546014,175.50557381241788
340139801001,34,2297,0,3877.0,133.77042108458014,181.30604548696638,0.5639720871151026,15.033211073591954,26.655948790819828,True,True,,non_residential,0,5.0,3.0,155.9836743445078,175.46499038756437
340155002046,34,0,0,761.0,544.9506243945859,29.8294850514113,0.18604525562860597,1.8981824350672762,10.202799467547482,True,False,,non_residential,0,4.0,3.0,39.833141870482294,80.76834575676304
340155002047,34,0,0,4988.0,2242.059468021049,101.92395913469826,0.8658908476610729,11.186620407168704,12.91920388971171,True,False,,non_residential,0,7.0,5.0,39.833141870482294,75.51813285466984
340155002052,34,0,0,996.0,586.1857606618321,13.804523689144872,1.3436362841063392,2.6078004798414534,1.940852975383824,True,False,,non_residential,0,6.0,5.0,70.30973608332155,209.85444510029447
340155005003,34,0,0,1338.0,492.39603895593893,16.61359899041927,1.4434189815643594,1.950378418403217,1.3512212623734663,True,False,,non_residential,0,4.0,4.0,69.05147064429633,112.48816687475471
340155011024,34,0,0,2350.0,1347.822983480378,1075.8359011399552,0.5670203636571907,63.32661769724922,111.68314536148695,True,False,,non_residential,0,5.0,4.0,137.330237702142,206.6619820997281
340155011033,34,0,0,3966.0,1798.1753540853995,1570.3471259430796,0.5257777032806533,125.55934249596676,238.80689826237233,True,False,,non_residential,0,8.0,7.0,84.06941119301878,419.28361427392036
340155011063,34,0,0,5114.0,827.9368536796084,79.77078413301733,0.9177103905700942,6.919411970629367,7.539864473290898,True,False,,non_residential,0,4.0,4.0,51.98241523517724,306.6732986609685
340155014022,34,0,0,0.0,0.0,0.0,1.3362350918282788,0.0,0.0,True,False,zero_or_structural_denominator,non_residential,0,4.0,4.0,49.31381739457548,129.2069499305543
340155014041,34,3673,0,12973.0,2594.5794565018195,384.74993955884895,0.33561466813065793,25.242634093091436,75.21314319690056,True,False,,non_residential,0,5.0,5.0,92.46815331050927,184.7362502771689
340155020026,34,0,0,398.0,61.44843835903343,50.13944932832776,0.5891409285272743,0.6480451177573173,1.0999831897221788,True,False,,non_residential,0,5.0,5.0,41.527702368519975,69.74608509540478
340155024004,34,0,0,4258.0,2506.449459381627,244.63291626024915,1.5393059082421812,10.87805332712561,7.066856086811141,True,False,,non_residential,0,5.0,4.0,46.220836058616754,84.42980448927464
340155024005,34,0,0,4906.0,3829.207948268189,447.9972030221786,1.5830999316826981,22.368089331727504,14.129297136632532,True,False,,non_residential,0,7.0,6.0,28.222625451687342,84.42980448927464
340170048001,34,0,0,2111.0,343.6042464824325,631.8674931750179,0.18650587550380687,29.43811519812415,157.840149103095,True,False,,non_residential,0,6.0,6.0,206.120883138108,343.3576765425893
340170158011,34,0,0,144.0,13.126454360003038,45.189639323832225,0.048343851277371314,0.09282897624505666,1.9201816527287692,True,False,,non_residential,0,8.0,8.0,76.01854129488704,165.20750498146526
340179801001,34,0,0,2546.0,760.1761363189995,295.93312328660966,1.1534052949764315,19.519173055334846,16.92308258020759,True,True,,non_residential,0,10.0,5.0,119.97134872303482,207.83248939855065
340210009002,34,0,0,3154.0,329.11227727605564,45.189639323832225,0.02748236554645805,4.594985036328716,167.19758088367766,True,False,,non_residential,0,4.0,2.0,168.89443585381207,234.6559222695093
340210009003,34,0,0,43755.0,33827.49838635316,704.5020791534657,0.04498823741704359,281.93889593848195,6266.946920478167,True,False,,non_residential,0,5.0,3.0,118.40407585337545,149.15458702967376
340210010004,34,0,0,175.0,24.148699590486263,22.594819661916112,0.13307898930856482,1.5768020649233645,11.848617675231196,True,False,,non_residential,0,8.0,5.0,217.12239378632813,475.10152689001984
340210010005,34,0,0,250.0,0.0,90.37927864766445,0.04350483292373107,0.8432124151558497,19.382040074354432,True,False,zero_or_structural_denominator,non_residential,0,5.0,4.0,201.33662781717132,475.10152689001984
340210025005,34,0,0,497.0,55.19702763539718,0.43016929342944366,2.104516611082049,1.2513711215579406,0.5946121379933139,True,False,zero_or_structural_denominator,non_residential,0,10.0,9.0,110.65261213848193,292.707365332825
340210032014,34,1788,0,3931.0,714.8015078783934,182.03456790787894,0.16035980952823758,5.338742716384225,33.29227399365382,True,False,,non_residential,0,2.0,2.0,23.245945244933225,27.351062295261734
340210037033,34,2690,0,7190.0,401.55837604751446,78.63054919242362,0.2216342220968729,17.011522165660885,76.75494336892346,True,False,,non_residential,0,3.0,3.0,59.191295226105915,77.66411560982515
340210043141,34,0,0,1545.0,1072.2022618175902,699.2895914918938,0.17242125486050977,35.44085142737173,205.54804253132062,True,False,,non_residential,0,5.0,3.0,89.90444478918934,119.0198941237663
340210043142,34,0,0,7151.0,2119.5658611992512,1522.618488118104,0.557397539558589,88.0362611499855,157.94160343747242,True,False,,non_residential,0,7.0,6.0,56.19877901826651,196.0736629339566
340210043145,34,0,0,9696.0,7176.993518292517,476.29337686769935,0.7679131777944727,61.47252982975656,80.05140634037838,True,False,,non_residential,0,6.0,5.0,68.70467209226882,119.0198941237663
340210045014,34,2101,0,5554.0,78.65576438044097,114.96851957911709,0.10329043556883356,3.967161438688101,38.40782950367513,True,False,,non_residential,0,5.0,5.0,22.493113247343665,107.50235082630981
340219800001,34,821,0,2016.0,33.808179426680766,0.0,0.025298571737458673,6.035161616319192,238.5574047005645,True,True,zero_or_structural_denominator,non_residential,0,4.0,4.0,177.3874688038415,292.707365332825
340230014191,34,6,6,5231.0,713.7512409896385,52.17344906681524,0.16843899719678637,4.0334905793321445,23.94629893586839,True,False,,non_residential,0,5.0,5.0,60.48173152493106,192.1059601853115
340230018062,34,0,0,7428.0,33.999814518129696,22.594819661916112,0.5391105830211708,1.0320031803947587,1.9142699344008836,True,False,,non_residential,0,6.0,3.0,69.63160127637993,107.1469305569594
340230018065,34,0,0,10078.0,2216.9266813351915,230.1936215434502,2.301658442748604,21.941249077662807,9.532799771742376,True,False,,non_residential,0,10.0,8.0,72.89908334792253,157.15355482491742
340230018066,34,0,0,19015.0,13227.315595083805,885.2342262627701,3.2774301037235265,153.71593355465612,46.90136133796344,True,False,,non_residential,0,10.0,6.0,73.83409693870902,151.59440210487483
340230034015,34,0,0,1335.0,56.89764878544153,45.189639323832225,1.0004362529679722,1.3120104174352938,1.3114382985852235,True,False,,non_residential,0,7.0,5.0,58.525620931695116,76.79614161417331
340230062092,34,613,0,1851.0,193.59078062363642,201.00280302038254,0.43753752985375677,5.504357293799361,12.580308929474336,True,False,,non_residential,0,6.0,6.0,39.32249127820691,72.80608205665918
340230082066,34,0,0,530.0,367.75309580834164,144.5242605347096,0.20196193101442464,1.1155941677778527,5.523784419045657,True,False,,non_residential,0,4.0,4.0,17.375127069787062,24.00968464382666
340230088012,34,3297,0,4928.0,65.22413397355493,293.73265560490944,0.4549437873674254,10.280362351691322,22.59699469945418,True,False,,non_residential,0,5.0,5.0,27.493757063510298,33.09443447785211
340230090004,34,0,0,2181.0,1513.3386829396095,69.56791388545572,0.48947251730819724,6.101563939597403,12.46559045470482,True,False,,non_residential,0,7.0,7.0,55.09057256282019,78.57871297610805
340230091013,34,0,0,1482.0,305.9983306631673,33.29544843051123,0.4163513322074672,3.7151413543961636,8.923092270892303,True,False,,non_residential,0,7.0,4.0,74.06403182643581,100.66669875208711
340259900000,34,0,0,0.0,0.0,0.0,0.0,0.0,,True,False,zero_or_structural_denominator,non_residential,0,35.0,32.0,81.72239584819968,287.4543458105257
340297224010,34,0,0,0.0,0.0,0.0,0.0,0.0,,True,False,zero_or_structural_denominator,non_residential,0,11.0,10.0,42.939131695868,55.47924707863792
340297225000,34,0,0,0.0,0.0,0.0,0.0,0.0,,True,False,zero_or_structural_denominator,non_residential,0,8.0,6.0,55.6084552731093,117.58179002079213
340297270010,34,0,0,9.0,0.0,0.0,0.0,0.0,,True,False,zero_or_structural_denominator,non_residential,0,7.0,6.0,49.121144949451335,58.08702328710816
340297310020,34,0,0,0.0,0.0,0.0,0.0,0.0,,True,False,zero_or_structural_denominator,non_residential,0,5.0,3.0,42.63598264477476,44.241978947806906
340297321040,34,0,0,0.0,0.0,0.0,0.0,0.0,,True,False,zero_or_structural_denominator,non_residential,0,10.0,7.0,36.59748921442016,88.81903180456266
340297330010,34,0,0,0.0,0.0,0.0,0.0,0.0,,True,False,zero_or_structural_denominator,non_residential,0,9.0,6.0,22.729334243692165,87.74685594120791
340297340020,34,0,0,0.0,0.0,0.0,0.0,0.0,,True,False,zero_or_structural_denominator,non_residential,0,5.0,4.0,29.53814969293329,87.74685594120791
340297360010,34,0,0,0.0,0.0,0.0,0.0,0.0,,True,False,zero_or_structural_denominator,non_residential,0,6.0,4.0,47.78393788951769,345.17550102381523
340297380010,34,0,0,0.0,0.0,0.0,0.0,0.0,,True,False,zero_or_structural_denominator,non_residential,0,7.0,6.0,115.37299373183362,345.17550102381523
340299800001,34,0,0,5.0,0.0,22.594819661916112,3.849769410717488,0.04096092297868632,0.010639838028909988,True,True,zero_or_structural_denominator,non_residential,0,8.0,4.0,65.9944174445074,169.2464761787462
340299801001,34,0,0,1.0,0.0,0.0,8.115123354755479,0.0,0.0,True,True,zero_or_structural_denominator,non_residential,0,8.0,6.0,50.542793506633885,345.17550102381523
340299900000,34,0,0,0.0,0.0,0.0,0.0,0.0,,True,False,zero_or_structural_denominator,non_residential,0,35.0,31.0,92.05644166558017,1332.8635175326754
340312239001,34,51,0,318.0,355.5465078709403,19.353232700512745,0.3323100197552645,0.8615789815800932,2.5926963689347016,True,False,,non_residential,0,3.0,3.0,19.251939281754982,116.03055922551863
340339900000,34,0,0,0.0,0.0,0.0,0.0,0.0,,True,False,zero_or_structural_denominator,non_residential,0,4.0,1.0,18.22288287794111,18.22288287794111
340399800001,34,109,9,20149.0,12687.514004578554,3643.08415536773,5.1180671250263,411.5181635848066,80.40499538831115,True,True,,non_residential,0,16.0,15.0,126.12542378360706,338.3216331308996
350010037413,35,0,0,7.0,0.0,0.0,4.170219530467265,0.0,0.0,True,False,zero_or_structural_denominator,non_residential,0,7.0,6.0,69.58642335644012,83.90890213969205
350010037421,35,0,0,0.0,0.0,0.0,8.791641132283036,0.0,0.0,True,False,zero_or_structural_denominator,non_residential,0,6.0,5.0,83.90890213969205,182.4531405285954
350019408001,35,0,0,54.0,0.0,225.94819661916114,7.185950363301089,1.4574757078866594,0.2028229578832107,True,False,zero_or_structural_denominator,non_residential,0,5.0,2.0,184.3700275884417,251.26573543230214
350019408002,35,0,0,0.0,0.0,0.0,0.8510896214114281,0.0,0.0,True,False,zero_or_structural_denominator,non_residential,0,4.0,2.0,184.3700275884417,251.26573543230214
350019408003,35,0,0,0.0,0.0,0.0,0.7012781228559386,0.0,0.0,True,False,zero_or_structural_denominator,non_residential,0,4.0,1.0,117.4743197445813,117.4743197445813
350019408004,35,0,0,8.0,0.0,90.37927864766445,0.2008372154264446,0.5093209658030675,2.535988983523839,True,False,zero_or_structural_denominator,non_residential,0,3.0,1.0,117.4743197445813,117.4743197445813
350019803001,35,0,0,555.0,383.9609768824368,91.97429191335199,0.3356984522990725,17.28440917992426,51.48790249567681,True,True,,non_residential,0,9.0,9.0,394.49778369709765,767.7369075662955
350019805001,35,1254,0,2573.0,319.56500591682897,0.0,0.2402582458187424,3.151185866660322,13.115828161992265,True,True,zero_or_structural_denominator,non_residential,0,1.0,1.0,117.4743197445813,117.4743197445813
350019806001,35,16,8,89.0,82.00587023974805,21.515430329983374,15.376685648182377,22.529926939351945,1.4652004635352045,True,True,,non_residential,0,16.0,15.0,117.4743197445813,228.4538319804975
350019806002,35,0,0,28.0,0.0,0.0,0.5342352710646228,0.0,0.0,True,True,zero_or_structural_denominator,non_residential,0,3.0,2.0,159.77192432067812,189.01755151893306
350130010002,35,1910,0,2132.0,379.4913527029996,204.94839022293257,0.5066722101670189,15.088512975939683,29.77963399841077,True,False,,non_residential,0,8.0,7.0,189.4689386830868,656.1749709781094
350130010003,35,580,0,13741.0,308.22940185605626,0.0,0.6965908426506252,6.153603967732003,8.83388582071605,True,False,zero_or_structural_denominator,non_residential,0,6.0,5.0,63.683180063027024,277.60552452953357
350319800001,35,0,0,86.0,7.886110286949519,0.0,21.037449473078855,0.0,0.0,True,True,zero_or_structural_denominator,non_residential,0,5.0,5.0,37.51099970438189,60.48846461592958
350430107292,35,0,0,5152.0,4103.678358404376,309.1320429449484,0.46919829296050325,49.10034907500333,104.6473310147711,True,False,,non_residential,0,7.0,7.0,56.91856771555502,274.5716028215411
350439403001,35,0,0,0.0,0.0,0.0,0.7635733895318926,0.0,0.0,True,False,zero_or_structural_denominator,non_residential,0,2.0,2.0,53.00378806033288,92.63141958647456
350439800001,35,0,0,937.0,240.22307893741453,110.47644579532746,0.3138114792349375,8.31534031196057,26.497884437602817,True,True,,non_residential,0,6.0,6.0,133.47448857513103,405.8352874488701
350499800001,35,695,0,1458.0,506.4244556113903,0.0,1.0375534117799483,2.793315029798488,2.6922132374915404,True,True,zero_or_structural_denominator,non_residential,0,3.0,3.0,43.12174637395434,123.84576801074138
350559401013,35,34,5,52.0,25.596003475238923,5.0,0.09264212413701003,0.473287581243662,5.108772986937441,True,False,,non_residential,0,1.0,1.0,116.83145869031468,116.83145869031468
350579800001,35,105,0,107.0,0.0,0.0,0.9820801841441659,0.1900218114014059,0.19348910045160972,True,True,zero_or_structural_denominator,non_residential,0,2.0,2.0,59.76785618340038,62.35768750499288
350619801001,35,7,7,82.0,70.1418619379354,8.564251976107068,2.3194959763734206,0.46600605571291426,0.20090832683466184,True,True,,non_residential,0,1.0,1.0,162.05869961744244,162.05869961744244
350619802001,35,1145,0,1576.0,289.8328055731476,0.0,0.2011572941159178,2.7770196138780805,13.805214601255328,True,True,zero_or_structural_denominator,non_residential,0,3.0,3.0,194.23464469374764,251.576822561875
350619803001,35,0,0,1714.0,1558.3888537048765,408.3575406526466,2.4649028215036863,26.958744167566515,10.937041384504008,True,True,,non_residential,0,4.0,4.0,170.63361477688687,280.0157781050372
350619804001,35,0,0,5.0,0.0,0.0,2.4731654076975667,0.0,0.0,True,True,zero_or_structural_denominator,non_residential,0,1.0,1.0,280.0157781050372,280.0157781050372
360039402001,36,0,0,2.0,0.0,0.0,0.5902888102447699,0.0,0.0,True,False,zero_or_structural_denominator,non_residential,0,3.0,2.0,37.44110960993203,50.65148923199565
360050001000,36,0,0,0.0,0.0,0.0,0.0,0.0,,True,False,zero_or_structural_denominator,non_residential,0,5.0,0.0,,
360050001001,36,2953,0,16153.0,1975.398291221443,0.6380053062750164,0.6475744014129857,12.59475420245347,19.4491230273651,True,False,zero_or_structural_denominator,non_residential,0,4.0,0.0,,
360050002000,36,0,0,0.0,0.0,0.0,0.0,0.0,,True,False,zero_or_structural_denominator,non_residential,0,8.0,3.0,90.36257031560372,179.15521385486028
360050004000,36,0,0,4.0,0.0,0.0,0.0,0.0,,True,False,zero_or_structural_denominator,non_residential,0,8.0,3.0,124.35644640502599,167.25472351227512
360050019031,36,0,0,1234.0,166.82504987295906,136.1694341176795,0.06317557959754495,16.129718691919788,255.3157215916797,True,False,,non_residential,0,2.0,1.0,468.60543905046916,468.60543905046916
360050019032,36,0,0,2015.0,450.5392233191118,158.42960263352848,0.28769050989967676,49.78718904252438,173.05815565444317,True,False,,non_residential,0,13.0,6.0,388.22156124725007,597.6208860093155
360050019040,36,0,0,35.0,0.0,0.0,0.0,0.0,,True,False,zero_or_structural_denominator,non_residential,0,8.0,0.0,,
360050019041,36,0,0,0.0,0.0,0.0,0.004668361199542341,0.0,0.0,True,False,zero_or_structural_denominator,non_residential,0,1.0,0.0,,
360050019042,36,0,0,39.0,0.0,0.0,0.02702251787557434,0.0,0.0,True,False,zero_or_structural_denominator,non_residential,0,1.0,0.0,,
360050024000,36,0,0,0.0,0.0,0.0,0.0,0.0,,True,False,zero_or_structural_denominator,non_residential,0,6.0,3.0,212.85494391784047,405.46044626458735
360050024001,36,105,0,357.0,65.27936734159267,51.35942715513882,0.2669684070480154,18.302664013443295,68.55741552277189,True,False,,non_residential,0,13.0,10.0,237.975139911791,849.8482618992379
360050041003,36,75,0,620.0,166.26710656234715,46.14664728324475,0.003206964529269596,5.776579164199233,1801.2606972971043,True,False,,non_residential,0,5.0,5.0,296.058601448318,359.2032583963181
360050042006,36,0,0,928.0,94.01344783810568,217.87160248097376,0.04307587342553476,209.89231384605324,4872.618873506859,True,False,,non_residential,0,7.0,7.0,212.7934587581589,682.4591823055596
360050060002,36,0,0,1129.0,59.69993423547364,1.2760106125500328,0.09259540577582034,46.550689263659685,502.7321698482753,True,False,,non_residential,0,13.0,11.0,330.6975401270613,972.8801867017635
360050061001,36,0,0,1045.0,212.0184580325232,540.205759446565,0.01884641856521882,40.78152781387694,2163.8874077189125,True,False,,non_residential,0,8.0,8.0,190.11922120906024,369.1136390847812
360050061004,36,0,0,4939.0,191.65352719518873,136.55887997239574,0.057959725537118395,34.101654966266466,588.3681237314898,True,False,,non_residential,0,11.0,9.0,308.2043654969002,570.5636159649004
360050063016,36,129,0,6451.0,777.4940033376871,1270.039209096997,0.13902650695952423,732.4340345026568,5268.304947889509,True,False,,non_residential,0,11.0,5.0,427.05142043795473,570.5636159649004
360050063021,36,0,0,3119.0,167.94093649418286,498.36204317470447,0.10152015717168679,179.95985482720394,1772.6514599742306,True,False,,non_residential,0,13.0,10.0,327.62184967051905,693.0624365214046
360050067001,36,69,0,707.0,56.073302716496265,271.42684245025634,0.0197421755731535,119.98674288653088,6077.685939015529,True,False,,non_residential,0,7.0,7.0,307.0534409054973,926.6924793019207
360050090000,36,0,0,69.0,0.0,0.0,0.0,0.0,,True,False,zero_or_structural_denominator,non_residential,0,9.0,2.0,369.0316291059729,570.8085346996706
360050090001,36,36,8,4181.0,1197.723931876011,118.42098986460965,0.15421653808287175,46.29019746077064,300.16364026986236,True,False,,non_residential,0,12.0,10.0,184.71920719412935,570.8085346996706
360050093020,36,0,0,123.0,0.0,0.0,0.0,0.0,,True,False,zero_or_structural_denominator,non_residential,0,8.0,0.0,,
360050093021,36,319,0,4791.0,1084.3628241742338,522.6971422324389,0.33600772012810515,207.01473977359862,616.1011410531665,True,False,,non_residential,0,6.0,1.0,299.21468083194765,299.21468083194765
360050093022,36,0,0,4782.0,1144.6207017203194,442.55336579765776,0.34485718160304607,96.0043542006622,278.3887340098073,True,False,,non_residential,0,11.0,6.0,309.83702381843443,1283.4781870414263
360050110000,36,0,0,0.0,0.0,0.0,0.0,0.0,,True,False,zero_or_structural_denominator,non_residential,0,7.0,1.0,62.019891682687,62.019891682687
360050110001,36,0,0,386.0,42.40369160650464,45.189639323832225,0.7989017370431095,21.282934536597548,26.640240657593036,True,False,,non_residential,0,15.0,12.0,154.3105615986708,716.0385080251262
360050117012,36,0,0,983.0,82.85458162586762,214.18539589398424,0.052364333054795376,40.14455433804264,766.6392751729379,True,False,,non_residential,0,7.0,5.0,238.15805068410742,319.2228289395855
360050117020,36,0,0,2.0,0.0,0.0,0.0,0.0,,True,False,zero_or_structural_denominator,non_residential,0,8.0,2.0,309.1576950912139,405.46044626458735
360050117021,36,0,0,6440.0,1840.6549817086686,689.3260867216738,0.438919775581518,60.467294217335414,137.76388666294025,True,False,,non_residential,0,6.0,2.0,199.27873775278044,212.85494391784047
360050118000,36,0,0,166.0,0.0,0.0,0.0,0.32535130668450535,,True,False,zero_or_structural_denominator,non_residential,0,10.0,4.0,69.96277513598896,123.97564011494782
360050123004,36,0,0,78.0,0.0,0.0,0.003401946119358826,1.3509667954681635,397.1158707601118,True,False,zero_or_structural_denominator,non_residential,0,5.0,3.0,309.26130803262015,361.79901175377927
360050123005,36,0,0,19.0,0.0,22.594819661916112,0.016134437003264855,8.241569203246144,510.8061224310731,True,False,zero_or_structural_denominator,non_residential,0,9.0,6.0,349.69958200277415,493.7771825168185
360050123006,36,0,0,89.0,2.2317732424476127,0.0,0.042829154146194134,24.73673649102343,577.5677102234243,True,False,zero_or_structural_denominator,non_residential,0,9.0,7.0,405.46044626458735,804.2710467218336
360050132000,36,0,0,41.0,0.0,0.0,0.0,0.0,,True,False,zero_or_structural_denominator,non_residential,0,8.0,3.0,62.019891682687,166.30118752942244
360050138000,36,0,0,13.0,0.0,0.0,0.0,0.0,,True,False,zero_or_structural_denominator,non_residential,0,8.0,4.0,93.76170187558643,123.97564011494782
360050157001,36,0,0,124.0,34.592485257937994,60.84757111114062,0.045695576571585114,25.99135555166973,568.7936886178155,True,False,,non_residential,0,7.0,4.0,400.5048187654789,561.080621759888
360050160000,36,0,0,78.0,0.0,0.0,0.0,0.0,,True,False,zero_or_structural_denominator,non_residential,0,9.0,4.0,106.1070841920986,123.97564011494782
360050163001,36,0,0,1265.0,0.0,0.0,0.22626397308055596,101.34119966666539,447.88924320083976,True,False,zero_or_structural_denominator,non_residential,0,15.0,15.0,295.27767607353553,706.8885625714914
360050171001,36,0,0,215.0,0.0,0.0,0.0674088036643535,35.2057882483728,522.2728536122945,True,False,zero_or_structural_denominator,non_residential,0,9.0,9.0,396.01236931726896,949.1067911433889
360050200003,36,0,0,852.0,239.07870859720052,68.5006768908287,0.026629851980285734,38.274101712999915,1437.2630287744182,True,False,,non_residential,0,7.0,6.0,208.71545475852218,374.27126984025483
360050205011,36,0,0,0.0,0.0,0.0,0.014383077611889115,2.859220130701429,198.79056540291384,True,False,zero_or_structural_denominator,non_residential,0,7.0,5.0,254.59167524138388,683.4356082127028
360050238001,36,0,0,5855.0,1647.3276245816442,183.13941958838805,0.07836638292520964,59.18404820376276,755.2224052531059,True,False,,non_residential,0,15.0,14.0,159.57280482877326,368.17627648412105
360050249001,36,0,0,7699.0,33.476598636714186,22.594819661916112,0.06707675580796392,35.78883140456083,533.5504225490834,True,False,,non_residential,0,10.0,10.0,261.2284488407257,368.53669390913944
360050274020,36,0,0,106.0,0.0,0.0,0.0,0.0,,True,False,zero_or_structural_denominator,non_residential,0,7.0,4.0,112.38102476682951,2052.0478199527083
360050276000,36,0,0,0.0,0.0,0.0,0.0,0.0,,True,False,zero_or_structural_denominator,non_residential,0,6.0,3.0,108.39011869647817,2052.0478199527083
360050284001,36,374,0,9462.0,1978.4669794298086,264.5320187706634,0.43424562284959684,110.45318645733873,254.35647625536285,True,False,,non_residential,0,15.0,14.0,143.39620668656408,2052.0478199527083
360050293010,36,0,0,0.0,0.0,0.0,0.0,0.0,,True,False,zero_or_structural_denominator,non_residential,0,5.0,3.0,45.490346433881726,93.17385986991619
360050302022,36,0,0,0.0,0.0,0.0,0.003967199679538297,0.0,0.0,True,False,zero_or_structural_denominator,non_residential,0,6.0,3.0,391.27812614899557,2052.0478199527083
360050309000,36,0,0,0.0,0.0,0.0,0.0,0.0,,True,False,zero_or_structural_denominator,non_residential,0,8.0,5.0,45.490346433881726,93.17385986991619
360050319000,36,0,0,0.0,0.0,0.0,0.0,0.0,,True,False,zero_or_structural_denominator,non_residential,0,5.0,3.0,62.792225566438596,85.73474507983926
360050319001,36,694,6,2422.0,270.18615757473617,51.189639323832225,0.0823053971471707,2.096654546872086,25.474083347451046,True,False,,non_residential,0,8.0,6.0,79.30213217934885,154.9287511571246
360050334001,36,32,8,2112.0,120.79472674747703,215.1814087948951,1.184409298311412,242.83412406150038,205.02551306183088,True,False,,non_residential,0,33.0,30.0,230.69431590062652,788.0175622318632
360050435021,36,0,0,849.0,21.759789113864223,0.0,0.6394504258940401,28.906554770471715,45.205310059894565,True,False,zero_or_structural_denominator,non_residential,0,10.0,9.0,156.68083082456442,641.2002975173884
360050435031,36,0,0,792.0,34.87145691324395,93.25030252590203,1.7994688786428445,138.80007870485252,77.13391454123688,True,False,,non_residential,0,33.0,31.0,128.1381133783011,864.8533262710536
360050484021,36,0,0,1240.0,134.7433095127746,0.0,0.07333276908363877,14.800125000819325,201.8214392523379,True,False,zero_or_structural_denominator,non_residential,0,7.0,7.0,187.33029063546212,264.3696746787629
360050504000,36,0,0,0.0,0.0,0.0,0.0,0.0,,True,False,zero_or_structural_denominator,non_residential,0,13.0,4.0,77.85743726961348,95.60978837519293
360050504001,36,0,0,376.0,55.79433106119032,0.3910629940267669,2.79674681595353,17.345212735764786,6.2019245492020225,True,False,zero_or_structural_denominator,non_residential,0,6.0,3.0,391.27812614899557,398.5874773799926
360050516010,36,0,0,249.0,0.0,22.594819661916112,0.0,0.09777878319944044,,True,False,zero_or_structural_denominator,non_residential,0,9.0,4.0,107.48454952354876,181.8452537709485
360050516015,36,0,0,0.0,0.0,0.0,0.014913195875636664,0.0,0.0,True,False,zero_or_structural_denominator,non_residential,0,1.0,0.0,,
360050516020,36,0,0,1.0,0.0,0.0,0.0,0.0,,True,False,zero_or_structural_denominator,non_residential,0,5.0,0.0,,
360050516021,36,0,0,313.0,0.0,0.0,0.18126724141602335,0.0,0.0,True,False,zero_or_structural_denominator,non_residential,0,2.0,0.0,,
360099400002,36,45,9,137.0,16.0,9.0,3.4361760062288473,0.4820269655082468,0.1402800568522869,True,False,,non_residential,0,4.0,4.0,41.83416844116017,90.95383408313457
360099402001,36,0,0,3.0,0.0,22.594819661916112,0.3702723561923997,0.07293518255550425,0.19697712058635541,True,False,zero_or_structural_denominator,non_residential,0,3.0,2.0,37.44110960993203,50.65148923199565
360119902000,36,0,0,0.0,0.0,0.0,0.0,0.0,,True,False,zero_or_structural_denominator,non_residential,0,5.0,2.0,12.39760794253476,12.421918839652655
360139900000,36,0,0,0.0,0.0,0.0,0.0,0.0,,True,False,zero_or_structural_denominator,non_residential,0,12.0,10.0,38.37403933699344,178.24407984301678
360150003001,36,1286,0,1736.0,1.7351004654330797,0.0,0.1854174535187345,3.0532698646925622,16.467003546589325,True,False,zero_or_structural_denominator,non_residential,0,5.0,5.0,82.50609564612589,341.49692779932906
360191030001,36,2220,0,5396.0,979.168255748738,173.89272815121257,0.20986891712024117,19.744176586625525,94.078612771959,True,False,,non_residential,0,6.0,6.0,59.4919141037064,165.79072151296285
360191035122,36,1877,0,4001.0,22.430286034772855,22.594819661916112,0.346772248309665,0.6933142766503138,1.9993361061326607,True,False,,non_residential,0,2.0,2.0,7.803786614576678,8.477775207742125
360259709001,36,1434,0,2221.0,359.39740301378646,46.465649936382256,0.3173794492824911,2.482510247029249,7.821899787908548,True,False,,non_residential,0,2.0,2.0,26.1260427608483,27.6908044546061
360270601005,36,0,0,17.0,0.0,0.0,0.195633716635093,0.0,0.0,True,False,zero_or_structural_denominator,non_residential,0,3.0,1.0,74.38270562679138,74.38270562679138
360271401015,36,2425,0,7550.0,38.058540530168045,72.18062854069031,0.3434482948263419,45.058366746749904,131.19403248029752,True,False,,non_residential,0,6.0,6.0,68.41935390867312,196.56328235747208
360276400011,36,405,0,1200.0,0.0,0.0,0.12562992036283904,0.97615826754422,7.770109737592134,True,False,zero_or_structural_denominator,non_residential,0,5.0,3.0,24.43552137264836,74.38270562679138
360276400021,36,1496,0,1755.0,44.909077825598295,0.0,0.6402122054529432,0.8620968312887789,1.346579812046624,True,False,zero_or_structural_denominator,non_residential,0,8.0,6.0,29.339258430062113,74.38270562679138
360290091101,36,5953,0,40017.0,8805.598246031956,508.8526431785479,1.7795641540609235,38.463086245205076,21.613767706791137,True,False,,non_residential,0,8.0,8.0,83.17457293354988,176.55165796237904
360299401001,36,0,0,6.0,0.0,0.0,1.8387431902148772,0.0,0.0,True,False,zero_or_structural_denominator,non_residential,0,5.0,4.0,17.946319095498957,56.38158004289024
360299800001,36,1728,0,9601.0,1816.595559496396,184.9055917861165,0.1761645152880644,17.643161852350502,100.15162147439503,True,True,,non_residential,0,5.0,5.0,257.6067367689391,332.4896240931051
360299804001,36,1029,0,5939.0,3925.802495522441,0.0,1.377917522563453,2.740794106311225,1.989084296723581,True,True,zero_or_structural_denominator,non_residential,0,1.0,1.0,17.278279077354107,17.278279077354107
360299900000,36,0,0,0.0,0.0,0.0,0.0,0.0,,True,False,zero_or_structural_denominator,non_residential,0,19.0,18.0,92.70490643964554,267.23416759791695
360390808001,36,1920,0,2628.0,0.8114608630674388,0.0,0.6296241259578601,1.206972907540166,1.9169737273075003,True,False,zero_or_structural_denominator,non_residential,0,3.0,3.0,10.203280396895998,13.039498794891893
360430111001,36,1,0,159.0,131.62178584660984,78.01319341180297,0.41829265386087044,5.822454541342553,13.919571590848872,True,False,,non_residential,0,7.0,7.0,28.181780131796003,1263.7495089825802
360430112002,36,286,0,1685.0,0.0,0.0,0.26314367906499775,9.139534260651706,34.732106403339436,True,False,zero_or_structural_denominator,non_residential,0,2.0,2.0,28.71504152999584,48.51546305324148
360459800001,36,85,0,1897.0,68.75917511359664,47.74166054893229,122.21590121508319,0.6038234779638858,0.004940629426781704,True,True,,non_residential,0,13.0,13.0,8.81006826230112,29.360609753059762
360459900010,36,0,0,1.0,0.0,0.0,0.0,0.0,,True,False,zero_or_structural_denominator,non_residential,0,17.0,15.0,10.707313506830348,53.99995588056789
360470013002,36,0,0,1911.0,215.66964364021482,346.2523605054326,0.00905757053842228,22.56827104416615,2491.647285376512,True,False,,non_residential,0,4.0,4.0,97.57061555499862,438.241860029584
360470018010,36,0,0,90.0,0.21481040203208646,0.0,0.0,0.033511032736822835,,True,False,zero_or_structural_denominator,non_residential,0,7.0,2.0,433.5995223586061,642.112602707153
360470018011,36,0,0,3682.0,326.7266214908035,238.79223458431605,0.17024672750331662,126.5313951586601,743.2236555395469,True,False,,non_residential,0,12.0,7.0,147.65229993792624,216.91025963250746
360470018012,36,1604,0,4316.0,31.147508294652535,0.0,0.00927224333859973,3.5074647585205314,378.2757451930958,True,False,zero_or_structural_denominator,non_residential,0,3.0,1.0,90.06798006001864,90.06798006001864
360470018020,36,0,0,101.0,0.0,0.0,0.0,0.0,,True,False,zero_or_structural_denominator,non_residential,0,5.0,0.0,,
360470018021,36,0,0,4962.0,1104.1254664449243,1046.2242225122125,0.23091418747864445,59.79736439438574,258.95924822685896,True,False,,non_residential,0,9.0,4.0,99.38553939749272,225.26926834546236
360470018030,36,0,0,27.0,0.0,0.0,0.0,0.0,,True,False,zero_or_structural_denominator,non_residential,0,8.0,2.0,176.0271069747955,247.50348770995265
360470018031,36,11,0,8231.0,1800.7556002349806,318.21862606151205,0.23721383029824025,47.38676695712132,199.76392985832095,True,False,,non_residential,0,8.0,4.0,175.98754699007935,225.26926834546236
360470018040,36,0,0,3.0,0.0,0.0,0.0,0.0,,True,False,zero_or_structural_denominator,non_residential,0,8.0,4.0,153.95388577024204,247.50348770995265
360470018041,36,0,0,2671.0,610.0615417711256,235.03577432685802,0.132345395207239,8.293107681769268,62.662608463128855,True,False,,non_residential,0,10.0,6.0,112.8637099238307,221.67967739793383
360470031013,36,0,0,579.0,10.740520101604323,45.189639323832225,0.010985378616274806,22.40301813966692,2039.3487491161127,True,False,,non_residential,0,5.0,4.0,78.75910522854997,190.82220206704278
360470031021,36,0,0,148.0,0.0,0.0,0.05262456590968675,13.124806384049998,249.404553884103,True,False,zero_or_structural_denominator,non_residential,0,12.0,11.0,164.70497033450633,444.3445364569758
360470034000,36,0,0,7.0,0.0,0.0,0.0,0.0,,True,False,zero_or_structural_denominator,non_residential,0,8.0,4.0,125.06308542722697,156.84136587474134
360470038000,36,0,0,0.0,0.0,0.0,0.0,0.0,,True,False,zero_or_structural_denominator,non_residential,0,7.0,3.0,109.89935070717978,156.84136587474134
360470043001,36,4,0,184.0,38.66587236577556,22.594819661916112,0.003979941050771851,4.309403588537017,1082.7807581977304,True,False,,non_residential,0,4.0,4.0,208.01069863890723,369.2873157453809
360470044000,36,0,0,0.0,0.0,0.0,0.0,0.0,,True,False,zero_or_structural_denominator,non_residential,0,6.0,3.0,80.41193582859495,109.89935070717978
360470046000,36,0,0,0.0,0.0,0.0,0.0,0.0,,True,False,zero_or_structural_denominator,non_residential,0,6.0,3.0,51.53083939542801,109.89935070717978
360470050000,36,0,0,0.0,0.0,0.0,0.0,0.0,,True,False,zero_or_structural_denominator,non_residential,0,7.0,3.0,51.53083939542801,88.29433220687389
360470052010,36,0,0,0.0,0.0,0.0,0.0,0.0,,True,False,zero_or_structural_denominator,non_residential,0,6.0,3.0,56.05006702597985,88.29433220687389
360470052020,36,0,0,0.0,0.0,0.0,0.0,0.0,,True,False,zero_or_structural_denominator,non_residential,0,7.0,4.0,64.40138783992371,88.29433220687389
360470053010,36,0,0,37.0,0.0,0.0,0.0,0.0,,True,False,zero_or_structural_denominator,non_residential,0,6.0,2.0,160.306831705054,216.0629371704697
360470053020,36,0,0,54.0,0.0,0.0,0.0,0.0,,True,False,zero_or_structural_denominator,non_residential,0,8.0,3.0,216.0629371704697,247.50348770995265
360470053022,36,0,0,1514.0,90.4351792555084,75.7085404967534,0.2361095781246656,19.34741212905767,81.94251280582212,True,False,,non_residential,0,7.0,4.0,204.25990552600032,642.112602707153
360470054000,36,0,0,0.0,0.0,0.0,0.0,0.0,,True,False,zero_or_structural_denominator,non_residential,0,6.0,3.0,70.59637374869325,95.54323409442827
360470056010,36,0,0,0.0,0.0,0.0,0.0,0.0,,True,False,zero_or_structural_denominator,non_residential,0,7.0,3.0,95.54323409442827,102.20537534972206
360470056020,36,0,0,0.0,0.0,0.0,0.0,0.0,,True,False,zero_or_structural_denominator,non_residential,0,8.0,3.0,95.54323409442827,102.20537534972206
360470086001,36,0,0,1241.0,21.910661007272818,22.594819661916112,0.0438391973930722,29.300159871187848,668.3552987632496,True,False,,non_residential,0,11.0,11.0,136.20531553112357,269.6326887655641
360470118001,36,0,0,1167.0,8.807226483315544,22.594819661916112,0.027642984044432547,18.38202688712746,664.9798320463779,True,False,,non_residential,0,8.0,6.0,177.37632928078318,359.63989675154136
360470119021,36,0,0,1444.0,199.98848429187248,220.99514531678005,0.07948762359376237,23.06530198582114,290.17475857249235,True,False,,non_residential,0,11.0,9.0,193.85303524716358,642.112602707153
360470122003,36,0,0,4.0,0.4296208040641729,0.0,0.004696546657119596,4.389546419389063,934.6327716631656,True,False,zero_or_structural_denominator,non_residential,0,7.0,6.0,185.22957435349858,359.63989675154136
360470129011,36,0,0,249.0,14.60710733818188,41.813191448971956,0.005139019730866641,467.5587212204347,90982.08329735014,True,False,,non_residential,0,5.0,5.0,207.1165932295587,416.65103093575556
360470153001,36,70,0,3861.0,217.81774766053567,69.43384096228284,0.01445527871554592,23.717116242200763,1640.7235521992534,True,False,,non_residential,0,6.0,6.0,85.8657371383575,165.16442404449032
360470154001,36,0,0,135.0,0.0,22.594819661916112,0.35634912625139425,12.851553200521192,36.06450038397115,True,False,zero_or_structural_denominator,non_residential,0,13.0,13.0,69.60626581426848,173.0091890109735
360470159005,36,0,0,162.0,3.0073456284492104,0.0,0.023222500430706613,12.650631027552535,544.7574891989184,True,False,zero_or_structural_denominator,non_residential,0,5.0,4.0,96.268911085876,185.54183245719128
360470161002,36,0,0,196.0,0.0,0.0,0.009408151298424301,8.037589355285613,854.3218641298602,True,False,zero_or_structural_denominator,non_residential,0,7.0,6.0,170.92151903529935,416.65103093575556
360470163001,36,0,0,9.0,0.0,22.594819661916112,0.00963788208278686,0.9845714883583566,102.1564156835649,True,False,zero_or_structural_denominator,non_residential,0,7.0,6.0,148.66427042425192,216.43451494569678
360470164000,36,0,0,0.0,0.0,0.0,0.0,0.0,,True,False,zero_or_structural_denominator,non_residential,0,6.0,3.0,69.60626581426848,102.20537534972206
360470168000,36,0,0,0.0,0.0,0.0,0.0,0.0,,True,False,zero_or_structural_denominator,non_residential,0,6.0,3.0,69.60626581426848,87.53694131280261
360470174000,36,0,0,0.0,0.0,0.0,0.0,0.0,,True,False,zero_or_structural_denominator,non_residential,0,6.0,3.0,87.53694131280261,134.14911709540945
360470175001,36,0,0,606.0,0.4296208040641729,22.594819661916112,0.7572996155569224,30.4903233704474,40.26190261304259,True,False,zero_or_structural_denominator,non_residential,0,19.0,19.0,97.82975805638935,330.8212692189239
360470176000,36,0,0,0.0,0.0,0.0,0.0,0.0,,True,False,zero_or_structural_denominator,non_residential,0,6.0,3.0,96.76355723902688,134.14911709540945
360470177001,36,0,0,1477.0,28.354973068235413,316.32747526682556,0.893072825728146,147.78023064283786,165.4738856513171,True,False,,non_residential,0,34.0,33.0,78.01388503948456,418.72753789973035
360470192004,36,6,6,33.0,11.384951307700582,6.430169293429444,0.0031220220543792384,8.099036844678858,2594.163879565936,True,False,,non_residential,0,4.0,4.0,90.79072966336133,182.74251609073877
360470193003,36,1147,0,6660.0,790.7170898801103,0.0,0.03779167928303733,12.106255031214753,320.3418122954013,True,False,zero_or_structural_denominator,non_residential,0,6.0,6.0,153.9760540891698,307.60604570273006
360470214001,36,35,7,92.0,0.0,29.594819661916112,0.00888266626057986,5.6082460412098,631.3696672471508,True,False,zero_or_structural_denominator,non_residential,0,8.0,7.0,140.5028602765403,359.63989675154136
360470280000,36,0,0,0.0,0.0,0.0,0.0,0.0,,True,False,zero_or_structural_denominator,non_residential,0,6.0,3.0,96.76355723902688,134.14911709540945
360470282000,36,0,0,0.0,0.0,0.0,0.0,0.0,,True,False,zero_or_structural_denominator,non_residential,0,6.0,3.0,96.76355723902688,97.05208468873056
360470286000,36,0,0,0.0,0.0,0.0,0.0,0.0,,True,False,zero_or_structural_denominator,non_residential,0,6.0,2.0,81.45133701380587,97.05208468873056
360470292000,36,0,0,0.0,0.0,0.0,0.0,0.0,,True,False,zero_or_structural_denominator,non_residential,0,6.0,2.0,390.0295814303889,683.0070781720472
360470292003,36,0,0,78.0,0.0,45.189639323832225,0.0397017266615946,3.160432185865531,79.60440141065125,True,False,zero_or_structural_denominator,non_residential,0,7.0,4.0,100.48511831941585,683.0070781720472
360470294000,36,0,0,72.0,0.0,0.0,0.0,0.0,,True,False,zero_or_structural_denominator,non_residential,0,5.0,1.0,683.0070781720472,683.0070781720472
360470300006,36,0,0,8.0,0.0,0.0,0.0037868899714755835,0.4699149541044646,124.0899412562968,True,False,zero_or_structural_denominator,non_residential,0,4.0,3.0,137.0431953959624,248.63074426265558
360470304000,36,0,0,97.0,0.0,0.0,0.0,0.0,,True,False,zero_or_structural_denominator,non_residential,0,7.0,2.0,390.9433280731828,683.0070781720472
360470314010,36,0,0,4.0,0.0,0.0,0.0,0.0,,True,False,zero_or_structural_denominator,non_residential,0,7.0,1.0,431.08080737787515,431.08080737787515
360470314014,36,0,0,49.0,6.014691256898421,0.0,0.013537899986730056,2.6230392278289902,193.7552523212693,True,False,zero_or_structural_denominator,non_residential,0,4.0,2.0,264.98019267609675,431.08080737787515
360470314020,36,0,0,4.0,0.0,0.0,0.0,0.0,,True,False,zero_or_structural_denominator,non_residential,0,4.0,1.0,585.240821868791,585.240821868791
360470314021,36,0,0,10.0,0.0,0.0,0.14882848245971292,0.0,0.0,True,False,zero_or_structural_denominator,non_residential,0,4.0,2.0,508.16081462333307,585.240821868791
360470330000,36,0,0,1.0,0.0,0.0,0.0,0.0,,True,False,zero_or_structural_denominator,non_residential,0,7.0,4.0,212.6013514773241,585.240821868791
360470336000,36,0,0,0.0,0.0,0.0,0.0,0.0,,True,False,zero_or_structural_denominator,non_residential,0,11.0,6.0,118.02388039359052,280.5629038415295
360470352000,36,0,0,0.0,0.0,0.0,0.0,0.0,,True,False,zero_or_structural_denominator,non_residential,0,6.0,3.0,136.85718810295006,280.5629038415295
360470357021,36,0,0,42.0,0.0,0.0,0.04256969349561995,15.735971443662748,369.6519789432321,True,False,zero_or_structural_denominator,non_residential,0,12.0,10.0,253.92037509225395,581.4047814225422
360470367001,36,90,0,316.0,5.155449648770075,23.26577900967771,0.019639472398967888,44.5816907726671,2270.004502514538,True,False,,non_residential,0,7.0,6.0,449.3853462313231,710.7929794941091
360470367004,36,0,0,726.0,0.0,22.594819661916112,0.00774945642511077,6.2016367406887065,800.2673220528575,True,False,zero_or_structural_denominator,non_residential,0,4.0,3.0,599.1700081672967,710.7929794941091
360470402001,36,0,0,52.0,0.0,0.0,0.007817024302864465,4.278691701126435,547.3555582472162,True,False,zero_or_structural_denominator,non_residential,0,6.0,5.0,157.91528194101792,287.1619735003435
360470407001,36,0,0,42.0,0.0,0.0,0.19491749713090384,4.793329307097703,24.59158042583817,True,False,zero_or_structural_denominator,non_residential,0,7.0,6.0,212.90139452033966,790.5647042506607
360470449013,36,0,0,247.0,28.99940427433167,57.422906783349475,0.01957576554280012,7.70158251398267,393.4243336304811,True,False,,non_residential,0,5.0,3.0,175.82265333580455,317.1697370866235
360470449021,36,0,0,974.0,76.04288231935861,8.11346075010236,0.09554368185883294,12.690148700876973,132.82038596363532,True,False,,non_residential,0,7.0,2.0,230.1239440339995,317.1697370866235
360470449022,36,0,0,2359.0,503.73039276524275,322.1634011847746,0.336098840237533,42.1635287734462,125.44978954300389,True,False,,non_residential,0,11.0,6.0,296.6165553411837,414.5753829708515
360470449023,36,0,0,4398.0,776.9692241500567,532.9026312297088,0.24662391210745752,94.94685370112886,384.9864065888273,True,False,,non_residential,0,9.0,6.0,330.57532355947683,414.5753829708515
360470543001,36,0,0,3394.0,765.369462440324,490.93650115575235,0.36885651957684085,90.99253434689467,246.68815519726485,True,False,,non_residential,0,15.0,11.0,137.52270009206308,438.241860029584
360470563020,36,0,0,0.0,0.0,0.0,0.0,0.0,,True,False,zero_or_structural_denominator,non_residential,0,6.0,5.0,107.6539764463002,216.59750572849583
360470579021,36,0,0,2459.0,261.42425927304924,66.6013477708523,0.1943182665807682,17.95493756373667,92.39963838537906,True,False,,non_residential,0,9.0,7.0,144.5201179738325,194.1389699951795
360470589021,36,0,0,880.0,223.83243891743408,59.10560603627785,0.08586873396882119,15.693004550625506,182.75574618723985,True,False,,non_residential,0,6.0,3.0,160.67598772451078,175.82265333580455
360470610020,36,0,0,0.0,0.0,22.594819661916112,0.0,0.10821724261012537,,True,False,zero_or_structural_denominator,non_residential,0,6.0,3.0,76.48083648921867,280.5629038415295
360470616000,36,0,0,9.0,0.0,0.0,0.0,0.0,,True,False,zero_or_structural_denominator,non_residential,0,6.0,3.0,76.48083648921867,134.28118316889731
360470666000,36,0,0,1.0,0.0,0.0,0.0,0.0,,True,False,zero_or_structural_denominator,non_residential,0,10.0,2.0,82.36634206686907,134.28118316889731
360470666001,36,0,0,2166.0,171.2038904195729,190.01684384826092,1.5625392195333283,51.18347483713108,32.756601688639634,True,False,,non_residential,0,19.0,16.0,97.18283972991537,667.2559442164713
360470702020,36,0,0,0.0,0.0,0.0,0.0,0.0,,True,False,zero_or_structural_denominator,non_residential,0,7.0,0.0,,
360470702021,36,14,9,795.0,106.09430171850308,77.79583565600782,1.9932272970936535,5.260303726748979,2.6390887453824683,True,False,,non_residential,0,8.0,3.0,65.24763381639724,667.2559442164713
360470702030,36,0,0,0.0,0.0,0.0,0.0,0.0,,True,False,zero_or_structural_denominator,non_residential,0,13.0,0.0,,
360470702031,36,0,0,0.0,0.0,0.0,1.08655826995283,0.0,0.0,True,False,zero_or_structural_denominator,non_residential,0,4.0,0.0,,
360470706020,36,0,0,0.0,0.0,0.0,0.0,0.0,,True,False,zero_or_structural_denominator,non_residential,0,7.0,1.0,88.21787592209157,88.21787592209157
360470706021,36,0,0,235.0,75.18364071123025,0.0,0.4620689166020921,3.7591315362387756,8.135434782937216,True,False,zero_or_structural_denominator,non_residential,0,9.0,6.0,81.89628028478799,114.96557631766566
360470794003,36,0,0,4867.0,233.28409660684588,278.8482683291405,0.02522250961221594,18.198373092938567,721.513179010728,True,False,,non_residential,0,6.0,6.0,260.96007734663755,411.79862506184435
360470852001,36,0,0,56.0,0.0,0.0,0.15278448517665202,6.269220489672577,41.033096275606766,True,False,zero_or_structural_denominator,non_residential,0,9.0,9.0,204.94697975053913,310.5284543931995
360470878002,36,480,5,1823.0,153.2418100131556,123.0781407597807,0.024386212336704512,19.182959309576724,786.6313572897011,True,False,,non_residential,0,7.0,7.0,222.12648432327566,526.9873277448476
360470920004,36,0,0,27.0,5.799880854866334,51.8886950397199,0.010145992523494636,16.403610886589362,1616.7576359438694,True,False,,non_residential,0,6.0,5.0,242.53498127488825,362.55273223513007
360470960001,36,0,0,2173.0,485.2566981904833,637.457588089593,0.1636636856993139,85.73949310665526,523.8760983556091,True,False,,non_residential,0,13.0,12.0,160.528255280174,354.6098731712473
360471028020,36,0,0,1.0,0.0,0.0,0.0,0.0,,True,False,zero_or_structural_denominator,non_residential,0,6.0,1.0,88.21787592209157,88.21787592209157
360471028021,36,0,0,96.0,0.0,0.0,0.3339741200587983,10.642809814944941,31.867169267700163,True,False,zero_or_structural_denominator,non_residential,0,10.0,6.0,111.90465984026031,251.28342705156584
360471034020,36,0,0,0.0,0.0,0.0,0.0,0.0,,True,False,zero_or_structural_denominator,non_residential,0,5.0,0.0,,
360471034021,36,0,0,34.0,3.2221560304812966,3.8280318376500984,0.1892398648888006,24.832469659192007,131.22219080944618,True,False,,non_residential,0,10.0,6.0,176.99577018515055,483.93683173523584
360471070020,36,0,0,1.0,0.0,0.0,0.0,0.0,,True,False,zero_or_structural_denominator,non_residential,0,6.0,1.0,483.93683173523584,483.93683173523584
360471070021,36,0,0,33.0,0.0,0.0,0.7651444392152056,0.1341408852217989,0.17531446135762904,True,False,zero_or_structural_denominator,non_residential,0,8.0,5.0,281.0458920785858,826.3316039409472
360471070031,36,0,0,399.0,33.51042271700549,0.0,0.10622944520003993,9.860722973034216,92.82476204658282,True,False,zero_or_structural_denominator,non_residential,0,7.0,6.0,239.4965318201285,826.3316039409472
360471098001,36,0,0,441.0,79.69465915390407,60.61993756824511,0.051232281525802066,20.43559005034684,398.88112420007843,True,False,,non_residential,0,6.0,4.0,172.13802773168686,290.8678539907723
360471098003,36,0,0,902.0,151.65614383465305,10.715126036333414,0.05931185529650945,23.194014947091528,391.05192092105256,True,False,,non_residential,0,4.0,3.0,255.64788536427332,320.81837419713906
360471098004,36,0,0,1057.0,162.61147433828944,3.167610251616812,0.04895813981169203,40.59526343603582,829.1831264867826,True,False,,non_residential,0,6.0,5.0,274.14118529169343,320.81837419713906
360471132003,36,0,0,14.0,0.0,0.0,0.011889629871698523,3.7921106059444982,318.94269601874214,True,False,zero_or_structural_denominator,non_residential,0,5.0,5.0,373.14392510423676,711.5462409813118
360471180001,36,0,0,2501.0,156.38197267935894,45.189639323832225,0.29019631290894227,43.97690054163578,151.5418996913129,True,False,,non_residential,0,15.0,13.0,190.56125086585476,297.4250184876521
360479901000,36,0,0,0.0,0.0,0.0,0.0,0.0,,True,False,zero_or_structural_denominator,non_residential,0,20.0,0.0,,
360510305001,36,2837,0,7127.0,1012.2114898758741,47.422657895794785,0.3759248917941944,16.80752404951427,44.70979287723196,True,False,,non_residential,0,4.0,4.0,75.54170419462217,200.0472920872779
360510310001,36,911,0,1058.0,0.0,0.0,2.324117619211773,1.896366407214792,0.8159511341159862,True,False,zero_or_structural_denominator,non_residential,0,4.0,4.0,36.42290079780372,52.315042590074825
360550018006,36,0,0,1245.0,974.9444802585198,67.56706397499431,0.1645119521417417,6.466314027660312,39.30604398936928,True,False,,non_residential,0,5.0,5.0,164.30128220233289,229.3420083782122
360550038061,36,318,0,2699.0,465.52815214916455,0.0,0.06906595412903266,5.9331253548254255,85.90521089075013,True,False,zero_or_structural_denominator,non_residential,0,5.0,4.0,151.78895328619987,209.98072182478677
360550038063,36,244,0,7413.0,1969.4818962135532,5.435775616972061,0.262487691497549,4.516152560930379,17.205197451982425,True,False,,non_residential,0,3.0,3.0,65.64039114419546,209.98072182478677
360550038072,36,2725,0,2725.0,68.18341622386754,67.78445898574833,0.1520474161558989,11.851119242211839,77.94357537822623,True,False,,non_residential,0,3.0,2.0,82.95716550270146,100.27393986120747
360550038073,36,0,0,328.0,7.053456850744918,0.0,0.8576309641823028,3.4488592885453393,4.021379162579105,True,False,zero_or_structural_denominator,non_residential,0,6.0,5.0,100.27393986120747,155.0897833195454
360550094031,36,755,0,2274.0,73.66943821889136,0.0,0.008389613804057193,1.6738527921148163,199.51488008963486,True,False,zero_or_structural_denominator,non_residential,0,2.0,2.0,116.732166577937,158.27343141863392
360550112102,36,0,0,1738.0,1362.1008896216297,947.0284603946934,0.26862980463643904,26.7365380679782,99.52930615485191,True,False,,non_residential,0,7.0,7.0,83.53942450387855,315.54230452151177
360550122012,36,1226,0,4300.0,1246.8944277261294,1.595013265687541,0.17121816053433545,4.108163813761775,23.993738753769282,True,False,,non_residential,0,3.0,3.0,20.72632934782132,27.95505677891918
360550122015,36,1313,0,3905.0,691.238771373002,24.189832927603653,0.21634925575005826,2.849987031735026,13.173084519539692,True,False,,non_residential,0,2.0,2.0,20.01794074924107,20.72632934782132
360550130053,36,1037,0,9813.0,1141.0925749649557,158.16373763341278,0.585687244718664,8.729353350618265,14.904462115802824,True,False,,non_residential,0,7.0,6.0,129.2484798415457,256.1942752170315
360550132082,36,0,0,7048.0,5528.342736128295,483.6290572172435,0.6801579486787683,25.583852995116942,37.614576209562074,True,False,,non_residential,0,8.0,8.0,56.2342381875004,256.1942752170315
360550141023,36,0,0,2635.0,1099.5555512883466,1209.210906838892,0.1636532609410319,37.089435800921365,226.63426067804147,True,False,,non_residential,0,6.0,6.0,182.63199527621785,245.78835009300522
360550142022,36,0,0,2360.0,1662.264664492219,207.8268215059149,1.0435920495403357,13.490303373207468,12.926797764652822,True,False,,non_residential,0,7.0,7.0,83.0446645549748,119.77480255857756
360559800001,36,0,0,724.0,510.2000455372157,403.3561930647008,2.156282099688867,10.008003753685433,4.641323950669303,True,True,,non_residential,0,6.0,6.0,95.46015823410922,155.0897833195454
360559900000,36,0,0,0.0,0.0,0.0,0.0,0.0,,True,False,zero_or_structural_denominator,non_residential,0,19.0,16.0,43.79939801450824,158.81392543897618
360599801001,36,1020,0,2359.0,6.123338325535778,22.913822315053622,0.10552905588435309,3.897401506859218,36.93202288410779,True,True,,non_residential,0,2.0,2.0,14.67575882924592,16.60519634494103
360599811001,36,992,3,11854.0,174.1749568152399,52.017671161482326,0.4380236324714248,4.706202024329534,10.744173773858083,True,True,,non_residential,0,2.0,2.0,24.777500081420378,31.391158986246555
360599901000,36,0,0,0.0,0.0,0.0,0.0,0.0,,True,False,zero_or_structural_denominator,non_residential,0,17.0,10.0,28.312670290379685,58.53033053388997
360599902000,36,0,0,0.0,0.0,0.0,0.0,0.0,,True,False,zero_or_structural_denominator,non_residential,0,8.0,6.0,10.755633133168157,29.27875696224607
360599903010,36,0,0,0.0,0.0,0.0,0.0,0.10158866609012418,,True,False,zero_or_structural_denominator,non_residential,0,8.0,5.0,29.27875696224607,40.1549218047536
360599903020,36,0,0,0.0,0.0,0.0,0.0,0.0,,True,False,zero_or_structural_denominator,non_residential,0,4.0,2.0,65.53160233153162,101.33170669629573
360599904000,36,0,0,0.0,0.0,0.0,0.0,0.0,,True,False,zero_or_structural_denominator,non_residential,0,16.0,14.0,16.609229787088548,133.1872016147519
360610001001,36,0,0,314.0,8.748778019572601,40.19433429532603,0.029493957792725158,0.09149039349110295,3.1020046252886937,True,False,,non_residential,0,1.0,0.0,,
360610002010,36,0,0,1.0,0.0,0.0,0.0,0.0,,True,False,zero_or_structural_denominator,non_residential,0,7.0,5.0,132.87696025617865,450.94163936608834
360610002020,36,0,0,67.0,0.0,0.0,0.0,0.0,,True,False,zero_or_structural_denominator,non_residential,0,9.0,5.0,137.52270009206308,450.94163936608834
360610002025,36,0,0,44.0,0.0,0.0,0.00121390518661493,0.0,0.0,True,False,zero_or_structural_denominator,non_residential,0,2.0,1.0,137.52270009206308,137.52270009206308
360610005000,36,0,0,55.0,0.4166084771225048,0.0,0.0,0.6551699948227969,,True,False,zero_or_structural_denominator,non_residential,0,11.0,4.0,120.12664051146989,216.0629371704697
360610005001,36,0,0,675.0,11.803906851804303,161.94870366565024,0.2783738648128389,0.5584182598295864,2.006001031041588,True,False,,non_residential,0,1.0,0.0,,
360610005002,36,0,0,110.0,0.0,0.0,0.04746469666225611,0.0,0.0,True,False,zero_or_structural_denominator,non_residential,0,4.0,3.0,107.51960202918394,132.73367899375583
360610006000,36,0,0,0.0,0.0,0.0,0.0,0.0,,True,False,zero_or_structural_denominator,non_residential,0,9.0,7.0,137.52270009206308,470.480936949299
360610007000,36,0,0,9.0,0.0,0.0,0.0,0.0,,True,False,zero_or_structural_denominator,non_residential,0,9.0,3.0,178.84720300986487,208.6657681606891
360610007008,36,0,0,340.0,1.596999162302935,23.298733051164294,0.016677296638245957,2.2913422047493217,137.39290332550652,True,False,,non_residential,0,7.0,3.0,41.74478669689855,59.97644555545077
360610007009,36,0,0,62.0,0.0,0.0,0.0077479120164764,0.0,0.0,True,False,zero_or_structural_denominator,non_residential,0,3.0,2.0,193.756485585277,208.6657681606891
360610008000,36,0,0,13.0,0.9026517004320938,0.0,0.0,0.21955357277514181,,True,False,zero_or_structural_denominator,non_residential,0,7.0,4.0,134.34463181265596,470.480936949299
360610009000,36,0,0,9.0,0.0,0.0,0.0,0.0,,True,False,zero_or_structural_denominator,non_residential,0,8.0,3.0,126.43871927078432,178.84720300986487
360610009002,36,0,0,0.0,0.0,0.0,0.016775752688687053,0.0,0.0,True,False,zero_or_structural_denominator,non_residential,0,6.0,3.0,126.43871927078432,178.84720300986487
360610010010,36,0,0,134.0,0.0,0.0,0.0,0.0,,True,False,zero_or_structural_denominator,non_residential,0,8.0,4.0,115.60620840606178,195.70353698301275
360610010020,36,0,0,42.0,0.0,0.0,0.0,0.0,,True,False,zero_or_structural_denominator,non_residential,0,7.0,4.0,177.67935889537142,426.7837269852067
360610010023,36,0,0,33.0,0.0,0.0,0.02055376231051501,23.906037457685198,1163.097884296113,True,False,zero_or_structural_denominator,non_residential,0,7.0,4.0,221.12927577872767,426.7837269852067
360610010024,36,352,0,361.0,0.9026517004320938,0.0,0.003757546207422551,1.1288010419104297,300.4090913587777,True,False,zero_or_structural_denominator,non_residential,0,2.0,2.0,221.12927577872767,223.4715078176834
360610015010,36,0,0,0.0,0.0,0.0,0.0,0.0,,True,False,zero_or_structural_denominator,non_residential,0,7.0,3.0,208.6657681606891,243.90873058860086
360610015020,36,0,0,4.0,0.0,0.0,0.0,0.0,,True,False,zero_or_structural_denominator,non_residential,0,6.0,1.0,243.90873058860086,243.90873058860086
360610015026,36,0,0,2120.0,148.03487887086337,399.86038315451987,0.005314696213026245,145.41308204353396,27360.563278692876,True,False,,non_residential,0,4.0,3.0,66.46289393451845,243.90873058860086
360610015027,36,0,0,19.0,0.0,67.78445898574833,0.006413929058539192,10.413041368729251,1623.5042941215318,True,False,zero_or_structural_denominator,non_residential,0,6.0,3.0,59.97644555545077,243.90873058860086
360610015028,36,0,0,3.0,0.0,22.594819661916112,0.012129399312184487,0.0930707651981829,7.673155347824145,True,False,zero_or_structural_denominator,non_residential,0,4.0,1.0,208.6657681606891,208.6657681606891
360610020000,36,0,0,0.0,0.0,0.0,0.0,0.0,,True,False,zero_or_structural_denominator,non_residential,0,7.0,3.0,263.50030669070577,426.7837269852067
360610024000,36,0,0,169.0,0.0,0.0,0.0,0.0,,True,False,zero_or_structural_denominator,non_residential,0,8.0,4.0,265.04528479580915,426.7837269852067
360610024002,36,0,0,24.0,2.8468245936704495,0.0,0.029010943992325896,33.71784641687476,1162.2457520097917,True,False,zero_or_structural_denominator,non_residential,0,7.0,3.0,76.8554242403935,426.7837269852067
360610025000,36,0,0,0.0,0.0,0.0,0.0,0.0,,True,False,zero_or_structural_denominator,non_residential,0,6.0,3.0,243.90873058860086,470.480936949299
360610029011,36,260,0,9873.0,868.2120663233,67.78445898574833,0.013974581528098213,12.403800720356482,887.5972919415573,True,False,,non_residential,0,6.0,5.0,121.29174907435015,185.74907623554918
360610029012,36,0,0,9301.0,49.854147762326406,67.78445898574833,0.028726000599284606,56.818755786367255,1977.9556708559796,True,False,,non_residential,0,9.0,7.0,137.38672094403353,243.90873058860086
360610029024,36,0,0,707.0,0.0,180.7585572953289,0.005873772138668235,2.1305475147546185,362.7221935847309,True,False,zero_or_structural_denominator,non_residential,0,4.0,3.0,48.96119410625989,148.34233939419948
360610037000,36,0,0,36.0,0.0,0.0,0.0,0.0,,True,False,zero_or_structural_denominator,non_residential,0,7.0,4.0,53.305670800746086,143.03477127531758
360610039000,36,0,0,0.0,0.0,22.594819661916112,0.0,0.12561754405294637,,True,False,zero_or_structural_denominator,non_residential,0,9.0,7.0,40.57869003560036,58.617558963373746
360610044000,36,0,0,23.0,0.0,0.0,0.0,0.0,,True,False,zero_or_structural_denominator,non_residential,0,8.0,4.0,112.05783981213642,213.89982533231102
360610044002,36,0,0,914.0,0.0,0.0,0.04365425445910638,8.529325789762117,195.38360912226918,True,False,zero_or_structural_denominator,non_residential,0,9.0,5.0,95.69391554320168,249.28496251821198
360610048007,36,0,0,849.0,0.4166084771225048,0.6380053062750164,0.00926645180622084,11.47835613931674,1238.7002467989942,True,False,zero_or_structural_denominator,non_residential,0,5.0,5.0,96.35640478468781,165.59273799954252
360610060000,36,0,0,3.0,0.0,0.0,0.0,0.11364721466653997,,True,False,zero_or_structural_denominator,non_residential,0,7.0,5.0,76.13212823643393,331.217014119456
360610062000,36,0,0,62.0,0.0,0.0,0.0,0.0,,True,False,zero_or_structural_denominator,non_residential,0,9.0,5.0,107.6539764463002,331.217014119456
360610062003,36,0,0,0.0,0.0,0.0,0.001339388388157504,0.0,0.0,True,False,zero_or_structural_denominator,non_residential,0,2.0,1.0,87.22036917236248,87.22036917236248
360610069000,36,0,0,7.0,0.0,0.0,0.0,0.0,,True,False,zero_or_structural_denominator,non_residential,0,6.0,3.0,143.03477127531758,157.52663044992838
360610069003,36,0,0,3317.0,230.31505310255807,0.0,0.009218189036396774,8.75548443584466,949.8052601519466,True,False,zero_or_structural_denominator,non_residential,0,5.0,4.0,76.29876044717591,84.09039788173423
360610069004,36,0,0,260.0,0.0,22.594819661916112,0.03557776950566773,31.03487185964609,872.3107797609983,True,False,zero_or_structural_denominator,non_residential,0,7.0,3.0,70.28445528083994,157.52663044992838
360610075000,36,0,0,2.0,0.0,0.0,0.0,0.0,,True,False,zero_or_structural_denominator,non_residential,0,6.0,3.0,157.52663044992838,212.59669640835523
360610079000,36,0,0,82.0,0.0,0.0,0.0,0.0,,True,False,zero_or_structural_denominator,non_residential,0,7.0,4.0,95.27606138285613,212.59669640835523
360610080005,36,0,0,20665.0,1436.1882901336483,960.1306561792736,0.009846377248426828,77.41400691427113,7862.181689883931,True,False,,non_residential,0,6.0,5.0,39.59741163495516,59.37876753039352
360610084001,36,0,0,3504.0,15.761687384468098,633.3197576234966,0.019596615059364116,130.63042388053188,6665.968764749042,True,False,,non_residential,0,6.0,5.0,63.320180689147804,115.73657287234775
360610086010,36,0,0,0.0,0.0,0.0,0.0,0.0,,True,False,zero_or_structural_denominator,non_residential,0,9.0,5.0,115.5387557253983,207.17490197900057
360610086012,36,0,0,0.0,0.0,0.0,4.556005471391913e-05,0.0,0.0,True,False,zero_or_structural_denominator,non_residential,0,3.0,2.0,141.68387588782315,175.7137753293461
360610086020,36,0,0,0.0,0.0,0.0,0.0,0.0,,True,False,zero_or_structural_denominator,non_residential,0,10.0,5.0,98.64941645186985,175.7137753293461
360610086021,36,0,0,341.0,20.1360763942544,45.189639323832225,0.041122582605215126,13.01583726106756,316.5131282249988,True,False,,non_residential,0,12.0,9.0,78.6027773650221,115.5387557253983
360610086030,36,0,0,0.0,0.0,0.0,0.0,0.0,,True,False,zero_or_structural_denominator,non_residential,0,7.0,3.0,81.78361892491395,98.64941645186985
360610092002,36,0,0,39685.0,2761.350421114149,3682.0625017950915,0.042516025295575584,235.2746852459452,5533.788344754536,True,False,,non_residential,0,9.0,7.0,39.89460208003312,92.02321483324668
360610094002,36,0,0,24545.0,1674.557773793908,1371.9339823763241,0.02523872590287683,78.53966940756392,3111.8714038814296,True,False,,non_residential,0,6.0,5.0,47.50701219484177,68.1411829476945
360610096001,36,100,0,49305.0,3427.785115017782,3855.166914815227,0.03897546850128204,248.2664268891361,6369.8125111945665,True,False,,non_residential,0,7.0,6.0,65.51099510669309,115.73657287234775
360610099010,36,0,0,1029.0,0.0,0.0,0.0,0.0,,True,False,zero_or_structural_denominator,non_residential,0,7.0,3.0,171.01566179203323,212.59669640835523
360610099012,36,0,0,9408.0,656.9915684221901,928.6795772643414,0.08630695991882373,59.30304606657672,687.1177726843163,True,False,,non_residential,0,8.0,4.0,160.15668576121283,212.59669640835523
360610099020,36,0,0,7.0,0.0,67.78445898574833,0.0,0.14857456960666568,,True,False,zero_or_structural_denominator,non_residential,0,7.0,3.0,165.20750498146526,171.01566179203323
360610099022,36,0,0,7950.0,422.6493000407811,554.767800092099,0.030920605268724574,13.554825663636823,438.3751723433174,True,False,,non_residential,0,7.0,3.0,140.23466766538118,180.0787038570445
360610099030,36,0,0,76.0,0.0,0.0,0.0,0.0,,True,False,zero_or_structural_denominator,non_residential,0,7.0,3.0,165.20750498146526,171.01566179203323
360610099031,36,0,0,8814.0,120.7470236193393,90.37927864766445,0.03555228676320062,15.753806151928295,443.1165358464285,True,False,,non_residential,0,3.0,2.0,239.3765942804977,366.01029127761484
360610106010,36,0,0,212.0,0.0,0.0,0.0,0.0,,True,False,zero_or_structural_denominator,non_residential,0,7.0,4.0,81.98377335135217,99.91843123840775
360610106020,36,0,0,0.0,0.0,0.0,0.0,0.0,,True,False,zero_or_structural_denominator,non_residential,0,7.0,4.0,81.98377335135217,99.91843123840775
360610116000,36,0,0,929.0,0.0,0.0,0.0,0.0,,True,False,zero_or_structural_denominator,non_residential,0,9.0,7.0,33.3579033999622,99.91843123840775
360610117000,36,0,0,11.0,0.0,0.0,0.0,0.0,,True,False,zero_or_structural_denominator,non_residential,0,6.0,2.0,138.9752011324229,165.20750498146526
360610117003,36,0,0,1004.0,16.108861115403517,26.042326267267757,0.03343876354706509,7.61078798204725,227.60375010083908,True,False,,non_residential,0,9.0,4.0,239.3765942804977,642.6637150928663
360610124000,36,0,0,261.0,0.0,0.0,0.0,0.0,,True,False,zero_or_structural_denominator,non_residential,0,10.0,8.0,45.96075553762772,119.57891217169285
360610129010,36,0,0,6.0,0.0,0.0,0.0,0.0,,True,False,zero_or_structural_denominator,non_residential,0,5.0,1.0,165.20750498146526,165.20750498146526
360610129013,36,0,0,630.0,45.68806299110136,251.16709784706654,0.012201986517999884,20.19040001673474,1654.6813903580917,True,False,,non_residential,0,4.0,2.0,409.84438754704166,642.6637150928663
360610129014,36,0,0,76.0,0.8332169542450096,67.78445898574833,0.02271052896841291,9.443202205727081,415.80723279766937,True,False,zero_or_structural_denominator,non_residential,0,9.0,3.0,177.02506000121707,642.6637150928663
360610129020,36,0,0,0.0,0.0,22.594819661916112,0.0,0.14065431276832177,,True,False,zero_or_structural_denominator,non_residential,0,5.0,1.0,165.20750498146526,165.20750498146526
360610129023,36,0,0,95.0,0.0,0.0,0.02241477471493103,3.9134023402709426,174.59030438811993,True,False,zero_or_structural_denominator,non_residential,0,7.0,2.0,206.85573608880117,236.68641217638523
360610132010,36,0,0,23.0,0.0,0.0,0.0,0.0,,True,False,zero_or_structural_denominator,non_residential,0,8.0,5.0,76.6068140228478,107.99972534029921
360610135010,36,0,0,11.0,0.0,0.0,0.0,0.0,,True,False,zero_or_structural_denominator,non_residential,0,5.0,1.0,165.20750498146526,165.20750498146526
360610135014,36,0,0,543.0,37.70306717958668,43.43847724354279,0.019791596649453347,6.431252569213376,324.9486478086148,True,False,,non_residential,0,8.0,3.0,236.68641217638523,415.96280334530485
360610135020,36,0,0,25.0,0.0,0.0,0.0,0.0,,True,False,zero_or_structural_denominator,non_residential,0,7.0,3.0,90.54355526786681,165.20750498146526
360610135024,36,0,0,1137.0,75.2672648667992,77.45712374365142,0.013144847989282855,17.67051818319976,1344.2923187553586,True,False,,non_residential,0,6.0,4.0,90.51724972656444,415.96280334530485
360610135025,36,0,0,113.0,7.846126319140507,0.0,0.023483891592073758,7.314458826963429,311.46706661821725,True,False,zero_or_structural_denominator,non_residential,0,7.0,3.0,89.88175773364645,415.96280334530485
360610136010,36,0,0,830.0,0.0,0.0,0.0,0.0,,True,False,zero_or_structural_denominator,non_residential,0,7.0,2.0,57.07119651420598,58.56360767529325
360610143001,36,0,0,3992.0,58.88066476664734,677.9228024562888,1.155279048752081,330.12156441645465,285.75049878472925,True,False,,non_residential,0,65.0,64.0,93.01802445025666,1373.2986505911501
360610144027,36,0,0,287.0,0.0,0.0,0.026220197590019055,10.913608568098573,416.2290741948082,True,False,zero_or_structural_denominator,non_residential,0,10.0,8.0,64.16630394948245,211.305676894853
360610147002,36,0,0,11177.0,111.44276763027003,0.0,0.008386524986788454,4.804857804027674,572.9259510461021,True,False,zero_or_structural_denominator,non_residential,0,8.0,7.0,89.88175773364645,318.66433591227405
360610151020,36,0,0,11.0,0.0,0.0,0.0,0.0,,True,False,zero_or_structural_denominator,non_residential,0,5.0,3.0,90.54355526786681,121.96057620777042
360610151024,36,0,0,487.0,0.06943474618708413,0.3190026531375082,0.00854135195238406,4.1569331191193735,486.68327242493405,True,False,zero_or_structural_denominator,non_residential,0,6.0,4.0,90.51724972656444,318.66433591227405
360610152000,36,0,0,41.0,0.0,0.0,0.0,0.0,,True,False,zero_or_structural_denominator,non_residential,0,12.0,6.0,212.50104188575668,797.160432891061
360610152007,36,0,0,0.0,0.0,0.0,0.007617409486872124,0.0,0.0,True,False,zero_or_structural_denominator,non_residential,0,1.0,0.0,,
360610155020,36,0,0,0.0,0.0,0.0,0.0,0.0,,True,False,zero_or_structural_denominator,non_residential,0,6.0,4.0,76.67355870339732,121.96057620777042
360610159000,36,0,0,0.0,0.0,0.0,0.0,0.0,,True,False,zero_or_structural_denominator,non_residential,0,6.0,4.0,83.80435412068525,121.96057620777042
360610162000,36,0,0,2.0,0.0,0.0,0.0,0.0,,True,False,zero_or_structural_denominator,non_residential,0,9.0,4.0,478.92954941891435,1271.2252472037849
360610163000,36,0,0,1.0,0.0,0.0,0.0,0.0,,True,False,zero_or_structural_denominator,non_residential,0,8.0,6.0,60.726415330931985,132.00926792546923
360610167000,36,0,0,2.0,0.0,0.0,0.0,0.0,,True,False,zero_or_structural_denominator,non_residential,0,6.0,4.0,118.40720701395594,145.41008598995018
360610171000,36,0,0,0.0,0.0,0.0,0.0,0.0,,True,False,zero_or_structural_denominator,non_residential,0,6.0,4.0,138.7096769577097,216.4907824031414
360610175000,36,0,0,0.0,0.0,0.0,0.0,0.0,,True,False,zero_or_structural_denominator,non_residential,0,6.0,4.0,180.95043419654579,362.52633981972525
360610178000,36,0,0,0.0,0.0,0.0,0.0,0.0,,True,False,zero_or_structural_denominator,non_residential,0,7.0,3.0,797.160432891061,1271.2252472037849
360610179000,36,0,0,0.0,0.0,0.0,0.0,0.0,,True,False,zero_or_structural_denominator,non_residential,0,7.0,5.0,164.49874473238336,362.52633981972525
360610183000,36,0,0,0.0,0.0,0.0,0.0,0.0,,True,False,zero_or_structural_denominator,non_residential,0,6.0,4.0,155.7155651766995,362.52633981972525
360610187000,36,0,0,0.0,0.0,0.0,0.0,0.0,,True,False,zero_or_structural_denominator,non_residential,0,6.0,4.0,155.7155651766995,199.92365566548386
360610191000,36,0,0,0.0,0.0,0.0,0.0,0.0,,True,False,zero_or_structural_denominator,non_residential,0,6.0,4.0,137.0409428689701,199.92365566548386
360610192000,36,0,0,0.0,0.0,0.0,0.0,0.0,,True,False,zero_or_structural_denominator,non_residential,0,9.0,4.0,477.8175529504556,1271.2252472037849
360610195000,36,0,0,0.0,0.0,0.0,0.0,0.0,,True,False,zero_or_structural_denominator,non_residential,0,6.0,4.0,173.42802064324977,282.73656916339337
360610198002,36,0,0,550.0,0.0,0.0,0.03720248738902512,22.827832031295483,613.6103694515272,True,False,zero_or_structural_denominator,non_residential,0,3.0,3.0,261.34296096531926,439.33640560826154
360610199000,36,0,0,0.0,0.0,0.0,0.0,0.0,,True,False,zero_or_structural_denominator,non_residential,0,6.0,4.0,137.0409428689701,282.73656916339337
360610203002,36,1625,0,41291.0,2166.1557767984636,323.98353894212573,0.05144154889575922,122.69224710512209,2385.0807321868315,True,False,,non_residential,0,10.0,8.0,91.63135012207918,388.3620225016762
360610205000,36,0,0,0.0,0.0,0.0,0.0,0.0,,True,False,zero_or_structural_denominator,non_residential,0,6.0,4.0,194.40322039779056,282.73656916339337
360610210000,36,0,0,0.0,0.0,0.0,0.0,0.0,,True,False,zero_or_structural_denominator,non_residential,0,10.0,6.0,368.82155120448965,619.5875751397696
360610210005,36,0,0,19.0,0.06943474618708413,0.3190026531375082,0.007582660292598796,0.3136334136323444,41.36192332636509,True,False,zero_or_structural_denominator,non_residential,0,5.0,4.0,225.98237676478712,619.5875751397696
360610211000,36,0,0,0.0,0.0,0.0,0.0,0.0,,True,False,zero_or_structural_denominator,non_residential,0,6.0,4.0,194.40322039779056,894.5737255377848
360610212002,36,11,0,2992.0,207.95706483031697,22.594819661916112,0.01978001358469557,33.944721453561904,1716.1121405814415,True,False,,non_residential,0,6.0,6.0,260.7460202785099,480.7904287456349
360610217031,36,356,0,16464.0,83.94660814018472,90.37927864766445,0.12118318180232882,133.47256966573755,1101.411661920669,True,False,,non_residential,0,15.0,15.0,223.06434511620432,713.5484745512379
360610219000,36,0,0,0.0,0.0,45.189639323832225,0.0,0.2146455239754715,,True,False,zero_or_structural_denominator,non_residential,0,5.0,2.0,520.7530555794002,894.5737255377848
360610223010,36,0,0,19.0,0.0,0.0,0.0,0.0,,True,False,zero_or_structural_denominator,non_residential,0,6.0,3.0,289.2988594085366,633.5352990870088
360610223020,36,0,0,9.0,0.0,0.0,0.0,0.0,,True,False,zero_or_structural_denominator,non_residential,0,7.0,4.0,218.11562251477613,894.5737255377848
360610223021,36,0,0,102.0,0.48604322330958893,45.38517082084561,0.005640952537036937,7.603049513222244,1347.830789800609,True,False,zero_or_structural_denominator,non_residential,0,7.0,4.0,260.0419312074472,894.5737255377848
360610225000,36,0,0,0.0,0.0,0.0,0.0,0.0,,True,False,zero_or_structural_denominator,non_residential,0,6.0,4.0,188.0882072986853,633.5352990870088
360610229000,36,0,0,0.0,0.0,0.0,0.0,0.0,,True,False,zero_or_structural_denominator,non_residential,0,6.0,4.0,195.98419678416104,633.5352990870088
360610231003,36,0,0,186.0,0.0,22.594819661916112,0.014183848898055367,13.508193400769265,952.3644461991742,True,False,zero_or_structural_denominator,non_residential,0,7.0,6.0,212.06232677344298,419.700386920081
360610233000,36,0,0,0.0,0.0,0.0,0.0,0.0,,True,False,zero_or_structural_denominator,non_residential,0,6.0,4.0,195.98419678416104,403.08411583290484
360610235014,36,0,0,227.0,0.0,0.0,0.01409002607351738,72.89554352395125,5173.556325843894,True,False,zero_or_structural_denominator,non_residential,0,8.0,6.0,250.68723448740366,687.7219400614197
360610236000,36,0,0,0.0,0.0,0.0,0.0,0.0,,True,False,zero_or_structural_denominator,non_residential,0,9.0,6.0,328.39549737226196,507.90352810241006
360610237000,36,0,0,0.0,0.0,0.0,0.0,0.0,,True,False,zero_or_structural_denominator,non_residential,0,6.0,4.0,253.32937944709192,403.08411583290484
360610238020,36,0,0,36.0,0.0,0.0,0.0,0.0,,True,False,zero_or_structural_denominator,non_residential,0,8.0,3.0,174.6817611330937,273.76767444601484
360610238022,36,0,0,460.0,0.9720864466191779,90.37927864766445,0.012515887572935615,5.426468046790407,433.56637834655965,True,False,zero_or_structural_denominator,non_residential,0,4.0,2.0,116.62268440419346,174.6817611330937
360610238023,36,601,0,801.0,2.569085608922113,0.0,0.03633414363435051,3.7138466860300787,102.21368428012121,True,False,zero_or_structural_denominator,non_residential,0,4.0,1.0,58.56360767529325,58.56360767529325
360610238030,36,0,0,268.0,0.0,0.0,0.0,0.0,,True,False,zero_or_structural_denominator,non_residential,0,6.0,2.0,137.3000961857507,174.6817611330937
360610238040,36,0,0,42.0,0.0,0.0,0.0,0.0,,True,False,zero_or_structural_denominator,non_residential,0,8.0,4.0,110.69391304268166,174.6817611330937
360610240000,36,0,0,28.0,0.13886949237416826,0.0,0.0,0.16109511722783984,,True,False,zero_or_structural_denominator,non_residential,0,11.0,1.0,73.58614557979627,73.58614557979627
360610240001,36,0,0,772.0,53.67305880261603,49.33667381461983,0.3663966627244478,10.525686230872854,28.727571240977156,True,False,,non_residential,0,5.0,0.0,,
360610240002,36,2448,0,4966.0,200.66641648067315,22.594819661916112,0.3145006715880252,224.48766757148456,713.7907414886171,True,False,,non_residential,0,5.0,0.0,,
360610240003,36,0,0,463.0,0.9026517004320938,0.9570079594125246,0.1623239112089978,2.3055170621737817,14.203188211780743,True,False,zero_or_structural_denominator,non_residential,0,3.0,0.0,,
360610241000,36,0,0,0.0,0.0,0.0,0.0,0.0,,True,False,zero_or_structural_denominator,non_residential,0,6.0,4.0,167.4214144570539,403.08411583290484
360610242000,36,0,0,2.0,0.0,0.0,0.0,0.0,,True,False,zero_or_structural_denominator,non_residential,0,9.0,6.0,477.8175529504556,619.5875751397696
360610243020,36,0,0,0.0,0.0,0.0,0.0,0.0,,True,False,zero_or_structural_denominator,non_residential,0,7.0,4.0,268.8436197898688,507.2134474579301
360610247000,36,0,0,0.0,0.0,0.0,0.0,0.0,,True,False,zero_or_structural_denominator,non_residential,0,6.0,4.0,163.65159662076977,201.56792051469574
360610255000,36,0,0,0.0,0.0,0.0,0.0,0.0,,True,False,zero_or_structural_denominator,non_residential,0,8.0,6.0,97.43817624034274,194.02828484212742
360610275000,36,0,0,0.0,0.0,0.0,0.0,0.0,,True,False,zero_or_structural_denominator,non_residential,0,8.0,6.0,94.01623599930451,437.37735371877756
360610287000,36,0,0,0.0,0.0,0.0,0.0,0.0,,True,False,zero_or_structural_denominator,non_residential,0,6.0,3.0,62.9404508209558,437.37735371877756
360610297000,36,0,0,90.0,0.0,0.0,0.0,0.0,,True,False,zero_or_structural_denominator,non_residential,0,11.0,5.0,82.69718482615592,437.37735371877756
360610297001,36,13,0,422.0,1.041521192806262,0.3190026531375082,0.36607040640043714,59.30854786181441,162.01404654638478,True,False,zero_or_structural_denominator,non_residential,0,12.0,8.0,143.69353546832951,620.896256619368
360610299000,36,0,0,3.0,0.0,0.0,0.0,0.0,,True,False,zero_or_structural_denominator,non_residential,0,11.0,4.0,368.1785832470384,409.34015457585997
360610299002,36,0,0,1479.0,83.1133911859397,90.65302274348319,0.13084577442326562,33.71000152287942,257.6315641178663,True,False,,non_residential,0,8.0,4.0,366.2654484124264,551.3170121544875
360610309001,36,0,0,362.0,11.040124643746378,208.88515948227658,0.01564177064890078,480.73742081766494,30734.207245996706,True,False,,non_residential,0,7.0,5.0,273.3752774035918,701.9002282814794
360610311000,36,0,0,156.0,0.13886949237416826,22.594819661916112,0.0,0.20946602864282995,,True,False,zero_or_structural_denominator,non_residential,0,12.0,6.0,437.8750706835348,683.4356082127028
360610311001,36,0,0,698.0,1.7358686546771034,22.594819661916112,0.2821530327411426,102.28618212018212,362.5202292758028,True,False,,non_residential,0,27.0,21.0,249.89888161173747,746.6647301366218
360610317030,36,0,0,42.0,0.0,22.594819661916112,0.0,0.13411456656841833,,True,False,zero_or_structural_denominator,non_residential,0,7.0,5.0,37.80399271236974,68.12900952317177
360610317040,36,0,0,28.0,0.0,0.0,0.0,0.0,,True,False,zero_or_structural_denominator,non_residential,0,8.0,3.0,57.49426196790632,68.12900952317177
360610319000,36,0,0,32.0,0.0,0.0,0.0,0.0,,True,False,zero_or_structural_denominator,non_residential,0,7.0,1.0,41.74478669689855,41.74478669689855
360610319001,36,0,0,2317.0,93.94521159112483,47.32598852324114,0.03832334195541925,28.4715515754006,742.9297687169602,True,False,,non_residential,0,6.0,3.0,98.58358040029442,104.51490600321542
360630212003,36,3,1,1063.0,533.6295356404642,129.27696589185933,0.392362805094113,4.863252721441803,12.394785281125955,True,False,,non_residential,0,4.0,4.0,172.57985267798017,197.76636791920257
360639401001,36,0,0,0.0,0.0,0.0,0.7999905451303404,0.0,0.0,True,False,zero_or_structural_denominator,non_residential,0,5.0,4.0,18.26865589294411,56.38158004289024
360639900000,36,0,0,0.0,0.0,0.0,0.0,0.0,,True,False,zero_or_structural_denominator,non_residential,0,11.0,10.0,29.841864175086435,53.15389428445265
360650208024,36,0,0,2593.0,1000.6459201667202,100.78478856739736,0.4461591910551281,21.237410466072987,47.6005221720264,True,False,,non_residential,0,7.0,5.0,101.16168692692304,147.00867736355522
360650208033,36,0,0,234.0,120.27797370952229,12.731537587825963,0.08485328529172283,3.8557529524701284,45.440231797910656,True,False,,non_residential,0,6.0,4.0,242.46567347985373,327.28775111121297
360650259001,36,1406,0,2218.0,846.1221344982366,0.0,0.8390443923698168,4.093767208619169,4.879082973257989,True,False,zero_or_structural_denominator,non_residential,0,2.0,2.0,46.59034879807656,74.2294128628612
360650261002,36,226,0,3408.0,1670.527412632254,96.8215566703866,2.463064975228786,1.4498336659468212,0.5886298902091086,True,False,,non_residential,0,2.0,2.0,12.354205506267496,18.95128473329193
360650265011,36,800,0,2954.0,1115.0770479320295,0.0,0.21056158439275616,4.583669711041737,21.768784293016683,True,False,zero_or_structural_denominator,non_residential,0,5.0,4.0,113.7199249170175,307.7398412456179
360650265021,36,203,4,2286.0,490.7824222507214,4.0,0.22997943415269193,4.580452785641107,19.916793005934494,True,False,,non_residential,0,8.0,7.0,265.08542130749413,366.2572073898967
360650266001,36,1923,4,4240.0,586.1788033023405,4.0,1.0031111687227012,1.4003132650432644,1.3959701663239732,True,False,,non_residential,0,2.0,2.0,17.435240479099598,20.330369370650672
360650267000,36,0,0,50.0,0.0,0.0,0.0,0.0,,True,False,zero_or_structural_denominator,non_residential,0,8.0,8.0,18.21324008735855,56.33733720217629
360659800021,36,0,0,1293.0,905.4258576466817,857.5225184224822,2.9500564000658676,27.331563044075587,9.264759495264341,True,True,,non_residential,0,12.0,10.0,134.23651099318718,366.2572073898967
360659800031,36,0,0,85.0,35.91633937159346,22.594819661916112,1.012606965211126,1.2531919956543045,1.2375897447960147,True,True,,non_residential,0,10.0,10.0,110.59581070570866,192.8207023514454
360659801001,36,0,0,2391.0,1880.178602917602,202.48347937247766,4.62914132837467,9.524096859217927,2.057421924199907,True,True,,non_residential,0,7.0,7.0,61.27303499307811,242.0335559855203
360670043024,36,3762,0,17562.0,553.8483722353195,45.189639323832225,0.21080212603755932,14.803689186810816,70.22552127473891,True,False,,non_residential,0,7.0,7.0,263.0319601079648,393.09606269815157
360710001003,36,538,0,3080.0,542.9661551363597,1.1134331570232314,0.10872829837045082,7.821026025874733,71.93183507045724,True,False,,non_residential,0,6.0,6.0,83.56163554553316,155.47233780250252
360730406021,36,1404,0,4333.0,906.0769582096369,0.0,0.3006145074542447,1.4995526188452366,4.988290922963781,True,False,zero_or_structural_denominator,non_residential,0,3.0,3.0,214.6269284262811,227.4010964426757
360739900000,36,0,0,18.0,0.0,0.0,0.0,0.0,,True,False,zero_or_structural_denominator,non_residential,0,10.0,8.0,24.491405220853196,36.6152633704229
360759900000,36,0,0,0.0,0.0,0.0,0.0,0.0,,True,False,zero_or_structural_denominator,non_residential,0,12.0,10.0,14.704720062114504,327.3709647688348
360810037001,36,0,0,606.0,165.17878058129918,221.23331662140387,0.14927829147447322,72.07820137303838,482.8444957474868,True,False,,non_residential,0,12.0,8.0,163.66462158454516,273.76767444601484
360810050001,36,0,0,96.0,0.0,0.0,0.05896861047752069,6.82570349999083,115.7514726007126,True,False,zero_or_structural_denominator,non_residential,0,7.0,7.0,137.2696069248041,303.49403503381404
360810099001,36,0,0,80.0,0.0,0.0,0.09622360776011439,22.371622305544925,232.4961911770905,True,False,zero_or_structural_denominator,non_residential,0,11.0,9.0,77.22106485305417,135.38201470262592
360810107010,36,0,0,137.0,0.0,0.0,0.0,0.0,,True,False,zero_or_structural_denominator,non_residential,0,7.0,0.0,,
360810107011,36,0,0,13094.0,449.57030099389794,204.995691917364,0.6180572774907449,19.5030572563651,31.55542045479296,True,False,,non_residential,0,12.0,9.0,86.63361240356258,194.32237430990713
360810171011,36,0,0,2205.0,270.5643374227615,449.87940607423405,0.32118564436189634,23.952991396450273,74.57678080238608,True,False,,non_residential,0,14.0,13.0,95.1386029770817,249.5340974604643
360810179021,36,70,0,29166.0,6105.635559134085,995.344907941221,0.1457107075290782,128.0444484145338,878.757989621189,True,False,,non_residential,0,6.0,3.0,102.87143420517906,116.4380749665038
360810199012,36,130,4,4479.0,1207.8231195447033,382.6587833048853,0.08501776481128324,25.18557728956858,296.2389959965878,True,False,,non_residential,0,7.0,3.0,177.14340928481397,258.1401653121029
360810199021,36,176,0,2798.0,639.0400787195058,168.08428355106705,0.17504173021087732,33.1854771400355,189.58608955736494,True,False,,non_residential,0,10.0,3.0,65.93220559943492,258.1401653121029
360810199022,36,8,8,4067.0,1472.1865663292538,444.01963883205974,0.06667405125655192,20.33156318979736,304.9396700309166,True,False,,non_residential,0,5.0,2.0,162.03618545576893,258.1401653121029
360810199031,36,0,0,217.0,99.77994211585266,0.43016929342944366,0.24718646295252686,1.9013815309133144,7.69209409043764,True,False,zero_or_structural_denominator,non_residential,0,6.0,4.0,167.02071961204658,258.1401653121029
360810216012,36,0,0,17.0,0.0,0.0,0.012898514812100817,8.453873233377392,655.4144687608795,True,False,zero_or_structural_denominator,non_residential,0,6.0,3.0,98.35612016828902,166.47629300163916
360810216013,36,30,0,1170.0,242.90997144308702,22.594819661916112,0.011683837421168703,1.8184577143014322,155.6387382630609,True,False,,non_residential,0,2.0,1.0,91.73375968850254,91.73375968850254
360810216031,36,0,0,14.0,0.0,0.0,0.007465285236386665,0.0,0.0,True,False,zero_or_structural_denominator,non_residential,0,6.0,4.0,158.37126489152115,239.50451580974095
360810216032,36,0,0,195.0,16.44313652845512,0.0,0.1094742477408516,4.980115289841726,45.49120357173587,True,False,zero_or_structural_denominator,non_residential,0,7.0,5.0,110.39370656195189,162.67799185242185
360810219001,36,0,0,5414.0,2089.3994620589224,653.5459198601835,0.4957841292947094,83.67848864423999,168.78008734018775,True,False,,non_residential,0,13.0,7.0,99.67153062761409,284.63553562746023
360810229001,36,0,0,656.0,110.99117156707206,119.768056643918,0.5176100982177868,21.31811965757341,41.185671861841676,True,False,,non_residential,0,18.0,17.0,87.00613277316073,741.4855039996125
360810246001,36,0,0,7369.0,639.0400787195058,45.189639323832225,0.1171970631170195,30.688863924347142,261.8569365829993,True,False,,non_residential,0,11.0,11.0,305.4677612519109,628.0139309122965
360810288031,36,0,0,130.0,17.19055182520308,0.0,0.1052174714423689,13.641552854585807,129.65102342397327,True,False,zero_or_structural_denominator,non_residential,0,12.0,12.0,162.98651767802357,417.57367107492314
360810299001,36,0,0,777.0,218.24526665040432,29.417772531730144,0.15762813675619539,24.419119683616557,154.91599524129242,True,False,,non_residential,0,7.0,7.0,168.75134230693254,384.3276588848069
360810306001,36,382,0,1751.0,224.598296672762,170.28669044824255,0.25124632715012735,51.03327497717933,203.12048162473394,True,False,,non_residential,0,13.0,12.0,148.16674168604175,417.57367107492314
360810317001,36,0,0,317.0,118.46532453455167,24.784772428466006,0.07560613859343161,7.086551221250327,93.7298393105078,True,False,,non_residential,0,7.0,3.0,89.27737130204706,121.76471273513496
360810331000,36,0,0,18.0,0.0,0.0,0.0,0.0,,True,False,zero_or_structural_denominator,non_residential,0,9.0,0.0,,
360810331001,36,0,0,14788.0,3955.3217503902047,1883.1330002270447,1.095414295164467,39.10205251654212,35.696131307717955,True,False,,non_residential,0,13.0,9.0,165.42187055578268,483.9013176064229
360810383010,36,0,0,3.0,0.0,0.0,0.0,0.0,,True,False,zero_or_structural_denominator,non_residential,0,5.0,1.0,339.0905381227658,339.0905381227658
360810383011,36,0,0,1529.0,485.81994288617403,40.25771048048933,0.21627975736151162,55.143513352001634,254.96382104696582,True,False,,non_residential,0,7.0,3.0,339.0905381227658,609.2361198182424
360810383020,36,0,0,0.0,0.0,0.0,0.0,0.0,,True,False,zero_or_structural_denominator,non_residential,0,6.0,0.0,,
360810383021,36,0,0,7655.0,1230.2455784471422,682.5764520852073,1.7302318812575554,257.46110477411514,148.80150317597258,True,False,,non_residential,0,43.0,36.0,140.8119277399493,609.2361198182424
360810426001,36,453,0,955.0,234.31469553048547,22.594819661916112,0.20143297105715285,19.736434029895054,97.98015650722448,True,False,,non_residential,0,8.0,8.0,126.20201846535105,150.2146572220583
360810499001,36,0,0,201.0,26.1595353861786,23.825571717147376,0.011771482611169207,21.212369118216504,1802.0133757908663,True,False,,non_residential,0,5.0,5.0,131.01525882332106,148.8246585071531
360810535021,36,0,0,2167.0,668.5629829410502,327.2513292279259,0.12539555635257338,31.63725144193377,252.29962179026217,True,False,,non_residential,0,5.0,2.0,203.81239132922184,307.9532520308296
360810539021,36,28,8,116.0,16.484491780487758,8.0,0.06391033200534654,7.412408016217526,115.98137239527134,True,False,,non_residential,0,7.0,7.0,114.87541096835696,307.9532520308296
360810561001,36,12,4,388.0,33.301335957316866,4.0,1.089649403834522,23.939333111058176,21.96975745300705,True,False,,non_residential,0,19.0,16.0,127.08746490574676,425.4484555272031
360810607011,36,0,0,141.0,2.98966118699184,0.0,0.275286591952733,4.436311901841354,16.115248731776497,True,False,zero_or_structural_denominator,non_residential,0,13.0,12.0,90.67911902674021,284.63553562746023
360810613021,36,0,0,129.0,34.00739600203218,22.594819661916112,0.1880444926057981,4.107652098485023,21.84404361735808,True,False,,non_residential,0,7.0,6.0,117.13628127299252,227.02990955429465
360810624001,36,0,0,99.0,7.100445319105621,0.0,0.19772484592603015,0.0,0.0,True,False,zero_or_structural_denominator,non_residential,0,10.0,10.0,83.46701076026957,105.6654124084445
360810641021,36,0,0,606.0,30.644027166666362,0.0,0.8592224772800212,49.1906939073432,57.250241012156295,True,False,zero_or_structural_denominator,non_residential,0,26.0,24.0,90.55734722124966,343.8469986302789
360810654021,36,0,0,43.0,0.74741529674796,0.0,0.09751010015254472,3.7562189940582993,38.521332540752944,True,False,zero_or_structural_denominator,non_residential,0,8.0,8.0,115.42668896928156,148.0534891916128
360810655011,36,0,0,188.0,24.66470479268268,45.189639323832225,0.3135477714606188,45.33316645049399,144.58137029427996,True,False,,non_residential,0,12.0,12.0,110.75035765548193,269.1711120683432
360810663021,36,0,0,107.0,1.12112294512194,0.0,0.09453479691843064,3.7960538546768285,40.15509609601482,True,False,zero_or_structural_denominator,non_residential,0,6.0,6.0,70.67353716280603,124.64336875000137
360810664041,36,0,0,2177.0,864.7594983373898,111.52254450360292,0.36779666915150433,4.2142391431659085,11.458067722277175,True,False,,non_residential,0,6.0,5.0,97.27818504361834,167.48661692359633
360810716001,36,0,0,35461.0,11013.538105229565,4628.71615209921,7.073046756187619,82.41409462074752,11.651852088868251,True,False,,non_residential,0,14.0,9.0,97.27818504361834,167.48661692359633
360810793001,36,0,0,97.0,2.24224589024388,0.0,0.3374803137609771,0.0,0.0,True,False,zero_or_structural_denominator,non_residential,0,8.0,7.0,104.69503434164814,260.1669669022423
360810797013,36,0,0,244.0,12.33235239634134,22.594819661916112,0.005603114525494868,8.430002216733715,1504.5207765031673,True,False,,non_residential,0,3.0,3.0,83.3410255338017,120.23278113228032
360810797023,36,0,0,185.0,26.1595353861786,0.0,0.06121031961030895,14.441000956229576,235.92428610350606,True,False,zero_or_structural_denominator,non_residential,0,8.0,6.0,131.89255781931035,183.45947644277624
360810837004,36,0,0,164.0,0.0,0.0,0.06598061177971971,24.058533036458613,364.63034196741745,True,False,zero_or_structural_denominator,non_residential,0,8.0,7.0,83.3410255338017,174.0327712176194
360810884000,36,0,0,70.0,0.0,0.0,0.0,0.0,,True,False,zero_or_structural_denominator,non_residential,0,8.0,5.0,88.38010907335493,130.02012135358274
360810892021,36,0,0,32.0,0.0,0.0,0.4241756924513449,2.3540269682597494,5.5496507936502475,True,False,zero_or_structural_denominator,non_residential,0,11.0,6.0,98.24225920638031,826.3316039409472
360810907000,36,0,0,55.0,0.0,0.0,0.0,0.0,,True,False,zero_or_structural_denominator,non_residential,0,8.0,3.0,281.65615549989576,339.0905381227658
360810916020,36,0,0,0.0,0.0,0.0,0.0,0.0,,True,False,zero_or_structural_denominator,non_residential,0,6.0,0.0,,
360810916021,36,16,5,30.0,0.0,27.594819661916112,0.49328334561350556,0.4708381975751998,0.9544984677915888,True,False,zero_or_structural_denominator,non_residential,0,7.0,1.0,96.2419642936005,96.2419642936005
360810916030,36,0,0,0.0,0.0,0.0,0.0,0.0,,True,False,zero_or_structural_denominator,non_residential,0,11.0,3.0,51.68781607504739,96.2419642936005
360810916031,36,0,0,8.0,0.0,0.0,0.04679480941709806,0.1468419735606165,3.1379970426156465,True,False,zero_or_structural_denominator,non_residential,0,4.0,1.0,51.68781607504739,51.68781607504739
360810916033,36,0,0,0.0,0.0,0.0,0.08794673578636622,0.0,0.0,True,False,zero_or_structural_denominator,non_residential,0,5.0,2.0,68.30230680319718,96.2419642936005
360810916040,36,0,0,0.0,0.0,0.0,0.0,0.0,,True,False,zero_or_structural_denominator,non_residential,0,6.0,0.0,,
360810916041,36,0,0,419.0,9.71639885772348,22.594819661916112,0.9603824011377412,0.6188543140300694,0.644383230364205,True,False,,non_residential,0,8.0,3.0,40.64510515152888,51.68781607504739
360810918000,36,0,0,0.0,0.0,0.0,0.0,0.0,,True,False,zero_or_structural_denominator,non_residential,0,13.0,3.0,96.2419642936005,141.49569269871233
360810918001,36,8,4,35.0,7.7370764837398,94.37927864766445,0.43492207383145093,1.4421912052301211,3.315976106995723,True,False,,non_residential,0,9.0,4.0,115.93430481201025,141.49569269871233
360810919000,36,0,0,4.0,0.0,0.0,0.0,0.0,,True,False,zero_or_structural_denominator,non_residential,0,8.0,5.0,84.15115345207039,281.65615549989576
360810922000,36,0,0,3.0,0.0,0.0,0.0,0.0,,True,False,zero_or_structural_denominator,non_residential,0,9.0,4.0,57.59984542256325,141.49569269871233
360810928000,36,0,0,1.0,0.0,0.0,0.0,0.0,,True,False,zero_or_structural_denominator,non_residential,0,13.0,7.0,60.54816019254537,141.49569269871233
360810929000,36,0,0,21.0,0.0,0.0,0.0,0.0,,True,False,zero_or_structural_denominator,non_residential,0,13.0,4.0,84.18614103189898,99.69246084636458
360810934010,36,0,0,0.0,0.0,0.0,0.0,0.0,,True,False,zero_or_structural_denominator,non_residential,0,8.0,4.0,70.29229174331998,267.1681031969954
360810934020,36,0,0,0.0,0.0,0.0,0.0,0.0,,True,False,zero_or_structural_denominator,non_residential,0,8.0,5.0,84.44613067943382,267.1681031969954
360810938000,36,0,0,38.0,0.0,0.0,0.0,0.0,,True,False,zero_or_structural_denominator,non_residential,0,12.0,6.0,109.12258191402901,267.1681031969954
360810939000,36,0,0,25.0,0.0,0.0,0.0,0.0,,True,False,zero_or_structural_denominator,non_residential,0,6.0,2.0,85.66709054081453,99.69246084636458
360810942010,36,0,0,0.0,0.0,0.0,0.0,0.0,,True,False,zero_or_structural_denominator,non_residential,0,5.0,2.0,179.5851639201348,267.1681031969954
360810942020,36,0,0,19.0,0.0,0.0,0.0,0.0,,True,False,zero_or_structural_denominator,non_residential,0,7.0,4.0,205.861377728097,307.3068214390381
360810942030,36,0,0,0.0,0.0,0.0,0.0,0.0,,True,False,zero_or_structural_denominator,non_residential,0,7.0,4.0,177.44911053426097,246.86258015050447
360810945000,36,0,0,10.0,0.0,0.0,0.0,0.0,,True,False,zero_or_structural_denominator,non_residential,0,7.0,3.0,96.71085066811214,124.09429500362177
360810954000,36,0,0,5.0,0.0,0.0,0.0,0.0,,True,False,zero_or_structural_denominator,non_residential,0,11.0,6.0,189.43663139185645,246.86258015050447
360810964000,36,0,0,0.0,0.0,0.0,0.0,0.0,,True,False,zero_or_structural_denominator,non_residential,0,6.0,3.0,246.86258015050447,289.27896911983595
360810972020,36,0,0,0.0,0.0,0.0,0.0,0.0,,True,False,zero_or_structural_denominator,non_residential,0,6.0,3.0,250.6094315411005,289.27896911983595
360810972070,36,0,0,6.0,0.0,0.0,0.0,0.0,,True,False,zero_or_structural_denominator,non_residential,0,8.0,4.0,203.6772376667568,250.6094315411005
360810972071,36,0,0,181.0,0.0,0.0,0.32124162917489224,26.729601706100198,83.20715398796558,True,False,zero_or_structural_denominator,non_residential,0,5.0,4.0,159.84851709646261,232.27902503804094
360810973000,36,0,0,9.0,0.0,0.0,0.0,0.1468419735606165,,True,False,zero_or_structural_denominator,non_residential,0,7.0,3.0,102.27866886482353,124.09429500362177
360810981000,36,0,0,10.0,0.0,0.0,0.0,0.0,,True,False,zero_or_structural_denominator,non_residential,0,8.0,3.0,102.27866886482353,130.42596269205626
360810987000,36,0,0,20.0,0.0,0.0,0.0,0.0,,True,False,zero_or_structural_denominator,non_residential,0,7.0,3.0,102.27866886482353,130.42596269205626
360810991000,36,0,0,21.0,0.0,0.0,0.0,0.0,,True,False,zero_or_structural_denominator,non_residential,0,7.0,4.0,92.29172908598703,147.06816059126652
360810992000,36,0,0,0.0,0.0,0.0,0.0,0.0,,True,False,zero_or_structural_denominator,non_residential,0,6.0,3.0,250.6094315411005,289.27896911983595
360810997050,36,0,0,13.0,0.0,0.0,0.0,0.0,,True,False,zero_or_structural_denominator,non_residential,0,14.0,7.0,55.848275966731045,155.33142900920149
360810998020,36,0,0,0.0,0.0,0.0,0.0,0.0,,True,False,zero_or_structural_denominator,non_residential,0,7.0,4.0,146.29050094474854,250.6094315411005
360810999001,36,0,0,592.0,246.64704792682682,1.2966601382044256,0.25034207589470364,3.055008438012568,12.203335883886874,True,False,,non_residential,0,4.0,3.0,54.157495479917806,83.40676876623856
360811008010,36,0,0,1.0,0.0,0.0,0.0,0.0,,True,False,zero_or_structural_denominator,non_residential,0,8.0,4.0,83.44053980005003,116.66121438941578
360811008040,36,0,0,1.0,0.0,0.0,0.0,0.0,,True,False,zero_or_structural_denominator,non_residential,0,6.0,4.0,176.5951552455564,250.6094315411005
360811010020,36,0,0,23.0,0.0,0.0,0.0,0.0,,True,False,zero_or_structural_denominator,non_residential,0,5.0,3.0,89.21313117634521,159.51733001518514
360811010040,36,0,0,3.0,0.0,0.0,0.0,0.0,,True,False,zero_or_structural_denominator,non_residential,0,7.0,4.0,124.36523059576518,203.3678707131519
360811010044,36,0,0,38.0,1.12112294512194,22.594819661916112,0.04755272795441521,17.15446747077685,360.746232839079,True,False,,non_residential,0,6.0,4.0,112.19604801369445,159.51733001518514
360811072020,36,0,0,209.0,0.0,22.594819661916112,0.0,0.13458336476249083,,True,False,zero_or_structural_denominator,non_residential,0,17.0,3.0,104.76265019663356,148.87165496110867
360811072021,36,0,0,339.0,196.5702230447135,45.189639323832225,2.588880610729908,4.900537210996007,1.8929174217942601,True,False,,non_residential,0,7.0,2.0,81.90536874775111,104.76265019663356
360811093000,36,0,0,0.0,0.0,0.0,0.0,0.0,,True,False,zero_or_structural_denominator,non_residential,0,6.0,3.0,133.57952147302728,155.33142900920149
360811113000,36,0,0,0.0,0.0,0.0,0.0,0.0,,True,False,zero_or_structural_denominator,non_residential,0,6.0,3.0,69.18602368141558,133.57952147302728
360811207021,36,0,0,47.0,7.100445319105621,0.0,0.12073067007245837,1.7746340484986722,14.699115373364517,True,False,zero_or_structural_denominator,non_residential,0,7.0,7.0,103.11194724287377,146.00167573847406
360811211001,36,0,0,165.0,5.231907077235721,0.0,0.3782720068162784,8.09470249953917,21.399158155180796,True,False,zero_or_structural_denominator,non_residential,0,10.0,10.0,112.94292889315227,174.0327712176194
360811283001,36,0,0,306.0,153.96755113007976,3.190026531375082,0.7613664295933776,18.043648949278765,23.699034062895738,True,False,,non_residential,0,21.0,20.0,132.61198378435438,321.446168988165
360811347023,36,10,0,4121.0,147.24081345934812,0.0,0.05500411351309254,2.445966982414321,44.46880108034304,True,False,zero_or_structural_denominator,non_residential,0,7.0,6.0,122.03669056090627,212.5551727663323
360811385021,36,94,0,348.0,42.976379563007704,0.0,0.9091983823817632,18.1822919616855,19.998156963340197,True,False,zero_or_structural_denominator,non_residential,0,22.0,21.0,70.89519780910092,133.57952147302728
360811483000,36,0,0,3.0,0.0,0.0,0.0,0.0,,True,False,zero_or_structural_denominator,non_residential,0,8.0,5.0,71.0559429765578,122.5738824124077
360819901000,36,0,0,0.0,0.0,0.0,0.0,0.0,,True,False,zero_or_structural_denominator,non_residential,0,20.0,1.0,89.21313117634521,89.21313117634521
360850003000,36,0,0,24.0,0.0,0.0,0.0,0.0,,True,False,zero_or_structural_denominator,non_residential,0,9.0,5.0,220.43971551854312,404.5291169101179
360850006000,36,0,0,3.0,0.0,0.0,0.0,0.0,,True,False,zero_or_structural_denominator,non_residential,0,10.0,3.0,123.65910097034387,328.99897408175053
360850007000,36,0,0,3.0,0.0,0.0,0.0,0.0,,True,False,zero_or_structural_denominator,non_residential,0,7.0,5.0,216.8259346494884,404.5291169101179
360850018000,36,0,0,5.0,0.0,0.0,0.0,0.0,,True,False,zero_or_structural_denominator,non_residential,0,9.0,2.0,79.65155532104006,123.65910097034387
360850021000,36,0,0,27.0,0.0,0.0,0.0,0.0,,True,False,zero_or_structural_denominator,non_residential,0,9.0,3.0,328.99897408175053,351.7146006424985
360850059021,36,0,0,263.0,251.35152586670768,1.7206771737177746,0.17378612599113438,20.449133842734856,117.66839111068083,True,False,,non_residential,0,5.0,5.0,75.51695233854325,89.53680187451225
360850070020,36,0,0,0.0,0.0,0.0,0.0,0.0,,True,False,zero_or_structural_denominator,non_residential,0,6.0,0.0,,
360850070024,36,0,0,148.0,0.0,67.78445898574833,0.10707346451872322,4.607433637847613,43.03058333413637,True,False,zero_or_structural_denominator,non_residential,0,8.0,3.0,70.0702319996164,95.76003548384077
360850074000,36,0,0,0.0,0.0,0.0,0.0,0.0,,True,False,zero_or_structural_denominator,non_residential,0,6.0,1.0,35.64400967173624,35.64400967173624
360850074003,36,0,0,31.0,0.0,22.594819661916112,0.04395078091690545,3.0236685682094873,68.79669724017232,True,False,zero_or_structural_denominator,non_residential,0,7.0,3.0,35.64400967173624,95.76003548384077
360850081000,36,0,0,0.0,0.0,0.0,0.0,0.0,,True,False,zero_or_structural_denominator,non_residential,0,6.0,4.0,112.1423191372015,216.8259346494884
360850097010,36,0,0,3.0,0.0,0.0,0.0,0.0,,True,False,zero_or_structural_denominator,non_residential,0,7.0,5.0,75.75291941506721,151.06640566574276
360850097020,36,0,0,0.0,0.0,0.0,0.0,0.0,,True,False,zero_or_structural_denominator,non_residential,0,6.0,4.0,71.7645063327779,151.06640566574276
360850112010,36,0,0,0.0,0.0,0.0,0.0,0.0,,True,False,zero_or_structural_denominator,non_residential,0,6.0,0.0,,
360850112014,36,0,0,50.0,0.0,0.0,0.08002469169636459,0.293683947121233,3.6699166331755415,True,False,zero_or_structural_denominator,non_residential,0,9.0,4.0,79.37980109286067,109.60757760882925
360850112040,36,0,0,0.0,0.0,0.0,0.0,0.0,,True,False,zero_or_structural_denominator,non_residential,0,7.0,1.0,34.49633959015665,34.49633959015665
360850112042,36,0,0,72.0,44.35615162353665,0.0,0.07319415840870405,3.348795897471411,45.75222900675064,True,False,zero_or_structural_denominator,non_residential,0,6.0,3.0,88.68937018610495,109.60757760882925
360850128040,36,0,0,0.0,0.0,0.0,0.0,0.0,,True,False,zero_or_structural_denominator,non_residential,0,6.0,1.0,34.49633959015665,34.49633959015665
360850128043,36,0,0,45.0,1.848172984314027,0.0,0.06481072223918434,1.451161994986033,22.390770305421245,True,False,zero_or_structural_denominator,non_residential,0,7.0,3.0,50.22821276625185,65.10841567146403
360850128050,36,0,0,0.0,0.0,0.0,0.0,0.0,,True,False,zero_or_structural_denominator,non_residential,0,5.0,1.0,139.1838558499727,139.1838558499727
360850128053,36,0,0,140.0,0.0,0.0,0.0256333223089584,0.0,0.0,True,False,zero_or_structural_denominator,non_residential,0,3.0,2.0,124.31492983364859,139.1838558499727
360850128060,36,0,0,0.0,0.0,0.0,0.0,0.0,,True,False,zero_or_structural_denominator,non_residential,0,6.0,1.0,139.1838558499727,139.1838558499727
360850128064,36,0,0,10.0,0.0,0.0,0.0760930134154168,0.0,0.0,True,False,zero_or_structural_denominator,non_residential,0,7.0,3.0,65.10841567146403,139.1838558499727
360850154000,36,0,0,0.0,0.0,0.0,0.0,0.0,,True,False,zero_or_structural_denominator,non_residential,0,6.0,2.0,101.73455180664774,139.1838558499727
360850154001,36,0,0,36.0,0.0,0.0,0.8574216968123456,2.579206140424139,3.008095258159325,True,False,zero_or_structural_denominator,non_residential,0,10.0,7.0,62.028665888341614,139.1838558499727
360850156030,36,0,0,80.0,0.0,0.0,0.0,0.0,,True,False,zero_or_structural_denominator,non_residential,0,8.0,4.0,59.42892634548117,67.24378300345207
360850176000,36,0,0,0.0,0.0,0.0,0.0,0.0,,True,False,zero_or_structural_denominator,non_residential,0,7.0,4.0,52.46521210136335,60.09240734313546
360850198000,36,0,0,0.0,0.0,0.0,0.0,0.0,,True,False,zero_or_structural_denominator,non_residential,0,8.0,5.0,38.57941426010512,60.09240734313546
360850207010,36,0,0,2.0,0.0,0.0,0.0,0.0,,True,False,zero_or_structural_denominator,non_residential,0,7.0,5.0,133.38136918050697,216.55946447636774
360850207020,36,0,0,28.0,0.0,0.0,0.0,0.0,,True,False,zero_or_structural_denominator,non_residential,0,11.0,9.0,84.25549117788174,270.88638567254634
360850223000,36,0,0,0.0,0.0,0.0,0.0,0.0,,True,False,zero_or_structural_denominator,non_residential,0,9.0,6.0,127.82482297801847,176.34938137276245
360850223003,36,0,0,0.0,0.0,0.0,0.030332571681188143,0.0,0.0,True,False,zero_or_structural_denominator,non_residential,0,4.0,2.0,93.32132862397563,98.85222032428261
360850226020,36,0,0,2.0,0.0,0.0,0.0,0.0,,True,False,zero_or_structural_denominator,non_residential,0,11.0,4.0,80.25025306263936,192.66234644224576
360850226023,36,0,0,1541.0,554.451895294208,74.57598810148778,0.43272824136632815,21.886573436438233,50.57810270790727,True,False,,non_residential,0,7.0,4.0,78.15852612744263,192.66234644224576
360850228010,36,0,0,0.0,0.0,0.0,0.0,0.0,,True,False,zero_or_structural_denominator,non_residential,0,5.0,0.0,,
360850228012,36,0,0,393.0,2.464230645752036,1.2760106125500328,1.0084656334580626,4.0310904759807915,3.9972512123770114,True,False,,non_residential,0,7.0,2.0,60.80364316643652,74.39320743155298
360850228021,36,0,0,500.0,261.20844844971583,22.594819661916112,2.126534858880105,204.57586856173288,96.20151191383171,True,False,,non_residential,0,18.0,16.0,57.25069923121359,247.24680203560138
360850244010,36,0,0,0.0,0.0,0.0,0.0,0.0,,True,False,zero_or_structural_denominator,non_residential,0,8.0,6.0,62.2622181297352,106.87990772205728
360850244020,36,0,0,14.0,0.0,0.0,0.0,0.0,,True,False,zero_or_structural_denominator,non_residential,0,8.0,5.0,38.57941426010512,69.61530566875439
360850248000,36,0,0,20.0,0.0,0.0,0.0,0.0,,True,False,zero_or_structural_denominator,non_residential,0,11.0,9.0,63.67740568223544,192.66234644224576
360850273011,36,18,0,81.0,0.0,0.0,0.06032267074770471,0.603253296528024,10.00044078040059,True,False,zero_or_structural_denominator,non_residential,0,2.0,1.0,56.021431415752275,56.021431415752275
360850273012,36,403,0,13876.0,1935.6531722382242,2.142501457325015,0.5105861277486714,4.36972762330111,8.558257629459227,True,False,,non_residential,0,8.0,7.0,42.98068051377395,97.84887628474371
360850279003,36,0,0,152.0,19.713845166016288,23.80711494339909,0.23027827722344255,10.500967943362177,45.60120941487211,True,False,,non_residential,0,8.0,7.0,58.45607157274194,63.551784040304405
360850279004,36,0,0,27.0,0.0,22.594819661916112,0.15475862551353567,8.137286919713652,52.580506532102405,True,False,zero_or_structural_denominator,non_residential,0,5.0,3.0,58.45607157274194,64.99385638196318
360850291020,36,0,0,64.0,0.0,0.0,0.0,0.0,,True,False,zero_or_structural_denominator,non_residential,0,9.0,5.0,188.59846127272118,367.1474105145841
360850303024,36,0,0,106.0,3.696345968628054,0.0,0.09249347480595191,0.293683947121233,3.1751855764676558,True,False,zero_or_structural_denominator,non_residential,0,3.0,3.0,79.6466230064251,188.7009381378968
360850319020,36,0,0,3.0,0.0,0.0,0.0,0.0,,True,False,zero_or_structural_denominator,non_residential,0,9.0,6.0,138.83392805256335,247.90197334572295
360850323000,36,0,0,0.0,0.0,0.0,0.0,0.0,,True,False,zero_or_structural_denominator,non_residential,0,7.0,5.0,126.6432651698403,247.90197334572295
360859901000,36,0,0,0.0,0.0,0.0,0.0,0.0,,True,False,zero_or_structural_denominator,non_residential,0,26.0,9.0,54.66179483390036,118.60252613226216
360894911001,36,2175,3,5185.0,789.9201541724634,147.5009922593469,0.9491167123543282,4.549559518423639,4.793466872096525,True,False,,non_residential,0,5.0,5.0,53.19082020406464,93.44122634685756
360894912001,36,1390,0,3720.0,465.26549136771047,22.594819661916112,0.2806217515801646,4.738416012682243,16.885419558535645,True,False,,non_residential,0,2.0,2.0,53.39718441151901,93.44122634685756
360894914004,36,955,0,2630.0,623.9932492530846,34.91945623167537,1.4865655116849166,12.803174562549177,8.612586839874744,True,False,,non_residential,0,4.0,4.0,160.3659570549067,440.95626336731135
360894919001,36,1773,0,2103.0,94.0608935617032,116.15182032512345,0.8921114313532506,4.677706846000511,5.243410948007765,True,False,,non_residential,0,4.0,4.0,15.723022854502027,19.06719773989386
360910613031,36,2182,3,5866.0,1832.4260596751528,48.189639323832225,0.4388475744778612,3.376233938202855,7.693409134640615,True,False,,non_residential,0,2.0,2.0,35.48723744160611,37.38894683601258
360930334003,36,1478,0,2998.0,1441.552646217419,62.73478524639518,0.16913166446930136,12.907075671670405,76.31377431405302,True,False,,non_residential,0,8.0,8.0,119.29176515804335,438.8402556413829
360957403001,36,1076,0,1744.0,148.29755837833724,28.655870071528767,0.2196844061959806,3.33012666918081,15.158684800822876,True,False,,non_residential,0,3.0,3.0,9.225068587272144,101.45785010628487
360999508011,36,950,0,2279.0,0.0,0.0,0.7865094021609235,1.4220450528767163,1.8080458402272976,True,False,zero_or_structural_denominator,non_residential,0,1.0,1.0,15.624071311388104,15.624071311388104
361031223003,36,0,0,227.0,19.079371169847725,22.594819661916112,1.6746022822475428,2.694638148537532,1.6091212684369227,True,False,,non_residential,0,9.0,7.0,28.30805145348437,145.08902400956575
361031580141,36,653,0,11586.0,1510.450217612945,142.62212313391453,0.3448147103656009,11.260103627242966,32.65551987414945,True,False,,non_residential,0,5.0,4.0,32.65155627224387,44.39041765705872
361031580151,36,8966,0,36771.0,5523.477953670917,207.50041144803262,1.304172010272279,30.152033127478134,23.119675081190504,True,False,,non_residential,0,11.0,10.0,37.02130136844883,62.850301502906845
361031587104,36,48,0,3447.0,2605.1291384829583,0.0,8.352023283998783,3.4762003977406164,0.41621057311950893,True,False,zero_or_structural_denominator,non_residential,0,8.0,8.0,57.01019614498796,211.4966128923673
361031904042,36,1082,0,1082.0,0.0,0.0,1.1543539479800933,4.149900963110191,3.594998718003047,True,False,zero_or_structural_denominator,non_residential,0,6.0,6.0,139.4184750875286,494.8024725284999
361039901000,36,0,0,0.0,0.0,0.0,0.0,0.06681777590657395,,True,False,zero_or_structural_denominator,non_residential,0,72.0,64.0,32.80447083725123,210.9877291807034
361130706041,36,20,9,81.0,40.5678637612627,99.37927864766445,1.1156418011509714,0.45902836993736523,0.41144780471993836,True,False,,non_residential,0,4.0,4.0,26.04270352447812,82.79907776083326
361150810021,36,1006,0,2485.0,711.6492289745179,46.784652589519766,0.8916094985470803,1.984790113735788,2.226075559950962,True,False,,non_residential,0,3.0,3.0,16.16738877605828,33.19475668518411
361179901000,36,0,0,30.0,0.0,0.0,0.0,0.0,,True,False,zero_or_structural_denominator,non_residential,0,14.0,12.0,19.518387482219612,40.79743024960126
361190004033,36,0,0,350.0,0.0,45.189639323832225,0.061299895311102415,0.24044069318465872,3.9223671095097443,True,False,zero_or_structural_denominator,non_residential,0,7.0,7.0,85.73474507983926,180.97744609412445
361190015034,36,0,0,69.0,0.0,0.0,0.09845913925836518,0.0,0.0,True,False,zero_or_structural_denominator,non_residential,0,8.0,8.0,72.59481058451948,113.8243038070279
361190056001,36,0,0,0.0,0.0,0.0,0.12064765810836098,0.0,0.0,True,False,zero_or_structural_denominator,non_residential,0,1.0,1.0,32.782769516340515,32.782769516340515
361190086023,36,1063,8,5560.0,1239.8875954190637,106.60390603805875,0.5204020029265695,5.733065751314531,11.016609696107352,True,False,,non_residential,0,2.0,2.0,25.76053709614405,38.028418595323046
361199820001,36,1494,0,2949.0,678.1465603968282,0.0,0.10228463944570002,2.3509027629814043,22.983927750260403,True,True,zero_or_structural_denominator,non_residential,0,3.0,3.0,46.01684535552889,111.44023525019935
361199830001,36,1044,7,2400.0,667.8762744784032,7.0,0.27995109213068936,0.8567999769935983,3.0605345043398473,True,True,,non_residential,0,3.0,3.0,15.89868053737549,38.494616885768096
361199850001,36,2205,0,5870.0,715.5655132200828,158.16373763341278,0.7227836269873842,5.426407337924609,7.507651163242696,True,True,,non_residential,0,2.0,2.0,31.35030478141642,38.028418595323046
361219702011,36,2826,0,5726.0,0.0,0.0,0.257607746315098,3.648314519836943,14.16228576983254,True,False,zero_or_structural_denominator,non_residential,0,1.0,1.0,6.5499992911682705,6.5499992911682705
370079800001,37,1358,0,1582.0,389.82506203473946,0.0,0.5493187379921988,3.723448563106178,6.778302478294591,True,True,zero_or_structural_denominator,non_residential,0,1.0,1.0,25.880647978106335,25.880647978106335
370159604020,37,0,0,0.0,0.0,0.0,0.0,0.0,,True,False,zero_or_structural_denominator,non_residential,0,5.0,2.0,112.47642946208731,140.35568590930822
370159604023,37,1298,0,2116.0,222.91426753618578,0.0,0.2571780146125845,2.0930840892845537,8.138658712478188,True,False,zero_or_structural_denominator,non_residential,0,1.0,1.0,64.20611852666556,64.20611852666556
370199901000,37,0,0,0.0,0.0,0.0,0.0,0.0,,True,False,zero_or_structural_denominator,non_residential,0,18.0,16.0,87.57106849143156,281.9916015253598
370299501020,37,0,0,0.0,0.0,0.0,0.0,0.0,,True,False,zero_or_structural_denominator,non_residential,0,5.0,2.0,73.18303080131714,111.66787958377358
370319801001,37,0,0,0.0,0.0,0.0,21.918907187570063,0.0,0.0,True,True,zero_or_structural_denominator,non_residential,0,13.0,9.0,46.799992131691965,131.45115894898765
370319901000,37,0,0,0.0,0.0,0.0,0.0,0.0,,True,False,zero_or_structural_denominator,non_residential,0,12.0,8.0,104.56161110563451,171.68392255653268
370319902000,37,0,0,0.0,0.0,0.0,0.0,0.0,,True,False,zero_or_structural_denominator,non_residential,0,4.0,1.0,51.03896382906984,51.03896382906984
370419301010,37,0,0,0.0,0.0,0.0,0.0,0.0,,True,False,zero_or_structural_denominator,non_residential,0,5.0,3.0,84.59717301486639,140.35568590930822
370419301020,37,0,0,0.0,0.0,0.0,0.0,0.0,,True,False,zero_or_structural_denominator,non_residential,0,8.0,4.0,44.81332398733316,84.59717301486639
370510034011,37,88,0,1836.0,113.8649877086961,1.7206771737177746,2.4631958638605487,1.5069506572102749,0.6117867764069895,True,False,,non_residential,0,4.0,3.0,47.47236246887546,74.14487289761767
370510034041,37,2684,0,2860.0,358.7175176687494,0.11731889820803008,0.9762025509839117,9.515201997575776,9.74715952953148,True,False,zero_or_structural_denominator,non_residential,0,5.0,3.0,42.77950771935872,46.15809397442736
370510034042,37,840,0,2593.0,170.36941769947762,163.36487545396878,1.0385927987908794,7.130192816232771,6.865243841988582,True,False,,non_residential,0,4.0,1.0,42.77950771935872,42.77950771935872
370510034102,37,2961,0,3872.0,44.51864181091878,452.8534011977348,2.824551190700254,13.222984754530572,4.681446311919158,True,False,,non_residential,0,9.0,7.0,60.102033381839924,197.48044344173917
370519801001,37,204,0,7841.0,1136.937621632695,347.6838727490452,35.61346580853609,10.28463111475562,0.28878489866859647,True,True,,non_residential,0,22.0,17.0,113.37832244936209,445.51672438687217
370519802001,37,787,0,1889.0,4.280638635665267,22.594819661916112,13.169550419287447,5.247425450592688,0.398451373321566,True,True,,non_residential,0,15.0,15.0,95.25640948054186,390.05188926800184
370531104040,37,0,0,0.0,0.0,0.0,0.0,0.0,,True,False,zero_or_structural_denominator,non_residential,0,6.0,2.0,84.38032218276956,111.66787958377358
370539901000,37,0,0,0.0,0.0,0.0,0.0,0.0,,True,False,zero_or_structural_denominator,non_residential,0,4.0,2.0,64.96640477838879,91.24068293945501
370559701020,37,0,0,0.0,0.0,0.0,0.0,0.0,,True,False,zero_or_structural_denominator,non_residential,0,6.0,3.0,57.092764781765545,111.66787958377358
370559703010,37,0,0,0.0,0.0,0.0,0.0,0.0,,True,False,zero_or_structural_denominator,non_residential,0,8.0,4.0,63.46386963005027,127.35411468120797
370559704000,37,0,0,0.0,0.0,0.0,0.0,0.0,,True,False,zero_or_structural_denominator,non_residential,0,7.0,5.0,69.834974478335,127.35411468120797
370559705010,37,0,0,0.0,0.0,0.0,0.0,0.0,,True,False,zero_or_structural_denominator,non_residential,0,9.0,2.0,56.602539389022446,71.91253234650682
370559706010,37,0,0,0.0,0.0,0.0,0.0,0.0,,True,False,zero_or_structural_denominator,non_residential,0,7.0,3.0,78.00081023385604,81.14456331742109
370559706020,37,0,0,0.0,0.0,0.0,0.0,0.0,,True,False,zero_or_structural_denominator,non_residential,0,5.0,2.0,79.57268677563857,81.14456331742109
370559901000,37,0,0,10.0,0.0,0.0,0.0,0.0,,True,False,zero_or_structural_denominator,non_residential,0,15.0,13.0,91.24068293945501,139.4239486465105
370559902000,37,0,0,0.0,0.0,0.0,0.0,0.0,,True,False,zero_or_structural_denominator,non_residential,0,10.0,7.0,71.91253234650682,136.1985729507529
370630015011,37,3433,0,50341.0,32091.048299116184,1153.0397161469698,1.0574535031359662,106.77336343197297,100.97215916853808,True,False,,non_residential,0,7.0,7.0,333.3688171916959,594.2395036555583
370630015031,37,1901,0,7438.0,4.978002439698029,67.78445898574833,0.17356411724994367,10.132586695977427,58.37950180327792,True,False,,non_residential,0,7.0,7.0,164.23946258029616,410.07866536623885
370630016016,37,0,0,0.0,0.0,0.0,0.329487612975953,0.0,0.0,True,False,zero_or_structural_denominator,non_residential,0,5.0,4.0,31.972490578481427,75.78995232996651
370630021008,37,0,0,0.0,0.0,0.0,0.42740041767990977,0.0,0.0,True,False,zero_or_structural_denominator,non_residential,0,6.0,5.0,34.135192396769426,75.78995232996651
370639801001,37,0,0,40411.0,28784.23239274535,792.4548247307007,8.100280815574864,97.80626243312544,12.074428610557286,True,True,,non_residential,0,11.0,11.0,87.24425279172105,246.24104170943232
370779707031,37,2079,0,4299.0,2287.557364619498,45.189639323832225,2.182140519556285,3.728802599389369,1.7087820724522274,True,False,,non_residential,0,4.0,3.0,47.33136424094134,80.10015412424868
370779707041,37,1356,0,1883.0,30.614150604573208,22.594819661916112,3.0339413411438403,1.853988920509674,0.6110826519179481,True,False,,non_residential,0,5.0,4.0,45.691387695830656,80.10015412424868
370810136012,37,4203,0,4203.0,167.4201349959092,180.7585572953289,0.18545606373459375,10.76915759154576,58.06851161770319,True,False,,non_residential,0,4.0,4.0,144.1051250556622,292.3283428870157
370810138004,37,19,9,248.0,0.0,9.0,0.06502346452856882,1.4112935606167705,21.70437350345585,True,False,zero_or_structural_denominator,non_residential,0,4.0,4.0,173.67212565501825,217.07184123717514
370810165031,37,0,0,3141.0,1950.2404018060058,1748.015283975199,0.40656209807851207,60.733365577014766,149.3827532474176,True,False,,non_residential,0,6.0,6.0,228.98108823605628,480.17636069592976
370819801001,37,0,0,7078.0,5837.654268052483,772.028012004109,4.468781132744274,43.510707523080825,9.736593990755807,True,True,,non_residential,0,6.0,6.0,92.01980054908203,191.1469401244903
370879801001,37,0,0,0.0,0.0,0.0,95.56830977112092,0.0,0.0,True,True,zero_or_structural_denominator,non_residential,0,8.0,5.0,65.38497986196784,103.00109854194805
370899801001,37,0,0,0.0,0.0,0.0,19.78813369919293,0.0,0.0,True,True,zero_or_structural_denominator,non_residential,0,9.0,9.0,24.567019789175795,132.4998952570813
370919800001,37,281,0,2639.0,20.78698224852071,0.7430196886508572,0.0768069163066544,0.2389761588755862,3.1113885359160265,True,True,zero_or_structural_denominator,non_residential,0,1.0,1.0,113.82525804947122,113.82525804947122
370939801001,37,0,0,1113.0,42.14072730490179,0.3910629940267669,139.37430932839302,0.0,0.0,True,True,zero_or_structural_denominator,non_residential,0,16.0,15.0,91.97196043168458,447.3943209658158
370959901000,37,0,0,0.0,0.0,0.0,0.0,0.0,,True,False,zero_or_structural_denominator,non_residential,0,6.0,2.0,43.61993338009727,74.45435553511169
370959902000,37,0,0,0.0,0.0,0.0,0.0,0.0,,True,False,zero_or_structural_denominator,non_residential,0,13.0,7.0,12.785511225082855,87.02292902329006
371190056042,37,3424,0,21299.0,3108.5673021001617,847.6097419020545,0.34524714478322455,59.88558398444228,173.45714479997665,True,False,,non_residential,0,6.0,5.0,387.47994579696046,427.9814672663143
371190056043,37,1753,0,1929.0,0.0,90.37927864766445,0.10415646271055662,16.812187290654926,161.41280966285112,True,False,zero_or_structural_denominator,non_residential,0,4.0,3.0,427.9814672663143,597.0185565546404
371199801001,37,0,0,23125.0,13571.988844911148,2750.5018709452925,5.959748595139303,228.0814439553157,38.27031296946588,True,True,,non_residential,0,7.0,7.0,194.4792196930298,495.8796529777707
371199802001,37,0,0,14135.0,9472.332439418416,1792.6286021756773,4.272972511831338,176.0213918158035,41.194131562611695,True,True,,non_residential,0,12.0,12.0,167.87281629943863,274.84867033912576
371299801001,37,0,0,441.0,375.39668045689046,203.41255716970642,2.430804981571904,10.24845474362877,4.216074436790691,True,True,,non_residential,0,7.0,7.0,122.49468049279363,189.6723623519145
371299901000,37,0,0,0.0,0.0,0.0,0.0,0.0,,True,False,zero_or_structural_denominator,non_residential,0,14.0,12.0,93.74904202464158,197.12397274749912
371330005001,37,2503,0,7085.0,140.79583438549236,191.65901621285116,104.0654441459965,22.56521162926322,0.21683673975009243,True,False,,non_residential,0,26.0,22.0,69.16290040856637,129.8644732729862
371330006002,37,3649,0,14925.0,1075.0267575732069,567.7353631682242,3.965851024698334,34.75454944240854,8.763453096439036,True,False,,non_residential,0,6.0,3.0,29.166179148620483,31.204197251065235
371330006003,37,3589,0,3878.0,158.68701776044443,68.64479757260722,2.178365598751726,13.075738597302427,6.002545488597162,True,False,,non_residential,0,3.0,0.0,,
371330006004,37,2505,0,5066.0,620.7462753570326,22.594819661916112,0.6397523577820595,6.029883377095659,9.425339826805018,True,False,,non_residential,0,4.0,1.0,31.204197251065235,31.204197251065235
371339901000,37,0,0,12.0,0.0,22.594819661916112,0.0,0.13918479190126165,,True,False,zero_or_structural_denominator,non_residential,0,7.0,4.0,108.42102295656883,156.43173258020425
371350116011,37,2135,0,30585.0,9495.005388242085,634.1264926432145,0.25734519684725504,44.07442761684964,171.26578679845974,True,False,,non_residential,0,5.0,5.0,142.67651334105477,217.95360121547574
371379901000,37,0,0,0.0,0.0,0.0,0.0,0.0,,True,False,zero_or_structural_denominator,non_residential,0,7.0,5.0,47.55877287763453,87.02292902329006
371399607020,37,0,0,0.0,0.0,0.0,0.0,0.0,,True,False,zero_or_structural_denominator,non_residential,0,7.0,4.0,50.32306920063283,77.1099241679791
371419901000,37,0,0,0.0,0.0,0.0,0.0,0.0,,True,False,zero_or_structural_denominator,non_residential,0,5.0,3.0,94.76558078035384,156.43173258020425
371439201020,37,0,0,0.0,0.0,0.0,0.0,0.0,,True,False,zero_or_structural_denominator,non_residential,0,6.0,3.0,57.32942086437726,63.18007662772596
371439202020,37,0,0,1.0,0.0,0.0,0.0,0.0,,True,False,zero_or_structural_denominator,non_residential,0,9.0,5.0,48.88316547890281,57.32942086437726
371470004002,37,1602,4,2730.0,473.5998886023224,94.37927864766445,0.12859171002140238,6.110070270833569,47.515273494820384,True,False,,non_residential,0,5.0,5.0,73.1211871637862,142.1758160166513
371779601000,37,0,0,0.0,0.0,0.0,0.0,0.0,,True,False,zero_or_structural_denominator,non_residential,0,10.0,3.0,47.624801592891444,54.9089886164604
371830511011,37,3098,0,3098.0,0.0,45.189639323832225,0.2285635975371331,16.312703829655028,71.3705244642241,True,False,zero_or_structural_denominator,non_residential,0,7.0,5.0,249.52822211479608,363.0371257557307
371830511021,37,369,0,4904.0,92.22360761129418,67.78445898574833,0.13944928882318305,6.577522517688186,47.16784555300429,True,False,,non_residential,0,6.0,4.0,186.9764361569857,361.1922161614037
371830511022,37,3328,0,3946.0,7.404815209665957,180.83676989413425,0.22312148761177134,19.962940774817802,89.47117101313468,True,False,,non_residential,0,6.0,4.0,139.72263792287845,361.1922161614037
371830524012,37,750,0,5223.0,561.4196258964917,494.7056989461094,0.7683209016739463,24.7147401338023,32.167210445474176,True,False,,non_residential,0,8.0,8.0,141.3137207742621,361.1922161614037
371839801001,37,5,5,4478.0,3072.6129918588877,1487.0798632998099,7.2388868997549185,36.326940737783616,5.018304780948229,True,True,,non_residential,0,9.0,8.0,131.65567042900167,420.5594842564747
371839802001,37,0,0,15.0,1.346330038121083,22.594819661916112,8.251981125890188,0.22468124779699186,0.02722755231371839,True,True,,non_residential,0,11.0,10.0,103.76286067150073,135.65885202780217
371879501000,37,0,0,0.0,0.0,0.0,0.0,0.0,,True,False,zero_or_structural_denominator,non_residential,0,10.0,6.0,51.266895104675925,140.35568590930822
380170003002,38,0,0,3144.0,744.2144188769306,51.697399431725316,0.70498933680433,9.409639589651997,13.347208388009484,True,False,,non_residential,0,9.0,9.0,141.51138609539984,202.68558159397483
380170101063,38,0,0,2498.0,1439.2666096275948,1026.2638243852134,0.21486507905242855,82.2535955951171,382.81509474625545,True,False,,non_residential,0,6.0,6.0,252.66176277330004,428.5003321496857
380170101071,38,0,0,14.0,11.86674472013329,0.5474881916374738,0.11602215424842241,0.34619908534283966,2.9839049928479247,True,False,zero_or_structural_denominator,non_residential,0,2.0,0.0,,
380170101073,38,0,0,1199.0,466.193542576665,40.9761211374758,0.6216538190980344,3.5415286368109777,5.696946641379004,True,False,,non_residential,0,7.0,5.0,66.56718130185986,72.38643631281252
380170101075,38,0,0,10873.0,9228.089269149366,1334.9206016295325,3.021198039399494,142.6393109761298,47.21283051159446,True,False,,non_residential,0,10.0,8.0,205.67437849662915,416.167840356543
390030112001,39,1139,0,1796.0,375.9670818505338,26.42285149956621,0.9489850515182482,6.435846560484816,6.781820799166782,True,False,,non_residential,0,4.0,4.0,195.81475425789927,327.37141970302946
390079900000,39,0,0,0.0,0.0,0.0,0.0,0.0,,True,False,zero_or_structural_denominator,non_residential,0,16.0,14.0,25.47349060879673,162.57807371810657
390170102011,39,1918,7,5213.0,38.981692662548184,52.189639323832225,0.6438774732444621,4.614872264333075,7.167314366627854,True,False,,non_residential,0,4.0,4.0,48.99031471750817,58.788043868735194
390250413041,39,9,5,100.0,96.13638956844619,5.0,1.6709574778704295,0.21511439548098304,0.1287372050634933,True,False,,non_residential,0,4.0,4.0,24.71777892660762,196.49759812251844
390351036025,39,0,0,635.0,123.97152619972839,48.55278107246242,0.3886064171931662,8.93908302812973,23.002921806322984,True,False,,non_residential,0,9.0,7.0,254.5065917247939,446.2486693067568
390351048001,39,0,0,9611.0,113.19139348670852,6.58612232149186,0.6843390489541669,5.159971362132021,7.540080271639748,True,False,,non_residential,0,9.0,6.0,400.6145706929701,580.6868435486771
390351065003,39,0,0,445.0,209.44257842438583,355.22953492775935,0.09564522672654277,16.699444554514088,174.5977831414328,True,False,,non_residential,0,8.0,6.0,236.74551776191925,428.6323032658987
390351066002,39,0,0,584.0,449.68553602882844,217.66266217851847,0.16917992723912545,15.856993553855673,93.72857532585876,True,False,,non_residential,0,7.0,6.0,273.63572736604067,477.40106631835465
390351071011,39,0,0,989.0,330.33406670610856,237.9147242363802,1.0025683090877202,14.793509853789288,14.755612879136919,True,False,,non_residential,0,5.0,4.0,122.42505406872763,313.3818114429499
390351097011,39,0,0,748.0,353.4343510911511,156.5501179791835,0.14067979640261746,12.523925248895996,89.0243344755294,True,False,,non_residential,0,5.0,3.0,390.48843020925307,592.8542630268197
390351098012,39,0,0,734.0,484.33596260639223,66.46346619888834,0.18427073010771466,13.936241106974554,75.62916312768819,True,False,,non_residential,0,6.0,5.0,390.48843020925307,614.5860137027252
390351109013,39,0,0,2480.0,1910.3935186430194,119.61754847995698,0.45673066815739166,15.810849204642084,34.617445919339026,True,False,,non_residential,0,6.0,4.0,276.6451603937147,458.67737305945855
390351112023,39,0,0,1417.0,271.04333678449933,79.41243871378525,0.5947189464124606,8.525520569375697,14.33537744308371,True,False,,non_residential,0,6.0,4.0,327.7745457375035,351.12739428778303
390351114012,39,0,0,4.0,0.0,0.0,0.11056537244103411,0.0,0.0,True,False,zero_or_structural_denominator,non_residential,0,8.0,7.0,342.1672800320571,703.3752747268713
390351167002,39,0,0,444.0,133.98164943324682,6.804496096065745,0.22635200437271508,5.502262006337283,24.30843067453984,True,False,,non_residential,0,8.0,8.0,455.84425062744947,615.6756170741919
390351171022,39,0,0,148.0,113.96140296620995,5.787732311596151,0.10395453128161272,4.386534385866755,42.19666359693006,True,False,,non_residential,0,5.0,4.0,492.85940492430535,560.4572685676544
390351235013,39,0,0,1913.0,1145.7741054981107,721.4190880477231,0.25241467228202835,49.05979614540961,194.36190337855655,True,False,,non_residential,0,5.0,5.0,363.76322702240265,518.2375392009162
390351245003,39,0,0,3638.0,1725.591243562679,87.20223616635458,0.5603284410444649,16.717819176761886,29.83574980702299,True,False,,non_residential,0,10.0,8.0,250.3054600195613,393.4609098703278
390351331041,39,0,0,5887.0,3897.7879852361807,606.2508264140029,0.7184836072471391,38.10115397887747,53.02995586059585,True,False,,non_residential,0,6.0,6.0,80.69192240890582,154.68425773618821
390351371032,39,0,0,2674.0,1196.5947311452044,599.9752894688158,0.24643163323247844,20.28569403299049,82.31773562062705,True,False,,non_residential,0,7.0,6.0,103.56570892323046,144.36112526140423
390351381051,39,0,0,530.0,33.880417098062416,0.0,0.48694277596509894,0.11271277015187547,0.23147025834500526,True,False,zero_or_structural_denominator,non_residential,0,3.0,2.0,23.769494105962465,36.4068587644619
390351381072,39,0,0,1223.0,840.0803421360476,144.02845954131584,0.3270061344026788,1.6604279973703218,5.077666204651847,True,False,,non_residential,0,5.0,3.0,30.431383107056536,68.60130910222387
390351523031,39,0,0,5700.0,5497.867683640128,475.5099525245121,0.5752362314898812,32.31411842248637,56.175387872894774,True,False,,non_residential,0,8.0,7.0,56.572175445343056,223.61256471705062
390351525023,39,0,0,2151.0,646.8079627811916,110.7598128943751,0.4243838015148263,6.193169904984001,14.593323031834984,True,False,,non_residential,0,6.0,5.0,186.66826885160702,409.7368665666381
390351525024,39,0,0,2830.0,2184.5168933455243,156.0823739161889,0.4650724052937834,13.026442558717157,28.009493598074116,True,False,,non_residential,0,8.0,6.0,59.22509665151244,223.61256471705062
390351531053,39,0,0,1698.0,1307.4760961934087,877.5690087903482,0.0767455260634382,11.837423073723699,154.24251654668222,True,False,,non_residential,0,5.0,5.0,25.91905471092066,55.113241591556815
390351531072,39,0,0,28.0,0.0,0.0,0.2787985771872907,0.0,0.0,True,False,zero_or_structural_denominator,non_residential,0,3.0,3.0,151.6039107962734,173.41866044246416
390351544002,39,0,0,686.0,395.0148629842277,62.64116062135211,0.46753110383970065,3.450668858293233,7.380618807933561,True,False,,non_residential,0,4.0,4.0,51.72820600287556,88.10125080914388
390351712052,39,0,0,853.0,472.01581093436954,67.87129297738471,0.2508772134865129,2.297506778555098,9.157893403812905,True,False,,non_residential,0,4.0,4.0,70.1793858245151,141.03119913171494
390351742053,39,0,0,4468.0,1947.3539736590874,1762.7909338292743,0.23406632550139392,32.941402139695974,140.7353324709658,True,False,,non_residential,0,4.0,4.0,113.0919888042088,126.04881626246642
390351771013,39,0,0,4076.0,2447.090125855508,245.97794246617786,0.7189152694604456,16.28484617371941,22.65196868880164,True,False,,non_residential,0,8.0,8.0,67.39019625256924,272.05150415407945
390351776042,39,0,0,1018.0,8.470104274515604,248.54301628107723,0.37067390243733594,0.525166952136338,1.4167896598145855,True,False,,non_residential,0,8.0,8.0,26.0716115955653,35.67641685171612
390351861064,39,0,0,1407.0,613.6975551626306,566.3765737299951,0.16955058531137426,18.98833169485109,111.99213296715916,True,False,,non_residential,0,6.0,6.0,33.59968132343597,65.00281917567807
390351968002,39,0,0,3803.0,673.7582945637412,45.189639323832225,0.1329975217531018,14.454286489631393,108.68087088468087,True,False,,non_residential,0,5.0,5.0,356.5237445034664,502.76991480570103
390351972001,39,0,0,9891.0,33514.66259529924,741.7226547919828,0.172182257624341,193.7194734057876,1125.0838273269449,True,False,,non_residential,0,5.0,5.0,336.7137788037656,432.09621164474584
390351978004,39,0,0,435.0,192.50236987535462,48.161718078435655,0.3270022733810929,7.217704032885482,22.072335945120088,True,False,,non_residential,0,8.0,6.0,229.92638724337746,521.3594817939356
390359801001,39,0,0,2079.0,7475.252026999771,61.151161738040415,1.1075004510348891,38.354377297050526,34.63147781223094,True,True,,non_residential,0,11.0,7.0,329.14588521487315,592.8542630268197
390359802001,39,0,0,42.0,0.0,67.78445898574833,0.23826016714802603,1.336847104760072,5.610871178183625,True,True,zero_or_structural_denominator,non_residential,0,8.0,6.0,307.09879733353114,386.4663655935939
390359805001,39,0,0,5747.0,3957.0787151577897,1562.0731315706298,3.0590989855934128,52.94685883721858,17.30799136823217,True,True,,non_residential,0,6.0,4.0,94.00538478036765,344.61277818261794
390359809001,39,0,0,704.0,424.2752232052816,65.61543212786165,0.4242957702226672,9.672052299930208,22.79554258779056,True,True,,non_residential,0,10.0,9.0,351.66823615432645,493.79656459530145
390359810001,39,36,0,9831.0,6608.991362560675,1196.203550363508,1.2872032065042955,40.56443683877328,31.51362320556643,True,True,,non_residential,0,8.0,8.0,28.94358851015427,95.1066021854111
390359811001,39,0,0,2953.0,2311.5684574632583,285.28049859325705,1.1208379640013098,4.783747658593771,4.2680100177158,True,True,,non_residential,0,8.0,5.0,30.431383107056536,344.61277818261794
390359900000,39,0,0,0.0,0.0,67.78445898574833,0.0,0.036831165689759505,,True,False,zero_or_structural_denominator,non_residential,0,34.0,28.0,42.789860878548055,419.7575319003078
390439901000,39,0,0,18.0,0.0,0.0,0.0,0.0,,True,False,zero_or_structural_denominator,non_residential,0,19.0,18.0,17.802246769107995,61.57928010174086
390450325022,39,1270,6,2402.0,332.33045852364063,6.0,2.2207962954702523,1.0854839716339328,0.48878142216284737,True,False,,non_residential,0,2.0,2.0,33.42236426909582,38.8816627937999
390490011211,39,3941,0,24861.0,50.56666545319519,384.4309369057114,0.14146126717160876,59.94544619710355,423.7587248839136,True,False,,non_residential,0,8.0,7.0,230.67332386673604,627.5937014755359
390490011212,39,5385,3,43169.0,28961.831145929653,387.1510405519766,0.16525210997976358,97.32306475448743,588.9368962756688,True,False,,non_residential,0,6.0,5.0,194.69797871748415,282.8709143768867
390490092512,39,0,0,468.0,375.0989959737016,86.94746045155932,0.2314134175697046,8.314919954483537,35.931019220089,True,False,,non_residential,0,5.0,4.0,278.67730523794194,445.66890231136864
390499800001,39,0,0,14841.0,10805.417153632769,1645.6657197243826,4.347177485691238,101.68325690535852,23.39063846370423,True,True,,non_residential,0,11.0,10.0,117.209854581325,349.20983275271726
390610030002,39,2360,0,12361.0,101.88378958405809,203.35337695724502,0.12029283022461444,30.600947931246143,254.3871307550676,True,False,,non_residential,0,5.0,5.0,146.66453137977373,492.93886042553265
390610065012,39,1613,0,6376.0,1672.9162701931982,252.05204546558983,0.13260794467508194,16.168519714288976,121.92723259458802,True,False,,non_residential,0,7.0,7.0,191.74687282160826,616.2483393453685
390859900000,39,0,0,32.0,0.0,22.594819661916112,0.0,0.058986325809986896,,True,False,zero_or_structural_denominator,non_residential,0,32.0,30.0,32.93809448114055,243.8294396652625
390910047005,39,0,0,2295.0,505.4447990715218,22.407909557733745,4.58538939006944,1.0570364297042478,0.23052271896329404,True,False,,non_residential,0,6.0,5.0,12.247588398737555,52.39614692964739
390930104002,39,0,0,3073.0,2640.158380725249,111.96882820408112,1.0515905418577385,2.8979662589376294,2.755793384959593,True,False,,non_residential,0,6.0,6.0,23.701914845191695,52.302088630585104
390930231001,39,0,0,536.0,200.78874416518886,31.615644310300006,1.8742047429708086,3.4673183018731075,1.8500210902129341,True,False,,non_residential,0,10.0,10.0,122.2409839837633,277.00438504095644
390930701021,39,0,0,4943.0,105.94810330418476,45.424277120248284,0.37873262669147933,0.9164095636412526,2.4196741950826754,True,False,,non_residential,0,6.0,6.0,31.35260453883592,67.5464294522799
390930707002,39,0,0,2478.0,1308.971727919444,111.8812918316337,0.2581285981270393,4.678037845076681,18.12289641295135,True,False,,non_residential,0,6.0,5.0,28.05450200230796,174.73446787208798
390930712022,39,0,0,4359.0,2090.766199881775,233.98537820909434,0.5160556509272933,14.356948969801161,27.82054405179627,True,False,,non_residential,0,6.0,5.0,75.2748258167529,213.58724581587714
390930976003,39,0,0,577.0,234.11113149473084,138.7623283962861,0.0856768411960007,3.7189506550738214,43.406719985930316,True,False,,non_residential,0,5.0,5.0,75.2748258167529,197.74860975372349
390939902000,39,0,0,0.0,0.0,0.0,0.0,0.0,,True,False,zero_or_structural_denominator,non_residential,0,19.0,17.0,43.388416947016566,206.50786448062482
390959900000,39,0,0,0.0,0.0,0.0,0.0,0.0,,True,False,zero_or_structural_denominator,non_residential,0,5.0,4.0,38.87914046716588,116.62889461507535
390970410001,39,1702,0,2578.0,298.45837615621787,0.0,0.687949104137007,2.1833918689610727,3.1737694777581162,True,False,zero_or_structural_denominator,non_residential,0,2.0,2.0,22.148366134862883,32.550244130355495
390998005021,39,819,0,1235.0,472.06662856209687,5.8000368274283405,0.4308220550093568,5.503731205465746,12.774952306808466,True,False,,non_residential,0,7.0,7.0,149.6480566069158,305.7698921353992
391010102021,39,2275,0,2883.0,281.91616766467064,0.0,0.4473147948157955,4.876856691462035,10.902515964110528,True,False,zero_or_structural_denominator,non_residential,0,4.0,3.0,74.03680052776059,212.63737848744606
391010102022,39,2488,3,2492.0,16.641104887000193,3.0,1.6228576431572885,4.111886497833706,2.5337320960783614,True,False,,non_residential,0,4.0,3.0,41.08084874527616,74.03680052776059
391139800001,39,0,0,483.0,397.42499163919547,67.78445898574833,1.4584719464214067,0.645656745717349,0.44269397659761006,True,True,,non_residential,0,7.0,7.0,40.3390311876531,68.41474316980732
391290213001,39,3352,0,4925.0,670.9115696938092,0.0,1.9875658811422112,4.146971914583467,2.086457588112899,True,False,zero_or_structural_denominator,non_residential,0,2.0,2.0,32.91946846255537,35.61929891962506
391390017001,39,4829,0,7940.0,864.8684141052235,1.1731889820803008,0.8184431394937949,16.321129349256342,19.94167775583154,True,False,,non_residential,0,5.0,4.0,124.29667451090364,183.14561050256734
391390017002,39,158,0,3569.0,3131.262492928531,328.3931584612521,6.01966740302912,15.687055579400685,2.6059671621569818,True,False,,non_residential,0,10.0,9.0,100.30223464954155,300.8929963552202
391590503013,39,0,0,10330.0,7837.83823143914,332.746880224545,6.286915734142116,16.65307053631622,2.6488458316498535,True,False,,non_residential,0,5.0,4.0,20.638849590836198,52.39614692964739
391590504012,39,2262,0,2511.0,368.75018204060234,0.0,0.4046512784956376,2.3780178752004586,5.876709160641131,True,False,zero_or_structural_denominator,non_residential,0,1.0,1.0,90.87020824563966,90.87020824563966
391650317001,39,3769,0,5508.0,870.2476415848549,0.0,2.999273614425975,3.73480797102,1.2452374978582263,True,False,zero_or_structural_denominator,non_residential,0,4.0,4.0,41.684257115310515,56.79895969784475
391650320101,39,20,9,20.0,27.0,9.0,0.01603327823771361,0.14180697108519544,8.84454002373862,True,False,,non_residential,0,2.0,2.0,21.561482751619295,25.048532337802428
400173010011,40,0,0,2443.0,1732.2723348123277,200.98112903775223,1.2446779147569138,12.864285738305542,10.335433436864623,True,False,,non_residential,0,9.0,8.0,92.81714783756327,299.07914049388273
400173010062,40,0,0,608.0,142.45082144141983,50.58630864140161,0.7283987106797954,3.833925185667331,5.263498039541049,True,False,,non_residential,0,5.0,4.0,83.05810698144825,184.311872451147
400173013023,40,0,0,1647.0,1226.6598513011152,969.0016725596565,1.010180313144372,34.55934264289793,34.21106330544655,True,False,,non_residential,0,5.0,5.0,103.70186723553834,165.77708538251255
400272002001,40,28,0,3571.0,3010.8342009632374,28.01786476525375,0.05780760128663294,10.804531792000907,186.9050358693793,True,False,,non_residential,0,4.0,4.0,138.2782352138068,379.09518583667466
400272009003,40,0,0,3138.0,2067.366412982878,1270.8295932429742,0.43169927911367906,121.04722206216968,280.3970910275586,True,False,,non_residential,0,9.0,7.0,177.46958627624713,636.3359047686919
400272012021,40,3976,0,4961.0,112.9800568269599,203.35337695724502,0.12567509431539436,18.641746614369403,148.332863531306,True,False,,non_residential,0,3.0,2.0,80.35848114916354,96.283184616965
400272012023,40,1372,6,4758.0,127.41140435135989,73.78445898574833,0.12313106719242815,9.233150887296441,74.98636288814872,True,False,,non_residential,0,7.0,6.0,99.46895024686637,135.85008507952122
400272012043,40,0,0,1377.0,11.80388653415999,45.189639323832225,0.2703429399141141,1.5699418702456112,5.807223487117398,True,False,,non_residential,0,4.0,4.0,76.9617945303777,142.59851064961111
400272015092,40,34,0,695.0,402.17527691387966,6.583929569585751,0.37566774775657175,3.3518745523441225,8.922444293823428,True,False,,non_residential,0,6.0,3.0,109.55197355088782,113.91594830613536
400272015096,40,0,0,1640.0,1390.3292067735588,93.37651919994988,0.5387233225561024,10.234212588291326,18.997158949296352,True,False,,non_residential,0,6.0,5.0,82.07712274513881,164.32015541407083
400272015097,40,0,0,1914.0,1616.2893204274785,1171.0154819961267,0.6430782417761756,68.86052848560941,107.07954959791103,True,False,,non_residential,0,9.0,6.0,128.83598308721494,237.03236532230733
400272015121,40,0,0,1243.0,494.07696492983956,262.47760520937794,0.10509662146672945,16.84156395278778,160.24838589239837,True,False,,non_residential,0,5.0,4.0,151.90525897079073,636.3359047686919
400272015144,40,65,0,1422.0,1091.016369657359,203.08740225865284,0.406348969686969,17.36757462377509,42.74054056825641,True,False,,non_residential,0,6.0,4.0,86.27128972934985,123.97968099142413
400272016043,40,0,0,2420.0,1256.2707811355988,712.786194793957,0.23951731577640334,39.30999498817641,164.1217248145578,True,False,,non_residential,0,7.0,6.0,161.2075426617044,219.20772866004717
400272022072,40,0,0,751.0,482.2730783956796,796.0705743383606,0.2497694863935109,18.33330056609227,73.4008818723686,True,False,,non_residential,0,9.0,8.0,160.34442030070565,219.20772866004717
400272024053,40,1245,0,1245.0,8.431347524399992,1.9140159188250492,0.596984207776923,8.01201232221758,13.420811166937023,True,False,,non_residential,0,2.0,2.0,49.682727834122204,70.69114776251293
400310024011,40,155,0,316.0,0.0,22.594819661916112,80.51292714235666,1.2002870494095745,0.014908004118237074,True,False,zero_or_structural_denominator,non_residential,0,10.0,10.0,45.96321521568058,177.4582221073453
400310024031,40,0,0,471.0,350.46256077187314,0.0,42.053918154859794,1.2680831873809724,0.030153746500180302,True,False,zero_or_structural_denominator,non_residential,0,10.0,9.0,20.033878453925706,117.96945063985953
400310024032,40,1123,0,2660.0,408.30589604490075,63.842066145502315,2.8336338578789846,10.389024372357005,3.6663256064187975,True,False,,non_residential,0,5.0,4.0,53.51388761790871,117.96945063985953
400997908021,40,0,0,1.0,4.616541353383459,0.0,0.1349678010683995,0.007101406712483153,0.05261556205456941,True,False,zero_or_structural_denominator,non_residential,0,3.0,3.0,42.09442285734056,79.75447944650276
401091005001,40,0,0,781.0,668.3240246599105,0.0,0.055706819441730955,8.367975166214983,150.2145563159972,True,False,zero_or_structural_denominator,non_residential,0,4.0,3.0,310.04612987715285,320.1764434046349
401091010004,40,436,0,2696.0,794.116126612544,45.189639323832225,0.09667418897919189,16.39865587799392,169.62806775160598,True,False,,non_residential,0,3.0,3.0,280.1661562742988,283.7691125334108
401091015002,40,0,0,822.0,703.408896633094,0.0,0.05478326307837761,8.454809917048145,154.33198831095498,True,False,zero_or_structural_denominator,non_residential,0,2.0,1.0,310.04612987715285,310.04612987715285
401091015003,40,0,0,63.0,7.701557262406138,22.594819661916112,0.05942150830954973,2.5310795880221857,42.595344009728066,True,False,,non_residential,0,7.0,4.0,217.5632100512865,320.1764434046349
401091025001,40,7,7,1081.0,940.5998859205663,400.5583062238831,0.0658207654860624,35.78434793089487,543.663502948355,True,False,,non_residential,0,5.0,5.0,281.43211629725374,310.04612987715285
401091032001,40,1400,0,3519.0,23.104671787218415,1.0558700838722708,0.013715893081841214,3.4332589583657818,250.31246145474495,True,False,,non_residential,0,2.0,2.0,162.8552788057013,195.52649277494976
401091032002,40,0,0,474.0,405.61534915338996,0.35195669462409024,0.006305434351974689,3.260268997673754,517.0570044318561,True,False,zero_or_structural_denominator,non_residential,0,4.0,2.0,191.03452099761984,251.8849771587869
401091032003,40,0,0,429.0,367.10756284135925,22.633925961318788,0.01888464267891948,6.008772105112099,318.1829917184275,True,False,,non_residential,0,4.0,3.0,251.8849771587869,304.7899452412099
401091032006,40,0,0,300.0,256.71857541353796,0.0,0.01255913101469798,4.489583509694867,357.475648947423,True,False,zero_or_structural_denominator,non_residential,0,6.0,2.0,191.03452099761984,251.8849771587869
401091033002,40,0,0,4437.0,3796.867730366226,0.0,0.006984201946780366,10.21396211669671,1462.437969939461,True,False,zero_or_structural_denominator,non_residential,0,3.0,3.0,195.52649277494976,262.9494020169734
401091051014,40,0,0,6725.0,5767.610660957485,566.4071936664724,0.7079434044197215,64.49394251820279,91.10042146810649,True,False,,non_residential,0,7.0,7.0,122.7483596695599,245.4429599054415
401091053001,40,0,0,752.0,643.5078957032684,22.594819661916112,0.01600123175855043,4.630628017463234,289.39197227668484,True,False,,non_residential,0,2.0,2.0,187.13857895258886,198.69933244654993
401091056004,40,0,0,989.0,853.1613989576578,2.2681653653552485,0.1686610059379771,9.233808327344834,54.74773659739969,True,False,,non_residential,0,4.0,4.0,212.27338527765292,350.0357546991353
401091059033,40,0,0,571.0,488.6210218704339,203.1515435875221,0.11815729918543913,13.30794739774363,112.62907572775333,True,False,,non_residential,0,7.0,7.0,264.6962046076173,557.0910759686925
401091061005,40,0,0,1054.0,422.7299208476258,135.6862368697047,0.8096531377512772,17.252420471118477,21.308409325794972,True,False,,non_residential,0,4.0,4.0,127.79462449296311,133.0804214117169
401091065024,40,0,0,156.0,97.55305865714442,302.85410913185694,0.03885886564938709,10.557915182687628,271.69900629495487,True,False,,non_residential,0,5.0,5.0,343.34330718576825,453.3960503093117
401091065032,40,0,0,5365.0,3194.434806729124,1436.4430418906722,0.210414865572491,79.09652375477995,375.9074889484462,True,False,,non_residential,0,5.0,5.0,195.00624166097614,463.41127904422564
401091067081,40,0,0,388.0,332.02269086817574,36.959136058530646,1.8002750599499857,7.811277846228401,4.338935765985343,True,False,,non_residential,0,9.0,9.0,136.86567105105343,373.62234494136317
401091069134,40,0,0,1374.0,1046.556059102523,104.69895201587279,0.23733892739762424,17.663456726645187,74.42292303383013,True,False,,non_residential,0,5.0,1.0,269.10806703568244,269.10806703568244
401091069136,40,0,0,2159.0,1851.7966573163203,333.6905225868206,0.5088073551040356,28.43352401458158,55.88269062810184,True,False,,non_residential,0,9.0,5.0,269.10806703568244,311.5619330251122
401091069137,40,0,0,897.0,767.5885404864785,47.145230676974876,0.260874942781108,11.509905539640853,44.12039507105308,True,False,,non_residential,0,6.0,3.0,208.88595469658915,269.10806703568244
401091070021,40,0,0,5496.0,2214.6255772341206,401.47663862819627,0.5737451049533969,38.2431278054088,66.6552576662334,True,False,,non_residential,0,7.0,4.0,238.99701086613578,507.4010733983036
401091070023,40,0,0,1055.0,294.37063314085685,22.594819661916112,0.7585281926255638,11.318048426522626,14.921064947298028,True,False,,non_residential,0,7.0,5.0,293.9585363199697,368.2933587746427
401091070024,40,0,0,1426.0,55.62235800626655,23.870830274466144,0.12129476532616207,4.588693458891086,37.8309273821675,True,False,,non_residential,0,6.0,4.0,225.31530714156375,507.4010733983036
401091071011,40,0,0,10986.0,7784.562935123182,377.12105797176537,9.12409980136936,55.0931543357187,6.038201634691702,True,False,,non_residential,0,11.0,11.0,195.70708644274808,420.6446394966416
401091072124,40,0,0,908.0,777.0015549183082,0.3910629940267669,0.07622004102559375,10.161913089033048,133.32337469643716,True,False,zero_or_structural_denominator,non_residential,0,3.0,3.0,176.14590980396778,420.6446394966416
401091072162,40,121,1,194.0,95.41868714887366,86.01060225517378,0.0627485506101416,11.976502287118134,190.86500278752982,True,False,,non_residential,0,4.0,4.0,250.37134018921262,348.98615362431184
401091073031,40,0,0,3527.0,634.9506098561505,305.6444911926912,0.28035611329505294,27.89206967870219,99.48800242264723,True,False,,non_residential,0,4.0,4.0,221.38647444686097,404.35618990908347
401091073051,40,75,0,849.0,487.76529328572207,12.571578882007504,1.0011625111282847,6.139885519911943,6.132756122672281,True,False,,non_residential,0,8.0,8.0,228.3228055897883,378.2305344693349
401091074015,40,0,0,618.0,367.96329142607107,262.62128406604086,0.9886844615668912,21.784053213058293,22.033372688526324,True,False,,non_residential,0,8.0,8.0,114.58719736758037,212.22906339640636
401091076013,40,164,0,2068.0,42.78642923558966,1.6670736065767997,0.10088888014238799,2.656312239079112,26.329088352751718,True,False,,non_residential,0,3.0,3.0,207.62755613881308,273.755473259826
401091080073,40,0,0,792.0,193.39466014486524,247.73385204276133,0.06281727679437107,6.657806289374566,105.9868658612587,True,False,,non_residential,0,4.0,4.0,144.69971285548655,188.8205435878716
401091081011,40,0,0,665.0,510.8699650729405,351.71005483341696,0.3284752531161234,10.350409857432744,31.510470756144425,True,False,,non_residential,0,3.0,3.0,71.12319468534382,149.1636993288426
401091082073,40,685,0,7554.0,0.0,316.32747526682556,0.1885939159774753,13.077794552177895,69.34367147739718,True,False,zero_or_structural_denominator,non_residential,0,7.0,6.0,129.02339028231452,238.15829880303465
401091082083,40,430,0,2714.0,1697.7655120681975,0.0,0.10052362750035945,5.2801036485899395,52.525995926391126,True,False,zero_or_structural_denominator,non_residential,0,3.0,2.0,94.32694142006928,126.51806546814724
401091083024,40,0,0,391.0,334.5898766223111,122.09850973214019,0.2526571444376245,11.327797307531634,44.83466055450579,True,False,,non_residential,0,5.0,3.0,177.3207067983245,286.14192074050095
401091083181,40,0,0,1877.0,1606.2025535040357,139.6710729671862,0.6299183358027076,14.200250455852512,22.54300224132557,True,False,,non_residential,0,8.0,6.0,192.32601061149177,341.45542174539685
401091083184,40,0,0,1390.0,754.7526117158015,459.11093777917716,0.3647692421259803,19.135891229598247,52.460265339447915,True,False,,non_residential,0,5.0,2.0,120.05660014960966,164.2449923103451
401091083186,40,0,0,4105.0,2553.4940967799907,351.1094689050746,0.9497248232541114,23.823937050570173,25.08509461608098,True,False,,non_residential,0,8.0,5.0,75.86820798887422,286.14192074050095
401091083187,40,0,0,1633.0,806.9520553832209,99.65819889893747,0.4026346669213088,11.476301404415674,28.503013643031913,True,False,,non_residential,0,8.0,4.0,231.73131376941274,304.39660573282686
401091084043,40,0,0,2725.0,2331.860393339636,153.5911088841183,0.07952198668587711,11.86438531399998,149.19628908248922,True,False,,non_residential,0,5.0,5.0,118.02740013110703,140.1391105851749
401091085082,40,0,0,1290.0,904.5051140403654,298.8366980551096,0.11154954684328648,14.273563831102443,127.9571655378848,True,False,,non_residential,0,4.0,4.0,174.16677933937552,244.1115350208236
401091086041,40,0,0,2867.0,2453.373852368711,1432.7693762862066,0.2600899970926894,91.17299788096466,350.54403821794403,True,False,,non_residential,0,6.0,2.0,214.16030905685875,244.0087456625705
401091086043,40,0,0,1767.0,1168.9252467163094,851.8222672860618,0.25036794473932933,45.61569306219941,182.1946220379458,True,False,,non_residential,0,5.0,3.0,244.0087456625705,299.07914049388273
401091086044,40,0,0,2207.0,798.394769536103,954.0809315216734,0.2718746071772507,39.38327635819002,144.85823728478545,True,False,,non_residential,0,7.0,2.0,150.98524579161094,184.311872451147
401091097003,40,0,0,4304.0,2159.858947812566,1564.668240205295,0.39628096979951005,82.21508431350335,207.46664760384112,True,False,,non_residential,0,7.0,4.0,254.2977297607805,294.744904306757
401091097004,40,0,0,128.0,13.69165735538869,45.30695822204026,0.3869546721587073,6.834385607072075,17.661979810051214,True,False,,non_residential,0,5.0,4.0,284.26200175645886,364.9189501593744
401091099002,40,0,0,523.0,271.26596135363843,97.45170572753659,0.007867217583481493,7.902639131558742,1004.5024238495224,True,False,,non_residential,0,3.0,1.0,130.1840648364528,130.1840648364528
401091099003,40,0,0,280.0,246.4498323969964,22.594819661916112,0.006252924458406105,4.719681427715891,754.7958493838827,True,False,,non_residential,0,5.0,2.0,191.03452099761984,251.8849771587869
401091099004,40,0,0,261.0,4663.720786679272,7.743047281729986,0.006868371299202605,16.265376007804438,2368.1561900552456,True,False,,non_residential,0,3.0,1.0,130.1840648364528,130.1840648364528
401091099005,40,0,0,286.0,244.73837522757285,67.78445898574833,0.006245588517392846,5.493057121303506,879.5099302501798,True,False,,non_residential,0,4.0,2.0,191.03452099761984,251.8849771587869
401091099007,40,0,0,2418.0,563.0694087403599,160.07994630414393,0.027240665595179122,9.858767186423563,361.91359392364865,True,False,,non_residential,0,4.0,2.0,177.530220595019,224.8763763535852
401091100001,40,0,0,881.0,569.9152374180542,88.10261865769357,0.47723269277865527,21.987253018702297,46.07239476969399,True,False,,non_residential,0,3.0,3.0,350.0357546991353,368.2933587746427
401091100002,40,0,0,104.0,0.8557285847117931,0.0,0.03651406724025463,0.2630630559278554,7.204430396563539,True,False,zero_or_structural_denominator,non_residential,0,2.0,1.0,293.9585363199697,293.9585363199697
401099800011,40,25,9,9795.0,1741.8503840413812,339.47984652979113,6.380188749206266,21.645055239805682,3.392541520421078,True,True,,non_residential,0,13.0,13.0,154.99876379845443,633.7818997810509
401099800021,40,0,0,11963.0,10302.97215992999,55.06641705526279,0.05817092341786851,22.087316372858883,379.6968498195486,True,True,,non_residential,0,4.0,4.0,120.55725584632323,448.1021452937313
401099800031,40,14,0,5567.0,1169.7809753010213,48.50532976323754,0.17968074764636663,13.1297671227664,73.07275428643788,True,True,,non_residential,0,5.0,5.0,113.18450704238367,269.1457840249821
401099800041,40,22,0,4363.0,3723.275072081012,24.189832927603653,0.07418257993470094,11.24199389980702,151.54493022085188,True,True,,non_residential,0,3.0,3.0,65.40075073517798,71.0114587256624
401099800051,40,0,0,3559.0,3086.613005055438,0.11731889820803008,0.05403422489070809,9.554893108387564,176.83039088121825,True,True,zero_or_structural_denominator,non_residential,0,3.0,2.0,346.1503755273345,471.9385958704688
401099800061,40,17,0,2280.0,4583.282299716364,0.0,0.009541742645297318,8.25890303019187,865.5549973633276,True,True,zero_or_structural_denominator,non_residential,0,2.0,1.0,195.52649277494976,195.52649277494976
401099800062,40,0,0,2721.0,213.93214617794828,229.45722580367374,0.03762295263973239,10.066281942235614,267.5569362837551,True,True,,non_residential,0,6.0,5.0,262.9494020169734,304.7899452412099
401099800081,40,7,0,11311.0,6782.504762425672,137.56114648912705,0.1558590166655244,33.93326260343605,217.7176741481521,True,True,,non_residential,0,7.0,5.0,310.04612987715285,471.9385958704688
401099800091,40,70,0,70.0,41.07497206616607,227.86221253798618,0.13644309741638158,13.402165644475339,98.22531075775954,True,True,,non_residential,0,2.0,1.0,224.8763763535852,224.8763763535852
401155741005,40,10,7,285.0,22.834831368021767,7.638005306275017,3.3288430810595497,0.4870834036426238,0.1463221280732729,True,False,,non_residential,0,4.0,4.0,90.87137042563464,130.91885993930632
401214863001,40,1524,4,1524.0,8.0,4.0,3.2987873446260725,5.271307328447722,1.5979530590339523,True,False,,non_residential,0,7.0,7.0,124.56658786794942,184.3101268007107
410030107022,41,1956,6,12570.0,4725.99686888454,73.78445898574833,0.19807426837955638,19.280948912903924,97.34201757068787,True,False,,non_residential,0,3.0,3.0,51.4748731621311,53.64412454795223
410079900000,41,0,0,0.0,0.0,0.0,0.0,0.0,,True,False,zero_or_structural_denominator,non_residential,0,20.0,18.0,94.15176575065982,451.6164639711537
410119901010,41,0,0,0.0,0.0,0.0,0.0,0.0,,True,False,zero_or_structural_denominator,non_residential,0,11.0,9.0,52.27957426896145,89.72407108848522
410159901010,41,0,0,0.0,0.0,0.0,0.0,0.0,,True,False,zero_or_structural_denominator,non_residential,0,15.0,13.0,69.99100038559516,112.70599663593414
410199900000,41,0,0,0.0,0.0,0.0,0.0,0.0,,True,False,zero_or_structural_denominator,non_residential,0,6.0,4.0,54.926196459209415,58.10028838022071
410399900000,41,0,0,0.0,0.0,0.0,0.0,0.0,,True,False,zero_or_structural_denominator,non_residential,0,6.0,4.0,44.30304494743943,57.57281864945738
410419515003,41,0,0,0.0,5.688336520076482,0.0,33.83818198300532,0.0,0.0,True,False,zero_or_structural_denominator,non_residential,0,5.0,5.0,33.91541991446942,44.67332172704407
410419901000,41,0,0,0.0,0.0,0.0,0.0,0.0,,True,False,zero_or_structural_denominator,non_residential,0,24.0,22.0,56.242518357700604,200.72736987101158
410459400001,41,0,0,0.0,0.0,0.0,30.30802369204699,0.0,0.0,True,False,zero_or_structural_denominator,non_residential,0,2.0,2.0,43.64354702339337,52.580691865263574
410519800001,41,0,0,12432.0,7287.348587714997,636.2846152124775,1.5925903227409026,91.90679587101523,57.709000587696956,True,True,,non_residential,0,12.0,12.0,189.75380991022956,352.5599590102784
410579901000,41,0,0,0.0,0.0,0.0,0.0,0.0,,True,False,zero_or_structural_denominator,non_residential,0,14.0,12.0,59.8383833563617,162.22457925595336
410670325012,41,0,0,162.0,112.55470438027892,0.0,0.8427370734145958,1.6017901488546453,1.9006997548648523,True,False,zero_or_structural_denominator,non_residential,0,6.0,5.0,75.59868389916417,214.70671350348516
410670325021,41,0,0,222.0,0.0,0.0,0.7494316257691237,0.0,0.0,True,False,zero_or_structural_denominator,non_residential,0,5.0,4.0,119.81217444823479,214.70671350348516
410670326081,41,0,0,3669.0,1928.5287762718522,469.41092046683355,1.7836498871031499,77.04351745885843,43.19430512452523,True,False,,non_residential,0,12.0,9.0,85.65869636405884,170.96676111116574
410670326091,41,0,0,88.0,25.393439402867806,76.71653327359856,0.2505810731308724,2.424469758710499,9.675390596815975,True,False,,non_residential,0,4.0,3.0,53.54661089887637,78.4765142412591
410670326122,41,0,0,9462.0,5460.275780789629,1198.959552017081,0.8422691175983816,101.71173921084475,120.7591933334351,True,False,,non_residential,0,7.0,5.0,37.17687855171639,117.49771538478312
410670326125,41,0,0,15114.0,10372.876841484973,614.3011453960712,0.9754056361285767,36.301803898068236,37.21713567511412,True,False,,non_residential,0,9.0,7.0,117.49771538478312,287.78116139814205
420030103011,42,1839,0,3675.0,62.06796807385326,25.684217314727572,0.106815934378942,15.06308748400841,141.01910516993044,True,False,,non_residential,0,9.0,6.0,72.02199011947019,285.44461312148275
420030103021,42,3914,0,13094.0,1770.6422540628907,555.3033698493896,0.10371939506702987,29.95604466758266,288.81815834177604,True,False,,non_residential,0,4.0,3.0,44.195674424346386,108.36902007894284
420031401003,42,0,0,45.0,0.0,0.0,0.03815886243585883,0.0,0.0,True,False,zero_or_structural_denominator,non_residential,0,4.0,3.0,34.57730407613599,59.6323608488667
420034511024,42,1448,0,1910.0,645.9161073180113,24.508835580741163,0.30231065423694164,3.9914507919406117,13.203142978918095,True,False,,non_residential,0,4.0,4.0,23.843629415259926,80.27047662165933
420035623002,42,0,0,180.0,0.0,0.0,0.26144019634128746,0.0,0.0,True,False,zero_or_structural_denominator,non_residential,0,6.0,6.0,147.73845002047955,206.33048368197856
420039800001,42,0,0,1800.0,1253.6365419751899,1196.9418054861258,0.24546174461009398,21.214249000127865,86.42588699035704,True,True,,non_residential,0,5.0,4.0,19.443471655065217,69.92655454875778
420039801001,42,0,0,431.0,207.34793730166362,22.594819661916112,0.5592492855111988,8.522595496349087,15.239349816171423,True,True,,non_residential,0,11.0,10.0,78.45034811769015,297.01812709834195
420039803001,42,0,0,97.0,30.01088566208289,0.0,0.4996656142950402,0.0,0.0,True,True,zero_or_structural_denominator,non_residential,0,6.0,3.0,56.15543077144443,98.03541447231781
420039804001,42,8,8,26.0,4.0,8.0,0.42715215399193474,2.4381971995866234,5.708029742564895,True,True,,non_residential,0,6.0,6.0,117.49881630224198,254.05383522688118
420039805001,42,9,9,548.0,125.63321473218579,31.594819661916112,0.6221627017430594,3.6327013735572837,5.838828594803029,True,True,,non_residential,0,10.0,9.0,96.01177481760098,249.61536225347976
420039806001,42,5,5,7635.0,4865.855870756804,713.225499759964,0.3790627440370759,39.67733495815593,104.67220950174706,True,True,,non_residential,0,8.0,5.0,133.49500620830915,149.50255903759876
420039808001,42,0,0,1037.0,738.6770266371767,70.7260528337801,0.13364076794931695,11.529914917881914,86.27543147802486,True,True,,non_residential,0,7.0,6.0,139.4405067069589,285.44461312148275
420039809001,42,24,0,1616.0,1124.7261467448793,7.4033951029380844,0.5653122477075774,5.729865090774333,10.135752611074254,True,True,,non_residential,0,11.0,10.0,145.38949979968956,290.6116221869189
420039810001,42,0,0,208.0,19.779901913645542,0.0,0.5321564970427606,0.0,0.0,True,True,zero_or_structural_denominator,non_residential,0,11.0,11.0,163.24105530899868,323.9679243119992
420039811001,42,0,0,6.0,0.0,0.0,0.04349247765465611,0.0,0.0,True,True,zero_or_structural_denominator,non_residential,0,4.0,1.0,78.69757151216942,78.69757151216942
420039811002,42,0,0,40.0,17.051639580728917,0.0,0.29472876614866006,1.800046919414628,6.107469396138588,True,True,zero_or_structural_denominator,non_residential,0,10.0,7.0,86.65918807952924,221.53566760637904
420039812001,42,0,0,7171.0,3975.7602846427544,1132.0885522014746,0.17809039285512396,54.5234878500545,306.1562556853317,True,True,,non_residential,0,7.0,5.0,66.53016556945704,93.61698868343001
420039818001,42,302,0,4720.0,3075.4337147802676,0.0,0.703820991672429,8.945823718349128,12.710367869381022,True,True,zero_or_structural_denominator,non_residential,0,8.0,6.0,58.72334049290619,232.07029338908774
420039822001,42,5981,8,44584.0,14495.072987787287,1073.9018748459152,0.19524105073980438,61.415843942749824,314.56419492741844,True,True,,non_residential,0,9.0,9.0,77.0906899652649,194.1648110769613
420110103044,42,1181,0,1948.0,557.9876785671413,0.6380053062750164,1.150904897397386,2.130886978956202,1.8514883234704373,True,False,zero_or_structural_denominator,non_residential,0,1.0,1.0,31.855035012136398,31.855035012136398
420110141011,42,1276,0,7319.0,945.9376917721063,129.93560763671547,0.30481027961166973,1.9827477211632185,6.504858444043462,True,False,,non_residential,0,4.0,3.0,25.642865716411762,41.65579263780701
420110141012,42,2670,0,4363.0,2.4762766800316918,22.594819661916112,0.13572340299276509,1.498558801773608,11.04127047163333,True,False,,non_residential,0,3.0,2.0,15.530566002037256,25.642865716411762
420171002063,42,8,4,2272.0,958.5478599644509,978.5524405354505,0.31878138622034063,37.09282767102748,116.35819804544371,True,False,,non_residential,0,4.0,4.0,114.67562643798162,188.46792371450874
420171003022,42,21,0,1838.0,720.3479704140047,118.96598351102111,0.7689050742398968,4.360270650065393,5.670752861626971,True,False,,non_residential,0,6.0,6.0,76.95683236479198,127.23654651734601
420171003041,42,0,0,3474.0,2486.680664990811,128.9222289880857,0.7484586483294705,29.634670955589723,39.594266191904005,True,False,,non_residential,0,6.0,6.0,81.20928665880675,195.36870806891946
420171008071,42,0,0,2458.0,670.2500082988053,259.115654602256,0.4082632641892708,8.44436320563704,20.683622422913455,True,False,,non_residential,0,8.0,7.0,30.349720387658877,99.80597125756387
420171008072,42,0,0,1237.0,513.8836416968189,20.826967561982272,0.3325741136317418,1.5737298258959485,4.731967286060437,True,False,,non_residential,0,4.0,3.0,32.874531650537534,43.142325838190324
420171008091,42,0,0,1016.0,233.03142983888245,32.33228821318261,0.1557817962338059,0.8723862762705318,5.600052749174919,True,False,,non_residential,0,5.0,5.0,41.70411336614124,181.06526776666368
420171015032,42,0,0,3007.0,1539.3737449943114,763.2222146683505,0.3132906274229962,14.862773224702988,47.44084860424404,True,False,,non_residential,0,5.0,5.0,30.88444834767955,116.68306629336874
420171016093,42,0,0,3344.0,2548.923587618786,315.24743921883004,0.5162039141561928,15.011709757118481,29.080968480561044,True,False,,non_residential,0,8.0,7.0,34.23056565662673,117.98669295674406
420171052023,42,0,0,3926.0,2119.295609479348,214.38135338879985,0.7017032213325489,7.628698117754641,10.871687468197146,True,False,,non_residential,0,6.0,4.0,12.556206779134925,27.60475313164959
420171052025,42,0,0,3625.0,2757.665096432117,210.0073008840293,0.3431803399282787,12.615432647467072,36.76035943697583,True,False,,non_residential,0,7.0,6.0,17.18287957629994,57.58463982234638
420171055092,42,0,0,3414.0,2595.226249573743,514.4006897254217,0.39083963207846545,16.3944786931595,41.946817435003936,True,False,,non_residential,0,7.0,6.0,22.147249929163813,80.58783848865686
420171062021,42,0,0,3200.0,1926.4943613390349,337.5130804583621,0.2746008745190726,15.105494356576887,55.00890841310021,True,False,,non_residential,0,6.0,5.0,32.50285125827564,137.31963253430075
420171062024,42,0,0,414.0,15.181200640969541,4.4660371439251145,0.47339252070929394,0.2175972339972478,0.45965498920687914,True,False,,non_residential,0,6.0,6.0,14.719712640211903,26.522148307537854
420179800001,42,0,0,1278.0,331.7092340051845,15.99228370378866,6.393604254808722,2.788244154858093,0.4360989582301742,True,True,,non_residential,0,12.0,10.0,77.47788746629226,292.707365332825
420179800002,42,0,0,1659.0,1279.0161540016838,51.62031521153324,2.4347768144773454,6.712241319433872,2.7568199596457617,True,True,,non_residential,0,5.0,4.0,105.44040492227587,138.8117039122538
420270112021,42,3877,0,7018.0,1132.1765584642233,45.189639323832225,1.1624238691968358,9.240793402084082,7.949590202813805,True,False,,non_residential,0,3.0,3.0,19.38994207896703,23.364891258852545
420270121001,42,7814,8,16233.0,56.19258638743455,640.6549505336511,0.3597622693333523,41.40277237177688,115.0836980445369,True,False,,non_residential,0,7.0,7.0,129.79758500357048,287.4913677209092
420293001012,42,0,0,64.0,17.049024213630986,0.0,0.5414198600317127,0.18464585144285794,0.34104004133140337,True,False,zero_or_structural_denominator,non_residential,0,5.0,4.0,17.866461632070724,20.537405767558667
420293001071,42,0,0,3384.0,1196.273198989774,11.262614227970888,0.22582497492623627,4.044481341431451,17.909805338194083,True,False,,non_residential,0,5.0,3.0,13.288479167172099,108.83695508405653
420293001074,42,0,0,11025.0,11771.640843503294,66.05858422893081,0.5522870913874581,30.574411596028384,55.359634640779326,True,False,,non_residential,0,9.0,7.0,21.881189153350803,108.83695508405653
420293001075,42,0,0,7084.0,1244.578767595062,566.2657773438751,0.23792271386141617,10.791674824438388,45.35790067830287,True,False,,non_residential,0,6.0,5.0,19.53548213438553,21.493454171668564
420293001077,42,0,0,3249.0,1840.5842390632451,92.33459361779829,0.33219766402711404,6.114192219338765,18.405283605003685,True,False,,non_residential,0,8.0,7.0,15.33374441871732,21.493454171668564
420293001084,42,0,0,4133.0,2605.6592006499354,54.505559974500294,0.42672126398294546,11.429916289410713,26.785438772668066,True,False,,non_residential,0,5.0,5.0,16.31481191413414,210.95451806905592
420293004001,42,0,0,703.0,507.2084703555218,12.600147419681868,0.10913718055640032,1.865950305656002,17.097292564670106,True,False,,non_residential,0,5.0,5.0,22.03452121392314,23.37880196063838
420293005021,42,0,0,522.0,88.79700111266138,159.25871401668772,0.10709045301370129,0.8037719413614459,7.505542452590151,True,False,,non_residential,0,4.0,4.0,46.33065001076726,93.19845316980849
420293021033,42,0,0,1370.0,13.49714416912453,45.424277120248284,0.1390593256430046,0.24147275609656296,1.7364729404518746,True,False,,non_residential,0,7.0,4.0,36.907420493896666,108.83695508405653
420293021036,42,0,0,745.0,109.39790537079882,67.78445898574833,0.16342739117825525,1.2081766219504821,7.3927425093183246,True,False,,non_residential,0,8.0,6.0,29.581425460126983,108.83695508405653
420293021043,42,0,0,5330.0,3786.304127443881,76.7733083564655,0.3225327547932257,16.32114452218732,50.60306055628593,True,False,,non_residential,0,4.0,3.0,10.938191063985625,24.793795571453636
420293028023,42,0,0,4676.0,2727.1334981720565,114.45920008180484,0.6357199068377191,5.814164439276711,9.145795776945677,True,False,,non_residential,0,7.0,7.0,12.291986928201528,60.62436284163559
420293079003,42,2042,0,2302.0,0.0,90.37927864766445,0.28721251542733917,4.551951481819226,15.848722591515367,True,False,zero_or_structural_denominator,non_residential,0,2.0,2.0,10.095055873088835,12.016606779106239
420293113002,42,1088,9,1434.0,349.2701082637184,9.23463779641606,0.37183568383254084,0.5862323048494006,1.576589688238246,True,False,,non_residential,0,3.0,3.0,3.340122102647782,7.057486046729121
420293114014,42,495,0,1702.0,921.3576835449745,0.0,0.25530271642830055,3.633491687996544,14.232091764746174,True,False,zero_or_structural_denominator,non_residential,0,3.0,3.0,62.00959518965691,140.49541586989758
420299800001,42,3427,0,7136.0,83.82436905035235,180.7585572953289,0.06894394584691742,16.285121662807974,236.20814652772162,True,True,,non_residential,0,5.0,4.0,69.76891602503187,77.67556401088558
420299800002,42,1224,0,1861.0,1.420752017802582,0.0,0.023307829007755562,3.626594057614837,155.59553214536226,True,True,zero_or_structural_denominator,non_residential,0,3.0,2.0,48.496825962980644,77.67556401088558
420333309005,42,928,0,2078.0,310.9091476091476,1.4469330778990377,0.18250855985589834,1.9136922753879995,10.485493266173249,True,False,,non_residential,0,2.0,2.0,27.475849677433374,39.187697614305335
420333317005,42,2331,0,2908.0,689.748024948025,0.0,0.3252161647954438,3.7648222774525992,11.576368843229602,True,False,zero_or_structural_denominator,non_residential,0,1.0,1.0,13.385512179858278,13.385512179858278
420350307021,42,1215,0,2452.0,356.1549605177225,54.12171361168245,0.24661889277939583,8.027296683933843,32.54939876449115,True,False,,non_residential,0,6.0,6.0,70.57858332867293,183.18222960358688
420391102024,42,904,0,1232.0,344.9116742346565,0.0,0.053058158633786164,2.4267837285615816,45.73818223341554,True,False,zero_or_structural_denominator,non_residential,0,1.0,1.0,33.115440147488954,33.115440147488954
420419810011,42,3125,0,3623.0,70.08677089459333,0.0,0.9397927313264771,5.352341689754921,5.6952363125859895,True,True,zero_or_structural_denominator,non_residential,0,4.0,4.0,73.79761237711219,137.04214272900103
420419816061,42,2384,4,4448.0,663.7373883954143,57.48370830540744,0.4235973114177733,2.9761825948523755,7.025971399325319,True,True,,non_residential,0,2.0,2.0,27.13552177536195,50.09106555637547
420454043002,42,0,0,3472.0,1268.880791252685,441.56912881444697,0.767386920552311,33.47177328075736,43.61785741235561,True,False,,non_residential,0,6.0,6.0,62.66179169233098,156.5105454083627
420454064022,42,14,9,2608.0,1839.2794600458342,83.06075281295134,0.705638374532924,8.317149841987677,11.786702852566604,True,False,,non_residential,0,5.0,5.0,72.54900467353471,381.9707090182266
420454065002,42,0,0,633.0,369.2322392005575,18.92744891089552,0.449949555946031,3.760971556512958,8.35865155729605,True,False,,non_residential,0,6.0,5.0,109.15071449117687,219.4553251569276
420454066002,42,0,0,668.0,206.62804155261966,7.782153581132662,0.7852642226994625,1.1285326307090773,1.4371374603437026,True,False,,non_residential,0,7.0,5.0,113.81258591165614,159.92367309086552
420454076004,42,0,0,1619.0,491.3629029361265,344.45407745377327,0.08136292177804631,18.305993830197583,224.99184432111906,True,False,,non_residential,0,4.0,4.0,29.635315602672968,68.04783684594808
420454081032,42,69,0,2435.0,86.62756381243848,22.594819661916112,0.4825755744492588,0.62500123281292,1.2951364841169282,True,False,,non_residential,0,5.0,5.0,66.73710918755579,87.60696684309639
420454096022,42,1753,0,1753.0,0.0,0.0,0.0283279292737757,7.608737679748984,268.5949123288972,True,False,zero_or_structural_denominator,non_residential,0,3.0,2.0,24.225457766545755,34.04329778597
420454097013,42,0,0,5418.0,591.4816447193546,192.45134081672924,0.25727260964143966,2.9553437062056003,11.487206937125787,True,False,,non_residential,0,6.0,5.0,14.407617747121513,78.97691369080712
420454101011,42,309,0,958.0,145.56270968483517,0.11731889820803008,0.11380168073435673,0.3795374263713571,3.3350775131107073,True,False,zero_or_structural_denominator,non_residential,0,3.0,3.0,3.002884697518463,3.0496380893734303
420454103062,42,1405,0,2830.0,235.0305214911241,0.0,0.1069506840322908,1.040935480168808,9.732854816099412,True,False,zero_or_structural_denominator,non_residential,0,4.0,4.0,2.7506001787159957,6.834936989365519
420454107006,42,783,0,1149.0,352.90081323591744,0.0,0.04154768108182551,8.867111185393995,213.42012248362994,True,False,zero_or_structural_denominator,non_residential,0,2.0,2.0,89.40527174205559,120.7317743970521
420459800001,42,0,0,1137.0,587.9313347270415,258.49078998010424,2.7560176714479203,8.019815655258636,2.9099289668361563,True,True,,non_residential,0,6.0,4.0,56.87310413179826,112.48816687475471
420459802001,42,0,0,3260.0,1535.154040676164,25.957961410546307,0.21187510393628797,5.277393240437097,24.908038473571857,True,True,,non_residential,0,3.0,2.0,15.45512096135083,21.323007206058186
420490101081,42,2173,0,3473.0,484.51306140016885,0.0,0.6855436876889756,3.171396168736285,4.626103668793631,True,False,zero_or_structural_denominator,non_residential,0,2.0,2.0,23.400391142613607,39.01330061747075
420490122023,42,1178,0,4195.0,368.6696243812803,27.379859458978736,0.7103827978577091,5.677058985244819,7.991549066735628,True,False,,non_residential,0,4.0,4.0,77.24548947430085,132.3121615091356
420490124000,42,0,0,0.0,0.0,0.0,0.0,0.0,,True,False,zero_or_structural_denominator,non_residential,0,4.0,4.0,102.45841263872573,156.53991255037798
420499900000,42,0,0,0.0,0.0,0.0,0.0,0.0,,True,False,zero_or_structural_denominator,non_residential,0,21.0,19.0,19.735564105619105,156.53991255037798
420512613001,42,2022,0,2442.0,651.5024362060664,0.0,0.38730679732734374,10.164676404173337,26.24450816333688,True,False,zero_or_structural_denominator,non_residential,0,1.0,1.0,39.96197077456097,39.96197077456097
420535301003,42,2192,0,2500.0,505.3333333333333,0.0,0.3241744611715611,11.450792404067734,35.32293186417203,True,False,zero_or_structural_denominator,non_residential,0,2.0,2.0,38.52717223970769,48.4484114607093
420599705012,42,1686,0,1972.0,600.8388050872524,0.0,0.12453879566265655,7.3601616445568405,59.099348162107,True,False,zero_or_structural_denominator,non_residential,0,1.0,1.0,37.40498615034754,37.40498615034754
420619503021,42,3098,3,4780.0,1373.5789533496222,3.0,0.5104289841701243,9.804170252183173,19.207706764777832,True,False,,non_residential,0,3.0,3.0,71.84669426237949,92.62834882700038
420639609003,42,970,0,2098.0,522.9491118980566,0.0,0.1435018170797703,6.196276333400067,43.17907925831809,True,False,zero_or_structural_denominator,non_residential,0,1.0,1.0,41.622758113067746,41.622758113067746
420691003003,42,1960,0,4211.0,153.33528734005782,115.15570606630826,0.1314720321245027,9.41574209436585,71.61783340695028,True,False,,non_residential,0,8.0,8.0,89.64680068379016,178.16263253491377
420710107024,42,1552,0,2204.0,452.5895277727519,22.594819661916112,0.20871138284878074,2.9020653339818376,13.904681643954673,True,False,,non_residential,0,3.0,3.0,18.165048583362605,44.951347854304714
420770012002,42,862,0,1181.0,58.966872000966276,0.0,0.00450079286271318,3.023915027976469,671.8627406802241,True,False,zero_or_structural_denominator,non_residential,0,3.0,3.0,83.7109919258149,128.5229106364752
420770022023,42,1942,0,2973.0,701.9481064224616,0.0,0.13797669519031114,8.75191683032304,63.430399012322546,True,False,zero_or_structural_denominator,non_residential,0,5.0,5.0,50.7867444961679,60.22617369762464
420792113013,42,1990,0,2864.0,789.6166799787007,1.3296141796910077,1.8764163361352266,1.9724408829819398,1.051174435543708,True,False,,non_residential,0,2.0,2.0,20.939300626754722,21.703911647136053
420792156002,42,175,0,1151.0,1.6908280085197018,0.0,0.2686367544752937,0.2091089913042769,0.7784079721805471,True,False,zero_or_structural_denominator,non_residential,0,2.0,2.0,20.537646180259834,36.07103399351356
420810005003,42,1004,0,1153.0,77.55169822952588,22.594819661916112,0.06254584697688052,7.222889083345583,115.48151368092361,True,False,,non_residential,0,3.0,3.0,86.39606601657346,194.14097506010128
420810117013,42,1205,0,1461.0,596.5515248425068,0.0,1.156643533780547,2.1429761913955376,1.8527542227215963,True,False,zero_or_structural_denominator,non_residential,0,1.0,1.0,11.277526932375837,11.277526932375837
420834210003,42,0,0,1100.0,0.0,0.0,0.288399007360694,0.0,0.0,True,False,zero_or_structural_denominator,non_residential,0,2.0,2.0,14.636176158281705,16.583563800755698
420850326024,42,1587,6,2035.0,487.3695255474453,6.0,0.505168342259301,1.3503308313943774,2.673031380698155,True,False,,non_residential,0,2.0,2.0,11.273299254553145,14.258619722815508
420850330005,42,2228,7,2603.0,558.1390771637123,54.22316689277141,0.1908537719117174,4.8678449322530035,25.50562602715919,True,False,,non_residential,0,5.0,5.0,37.93775440933967,75.42733330375091
420912003013,42,0,0,588.0,222.37999737346442,109.6433349898413,0.09981242732423201,6.260731637448934,62.72497128149675,True,False,,non_residential,0,7.0,7.0,120.5315452106321,277.9573406778261
420912005014,42,1,0,592.0,144.7234903541594,132.93548978528727,1.5657369176107918,2.0091512760239727,1.2831985076329433,True,False,,non_residential,0,9.0,8.0,63.09843214888641,121.24440096156653
420912005062,42,0,0,2351.0,1673.8507103888385,34.79598507555124,0.5048084950474927,2.315974632124373,4.587828166216744,True,False,,non_residential,0,3.0,2.0,13.225922543010965,15.054175625299015
420912005075,42,0,0,1795.0,1044.1270352868378,181.54068328338244,0.0849474942184194,3.902892462676865,45.94476268648534,True,False,,non_residential,0,7.0,6.0,79.12214296258324,277.9573406778261
420912005076,42,0,0,3427.0,1771.2743282857848,69.28923151980715,0.13738171176392003,4.723930977424756,34.38544269664124,True,False,,non_residential,0,4.0,3.0,39.34557607925592,277.9573406778261
420912006024,42,0,0,2401.0,1599.0180763520536,1187.2221957957927,0.34722089901794956,72.16842531604786,207.84585697509272,True,False,,non_residential,0,6.0,6.0,101.07941454075745,178.6484439506865
420912010053,42,0,0,7911.0,5596.916251355003,418.3105701632546,0.5379167551468026,21.13865004398758,39.29725155748057,True,False,,non_residential,0,5.0,5.0,22.60903223187824,29.36200829939867
420912014041,42,0,0,4949.0,3504.4263713075475,199.56945245172236,0.5435731517701833,29.675198012639747,54.592832475261936,True,False,,non_residential,0,8.0,6.0,34.85867379108483,53.871829969424915
420912014044,42,0,0,8309.0,5034.965527833487,168.52852411443257,0.5085745355024043,36.183821981606954,71.14752992078562,True,False,,non_residential,0,6.0,5.0,37.70440883309243,53.68016121855729
420912014112,42,0,0,714.0,441.93612176440865,9.46372445544776,0.0935027458485128,4.229128670175671,45.22999438997691,True,False,,non_residential,0,3.0,2.0,33.407166014376045,38.3435040102697
420912040021,42,0,0,3331.0,2251.332735314216,521.4634398472188,0.8391104158389361,127.72192118426095,152.21110210694448,True,False,,non_residential,0,6.0,3.0,92.20452047053969,324.16657767008394
420912040022,42,0,0,5438.0,2157.43895864542,735.9515901998117,0.6252851098995972,149.75867281166012,239.5046202774716,True,False,,non_residential,0,7.0,5.0,139.40699513791049,512.0807438704941
420912040082,42,0,0,4165.0,1433.821506874623,229.77637105234,0.5123938580552017,40.55865518707999,79.15523293159868,True,False,,non_residential,0,5.0,2.0,79.95271197487553,139.40699513791049
420912040093,42,0,0,3962.0,1409.8185865232015,1068.9668218899048,0.16705790977550086,114.06863603573744,682.8089504353758,True,False,,non_residential,0,4.0,4.0,143.51430424411345,202.11028755809446
420912044001,42,0,0,271.0,37.41631701839243,0.0,0.33630810760749014,0.751209364574787,2.2336938883778976,True,False,zero_or_structural_denominator,non_residential,0,7.0,7.0,46.130230171061896,545.1618080900485
420912058102,42,0,0,4638.0,3274.2807232321525,323.41801997454223,0.19273293111758727,24.435628079413036,126.78491391024788,True,False,,non_residential,0,5.0,4.0,42.868953574194464,61.12029607435325
420912059061,42,0,0,4124.0,1289.8039847660937,71.3431322313919,0.3443286077479329,4.469925555253425,12.981568927684487,True,False,,non_residential,0,5.0,4.0,34.1011781745138,99.49791364876182
420912059063,42,0,0,363.0,7.765650701930504,0.43016929342944366,0.3077234203982504,0.31488487577164903,1.023272376747049,True,False,zero_or_structural_denominator,non_residential,0,7.0,4.0,34.1011781745138,70.28319986158156
420912060042,42,1126,0,2297.0,211.08450544338368,0.0,0.27399855515166827,2.1014236356985267,7.669469769777843,True,False,zero_or_structural_denominator,non_residential,0,3.0,3.0,21.156321246247188,68.77807459246
420912060061,42,9,9,2406.0,1706.85363074026,86.25433569911218,0.2756510723904443,3.3323078861884667,12.088862405978379,True,False,,non_residential,0,4.0,4.0,54.99613390261135,180.87390082239347
420912086031,42,0,0,589.0,429.9346615886979,21.578332260455333,0.603439063664273,2.2888583921993346,3.7930232396634413,True,False,,non_residential,0,5.0,4.0,80.51219372416325,178.2572986381574
420912086034,42,0,0,5688.0,1827.0458196905586,1049.8117482441626,1.7212329982472392,34.602237769420775,20.103168951941324,True,False,,non_residential,0,7.0,6.0,79.54262740249827,178.2572986381574
420912087043,42,0,0,1781.0,879.6364340550371,272.2178421251462,0.816384828886338,24.80627382556532,30.385515443010515,True,False,,non_residential,0,5.0,5.0,107.02983633166068,354.7009861045755
420912090001,42,0,0,150.0,11.295491930080733,0.6257007904428271,0.24651078417498992,0.4005838203139245,1.6250153990405676,True,False,zero_or_structural_denominator,non_residential,0,5.0,4.0,249.16133635627327,301.49311020348125
420912090003,42,0,0,480.0,348.0423450956126,75.33197477046494,0.22699525056893022,7.845515932899312,34.56246733460581,True,False,,non_residential,0,4.0,4.0,200.56679026451542,432.18744082243967
420912090004,42,0,0,318.0,206.84869596960343,214.62963645734976,0.17179731377222424,10.561331339951536,61.47553246352951,True,False,,non_residential,0,8.0,7.0,267.3019038110915,432.18744082243967
420919800001,42,0,0,87.0,25.414856842681647,0.0,0.4169872424626691,0.0,0.0,True,True,zero_or_structural_denominator,non_residential,0,5.0,5.0,53.075630770792735,122.16356613078807
420919801001,42,3378,0,3894.0,773.0352289649002,0.0,2.573895213750615,1.7433615093872312,0.6773241972220186,True,True,zero_or_structural_denominator,non_residential,0,6.0,6.0,3.8840885797973503,8.008269838420006
420919802001,42,0,0,95.0,133.42799842407865,9.014672390467801,2.290285803667261,2.208671835361838,0.9643651599399775,True,True,,non_residential,0,10.0,8.0,22.925557620179653,61.12029607435325
420919803001,42,0,0,981.0,219.55612439094423,550.5697408675619,0.1436523969216214,14.72701824706207,102.5184303405485,True,True,,non_residential,0,6.0,4.0,170.27779822803254,210.95451806905592
420919803002,42,0,0,7616.0,3485.365228675536,3151.25511436852,0.16364476669354286,219.82677625724497,1343.3168728757091,True,True,,non_residential,0,4.0,1.0,188.23057101951989,188.23057101951989
420919803003,42,0,0,4688.0,1874.3456921477716,89.13909436274012,0.13202261380265565,8.992899675004395,68.1163583721102,True,True,,non_residential,0,4.0,1.0,210.95451806905592,210.95451806905592
420919803004,42,0,0,5890.0,1541.83464845602,1180.36489238456,0.24120574051592847,77.7242824342812,322.2323078548313,True,True,,non_residential,0,6.0,4.0,122.42182526248446,210.95451806905592
421010001011,42,0,0,5355.0,2885.5528696248307,45.98406982771795,0.023327906320002374,25.812816911881846,1106.5209435340025,True,False,,non_residential,0,6.0,3.0,189.85081847526112,191.13475809851957
421010001012,42,0,0,4984.0,1395.4899073399786,411.8107963646902,0.023422501348857545,22.111439535918716,944.025542216362,True,False,,non_residential,0,9.0,5.0,189.85081847526112,263.19037793408404
421010001013,42,0,0,727.0,390.65119855069867,147.1641801247389,0.01271009695870766,14.475895439066754,1138.928797010423,True,False,,non_residential,0,5.0,2.0,268.5874923671836,273.9846068002832
421010001022,42,0,0,4722.0,418.593237511684,112.97409830958057,0.05849911025267217,17.935271591821685,306.59050222054316,True,False,,non_residential,0,7.0,5.0,263.19037793408404,316.94844746538354
421010002004,42,0,0,9611.0,743.6881138846863,158.4827402865503,0.03581174741377481,27.85324574409981,777.7684071731779,True,False,,non_residential,0,6.0,5.0,189.85081847526112,255.5939636622347
421010004031,42,0,0,14598.0,7850.100907327589,719.3141696216535,0.024456869031726947,139.4248402126118,5700.845845465393,True,False,,non_residential,0,5.0,3.0,79.4300379676572,181.3867726426373
421010005002,42,0,0,4635.0,1231.061754992642,225.94819661916114,0.01737382493234689,28.878614524058868,1662.1909473884568,True,False,,non_residential,0,3.0,2.0,124.74233650243377,181.3867726426373
421010010012,42,0,0,229.0,36.0022425074234,135.56891797149666,0.009046373575823096,5.231117541591527,578.2557505221719,True,False,,non_residential,0,5.0,3.0,211.96761099462918,263.19037793408404
421010010023,42,62,0,2973.0,600.2164907580886,161.35376416478786,0.02924453579827438,20.080163282484882,686.6295782909895,True,False,,non_residential,0,6.0,4.0,237.5789944643566,606.3644109130614
421010038004,42,0,0,1224.0,521.2264960029955,474.67922027476584,0.15244278476629763,40.02201910194884,262.5379690045979,True,False,,non_residential,0,4.0,3.0,282.6648505217429,619.3867679644114
421010088024,42,2220,0,2220.0,3.2240814185752296,135.56891797149666,0.020505885642849535,15.67315567222326,764.3247380387365,True,False,,non_residential,0,3.0,3.0,290.90936654510546,453.0241274695307
421010125012,42,4,0,10245.0,549.7058818670766,67.78445898574833,0.03428201066143118,13.618106420590095,397.2376811582724,True,False,,non_residential,0,7.0,7.0,259.07182163477415,392.0446348739411
421010142022,42,0,0,781.0,364.8585472020968,192.36435721029946,0.03549282703077737,23.364459282288408,658.2867930477353,True,False,,non_residential,0,6.0,6.0,344.07942802774585,601.9778378567447
421010360003,42,0,0,5569.0,1301.991546201297,778.5201838971163,0.5138096946707605,62.49142496115745,121.62367820093539,True,False,,non_residential,0,7.0,6.0,153.85326511549775,239.30612440809495
421010369011,42,0,0,5039.0,743.1507669815904,135.56891797149666,0.03675267837426482,12.654898314601697,344.32587975582715,True,False,,non_residential,0,3.0,0.0,,
421010369012,42,146,0,4450.0,56.421424825066524,45.189639323832225,0.15089567341681737,9.03744456825157,59.89200593768876,True,False,,non_residential,0,10.0,6.0,305.66478940542515,614.5353050610142
421010369013,42,0,0,28710.0,15427.229587882475,73.20750408908597,0.03949400370027181,58.31578917039163,1476.573244205937,True,False,,non_residential,0,6.0,1.0,290.90936654510546,290.90936654510546
421010369014,42,8,4,13651.0,1277.7507320155446,320.32747526682556,0.14881381057768642,25.193837990479715,169.29771432287583,True,False,,non_residential,0,8.0,3.0,394.3642255793194,614.5353050610142
421010369021,42,0,0,6269.0,20.419182317643124,45.189639323832225,0.11557582015308944,7.746074972959468,67.02158775684369,True,False,,non_residential,0,10.0,7.0,172.0878797769192,394.3642255793194
421010369022,42,1282,0,6448.0,252.55304445505968,313.5890326982403,0.05691107207438107,35.29000096078552,620.0902508858477,True,False,,non_residential,0,8.0,4.0,145.31660770208782,290.90936654510546
421010369023,42,1065,0,3698.0,918.3258573908446,409.367512561284,0.022609756305020257,33.81914596147457,1495.7766684979874,True,False,,non_residential,0,5.0,4.0,196.80657618657534,271.3273527115372
421010378001,42,0,0,42.0,22.56856993002661,1.407826778496361,0.08909732021897197,4.749492844917501,53.30679792888054,True,False,,non_residential,0,5.0,3.0,366.2786173756649,1091.3643717901948
421010378003,42,0,0,1296.0,198.8183541454725,12.474909509453866,0.2961395834361572,10.030985144723681,33.87249022346989,True,False,,non_residential,0,8.0,3.0,274.33639586097837,526.9782605256996
421010378004,42,0,0,26.0,13.971019480492663,1.016763784469594,0.3028554443827157,5.951071739856429,19.649875378618297,True,False,,non_residential,0,8.0,4.0,406.7989417316303,1091.3643717901948
421010378006,42,0,0,294.0,161.74141783185735,7.391090587105896,0.10365298549575196,7.2901688654255175,70.33245429987439,True,False,,non_residential,0,4.0,1.0,425.86126655876166,425.86126655876166
421010378007,42,0,0,358.0,121.97774700276285,47.26227319217409,0.43555605357585986,11.869702413358937,27.25183662564253,True,False,,non_residential,0,4.0,2.0,476.4197635422306,526.9782605256996
421010390021,42,0,0,2251.0,1114.9948239239336,694.2890976883365,0.2819518735165159,76.78797120176066,272.34424883955467,True,False,,non_residential,0,9.0,9.0,344.3271542759396,715.6459756906762
421010391001,42,0,0,410.0,47.2865274724367,93.19493220465718,0.1603269908447572,10.516341265359472,65.59308080285948,True,False,,non_residential,0,10.0,7.0,572.4514205751062,1230.2472150022866
421019800011,42,0,0,204.0,49.43591508482019,90.37927864766445,0.7625367052360715,38.3273687504426,50.262982079763546,True,True,,non_residential,0,13.0,10.0,484.05075476471495,617.5562064208312
421019800012,42,0,0,570.0,205.26651698262296,226.691216307812,0.21280715454713034,26.229502905198736,123.25479827507255,True,True,,non_residential,0,11.0,7.0,263.3606694749663,646.3203766232425
421019800021,42,0,0,1462.0,166.5775399597202,135.76444946851004,2.0871288864719926,68.2550287581287,32.70283363932763,True,True,,non_residential,0,20.0,17.0,367.2883378501584,944.7924978112758
421019800022,42,0,0,302.0,162.27876473495323,51.25068973344488,0.19838623892369917,14.280599476692439,71.98382082431063,True,True,,non_residential,0,11.0,7.0,434.5974220282749,944.7924978112758
421019800031,42,0,0,2722.0,1462.6582702269625,118.2925550283446,0.1391936891941948,14.638441659080556,105.1659866465488,True,True,,non_residential,0,10.0,7.0,325.34421176808166,434.5974220282749
421019800032,42,0,0,2377.0,547.5564942546932,300.23002756586766,0.03621831298677275,27.049364532605175,746.8421994830031,True,True,,non_residential,0,7.0,6.0,78.32345070134394,351.731890392321
421019803001,42,0,0,2969.0,1595.382955291643,124.25352932541125,0.43484871442131834,27.11423208107253,62.35325340022038,True,True,,non_residential,0,6.0,5.0,113.8880602273245,463.0253941855067
421019803002,42,0,0,2600.0,1239.12195853908,181.2302791764979,0.5052243270722969,28.13801702310775,55.6941055989199,True,True,,non_residential,0,6.0,4.0,195.75321990002107,306.07986064832454
421019803003,42,0,0,7362.0,3494.904257735549,962.630574258802,1.9927716965465143,90.72042684957015,45.52474676692228,True,True,,non_residential,0,16.0,14.0,207.910487325359,463.0253941855067
421019804001,42,0,0,15697.0,1259.5411408567231,1878.796739403941,1.140827631058121,47.15300153658799,41.33227514208562,True,True,,non_residential,0,6.0,1.0,17.04605199841505,17.04605199841505
421019805001,42,0,0,207.0,0.0,0.0,0.1606524749644507,7.192165475058236,44.76846980819762,True,True,zero_or_structural_denominator,non_residential,0,10.0,10.0,501.6884682663426,1870.5613214028258
421019806001,42,0,0,10377.0,5211.1902662237635,1310.4995403911346,0.49682158579484753,128.6535776015423,258.9532767496685,True,True,,non_residential,0,7.0,5.0,262.9262949771202,390.4480052903502
421019807011,42,0,0,115.0,5.3734690309587165,22.633925961318788,0.2115990408928943,0.13102581889515053,0.6192174517533482,True,True,,non_residential,0,5.0,1.0,755.9826347720654,755.9826347720654
421019807012,42,0,0,2508.0,1364.3237869604181,415.0106994357249,0.5065169970992647,38.360265093484514,75.733421214228,True,True,,non_residential,0,6.0,3.0,342.8879290686005,755.9826347720654
421019807013,42,0,0,915.0,497.04588536368124,35.70405135464382,0.19512444788790942,10.242254994645469,52.49088520434509,True,True,,non_residential,0,6.0,1.0,75.61960689807532,75.61960689807532
421019807014,42,0,0,73.0,0.0,0.0,0.4582804822219821,0.11741078408116255,0.25619852609016647,True,True,zero_or_structural_denominator,non_residential,0,7.0,1.0,390.4480052903502,390.4480052903502
421019807021,42,0,0,6770.0,1914.5670157305906,1842.1657026599057,0.8668472227079066,192.45386788646806,222.01590181631977,True,True,,non_residential,0,12.0,9.0,240.05358110282856,755.9826347720654
421019808001,42,0,0,173.0,0.0,22.594819661916112,0.8123334589362265,5.481306645175745,6.747606644632944,True,True,zero_or_structural_denominator,non_residential,0,20.0,20.0,215.70598888331193,1268.8200346746562
421019809011,42,0,0,1928.0,256.3144727767308,455.2809496563128,0.5330537984593297,43.85052183523568,82.26284469217855,True,True,,non_residential,0,6.0,2.0,163.4827058955548,309.91935979269454
421019809012,42,0,0,3180.0,6335.3199875003265,1105.4988782885353,0.6806309238230441,76.6904754415851,112.67556726753088,True,True,,non_residential,0,7.0,0.0,,
421019809013,42,0,0,3599.0,1933.911504242042,292.1724042935548,0.88094381251812,41.5530439269443,47.16877891243444,True,True,,non_residential,0,6.0,0.0,,
421019809014,42,0,0,364.0,64.4816283715046,187.97433991327355,0.28672602670751257,19.71933204110189,68.77412653305261,True,True,,non_residential,0,7.0,4.0,549.6643957791936,1230.2472150022866
421019809015,42,0,0,1865.0,1002.1519742738006,355.6954196079126,0.6799849749117188,47.387402427697666,69.68889633752552,True,True,,non_residential,0,8.0,2.0,433.01694621546176,526.8773709832809
421019809016,42,0,0,2238.0,1211.7172664811906,300.26545074226914,0.4879717382177481,34.802196556132024,71.32010694562439,True,True,,non_residential,0,7.0,3.0,339.1565214476426,862.076419217476
421019809017,42,0,0,108.0,47.2865274724367,3.4413543474355492,0.6167128697745258,9.900782083031544,16.05411945862478,True,True,,non_residential,0,7.0,2.0,80.57385471866027,90.837973353999
421019809018,42,0,0,2541.0,51.04795579410781,30.91569042706181,0.15657639447618932,17.4906560453277,111.7068514947029,True,True,,non_residential,0,6.0,4.0,439.00927168260665,862.076419217476
421019809021,42,0,0,58.0,40.301017732190374,14.968515665798506,0.051177068917123335,2.7584115496033634,53.89936563327539,True,True,,non_residential,0,5.0,2.0,922.3912600316504,1230.2472150022866
421019809031,42,0,0,74.0,67.70570979007982,1.6424645749124211,0.06608292885174674,5.194880927739653,78.61154186119792,True,True,,non_residential,0,5.0,3.0,519.8837366608738,614.5353050610142
421019809041,42,0,0,881.0,41.37571153838211,0.0,0.6065062592121321,0.49071691716718546,0.8090879685308441,True,True,zero_or_structural_denominator,non_residential,0,8.0,3.0,575.5373141285897,1230.2472150022866
421019809051,42,0,0,233.0,110.69346203774955,117.00204714805626,0.34150735927509723,6.680248685262134,19.561068023371462,True,True,,non_residential,0,7.0,1.0,390.4480052903502,390.4480052903502
421019809061,42,0,0,1344.0,189.1461098897468,40.7617068689119,1.1372214368968667,15.007875350262495,13.196968385694914,True,True,,non_residential,0,11.0,4.0,482.99265970947,619.3867679644114
421019891001,42,747,0,2943.0,59.64550624364175,0.0,0.07400265632879682,17.083331659508232,230.84754665570776,True,True,zero_or_structural_denominator,non_residential,0,4.0,1.0,340.3005036076239,340.3005036076239
421019891002,42,0,0,541.0,225.1483523971702,26.4579982929589,0.1442682298645765,9.563430195602663,66.28923224870634,True,True,,non_residential,0,8.0,5.0,341.825383889305,431.0633830116046
421019891003,42,438,0,5098.0,802.7962732252322,0.0,0.31668562370350034,26.634035551275723,84.10244595192634,True,True,zero_or_structural_denominator,non_residential,0,6.0,3.0,197.35393616935065,340.3005036076239
421019891004,42,0,0,379.0,146.69570454517296,11.107529786661827,0.5405395471101218,21.778508076683394,40.29031398926775,True,True,,non_residential,0,10.0,7.0,191.79283579253755,341.825383889305
421019892001,42,0,0,1025.0,550.7805756732685,125.38709915838817,0.10596033199550094,10.143979225426975,95.73374332063896,True,True,,non_residential,0,4.0,1.0,390.4480052903502,390.4480052903502
421019892002,42,0,0,1104.0,475.0146623367505,31.342602595292316,0.2193411613769918,9.956274048294969,45.39172668636809,True,True,,non_residential,0,7.0,2.0,75.95203141146911,90.837973353999
421019892003,42,0,0,323.0,22.031223026930736,0.11731889820803008,0.11884070000614791,6.789092599345806,57.12767258182247,True,True,zero_or_structural_denominator,non_residential,0,7.0,1.0,390.4480052903502,390.4480052903502
421019892004,42,0,0,4213.0,2263.842502742907,308.11703889531816,0.1922908441459988,29.31607275328023,152.45693513634845,True,True,,non_residential,0,4.0,1.0,61.06608946893921,61.06608946893921
421019892005,42,0,0,4626.0,2485.766773721502,283.80827694946055,0.3166338860142489,26.470978721627347,83.60121860247176,True,True,,non_residential,0,5.0,1.0,61.06608946893921,61.06608946893921
421019892006,42,0,0,439.0,214.93876123834866,14.352011880782348,0.5340186677536524,12.218877057167033,22.8809923603714,True,True,,non_residential,0,8.0,2.0,238.2487849280024,390.4480052903502
421019892007,42,0,0,126.0,36.53958941051927,2.6592283593820154,0.2857472577354805,7.631287459891779,26.706424132882315,True,True,,non_residential,0,4.0,2.0,73.55782701729694,86.04956456565466
421019893001,42,0,0,5788.0,1876.4153856107837,252.9451884791419,0.5157378888507717,77.14133038768308,149.57468135524917,True,True,,non_residential,0,9.0,8.0,363.29968740786717,919.6144558282308
421019893002,42,451,0,2297.0,1056.4240114864836,579.0212855878749,0.3562344539102923,41.22133210128884,115.71405193633876,True,True,,non_residential,0,10.0,9.0,348.850247413361,691.5220158252909
421070004003,42,2268,0,3407.0,534.3451754247707,0.0,0.35249157958489624,3.083924085025679,8.74892980041507,True,False,zero_or_structural_denominator,non_residential,0,2.0,2.0,85.36373940835175,126.55808853434382
421070004004,42,1152,0,1481.0,537.8722062856602,0.0,0.3155296338406743,1.451652434382359,4.600684939517809,True,False,zero_or_structural_denominator,non_residential,0,4.0,4.0,10.540943550020167,126.55808853434382
421070009024,42,1171,0,1205.0,0.0,0.0,0.48069487083475454,3.3970320629724364,7.066919722012622,True,False,zero_or_structural_denominator,non_residential,0,3.0,3.0,13.710045716003442,19.012773223285755
421199801011,42,2940,4,3351.0,493.2178391665691,6.233018571962557,3.339162819554411,2.4981423566919605,0.7481343353677258,True,True,,non_residential,0,2.0,2.0,22.278113375716757,22.55796679138396
421199805011,42,1144,3,1144.0,11.362460493971673,3.0,1.4684283627850323,0.9173076438517258,0.6246866834633684,True,True,,non_residential,0,4.0,4.0,29.72105824658037,59.04454850830346
421199808001,42,1940,1,5270.0,273.1230246985836,46.189639323832225,0.6497361873989452,4.14714558096744,6.38281453518772,True,True,,non_residential,0,7.0,6.0,20.265468639097556,31.74731315951681
440039800001,44,0,0,1620.0,1018.4542996335031,1088.806626923758,1.4561970325029794,12.080315601892856,8.295797431429074,True,True,,non_residential,0,10.0,10.0,36.27596118555519,172.02014122894423
440050401051,44,0,0,28.0,0.0,0.0,0.2727807889434674,0.0,0.0,True,False,zero_or_structural_denominator,non_residential,0,3.0,2.0,12.356998469929069,15.891787479696958
440050402002,44,0,0,2013.0,256.6182202504007,45.54159601845632,0.7024344988209232,0.6816421013268833,0.9703995211952984,True,False,,non_residential,0,9.0,8.0,40.85847938689578,195.9679352848401
440050411001,44,0,0,3.0,0.0,0.0,0.026544523403236785,0.0,0.0,True,False,zero_or_structural_denominator,non_residential,0,1.0,0.0,,
440059900000,44,0,0,0.0,0.0,0.0,0.0,0.0,,True,False,zero_or_structural_denominator,non_residential,0,46.0,41.0,24.8752230351135,151.48081679119497
440070024001,44,1951,0,5277.0,1028.0858938590686,112.97409830958057,0.10986421092103006,6.0586195648137915,55.14643498571798,True,False,,non_residential,0,5.0,4.0,79.64465122531986,189.82943987403502
440070024003,44,979,0,1494.0,0.0,0.0,0.040238408662038226,3.6557494721291413,90.85223779185019,True,False,zero_or_structural_denominator,non_residential,0,4.0,3.0,64.77254449506025,189.82943987403502
440099901000,44,0,0,0.0,0.0,0.0,0.0,0.0,,True,False,zero_or_structural_denominator,non_residential,0,26.0,24.0,24.948808839675543,54.20514769940817
440099902000,44,0,0,0.0,0.0,0.0,0.0,0.0,,True,False,zero_or_structural_denominator,non_residential,0,2.0,2.0,32.61416234245726,39.29510610309507
450039801001,45,0,0,12639.0,11069.139052399221,0.039106299402676695,113.52434239553324,27.732322755733954,0.2442852534578973,True,True,zero_or_structural_denominator,non_residential,0,11.0,10.0,69.14075663581116,168.20416032930214
450119801001,45,0,0,967.0,141.73787433940106,0.0,184.93916329214346,0.33728118280824715,0.0018237412606623134,True,True,zero_or_structural_denominator,non_residential,0,8.0,7.0,108.84817444092653,194.54407648306048
450139901000,45,0,0,12.0,2.459825685089008,23.551827621328638,0.0,0.12933626518545224,,True,False,,non_residential,0,17.0,15.0,57.81951192645617,117.71611786166122
450159801001,45,0,0,720.0,74.19747953748214,45.189639323832225,8.866570433792456,1.9705110933785805,0.22224050528810194,True,True,,non_residential,0,9.0,9.0,106.42161005611455,216.84945688234467
450199901000,45,0,0,0.0,0.0,0.0,0.0,0.0,,True,False,zero_or_structural_denominator,non_residential,0,18.0,16.0,39.740645730739466,207.53275786892752
450279800001,45,1110,0,1558.0,0.0,0.0,0.10496225791553924,4.114730153227507,39.2019973173456,True,True,zero_or_structural_denominator,non_residential,0,1.0,1.0,60.823543458731564,60.823543458731564
450299901000,45,0,0,17.0,0.0,0.0,0.0,0.0,,True,False,zero_or_structural_denominator,non_residential,0,5.0,3.0,74.64842332148422,95.90497503586568
450419801001,45,0,0,473.0,384.92325965361545,45.76377968424677,2.198800441597394,5.08922466734777,2.3145459547254448,True,True,,non_residential,0,4.0,4.0,198.93997531172772,321.19956449411245
450439901000,45,0,0,27.0,0.0,0.0,0.0,0.0,,True,False,zero_or_structural_denominator,non_residential,0,10.0,8.0,64.64037041158377,145.86198671066856
450499204011,45,207,0,1288.0,98.3136275326117,0.0,3.155359659160752,0.8643471042379602,0.27392982024364704,True,False,zero_or_structural_denominator,non_residential,0,2.0,2.0,161.60878646470445,253.27860466855202
450519901000,45,0,0,30.0,0.0,45.189639323832225,0.0,0.15459954106471127,,True,False,zero_or_structural_denominator,non_residential,0,29.0,27.0,136.64942568552772,397.42216357595055
450539901000,45,0,0,0.0,0.0,0.0,0.0,0.04645655963325348,,True,False,zero_or_structural_denominator,non_residential,0,6.0,4.0,34.60474561581471,117.71611786166122
450619203011,45,460,0,1580.0,0.0,0.0,0.08708804458565643,3.662087178713199,42.050400788495274,True,False,zero_or_structural_denominator,non_residential,0,1.0,1.0,327.1532441278549,327.1532441278549
450630210210,45,0,0,3.0,0.0,0.0,0.0,0.0,,True,False,zero_or_structural_denominator,non_residential,0,5.0,3.0,28.07897320089695,47.45801162799941
450630210250,45,0,0,1.0,0.0,0.0,0.0,0.0,,True,False,zero_or_structural_denominator,non_residential,0,10.0,5.0,35.7083180153164,113.41381595702926
450630211140,45,0,0,3.0,0.0,0.0,0.0,0.0,,True,False,zero_or_structural_denominator,non_residential,0,10.0,5.0,34.09791984128255,47.45801162799941
450630211150,45,0,0,0.0,0.0,0.0,0.0,0.0,,True,False,zero_or_structural_denominator,non_residential,0,6.0,4.0,40.86275099322924,113.41381595702926
450630212050,45,0,0,11.0,0.0,0.0,0.0,0.0,,True,False,zero_or_structural_denominator,non_residential,0,7.0,4.0,26.15778187126326,30.724586966353687
450630212060,45,0,0,3.0,0.0,0.0,0.0,0.0,,True,False,zero_or_structural_denominator,non_residential,0,6.0,5.0,30.724586966353687,35.51655206931729
450630212070,45,0,0,0.0,0.0,0.0,0.0,0.0,,True,False,zero_or_structural_denominator,non_residential,0,5.0,3.0,26.171249790066923,33.7686617096525
450630212080,45,0,0,1.0,0.0,0.0,0.0,0.0,,True,False,zero_or_structural_denominator,non_residential,0,8.0,3.0,26.171249790066923,38.47707212039316
450630213030,45,0,0,3.0,0.0,0.0,0.0,0.0,,True,False,zero_or_structural_denominator,non_residential,0,12.0,7.0,24.537847729351807,69.52790124009582
450639801001,45,0,0,7278.0,4107.504648318043,333.0799345930286,3.29220700553718,46.15517575645727,14.01952419116679,True,True,,non_residential,0,6.0,6.0,111.81828148434516,284.52179803187886
450750112002,45,1614,7,3453.0,190.7783189316575,120.29310096271807,0.13351335423698144,9.934534315547335,74.40854416640519,True,False,,non_residential,0,3.0,3.0,212.93176000700979,471.91294695355475
450770112021,45,1769,0,4068.0,700.1909773439183,248.54301628107723,0.13344115313332464,3.8538046178544967,28.880180719092387,True,False,,non_residential,0,3.0,3.0,77.7497905841623,150.90101503076033
450790001002,45,375,0,1137.0,288.9753800169115,0.6380053062750164,0.05706203801839075,5.83798066794382,102.30936136669837,True,False,zero_or_structural_denominator,non_residential,0,5.0,5.0,331.757222945225,543.7927404814801
450790013001,45,0,0,47.0,0.0,22.594819661916112,0.03301791219419922,0.29413095925313465,8.908224042851785,True,False,zero_or_structural_denominator,non_residential,0,2.0,2.0,266.9939397704219,384.46273388184625
450790104081,45,4265,0,9825.0,3721.052838573929,0.0,3.3998241018952013,12.674181114800614,3.7278931894551564,True,False,zero_or_structural_denominator,non_residential,0,8.0,8.0,179.121704615199,601.305872544761
450790108061,45,922,0,3249.0,1052.978781979431,405.67449125188426,2.1091316901837054,27.547539029958628,13.061080613491345,True,False,,non_residential,0,8.0,8.0,208.5756773928858,416.7307148956896
450790115011,45,8009,0,17047.0,1365.705563093623,468.47222668564046,3.8242820350244777,66.29563121609897,17.335445087191285,True,False,,non_residential,0,12.0,11.0,75.08308248251096,233.59713642697795
450799801001,45,402,0,2820.0,1979.2834247733665,2.3112311707679107,72.88095156544946,5.357746833082624,0.07351367837549697,True,True,,non_residential,0,14.0,13.0,107.73691200821078,339.0380815020831
450899708021,45,1178,0,1229.0,0.0,0.0,0.08724364375556921,3.877580002368791,44.44541556783918,True,False,zero_or_structural_denominator,non_residential,0,1.0,1.0,89.72407179952332,89.72407179952332
450910606001,45,1517,0,5456.0,1248.3486437317306,116.48312749409315,0.16088876948550934,8.5620018232122,53.21690165567055,True,False,,non_residential,0,5.0,5.0,121.85852963767721,151.7918263759121
470019801001,47,0,0,21876.0,18688.064595465596,461.67172796233905,16.99124943087094,34.29585869242593,2.018442424258378,True,True,,non_residential,0,8.0,7.0,22.794267451744037,205.27348161198543
470079532002,47,979,0,2909.0,880.2137638062871,22.594819661916112,3.394926782115614,0.5863278601431173,0.17270707080691025,True,False,,non_residential,0,3.0,3.0,38.09379467307999,54.60385319676683
470099801001,47,2,0,2359.0,2008.5295389156393,425.4559141140342,2.488701772457172,6.2205731685454655,2.499525349878986,True,True,,non_residential,0,4.0,4.0,84.93170661279875,148.9318787315388
470099802001,47,6,6,91.0,85.99710797394195,15.570079594125247,146.5409117264249,0.7128153685219649,0.004864275512716268,True,True,,non_residential,0,7.0,5.0,47.880431042418515,72.77682948680493
470179801001,47,0,0,3.0,0.0,22.594819661916112,18.89941842242666,0.02201190492856603,0.0011646868933514903,True,True,zero_or_structural_denominator,non_residential,0,5.0,4.0,26.367960025296874,119.4595235077183
470299801001,47,0,0,6.0,0.0,0.0,26.53673958371956,0.0,0.0,True,True,zero_or_structural_denominator,non_residential,0,6.0,4.0,59.08317152504344,87.77278029527292
470319801001,47,0,0,1521.0,1370.4424593348824,45.46338341965096,33.014074338742816,6.879933577948313,0.20839395669120864,True,True,,non_residential,0,7.0,7.0,59.63389041498226,203.25839261875876
470370130021,47,748,0,2479.0,492.4414859269951,0.0,1.482560860095995,6.559571423594554,4.424487115604702,True,False,zero_or_structural_denominator,non_residential,0,3.0,3.0,145.92279382859442,170.0261248327319
470370156134,47,826,0,2211.0,180.83587191856267,2.6201220599793387,0.3374057960443687,12.5582096358098,37.21989895561367,True,False,,non_residential,0,5.0,5.0,156.7541772862646,355.02078429351127
470370165002,47,3662,0,50520.0,35763.656322406656,1164.0154297676854,0.4115447464351487,181.94515854131595,442.1029793657854,True,False,,non_residential,0,9.0,9.0,274.54869630255666,380.3474834397856
470379801001,47,0,0,15148.0,10859.11938314278,1982.5648187914228,6.0175978954590645,277.5878469289405,46.12934459087253,True,True,,non_residential,0,12.0,12.0,209.83627187167508,541.9616996647687
470379802001,47,0,0,9584.0,6424.156987123485,1437.8518474329883,1.4479502764976016,245.5606501340265,169.59190803706667,True,True,,non_residential,0,10.0,10.0,164.66000896130433,549.0245908512053
470539801001,47,0,0,7.0,22.23192660550459,0.0,19.84422469028246,0.0,0.0,True,True,zero_or_structural_denominator,non_residential,0,6.0,5.0,68.75249778637213,142.32278271250976
470650004002,47,0,0,5660.0,1903.884867918766,187.77661566435407,0.08328841324294728,25.036125304077096,300.59553699322174,True,False,,non_residential,0,4.0,4.0,73.17092627139688,284.00604052791584
470650012003,47,3,0,4827.0,3994.36036036036,136.3180899180636,0.09990161692286688,11.764952568898357,117.76538690041392,True,False,,non_residential,0,4.0,4.0,186.06637039684193,291.51470118752695
470650030002,47,0,0,2744.0,2016.9951137578255,710.7276163682378,0.4517738886453807,67.029527367989,148.3696359012102,True,False,,non_residential,0,7.0,6.0,306.07930982158746,381.5574484750212
470650103044,47,0,0,64.0,0.0,0.0,0.6159190437364594,0.0,0.0,True,False,zero_or_structural_denominator,non_residential,0,5.0,5.0,39.68204434368012,45.79093908115091
470650114462,47,14,9,5358.0,3970.2536265078634,2936.381710926196,0.45293103681468255,165.6898520960365,365.81695363885774,True,False,,non_residential,0,5.0,5.0,189.8257849316227,326.3994005298719
470659801001,47,0,0,834.0,620.8679187662239,69.41304182183504,1.6703474364598532,14.925263139896547,8.935424339938079,True,True,,non_residential,0,8.0,7.0,160.17847497913328,381.5574484750212
470659802001,47,0,0,15746.0,13035.749427393494,372.923823361841,3.3342863492913875,60.1685340463357,18.045400947379008,True,True,,non_residential,0,5.0,3.0,242.66947616153246,246.33106783346054
470659802002,47,0,0,347.0,297.2240036646816,13.72631109033952,4.7654573981808745,3.229010764114224,0.6775867444218134,True,True,,non_residential,0,6.0,4.0,83.85888547706566,242.66947616153246
470659802003,47,0,0,559.0,420.2417162925637,14.782181174211791,2.2214982291945735,3.9490217097556783,1.7776389185722807,True,True,,non_residential,0,7.0,5.0,109.04252702176774,287.6189117596636
470699502004,47,3432,0,4125.0,377.21312227575135,22.594819661916112,0.6086379292297215,1.4030131872751461,2.3051688366690657,True,False,,non_residential,0,1.0,1.0,136.46973843224475,136.46973843224475
470930009011,47,2087,0,13114.0,9300.32878300531,384.50299724660067,0.26642631961735147,19.42263891745398,72.90060135706295,True,False,,non_residential,0,9.0,9.0,126.61246785827545,296.59681414853566
470930058103,47,0,0,335.0,276.50072260443545,238.82462003247159,0.5170687829914401,2.6437808913950698,5.113015866283377,True,False,,non_residential,0,6.0,6.0,28.074103631724263,50.1183627869537
470959601003,47,1903,0,2507.0,372.88135593220335,0.0,0.4405406324432895,1.4973550129671485,3.398903308107231,True,False,zero_or_structural_denominator,non_residential,0,1.0,1.0,88.43993703669416,88.43993703669416
471259801001,47,313,0,3969.0,15.011175985958376,22.594819661916112,60.54614899371102,3.33139057668527,0.05502233638395902,True,True,,non_residential,0,11.0,8.0,34.22534195599293,174.1470485502957
471459801001,47,0,0,9866.0,581.3364457960337,46.08908421009379,32.26690025229498,3.5360501835231983,0.10958753880524043,True,True,,non_residential,0,10.0,9.0,22.578688330371964,165.65882217558078
471490415001,47,2850,0,15614.0,302.3347344287352,286.1309606404562,0.7032422245366988,21.0287349439739,29.902548809306477,True,False,,non_residential,0,8.0,8.0,136.57062802474394,226.8408531714525
471559801001,47,9,5,217.0,121.70138095732531,261.46051953636396,185.75116354491684,1.629505433128094,0.008772518039888672,True,True,,non_residential,0,12.0,8.0,58.65101775705885,100.62090846589503
471570204001,47,126,5,1330.0,611.220880378158,97.87373679961355,4.494546115889312,4.112735207811825,0.9150501745376041,True,False,,non_residential,0,7.0,7.0,117.33878712033547,426.62133307757796
471570212001,47,1438,0,4234.0,800.5811456046778,454.0813848884643,0.8785341489463441,46.85701367306663,53.33544942932935,True,False,,non_residential,0,7.0,5.0,283.2739394037306,685.7302762101859
471570213204,47,0,0,3501.0,1562.4661026462938,802.6633775947827,0.11791444092768442,96.47203618231467,818.1528523845511,True,False,,non_residential,0,7.0,7.0,130.14293966561803,289.14527832949244
471579801001,47,0,0,30268.0,24236.712769997685,2312.270278753474,7.306817327435531,322.5897703744211,44.14914947485628,True,True,,non_residential,0,20.0,20.0,712.7190285411791,1391.626281719808
471579802001,47,0,0,3433.0,2372.506316566387,122.45781106861409,15.73109847210843,28.29570880899123,1.7987115686269537,True,True,,non_residential,0,6.0,5.0,500.98835357086955,649.210565950185
471579803001,47,0,0,1815.0,810.0402139200929,34.49175607316084,35.83927340886519,18.037278712229572,0.5032824886390659,True,True,,non_residential,0,7.0,6.0,311.7207793910821,580.7642029034638
471579804011,47,1740,0,3639.0,305.2699319974872,0.0,0.5854505640954468,12.85546835117573,21.95824744150368,True,True,zero_or_structural_denominator,non_residential,0,3.0,1.0,283.2739394037306,283.2739394037306
471579804021,47,0,0,881.0,804.8807221116847,52.44233548927347,6.454218046584006,19.93974342623325,3.089412734790803,True,True,,non_residential,0,15.0,13.0,154.09917461663957,377.8312946615255
471619801001,47,0,0,6.0,7.318447268979732,2.5520212251000656,100.35084562608282,0.0,0.0,True,True,,non_residential,0,9.0,8.0,52.45748361181134,83.26882914880959
471619802001,47,0,0,521.0,0.0,0.0,39.03504290604639,0.0,0.0,True,True,zero_or_structural_denominator,non_residential,0,8.0,5.0,35.15991174704516,49.09448023851301
471790607001,47,2113,0,7814.0,356.5304279172588,464.3374967106851,0.34989542867052004,17.300204620869188,49.44392868064582,True,False,,non_residential,0,5.0,5.0,98.54469590645648,301.501495369316
480019504021,48,5253,0,7200.0,0.0,0.0,27.465097127415,8.16739856784686,0.29737373692716196,True,False,zero_or_structural_denominator,non_residential,0,7.0,7.0,54.522813460377485,78.93199893259542
480079900000,48,0,0,0.0,0.0,0.0,0.0,0.0,,True,False,zero_or_structural_denominator,non_residential,0,4.0,2.0,181.07826624173848,257.32378944529125
480219501024,48,0,0,0.0,0.0,22.594819661916112,2.866193466810935,0.12512977329790578,0.04365712738754206,True,False,zero_or_structural_denominator,non_residential,0,6.0,5.0,77.7725875280518,89.29437285032375
480219505053,48,930,0,1099.0,135.35011058517125,0.0,15.619486376715452,3.1517303435833375,0.2017819451657347,True,False,zero_or_structural_denominator,non_residential,0,5.0,4.0,71.23800671864936,89.29437285032375
480259502011,48,4371,0,4393.0,48.964374482187246,0.0,0.4703778350550034,4.356102397982545,9.260858130088476,True,False,zero_or_structural_denominator,non_residential,0,2.0,2.0,52.93051679749451,82.2484410093443
480259502012,48,2400,0,2868.0,74.35330939887693,0.0,0.5472635162020107,1.9018033999630095,3.475114535610664,True,False,zero_or_structural_denominator,non_residential,0,1.0,1.0,23.61259258564472,23.61259258564472
480270232041,48,1035,8,3239.0,278.14585639122066,144.58029464175618,8.712031886509317,13.22895375816018,1.5184693915830783,True,False,,non_residential,0,13.0,12.0,97.52387665265061,231.99413141537715
480279800011,48,261,0,3099.0,1290.720427727358,47.422657895794785,22.269295668697104,3.3934352698728683,0.1523817960099591,True,True,,non_residential,0,13.0,12.0,63.709781512734295,106.226785310728
480279800021,48,0,0,1522.0,50.44594663624444,24.080859039217827,2.8971345354940645,1.4221414009242868,0.49087861937407784,True,True,,non_residential,0,3.0,2.0,75.27008225123356,79.6237348932184
480279800031,48,0,0,503.0,18.264911713122988,45.189639323832225,56.64772028625259,0.11723630882840226,0.0020695679938395237,True,True,,non_residential,0,13.0,10.0,39.42585611591223,58.86872370357356
480299800011,48,0,0,82.0,32.853187635616585,0.0,48.80075762201086,0.0,0.0,True,True,zero_or_structural_denominator,non_residential,0,13.0,13.0,68.49755024361049,394.56110234160207
480299800021,48,0,0,1052.0,129.8101560236558,28.812721266941708,0.6014869311504292,8.586522272350418,14.2754926627042,True,True,,non_residential,0,4.0,4.0,356.64021636739875,380.1045350146885
480299800041,48,0,0,5825.0,4116.264021564937,1377.531288145269,3.7795513277472153,92.64048792515106,24.5109749522489,True,True,,non_residential,0,12.0,12.0,162.79729665104037,427.4278389432799
480370111021,48,1256,0,2131.0,152.2581188040706,0.0,0.8856283900083233,1.0850417667460324,1.225165971402334,True,False,zero_or_structural_denominator,non_residential,0,3.0,3.0,85.47178011765436,121.91367551116235
480370115015,48,2963,0,3482.0,314.54521549343923,0.0,0.36527773866884666,2.022244817357748,5.536184123147657,True,False,zero_or_structural_denominator,non_residential,0,1.0,1.0,29.361041300091998,29.361041300091998
480396619022,48,2492,3,2492.0,46.84322374809266,3.0,10.475160829985432,4.74857923739027,0.4533180267550006,True,False,,non_residential,0,2.0,2.0,39.52181544253255,57.21340458361293
480396630003,48,2137,0,2137.0,10.492218060757386,0.0,10.044495532452464,4.065179554044967,0.40471714491891586,True,False,zero_or_structural_denominator,non_residential,0,6.0,6.0,76.4372157890252,141.17984079085844
480396631003,48,967,0,1100.0,0.0,0.0,8.702319486709921,4.702654410616324,0.5403909173638317,True,False,zero_or_structural_denominator,non_residential,0,4.0,4.0,72.52481916501583,106.06785857506803
480399900000,48,0,0,0.0,0.0,0.0,0.0,0.0,,True,False,zero_or_structural_denominator,non_residential,0,5.0,3.0,73.2333009799089,91.72464089159769
480410004013,48,667,0,883.0,79.27399170295905,0.0,0.07008140280613104,2.987677518318543,42.63153131485501,True,False,zero_or_structural_denominator,non_residential,0,3.0,3.0,65.4891090949972,176.62160610943272
480419800001,48,0,0,111.0,113.95636307300363,25.175835422492774,1.876458421270513,2.3701938405372993,1.2631208950169477,True,True,,non_residential,0,4.0,4.0,43.50937808015637,78.78622933331745
480579900000,48,0,0,0.0,0.0,0.0,0.0,0.0,,True,False,zero_or_structural_denominator,non_residential,0,4.0,2.0,69.42642637497494,104.83274303818571
480619800011,48,0,0,745.0,512.8499404779187,88.90186066319374,2.240728047203275,3.789508976043772,1.691195404446149,True,True,,non_residential,0,2.0,2.0,43.85599137845904,50.00989557712976
480619801001,48,0,0,60.0,17.473592520542375,23.18141415295626,1.8921689181036434,0.13097890515765356,0.06922157102597497,True,True,,non_residential,0,8.0,8.0,114.43494760311782,155.50171383815007
480619900000,48,0,0,0.0,0.0,0.0,0.0,0.0,,True,False,zero_or_structural_denominator,non_residential,0,3.0,2.0,138.58163660234152,247.15072946608998
480717106001,48,0,0,68.0,0.0,0.0,2.146386687466299,0.0,0.0,True,False,zero_or_structural_denominator,non_residential,0,20.0,19.0,64.79443184380231,190.17840314290655
480719900000,48,0,0,0.0,0.0,0.0,0.0,0.0,,True,False,zero_or_structural_denominator,non_residential,0,4.0,2.0,101.63152939761275,133.4143240847796
480759501002,48,1131,0,1457.0,78.81947743467933,0.9385511856642407,1.9435737872943364,1.3232166400067025,0.680816261598569,True,False,zero_or_structural_denominator,non_residential,0,1.0,1.0,34.73311664567662,34.73311664567662
480850303012,48,0,0,421.0,291.15918252600846,0.35195669462409024,0.10793370012806738,1.7269730525857574,16.00031362342474,True,False,zero_or_structural_denominator,non_residential,0,5.0,5.0,30.423871280896414,168.33810721614122
480850306042,48,1052,0,2920.0,1651.5157431641526,0.31285039522141356,0.5401573059731151,3.060439271529672,5.665829634602772,True,False,zero_or_structural_denominator,non_residential,0,5.0,5.0,44.473857060157954,137.40774298230838
480850306091,48,0,0,510.0,355.47700669446164,313.5767281824081,0.5820910892135331,5.919639897235564,10.169610919888202,True,False,,non_residential,0,5.0,5.0,66.68641680900343,213.26077743418767
480850309021,48,0,0,831.0,471.66404390198994,25.81015760576662,2.0706867260483293,2.201509287293019,1.0631783454247323,True,False,,non_residential,0,4.0,4.0,47.43012212440014,74.07346180647453
480850316214,48,31,0,2061.0,1011.795449015559,228.37603728806138,0.3714256433401156,9.70598948807848,26.13171616476323,True,False,,non_residential,0,8.0,5.0,53.26067454787024,199.1821087271808
480850316215,48,0,0,3752.0,2614.8999266765745,326.6467268075178,0.13730333302572575,20.454341846233497,148.9719251199902,True,False,,non_residential,0,6.0,4.0,54.922082466140786,119.84507562025247
480850316216,48,0,0,1736.0,529.7575625057541,564.3985502697808,0.1807564282602054,14.073616757775396,77.8595643498549,True,False,,non_residential,0,4.0,3.0,28.20638722633268,48.12645887395078
480850316473,48,68,0,8607.0,4101.817367130062,2140.0017894651273,0.4105829659580947,84.7204616381296,206.34188133069415,True,False,,non_residential,0,8.0,8.0,47.92320124964467,112.16523421319282
480850316572,48,141,0,25071.0,17288.35450067734,2555.123339241818,1.1958634049482182,102.55413244176486,85.75739672057742,True,False,,non_residential,0,15.0,13.0,93.86788653068184,317.70369424031134
480850316573,48,0,0,1781.0,715.795139939237,0.0,0.17253592720161176,4.033739396525976,23.379127245842945,True,False,zero_or_structural_denominator,non_residential,0,5.0,4.0,63.22526958174346,63.31618294878443
480850316691,48,0,0,3230.0,1264.9172086462459,518.5687686313977,0.23040182991419217,22.866579823818554,99.24652001390216,True,False,,non_residential,0,7.0,6.0,61.59470667616705,91.72796381603717
480850316701,48,0,0,16797.0,11619.395310260019,83.7912399572753,0.2628398166661854,19.70438208721927,74.9672646144189,True,False,,non_residential,0,5.0,4.0,51.065731012295934,62.31783301824976
480850316704,48,0,0,10804.0,7489.91436284245,233.9460595320033,0.42887996115163635,19.7168279400944,45.972835585860466,True,False,,non_residential,0,3.0,2.0,53.95214191119692,62.31783301824976
480850316712,48,0,0,5979.0,4144.00432706851,397.83182551003733,0.14326590866087027,41.30573048353547,288.3151397958303,True,False,,non_residential,0,6.0,4.0,58.209839331425,93.86788653068184
480850316722,48,0,0,17275.0,6682.829407954441,301.2524947638731,0.8297933846499396,22.702060449477262,27.358690572177142,True,False,,non_residential,0,7.0,5.0,70.83322785870592,93.86788653068184
480850317091,48,0,0,1778.0,1018.0197545802481,877.6580982967857,0.5162776596684839,46.91171854292638,90.86528859887078,True,False,,non_residential,0,10.0,8.0,125.91429659103557,409.26669184259845
480850318083,48,0,0,4826.0,812.6176709455106,1043.6276438681791,0.32639995401368854,25.05815073064698,76.77130594692453,True,False,,non_residential,0,6.0,6.0,107.74027481529919,190.39142981438786
480850319031,48,0,0,2284.0,578.8604175160785,76.59815000209771,0.16282429960653372,3.282691158672339,20.160941374260414,True,False,,non_residential,0,7.0,7.0,45.28584024991928,109.17948912693237
480990102011,48,3878,4,3878.0,29.38657157470023,4.0,1.7002881144500699,3.3830659784979744,1.9897015980683788,True,False,,non_residential,0,3.0,3.0,38.150390469455765,39.16746478054499
480990105031,48,4753,0,9737.0,510.1093368187759,407.0978169085168,2.7052610677815045,3.9971007777231633,1.4775286663926501,True,False,,non_residential,0,9.0,7.0,32.67794563056818,50.214034305225
480999800001,48,1756,0,6918.0,1711.717821219526,106.35883183781868,222.68901921715772,2.1825782885066007,0.009801014419926268,True,True,,non_residential,0,22.0,20.0,30.768356907814713,307.3658095272171
481130004013,48,0,0,1558.0,51.94030342098897,90.37927864766445,0.058748532247122946,10.82404658477196,184.2436937699331,True,False,,non_residential,0,3.0,1.0,376.51660215866593,376.51660215866593
481130004091,48,0,0,4824.0,176.59703163136248,113.13052350719127,0.17430929441602727,8.099823456547202,46.46810994034088,True,False,,non_residential,0,5.0,3.0,329.16938604643076,376.51660215866593
481130078221,48,32,0,5940.0,4374.172629638363,67.78445898574833,0.09060736576122738,18.665498079057322,206.0042020010325,True,False,,non_residential,0,3.0,3.0,138.90373761963366,202.033461509801
481130100011,48,115,0,43634.0,34834.36380047957,349.55811990397336,0.29034843715942776,74.68163984129377,257.21385164641595,True,False,,non_residential,0,7.0,3.0,319.19104340588547,376.51660215866593
481130100013,48,0,0,4171.0,53.53846660317324,91.97429191335199,0.12270172159207327,9.378754371066451,76.43539348409871,True,False,,non_residential,0,4.0,2.0,228.59440308078092,319.19104340588547
481130100014,48,0,0,12919.0,3001.35045614207,537.0715222149724,0.3418351600077423,49.44202644799527,144.63704215469073,True,False,,non_residential,0,6.0,4.0,268.0821989068016,438.89930234505687
481130100021,48,5462,0,8806.0,469.8599755621771,512.2109734255637,0.6855147300270811,52.45206684166361,76.51486473469579,True,False,,non_residential,0,10.0,10.0,221.9912023995509,338.9803858074335
481130107013,48,0,0,1506.0,1203.4168761847598,121.56364235566065,0.2834696411019431,16.176312083553515,57.06541279225061,True,False,,non_residential,0,4.0,4.0,245.1179139956015,398.0467981137499
481130107014,48,0,0,2771.0,2115.1689716208894,570.647482528131,0.4970103897503993,34.24942572078595,68.91088481668594,True,False,,non_residential,0,2.0,2.0,269.13727949029396,398.0467981137499
481130141242,48,0,0,20519.0,12793.29627338513,622.953158695217,1.0823053546759334,51.523848000183804,47.60564823742483,True,False,,non_residential,0,4.0,2.0,49.09777923550989,61.47287485015345
481130141263,48,0,0,24576.0,19648.61724336458,1511.5250047052375,3.0658395570781214,73.33459369802168,23.919905896156138,True,False,,non_residential,0,12.0,9.0,69.67486312343145,161.0598463952646
481130159002,48,0,0,2227.0,1446.3376798767697,66.08964599052361,1.703417858547621,11.698103318921738,6.867430243390691,True,False,,non_residential,0,8.0,8.0,123.2718097881515,201.07904855836722
481130161002,48,0,0,2601.0,1169.0563677677978,404.6068694181974,0.21084459727500449,12.826893556032605,60.83577061878657,True,False,,non_residential,0,6.0,6.0,134.0093234337658,291.27272290021625
481130161005,48,0,0,6631.0,5298.710030531966,279.13214374347524,0.889369719925085,13.966893886722175,15.70426063965688,True,False,,non_residential,0,7.0,6.0,111.70159834301657,216.29061391696177
481130165331,48,0,0,5663.0,4525.199050354777,228.88965916456388,0.9551619138514115,26.671818426638982,27.92387137704503,True,False,,non_residential,0,8.0,8.0,162.5821471790709,210.14414266551591
481130169022,48,2004,0,4266.0,2466.76487170143,100.6780714362381,1.49030915821463,12.2436763523812,8.215527821790317,True,False,,non_residential,0,2.0,2.0,215.02823103474128,268.14531071063436
481130178051,48,0,0,5680.0,3666.985421521821,255.57135434098632,1.3318512879196192,32.476602728383554,24.38455631117249,True,False,,non_residential,0,6.0,6.0,110.54486193533998,242.1738086481462
481130190342,48,44,4,9687.0,17.593571137644965,28.82783823387867,0.38510254010393896,8.668771502516982,22.510294271695237,True,False,,non_residential,0,6.0,6.0,126.61994998771658,253.3893249936896
481130190405,48,0,0,12188.0,9739.206432230978,706.1192473360788,1.0206737976106,33.59691764936176,32.916410441820126,True,False,,non_residential,0,12.0,12.0,170.91722112463896,405.4249615680932
481130203001,48,0,0,1173.0,686.4110867481465,203.62712105306375,0.4803879196186735,18.368486786958012,38.23677914619233,True,False,,non_residential,0,5.0,5.0,295.08849233545817,472.67792206349714
481139800001,48,0,0,18402.0,14815.771780439329,992.4138269587768,10.274012030117003,325.2420811941238,31.656774416918786,True,True,,non_residential,0,13.0,10.0,115.46367055176117,199.49417262093868
481139801001,48,0,0,23137.0,18623.395561993366,1825.4173980365915,2.1426414965279514,68.28678079626326,31.87037164496195,True,True,,non_residential,0,8.0,8.0,179.82431529885653,329.16938604643076
481210203206,48,0,0,4641.0,2984.691349037539,140.23518965799863,2.0534013185103,12.007262806318558,5.847499316416909,True,False,,non_residential,0,6.0,5.0,50.72078484795002,193.64091508019487
481210212042,48,0,0,691.0,172.2501146915083,90.37927864766445,0.20612256787541777,4.584227846179946,22.240300484470445,True,False,,non_residential,0,5.0,4.0,242.10582073782982,403.2831191781154
481210214151,48,0,0,540.0,398.74069103055535,196.3896872990668,0.08879538833095262,4.7604068034548925,53.61096891329764,True,False,,non_residential,0,6.0,5.0,57.10903434242155,311.79503574310274
481210216551,48,0,0,2563.0,1878.6257189546202,1018.5744921578852,0.36971752739050223,52.88946316554035,143.05370789109912,True,False,,non_residential,0,8.0,8.0,106.75203520759048,311.6407836609481
481390602091,48,0,0,1107.0,951.0919608368072,74.1606793107039,0.2738201759543985,4.1479537611077975,15.148459190964036,True,False,,non_residential,0,3.0,3.0,74.84368003595483,91.317620968491
481390602124,48,0,0,2984.0,1568.8291964661337,563.2838004454594,1.8729811852302287,17.192599543786194,9.17926975420891,True,False,,non_residential,0,9.0,7.0,91.317620968491,433.3976077291949
481390602192,48,0,0,604.0,518.9336443951505,213.3556689819124,0.4569318273820184,4.047920624349654,8.858915885860114,True,False,,non_residential,0,7.0,6.0,74.96915466493688,102.53190530299463
481390606011,48,0,0,1905.0,40.380598156576276,0.0,0.19765418923100772,0.4087903177915784,2.0682097322703643,True,False,zero_or_structural_denominator,non_residential,0,7.0,6.0,94.51892639872837,115.2996561637098
481390608023,48,0,0,4006.0,2936.614563812292,237.84051230232726,7.4897567773004186,7.793788955891028,1.0405930643184642,True,False,,non_residential,0,3.0,3.0,42.344051950487376,148.27739337136921
481410009022,48,0,0,162.0,142.5420322979311,96.44075505507934,1.6937467716791952,2.567842500993074,1.5160722629435879,True,False,,non_residential,0,5.0,5.0,67.29969354475097,92.17352548175273
481410011162,48,0,0,2770.0,1884.3361342799672,905.0288476022362,0.3283408895649332,38.10366319504199,116.04909533360618,True,False,,non_residential,0,6.0,6.0,102.50229192643792,214.97580946151737
481410101013,48,1236,0,2901.0,0.8691587335239701,67.78445898574833,147.73257974531782,3.7919376130141362,0.025667578671889513,True,False,zero_or_structural_denominator,non_residential,0,14.0,14.0,59.66444209188627,90.8767468361317
481410102123,48,0,0,5.0,6.953269868191761,2.5520212251000656,4.91672952120232,0.0,0.0,True,False,,non_residential,0,7.0,7.0,83.7388998640892,191.97859166127915
481419800001,48,0,0,12623.0,11020.932741083941,940.7333685982758,9.876635302391408,56.424721432985194,5.712949775448649,True,True,,non_residential,0,8.0,8.0,60.58079771814626,209.14773888815859
481439504012,48,2171,0,4406.0,2530.40553606977,204.78581276740576,0.27524180410233623,7.9352141428246,28.82997431550859,True,False,,non_residential,0,5.0,5.0,73.61231798901065,135.98256310700887
481450008003,48,1232,0,1451.0,36.66583657587549,112.97409830958057,18.7375277178396,0.736126731981548,0.03928622511286254,True,False,,non_residential,0,5.0,5.0,69.13543440918602,110.1982883860502
481479504013,48,2493,0,2493.0,24.238888535639347,0.0,0.48617752148676857,2.195679882170141,4.51621020127706,True,False,zero_or_structural_denominator,non_residential,0,2.0,2.0,54.5940919282407,71.99820040174373
481639502011,48,812,0,2096.0,680.8168691922803,248.54301628107723,0.25252509749938584,4.102989967781845,16.247850247010888,True,False,,non_residential,0,3.0,3.0,72.09891228914839,129.10967549712876
481679900000,48,0,0,0.0,0.0,22.594819661916112,0.0,0.17445052879339532,,True,False,zero_or_structural_denominator,non_residential,0,20.0,17.0,108.99433611977881,261.90007306667843
481679901000,48,0,0,746.0,631.0435983358233,0.8994448862615639,0.0,2.075174213919761,,True,False,zero_or_structural_denominator,non_residential,0,19.0,17.0,77.38573017988534,285.9053038683052
481699800001,48,1148,0,2210.0,324.7208480565371,0.0,0.0930011991445011,1.4473088201737356,15.562259771779631,True,True,zero_or_structural_denominator,non_residential,0,1.0,1.0,69.85056766201085,69.85056766201085
481799501004,48,1472,6,1472.0,24.749298304704165,6.0,5.611303752278616,0.3229507191605236,0.057553597776520485,True,False,,non_residential,0,2.0,2.0,76.34640685673644,136.84644595770945
481839800001,48,22,7,343.0,242.50087621475228,15.603385868588873,2.3047630902058467,0.5001866932067487,0.2170230403863658,True,True,,non_residential,0,4.0,4.0,31.791716504032884,76.68554818697986
482012503043,48,2872,0,2979.0,608.6708489364335,75.75017869396596,2.1413283630865783,25.433612404396346,11.877492888449641,True,False,,non_residential,0,10.0,10.0,94.82946465169283,163.42740536492778
482013241021,48,0,0,3298.0,1599.8884897476958,224.80087181557388,6.6133963835069505,27.91016163425406,4.220246302468546,True,False,,non_residential,0,13.0,11.0,133.19447481420733,314.4070100094334
482013242002,48,0,0,1384.0,1126.567882851721,84.18215333650865,2.2319847638219468,29.930162800397824,13.409662684769769,True,False,,non_residential,0,11.0,10.0,222.69485824772667,611.7547681429098
482013402011,48,0,0,2798.0,2343.0991002333276,72.32941110928985,3.8194279586866524,15.115931821127354,3.9576428681548204,True,False,,non_residential,0,6.0,6.0,169.0952678349141,207.54629268594311
482013436011,48,0,0,13891.0,10646.471733194394,607.9076398842857,18.855412428901076,68.49828970786967,3.6328184263356293,True,False,,non_residential,0,16.0,15.0,102.34722374352086,377.24330516206186
482019801001,48,0,0,29656.0,19921.610475176476,4277.415118222397,11.76854939307038,380.18278733785536,32.30498293712534,True,True,,non_residential,0,9.0,9.0,189.80454872322056,319.2710270064844
482019803001,48,3013,5,10743.0,4788.592976470321,279.068615646288,0.46983960864592544,40.10524924510733,85.3594471540839,True,True,,non_residential,0,7.0,7.0,202.08116595353266,288.6625121593337
482019804001,48,4425,0,21940.0,6163.704136034056,603.1746538123622,0.5164707107477803,66.84016233979358,129.4171401182034,True,True,,non_residential,0,5.0,5.0,246.3188115336257,1076.7823453814951
482090107031,48,0,0,1065.0,36.76104556520737,97.71633966982714,0.19323409171944037,2.2919600001094227,11.861054018548423,True,False,,non_residential,0,7.0,7.0,66.30814386146601,199.7006103856148
482150201083,48,0,0,267.0,19.703955672383245,22.829457458332172,7.681130242717601,0.22597533521201707,0.029419542186029445,True,False,,non_residential,0,7.0,7.0,43.75020326220205,98.58340988893339
482150205064,48,0,0,1454.0,1247.346063434348,1260.7967048244745,0.26535025290135406,29.29508419674465,110.40156878100025,True,False,,non_residential,0,7.0,7.0,138.93712579544626,201.43790438928207
482159800001,48,0,0,576.0,342.67748995449125,37.78036834598686,0.6190387491778871,3.7294796081138135,6.024630304753522,True,True,,non_residential,0,3.0,3.0,84.21886277356398,235.95425415083477
482459800001,48,0,0,465.0,474.2431996874542,35.88076284300164,1.5633206903023196,7.003677688959008,4.480000637364184,True,True,,non_residential,0,5.0,5.0,72.69520516355892,180.22372133141835
482459802001,48,6555,0,8844.0,236.6539043805245,0.0,1.9647715680053837,7.385321622762031,3.7588703659120712,True,True,zero_or_structural_denominator,non_residential,0,3.0,3.0,48.533540691526554,99.12968000018367
482459803001,48,5360,0,7365.0,393.799580016604,0.0,1.5185401758465988,5.3697981352854285,3.536158094922791,True,True,zero_or_structural_denominator,non_residential,0,1.0,1.0,48.533540691526554,48.533540691526554
482459900000,48,0,0,0.0,0.0,0.0,0.0,0.0,,True,False,zero_or_structural_denominator,non_residential,0,4.0,2.0,101.63152939761275,133.4143240847796
482511303023,48,0,0,3333.0,3083.6849536103264,146.86410140189435,3.429043927155326,8.455022276633676,2.465708359603259,True,False,,non_residential,0,5.0,5.0,84.58535529102343,326.4080951481721
482530201021,48,5622,0,5622.0,92.08327001975384,0.0,1.8899214174384762,7.487326155362094,3.961712950748035,True,False,zero_or_structural_denominator,non_residential,0,2.0,2.0,40.37769583828745,53.33165378567082
482570505002,48,0,0,1912.0,334.9758776230633,280.28871000321965,1.4301918938152964,2.423552343897059,1.6945644527684978,True,False,,non_residential,0,4.0,4.0,94.12141034444944,119.79427530286414
482619900000,48,0,0,0.0,0.0,0.0,0.0,0.0,,True,False,zero_or_structural_denominator,non_residential,0,4.0,2.0,45.17640280524381,51.39826159161629
482739900000,48,0,0,0.0,0.0,0.0,0.0,0.0,,True,False,zero_or_structural_denominator,non_residential,0,5.0,3.0,110.36128451098139,243.39342879251194
482917009003,48,345,3,345.0,13.824963367523644,3.0782125988053535,1.660585615584158,0.5198913175146656,0.31307709318665816,True,False,,non_residential,0,5.0,4.0,65.07444725365842,82.61885213146454
482917009004,48,4025,0,4025.0,64.78619954708938,0.0,0.7402196143672645,6.475500643672696,8.748080323713006,True,False,zero_or_structural_denominator,non_residential,0,4.0,3.0,67.00342456042395,82.61885213146454
483030005012,48,1948,0,6086.0,108.13182025562102,70.40458104572767,0.39932152429842627,10.151023253968495,25.420676413080844,True,False,,non_residential,0,6.0,4.0,71.2984492538059,90.5050280867894
483030005021,48,3557,0,15253.0,459.11707288862044,274.6468651275059,0.44194836091351786,22.059770463582993,49.91481452263997,True,False,,non_residential,0,8.0,6.0,254.9628080442256,524.2539013444023
483030005031,48,2646,0,4377.0,127.63100095745433,68.10346163888583,0.13979485025512337,14.183157691300881,101.45693968995886,True,False,,non_residential,0,6.0,4.0,225.68667477059364,265.3707937772151
483030006051,48,0,0,1353.0,500.77441347890067,653.4150242295758,0.1110981934198918,37.93492414869894,341.45401451601646,True,False,,non_residential,0,6.0,6.0,253.25395925740716,524.2539013444023
483039800001,48,0,0,488.0,436.0725866046356,89.52932820774045,2.9944056384104405,9.90288610416056,3.307129126773031,True,True,,non_residential,0,3.0,3.0,88.18532867999147,228.80271474169862
483090003001,48,4168,0,19037.0,8470.99618805591,306.81176438354726,0.6125819627797442,22.914013443038886,37.40562869180935,True,False,,non_residential,0,10.0,10.0,117.77295584613034,233.5043711113914
483099800001,48,0,0,859.0,261.9447146707241,8.64249216799155,3.3504995511350053,4.227461191551479,1.26174056346893,True,True,,non_residential,0,4.0,4.0,62.91760055438954,105.95882949486115
483219900000,48,0,0,0.0,0.0,0.0,0.0,0.0,,True,False,zero_or_structural_denominator,non_residential,0,8.0,6.0,84.21784027975417,137.69705622109205
483299800001,48,0,0,2051.0,1927.1573291152492,286.43912630227857,2.950561035587148,18.107261752932416,6.136887708655434,True,True,,non_residential,0,3.0,3.0,102.1028136488359,138.6313033711358
483396939012,48,0,0,2031.0,155.02199291191363,26.075280308754337,1.5846528345645572,2.8853276536794987,1.8207948080138012,True,False,,non_residential,0,4.0,4.0,55.611899010726674,191.45773391764612
483396939041,48,1137,0,4989.0,2001.5600022324682,0.07821259880535339,0.3615630498010279,6.663796650943832,18.430524509102888,True,False,zero_or_structural_denominator,non_residential,0,5.0,5.0,68.30430249846539,174.0814172759157
483499707012,48,0,0,1472.0,1303.8883301096068,694.1433751482025,0.9761793848543961,34.33910734672296,35.177046226851914,True,False,,non_residential,0,3.0,3.0,53.89591200621727,187.763578458907
483550027061,48,1922,0,7421.0,28.95333329166849,361.5171145906578,0.5508519496639698,16.566645000829794,30.07458721156522,True,False,,non_residential,0,4.0,4.0,114.79155876696831,243.39342879251194
483559800001,48,0,0,624.0,503.06416594274,108.72628532543591,4.240734912099654,9.005634690936077,2.1236023655336775,True,True,,non_residential,0,3.0,3.0,140.41158199833004,172.05805072896794
483559900000,48,0,0,0.0,0.0,0.0,0.0,0.0,,True,False,zero_or_structural_denominator,non_residential,0,6.0,4.0,250.3586091189016,262.4680623786988
483719505001,48,1302,0,1302.0,7.378211382113821,0.0,1.5502449545994248,2.896575749254896,1.8684632648930994,True,False,zero_or_structural_denominator,non_residential,0,1.0,1.0,67.49793019632239,67.49793019632239
483719800001,48,581,0,817.0,2.7668292682926827,0.0,0.0995332754635696,0.7284385975737009,7.318543413557392,True,True,zero_or_structural_denominator,non_residential,0,3.0,3.0,33.766377006757864,86.42474898261942
483759800001,48,0,0,1588.0,826.273397617697,120.3347039901148,5.020753550872479,11.37107290692075,2.26481399489221,True,True,,non_residential,0,2.0,2.0,173.7305717266958,262.37406024240704
484239800001,48,0,0,237.0,190.4764463485033,75.33197477046494,1.3049959522787153,2.04570307913604,1.5675934285956525,True,True,,non_residential,0,2.0,2.0,70.9431323482905,75.13009137079369
484250001012,48,0,0,149.0,0.0,0.0,1.39847900691714,0.0,0.0,True,False,zero_or_structural_denominator,non_residential,0,2.0,2.0,45.38363793695613,56.492738505361245
484391006021,48,1779,8,6041.0,665.9590896319191,99.36308839064746,2.11347572557003,21.583491328155205,10.21232042886789,True,False,,non_residential,0,5.0,4.0,145.6547761539211,497.06151726496466
484391006024,48,0,0,19214.0,15748.189089770105,858.8485468168332,1.0333205738152984,39.33177202308596,38.06347518840397,True,False,,non_residential,0,6.0,5.0,129.35082118939914,497.06151726496466
484391050071,48,0,0,6464.0,5318.517695613522,451.1180542949072,0.8256315894824707,57.80058103340852,70.00771502655266,True,False,,non_residential,0,8.0,7.0,135.08331969343035,203.33854161877815
484391050081,48,0,0,181.0,0.0,0.0,0.04421757750849289,0.0,0.0,True,False,zero_or_structural_denominator,non_residential,0,3.0,2.0,85.34977383327703,107.86083597976175
484391050088,48,0,0,109.0,106.55067043146215,316.32747526682556,0.035360393990380136,7.619328923355222,215.4763582506483,True,False,,non_residential,0,4.0,3.0,114.49503600940818,163.46756051141992
484391050095,48,0,0,13237.0,10214.111191668317,2170.125309872806,4.7841026575214665,222.59562425131637,46.52818724559687,True,False,,non_residential,0,15.0,14.0,161.49844794109606,266.3686039696374
484391054055,48,0,0,4450.0,3489.9442669012756,725.3364059421856,0.26248074165869434,80.41954499567638,306.38264920878083,True,False,,non_residential,0,6.0,6.0,137.5896346093108,455.9201824361014
484391059023,48,0,0,4810.0,13.933549210268128,2.5520212251000656,0.4736257264130838,5.500072153399236,11.612697213584674,True,False,,non_residential,0,4.0,4.0,116.22698961022942,185.53525296192737
484391059024,48,28,9,1646.0,19.639241083560957,31.594819661916112,0.27305607978254387,6.816013820706841,24.961955896147675,True,False,,non_residential,0,3.0,3.0,85.8603644253117,185.53525296192737
484391060021,48,0,0,3131.0,2566.2319163146767,533.5232453779538,0.8633089825265646,35.5280163026324,41.1533031877601,True,False,,non_residential,0,6.0,6.0,135.19005801866297,275.850366777593
484391065186,48,0,0,26244.0,21207.68151856987,939.7068346806348,2.611486119911184,134.04738632577258,51.32992486681549,True,False,,non_residential,0,14.0,12.0,112.60955435873296,337.73642010269555
484391065234,48,0,0,4138.0,3394.86828405474,173.7237004506083,0.503574512548631,35.025428240281954,69.55361593464184,True,False,,non_residential,0,9.0,7.0,243.39050597636341,478.3713729806204
484391113121,48,0,0,250.0,79.50319255270637,0.0,0.05042764462729522,0.6519290366672197,12.928008862709142,True,False,zero_or_structural_denominator,non_residential,0,2.0,2.0,83.41937083941968,99.27571374848786
484391114051,48,0,0,468.0,383.58241355326373,90.37927864766445,0.15660071891218066,5.152035685353896,32.899182846300214,True,False,,non_residential,0,4.0,4.0,125.15592691316708,320.2676227336974
484391115252,48,0,0,3174.0,2601.475599611237,210.3714353262702,0.16194977821732162,23.018320060725586,142.13245806262933,True,False,,non_residential,0,7.0,5.0,138.64206162433265,324.74421599792583
484391115255,48,0,0,5611.0,0.0,655.2497701955673,0.12327624160405895,3.6880116873635576,29.91664605746812,True,False,zero_or_structural_denominator,non_residential,0,1.0,1.0,325.60425423537924,325.60425423537924
484391115402,48,0,0,269.0,220.47792573894858,19.196381505099808,0.3240126843671109,5.097398928727264,15.73209684270212,True,False,,non_residential,0,5.0,4.0,146.12927778034935,267.8190843167642
484391115691,48,0,0,74.0,4.09810270890239,1.595013265687541,0.06541458601522306,1.8577337450947384,28.399380906613292,True,False,,non_residential,0,4.0,3.0,267.8190843167642,324.74421599792583
484391130071,48,0,0,394.0,322.9304934615084,4.785039797062623,0.12885271508061094,2.5076202891932677,19.461136597893862,True,False,,non_residential,0,4.0,3.0,97.85395402359927,118.53643268926656
484391135123,48,0,0,1965.0,1600.7189180972737,0.0,0.0863652613447712,4.273675990747849,49.48373830176095,True,False,zero_or_structural_denominator,non_residential,0,2.0,2.0,78.74194302802346,101.72089683257467
484391136361,48,0,0,358.0,59.01267900819442,0.0,0.0521566100934726,0.5573995064909527,10.687034787958954,True,False,zero_or_structural_denominator,non_residential,0,2.0,2.0,64.69839936373624,77.44276852364325
484391137152,48,0,0,1976.0,1164.6807898700592,1609.6935042112286,0.3372127449650725,22.92224324333344,67.97561357210168,True,False,,non_residential,0,2.0,2.0,100.77833524943074,144.2345025989779
484391139302,48,0,0,1065.0,708.152148098333,274.6468651275059,0.34349694369832456,15.991282497520295,46.55436617673258,True,False,,non_residential,0,10.0,8.0,111.17793599458497,455.7623574682287
484391139322,48,0,0,2982.0,2444.1084555893854,295.5943231034222,1.683778386148653,14.665456381101269,8.70984952755328,True,False,,non_residential,0,8.0,6.0,76.08342294191786,276.27857495140375
484391139323,48,0,0,6084.0,2936.7004011994527,151.7752311047894,0.9941898922462621,14.637842619604132,14.723387085068373,True,False,,non_residential,0,3.0,2.0,76.08342294191786,76.13967536632737
484391139412,48,0,0,1786.0,474.5602936908968,4.223480335489083,0.7731089545426524,5.251330431592239,6.792484294401641,True,False,,non_residential,0,5.0,4.0,43.899019032695605,110.24354113176736
484391139432,48,0,0,7799.0,5557.846893813422,255.3555137066478,0.8933782325355927,21.94877897051586,24.56829388849186,True,False,,non_residential,0,5.0,4.0,71.70987921314448,110.24354113176736
484391140133,48,0,0,2644.0,8.19620541780478,3.190026531375082,0.412772551299473,4.7782724562096215,11.576042159699979,True,False,,non_residential,0,4.0,4.0,159.1429684222063,247.32432718802806
484391217021,48,0,0,988.0,13.933549210268128,385.3879448651239,0.3678723451745885,6.169339466962326,16.770326848120153,True,False,,non_residential,0,5.0,3.0,120.76779347487195,136.3502468022789
484391217022,48,0,0,7048.0,5791.438748220858,1395.0968217953655,0.5723620870213184,154.82999698165065,270.51057449911735,True,False,,non_residential,0,10.0,8.0,234.77833846234313,347.1381400209552
484391217024,48,0,0,12517.0,8216.695931349292,970.6841993512136,0.8680321702326271,114.08841438931714,131.43339417793948,True,False,,non_residential,0,7.0,4.0,149.0328573148056,239.41057941341793
484391221001,48,0,0,6663.0,5461.131669883325,249.11943171088274,0.42090617937238334,24.786150839213718,58.88759075994691,True,False,,non_residential,0,7.0,6.0,165.7318682573387,252.68114063677618
484391235002,48,0,0,1156.0,947.4813462982327,67.78445898574833,0.11507465955123633,14.423953333775867,125.34430594907548,True,False,,non_residential,0,4.0,4.0,284.27491183137056,462.03109438196856
484391237003,48,26,0,14592.0,11945.969396450468,324.62154424840077,0.16755520935576806,43.86310665173299,261.7830076449545,True,False,,non_residential,0,3.0,3.0,147.28095546574187,217.37864931358453
484391237005,48,8,0,3654.0,2994.073839124086,197.74391051042218,0.10945764534803212,18.150264006570787,165.81997492144205,True,False,,non_residential,0,4.0,4.0,186.63440071950004,217.37864931358453
484399800001,48,0,0,48638.0,40058.134358979085,7697.345595052672,17.793288247952614,762.6049797321273,42.85913705803515,True,True,,non_residential,0,19.0,15.0,101.81144059405011,164.0841036610037
484419800001,48,0,0,192.0,150.04446954189314,73.25934090212307,3.0528310031508217,3.1308803317262357,1.025566213293451,True,True,,non_residential,0,6.0,6.0,41.57963008508218,78.09511183650847
484519800001,48,0,0,182.0,179.07788697788698,28.53897717112297,2.2686857045069604,3.167136183693343,1.39602245361776,True,True,,non_residential,0,2.0,2.0,67.73271186091358,98.97893091247181
484530023191,48,2492,0,5235.0,54.981189542327186,112.97409830958057,0.2753460516851562,34.141953558519155,123.9965249167934,True,False,,non_residential,0,4.0,3.0,97.29985485455158,308.6429247007941
484530023242,48,0,0,278.0,0.0,0.0,0.02570166239102928,17.059245976469704,663.7409563991448,True,False,zero_or_structural_denominator,non_residential,0,6.0,6.0,302.93992362028575,632.3576400240863
484530023273,48,0,0,2139.0,33.244440188383884,24.556286889966042,0.5825926359175448,8.461722009414226,14.524251574322724,True,False,,non_residential,0,6.0,6.0,208.60451650608718,554.2822358485894
484530024301,48,0,0,6.0,3.8358969448135247,46.784652589519766,0.14938601397672055,4.154926903774263,27.813359451586564,True,False,,non_residential,0,4.0,3.0,153.61439162420731,194.02889631045088
484539800001,48,0,0,4069.0,2657.6372665983035,1975.6024352037098,6.687285525801121,245.2037916214511,36.667163481415166,True,True,,non_residential,0,10.0,9.0,119.99196630235335,308.6429247007941
484659800001,48,0,0,30.0,25.784773276755317,1.1340826826776242,0.5518237687971471,0.0,0.0,True,True,,non_residential,0,4.0,4.0,60.639388758685286,105.93813950352808
484699800001,48,0,0,103.0,14.381969966169349,0.07821259880535339,3.0728218285141087,0.0,0.0,True,True,zero_or_structural_denominator,non_residential,0,3.0,3.0,57.6140434665571,61.959072504598325
484717901012,48,0,0,0.0,0.0,0.0,1.851532824218255,0.0,0.0,True,False,zero_or_structural_denominator,non_residential,0,2.0,1.0,27.823649545366376,27.823649545366376
484717901013,48,3426,0,3426.0,261.9090909090909,0.0,2.429703818215598,1.432742456678961,0.5896778224315354,True,False,zero_or_structural_denominator,non_residential,0,3.0,2.0,27.632241765354195,27.823649545366376
484717904011,48,2036,0,2139.0,20.883116883116884,0.0,0.5958181792579735,4.447017100523247,7.463715031423716,True,False,zero_or_structural_denominator,non_residential,0,4.0,4.0,77.43653962494813,171.33930252401947
484717904022,48,2027,0,3001.0,308.025974025974,0.2737440958187369,0.953805536968276,5.906909857948264,6.192991788162298,True,False,zero_or_structural_denominator,non_residential,0,4.0,3.0,171.33930252401947,199.3884755939875
484717905001,48,772,0,1197.0,0.0,0.0,0.41719496542399187,4.478964528629701,10.735902635061201,True,False,zero_or_structural_denominator,non_residential,0,5.0,4.0,68.78998006919372,199.3884755939875
484717906003,48,1162,0,1626.0,52.2077922077922,0.0,0.04606700684815113,3.532950326900899,76.69155364372651,True,False,zero_or_structural_denominator,non_residential,0,1.0,1.0,155.85819992170238,155.85819992170238
484739800001,48,4618,0,10986.0,1508.5780120926117,158.16373763341278,1.9195192367118628,24.637004028882,12.834986780901033,True,True,,non_residential,0,2.0,2.0,172.822243864279,229.24469237820983
484790018271,48,536,0,2931.0,678.1520437249928,0.0,3.396952660141749,3.8241478950185703,1.1257583715808965,True,False,zero_or_structural_denominator,non_residential,0,6.0,6.0,25.282006087444383,254.47356522841696
484799800001,48,0,0,615.0,584.645135420208,84.63488852448977,1.7681949898990077,6.397636365701177,3.6181735624454996,True,True,,non_residential,0,8.0,8.0,78.47192373816623,214.09491104469524
484850131005,48,4173,0,4173.0,11.820052074962229,0.0,0.6925746079969456,9.082177678857605,13.113645192862252,True,False,zero_or_structural_denominator,non_residential,0,1.0,1.0,90.704766815472,90.704766815472
484850134013,48,2971,0,3122.0,364.73303545597736,123.92386214233004,0.9676689210746995,10.842108387830866,11.204357349608323,True,False,,non_residential,0,6.0,5.0,57.91292237599038,143.91715261925793
484859800001,48,0,0,1332.0,558.9196052589283,48.104431388293506,4.900085043247554,3.974295704939489,0.8110666794275689,True,True,,non_residential,0,6.0,5.0,54.24832238159276,89.84297545965627
484899900000,48,0,0,0.0,0.0,0.0,0.0,0.0,,True,False,zero_or_structural_denominator,non_residential,0,5.0,3.0,51.39826159161629,247.15072946608998
484971502012,48,0,0,745.0,252.37282676851166,100.04822036624944,0.27754258686538913,2.0627066726626837,7.432036632501075,True,False,,non_residential,0,2.0,2.0,66.39358259392164,77.78874063866043
490119800001,49,434,8,6423.0,2235.730425395723,420.53655042110097,9.05825625585594,7.922436382522165,0.8746094346139198,True,True,,non_residential,0,16.0,16.0,100.8538076893584,205.38104465563913
490351128181,49,1109,0,5578.0,2580.932187526589,139.82073037796823,1.207980062889169,13.018570227142764,10.777139976967653,True,False,,non_residential,0,5.0,5.0,67.12270241914254,97.77852281288118
490359801001,49,0,0,2805.0,2153.017215462719,539.8169760563428,1.7420350242457292,43.459594807098455,24.947601054069334,True,True,,non_residential,0,11.0,11.0,72.57664888017811,327.77897176269795
490459800001,49,0,0,38.0,30.897036815324753,0.19553149701338346,125.68455497658637,6.123982133143381,0.04872501743976585,True,True,zero_or_structural_denominator,non_residential,0,7.0,7.0,81.82104111225324,182.89414169048445
490490011033,49,0,0,16092.0,2897.9464124371175,451.8963932383223,0.28214376628933635,18.18780045034762,64.4628824855771,True,False,,non_residential,0,6.0,6.0,111.5184461127576,182.45412809550342
490490013001,49,0,0,9623.0,2500.247914614313,2114.2671629455626,0.2178102663181724,72.89804637371792,334.68599807517825,True,False,,non_residential,0,8.0,8.0,97.51965873526181,210.70228046604424
490490014031,49,39,6,445.0,129.06142196781133,30.82783823387867,0.04108049746992854,3.5531324228826446,86.49195218445404,True,False,,non_residential,0,8.0,8.0,93.13910751405211,146.0136756239398
490490016021,49,1797,8,5442.0,17.004494290327656,30.594819661916112,0.12909634554268282,8.963666851010561,69.4339317920268,True,False,,non_residential,0,5.0,4.0,58.19425809094043,109.68032559723878
490490022091,49,0,0,1805.0,901.9501780811537,70.47448855102775,1.4557117020896286,11.893182806214167,8.170012502573053,True,False,,non_residential,0,9.0,7.0,92.62160355558488,162.91514640620926
490490022092,49,0,0,5698.0,4283.888158623383,369.72845292456094,0.659774071318034,52.31710598612649,79.29548653164309,True,False,,non_residential,0,9.0,8.0,66.18052687450216,162.91514640620926
490490027024,49,0,0,2.0,0.0,0.0,3.6183490433089287,0.0,0.0,True,False,zero_or_structural_denominator,non_residential,0,7.0,6.0,36.488869980377444,76.67330496926597
490490101283,49,0,0,13085.0,9818.650649078116,658.9359140196618,0.5466125479626237,44.71322818829227,81.80058865269531,True,False,,non_residential,0,6.0,6.0,43.071764607623116,68.27828024485243
490490101313,49,0,0,1979.0,1440.7190864524252,137.17393330263383,0.5905382322392206,6.525270057394729,11.04969958109573,True,False,,non_residential,0,5.0,4.0,83.32273019461626,107.77632948953881
490490101320,49,0,0,2.0,0.0,0.0,0.0,0.0,,True,False,zero_or_structural_denominator,non_residential,0,21.0,20.0,28.37510447146894,88.17938870320539
490499801001,49,0,0,105.0,158.32902460492798,67.78445898574833,30.590227690273068,1.06571638960031,0.034838458882709825,True,True,,non_residential,0,12.0,12.0,29.143418432208403,88.78093205581138
490499804001,49,254,5,1439.0,987.485383355387,5.0782125988053535,1.3075492458534879,2.2290883782196818,1.7047834988155033,True,True,,non_residential,0,8.0,7.0,62.42652183582975,74.1227314527367
490499806001,49,0,0,1359.0,423.2112316453999,14.64201999844326,1.9786442185636135,5.300208171327363,2.678707026559339,True,True,,non_residential,0,4.0,3.0,53.83214845731406,66.26902358578766
490519801001,49,0,0,205.0,242.7044203412002,32.48609466108498,0.6955024206655528,1.0784729637927322,1.55063869189801,True,True,,non_residential,0,5.0,5.0,44.064996315883086,149.78803957145823
500070003003,50,0,0,305.0,127.53654107086943,40.51333694846354,1.8211238043096654,6.045036063836828,3.319398741332868,True,False,,non_residential,0,13.0,13.0,126.05322770171773,396.3730299692576
500070022011,50,1227,0,2106.0,636.9857843648889,22.594819661916112,0.14533657453740204,13.449558042714205,92.54076673764588,True,False,,non_residential,0,4.0,3.0,188.69612388517382,341.8539458405931
500070022012,50,0,0,521.0,5.5753679156664235,0.0,1.0139285928999884,0.30980069724596143,0.3055448869036081,True,False,zero_or_structural_denominator,non_residential,0,5.0,4.0,134.15465660750954,188.69612388517382
500070028003,50,0,0,239.0,0.0,0.0,8.005159529477531,0.0,0.0,True,False,zero_or_structural_denominator,non_residential,0,6.0,4.0,111.09671613945196,147.82587516948007
500070029003,50,0,0,0.0,0.0,0.0,5.793269066397374,0.0,0.0,True,False,zero_or_structural_denominator,non_residential,0,4.0,2.0,40.95588026674993,41.90280883136457
500070029004,50,0,0,0.0,0.0,0.0,3.540295403132179,0.0,0.0,True,False,zero_or_structural_denominator,non_residential,0,5.0,3.0,75.6985852164823,147.82587516948007
500070034022,50,0,0,106.0,78.05515081932992,90.4574912464698,3.0767214603158934,0.7155932898447985,0.23258305929693326,True,False,,non_residential,0,5.0,5.0,42.17469271341047,260.9119993497522
500070039002,50,20,7,819.0,37.72610374699927,7.0,0.3709445600505093,1.0759966071491274,2.900693858410042,True,False,,non_residential,0,5.0,5.0,230.69973906876865,499.71610327414766
500070039005,50,507,0,849.0,29.270681557248725,0.0,0.04169015277834615,6.021926549326777,144.44481845253785,True,False,zero_or_structural_denominator,non_residential,0,4.0,4.0,252.42490559613697,281.7709575331028
500079800001,50,0,0,1281.0,872.5450788017953,22.744942986817307,1.201232541565606,7.704971560278381,6.414221471419878,True,True,,non_residential,0,4.0,4.0,87.31592298500586,136.01173944355696
510019802001,51,0,0,566.0,684.8398571528604,25.918855111143632,17.089883860509307,3.8494491938535154,0.22524724130798132,True,True,,non_residential,0,9.0,7.0,37.04954925234265,59.41324210424409
510019901000,51,0,0,0.0,0.0,0.0,0.0,0.0,,True,False,zero_or_structural_denominator,non_residential,0,11.0,6.0,45.125156843110474,81.84339811777889
510019902000,51,0,0,0.0,0.0,0.0,0.0,0.0,,True,False,zero_or_structural_denominator,non_residential,0,13.0,7.0,44.94847691126327,82.12722450807107
510030109043,51,1009,0,3695.0,37.78919378470778,90.37927864766445,0.1466060784348543,4.0936091731784705,27.922506466861822,True,False,,non_residential,0,5.0,5.0,82.7327557811272,147.7723418919545
510131015033,51,0,0,5888.0,461.28975656455145,326.90893153121027,0.02919588692629172,9.669093753086026,331.17999728854727,True,False,,non_residential,0,4.0,4.0,159.58497016148422,227.7014960981604
510131016011,51,0,0,396.0,45.09816055798687,22.594819661916112,0.04153223699548181,2.6306269826287423,63.33940025708034,True,False,,non_residential,0,5.0,4.0,82.33393930758777,159.15925761975487
510131016032,51,0,0,2363.0,558.3581783369804,518.778212975505,0.01625412867242854,14.202958835413536,873.8062261993564,True,False,,non_residential,0,6.0,6.0,79.59742532069788,142.31205268007298
510131034012,51,0,0,101.0,38.22605990153173,45.30695822204026,0.032140301987718396,1.6483510802895802,51.286110532485225,True,False,,non_residential,0,4.0,4.0,195.2694283234073,287.3759066884906
510139801001,51,0,0,12116.0,349.6181208971554,443.65669296759404,1.9365050289748242,18.76713800181148,9.691241551666256,True,True,,non_residential,0,20.0,17.0,101.67820367054986,703.7337132619101
510139802001,51,0,0,7859.0,3440.3453911378556,1581.040879164862,1.3830407121058175,87.62165793624534,63.35435910836827,True,True,,non_residential,0,8.0,5.0,56.784947018823274,140.12655071234684
510259302021,51,1615,0,1615.0,208.84813153961136,0.0,1.0874648378212053,0.8859817224924222,0.8147221792177985,True,False,zero_or_structural_denominator,non_residential,0,2.0,2.0,51.9262335080935,61.71695207336609
510411006002,51,1942,0,4340.0,958.9669611763528,115.52611953468063,0.3454436707819481,17.066132185731473,49.40351677916254,True,False,,non_residential,0,6.0,6.0,140.49403705844136,357.18115841920354
510539801001,51,0,0,430.0,0.0,0.0,20.26245904271738,0.0,0.0,True,True,zero_or_structural_denominator,non_residential,0,5.0,4.0,55.02030027208248,93.73437679433106
510594405041,51,734,0,5343.0,1257.5907323808497,22.594819661916112,0.07758645656485273,7.786747770341584,100.36220385748409,True,False,,non_residential,0,4.0,4.0,72.31095225184967,141.61771176354915
510599801001,51,0,0,3742.0,727.2813874009734,113.32605500420466,1.207697822211238,14.257098331057117,11.805186751892156,True,True,,non_residential,0,7.0,7.0,48.83327995538148,160.7465690843731
510599802001,51,0,0,591.0,26.515467248993822,158.16373763341278,3.8516547475578955,106.40643720309353,27.626161786842268,True,True,,non_residential,0,6.0,5.0,54.441531643853835,65.68937863422305
510599803001,51,0,0,197.0,89.01621147876497,0.0,0.8949141469224737,0.0,0.0,True,True,zero_or_structural_denominator,non_residential,0,2.0,2.0,22.810966027459905,24.773138331107262
510818801021,51,2969,0,4444.0,517.6932515337423,0.0,0.15211073690990806,3.420246522094173,22.485240631763634,True,False,zero_or_structural_denominator,non_residential,0,1.0,1.0,35.742538618077795,35.742538618077795
510879801001,51,0,0,3014.0,1552.8968000776154,471.62016617542275,3.4107183604020483,18.825316026401715,5.519457790757788,True,True,,non_residential,0,6.0,6.0,113.1245263734923,233.21052347847532
511039901000,51,0,0,0.0,0.0,0.0,0.0,0.0,,True,False,zero_or_structural_denominator,non_residential,0,8.0,5.0,65.89941407448167,108.2770009781616
511076110202,51,0,0,30.0,13.62730187736699,22.594819661916112,0.03958049058379654,0.8196010165732097,20.707197017632165,True,False,,non_residential,0,3.0,2.0,59.79811971177706,85.22432853637206
511076110312,51,0,0,715.0,94.09327486753398,301.3887192802096,0.25432973898864736,3.762534986411563,14.793924616812166,True,False,,non_residential,0,7.0,6.0,37.08832613000396,102.91924953163223
511076117021,51,9,5,531.0,223.3030429826097,232.033826382216,0.8038971267709797,8.515762339635772,10.593099609450162,True,False,,non_residential,0,7.0,6.0,58.138934491200516,135.99679860733588
511079801001,51,0,0,13184.0,8609.859109947867,2777.788597831913,13.820887772338075,469.79998413473464,33.99202655237672,True,True,,non_residential,0,10.0,8.0,58.138934491200516,79.40636840180228
511159901000,51,0,0,0.0,0.0,0.0,0.0,0.0,,True,False,zero_or_structural_denominator,non_residential,0,11.0,7.0,33.45827323065278,73.58589048769335
511199901000,51,0,0,0.0,0.0,0.0,0.0,0.0,,True,False,zero_or_structural_denominator,non_residential,0,7.0,3.0,42.91901147824419,65.89941407448167
511210201001,51,1812,0,14275.0,6287.87878722579,444.65280722640927,1.1534670713218063,25.703995686293545,22.2841174450158,True,False,,non_residential,0,9.0,8.0,57.60391479420883,268.5416666985309
511210201002,51,7388,0,7388.0,112.5097401198121,161.35376416478786,0.126543438070069,27.52351859679463,217.5025352286892,True,False,,non_residential,0,2.0,1.0,55.110443043874824,55.110443043874824
511319901000,51,0,0,0.0,0.0,0.0,0.0,0.0,,True,False,zero_or_structural_denominator,non_residential,0,21.0,12.0,34.81713934050349,47.99461671188364
511339901000,51,0,0,0.0,0.0,0.0,0.0,0.0,,True,False,zero_or_structural_denominator,non_residential,0,8.0,6.0,52.103049479326245,108.2770009781616
511498501001,51,3827,0,4985.0,170.74609781477628,0.0,1.2189635109946508,9.414344862006,7.723237633523645,True,False,zero_or_structural_denominator,non_residential,0,4.0,4.0,39.85057788696082,207.20903269622485
511539004035,51,24,0,3340.0,1738.6861048377511,1514.095822110768,0.2855294961180343,74.80125653813116,261.97383301937134,True,False,,non_residential,0,6.0,5.0,80.45573741078168,106.76394524998591
511539004036,51,8,0,13879.0,7507.996893696263,6166.168332512192,1.6427538734917204,325.8147940105604,198.33451575921822,True,False,,non_residential,0,11.0,10.0,114.19573714533723,439.78278150979884
511539011012,51,934,0,1196.0,293.915376995919,0.9570079594125246,0.32026517681581174,9.56645178136418,29.870408879532846,True,False,zero_or_structural_denominator,non_residential,0,5.0,3.0,73.6301808399587,238.01936141422806
511539014095,51,0,0,4780.0,2790.316827132612,305.72148980341035,1.1581995254796749,25.88651129123348,22.35064919450078,True,False,,non_residential,0,9.0,7.0,71.45989507748216,156.2561721959917
511539014182,51,0,0,1742.0,1317.7331352272276,213.11668559800103,1.1312550002401363,27.409555968205748,24.22933464372525,True,False,,non_residential,0,7.0,5.0,140.98316700679024,380.2533575448617
511539014212,51,0,0,6550.0,4862.006799001545,2582.611336420892,1.8524617860118286,183.00014657018934,98.78754204380701,True,False,,non_residential,0,11.0,9.0,65.25139930337194,144.74297161536225
511539801001,51,0,0,313.0,97.72122508815721,0.0,32.61460957054355,2.2203049902147547,0.06807700657622041,True,True,zero_or_structural_denominator,non_residential,0,7.0,6.0,35.80890222535044,51.78807056302861
511559801001,51,0,0,1.0,0.0,0.0,2.7259098112230333,0.0,0.0,True,True,zero_or_structural_denominator,non_residential,0,4.0,4.0,68.02640833205763,135.85627348172756
511559802001,51,0,0,135.0,142.66447140381283,6.0614764074148875,4.733391227807606,1.0201783272876814,0.21552799635372707,True,True,,non_residential,0,2.0,2.0,75.17323655049486,90.37383485676202
511752003001,51,1309,0,1971.0,685.7595017160289,0.0,4.053241001172009,1.4540193807666892,0.3587300583277072,True,False,zero_or_structural_denominator,non_residential,0,2.0,2.0,60.568900425964046,78.72364656414737
511770203112,51,0,0,112.0,89.80561471974497,18.821156535112983,1.0684863723177478,1.501773613793441,1.4055149908330713,True,False,,non_residential,0,3.0,3.0,20.554381522249408,48.264281071106964
511770203142,51,0,0,332.0,75.3725694969288,3.190026531375082,0.6033301828555498,0.9380500394542084,1.5547871896851506,True,False,,non_residential,0,3.0,3.0,23.758322466556496,334.8580457698391
511770203151,51,7,7,2473.0,481.9033432729172,143.74229648468733,2.2114275265920043,4.645525984757045,2.100691037303036,True,False,,non_residential,0,6.0,6.0,33.49446593518856,334.8580457698391
511790102011,51,2208,0,6392.0,1381.7281482827548,219.9340219061777,50.36397136201525,7.284058790529426,0.1446283641568246,True,False,,non_residential,0,19.0,16.0,35.156409142983094,189.1490950187363
511838702021,51,551,0,2387.0,0.0,0.0,0.5617265169607285,2.318797787453381,4.127983489188732,True,False,zero_or_structural_denominator,non_residential,0,1.0,1.0,41.05400628588137,41.05400628588137
511959307003,51,786,0,962.0,0.0,0.0,0.034437609831343974,1.6650986163680743,48.35116677733414,True,False,zero_or_structural_denominator,non_residential,0,1.0,1.0,25.696950862211434,25.696950862211434
511959312003,51,1229,0,1463.0,390.67829238824004,0.0,0.031064235271721,1.1808982504387493,38.014721434773826,True,False,zero_or_structural_denominator,non_residential,0,1.0,1.0,27.413964665950303,27.413964665950303
511999901000,51,0,0,0.0,0.0,0.0,0.0,0.0,,True,False,zero_or_structural_denominator,non_residential,0,8.0,5.0,26.92897263250259,73.58589048769335
515102004082,51,0,0,172.0,71.27307962995074,277.2915962191496,0.02683062510275385,4.153391989718617,154.80041832094028,True,False,,non_residential,0,6.0,6.0,150.0429587407183,648.0692930021439
515109800001,51,0,0,13.0,0.0,45.189639323832225,0.21078552364473982,0.0983358532146549,0.46652090482452296,True,True,zero_or_structural_denominator,non_residential,0,6.0,5.0,29.34162253310852,128.935633222732
515909801001,51,0,0,426.0,222.50519788436986,28.89093386574706,2.3915561527423383,2.143920052010344,0.8964539885680559,True,True,,non_residential,0,5.0,5.0,119.27501047565113,248.07489900235373
516509901000,51,0,0,0.0,0.0,0.0,0.0,0.0,,True,False,zero_or_structural_denominator,non_residential,0,11.0,7.0,87.7671047101795,127.62844507914681
516709801001,51,0,0,2362.0,1712.3225806451612,87.94144596378888,2.3397115131930084,4.884069725063887,2.0874666374567643,True,True,,non_residential,0,4.0,4.0,142.53701546139803,204.130858578337
516800014001,51,931,0,12579.0,69.35978732335246,633.3711684387315,0.4674897909087313,6.528169380549787,13.964303622245927,True,False,,non_residential,0,3.0,2.0,107.60332071530806,187.9166181105208
516800014003,51,3390,0,3390.0,0.0,22.594819661916112,0.1276225936033351,8.93892134173996,70.04184047162605,True,False,zero_or_structural_denominator,non_residential,0,5.0,4.0,135.98858636289214,187.9166181105208
517000301002,51,0,0,278.0,235.13400200380946,77.52192753701483,0.8039048488141516,6.847508532626531,8.517809716818306,True,False,,non_residential,0,6.0,6.0,27.91747406935746,402.3197441362869
517000311002,51,91,0,26100.0,18184.80007046363,1017.8328555156335,0.7763039499050056,34.088776364285614,43.9116358591979,True,False,,non_residential,0,8.0,8.0,121.73499470980026,561.6675494621725
517000317012,51,1837,0,9671.0,8.27936626773977,93.56930517903953,0.2579050449772142,19.751532672615973,76.5845145617877,True,False,,non_residential,0,6.0,6.0,96.85345761760772,150.2155466976021
517000323001,51,0,0,17.0,0.0,0.0,3.75269908092358,0.0,0.0,True,False,zero_or_structural_denominator,non_residential,0,14.0,14.0,35.89268497012223,70.39716326607302
517000324002,51,0,0,120.0,22.35428892289738,45.189639323832225,2.9805901309716827,2.2381557979308733,0.7509102894335984,True,False,,non_residential,0,8.0,8.0,81.04811082966422,319.15664587012276
517100047001,51,2492,0,5486.0,1280.923290047462,137.5242329416305,0.24427293606378758,25.746282191593046,105.39965092518419,True,False,,non_residential,0,4.0,4.0,169.297617860807,256.0704416743108
517100049002,51,833,0,4692.0,4373.083327310253,90.37927864766445,0.03158701759445529,15.985547313301126,506.07966597350395,True,False,,non_residential,0,3.0,3.0,118.28624615396838,177.99828388819552
517109801001,51,0,0,371.0,0.0,0.0,0.9022593543875381,0.0,0.0,True,True,zero_or_structural_denominator,non_residential,0,8.0,7.0,141.73333725408563,391.14281919946336
517109802001,51,0,0,6480.0,4148.781562949222,313.9252952067788,0.8592502766354398,53.3985215578375,62.14548078695966,True,True,,non_residential,0,11.0,11.0,211.27629615820067,814.1539660163023
517109803001,51,0,0,3367.0,2610.712321616434,1266.5769371025883,1.93423204556719,74.7094040417594,38.6248403923283,True,True,,non_residential,0,9.0,9.0,151.3163464386075,276.88031127057565
517109900000,51,0,0,13.0,0.0,0.0,0.0,0.0,,True,False,zero_or_structural_denominator,non_residential,0,15.0,12.0,154.94441233179975,235.32004946233195
517359901000,51,0,0,0.0,0.0,0.0,0.0,0.0,,True,False,zero_or_structural_denominator,non_residential,0,8.0,5.0,26.92897263250259,87.7671047101795
517402130011,51,314,0,708.0,381.0562438112004,22.594819661916112,5.592919497997232,7.474805042871997,1.336476422653437,True,False,,non_residential,0,12.0,11.0,81.22735252017013,402.3197441362869
517409801001,51,508,0,1382.0,330.1931565628782,25.72113086222414,1.0332371757490424,7.845745347725089,7.593363394070038,True,True,,non_residential,0,7.0,7.0,211.57807457160703,388.2140038459349
517500101021,51,2273,0,2273.0,0.0,112.97409830958057,0.10211282398512633,18.653978511118577,182.68007663597376,True,False,zero_or_structural_denominator,non_residential,0,3.0,3.0,39.587578040644374,116.11325079860461
517600505003,51,2157,0,4610.0,1311.9530717634211,22.913822315053622,0.32717949427188686,8.913115706486192,27.24228095749599,True,False,,non_residential,0,4.0,4.0,50.33976271013274,73.25845011552629
518100452001,51,0,0,856.0,244.29549272467426,23.50041680609377,1.02551011324913,7.18531783139096,7.006579202447525,True,False,,non_residential,0,6.0,5.0,55.51982853779163,97.88981825928698
518109901000,51,0,0,0.0,0.0,0.0,0.0,0.0,,True,False,zero_or_structural_denominator,non_residential,0,25.0,20.0,58.592165851404445,284.9838680976201
530050120001,53,0,0,0.0,0.0,0.0,440.4490837604656,0.0,0.0,True,False,zero_or_structural_denominator,non_residential,0,11.0,11.0,43.66101148429245,81.59278730845138
530099901000,53,0,0,0.0,0.0,0.0,0.0,0.0,,True,False,zero_or_structural_denominator,non_residential,0,25.0,23.0,44.921260935156994,174.78621512435294
530150004004,53,0,0,64.0,0.0,0.0,0.16527141508769322,0.0,0.0,True,False,zero_or_structural_denominator,non_residential,0,13.0,12.0,88.27664623093949,210.46002728329722
530219801001,53,0,0,814.0,459.8593262346246,242.13339307025484,2.7837965634521775,10.536880843640464,3.7850757422351693,True,True,,non_residential,0,5.0,5.0,64.94677525813641,89.389583223225
530279900000,53,0,0,0.0,0.0,0.0,0.0,0.0,,True,False,zero_or_structural_denominator,non_residential,0,14.0,12.0,56.7713761886513,100.86925449975152
530299922010,53,0,0,0.0,0.0,0.0,0.0,0.0,,True,False,zero_or_structural_denominator,non_residential,0,52.0,47.0,35.64802680820942,127.12753581928213
530319900000,53,0,0,0.0,0.0,0.0,0.0,0.0,,True,False,zero_or_structural_denominator,non_residential,0,4.0,2.0,82.46520371114639,86.50318922423479
530330053032,53,2794,5,47664.0,180.73293540354476,719.4118109263828,0.7892735075142875,79.81849634784432,101.12907070607515,True,False,,non_residential,0,15.0,15.0,302.30581040848364,842.212932031485
530330053041,53,1460,4,1460.0,0.0,4.0,0.010695415895171813,26.877320744740754,2512.975746634955,True,False,zero_or_structural_denominator,non_residential,0,4.0,4.0,216.63623346089886,448.1066355118858
530330228033,53,0,0,14234.0,3406.95927119444,256.0396740165766,0.29693418167854063,17.948491902496414,60.446028143460275,True,False,,non_residential,0,7.0,7.0,70.05612182454908,88.70147679915152
530330237022,53,8,5,17360.0,4904.133139657894,3834.9394707846986,0.7368751974695359,250.8248277112238,340.38983612498845,True,False,,non_residential,0,9.0,9.0,63.84358466373284,196.47415709760804
530339901000,53,0,0,0.0,0.0,0.0,0.0,7.9136115420946735,,True,False,zero_or_structural_denominator,non_residential,0,57.0,55.0,119.62609801987304,286.9890097637739
530350903004,53,0,0,3248.0,419.748340537493,0.7821259880535338,8.111130672333474,3.1027354096976087,0.38252810058662134,True,False,zero_or_structural_denominator,non_residential,0,6.0,4.0,37.230347883324605,50.71984087738234
530350903005,53,1257,0,2173.0,375.52614922007143,160.31458410056,0.556354291526072,12.435826799007259,22.35235170900895,True,False,,non_residential,0,6.0,5.0,50.71984087738234,79.78671637908676
530350927043,53,0,0,12.0,0.0,0.0,0.8026515612073601,0.0,0.0,True,False,zero_or_structural_denominator,non_residential,0,1.0,0.0,,
530359901000,53,0,0,0.0,0.0,0.0,0.0,0.0,,True,False,zero_or_structural_denominator,non_residential,0,46.0,41.0,48.15709953729291,124.4536788194042
530499901000,53,0,0,0.0,0.0,0.0,0.0,0.0,,True,False,zero_or_structural_denominator,non_residential,0,13.0,11.0,26.007858324631307,49.22284552412606
530530726035,53,361,0,487.0,0.0,0.0,6.560535136974046,5.454688583171302,0.8314395806570133,True,False,zero_or_structural_denominator,non_residential,0,5.0,5.0,49.245911552954375,81.06240466560267
530530729031,53,2385,0,3241.0,39.38137744656457,90.37927864766445,5.204940110709621,7.319718210497875,1.4063021004673835,True,False,,non_residential,0,9.0,9.0,53.487994197379315,127.24016464842151
530530729092,53,312,4,2878.0,229.0179346490869,96.4497197641002,86.43500568039288,9.847857385665149,0.11393366967637118,True,False,,non_residential,0,32.0,32.0,71.49815228442725,272.48718499569657
530559901000,53,0,0,0.0,0.0,0.0,0.0,0.0,,True,False,zero_or_structural_denominator,non_residential,0,18.0,15.0,26.868040165815195,40.271413847833465
530579901000,53,0,0,10.0,0.0,0.0,0.0,0.0,,True,False,zero_or_structural_denominator,non_residential,0,27.0,24.0,42.44273971481515,138.81436638428372
530619900020,53,0,0,10.0,0.0,0.0,0.0,0.0,,True,False,zero_or_structural_denominator,non_residential,0,28.0,25.0,70.85707407040576,187.76956735990814
530619901000,53,0,0,0.0,0.0,0.0,0.0,0.0,,True,False,zero_or_structural_denominator,non_residential,0,5.0,3.0,62.66801854006941,93.57521407547742
530679901000,53,0,0,0.0,0.0,0.0,0.0,0.0,,True,False,zero_or_structural_denominator,non_residential,0,10.0,10.0,45.35561186643109,84.20390117103503
530719204001,53,2032,0,4078.0,928.4863838796817,0.0,0.8844905469469511,4.868511432170926,5.504311435521678,True,False,zero_or_structural_denominator,non_residential,0,2.0,2.0,94.14877925302486,157.2897671181668
540219800001,54,1594,0,2111.0,0.0,0.0,0.2926279843037581,8.402595191708045,28.714257153840272,True,True,zero_or_structural_denominator,non_residential,0,1.0,1.0,26.52052314652772,26.52052314652772
540290214001,54,0,0,1391.0,51.97546307433245,68.74146694516085,0.976479000129464,0.28636071101949884,0.29325844281498364,True,False,,non_residential,0,7.0,7.0,13.686638936123671,25.68026852563332
550039900000,55,0,0,0.0,0.0,0.0,0.0,0.0,,True,False,zero_or_structural_denominator,non_residential,0,9.0,3.0,49.64919847966542,82.02250616467713
550079900000,55,0,0,0.0,0.0,0.0,0.0,0.0,,True,False,zero_or_structural_denominator,non_residential,0,7.0,4.0,42.97243601310609,58.281575585188556
550099800001,55,1142,0,1819.0,325.88874975097474,0.0,0.08363165806193605,1.7510093647653515,20.93715950804881,True,True,zero_or_structural_denominator,non_residential,0,3.0,3.0,47.93743295048274,49.18684358447097
550250011022,55,2025,7,7506.0,10.41274777981789,52.38517082084561,0.18157342042778724,8.947864620732894,49.27959499607218,True,False,,non_residential,0,6.0,5.0,45.936454787463205,106.09866578345722
550250016063,55,2825,0,2825.0,80.52524949725834,0.3190026531375082,0.019434838254913843,7.19180567615516,370.0471072527093,True,False,zero_or_structural_denominator,non_residential,0,5.0,4.0,68.59508478100302,108.77045074982645
550250016064,55,1073,0,5650.0,803.864128601941,136.8449285840467,0.06456670567495386,16.055566144680448,248.66633626173342,True,False,,non_residential,0,9.0,8.0,82.84872638067307,143.18272729010005
550259917020,55,0,0,714.0,0.0,22.594819661916112,0.0,0.10175204224980804,,True,False,zero_or_structural_denominator,non_residential,0,20.0,19.0,93.35696966294506,236.2185045210566
550259917030,55,0,0,173.0,0.0,0.0,0.0,0.0,,True,False,zero_or_structural_denominator,non_residential,0,16.0,16.0,96.89685665729965,227.12204494337897
550299900000,55,0,0,0.0,0.0,0.0,0.0,0.0,,True,False,zero_or_structural_denominator,non_residential,0,15.0,11.0,18.140467516260554,34.510799481180975
550319900000,55,0,0,0.0,0.0,0.0,0.0,0.0,,True,False,zero_or_structural_denominator,non_residential,0,7.0,4.0,81.23964639777286,103.46564938945332
550519900000,55,0,0,0.0,0.0,0.0,0.0,0.0,,True,False,zero_or_structural_denominator,non_residential,0,4.0,2.0,31.032890925627704,49.64919847966542
550599900000,55,0,0,0.0,0.0,0.0,0.0,0.0,,True,False,zero_or_structural_denominator,non_residential,0,12.0,9.0,53.14300781999086,92.25026106600154
550619900000,55,0,0,0.0,0.0,22.594819661916112,0.0,0.021861702959744954,,True,False,zero_or_structural_denominator,non_residential,0,10.0,6.0,20.38097361151515,38.63581628587335
550630001006,55,0,0,8049.0,6641.055748690441,663.3432152610923,1.2201874548373892,54.80680747039658,44.91671116033603,True,False,,non_residential,0,7.0,7.0,124.62910345341375,477.7711733077897
550630003002,55,0,0,0.0,0.0,0.0,0.8302431936646999,0.0,0.0,True,False,zero_or_structural_denominator,non_residential,0,8.0,7.0,50.153903844170614,421.705443853728
550630102025,55,0,0,5.0,0.0,0.0,8.046157401085521,0.0,0.0,True,False,zero_or_structural_denominator,non_residential,0,13.0,12.0,31.019803527435982,52.048895405269725
550630107003,55,0,0,5.0,0.0,0.0,3.686746654601438,0.0,0.0,True,False,zero_or_structural_denominator,non_residential,0,7.0,7.0,37.93383173043674,290.7801207506462
550719900000,55,0,0,0.0,0.0,0.0,0.0,0.0,,True,False,zero_or_structural_denominator,non_residential,0,16.0,12.0,22.0935228684953,54.077618760382144
550759900000,55,0,0,0.0,0.0,0.0,0.0,0.0,,True,False,zero_or_structural_denominator,non_residential,0,10.0,8.0,21.795908209012666,57.34145386143421
550799800001,55,0,0,857.0,414.77825459823146,361.5171145906578,0.7798051242791227,48.48959520037958,62.18168320605093,True,True,,non_residential,0,14.0,13.0,108.9288960218594,340.25222246578744
550799900000,55,0,0,0.0,0.0,0.0,0.0,0.0,,True,False,zero_or_structural_denominator,non_residential,0,21.0,16.0,124.75892689672159,340.25222246578744
550839900000,55,0,0,0.0,0.0,0.0,0.0,0.0,,True,False,zero_or_structural_denominator,non_residential,0,10.0,9.0,22.13898410421153,57.34145386143421
550899900000,55,0,0,29.0,0.0,0.0,0.0,0.0,,True,False,zero_or_structural_denominator,non_residential,0,17.0,13.0,35.464323315855765,97.4369241879065
551019900000,55,0,0,0.0,0.0,0.0,0.0,0.0,,True,False,zero_or_structural_denominator,non_residential,0,20.0,16.0,47.72047017625442,101.5480478592496
551179900000,55,0,0,0.0,0.0,0.0,0.0,0.0,,True,False,zero_or_structural_denominator,non_residential,0,14.0,10.0,38.862247552051954,95.39166439829674
560219808011,56,0,0,427.0,286.3965913330323,57.15970044925905,1.3978720543238325,6.32137453559413,4.522141004279433,True,True,,non_residential,0,11.0,11.0,95.33609361439972,447.3729314128828
040139809001,04,218,47,753.0,244.65531826565584,47.0,15.852494782302303,3.2263689393675152,0.20352436532383708,False,True,special_use,special_use,0,6.0,6.0,43.345610922011915,142.64945722118628
040279800061,04,4362,1100,6483.0,3246.520763818593,1378.936253545968,6.9919324841997055,25.772802496341107,3.686077140273052,False,True,special_use,special_use,0,8.0,8.0,34.645954247299,160.6862190221999
050919800001,05,83,27,438.0,452.5122703169318,88.22322207892967,1.7020568484385823,5.0192232292322085,2.9489163266413216,False,True,special_use,special_use,0,4.0,4.0,224.1920783424747,334.9685728993653
051199802001,05,511,80,21490.0,17655.950296848012,511.3015714912631,0.6737490389482909,110.22937126357476,163.6059792168916,False,True,special_use,special_use,0,11.0,11.0,441.64022848971484,601.8255612374774
051199803001,05,766,308,971.0,467.6397506476684,308.0,0.23301496932354646,11.938802308691763,51.23620316476093,False,True,special_use,special_use,0,2.0,0.0,,
051199803002,05,1409,444,1409.0,988.4430591537133,466.5948196619161,0.5384684951314314,10.048938855243286,18.662073911660336,False,True,special_use,special_use,0,4.0,2.0,103.5092757388852,128.66674057377165
051199803003,05,725,38,4829.0,710.3208333333333,388.5280948437122,9.012174191023604,10.530788909630816,1.1685070313132426,False,True,special_use,special_use,0,7.0,5.0,160.0032172757172,484.0444400664884
051199804001,05,665,335,6631.0,5947.709509930915,1362.3948959134998,5.880349775042018,206.83271384090293,35.17353928821777,False,True,special_use,special_use,0,10.0,10.0,210.86331066362902,1114.1158858598371
060019819001,06,33,29,3067.0,1735.5316932234991,267.34027280173103,1.4445587551365247,71.45424890890114,49.46441164461187,False,True,special_use,special_use,0,9.0,6.0,640.1599089352333,1098.4716856848208
060019820001,06,54,37,1725.0,767.0673625070319,309.2906517824281,0.49009877500943433,98.36825050155576,200.71107196638513,False,True,special_use,special_use,0,7.0,5.0,531.3179224349828,951.1316343393444
060019821001,06,1095,27,31670.0,270.2675545618391,712.4553949754649,0.6548948983399001,35.81623519393586,54.69005070084804,False,True,special_use,special_use,0,14.0,14.0,218.08278449164447,487.97848617800054
060019832001,06,692,347,3963.0,2546.575649648079,1881.3294585031497,0.12428898756604717,261.30666396801223,2102.4120405611466,False,True,special_use,special_use,0,6.0,4.0,580.5787102779562,968.8928060689495
060019832002,06,519,321,2536.0,1041.7967921591953,715.0304370331156,0.06665474614862228,117.56903367797766,1763.8508954160611,False,True,special_use,special_use,0,9.0,8.0,542.4893832613265,794.3943579903571
060319800001,06,6208,1482,10201.0,3694.2690663667045,1881.369543277534,27.093469938748097,60.44354546974928,2.2309266995478167,False,True,special_use,special_use,0,4.0,4.0,111.72180810037827,151.9084538419609
060379800081,06,105,25,7247.0,5509.413634899266,700.8492638799216,1.3009040416019517,69.29197842429244,53.26448085976065,False,True,special_use,special_use,0,18.0,18.0,100.1530073266769,135.68669999593826
060379800101,06,181,76,448.0,352.51274415468873,257.7155652547414,1.450819787740261,65.49982709516863,45.14676988048842,False,True,special_use,special_use,0,12.0,12.0,122.35583632556757,199.917348746031
060379800111,06,120,12,2971.0,2207.3921874766647,876.569312013714,0.5080644945509036,101.85785251303706,200.4821309213368,False,True,special_use,special_use,0,8.0,6.0,274.44354873067925,324.9744157375036
060379800141,06,38,10,2913.0,2256.0674849426828,468.002040983185,2.5020512545905085,63.18640427387533,25.253840886731382,False,True,special_use,special_use,0,14.0,10.0,193.0796599377261,394.59380085590624
060379800151,06,1384,582,5735.0,1538.5067574977224,653.6026554424811,2.0034590042963556,66.43013969366457,33.15772349282276,False,True,special_use,special_use,0,12.0,11.0,109.50804373215671,161.86725833506648
060379800161,06,329,102,37372.0,27357.332920426106,3983.4188211773753,5.001032610918048,628.3997480544184,125.65399927257462,False,True,special_use,special_use,0,25.0,25.0,160.76525196752021,242.5693204128002
060379800171,06,1403,33,12781.0,7809.3763379836955,101.8403290696206,0.9244702671627323,54.64339738153423,59.10779321139106,False,True,special_use,special_use,0,22.0,22.0,85.61256078386697,306.07261298308936
060379800191,06,132,61,571.0,259.31394148608194,68.6560636753002,17.069711181029323,23.581342008738115,1.3814728180606588,False,True,special_use,special_use,0,17.0,17.0,67.86484819263991,141.06208359115928
060379800231,06,63,20,63.0,57.78007932427156,20.0,1.1058857718076551,4.521205014646338,4.088311044327916,False,True,special_use,special_use,0,8.0,8.0,53.1149705559494,94.96841850408707
060379800241,06,221,85,1280.0,961.4045648792747,257.8132506460738,3.0883697763384714,45.152535776259626,14.62018444882978,False,True,special_use,special_use,0,23.0,23.0,80.32955326084195,129.83915269419106
060379800251,06,480,254,6429.0,3647.0895758348997,2138.7251076134735,1.485325737653676,247.42395169365903,166.5789162749628,False,True,special_use,special_use,0,12.0,11.0,104.56340667151962,301.97517474069275
060379800261,06,39,15,39.0,43.149203023624466,15.039106299402677,5.353548514938936,10.272851754824476,1.9188864593565098,False,True,special_use,special_use,0,8.0,8.0,68.89592923720207,431.38790693459265
060379800311,06,966,11,12452.0,7358.5052311775535,1185.6028226203098,5.44590144855916,68.3740970191917,12.555147695021484,False,True,special_use,special_use,0,22.0,18.0,129.2537489520309,190.59034542455294
060379800351,06,753,211,52196.0,34478.75489184121,10125.860954906319,6.029641580092042,1563.4159695297292,259.28837539724276,False,True,special_use,special_use,0,39.0,39.0,114.24482178375065,389.1552998863856
060379800361,06,554,119,776.0,621.188041620707,220.5013057020646,3.040506622248548,32.748118954211726,10.770612605998368,False,True,special_use,special_use,0,16.0,16.0,152.7854690676499,307.13870113021324
060679883001,06,4476,46,7868.0,1981.110867316896,46.195531497013384,1.4768114128523935,11.021233162970008,7.462857523346872,False,True,special_use,special_use,0,5.0,5.0,61.860138813601175,92.03488567388857
060759803001,06,57,46,1858.0,498.1189010008834,412.3021543877204,1.6747200434059137,555.5258394321854,331.7126594498748,False,True,special_use,special_use,0,36.0,35.0,144.49812182770407,587.1052106338999
060759805011,06,144,115,1250.0,94.68748338293437,115.0,0.5681632260466246,38.854994319871295,68.38702777409739,False,True,special_use,special_use,0,11.0,11.0,122.90482225582484,202.81350126728623
060759806001,06,1281,577,1281.0,785.611580915461,623.0499779106912,0.8232848605625452,39.87233829595725,48.4307925554622,False,True,special_use,special_use,0,6.0,4.0,283.34431257321,463.03551660329504
060759809001,06,434,238,13566.0,3633.957022907965,2559.0605547363666,1.390853875387096,460.59380144185127,331.15901648090886,False,True,special_use,special_use,0,15.0,14.0,285.5381545744962,754.7891196384596
060839802001,06,3447,1134,6683.0,3421.7237626559227,1348.636214713068,94.03162472433127,20.35059184231315,0.21642284605816567,False,True,special_use,special_use,0,4.0,1.0,85.52158872395088,85.52158872395088
060839803001,06,6498,66,31342.0,3177.3262812030744,427.6735397882685,0.8541093263937802,23.37015832161231,27.362022166747405,False,True,special_use,special_use,0,9.0,7.0,90.01738792824574,130.40106251289976
060839804001,06,2786,78,3613.0,337.72120545338305,123.82764463010724,6.371010328692204,4.270677932183298,0.6703297768879857,False,True,special_use,special_use,0,10.0,8.0,60.869181065517054,201.48377138189372
080059800001,08,97,36,347.0,137.61756962726895,127.69439555961716,4.790798827257937,39.26360328966266,8.195627640690475,False,True,special_use,special_use,0,19.0,19.0,136.86079841481538,536.1179896697182
080319802001,08,717,96,14086.0,3689.543759934608,1232.421582037945,0.6452855878168491,195.25623993602375,302.58887479049537,False,True,special_use,special_use,0,12.0,12.0,254.38483175944356,561.816289725018
120199800001,12,481,148,481.0,433.98231968004416,239.01728395393945,108.53354728335027,5.9881647867625265,0.05517339971510494,False,True,special_use,special_use,0,14.0,14.0,48.879812596857455,112.96400584164321
120579804001,12,90,41,90.0,63.25754568764231,63.91382231505362,13.496020257791841,2.553322381666922,0.1891907638618709,False,True,special_use,special_use,0,5.0,4.0,26.8003996659555,54.79494263221005
120869805001,12,590,240,44214.0,34589.330386414484,6629.909355221931,6.024033060136326,641.725815587463,106.52760520755517,False,True,special_use,special_use,0,22.0,22.0,89.52651399635417,603.1967369709455
120869807001,12,1155,213,2329.0,327.70008146294174,261.4578784540127,4.243411758365177,34.13195987078493,8.04351823824296,False,True,special_use,special_use,0,8.0,8.0,122.89164715259196,173.08038711068107
120869813001,12,2198,71,3786.0,284.1399253194932,222.8380532815096,2.6898038539644107,18.564898267463448,6.901952437944973,False,True,special_use,special_use,0,7.0,6.0,75.17329801416997,118.79266895882819
160059818001,16,467,202,467.0,572.3472373616258,227.2931543207008,103.48012292612417,2.6421920976529765,0.025533329715304576,False,True,special_use,special_use,0,12.0,12.0,50.12744357078134,139.2938208815578
171099800001,17,1876,30,6539.0,1172.141818181818,191.03476151165034,0.64436087314702,1.7468160791612046,2.7109282266470642,False,True,special_use,special_use,0,7.0,7.0,19.40754733941034,49.489855672626206
181639805001,18,98,44,4059.0,3133.225901785817,1520.5383087031146,0.5037837799185881,92.32546733026933,183.26407282344263,False,True,special_use,special_use,0,7.0,6.0,183.85800242874114,389.80938223353064
200919800041,20,153,36,4947.0,2183.3960779761214,307.5853107849798,0.31856285239857723,10.96965884426769,34.43483369662558,False,True,special_use,special_use,0,6.0,4.0,120.52174972303223,476.5133370350056
201039819001,20,1330,382,1330.0,666.5326633165829,382.0,0.5488917090047954,11.452075349256367,20.86399769094766,False,True,special_use,special_use,0,4.0,1.0,19.485611492048378,19.485611492048378
201039819002,20,1741,164,3452.0,334.25,231.78445898574833,1.6830027069120408,5.525917161572086,3.2833679582791597,False,True,special_use,special_use,0,11.0,8.0,189.9900751010253,342.6597007034401
201039819003,20,1751,502,1751.0,989.5866834170854,502.0,0.38064576288730534,12.66557505093711,33.273915765842645,False,True,special_use,special_use,0,4.0,1.0,19.485611492048378,19.485611492048378
201039819004,20,1770,356,2177.0,1068.4070351758794,663.2089796354902,0.8425521304806299,26.308788960260806,31.22511712747445,False,True,special_use,special_use,0,5.0,0.0,,
201039819006,20,2440,450,3278.0,1470.06783919598,769.0750279889389,1.2955912758997183,22.08253537586211,17.044368688363527,False,True,special_use,special_use,0,4.0,1.0,55.84436148414218,55.84436148414218
202099815001,20,48,14,5270.0,4248.633091775069,590.8498536003938,3.173706461532752,53.51621902646659,16.862372016793497,False,True,special_use,special_use,0,10.0,8.0,155.5956252009157,526.9089562975654
211639801001,21,41,22,85.0,44.0,22.0,20.81425771487422,0.2220163410227401,0.010666550979816275,False,True,special_use,special_use,0,13.0,12.0,13.708583575148776,44.29946371601713
221259800001,22,4796,211,7852.0,1294.8742943168986,211.0,26.687178884384917,2.136696905428792,0.08006454764984569,False,True,special_use,special_use,0,5.0,4.0,39.238410393145614,68.51539216699531
240339800001,24,14822,1754,60031.0,14256.777915139202,4708.3148671598,2.068587102509903,377.71228163197316,182.5943327083878,False,True,special_use,special_use,0,10.0,10.0,184.61257313085935,320.1345824811191
250059855001,25,3468,516,7387.0,1195.5761714192172,697.3060454869665,5.554145574822735,10.563675704463467,1.9019443336791932,False,True,special_use,special_use,0,7.0,6.0,35.667289809691496,281.1202366194752
250059856001,25,1802,610,1802.0,1452.5064104573523,723.2087361059966,1.736710675478738,6.364402637420084,3.6646303424522255,False,True,special_use,special_use,0,8.0,6.0,20.633888656553154,68.97011427763098
250059856002,25,1631,576,1992.0,1873.322769401168,970.825735359919,1.3403096279079059,20.34706903222254,15.180872097428974,False,True,special_use,special_use,0,6.0,4.0,48.886935358350215,92.82962424838603
250059856003,25,2194,139,5328.0,1792.2809455642282,620.2222210472147,1.5332935254285782,18.1620910494427,11.845149508712709,False,True,special_use,special_use,0,6.0,4.0,71.81065785530825,119.04722187682503
250239802001,25,1508,38,3311.0,1162.7719097443296,39.09497638327495,2.6455071255134066,0.7806229506587296,0.29507497565603275,False,True,special_use,special_use,0,5.0,5.0,9.972417412137869,57.93484675323755
250259809001,25,52,34,1308.0,20.653676630314187,34.0,0.6475809651496818,1.3575867394924894,2.0963969179957243,False,True,special_use,special_use,0,9.0,7.0,69.75048251189297,160.6504041073208
250259810001,25,26,14,30.0,30.07927394697318,14.0,0.43791089064111577,5.9566042239238906,13.602320360663395,False,True,special_use,special_use,0,10.0,10.0,66.18861738192653,202.93110079972973
250259811003,25,95,14,486.0,107.70639045321089,14.195531497013384,0.22029251709576383,3.440160246592071,15.616328198277346,False,True,special_use,special_use,0,9.0,5.0,165.47519791306547,176.88412495379495
250259813001,25,51,32,17320.0,5994.704003288774,2917.591681235028,2.697552924287363,25.641936001175885,9.505628516241233,False,True,special_use,special_use,0,12.0,10.0,118.67759391180121,157.39227084916934
250259818001,25,20,16,1686.0,795.9837032815336,39.870830274466144,0.2760008809461291,17.461154132923383,63.2648492753598,False,True,special_use,special_use,0,25.0,25.0,84.63881522366513,267.7426955324628
260659801001,26,95,54,237.0,193.33100105313272,234.7585572953289,1.7271550331557315,15.42451530709943,8.930591065074733,False,True,special_use,special_use,0,18.0,16.0,147.67019097359915,580.800522351894
261619801011,26,4421,690,29393.0,1004.2776710191345,2931.142918442177,0.2784588072877292,149.44178276772675,536.6746493793238,False,True,special_use,special_use,0,10.0,9.0,111.09725997689227,153.609650059905
261619801021,26,3420,193,23264.0,13586.545624264323,446.0090534250024,0.36279819060636537,31.03193792431661,85.53498536597208,False,True,special_use,special_use,0,6.0,5.0,55.184122902504306,71.74083367294168
261619805001,26,2075,65,10667.0,110.39355615778379,633.0543658213618,0.3120948690378351,23.58542893364883,75.57134472079251,False,True,special_use,special_use,0,8.0,8.0,193.4910078022648,281.55181089788215
261639824001,26,75,75,3314.0,672.3924610892307,712.1281972895206,0.24667449149023316,37.147002048488474,150.59117715849948,False,True,special_use,special_use,0,3.0,3.0,214.34399594976318,376.8597848075091
261639834001,26,316,14,4602.0,3523.8662217141864,36.59481966191611,0.50290269479268,3.5671939708401115,7.09320909944751,False,True,special_use,special_use,0,8.0,7.0,42.93880873016681,57.22437061562555
261639851001,26,189,76,3126.0,2031.8186511655622,184.9322049693842,1.355859120140903,58.64529879479771,43.253239163006256,False,True,special_use,special_use,0,16.0,13.0,455.6748842113067,1492.713060966118
261639853001,26,308,237,1909.0,1504.5098028593252,838.7542391157602,0.4174239240040372,136.46574830917865,326.9236391631899,False,True,special_use,special_use,0,4.0,4.0,505.396961569239,640.5301424302215
261639864001,26,29,12,29.0,30.0,12.0,0.6289032732277678,0.15528499563944312,0.24691395680366265,False,True,special_use,special_use,0,5.0,5.0,49.14797017339861,89.91542172159988
270539801002,27,456,358,3814.0,1376.6747220428847,449.6697865279528,1.2407551168256137,5.103278922883006,4.113042818585663,False,True,special_use,special_use,0,9.0,6.0,180.36253742426754,478.5168967619719
280759800001,28,13,13,158.0,111.12858442564949,153.31089196314664,1.8490328127413682,3.6153775792439204,1.955280379196612,False,True,special_use,special_use,0,3.0,3.0,177.11715035797874,217.34928768493612
280879800001,28,1279,485,2761.0,1487.2457327962125,597.2520045295929,6.906379195694455,4.578103352958282,0.6628803926393649,False,True,special_use,special_use,0,2.0,2.0,41.75200373183942,58.220590104433406
281219800001,28,26,13,1447.0,1000.7317593495935,248.1145226219421,4.55778115521928,12.5683300371471,2.7575545225015134,False,True,special_use,special_use,0,6.0,6.0,36.53458749458066,110.3649303287404
281439800001,28,29,14,29.0,28.0,14.0,1.4299548270899205,0.6652759923828713,0.465242663460051,False,True,special_use,special_use,0,2.0,2.0,187.36566162547058,268.1611676379621
290959883001,29,281,93,281.0,301.5642482444232,115.59481966191612,5.4476242363908,6.580960424412578,1.2080422839099205,False,True,special_use,special_use,0,16.0,15.0,59.44667176476459,284.09731079375763
290959891001,29,46,45,498.0,5.579144809246876,45.0,9.620137213680104,2.723704006904331,0.2831252763246607,False,True,special_use,special_use,0,15.0,15.0,59.90734360534779,99.10574724618739
291019800001,29,2631,721,2865.0,1573.7107389666899,994.1713635119326,2.2341643105072015,11.696720746809069,5.235389667536884,False,True,special_use,special_use,0,4.0,3.0,33.4212530119711,43.28589384879493
291019800002,29,956,276,3713.0,722.5676990017917,299.455158248775,4.447841654377325,3.488087603165072,0.7842202745082628,False,True,special_use,special_use,0,5.0,4.0,22.66860314150516,35.120603011104116
300359800001,30,99,52,99.0,82.53488372093022,145.88830783217705,567.6163833817754,0.3125743050697559,0.0005506787933207353,False,True,special_use,special_use,0,5.0,5.0,13.292251295012433,60.74108189784175
320319803001,32,18,14,18.0,31.256795835743205,59.189639323832225,104.05392671860568,3.2970989139824893,0.03168644392343669,False,True,special_use,special_use,0,16.0,16.0,30.92272094669525,72.07155458385253
340059821111,34,868,173,3501.0,670.6598126359272,338.412474292844,4.440707258690852,4.783586008718636,1.0772126443049677,False,True,special_use,special_use,0,7.0,3.0,17.573669385173204,30.003028957659687
340059822003,34,5552,175,6339.0,870.4597024217669,676.8710723592171,4.266401439194252,11.892282698967499,2.787427031529753,False,True,special_use,special_use,0,6.0,2.0,61.74540174523284,93.487774532806
340139802001,34,12,12,33130.0,19514.138485727504,4388.459410481873,5.998546456647634,93.19999145432051,15.53709588279267,False,True,special_use,special_use,0,13.0,10.0,158.16158385625687,302.9163334126514
340239800001,34,35,17,7128.0,5005.972734165065,399.10718430700933,1.6740636697363063,52.23917461340868,31.20501063238368,False,True,special_use,special_use,0,14.0,10.0,105.92124420030407,367.1474105145841
340239801001,34,16,16,6659.0,3891.2849813011094,263.8483182094201,1.822472459149629,17.773358020296634,9.752332843805899,False,True,special_use,special_use,0,6.0,5.0,105.9094583071215,186.7215633688312
340239802001,34,5990,32,16257.0,375.61039764994473,280.54301628107726,0.8123755440715131,9.8885007311707,12.172326953136613,False,True,special_use,special_use,0,4.0,4.0,26.672530853430867,34.38818665139804
350019800001,35,954,388,1758.0,619.5662731431872,455.7844589857483,0.5829397417581196,17.75214098562249,30.452789051717154,False,True,special_use,special_use,0,6.0,4.0,307.31767516871645,387.6614272591738
350019800002,35,306,117,322.0,233.6098992741402,117.0,0.1423743987766801,18.45729779265578,129.63916231601993,False,True,special_use,special_use,0,2.0,1.0,226.86008543144774,226.86008543144774
350019800003,35,2064,881,10140.0,15304.109009420337,903.8294574583322,0.8368880118140775,40.80799215884103,48.76159245056424,False,True,special_use,special_use,0,6.0,4.0,261.72213343720193,285.9051842629039
350019800004,35,545,57,19801.0,1094.5800821833566,245.31003258605548,46.54698511337954,32.07406343880081,0.6890685478484705,False,True,special_use,special_use,0,19.0,16.0,200.9236467961849,599.8156516734905
350499802001,35,60,28,79.0,67.4748743718593,54.741854152703716,119.19285799346778,1.1481555804135264,0.009632754845734545,False,True,special_use,special_use,0,8.0,8.0,52.193966184273805,92.44778422546293
360299803001,36,516,53,4982.0,125.26532516344194,75.59481966191612,1.1719443762234105,1.3351707993212618,1.1392783022892676,False,True,special_use,special_use,0,3.0,3.0,58.15368145683535,89.39070049322848
360299805001,36,674,15,4535.0,3206.4681916836507,150.56891797149666,0.47435854831009244,10.78705748143059,22.740303763597392,False,True,special_use,special_use,0,8.0,8.0,182.69091339652562,483.95387430578825
360559801001,36,70,39,70.0,85.9440879800953,84.18963932383222,1.1992935365251542,4.043530318523079,3.3715935218318998,False,True,special_use,special_use,0,8.0,7.0,40.70955478389634,71.93176358145317
360559802001,36,27,27,9453.0,5004.035776889589,686.7352599467994,1.1370754902809188,35.730691543691066,31.42332400011864,False,True,special_use,special_use,0,9.0,9.0,183.35710896567903,403.26387211462276
360599821001,36,1009,16,5508.0,628.4982836542922,16.638005306275016,1.0782350657200508,4.18712781002863,3.883316303789884,False,True,special_use,special_use,0,3.0,3.0,22.287108819598778,62.68403139138397
361199810001,36,1749,406,13911.0,6953.376210831475,1022.5367993521926,1.629014428178205,67.95705889008327,41.716670960417765,False,True,special_use,special_use,0,8.0,8.0,30.324367733605385,70.24621984954273
361199840001,36,537,47,1542.0,737.6898177234109,47.0,0.3592441202365211,1.2888389477800508,3.5876410362165374,False,True,special_use,special_use,0,6.0,6.0,24.05605163569536,67.7584716316273
371199803001,37,27,26,17401.0,11016.624959612278,764.5638313753038,0.18488733525498696,84.92753228940724,459.3474840895923,False,True,special_use,special_use,0,7.0,7.0,146.28502312703344,237.54741219244218
371739802001,37,56,28,134.0,79.47876121171095,50.59481966191611,335.2108516050292,0.5041300990446251,0.001503919388739328,False,True,special_use,special_use,0,14.0,11.0,47.880431042418515,140.84786135761834
391699800001,39,1156,64,2006.0,184.7290204512867,131.78445898574833,0.2558938388331057,8.417856948577102,32.895895371936795,False,True,special_use,special_use,0,3.0,3.0,57.144693742010155,149.8406657661039
401099800071,40,415,251,20033.0,11328.013314476368,2055.255574777256,0.1544312108830492,260.00386287575947,1683.622509912588,False,True,special_use,special_use,0,6.0,3.0,224.8763763535852,294.744904306757
410059800001,41,80,12,80.0,26.210684853100247,12.0,631.1189235536684,3.8221019116834802,0.006056072427938314,False,True,special_use,special_use,0,10.0,10.0,61.26067253028414,112.82155884697278
420039807001,42,166,132,3723.0,2611.851870372151,985.5543254090635,0.23960341655776946,55.062946277913426,229.8086858232988,False,True,special_use,special_use,0,12.0,9.0,112.83810659621658,175.3907560520394
420199801001,42,2883,39,6510.0,911.2554949903962,219.7585572953289,0.5505357319960824,2.1996056825600863,3.995391315628063,False,True,special_use,special_use,0,4.0,4.0,19.33237143450913,43.0816176009117
420459801001,42,3111,172,6718.0,790.6232749269021,649.7594520304189,0.28959360743937934,16.219180863199412,56.00669506005782,False,True,special_use,special_use,0,7.0,6.0,27.789553615676322,64.51379395736527
420459803001,42,69,56,5309.0,1479.6447409067723,765.7954069716,0.7959283643197884,10.276940078452197,12.911890741869735,False,True,special_use,special_use,0,6.0,6.0,4.70124633888422,15.535103120571994
421019801001,42,291,65,603.0,165.13713986005322,87.59481966191612,2.0629928683340557,23.500904592290556,11.391655760433345,False,True,special_use,special_use,0,24.0,24.0,212.94620465928145,522.4548819914497
421019802001,42,68,12,216.0,31.5228566433422,34.59481966191611,1.89832570312456,35.77401225961949,18.845033916327978,False,True,special_use,special_use,0,30.0,30.0,169.96265346961957,431.0633830116046
421099807051,42,2487,14,3747.0,625.934197302301,172.4827402865503,0.31546592698450654,8.689513133182812,27.545013232473693,False,True,special_use,special_use,0,4.0,4.0,33.65659493513115,49.53304744235044
421199808002,42,2125,12,3528.0,1259.664110968044,34.59481966191611,0.10287421744187081,4.730079394783446,45.97925031562143,False,True,special_use,special_use,0,4.0,3.0,23.549652355709,31.74731315951681
450519801001,45,216,102,2388.0,1525.7705799482,970.4442024782544,2.5813925454661644,40.505148009041584,15.691200503458068,False,True,special_use,special_use,0,6.0,6.0,198.07580787780788,493.97729849472364
480299800031,48,908,260,908.0,580.9009641820255,260.0,6.233805837819078,62.70819458296926,10.059375638960866,False,True,special_use,special_use,0,7.0,7.0,194.16300359866585,388.2438634731398
480299800051,48,55,19,55.0,43.0,19.0,15.311268745554203,2.3384077611510024,0.1527246239362094,False,True,special_use,special_use,0,4.0,4.0,76.07004680848802,125.44515052581431
480299801001,48,1179,286,9051.0,7081.819143440057,588.5833013274978,5.669440698706528,148.90765408655295,26.264963688662615,False,True,special_use,special_use,0,13.0,13.0,320.37307733536005,562.8594048737076
481139802001,48,1850,465,2824.0,484.926527287371,581.0345014269153,0.38825853914827435,28.488370209804064,73.37474218158657,False,True,special_use,special_use,0,8.0,8.0,57.68921500247103,122.39645854423247
482019800001,48,36,22,1916.0,1454.4456646180065,751.8280778171764,2.1337159729277677,83.30480155618356,39.042123044088804,False,True,special_use,special_use,0,10.0,10.0,200.43501432925876,403.4436825879866
482019802001,48,9854,145,13933.0,2874.6336702847852,361.81343696598356,0.25580349092799504,118.18045308063904,461.99703003234276,False,True,special_use,special_use,0,6.0,5.0,285.09673577214903,497.6577070669285
482019807001,48,2135,1303,76835.0,61474.27425065912,11658.130438691642,0.4847914147374213,967.1008503394122,1994.8803154099278,False,True,special_use,special_use,0,6.0,5.0,117.92543877320223,375.9965775281645
490059801001,49,108,40,2658.0,2236.373758390218,41.91401591882505,709.7240979225963,1.900609736987515,0.002677955761331354,False,True,special_use,special_use,0,22.0,22.0,11.686181030921308,43.00730372475251
490359800001,49,19,19,28637.0,20641.74913260917,3431.427018410896,15.172114438780184,392.2620745356074,25.854146837502018,False,True,special_use,special_use,0,7.0,7.0,94.87444706126432,296.17403618514834
490499802001,49,2669,805,4161.0,1132.0284638387418,827.992034913859,0.24947875146809073,20.451812160251706,81.97817264957561,False,True,special_use,special_use,0,6.0,5.0,44.5458430049016,61.64413193464735
490499803001,49,2170,632,10161.0,6512.854815769071,2681.470218829659,2.0627195080057725,177.9793277864804,86.28382438606496,False,True,special_use,special_use,0,7.0,5.0,93.32278764057395,135.14984384771628
490499803002,49,1757,716,1757.0,857.2556178629096,716.3190026531375,0.11713644507812046,24.57076286926137,209.7618965034723,False,True,special_use,special_use,0,6.0,5.0,93.32278764057395,120.79588980235191
490499805001,49,2248,683,4989.0,4102.334804227314,904.2875838954644,2.321433437005238,54.84720041646095,23.62643681363378,False,True,special_use,special_use,0,10.0,9.0,79.85234113285694,162.00616603314165
510019801001,51,23,23,62.0,64.29724809187032,23.0,12.157474730646545,0.2674961107132051,0.022002604705309507,False,True,special_use,special_use,0,7.0,4.0,47.81295280688616,57.285349490879504
511359801001,51,56,23,454.0,492.5625859697386,49.42723700337843,34.76668431501024,1.240805788395496,0.035689505998125565,False,True,special_use,special_use,0,6.0,5.0,93.73437679433106,125.1173292938802
516789800001,51,3269,106,6510.0,2341.954777286637,558.2904141279612,0.48361110043860395,10.664664352510954,22.052149636017027,False,True,special_use,special_use,0,6.0,6.0,45.432289389882996,139.9936036795268
530159800001,53,905,418,10321.0,7869.7216305231195,1803.775872730981,9.78298854043774,288.38489071871135,29.47819978799725,False,True,special_use,special_use,0,22.0,21.0,123.69322633435858,302.1266277211268
551019800001,55,1180,11,1442.0,468.53902979044904,11.0,0.9378907920932502,0.6665013106626748,0.7106385053372052,False,True,special_use,special_use,0,5.0,5.0,15.0962274097233,33.66104105196662
