municipality_geoid,county_name,municipality_name,police_service_type,provider_name,provider_ori,service_area_id,admitted_concurrent_oris,adjudicated_alias_oris,target_year_disposition,municipality_population,source_url,source_modified_utc
4200100116,Adams,Abbottstown Borough,Municipal Police Force,Abbottstown Boro,PA0012500,42:police_service:PA0012500,,,2024_provider_identity_reviewed,1022,https://services.arcgis.com/nx9zcV4VjX0IwxpW/arcgis/rest/services/Police_Jurisdictions/FeatureServer/0,2026-07-06T16:43:28.733000+00:00
4200102928,Adams,Arendtsville Borough,State Police coverage only,State Police Coverage Only,PA001SP00,42:police_service:PA001SP00,,,2024_provider_identity_reviewed,867,https://services.arcgis.com/nx9zcV4VjX0IwxpW/arcgis/rest/services/Police_Jurisdictions/FeatureServer/0,2026-07-06T16:43:28.733000+00:00
4200105536,Adams,Bendersville Borough,Municipal Police Force,Bendersville Boro,PA0012100,42:police_service:PA0012100,,,2024_provider_identity_reviewed,736,https://services.arcgis.com/nx9zcV4VjX0IwxpW/arcgis/rest/services/Police_Jurisdictions/FeatureServer/0,2026-07-06T16:43:28.733000+00:00
4200105880,Adams,Berwick Township,State Police coverage only,State Police Coverage Only,PA001SP00,42:police_service:PA001SP00,,,2024_fbi_covered_by,2403,https://services.arcgis.com/nx9zcV4VjX0IwxpW/arcgis/rest/services/Police_Jurisdictions/FeatureServer/0,2026-07-06T16:43:28.733000+00:00
4200106296,Adams,Biglerville Borough,Municipal Police Force,Biglerville Boro,PA0011500,42:police_service:PA0011500,,,2024_provider_identity_reviewed,1225,https://services.arcgis.com/nx9zcV4VjX0IwxpW/arcgis/rest/services/Police_Jurisdictions/FeatureServer/0,2026-07-06T16:43:28.733000+00:00
4200107560,Adams,Bonneauville Borough,Municipal Police Force,Bonneauville Boro,PA0011600,42:police_service:PA0011600,,,2024_provider_identity_reviewed,1758,https://services.arcgis.com/nx9zcV4VjX0IwxpW/arcgis/rest/services/Police_Jurisdictions/FeatureServer/0,2026-07-06T16:43:28.733000+00:00
4200110456,Adams,Butler Township,State Police coverage only,State Police Coverage Only,PA001SP00,42:police_service:PA001SP00,,,2024_provider_identity_reviewed,2550,https://services.arcgis.com/nx9zcV4VjX0IwxpW/arcgis/rest/services/Police_Jurisdictions/FeatureServer/0,2026-07-06T16:43:28.733000+00:00
4200111472,Adams,Carroll Valley Borough,Municipal Police Force,Carroll Valley Boro,PA0012300,42:police_service:PA0012300,,,2024_fbi_covered_by,3940,https://services.arcgis.com/nx9zcV4VjX0IwxpW/arcgis/rest/services/Police_Jurisdictions/FeatureServer/0,2026-07-06T16:43:28.733000+00:00
4200115632,Adams,Conewago Township,Municipal Police Force,Conewago Twp,PA0010300,42:police_service:PA0010300,,,2024_active_official_provider,7875,https://services.arcgis.com/nx9zcV4VjX0IwxpW/arcgis/rest/services/Police_Jurisdictions/FeatureServer/0,2026-07-06T16:43:28.733000+00:00
4200117640,Adams,Cumberland Township,Municipal Police Force,Cumberland Twp,PA0010500,42:police_service:PA0010500,,,2024_active_official_provider,7033,https://services.arcgis.com/nx9zcV4VjX0IwxpW/arcgis/rest/services/Police_Jurisdictions/FeatureServer/0,2026-07-06T16:43:28.733000+00:00
4200120792,Adams,East Berlin Borough,Municipal Police Force,East Berlin Boro,PA0010800,42:police_service:PA0010800,,,2024_provider_identity_reviewed,1542,https://services.arcgis.com/nx9zcV4VjX0IwxpW/arcgis/rest/services/Police_Jurisdictions/FeatureServer/0,2026-07-06T16:43:28.733000+00:00
4200124560,Adams,Fairfield Borough,Police Service contracted from another municipality,Carroll Valley Boro,PA0012300,42:police_service:PA0012300,,,2024_fbi_covered_by,526,https://services.arcgis.com/nx9zcV4VjX0IwxpW/arcgis/rest/services/Police_Jurisdictions/FeatureServer/0,2026-07-06T16:43:28.733000+00:00
4200127320,Adams,Franklin Township,State Police coverage only,State Police Coverage Only,PA001SP00,42:police_service:PA001SP00,,,2024_provider_identity_reviewed,4676,https://services.arcgis.com/nx9zcV4VjX0IwxpW/arcgis/rest/services/Police_Jurisdictions/FeatureServer/0,2026-07-06T16:43:28.733000+00:00
4200127704,Adams,Freedom Township,Police Service contracted from another municipality,Liberty Twp,PA0011200,42:police_service:PA0011200,,,2024_provider_identity_reviewed,825,https://services.arcgis.com/nx9zcV4VjX0IwxpW/arcgis/rest/services/Police_Jurisdictions/FeatureServer/0,2026-07-06T16:43:28.733000+00:00
4200128936,Adams,Germany Township,State Police coverage only,State Police Coverage Only,PA001SP00,42:police_service:PA001SP00,,,2024_provider_identity_reviewed,2844,https://services.arcgis.com/nx9zcV4VjX0IwxpW/arcgis/rest/services/Police_Jurisdictions/FeatureServer/0,2026-07-06T16:43:28.733000+00:00
4200128960,Adams,Gettysburg Borough,Municipal Police Force,Gettysburg Boro,PA0010100,42:police_service:PA0010100,,,2024_provider_identity_reviewed,7106,https://services.arcgis.com/nx9zcV4VjX0IwxpW/arcgis/rest/services/Police_Jurisdictions/FeatureServer/0,2026-07-06T16:43:28.733000+00:00
4200132144,Adams,Hamilton Township,State Police coverage only,State Police Coverage Only,PA001SP00,42:police_service:PA001SP00,,,2024_provider_identity_reviewed,2714,https://services.arcgis.com/nx9zcV4VjX0IwxpW/arcgis/rest/services/Police_Jurisdictions/FeatureServer/0,2026-07-06T16:43:28.733000+00:00
4200132200,Adams,Hamiltonban Township,State Police coverage only,State Police Coverage Only,PA001SP00,42:police_service:PA001SP00,,,2024_fbi_covered_by,2300,https://services.arcgis.com/nx9zcV4VjX0IwxpW/arcgis/rest/services/Police_Jurisdictions/FeatureServer/0,2026-07-06T16:43:28.733000+00:00
4200134424,Adams,Highland Township,Police Service contracted from another municipality,Liberty Twp,PA0011200,42:police_service:PA0011200,,,2024_provider_identity_reviewed,997,https://services.arcgis.com/nx9zcV4VjX0IwxpW/arcgis/rest/services/Police_Jurisdictions/FeatureServer/0,2026-07-06T16:43:28.733000+00:00
4200136424,Adams,Huntington Township,State Police coverage only,State Police Coverage Only,PA001SP00,42:police_service:PA001SP00,,,2024_provider_identity_reviewed,2395,https://services.arcgis.com/nx9zcV4VjX0IwxpW/arcgis/rest/services/Police_Jurisdictions/FeatureServer/0,2026-07-06T16:43:28.733000+00:00
4200141672,Adams,Latimore Township,Municipal Police Force,Latimore Twp,PA0012400,42:police_service:PA0012400,,,2024_active_official_provider,2646,https://services.arcgis.com/nx9zcV4VjX0IwxpW/arcgis/rest/services/Police_Jurisdictions/FeatureServer/0,2026-07-06T16:43:28.733000+00:00
4200143056,Adams,Liberty Township,Municipal Police Force,Liberty Twp,PA0011200,42:police_service:PA0011200,,,2024_provider_identity_reviewed,1376,https://services.arcgis.com/nx9zcV4VjX0IwxpW/arcgis/rest/services/Police_Jurisdictions/FeatureServer/0,2026-07-06T16:43:28.733000+00:00
4200143944,Adams,Littlestown Borough,Municipal Police Force,Littlestown Boro,PA0010200,42:police_service:PA0010200,,,2024_provider_identity_reviewed,4782,https://services.arcgis.com/nx9zcV4VjX0IwxpW/arcgis/rest/services/Police_Jurisdictions/FeatureServer/0,2026-07-06T16:43:28.733000+00:00
4200146376,Adams,McSherrystown Borough,Municipal Police Force,Mcsherrystown Boro,PA0010400,42:police_service:PA0010400,,,2024_provider_identity_reviewed,3077,https://services.arcgis.com/nx9zcV4VjX0IwxpW/arcgis/rest/services/Police_Jurisdictions/FeatureServer/0,2026-07-06T16:43:28.733000+00:00
4200148608,Adams,Menallen Township,State Police coverage only,State Police Coverage Only,PA001SP00,42:police_service:PA001SP00,,,2024_provider_identity_reviewed,3701,https://services.arcgis.com/nx9zcV4VjX0IwxpW/arcgis/rest/services/Police_Jurisdictions/FeatureServer/0,2026-07-06T16:43:28.733000+00:00
4200151640,Adams,Mount Joy Township,State Police coverage only,State Police Coverage Only,PA001SP00,42:police_service:PA001SP00,,,2024_provider_identity_reviewed,3789,https://services.arcgis.com/nx9zcV4VjX0IwxpW/arcgis/rest/services/Police_Jurisdictions/FeatureServer/0,2026-07-06T16:43:28.733000+00:00
4200151776,Adams,Mount Pleasant Township,State Police coverage only,State Police Coverage Only,PA001SP00,42:police_service:PA001SP00,,,2024_provider_identity_reviewed,4666,https://services.arcgis.com/nx9zcV4VjX0IwxpW/arcgis/rest/services/Police_Jurisdictions/FeatureServer/0,2026-07-06T16:43:28.733000+00:00
4200153920,Adams,New Oxford Borough,Regional Police Service,Eastern Adams,PA0011800,42:police_service:PA0011800,,,2024_fbi_covered_by,1868,https://services.arcgis.com/nx9zcV4VjX0IwxpW/arcgis/rest/services/Police_Jurisdictions/FeatureServer/0,2026-07-06T16:43:28.733000+00:00
4200157472,Adams,Oxford Township,Regional Police Service,Eastern Adams Regional Police,PA0011800,42:police_service:PA0011800,,,2024_provider_identity_reviewed,5936,https://services.arcgis.com/nx9zcV4VjX0IwxpW/arcgis/rest/services/Police_Jurisdictions/FeatureServer/0,2026-07-06T16:43:28.733000+00:00
4200163616,Adams,Reading Township,Municipal Police Force,Reading Twp,PA0011300,42:police_service:PA0011300,,,2024_provider_identity_reviewed,5799,https://services.arcgis.com/nx9zcV4VjX0IwxpW/arcgis/rest/services/Police_Jurisdictions/FeatureServer/0,2026-07-06T16:43:28.733000+00:00
4200174680,Adams,Straban Township,State Police coverage only,State Police Coverage Only,PA001SP00,42:police_service:PA001SP00,,,2024_provider_identity_reviewed,4851,https://services.arcgis.com/nx9zcV4VjX0IwxpW/arcgis/rest/services/Police_Jurisdictions/FeatureServer/0,2026-07-06T16:43:28.733000+00:00
4200178160,Adams,Tyrone Township,State Police coverage only,State Police Coverage Only,PA001SP00,42:police_service:PA001SP00,,,2024_provider_identity_reviewed,2268,https://services.arcgis.com/nx9zcV4VjX0IwxpW/arcgis/rest/services/Police_Jurisdictions/FeatureServer/0,2026-07-06T16:43:28.733000+00:00
4200178264,Adams,Union Township,State Police coverage only,State Police Coverage Only,PA001SP00,42:police_service:PA001SP00,,,2024_provider_identity_reviewed,3076,https://services.arcgis.com/nx9zcV4VjX0IwxpW/arcgis/rest/services/Police_Jurisdictions/FeatureServer/0,2026-07-06T16:43:28.733000+00:00
4200187136,Adams,York Springs Borough,State Police coverage only,State Police Coverage Only,PA001SP00,42:police_service:PA001SP00,,,2024_provider_identity_reviewed,683,https://services.arcgis.com/nx9zcV4VjX0IwxpW/arcgis/rest/services/Police_Jurisdictions/FeatureServer/0,2026-07-06T16:43:28.733000+00:00
4200300724,Allegheny,Aleppo Township,Police Service contracted from another municipality,Ohio Twp,PA0021A00,42:police_service:PA0021A00,,,2024_provider_identity_reviewed,1825,https://services.arcgis.com/nx9zcV4VjX0IwxpW/arcgis/rest/services/Police_Jurisdictions/FeatureServer/0,2026-07-06T16:43:28.733000+00:00
4200303320,Allegheny,Aspinwall Borough,Municipal Police Force,Aspinwall Boro,PA0024800,42:police_service:PA0024800,,,2024_provider_identity_reviewed,2916,https://services.arcgis.com/nx9zcV4VjX0IwxpW/arcgis/rest/services/Police_Jurisdictions/FeatureServer/0,2026-07-06T16:43:28.733000+00:00
4200303608,Allegheny,Avalon Borough,Municipal Police Force,Avalon Boro,PA0022900,42:police_service:PA0022900,,,2024_provider_identity_reviewed,4762,https://services.arcgis.com/nx9zcV4VjX0IwxpW/arcgis/rest/services/Police_Jurisdictions/FeatureServer/0,2026-07-06T16:43:28.733000+00:00
4200303928,Allegheny,Baldwin Borough,Municipal Police Force,Baldwin Boro,PA0020100,42:police_service:PA0020100,,,2024_provider_identity_reviewed,21510,https://services.arcgis.com/nx9zcV4VjX0IwxpW/arcgis/rest/services/Police_Jurisdictions/FeatureServer/0,2026-07-06T16:43:28.733000+00:00
4200303932,Allegheny,Baldwin Township,Municipal Police Force,Baldwin Twp,PA0020A00,42:police_service:PA0020A00,,,2024_active_official_provider,1985,https://services.arcgis.com/nx9zcV4VjX0IwxpW/arcgis/rest/services/Police_Jurisdictions/FeatureServer/0,2026-07-06T16:43:28.733000+00:00
4200305216,Allegheny,Bell Acres Borough,Municipal Police Force,Bell Acres Boro,PA0024900,42:police_service:PA0024900,,,2024_provider_identity_reviewed,1505,https://services.arcgis.com/nx9zcV4VjX0IwxpW/arcgis/rest/services/Police_Jurisdictions/FeatureServer/0,2026-07-06T16:43:28.733000+00:00
4200305312,Allegheny,Bellevue Borough,Municipal Police Force,Bellevue Boro,PA0020200,42:police_service:PA0020200,,,2024_provider_identity_reviewed,8311,https://services.arcgis.com/nx9zcV4VjX0IwxpW/arcgis/rest/services/Police_Jurisdictions/FeatureServer/0,2026-07-06T16:43:28.733000+00:00
4200305504,Allegheny,Ben Avon Borough,Police Service contracted from another municipality,Ohio Twp,PA0021A00,42:police_service:PA0021A00,,,2024_provider_identity_reviewed,1918,https://services.arcgis.com/nx9zcV4VjX0IwxpW/arcgis/rest/services/Police_Jurisdictions/FeatureServer/0,2026-07-06T16:43:28.733000+00:00
4200305520,Allegheny,Ben Avon Heights Borough,Police Service contracted from another municipality,Ohio Twp,PA0021A00,42:police_service:PA0021A00,,,2024_provider_identity_reviewed,400,https://services.arcgis.com/nx9zcV4VjX0IwxpW/arcgis/rest/services/Police_Jurisdictions/FeatureServer/0,2026-07-06T16:43:28.733000+00:00
4200306064,Allegheny,Bethel Park Borough,Municipal Police Force,Bethel Park Boro,PA0020300,42:police_service:PA0020300,,,2024_provider_identity_reviewed,33577,https://services.arcgis.com/nx9zcV4VjX0IwxpW/arcgis/rest/services/Police_Jurisdictions/FeatureServer/0,2026-07-06T16:43:28.733000+00:00
4200307000,Allegheny,Blawnox Borough,Police Service contracted from another municipality,Ohara Twp,PA0020Z00,42:police_service:PA0020Z00,,,2024_provider_identity_reviewed,1454,https://services.arcgis.com/nx9zcV4VjX0IwxpW/arcgis/rest/services/Police_Jurisdictions/FeatureServer/0,2026-07-06T16:43:28.733000+00:00
4200307976,Allegheny,Brackenridge Borough,Police Service contracted from another municipality,Tarentum Boro,PA0029200,42:police_service:PA0029200,,,2024_fbi_covered_by,3240,https://services.arcgis.com/nx9zcV4VjX0IwxpW/arcgis/rest/services/Police_Jurisdictions/FeatureServer/0,2026-07-06T16:43:28.733000+00:00
4200307992,Allegheny,Braddock Borough,Regional Police Service,Eastern Regional Mon Valley Police Department,PA002B800,42:police_service:PA002B800,PA0023000,,2024_transition_concurrent_reporters,1721,https://services.arcgis.com/nx9zcV4VjX0IwxpW/arcgis/rest/services/Police_Jurisdictions/FeatureServer/0,2026-07-06T16:43:28.733000+00:00
4200308008,Allegheny,Braddock Hills Borough,Police Service contracted from another municipality,Swissvale Boro,PA0025400,42:police_service:PA0025400,,,2024_pre_2026_regionalization,1730,https://services.arcgis.com/nx9zcV4VjX0IwxpW/arcgis/rest/services/Police_Jurisdictions/FeatureServer/0,2026-07-06T16:43:28.733000+00:00
4200308064,Allegheny,Bradfordwoods Borough,Regional Police Service,Northern Regional Police Department,PA0021B00,42:police_service:PA0021B00,,,2024_fbi_covered_by,1183,https://services.arcgis.com/nx9zcV4VjX0IwxpW/arcgis/rest/services/Police_Jurisdictions/FeatureServer/0,2026-07-06T16:43:28.733000+00:00
4200308416,Allegheny,Brentwood Borough,Municipal Police Force,Brentwood Boro,PA0020400,42:police_service:PA0020400,,,2024_provider_identity_reviewed,10082,https://services.arcgis.com/nx9zcV4VjX0IwxpW/arcgis/rest/services/Police_Jurisdictions/FeatureServer/0,2026-07-06T16:43:28.733000+00:00
4200308624,Allegheny,Bridgeville Borough,Municipal Police Force,Bridgeville Boro,PA0025600,42:police_service:PA0025600,,,2024_provider_identity_reviewed,4804,https://services.arcgis.com/nx9zcV4VjX0IwxpW/arcgis/rest/services/Police_Jurisdictions/FeatureServer/0,2026-07-06T16:43:28.733000+00:00
4200311336,Allegheny,Carnegie Borough,Municipal Police Force,Carnegie Boro,PA0020500,42:police_service:PA0020500,,,2024_provider_identity_reviewed,8134,https://services.arcgis.com/nx9zcV4VjX0IwxpW/arcgis/rest/services/Police_Jurisdictions/FeatureServer/0,2026-07-06T16:43:28.733000+00:00
4200311680,Allegheny,Castle Shannon Borough,Municipal Police Force,Castle Shannon Boro,PA0025700,42:police_service:PA0025700,,,2024_provider_identity_reviewed,8249,https://services.arcgis.com/nx9zcV4VjX0IwxpW/arcgis/rest/services/Police_Jurisdictions/FeatureServer/0,2026-07-06T16:43:28.733000+00:00
4200312496,Allegheny,Chalfant Borough,Police Service contracted from another municipality,Forest Hills Boro,PA0021000,42:police_service:PA0021000,,,2024_fbi_covered_by,748,https://services.arcgis.com/nx9zcV4VjX0IwxpW/arcgis/rest/services/Police_Jurisdictions/FeatureServer/0,2026-07-06T16:43:28.733000+00:00
4200313392,Allegheny,Cheswick Borough,Regional Police Service,Allegheny Valley Regional Police Department,PA0021U00,42:police_service:PA0021U00,,,2024_fbi_covered_by,1672,https://services.arcgis.com/nx9zcV4VjX0IwxpW/arcgis/rest/services/Police_Jurisdictions/FeatureServer/0,2026-07-06T16:43:28.733000+00:00
4200313608,Allegheny,Churchill Borough,Municipal Police Force,Churchill Boro,PA0026000,42:police_service:PA0026000,,,2024_provider_identity_reviewed,3157,https://services.arcgis.com/nx9zcV4VjX0IwxpW/arcgis/rest/services/Police_Jurisdictions/FeatureServer/0,2026-07-06T16:43:28.733000+00:00
4200313704,Allegheny,Clairton City,Municipal Police Force,Clairton City,PA0020600,42:police_service:PA0020600,,,2024_provider_identity_reviewed,6181,https://services.arcgis.com/nx9zcV4VjX0IwxpW/arcgis/rest/services/Police_Jurisdictions/FeatureServer/0,2026-07-06T16:43:28.733000+00:00
4200315216,Allegheny,Collier Township,Municipal Police Force,Collier Twp,PA0020B00,42:police_service:PA0020B00,,,2024_active_official_provider,8935,https://services.arcgis.com/nx9zcV4VjX0IwxpW/arcgis/rest/services/Police_Jurisdictions/FeatureServer/0,2026-07-06T16:43:28.733000+00:00
4200316144,Allegheny,Coraopolis Borough,Municipal Police Force,Coraopolis Boro,PA0020700,42:police_service:PA0020700,,,2024_provider_identity_reviewed,5559,https://services.arcgis.com/nx9zcV4VjX0IwxpW/arcgis/rest/services/Police_Jurisdictions/FeatureServer/0,2026-07-06T16:43:28.733000+00:00
4200316848,Allegheny,Crafton Borough,Municipal Police Force,Crafton Boro,PA0026100,42:police_service:PA0026100,,,2024_fbi_covered_by,6099,https://services.arcgis.com/nx9zcV4VjX0IwxpW/arcgis/rest/services/Police_Jurisdictions/FeatureServer/0,2026-07-06T16:43:28.733000+00:00
4200317048,Allegheny,Crescent Township,Municipal Police Force,Crescent Twp,PA0021H00,42:police_service:PA0021H00,,,2024_provider_identity_reviewed,2488,https://services.arcgis.com/nx9zcV4VjX0IwxpW/arcgis/rest/services/Police_Jurisdictions/FeatureServer/0,2026-07-06T16:43:28.733000+00:00
4200319576,Allegheny,Dormont Borough,Municipal Police Force,Dormont Boro,PA0020800,42:police_service:PA0020800,,,2024_provider_identity_reviewed,8244,https://services.arcgis.com/nx9zcV4VjX0IwxpW/arcgis/rest/services/Police_Jurisdictions/FeatureServer/0,2026-07-06T16:43:28.733000+00:00
4200319856,Allegheny,Dravosburg Borough,Police Service contracted from another municipality,Mckeesport City,PA0021300,42:police_service:PA0021300,,,2024_fbi_covered_by,1612,https://services.arcgis.com/nx9zcV4VjX0IwxpW/arcgis/rest/services/Police_Jurisdictions/FeatureServer/0,2026-07-06T16:43:28.733000+00:00
4200320432,Allegheny,Duquesne City,Municipal Police Force,Duquesne City,PA0020900,42:police_service:PA0020900,,,2024_provider_identity_reviewed,5254,https://services.arcgis.com/nx9zcV4VjX0IwxpW/arcgis/rest/services/Police_Jurisdictions/FeatureServer/0,2026-07-06T16:43:28.733000+00:00
4200321024,Allegheny,East Deer Township,Regional Police Service,Allegheny Valley Reg,PA0021U00,42:police_service:PA0021U00,,,2024_fbi_covered_by,1490,https://services.arcgis.com/nx9zcV4VjX0IwxpW/arcgis/rest/services/Police_Jurisdictions/FeatureServer/0,2026-07-06T16:43:28.733000+00:00
4200321444,Allegheny,East McKeesport Borough,Municipal Police Force,East Mckeesport Boro,PA0026300,42:police_service:PA0026300,,,2024_fbi_covered_by,2076,https://services.arcgis.com/nx9zcV4VjX0IwxpW/arcgis/rest/services/Police_Jurisdictions/FeatureServer/0,2026-07-06T16:43:28.733000+00:00
4200321712,Allegheny,East Pittsburgh Borough,Regional Police Service,Eastern Regional Mon Valley Police Department,PA002B800,42:police_service:PA002B800,PA0023000,,2024_transition_concurrent_reporters,1927,https://services.arcgis.com/nx9zcV4VjX0IwxpW/arcgis/rest/services/Police_Jurisdictions/FeatureServer/0,2026-07-06T16:43:28.733000+00:00
4200322520,Allegheny,Edgewood Borough,Municipal Police Force,Edgewood Boro,PA0023100,42:police_service:PA0023100,,,2024_provider_identity_reviewed,3145,https://services.arcgis.com/nx9zcV4VjX0IwxpW/arcgis/rest/services/Police_Jurisdictions/FeatureServer/0,2026-07-06T16:43:28.733000+00:00
4200322576,Allegheny,Edgeworth Borough,Municipal Police Force,Edgeworth Boro,PA0026500,42:police_service:PA0026500,,,2024_provider_identity_reviewed,1669,https://services.arcgis.com/nx9zcV4VjX0IwxpW/arcgis/rest/services/Police_Jurisdictions/FeatureServer/0,2026-07-06T16:43:28.733000+00:00
4200322992,Allegheny,Elizabeth Borough,Police Service contracted from another municipality,Elizabeth Twp,PA0020D00,42:police_service:PA0020D00,,,2024_fbi_covered_by,1398,https://services.arcgis.com/nx9zcV4VjX0IwxpW/arcgis/rest/services/Police_Jurisdictions/FeatureServer/0,2026-07-06T16:43:28.733000+00:00
4200323000,Allegheny,Elizabeth Township,Municipal Police Force,Elizabeth Twp,PA0020D00,42:police_service:PA0020D00,,,2024_active_official_provider,12982,https://services.arcgis.com/nx9zcV4VjX0IwxpW/arcgis/rest/services/Police_Jurisdictions/FeatureServer/0,2026-07-06T16:43:28.733000+00:00
4200323616,Allegheny,Emsworth Borough,Police Service contracted from another municipality,Ohio Twp,PA0021A00,42:police_service:PA0021A00,,,2024_provider_identity_reviewed,2525,https://services.arcgis.com/nx9zcV4VjX0IwxpW/arcgis/rest/services/Police_Jurisdictions/FeatureServer/0,2026-07-06T16:43:28.733000+00:00
4200324160,Allegheny,Etna Borough,Municipal Police Force,Etna Boro,PA0026800,42:police_service:PA0026800,,,2024_provider_identity_reviewed,3437,https://services.arcgis.com/nx9zcV4VjX0IwxpW/arcgis/rest/services/Police_Jurisdictions/FeatureServer/0,2026-07-06T16:43:28.733000+00:00
4200325400,Allegheny,Fawn Township,Municipal Police Force,Fawn Twp,PA0020P00,42:police_service:PA0020P00,,,2024_active_official_provider,2210,https://services.arcgis.com/nx9zcV4VjX0IwxpW/arcgis/rest/services/Police_Jurisdictions/FeatureServer/0,2026-07-06T16:43:28.733000+00:00
4200325904,Allegheny,Findlay Township,Municipal Police Force,Findlay Twp,PA0020R00,42:police_service:PA0020R00,,,2024_active_official_provider,6372,https://services.arcgis.com/nx9zcV4VjX0IwxpW/arcgis/rest/services/Police_Jurisdictions/FeatureServer/0,2026-07-06T16:43:28.733000+00:00
4200326592,Allegheny,Forest Hills Borough,Municipal Police Force,Forest Hills Boro,PA0021000,42:police_service:PA0021000,,,2024_fbi_covered_by,6429,https://services.arcgis.com/nx9zcV4VjX0IwxpW/arcgis/rest/services/Police_Jurisdictions/FeatureServer/0,2026-07-06T16:43:28.733000+00:00
4200326896,Allegheny,Forward Township,Police Service contracted from another municipality,Elizabeth Twp,PA0020D00,42:police_service:PA0020D00,,,2024_fbi_covered_by,3070,https://services.arcgis.com/nx9zcV4VjX0IwxpW/arcgis/rest/services/Police_Jurisdictions/FeatureServer/0,2026-07-06T16:43:28.733000+00:00
4200327120,Allegheny,Fox Chapel Borough,Municipal Police Force,Fox Chapel Boro,PA0026900,42:police_service:PA0026900,,,2024_provider_identity_reviewed,5343,https://services.arcgis.com/nx9zcV4VjX0IwxpW/arcgis/rest/services/Police_Jurisdictions/FeatureServer/0,2026-07-06T16:43:28.733000+00:00
4200327552,Allegheny,Franklin Park Borough,Municipal Police Force,Franklin Park Boro,PA0027000,42:police_service:PA0027000,,,2024_provider_identity_reviewed,15479,https://services.arcgis.com/nx9zcV4VjX0IwxpW/arcgis/rest/services/Police_Jurisdictions/FeatureServer/0,2026-07-06T16:43:28.733000+00:00
4200327608,Allegheny,Frazer Township,Municipal Police Force,Frazer Twp,PA0022A00,42:police_service:PA0022A00,,,2024_active_official_provider,1161,https://services.arcgis.com/nx9zcV4VjX0IwxpW/arcgis/rest/services/Police_Jurisdictions/FeatureServer/0,2026-07-06T16:43:28.733000+00:00
4200329432,Allegheny,Glassport Borough,Municipal Police Force,Glassport Boro,PA0023200,42:police_service:PA0023200,,,2024_provider_identity_reviewed,4475,https://services.arcgis.com/nx9zcV4VjX0IwxpW/arcgis/rest/services/Police_Jurisdictions/FeatureServer/0,2026-07-06T16:43:28.733000+00:00
4200329592,Allegheny,Glenfield Borough,State Police coverage only,State Police Coverage Only,PA002SP00,42:police_service:PA002SP00,,PAPSP1100,2024_provider_identity_reviewed,212,https://services.arcgis.com/nx9zcV4VjX0IwxpW/arcgis/rest/services/Police_Jurisdictions/FeatureServer/0,2026-07-06T16:43:28.733000+00:00
4200329732,Allegheny,Glen Osborne Borough,Police Service contracted from another municipality,Sewickley Boro,PA0022300,42:police_service:PA0022300,,,2024_fbi_covered_by,590,https://services.arcgis.com/nx9zcV4VjX0IwxpW/arcgis/rest/services/Police_Jurisdictions/FeatureServer/0,2026-07-06T16:43:28.733000+00:00
4200331256,Allegheny,Green Tree Borough,Municipal Police Force,Green Tree Boro,PA0021100,42:police_service:PA0021100,,,2024_provider_identity_reviewed,4941,https://services.arcgis.com/nx9zcV4VjX0IwxpW/arcgis/rest/services/Police_Jurisdictions/FeatureServer/0,2026-07-06T16:43:28.733000+00:00
4200332328,Allegheny,Hampton Township,Municipal Police Force,Hampton Twp,PA0023300,42:police_service:PA0023300,,,2024_active_official_provider,18479,https://services.arcgis.com/nx9zcV4VjX0IwxpW/arcgis/rest/services/Police_Jurisdictions/FeatureServer/0,2026-07-06T16:43:28.733000+00:00
4200332624,Allegheny,Harmar Township,Municipal Police Force,Harmar Twp,PA0020T00,42:police_service:PA0020T00,,,2024_active_official_provider,3133,https://services.arcgis.com/nx9zcV4VjX0IwxpW/arcgis/rest/services/Police_Jurisdictions/FeatureServer/0,2026-07-06T16:43:28.733000+00:00
4200332832,Allegheny,Harrison Township,Municipal Police Force,Harrison Twp,PA0020E00,42:police_service:PA0020E00,,,2024_active_official_provider,10157,https://services.arcgis.com/nx9zcV4VjX0IwxpW/arcgis/rest/services/Police_Jurisdictions/FeatureServer/0,2026-07-06T16:43:28.733000+00:00
4200333312,Allegheny,Haysville Borough,State Police coverage only,State Police Coverage Only,PA002SP00,42:police_service:PA002SP00,,PAPSP1100,2024_provider_identity_reviewed,81,https://services.arcgis.com/nx9zcV4VjX0IwxpW/arcgis/rest/services/Police_Jurisdictions/FeatureServer/0,2026-07-06T16:43:28.733000+00:00
4200333592,Allegheny,Heidelberg Borough,Municipal Police Force,Heidelberg Boro,PA0027300,42:police_service:PA0027300,,,2024_provider_identity_reviewed,1288,https://services.arcgis.com/nx9zcV4VjX0IwxpW/arcgis/rest/services/Police_Jurisdictions/FeatureServer/0,2026-07-06T16:43:28.733000+00:00
4200335424,Allegheny,Homestead Borough,Municipal Police Force,Homestead Boro,PA0021200,42:police_service:PA0021200,,,2024_provider_identity_reviewed,2884,https://services.arcgis.com/nx9zcV4VjX0IwxpW/arcgis/rest/services/Police_Jurisdictions/FeatureServer/0,2026-07-06T16:43:28.733000+00:00
4200336808,Allegheny,Indiana Township,Municipal Police Force,Indiana Twp,PA0020V00,42:police_service:PA0020V00,,,2024_provider_identity_reviewed,7254,https://services.arcgis.com/nx9zcV4VjX0IwxpW/arcgis/rest/services/Police_Jurisdictions/FeatureServer/0,2026-07-06T16:43:28.733000+00:00
4200337000,Allegheny,Ingram Borough,Municipal Police Force,Ingram Boro,PA0027400,42:police_service:PA0027400,,,2024_provider_identity_reviewed,3391,https://services.arcgis.com/nx9zcV4VjX0IwxpW/arcgis/rest/services/Police_Jurisdictions/FeatureServer/0,2026-07-06T16:43:28.733000+00:00
4200337955,Allegheny,Jefferson Hills Borough,Municipal Police Force,Jefferson Hills Boro,PA0027500,42:police_service:PA0027500,,,2024_provider_identity_reviewed,12424,https://services.arcgis.com/nx9zcV4VjX0IwxpW/arcgis/rest/services/Police_Jurisdictions/FeatureServer/0,2026-07-06T16:43:28.733000+00:00
4200339312,Allegheny,Kennedy Township,Municipal Police Force,Kennedy Twp,PA0020F00,42:police_service:PA0020F00,,,2024_active_official_provider,8701,https://services.arcgis.com/nx9zcV4VjX0IwxpW/arcgis/rest/services/Police_Jurisdictions/FeatureServer/0,2026-07-06T16:43:28.733000+00:00
4200339624,Allegheny,Kilbuck Township,Police Service contracted from another municipality,Ohio Twp,PA0021A00,42:police_service:PA0021A00,,,2024_provider_identity_reviewed,773,https://services.arcgis.com/nx9zcV4VjX0IwxpW/arcgis/rest/services/Police_Jurisdictions/FeatureServer/0,2026-07-06T16:43:28.733000+00:00
4200342368,Allegheny,Leet Township,Municipal Police Force,Leet Twp,PA0021I00,42:police_service:PA0021I00,,,2024_active_official_provider,1624,https://services.arcgis.com/nx9zcV4VjX0IwxpW/arcgis/rest/services/Police_Jurisdictions/FeatureServer/0,2026-07-06T16:43:28.733000+00:00
4200342392,Allegheny,Leetsdale Borough,Municipal Police Force,Leetsdale Boro,PA0027600,42:police_service:PA0027600,,,2024_provider_identity_reviewed,1162,https://services.arcgis.com/nx9zcV4VjX0IwxpW/arcgis/rest/services/Police_Jurisdictions/FeatureServer/0,2026-07-06T16:43:28.733000+00:00
4200343064,Allegheny,Liberty Borough,Municipal Police Force,Liberty Boro,PA0027700,42:police_service:PA0027700,,,2024_provider_identity_reviewed,2355,https://services.arcgis.com/nx9zcV4VjX0IwxpW/arcgis/rest/services/Police_Jurisdictions/FeatureServer/0,2026-07-06T16:43:28.733000+00:00
4200343408,Allegheny,Lincoln Borough,Municipal Police Force,Lincoln Boro,PA0027800,42:police_service:PA0027800,,,2024_provider_identity_reviewed,932,https://services.arcgis.com/nx9zcV4VjX0IwxpW/arcgis/rest/services/Police_Jurisdictions/FeatureServer/0,2026-07-06T16:43:28.733000+00:00
4200345900,Allegheny,McCandless Township,Municipal Police Force,Mccandless Twp,PA0023400,42:police_service:PA0023400,,,2024_provider_identity_reviewed,29698,https://services.arcgis.com/nx9zcV4VjX0IwxpW/arcgis/rest/services/Police_Jurisdictions/FeatureServer/0,2026-07-06T16:43:28.733000+00:00
4200346256,Allegheny,McKeesport City,Municipal Police Force,Mckeesport City,PA0021300,42:police_service:PA0021300,,,2024_fbi_covered_by,17727,https://services.arcgis.com/nx9zcV4VjX0IwxpW/arcgis/rest/services/Police_Jurisdictions/FeatureServer/0,2026-07-06T16:43:28.733000+00:00
4200346264,Allegheny,McKees Rocks Borough,Municipal Police Force,Mckees Rocks Boro,PA0021400,42:police_service:PA0021400,,,2024_provider_identity_reviewed,5920,https://services.arcgis.com/nx9zcV4VjX0IwxpW/arcgis/rest/services/Police_Jurisdictions/FeatureServer/0,2026-07-06T16:43:28.733000+00:00
4200347696,Allegheny,Marshall Township,Regional Police Service,Northern Regional Police Department,PA0021B00,42:police_service:PA0021B00,,,2024_fbi_covered_by,10080,https://services.arcgis.com/nx9zcV4VjX0IwxpW/arcgis/rest/services/Police_Jurisdictions/FeatureServer/0,2026-07-06T16:43:28.733000+00:00
4200349920,Allegheny,Millvale Borough,Municipal Police Force,Millvale Boro,PA0021500,42:police_service:PA0021500,,,2024_provider_identity_reviewed,3376,https://services.arcgis.com/nx9zcV4VjX0IwxpW/arcgis/rest/services/Police_Jurisdictions/FeatureServer/0,2026-07-06T16:43:28.733000+00:00
4200350528,Allegheny,Monroeville Borough,Municipal Police Force,Monroeville Boro,PA0021600,42:police_service:PA0021600,,,2024_provider_identity_reviewed,28640,https://services.arcgis.com/nx9zcV4VjX0IwxpW/arcgis/rest/services/Police_Jurisdictions/FeatureServer/0,2026-07-06T16:43:28.733000+00:00
4200350784,Allegheny,Moon Township,Municipal Police Force,Moon Twp,PA0023500,42:police_service:PA0023500,,,2024_active_official_provider,27240,https://services.arcgis.com/nx9zcV4VjX0IwxpW/arcgis/rest/services/Police_Jurisdictions/FeatureServer/0,2026-07-06T16:43:28.733000+00:00
4200351696,Allegheny,Mount Lebanon Township,Municipal Police Force,Mt Lebanon Twp,PA0021700,42:police_service:PA0021700,,,2024_provider_identity_reviewed,34075,https://services.arcgis.com/nx9zcV4VjX0IwxpW/arcgis/rest/services/Police_Jurisdictions/FeatureServer/0,2026-07-06T16:43:28.733000+00:00
4200351744,Allegheny,Mount Oliver Borough,Municipal Police Force,Mount Oliver Boro,PA0027900,42:police_service:PA0027900,,,2024_provider_identity_reviewed,3394,https://services.arcgis.com/nx9zcV4VjX0IwxpW/arcgis/rest/services/Police_Jurisdictions/FeatureServer/0,2026-07-06T16:43:28.733000+00:00
4200352320,Allegheny,Munhall Borough,Municipal Police Force,Munhall Boro,PA0023600,42:police_service:PA0023600,,,2024_provider_identity_reviewed,10774,https://services.arcgis.com/nx9zcV4VjX0IwxpW/arcgis/rest/services/Police_Jurisdictions/FeatureServer/0,2026-07-06T16:43:28.733000+00:00
4200353136,Allegheny,Neville Township,Police Service contracted from another municipality,Ohio Twp,PA0021A00,42:police_service:PA0021A00,,,2024_provider_identity_reviewed,1108,https://services.arcgis.com/nx9zcV4VjX0IwxpW/arcgis/rest/services/Police_Jurisdictions/FeatureServer/0,2026-07-06T16:43:28.733000+00:00
4200354816,Allegheny,North Braddock Borough,Regional Police Service,Eastern Regional Mon Valley Police Department,PA002B800,42:police_service:PA002B800,PA0023000,,2024_transition_concurrent_reporters,4320,https://services.arcgis.com/nx9zcV4VjX0IwxpW/arcgis/rest/services/Police_Jurisdictions/FeatureServer/0,2026-07-06T16:43:28.733000+00:00
4200355016,Allegheny,North Fayette Township,Municipal Police Force,North Fayette Twp,PA0020Y00,42:police_service:PA0020Y00,,,2024_active_official_provider,16167,https://services.arcgis.com/nx9zcV4VjX0IwxpW/arcgis/rest/services/Police_Jurisdictions/FeatureServer/0,2026-07-06T16:43:28.733000+00:00
4200355488,Allegheny,North Versailles Township,Municipal Police Force,North Versailles Twp,PA0023900,42:police_service:PA0023900,,,2024_provider_identity_reviewed,10074,https://services.arcgis.com/nx9zcV4VjX0IwxpW/arcgis/rest/services/Police_Jurisdictions/FeatureServer/0,2026-07-06T16:43:28.733000+00:00
4200355840,Allegheny,Oakdale Borough,Municipal Police Force,Oakdale Boro,PA0028000,42:police_service:PA0028000,,,2024_provider_identity_reviewed,1475,https://services.arcgis.com/nx9zcV4VjX0IwxpW/arcgis/rest/services/Police_Jurisdictions/FeatureServer/0,2026-07-06T16:43:28.733000+00:00
4200356088,Allegheny,Oakmont Borough,Municipal Police Force,Oakmont Boro,PA0021800,42:police_service:PA0021800,,,2024_provider_identity_reviewed,6758,https://services.arcgis.com/nx9zcV4VjX0IwxpW/arcgis/rest/services/Police_Jurisdictions/FeatureServer/0,2026-07-06T16:43:28.733000+00:00
4200356384,Allegheny,O'Hara Township,Municipal Police Force,Ohara Twp,PA0020Z00,42:police_service:PA0020Z00,,,2024_provider_identity_reviewed,9284,https://services.arcgis.com/nx9zcV4VjX0IwxpW/arcgis/rest/services/Police_Jurisdictions/FeatureServer/0,2026-07-06T16:43:28.733000+00:00
4200356392,Allegheny,Ohio Township,Municipal Police Force,Ohio Twp,PA0021A00,42:police_service:PA0021A00,,,2024_provider_identity_reviewed,7178,https://services.arcgis.com/nx9zcV4VjX0IwxpW/arcgis/rest/services/Police_Jurisdictions/FeatureServer/0,2026-07-06T16:43:28.733000+00:00
4200359032,Allegheny,Penn Hills Township,Municipal Police Force,Penn Hills Twp,PA0021900,42:police_service:PA0021900,,,2024_provider_identity_reviewed,41059,https://services.arcgis.com/nx9zcV4VjX0IwxpW/arcgis/rest/services/Police_Jurisdictions/FeatureServer/0,2026-07-06T16:43:28.733000+00:00
4200359152,Allegheny,Pennsbury Village Borough,Police Service contracted from another municipality,Carnegie Boro,PA0020500,42:police_service:PA0020500,,,2024_provider_identity_reviewed,677,https://services.arcgis.com/nx9zcV4VjX0IwxpW/arcgis/rest/services/Police_Jurisdictions/FeatureServer/0,2026-07-06T16:43:28.733000+00:00
4200360272,Allegheny,Pine Township,Regional Police Service,Northern Regional Police Department,PA0021B00,42:police_service:PA0021B00,,,2024_provider_identity_reviewed,14691,https://services.arcgis.com/nx9zcV4VjX0IwxpW/arcgis/rest/services/Police_Jurisdictions/FeatureServer/0,2026-07-06T16:43:28.733000+00:00
4200360712,Allegheny,Pitcairn Borough,Municipal Police Force,Pitcairn Boro,PA0028300,42:police_service:PA0028300,,,2024_fbi_covered_by,3101,https://services.arcgis.com/nx9zcV4VjX0IwxpW/arcgis/rest/services/Police_Jurisdictions/FeatureServer/0,2026-07-06T16:43:28.733000+00:00
4200361000,Allegheny,Pittsburgh City,Municipal Police Force,Pittsburgh City,PAPPD0000,42:police_service:PAPPD0000,,,2024_provider_identity_reviewed,302971,https://services.arcgis.com/nx9zcV4VjX0IwxpW/arcgis/rest/services/Police_Jurisdictions/FeatureServer/0,2026-07-06T16:43:28.733000+00:00
4200361328,Allegheny,Pleasant Hills Borough,Municipal Police Force,Pleasant Hills Boro,PA0022100,42:police_service:PA0022100,,,2024_provider_identity_reviewed,8504,https://services.arcgis.com/nx9zcV4VjX0IwxpW/arcgis/rest/services/Police_Jurisdictions/FeatureServer/0,2026-07-06T16:43:28.733000+00:00
4200361536,Allegheny,Plum Borough,Municipal Police Force,Plum Boro,PA0028500,42:police_service:PA0028500,,,2024_provider_identity_reviewed,27144,https://services.arcgis.com/nx9zcV4VjX0IwxpW/arcgis/rest/services/Police_Jurisdictions/FeatureServer/0,2026-07-06T16:43:28.733000+00:00
4200362320,Allegheny,Port Vue Borough,Municipal Police Force,Port Vue Boro,PA0028600,42:police_service:PA0028600,,,2024_provider_identity_reviewed,3680,https://services.arcgis.com/nx9zcV4VjX0IwxpW/arcgis/rest/services/Police_Jurisdictions/FeatureServer/0,2026-07-06T16:43:28.733000+00:00
4200363408,Allegheny,Rankin Borough,Regional Police Service,Eastern Regional Mon Valley Police Department,PA002B800,42:police_service:PA002B800,PA0023000,,2024_transition_concurrent_reporters,1896,https://services.arcgis.com/nx9zcV4VjX0IwxpW/arcgis/rest/services/Police_Jurisdictions/FeatureServer/0,2026-07-06T16:43:28.733000+00:00
4200364240,Allegheny,Reserve Township,Municipal Police Force,Reserve Twp,PA0020G00,42:police_service:PA0020G00,,,2024_active_official_provider,3255,https://services.arcgis.com/nx9zcV4VjX0IwxpW/arcgis/rest/services/Police_Jurisdictions/FeatureServer/0,2026-07-06T16:43:28.733000+00:00
4200364528,Allegheny,Richland Township,Regional Police Service,Northern Regional Police Department Of Allegheny County,PA0021B00,42:police_service:PA0021B00,,,2024_fbi_covered_by,11942,https://services.arcgis.com/nx9zcV4VjX0IwxpW/arcgis/rest/services/Police_Jurisdictions/FeatureServer/0,2026-07-06T16:43:28.733000+00:00
4200365352,Allegheny,Robinson Township,Municipal Police Force,Robinson Twp,PA0024000,42:police_service:PA0024000,,,2024_active_official_provider,15503,https://services.arcgis.com/nx9zcV4VjX0IwxpW/arcgis/rest/services/Police_Jurisdictions/FeatureServer/0,2026-07-06T16:43:28.733000+00:00
4200366264,Allegheny,Ross Township,Municipal Police Force,Ross Twp,PA0022200,42:police_service:PA0022200,,,2024_active_official_provider,33567,https://services.arcgis.com/nx9zcV4VjX0IwxpW/arcgis/rest/services/Police_Jurisdictions/FeatureServer/0,2026-07-06T16:43:28.733000+00:00
4200366320,Allegheny,Rosslyn Farms Borough,Police Service contracted from another municipality,Scott Twp,PA0024100,42:police_service:PA0024100,,,2024_fbi_covered_by,441,https://services.arcgis.com/nx9zcV4VjX0IwxpW/arcgis/rest/services/Police_Jurisdictions/FeatureServer/0,2026-07-06T16:43:28.733000+00:00
4200368388,Allegheny,Scott Township,Municipal Police Force,Scott Twp,PA0024100,42:police_service:PA0024100,,,2024_active_official_provider,17649,https://services.arcgis.com/nx9zcV4VjX0IwxpW/arcgis/rest/services/Police_Jurisdictions/FeatureServer/0,2026-07-06T16:43:28.733000+00:00
4200369376,Allegheny,Sewickley Borough,Municipal Police Force,Sewickley Boro,PA0022300,42:police_service:PA0022300,,,2024_fbi_covered_by,3907,https://services.arcgis.com/nx9zcV4VjX0IwxpW/arcgis/rest/services/Police_Jurisdictions/FeatureServer/0,2026-07-06T16:43:28.733000+00:00
4200369400,Allegheny,Sewickley Heights Borough,Municipal Police Force,Sewickley Heights Boro,PA0022400,42:police_service:PA0022400,,,2024_provider_identity_reviewed,857,https://services.arcgis.com/nx9zcV4VjX0IwxpW/arcgis/rest/services/Police_Jurisdictions/FeatureServer/0,2026-07-06T16:43:28.733000+00:00
4200369416,Allegheny,Sewickley Hills Borough,Police Service contracted from another municipality,Ohio Twp,PA0021A00,42:police_service:PA0021A00,,,2024_provider_identity_reviewed,689,https://services.arcgis.com/nx9zcV4VjX0IwxpW/arcgis/rest/services/Police_Jurisdictions/FeatureServer/0,2026-07-06T16:43:28.733000+00:00
4200369584,Allegheny,Shaler Township,Municipal Police Force,Shaler Twp,PA0024200,42:police_service:PA0024200,,,2024_active_official_provider,28132,https://services.arcgis.com/nx9zcV4VjX0IwxpW/arcgis/rest/services/Police_Jurisdictions/FeatureServer/0,2026-07-06T16:43:28.733000+00:00
4200369776,Allegheny,Sharpsburg Borough,Municipal Police Force,Sharpsburg Boro,PA0029000,42:police_service:PA0029000,,,2024_provider_identity_reviewed,3187,https://services.arcgis.com/nx9zcV4VjX0IwxpW/arcgis/rest/services/Police_Jurisdictions/FeatureServer/0,2026-07-06T16:43:28.733000+00:00
4200372160,Allegheny,South Fayette Township,Municipal Police Force,South Fayette Twp,PA0020J00,42:police_service:PA0020J00,,,2024_active_official_provider,18358,https://services.arcgis.com/nx9zcV4VjX0IwxpW/arcgis/rest/services/Police_Jurisdictions/FeatureServer/0,2026-07-06T16:43:28.733000+00:00
4200372400,Allegheny,South Park Township,Municipal Police Force,South Park Twp,PA0021E00,42:police_service:PA0021E00,,,2024_active_official_provider,13727,https://services.arcgis.com/nx9zcV4VjX0IwxpW/arcgis/rest/services/Police_Jurisdictions/FeatureServer/0,2026-07-06T16:43:28.733000+00:00
4200372568,Allegheny,South Versailles Township,Police Service contracted from another municipality,White Oak Boro,PA0020K00,42:police_service:PA0020K00,,,2024_provider_identity_reviewed,310,https://services.arcgis.com/nx9zcV4VjX0IwxpW/arcgis/rest/services/Police_Jurisdictions/FeatureServer/0,2026-07-06T16:43:28.733000+00:00
4200372960,Allegheny,Springdale Borough,Municipal Police Force,Springdale Boro,PA0029100,42:police_service:PA0029100,,,2024_provider_identity_reviewed,3400,https://services.arcgis.com/nx9zcV4VjX0IwxpW/arcgis/rest/services/Police_Jurisdictions/FeatureServer/0,2026-07-06T16:43:28.733000+00:00
4200372968,Allegheny,Springdale Township,Regional Police Service,Allegheny Valley Regional Police Department,PA0021U00,42:police_service:PA0021U00,,,2024_fbi_covered_by,1540,https://services.arcgis.com/nx9zcV4VjX0IwxpW/arcgis/rest/services/Police_Jurisdictions/FeatureServer/0,2026-07-06T16:43:28.733000+00:00
4200374648,Allegheny,Stowe Township,Municipal Police Force,Stowe Twp,PA0024300,42:police_service:PA0024300,,,2024_active_official_provider,6426,https://services.arcgis.com/nx9zcV4VjX0IwxpW/arcgis/rest/services/Police_Jurisdictions/FeatureServer/0,2026-07-06T16:43:28.733000+00:00
4200375816,Allegheny,Swissvale Borough,Regional Police Service,Swissvale - Braddock Hills Regional Police Department,PA0024400,42:police_service:PA0024400,,,2024_provider_identity_reviewed,8624,https://services.arcgis.com/nx9zcV4VjX0IwxpW/arcgis/rest/services/Police_Jurisdictions/FeatureServer/0,2026-07-06T16:43:28.733000+00:00
4200376104,Allegheny,Tarentum Borough,Municipal Police Force,Tarentum Boro,PA0029200,42:police_service:PA0029200,,,2024_fbi_covered_by,4352,https://services.arcgis.com/nx9zcV4VjX0IwxpW/arcgis/rest/services/Police_Jurisdictions/FeatureServer/0,2026-07-06T16:43:28.733000+00:00
4200376560,Allegheny,Thornburg Borough,Police Service contracted from another municipality,Crafton Boro,PA0026100,42:police_service:PA0026100,,,2024_fbi_covered_by,466,https://services.arcgis.com/nx9zcV4VjX0IwxpW/arcgis/rest/services/Police_Jurisdictions/FeatureServer/0,2026-07-06T16:43:28.733000+00:00
4200377912,Allegheny,Turtle Creek Borough,Municipal Police Force,Turtle Creek Boro,PA0024500,42:police_service:PA0024500,,,2024_provider_identity_reviewed,5114,https://services.arcgis.com/nx9zcV4VjX0IwxpW/arcgis/rest/services/Police_Jurisdictions/FeatureServer/0,2026-07-06T16:43:28.733000+00:00
4200379274,Allegheny,Upper St. Clair Township,Municipal Police Force,Upper St Clair Twp,PA0022500,42:police_service:PA0022500,,,2024_active_official_provider,21160,https://services.arcgis.com/nx9zcV4VjX0IwxpW/arcgis/rest/services/Police_Jurisdictions/FeatureServer/0,2026-07-06T16:43:28.733000+00:00
4200380032,Allegheny,Verona Borough,Municipal Police Force,Verona Boro,PA0029400,42:police_service:PA0029400,,,2024_provider_identity_reviewed,2492,https://services.arcgis.com/nx9zcV4VjX0IwxpW/arcgis/rest/services/Police_Jurisdictions/FeatureServer/0,2026-07-06T16:43:28.733000+00:00
4200380040,Allegheny,Versailles Borough,Municipal Police Force,Versailles Boro,PA0029500,42:police_service:PA0029500,,,2024_provider_identity_reviewed,1476,https://services.arcgis.com/nx9zcV4VjX0IwxpW/arcgis/rest/services/Police_Jurisdictions/FeatureServer/0,2026-07-06T16:43:28.733000+00:00
4200380600,Allegheny,Wall Borough,Police Service contracted from another municipality,East Mckeesport Boro,PA0026300,42:police_service:PA0026300,,,2024_fbi_covered_by,519,https://services.arcgis.com/nx9zcV4VjX0IwxpW/arcgis/rest/services/Police_Jurisdictions/FeatureServer/0,2026-07-06T16:43:28.733000+00:00
4200382800,Allegheny,West Deer Township,Municipal Police Force,West Deer Twp,PA0021D00,42:police_service:PA0021D00,,,2024_active_official_provider,12262,https://services.arcgis.com/nx9zcV4VjX0IwxpW/arcgis/rest/services/Police_Jurisdictions/FeatureServer/0,2026-07-06T16:43:28.733000+00:00
4200382848,Allegheny,West Elizabeth Borough,Police Service contracted from another municipality,Elizabeth Twp,PA0020D00,42:police_service:PA0020D00,,,2024_fbi_covered_by,403,https://services.arcgis.com/nx9zcV4VjX0IwxpW/arcgis/rest/services/Police_Jurisdictions/FeatureServer/0,2026-07-06T16:43:28.733000+00:00
4200383200,Allegheny,West Homestead Borough,Municipal Police Force,West Homestead Boro,PA0024600,42:police_service:PA0024600,,,2024_provider_identity_reviewed,1872,https://services.arcgis.com/nx9zcV4VjX0IwxpW/arcgis/rest/services/Police_Jurisdictions/FeatureServer/0,2026-07-06T16:43:28.733000+00:00
4200383512,Allegheny,West Mifflin Borough,Municipal Police Force,West Mifflin Boro,PA0024700,42:police_service:PA0024700,,,2024_provider_identity_reviewed,19589,https://services.arcgis.com/nx9zcV4VjX0IwxpW/arcgis/rest/services/Police_Jurisdictions/FeatureServer/0,2026-07-06T16:43:28.733000+00:00
4200384144,Allegheny,West View Borough,Municipal Police Force,West View Boro,PA0029800,42:police_service:PA0029800,,,2024_provider_identity_reviewed,6685,https://services.arcgis.com/nx9zcV4VjX0IwxpW/arcgis/rest/services/Police_Jurisdictions/FeatureServer/0,2026-07-06T16:43:28.733000+00:00
4200384440,Allegheny,Whitaker Borough,Municipal Police Force,Whitaker Boro,PA0029900,42:police_service:PA0029900,,,2024_provider_identity_reviewed,1179,https://services.arcgis.com/nx9zcV4VjX0IwxpW/arcgis/rest/services/Police_Jurisdictions/FeatureServer/0,2026-07-06T16:43:28.733000+00:00
4200384512,Allegheny,Whitehall Borough,Municipal Police Force,Whitehall Boro,PA0022600,42:police_service:PA0022600,,,2024_provider_identity_reviewed,15064,https://services.arcgis.com/nx9zcV4VjX0IwxpW/arcgis/rest/services/Police_Jurisdictions/FeatureServer/0,2026-07-06T16:43:28.733000+00:00
4200384704,Allegheny,White Oak Borough,Municipal Police Force,White Oak Boro,PA0020K00,42:police_service:PA0020K00,,,2024_provider_identity_reviewed,7630,https://services.arcgis.com/nx9zcV4VjX0IwxpW/arcgis/rest/services/Police_Jurisdictions/FeatureServer/0,2026-07-06T16:43:28.733000+00:00
4200385184,Allegheny,Wilkins Township,Municipal Police Force,Wilkins Twp,PA0020L00,42:police_service:PA0020L00,,,2024_active_official_provider,6350,https://services.arcgis.com/nx9zcV4VjX0IwxpW/arcgis/rest/services/Police_Jurisdictions/FeatureServer/0,2026-07-06T16:43:28.733000+00:00
4200385188,Allegheny,Wilkinsburg Borough,Municipal Police Force,Wilkinsburg Boro,PA0022700,42:police_service:PA0022700,,,2024_provider_identity_reviewed,14349,https://services.arcgis.com/nx9zcV4VjX0IwxpW/arcgis/rest/services/Police_Jurisdictions/FeatureServer/0,2026-07-06T16:43:28.733000+00:00
4200385496,Allegheny,Wilmerding Borough,Police Service contracted from another municipality,Pitcairn Boro,PA0028300,42:police_service:PA0028300,,,2024_fbi_covered_by,1781,https://services.arcgis.com/nx9zcV4VjX0IwxpW/arcgis/rest/services/Police_Jurisdictions/FeatureServer/0,2026-07-06T16:43:28.733000+00:00
4200502720,Armstrong,Apollo Borough,Municipal Police Force,Apollo Boro,PA0030100,42:police_service:PA0030100,,,2024_provider_identity_reviewed,1615,https://services.arcgis.com/nx9zcV4VjX0IwxpW/arcgis/rest/services/Police_Jurisdictions/FeatureServer/0,2026-07-06T16:43:28.733000+00:00
4200502752,Armstrong,Applewold Borough,Police Service contracted from another municipality,Kittanning Boro,PA0030400,42:police_service:PA0030400,,,2024_provider_identity_reviewed,334,https://services.arcgis.com/nx9zcV4VjX0IwxpW/arcgis/rest/services/Police_Jurisdictions/FeatureServer/0,2026-07-06T16:43:28.733000+00:00
4200503480,Armstrong,Atwood Borough,State Police coverage only,State Police Coverage Only,PA003SP00,42:police_service:PA003SP00,,,2024_provider_identity_reviewed,112,https://services.arcgis.com/nx9zcV4VjX0IwxpW/arcgis/rest/services/Police_Jurisdictions/FeatureServer/0,2026-07-06T16:43:28.733000+00:00
4200505992,Armstrong,Bethel Township,Police Service contracted from another municipality,Manor Twp,PA0031400,42:police_service:PA0031400,,,2024_fbi_covered_by,1098,https://services.arcgis.com/nx9zcV4VjX0IwxpW/arcgis/rest/services/Police_Jurisdictions/FeatureServer/0,2026-07-06T16:43:28.733000+00:00
4200507416,Armstrong,Boggs Township,State Police coverage only,State Police Coverage Only,PA003SP00,42:police_service:PA003SP00,,,2024_provider_identity_reviewed,817,https://services.arcgis.com/nx9zcV4VjX0IwxpW/arcgis/rest/services/Police_Jurisdictions/FeatureServer/0,2026-07-06T16:43:28.733000+00:00
4200508152,Armstrong,Bradys Bend Township,State Police coverage only,State Police Coverage Only,PA003SP00,42:police_service:PA003SP00,,,2024_provider_identity_reviewed,784,https://services.arcgis.com/nx9zcV4VjX0IwxpW/arcgis/rest/services/Police_Jurisdictions/FeatureServer/0,2026-07-06T16:43:28.733000+00:00
4200510344,Armstrong,Burrell Township,Police Service contracted from another municipality,Manor Twp,PA0031400,42:police_service:PA0031400,,,2024_provider_identity_reviewed,656,https://services.arcgis.com/nx9zcV4VjX0IwxpW/arcgis/rest/services/Police_Jurisdictions/FeatureServer/0,2026-07-06T16:43:28.733000+00:00
4200510680,Armstrong,Cadogan Township,Police Service contracted from another municipality,South Buffalo Twp,PA0031200,42:police_service:PA0031200,,,2024_provider_identity_reviewed,345,https://services.arcgis.com/nx9zcV4VjX0IwxpW/arcgis/rest/services/Police_Jurisdictions/FeatureServer/0,2026-07-06T16:43:28.733000+00:00
4200516728,Armstrong,Cowanshannock Township,State Police coverage only,State Police Coverage Only,PA003SP00,42:police_service:PA003SP00,,,2024_fbi_covered_by,2741,https://services.arcgis.com/nx9zcV4VjX0IwxpW/arcgis/rest/services/Police_Jurisdictions/FeatureServer/0,2026-07-06T16:43:28.733000+00:00
4200518400,Armstrong,Dayton Borough,State Police coverage only,State Police Coverage Only,PA003SP00,42:police_service:PA003SP00,,,2024_provider_identity_reviewed,549,https://services.arcgis.com/nx9zcV4VjX0IwxpW/arcgis/rest/services/Police_Jurisdictions/FeatureServer/0,2026-07-06T16:43:28.733000+00:00
4200521160,Armstrong,East Franklin Township,Municipal Police Force,East Franklin Twp,PA0032200,42:police_service:PA0032200,,,2024_provider_identity_reviewed,3816,https://services.arcgis.com/nx9zcV4VjX0IwxpW/arcgis/rest/services/Police_Jurisdictions/FeatureServer/0,2026-07-06T16:43:28.733000+00:00
4200522832,Armstrong,Elderton Borough,State Police coverage only,State Police Coverage Only,PA003SP00,42:police_service:PA003SP00,,,2024_provider_identity_reviewed,334,https://services.arcgis.com/nx9zcV4VjX0IwxpW/arcgis/rest/services/Police_Jurisdictions/FeatureServer/0,2026-07-06T16:43:28.733000+00:00
4200526512,Armstrong,Ford City Borough,Regional Police Service,Southern Armstrong Regional  Police Department,PA0033100,42:police_service:PA0033100,,,2024_provider_identity_reviewed,2859,https://services.arcgis.com/nx9zcV4VjX0IwxpW/arcgis/rest/services/Police_Jurisdictions/FeatureServer/0,2026-07-06T16:43:28.733000+00:00
4200526520,Armstrong,Ford Cliff Borough,State Police coverage only,State Police Coverage Only,PA003SP00,42:police_service:PA003SP00,,,2024_provider_identity_reviewed,361,https://services.arcgis.com/nx9zcV4VjX0IwxpW/arcgis/rest/services/Police_Jurisdictions/FeatureServer/0,2026-07-06T16:43:28.733000+00:00
4200527784,Armstrong,Freeport Borough,Regional Police Service,Southern Armstrong Regional,PA0033100,42:police_service:PA0033100,,,2024_provider_identity_reviewed,1736,https://services.arcgis.com/nx9zcV4VjX0IwxpW/arcgis/rest/services/Police_Jurisdictions/FeatureServer/0,2026-07-06T16:43:28.733000+00:00
4200529184,Armstrong,Gilpin Township,Regional Police Service,Southern Armstrong County Regional,PA0033100,42:police_service:PA0033100,,,2024_provider_identity_reviewed,2411,https://services.arcgis.com/nx9zcV4VjX0IwxpW/arcgis/rest/services/Police_Jurisdictions/FeatureServer/0,2026-07-06T16:43:28.733000+00:00
4200535936,Armstrong,Hovey Township,State Police coverage only,State Police Coverage Only,PA003SP00,42:police_service:PA003SP00,,,2024_provider_identity_reviewed,74,https://services.arcgis.com/nx9zcV4VjX0IwxpW/arcgis/rest/services/Police_Jurisdictions/FeatureServer/0,2026-07-06T16:43:28.733000+00:00
4200539968,Armstrong,Kiskiminetas Township,Municipal Police Force,Kiskiminetas Twp,PA0030800,42:police_service:PA0030800,,,2024_active_official_provider,4605,https://services.arcgis.com/nx9zcV4VjX0IwxpW/arcgis/rest/services/Police_Jurisdictions/FeatureServer/0,2026-07-06T16:43:28.733000+00:00
4200540040,Armstrong,Kittanning Borough,Municipal Police Force,Kittanning Boro,PA0030400,42:police_service:PA0030400,,,2024_provider_identity_reviewed,3921,https://services.arcgis.com/nx9zcV4VjX0IwxpW/arcgis/rest/services/Police_Jurisdictions/FeatureServer/0,2026-07-06T16:43:28.733000+00:00
4200540056,Armstrong,Kittanning Township,State Police coverage only,State Police Coverage Only,PA003SP00,42:police_service:PA003SP00,,,2024_provider_identity_reviewed,2035,https://services.arcgis.com/nx9zcV4VjX0IwxpW/arcgis/rest/services/Police_Jurisdictions/FeatureServer/0,2026-07-06T16:43:28.733000+00:00
4200542280,Armstrong,Leechburg Borough,Municipal Police Force,Leechburg Boro,PA0030500,42:police_service:PA0030500,,,2024_provider_identity_reviewed,2149,https://services.arcgis.com/nx9zcV4VjX0IwxpW/arcgis/rest/services/Police_Jurisdictions/FeatureServer/0,2026-07-06T16:43:28.733000+00:00
4200546456,Armstrong,Madison Township,State Police coverage only,State Police Coverage Only,PA003SP00,42:police_service:PA003SP00,,,2024_provider_identity_reviewed,824,https://services.arcgis.com/nx9zcV4VjX0IwxpW/arcgis/rest/services/Police_Jurisdictions/FeatureServer/0,2026-07-06T16:43:28.733000+00:00
4200546632,Armstrong,Mahoning Township,State Police coverage only,State Police Coverage Only,PA003SP00,42:police_service:PA003SP00,,,2024_provider_identity_reviewed,1404,https://services.arcgis.com/nx9zcV4VjX0IwxpW/arcgis/rest/services/Police_Jurisdictions/FeatureServer/0,2026-07-06T16:43:28.733000+00:00
4200546976,Armstrong,Manor Township,Municipal Police Force,Manor Twp,PA0031400,42:police_service:PA0031400,,,2024_active_official_provider,4179,https://services.arcgis.com/nx9zcV4VjX0IwxpW/arcgis/rest/services/Police_Jurisdictions/FeatureServer/0,2026-07-06T16:43:28.733000+00:00
4200547064,Armstrong,Manorville Borough,Police Service contracted from another municipality,Manor Twp,PA0031400,42:police_service:PA0031400,,,2024_provider_identity_reviewed,382,https://services.arcgis.com/nx9zcV4VjX0IwxpW/arcgis/rest/services/Police_Jurisdictions/FeatureServer/0,2026-07-06T16:43:28.733000+00:00
4200554728,Armstrong,North Apollo Borough,Police Service contracted from another municipality,Kiskiminetas Twp,PA0030800,42:police_service:PA0030800,,,2024_fbi_covered_by,1252,https://services.arcgis.com/nx9zcV4VjX0IwxpW/arcgis/rest/services/Police_Jurisdictions/FeatureServer/0,2026-07-06T16:43:28.733000+00:00
4200554856,Armstrong,North Buffalo Township,State Police coverage only,State Police Coverage Only,PA003SP00,42:police_service:PA003SP00,,,2024_provider_identity_reviewed,2699,https://services.arcgis.com/nx9zcV4VjX0IwxpW/arcgis/rest/services/Police_Jurisdictions/FeatureServer/0,2026-07-06T16:43:28.733000+00:00
4200557976,Armstrong,Parker City,Police Service contracted from another municipality,Emlenton Boro,PA0611100,42:police_service:PA0611100,,,2024_provider_identity_reviewed,695,https://services.arcgis.com/nx9zcV4VjX0IwxpW/arcgis/rest/services/Police_Jurisdictions/FeatureServer/0,2026-07-06T16:43:28.733000+00:00
4200558160,Armstrong,Parks Township,Municipal Police Force,Parks Twp,PA0031000,42:police_service:PA0031000,,,2024_provider_identity_reviewed,2472,https://services.arcgis.com/nx9zcV4VjX0IwxpW/arcgis/rest/services/Police_Jurisdictions/FeatureServer/0,2026-07-06T16:43:28.733000+00:00
4200559440,Armstrong,Perry Township,State Police coverage only,State Police Coverage Only,PA003SP00,42:police_service:PA003SP00,,,2024_provider_identity_reviewed,373,https://services.arcgis.com/nx9zcV4VjX0IwxpW/arcgis/rest/services/Police_Jurisdictions/FeatureServer/0,2026-07-06T16:43:28.733000+00:00
4200560280,Armstrong,Pine Township,State Police coverage only,State Police Coverage Only,PA003SP00,42:police_service:PA003SP00,,,2024_provider_identity_reviewed,351,https://services.arcgis.com/nx9zcV4VjX0IwxpW/arcgis/rest/services/Police_Jurisdictions/FeatureServer/0,2026-07-06T16:43:28.733000+00:00
4200561576,Armstrong,Plumcreek Township,State Police coverage only,State Police Coverage Only,PA003SP00,42:police_service:PA003SP00,,,2024_provider_identity_reviewed,2112,https://services.arcgis.com/nx9zcV4VjX0IwxpW/arcgis/rest/services/Police_Jurisdictions/FeatureServer/0,2026-07-06T16:43:28.733000+00:00
4200563560,Armstrong,Rayburn Township,State Police coverage only,State Police Coverage Only,PA003SP00,42:police_service:PA003SP00,,,2024_provider_identity_reviewed,1775,https://services.arcgis.com/nx9zcV4VjX0IwxpW/arcgis/rest/services/Police_Jurisdictions/FeatureServer/0,2026-07-06T16:43:28.733000+00:00
4200563712,Armstrong,Redbank Township,State Police coverage only,State Police Coverage Only,PA003SP00,42:police_service:PA003SP00,,,2024_provider_identity_reviewed,974,https://services.arcgis.com/nx9zcV4VjX0IwxpW/arcgis/rest/services/Police_Jurisdictions/FeatureServer/0,2026-07-06T16:43:28.733000+00:00
4200566720,Armstrong,Rural Valley Borough,Municipal Police Force,Rural Valley Boro,PA0031100,42:police_service:PA0031100,,,2024_provider_identity_reviewed,826,https://services.arcgis.com/nx9zcV4VjX0IwxpW/arcgis/rest/services/Police_Jurisdictions/FeatureServer/0,2026-07-06T16:43:28.733000+00:00
4200571968,Armstrong,South Bend Township,State Police coverage only,State Police Coverage Only,PA003SP00,42:police_service:PA003SP00,,,2024_provider_identity_reviewed,1006,https://services.arcgis.com/nx9zcV4VjX0IwxpW/arcgis/rest/services/Police_Jurisdictions/FeatureServer/0,2026-07-06T16:43:28.733000+00:00
4200571976,Armstrong,South Bethlehem Borough,State Police coverage only,State Police Coverage Only,PA003SP00,42:police_service:PA003SP00,,,2024_provider_identity_reviewed,489,https://services.arcgis.com/nx9zcV4VjX0IwxpW/arcgis/rest/services/Police_Jurisdictions/FeatureServer/0,2026-07-06T16:43:28.733000+00:00
4200572000,Armstrong,South Buffalo Township,Municipal Police Force,South Buffalo Twp,PA0031200,42:police_service:PA0031200,,,2024_active_official_provider,2709,https://services.arcgis.com/nx9zcV4VjX0IwxpW/arcgis/rest/services/Police_Jurisdictions/FeatureServer/0,2026-07-06T16:43:28.733000+00:00
4200574992,Armstrong,Sugarcreek Township,State Police coverage only,State Police Coverage Only,PA003SP00,42:police_service:PA003SP00,,,2024_provider_identity_reviewed,1350,https://services.arcgis.com/nx9zcV4VjX0IwxpW/arcgis/rest/services/Police_Jurisdictions/FeatureServer/0,2026-07-06T16:43:28.733000+00:00
4200579528,Armstrong,Valley Township,State Police coverage only,State Police Coverage Only,PA003SP00,42:police_service:PA003SP00,,,2024_provider_identity_reviewed,656,https://services.arcgis.com/nx9zcV4VjX0IwxpW/arcgis/rest/services/Police_Jurisdictions/FeatureServer/0,2026-07-06T16:43:28.733000+00:00
4200581176,Armstrong,Washington Township,State Police coverage only,State Police Coverage Only,PA003SP00,42:police_service:PA003SP00,,,2024_provider_identity_reviewed,895,https://services.arcgis.com/nx9zcV4VjX0IwxpW/arcgis/rest/services/Police_Jurisdictions/FeatureServer/0,2026-07-06T16:43:28.733000+00:00
4200581720,Armstrong,Wayne Township,State Police coverage only,State Police Coverage Only,PA003SP00,42:police_service:PA003SP00,,,2024_provider_identity_reviewed,1296,https://services.arcgis.com/nx9zcV4VjX0IwxpW/arcgis/rest/services/Police_Jurisdictions/FeatureServer/0,2026-07-06T16:43:28.733000+00:00
4200583024,Armstrong,West Franklin Township,State Police coverage only,State Police Coverage Only,PA003SP00,42:police_service:PA003SP00,,,2024_provider_identity_reviewed,1701,https://services.arcgis.com/nx9zcV4VjX0IwxpW/arcgis/rest/services/Police_Jurisdictions/FeatureServer/0,2026-07-06T16:43:28.733000+00:00
4200583248,Armstrong,West Kittanning Borough,Municipal Police Force,West Kittanning Boro,PA0032000,42:police_service:PA0032000,,,2024_provider_identity_reviewed,1192,https://services.arcgis.com/nx9zcV4VjX0IwxpW/arcgis/rest/services/Police_Jurisdictions/FeatureServer/0,2026-07-06T16:43:28.733000+00:00
4200586560,Armstrong,Worthington Borough,Municipal Police Force,Worthington Boro,PA0032500,42:police_service:PA0032500,,,2024_provider_identity_reviewed,594,https://services.arcgis.com/nx9zcV4VjX0IwxpW/arcgis/rest/services/Police_Jurisdictions/FeatureServer/0,2026-07-06T16:43:28.733000+00:00
4200700820,Beaver,Aliquippa City,Municipal Police Force,Aliquippa City,PA0040100,42:police_service:PA0040100,,,2024_provider_identity_reviewed,9238,https://services.arcgis.com/nx9zcV4VjX0IwxpW/arcgis/rest/services/Police_Jurisdictions/FeatureServer/0,2026-07-06T16:43:28.733000+00:00
4200702288,Beaver,Ambridge Borough,Municipal Police Force,Ambridge Boro,PA0040200,42:police_service:PA0040200,,,2024_provider_identity_reviewed,6972,https://services.arcgis.com/nx9zcV4VjX0IwxpW/arcgis/rest/services/Police_Jurisdictions/FeatureServer/0,2026-07-06T16:43:28.733000+00:00
4200703736,Beaver,Baden Borough,Regional Police Service,Beaver Valley Regional Police Department,PA0046400,42:police_service:PA0046400,,,2024_fbi_covered_by,3904,https://services.arcgis.com/nx9zcV4VjX0IwxpW/arcgis/rest/services/Police_Jurisdictions/FeatureServer/0,2026-07-06T16:43:28.733000+00:00
4200704688,Beaver,Beaver Borough,Municipal Police Force,Beaver Boro,PA0040400,42:police_service:PA0040400,,,2024_fbi_covered_by,4438,https://services.arcgis.com/nx9zcV4VjX0IwxpW/arcgis/rest/services/Police_Jurisdictions/FeatureServer/0,2026-07-06T16:43:28.733000+00:00
4200704792,Beaver,Beaver Falls City,Municipal Police Force,Beaver Falls City,PA0040500,42:police_service:PA0040500,,,2024_fbi_covered_by,9005,https://services.arcgis.com/nx9zcV4VjX0IwxpW/arcgis/rest/services/Police_Jurisdictions/FeatureServer/0,2026-07-06T16:43:28.733000+00:00
4200706240,Beaver,Big Beaver Borough,Police Service contracted from another municipality,Beaver Falls City,PA0040500,42:police_service:PA0040500,,,2024_fbi_covered_by,1852,https://services.arcgis.com/nx9zcV4VjX0IwxpW/arcgis/rest/services/Police_Jurisdictions/FeatureServer/0,2026-07-06T16:43:28.733000+00:00
4200708632,Beaver,Bridgewater Borough,Municipal Police Force,Bridgewater Boro,PA0043200,42:police_service:PA0043200,,,2024_provider_identity_reviewed,745,https://services.arcgis.com/nx9zcV4VjX0IwxpW/arcgis/rest/services/Police_Jurisdictions/FeatureServer/0,2026-07-06T16:43:28.733000+00:00
4200708680,Beaver,Brighton Township,Municipal Police Force,Brighton Twp,PA0040900,42:police_service:PA0040900,,,2024_provider_identity_reviewed,8790,https://services.arcgis.com/nx9zcV4VjX0IwxpW/arcgis/rest/services/Police_Jurisdictions/FeatureServer/0,2026-07-06T16:43:28.733000+00:00
4200712016,Beaver,Center Township,Municipal Police Force,Center Twp,PA0041800,42:police_service:PA0041800,,,2024_active_official_provider,11648,https://services.arcgis.com/nx9zcV4VjX0IwxpW/arcgis/rest/services/Police_Jurisdictions/FeatureServer/0,2026-07-06T16:43:28.733000+00:00
4200713488,Beaver,Chippewa Township,Municipal Police Force,Chippewa Twp,PA0041900,42:police_service:PA0041900,,,2024_active_official_provider,8042,https://services.arcgis.com/nx9zcV4VjX0IwxpW/arcgis/rest/services/Police_Jurisdictions/FeatureServer/0,2026-07-06T16:43:28.733000+00:00
4200715872,Beaver,Conway Borough,Regional Police Service,Beaver Valley Regional Police Department,PA0046400,42:police_service:PA0046400,,,2024_fbi_covered_by,2168,https://services.arcgis.com/nx9zcV4VjX0IwxpW/arcgis/rest/services/Police_Jurisdictions/FeatureServer/0,2026-07-06T16:43:28.733000+00:00
4200718192,Beaver,Darlington Borough,Police Service contracted from another municipality,Darlington Twp,PA0045400,42:police_service:PA0045400,,,2024_provider_identity_reviewed,249,https://services.arcgis.com/nx9zcV4VjX0IwxpW/arcgis/rest/services/Police_Jurisdictions/FeatureServer/0,2026-07-06T16:43:28.733000+00:00
4200718200,Beaver,Darlington Township,Municipal Police Force,Darlington Twp,PA0045400,42:police_service:PA0045400,,,2024_provider_identity_reviewed,1818,https://services.arcgis.com/nx9zcV4VjX0IwxpW/arcgis/rest/services/Police_Jurisdictions/FeatureServer/0,2026-07-06T16:43:28.733000+00:00
4200718264,Beaver,Daugherty Township,Police Service contracted from another municipality,New Brighton Boro,PA0041600,42:police_service:PA0041600,,,2024_fbi_covered_by,3078,https://services.arcgis.com/nx9zcV4VjX0IwxpW/arcgis/rest/services/Police_Jurisdictions/FeatureServer/0,2026-07-06T16:43:28.733000+00:00
4200721752,Beaver,East Rochester Borough,Police Service contracted from another municipality,Rochester Boro,PA0040700,42:police_service:PA0040700,,,2024_fbi_covered_by,565,https://services.arcgis.com/nx9zcV4VjX0IwxpW/arcgis/rest/services/Police_Jurisdictions/FeatureServer/0,2026-07-06T16:43:28.733000+00:00
4200721968,Beaver,Eastvale Borough,State Police coverage only,State Police Coverage Only,PA004SP00,42:police_service:PA004SP00,,PAPSP0300,2024_provider_identity_reviewed,184,https://services.arcgis.com/nx9zcV4VjX0IwxpW/arcgis/rest/services/Police_Jurisdictions/FeatureServer/0,2026-07-06T16:43:28.733000+00:00
4200722264,Beaver,Economy Borough,Municipal Police Force,Economy Boro,PA0041100,42:police_service:PA0041100,,,2024_provider_identity_reviewed,9098,https://services.arcgis.com/nx9zcV4VjX0IwxpW/arcgis/rest/services/Police_Jurisdictions/FeatureServer/0,2026-07-06T16:43:28.733000+00:00
4200725152,Beaver,Fallston Borough,Police Service contracted from another municipality,New Brighton Boro,PA0041600,42:police_service:PA0041600,,,2024_provider_identity_reviewed,259,https://services.arcgis.com/nx9zcV4VjX0IwxpW/arcgis/rest/services/Police_Jurisdictions/FeatureServer/0,2026-07-06T16:43:28.733000+00:00
4200727312,Beaver,Frankfort Springs Borough,State Police coverage only,State Police Coverage Only,PA004SP00,42:police_service:PA004SP00,,PAPSP0300,2024_provider_identity_reviewed,116,https://services.arcgis.com/nx9zcV4VjX0IwxpW/arcgis/rest/services/Police_Jurisdictions/FeatureServer/0,2026-07-06T16:43:28.733000+00:00
4200727336,Beaver,Franklin Township,Municipal Police Force,Franklin Twp,PA0043600,42:police_service:PA0043600,,,2024_active_official_provider,3882,https://services.arcgis.com/nx9zcV4VjX0IwxpW/arcgis/rest/services/Police_Jurisdictions/FeatureServer/0,2026-07-06T16:43:28.733000+00:00
4200727712,Beaver,Freedom Borough,Regional Police Service,Bvrpd,PA0046400,42:police_service:PA0046400,,,2024_fbi_covered_by,1496,https://services.arcgis.com/nx9zcV4VjX0IwxpW/arcgis/rest/services/Police_Jurisdictions/FeatureServer/0,2026-07-06T16:43:28.733000+00:00
4200728824,Beaver,Georgetown Borough,State Police coverage only,State Police Coverage Only,PA004SP00,42:police_service:PA004SP00,,PAPSP0300,2024_provider_identity_reviewed,208,https://services.arcgis.com/nx9zcV4VjX0IwxpW/arcgis/rest/services/Police_Jurisdictions/FeatureServer/0,2026-07-06T16:43:28.733000+00:00
4200729392,Beaver,Glasgow Borough,State Police coverage only,State Police Coverage Only,PA004SP00,42:police_service:PA004SP00,,PAPSP0300,2024_provider_identity_reviewed,71,https://services.arcgis.com/nx9zcV4VjX0IwxpW/arcgis/rest/services/Police_Jurisdictions/FeatureServer/0,2026-07-06T16:43:28.733000+00:00
4200730920,Beaver,Greene Township,State Police coverage only,State Police Coverage Only,PA004SP00,42:police_service:PA004SP00,,PAPSP0300,2024_provider_identity_reviewed,2187,https://services.arcgis.com/nx9zcV4VjX0IwxpW/arcgis/rest/services/Police_Jurisdictions/FeatureServer/0,2026-07-06T16:43:28.733000+00:00
4200732392,Beaver,Hanover Township,State Police coverage only,State Police Coverage Only,PA004SP00,42:police_service:PA004SP00,,PAPSP0300,2024_provider_identity_reviewed,3343,https://services.arcgis.com/nx9zcV4VjX0IwxpW/arcgis/rest/services/Police_Jurisdictions/FeatureServer/0,2026-07-06T16:43:28.733000+00:00
4200732680,Beaver,Harmony Township,Municipal Police Force,Harmony Twp,PA0041300,42:police_service:PA0041300,,,2024_active_official_provider,3187,https://services.arcgis.com/nx9zcV4VjX0IwxpW/arcgis/rest/services/Police_Jurisdictions/FeatureServer/0,2026-07-06T16:43:28.733000+00:00
4200735488,Beaver,Homewood Borough,State Police coverage only,State Police Coverage Only,PA004SP00,42:police_service:PA004SP00,,PAPSP0300,2024_provider_identity_reviewed,104,https://services.arcgis.com/nx9zcV4VjX0IwxpW/arcgis/rest/services/Police_Jurisdictions/FeatureServer/0,2026-07-06T16:43:28.733000+00:00
4200735576,Beaver,Hookstown Borough,State Police coverage only,State Police Coverage Only,PA004SP00,42:police_service:PA004SP00,,PAPSP0300,2024_provider_identity_reviewed,129,https://services.arcgis.com/nx9zcV4VjX0IwxpW/arcgis/rest/services/Police_Jurisdictions/FeatureServer/0,2026-07-06T16:43:28.733000+00:00
4200735640,Beaver,Hopewell Township,Municipal Police Force,Hopewell Twp,PA0041400,42:police_service:PA0041400,,,2024_active_official_provider,13495,https://services.arcgis.com/nx9zcV4VjX0IwxpW/arcgis/rest/services/Police_Jurisdictions/FeatureServer/0,2026-07-06T16:43:28.733000+00:00
4200736776,Beaver,Independence Township,Municipal Police Force,Independence Twp,PA0042300,42:police_service:PA0042300,,,2024_active_official_provider,2248,https://services.arcgis.com/nx9zcV4VjX0IwxpW/arcgis/rest/services/Police_Jurisdictions/FeatureServer/0,2026-07-06T16:43:28.733000+00:00
4200736944,Beaver,Industry Borough,Police Service contracted from another municipality,Beaver Boro,PA0040400,42:police_service:PA0040400,,,2024_fbi_covered_by,1838,https://services.arcgis.com/nx9zcV4VjX0IwxpW/arcgis/rest/services/Police_Jurisdictions/FeatureServer/0,2026-07-06T16:43:28.733000+00:00
4200740400,Beaver,Koppel Borough,Municipal Police Force,Koppel Boro,PA0043300,42:police_service:PA0043300,,,2024_provider_identity_reviewed,712,https://services.arcgis.com/nx9zcV4VjX0IwxpW/arcgis/rest/services/Police_Jurisdictions/FeatureServer/0,2026-07-06T16:43:28.733000+00:00
4200747432,Beaver,Marion Township,Municipal Police Force,Marion Twp,PA0044400,42:police_service:PA0044400,,,2024_provider_identity_reviewed,798,https://services.arcgis.com/nx9zcV4VjX0IwxpW/arcgis/rest/services/Police_Jurisdictions/FeatureServer/0,2026-07-06T16:43:28.733000+00:00
4200749184,Beaver,Midland Borough,Municipal Police Force,Midland Boro,PA0040600,42:police_service:PA0040600,,,2024_provider_identity_reviewed,2433,https://services.arcgis.com/nx9zcV4VjX0IwxpW/arcgis/rest/services/Police_Jurisdictions/FeatureServer/0,2026-07-06T16:43:28.733000+00:00
4200750320,Beaver,Monaca Borough,Municipal Police Force,Monaca Boro,PA0041500,42:police_service:PA0041500,,,2024_provider_identity_reviewed,5625,https://services.arcgis.com/nx9zcV4VjX0IwxpW/arcgis/rest/services/Police_Jurisdictions/FeatureServer/0,2026-07-06T16:43:28.733000+00:00
4200753288,Beaver,New Brighton Borough,Municipal Police Force,New Brighton Boro,PA0041600,42:police_service:PA0041600,,,2024_fbi_covered_by,5729,https://services.arcgis.com/nx9zcV4VjX0IwxpW/arcgis/rest/services/Police_Jurisdictions/FeatureServer/0,2026-07-06T16:43:28.733000+00:00
4200753592,Beaver,New Galilee Borough,Police Service contracted from another municipality,Darlington Twp,PA0045400,42:police_service:PA0045400,,,2024_provider_identity_reviewed,330,https://services.arcgis.com/nx9zcV4VjX0IwxpW/arcgis/rest/services/Police_Jurisdictions/FeatureServer/0,2026-07-06T16:43:28.733000+00:00
4200754072,Beaver,New Sewickley Township,Municipal Police Force,New Sewickley Twp,PA0043800,42:police_service:PA0043800,,,2024_active_official_provider,7183,https://services.arcgis.com/nx9zcV4VjX0IwxpW/arcgis/rest/services/Police_Jurisdictions/FeatureServer/0,2026-07-06T16:43:28.733000+00:00
4200755400,Beaver,North Sewickley Township,Municipal Police Force,North Sewickley Twp,PA0041700,42:police_service:PA0041700,,,2024_provider_identity_reviewed,5495,https://services.arcgis.com/nx9zcV4VjX0IwxpW/arcgis/rest/services/Police_Jurisdictions/FeatureServer/0,2026-07-06T16:43:28.733000+00:00
4200756432,Beaver,Ohioville Borough,Municipal Police Force,Ohioville Boro,PA0045200,42:police_service:PA0045200,,,2024_provider_identity_reviewed,3349,https://services.arcgis.com/nx9zcV4VjX0IwxpW/arcgis/rest/services/Police_Jurisdictions/FeatureServer/0,2026-07-06T16:43:28.733000+00:00
4200758375,Beaver,Patterson Township,Municipal Police Force,Patterson Twp,PA0042500,42:police_service:PA0042500,,,2024_active_official_provider,3129,https://services.arcgis.com/nx9zcV4VjX0IwxpW/arcgis/rest/services/Police_Jurisdictions/FeatureServer/0,2026-07-06T16:43:28.733000+00:00
4200758384,Beaver,Patterson Heights Borough,Police Service contracted from another municipality,Patterson Twp,PA0042500,42:police_service:PA0042500,,,2024_provider_identity_reviewed,639,https://services.arcgis.com/nx9zcV4VjX0IwxpW/arcgis/rest/services/Police_Jurisdictions/FeatureServer/0,2026-07-06T16:43:28.733000+00:00
4200762352,Beaver,Potter Township,Police Service contracted from another municipality,Center Twp,PA0041800,42:police_service:PA0041800,,,2024_fbi_covered_by,520,https://services.arcgis.com/nx9zcV4VjX0IwxpW/arcgis/rest/services/Police_Jurisdictions/FeatureServer/0,2026-07-06T16:43:28.733000+00:00
4200762888,Beaver,Pulaski Township,Police Service contracted from another municipality,Pulaski Twp,PA0041600,42:police_service:PA0041600,,,2024_fbi_covered_by,1300,https://services.arcgis.com/nx9zcV4VjX0IwxpW/arcgis/rest/services/Police_Jurisdictions/FeatureServer/0,2026-07-06T16:43:28.733000+00:00
4200763224,Beaver,Raccoon Township,Municipal Police Force,Raccoon Twp,PA0042800,42:police_service:PA0042800,,,2024_active_official_provider,2793,https://services.arcgis.com/nx9zcV4VjX0IwxpW/arcgis/rest/services/Police_Jurisdictions/FeatureServer/0,2026-07-06T16:43:28.733000+00:00
4200765392,Beaver,Rochester Borough,Municipal Police Force,Rochester Boro,PA0040700,42:police_service:PA0040700,,,2024_fbi_covered_by,3472,https://services.arcgis.com/nx9zcV4VjX0IwxpW/arcgis/rest/services/Police_Jurisdictions/FeatureServer/0,2026-07-06T16:43:28.733000+00:00
4200765400,Beaver,Rochester Township,Regional Police Service,Beaver Valley Regional Police Department,PA0046400,42:police_service:PA0046400,,,2024_fbi_covered_by,2711,https://services.arcgis.com/nx9zcV4VjX0IwxpW/arcgis/rest/services/Police_Jurisdictions/FeatureServer/0,2026-07-06T16:43:28.733000+00:00
4200770376,Beaver,Shippingport Borough,Municipal Police Force,Shippingport Boro,PA0045100,42:police_service:PA0045100,,,2024_provider_identity_reviewed,160,https://services.arcgis.com/nx9zcV4VjX0IwxpW/arcgis/rest/services/Police_Jurisdictions/FeatureServer/0,2026-07-06T16:43:28.733000+00:00
4200771952,Beaver,South Beaver Township,Municipal Police Force,South Beaver Twp,PA0043900,42:police_service:PA0043900,,,2024_active_official_provider,2680,https://services.arcgis.com/nx9zcV4VjX0IwxpW/arcgis/rest/services/Police_Jurisdictions/FeatureServer/0,2026-07-06T16:43:28.733000+00:00
4200772216,Beaver,South Heights Borough,Municipal Police Force,South Heights Boro,PA0044900,42:police_service:PA0044900,,,2024_provider_identity_reviewed,384,https://services.arcgis.com/nx9zcV4VjX0IwxpW/arcgis/rest/services/Police_Jurisdictions/FeatureServer/0,2026-07-06T16:43:28.733000+00:00
4200779856,Beaver,Vanport Township,Police Service contracted from another municipality,Beaver Boro,PA0040400,42:police_service:PA0040400,,,2024_fbi_covered_by,1295,https://services.arcgis.com/nx9zcV4VjX0IwxpW/arcgis/rest/services/Police_Jurisdictions/FeatureServer/0,2026-07-06T16:43:28.733000+00:00
4200783472,Beaver,West Mayfield Borough,Police Service contracted from another municipality,Beaver Falls City,PA0040500,42:police_service:PA0040500,,,2024_fbi_covered_by,1195,https://services.arcgis.com/nx9zcV4VjX0IwxpW/arcgis/rest/services/Police_Jurisdictions/FeatureServer/0,2026-07-06T16:43:28.733000+00:00
4200784444,Beaver,White Township,Police Service contracted from another municipality,Patterson Twp,PA0042500,42:police_service:PA0042500,,,2024_fbi_covered_by,1316,https://services.arcgis.com/nx9zcV4VjX0IwxpW/arcgis/rest/services/Police_Jurisdictions/FeatureServer/0,2026-07-06T16:43:28.733000+00:00
4200904944,Bedford,Bedford Borough,Municipal Police Force,Bedford Boro,PA0050100,42:police_service:PA0050100,,,2024_provider_identity_reviewed,2865,https://services.arcgis.com/nx9zcV4VjX0IwxpW/arcgis/rest/services/Police_Jurisdictions/FeatureServer/0,2026-07-06T16:43:28.733000+00:00
4200904952,Bedford,Bedford Township,State Police coverage only,State Police Coverage Only,PA005SP00,42:police_service:PA005SP00,,PAPSP0400,2024_provider_identity_reviewed,5105,https://services.arcgis.com/nx9zcV4VjX0IwxpW/arcgis/rest/services/Police_Jurisdictions/FeatureServer/0,2026-07-06T16:43:28.733000+00:00
4200907024,Bedford,Bloomfield Township,State Police coverage only,State Police Coverage Only,PA005SP00,42:police_service:PA005SP00,,PAPSP0400,2024_provider_identity_reviewed,1041,https://services.arcgis.com/nx9zcV4VjX0IwxpW/arcgis/rest/services/Police_Jurisdictions/FeatureServer/0,2026-07-06T16:43:28.733000+00:00
4200908880,Bedford,Broad Top Township,State Police coverage only,State Police Coverage Only,PA005SP00,42:police_service:PA005SP00,,PAPSP0400,2024_provider_identity_reviewed,1441,https://services.arcgis.com/nx9zcV4VjX0IwxpW/arcgis/rest/services/Police_Jurisdictions/FeatureServer/0,2026-07-06T16:43:28.733000+00:00
4200914584,Bedford,Coaldale Borough,State Police coverage only,State Police Coverage Only,PA005SP00,42:police_service:PA005SP00,,PAPSP0400,2024_provider_identity_reviewed,126,https://services.arcgis.com/nx9zcV4VjX0IwxpW/arcgis/rest/services/Police_Jurisdictions/FeatureServer/0,2026-07-06T16:43:28.733000+00:00
4200915032,Bedford,Colerain Township,State Police coverage only,State Police Coverage Only,PA005SP00,42:police_service:PA005SP00,,PAPSP0400,2024_provider_identity_reviewed,1132,https://services.arcgis.com/nx9zcV4VjX0IwxpW/arcgis/rest/services/Police_Jurisdictions/FeatureServer/0,2026-07-06T16:43:28.733000+00:00
4200917664,Bedford,Cumberland Valley Township,State Police coverage only,State Police Coverage Only,PA005SP00,42:police_service:PA005SP00,,PAPSP0400,2024_provider_identity_reviewed,1454,https://services.arcgis.com/nx9zcV4VjX0IwxpW/arcgis/rest/services/Police_Jurisdictions/FeatureServer/0,2026-07-06T16:43:28.733000+00:00
4200921736,Bedford,East Providence Township,State Police coverage only,State Police Coverage Only,PA005SP00,42:police_service:PA005SP00,,PAPSP0400,2024_provider_identity_reviewed,1760,https://services.arcgis.com/nx9zcV4VjX0IwxpW/arcgis/rest/services/Police_Jurisdictions/FeatureServer/0,2026-07-06T16:43:28.733000+00:00
4200921788,Bedford,East St. Clair Township,State Police coverage only,State Police Coverage Only,PA005SP00,42:police_service:PA005SP00,,PAPSP0400,2024_provider_identity_reviewed,2908,https://services.arcgis.com/nx9zcV4VjX0IwxpW/arcgis/rest/services/Police_Jurisdictions/FeatureServer/0,2026-07-06T16:43:28.733000+00:00
4200924304,Bedford,Everett Borough,Municipal Police Force,Everett Boro,PA0050200,42:police_service:PA0050200,,,2024_provider_identity_reviewed,1765,https://services.arcgis.com/nx9zcV4VjX0IwxpW/arcgis/rest/services/Police_Jurisdictions/FeatureServer/0,2026-07-06T16:43:28.733000+00:00
4200932840,Bedford,Harrison Township,State Police coverage only,State Police Coverage Only,PA005SP00,42:police_service:PA005SP00,,PAPSP0400,2024_provider_identity_reviewed,932,https://services.arcgis.com/nx9zcV4VjX0IwxpW/arcgis/rest/services/Police_Jurisdictions/FeatureServer/0,2026-07-06T16:43:28.733000+00:00
4200935648,Bedford,Hopewell Borough,State Police coverage only,State Police Coverage Only,PA005SP00,42:police_service:PA005SP00,,PAPSP0400,2024_fbi_covered_by,189,https://services.arcgis.com/nx9zcV4VjX0IwxpW/arcgis/rest/services/Police_Jurisdictions/FeatureServer/0,2026-07-06T16:43:28.733000+00:00
4200935656,Bedford,Hopewell Township,State Police coverage only,State Police Coverage Only,PA005SP00,42:police_service:PA005SP00,,PAPSP0400,2024_provider_identity_reviewed,1889,https://services.arcgis.com/nx9zcV4VjX0IwxpW/arcgis/rest/services/Police_Jurisdictions/FeatureServer/0,2026-07-06T16:43:28.733000+00:00
4200936640,Bedford,Hyndman Borough,State Police coverage only,State Police Coverage Only,PA005SP00,42:police_service:PA005SP00,,PAPSP0400,2024_fbi_covered_by,863,https://services.arcgis.com/nx9zcV4VjX0IwxpW/arcgis/rest/services/Police_Jurisdictions/FeatureServer/0,2026-07-06T16:43:28.733000+00:00
4200938576,Bedford,Juniata Township,State Police coverage only,State Police Coverage Only,PA005SP00,42:police_service:PA005SP00,,PAPSP0400,2024_provider_identity_reviewed,898,https://services.arcgis.com/nx9zcV4VjX0IwxpW/arcgis/rest/services/Police_Jurisdictions/FeatureServer/0,2026-07-06T16:43:28.733000+00:00
4200939658,Bedford,Kimmel Township,State Police coverage only,State Police Coverage Only,PA005SP00,42:police_service:PA005SP00,,PAPSP0400,2024_provider_identity_reviewed,1525,https://services.arcgis.com/nx9zcV4VjX0IwxpW/arcgis/rest/services/Police_Jurisdictions/FeatureServer/0,2026-07-06T16:43:28.733000+00:00
4200939720,Bedford,King Township,State Police coverage only,State Police Coverage Only,PA005SP00,42:police_service:PA005SP00,,PAPSP0400,2024_provider_identity_reviewed,1181,https://services.arcgis.com/nx9zcV4VjX0IwxpW/arcgis/rest/services/Police_Jurisdictions/FeatureServer/0,2026-07-06T16:43:28.733000+00:00
4200943072,Bedford,Liberty Township,Police Service contracted from another municipality,Saxton Boro,PA0050400,42:police_service:PA0050400,,,2024_fbi_covered_by,1382,https://services.arcgis.com/nx9zcV4VjX0IwxpW/arcgis/rest/services/Police_Jurisdictions/FeatureServer/0,2026-07-06T16:43:28.733000+00:00
4200943416,Bedford,Lincoln Township,State Police coverage only,State Police Coverage Only,PA005SP00,42:police_service:PA005SP00,,PAPSP0400,2024_provider_identity_reviewed,390,https://services.arcgis.com/nx9zcV4VjX0IwxpW/arcgis/rest/services/Police_Jurisdictions/FeatureServer/0,2026-07-06T16:43:28.733000+00:00
4200944448,Bedford,Londonderry Township,State Police coverage only,State Police Coverage Only,PA005SP00,42:police_service:PA005SP00,,PAPSP0400,2024_provider_identity_reviewed,1637,https://services.arcgis.com/nx9zcV4VjX0IwxpW/arcgis/rest/services/Police_Jurisdictions/FeatureServer/0,2026-07-06T16:43:28.733000+00:00
4200946928,Bedford,Mann Township,State Police coverage only,State Police Coverage Only,PA005SP00,42:police_service:PA005SP00,,PAPSP0400,2024_provider_identity_reviewed,507,https://services.arcgis.com/nx9zcV4VjX0IwxpW/arcgis/rest/services/Police_Jurisdictions/FeatureServer/0,2026-07-06T16:43:28.733000+00:00
4200946944,Bedford,Manns Choice Borough,State Police coverage only,State Police Coverage Only,PA005SP00,42:police_service:PA005SP00,,PAPSP0400,2024_provider_identity_reviewed,316,https://services.arcgis.com/nx9zcV4VjX0IwxpW/arcgis/rest/services/Police_Jurisdictions/FeatureServer/0,2026-07-06T16:43:28.733000+00:00
4200950424,Bedford,Monroe Township,State Police coverage only,State Police Coverage Only,PA005SP00,42:police_service:PA005SP00,,PAPSP0400,2024_provider_identity_reviewed,1393,https://services.arcgis.com/nx9zcV4VjX0IwxpW/arcgis/rest/services/Police_Jurisdictions/FeatureServer/0,2026-07-06T16:43:28.733000+00:00
4200952648,Bedford,Napier Township,State Police coverage only,State Police Coverage Only,PA005SP00,42:police_service:PA005SP00,,PAPSP0400,2024_provider_identity_reviewed,2031,https://services.arcgis.com/nx9zcV4VjX0IwxpW/arcgis/rest/services/Police_Jurisdictions/FeatureServer/0,2026-07-06T16:43:28.733000+00:00
4200953928,Bedford,New Paris Borough,State Police coverage only,State Police Coverage Only,PA005SP00,42:police_service:PA005SP00,,PAPSP0400,2024_provider_identity_reviewed,192,https://services.arcgis.com/nx9zcV4VjX0IwxpW/arcgis/rest/services/Police_Jurisdictions/FeatureServer/0,2026-07-06T16:43:28.733000+00:00
4200958492,Bedford,Pavia Township,State Police coverage only,State Police Coverage Only,PA005SP00,42:police_service:PA005SP00,,PAPSP0400,2024_provider_identity_reviewed,286,https://services.arcgis.com/nx9zcV4VjX0IwxpW/arcgis/rest/services/Police_Jurisdictions/FeatureServer/0,2026-07-06T16:43:28.733000+00:00
4200961496,Bedford,Pleasantville Borough,State Police coverage only,State Police Coverage Only,PA005SP00,42:police_service:PA005SP00,,PAPSP0400,2024_provider_identity_reviewed,191,https://services.arcgis.com/nx9zcV4VjX0IwxpW/arcgis/rest/services/Police_Jurisdictions/FeatureServer/0,2026-07-06T16:43:28.733000+00:00
4200963312,Bedford,Rainsburg Borough,State Police coverage only,State Police Coverage Only,PA005SP00,42:police_service:PA005SP00,,PAPSP0400,2024_provider_identity_reviewed,141,https://services.arcgis.com/nx9zcV4VjX0IwxpW/arcgis/rest/services/Police_Jurisdictions/FeatureServer/0,2026-07-06T16:43:28.733000+00:00
4200967256,Bedford,St. Clairsville Borough,State Police coverage only,State Police Coverage Only,PA005SP00,42:police_service:PA005SP00,,PAPSP0400,2024_provider_identity_reviewed,76,https://services.arcgis.com/nx9zcV4VjX0IwxpW/arcgis/rest/services/Police_Jurisdictions/FeatureServer/0,2026-07-06T16:43:28.733000+00:00
4200968072,Bedford,Saxton Borough,Municipal Police Force,Saxton Boro,PA0050400,42:police_service:PA0050400,,,2024_fbi_covered_by,726,https://services.arcgis.com/nx9zcV4VjX0IwxpW/arcgis/rest/services/Police_Jurisdictions/FeatureServer/0,2026-07-06T16:43:28.733000+00:00
4200968152,Bedford,Schellsburg Borough,State Police coverage only,State Police Coverage Only,PA005SP00,42:police_service:PA005SP00,,PAPSP0400,2024_provider_identity_reviewed,330,https://services.arcgis.com/nx9zcV4VjX0IwxpW/arcgis/rest/services/Police_Jurisdictions/FeatureServer/0,2026-07-06T16:43:28.733000+00:00
4200971544,Bedford,Snake Spring Township,State Police coverage only,State Police Coverage Only,PA005SP00,42:police_service:PA005SP00,,PAPSP0400,2024_provider_identity_reviewed,1770,https://services.arcgis.com/nx9zcV4VjX0IwxpW/arcgis/rest/services/Police_Jurisdictions/FeatureServer/0,2026-07-06T16:43:28.733000+00:00
4200971888,Bedford,Southampton Township,State Police coverage only,State Police Coverage Only,PA005SP00,42:police_service:PA005SP00,,PAPSP0400,2024_provider_identity_reviewed,847,https://services.arcgis.com/nx9zcV4VjX0IwxpW/arcgis/rest/services/Police_Jurisdictions/FeatureServer/0,2026-07-06T16:43:28.733000+00:00
4200972656,Bedford,South Woodbury Township,State Police coverage only,State Police Coverage Only,PA005SP00,42:police_service:PA005SP00,,PAPSP0400,2024_provider_identity_reviewed,2083,https://services.arcgis.com/nx9zcV4VjX0IwxpW/arcgis/rest/services/Police_Jurisdictions/FeatureServer/0,2026-07-06T16:43:28.733000+00:00
4200983920,Bedford,West Providence Township,State Police coverage only,State Police Coverage Only,PA005SP00,42:police_service:PA005SP00,,PAPSP0400,2024_provider_identity_reviewed,3082,https://services.arcgis.com/nx9zcV4VjX0IwxpW/arcgis/rest/services/Police_Jurisdictions/FeatureServer/0,2026-07-06T16:43:28.733000+00:00
4200983972,Bedford,West St. Clair Township,State Police coverage only,State Police Coverage Only,PA005SP00,42:police_service:PA005SP00,,PAPSP0400,2024_provider_identity_reviewed,1658,https://services.arcgis.com/nx9zcV4VjX0IwxpW/arcgis/rest/services/Police_Jurisdictions/FeatureServer/0,2026-07-06T16:43:28.733000+00:00
4200986128,Bedford,Woodbury Borough,State Police coverage only,State Police Coverage Only,PA005SP00,42:police_service:PA005SP00,,PAPSP0400,2024_provider_identity_reviewed,286,https://services.arcgis.com/nx9zcV4VjX0IwxpW/arcgis/rest/services/Police_Jurisdictions/FeatureServer/0,2026-07-06T16:43:28.733000+00:00
4200986136,Bedford,Woodbury Township,State Police coverage only,State Police Coverage Only,PA005SP00,42:police_service:PA005SP00,,PAPSP0400,2024_provider_identity_reviewed,1179,https://services.arcgis.com/nx9zcV4VjX0IwxpW/arcgis/rest/services/Police_Jurisdictions/FeatureServer/0,2026-07-06T16:43:28.733000+00:00
4201100588,Berks,Albany Township,State Police coverage only,State Police Coverage Only,PA006SP00,42:police_service:PA006SP00,,PAPSP7200,2024_provider_identity_reviewed,1660,https://services.arcgis.com/nx9zcV4VjX0IwxpW/arcgis/rest/services/Police_Jurisdictions/FeatureServer/0,2026-07-06T16:43:28.733000+00:00
4201102120,Berks,Alsace Township,State Police coverage only,State Police Coverage Only,PA006SP00,42:police_service:PA006SP00,,PAPSP7200,2024_provider_identity_reviewed,3834,https://services.arcgis.com/nx9zcV4VjX0IwxpW/arcgis/rest/services/Police_Jurisdictions/FeatureServer/0,2026-07-06T16:43:28.733000+00:00
4201102328,Berks,Amity Township,Municipal Police Force,Amity Twp,PA0065000,42:police_service:PA0065000,,,2024_active_official_provider,13396,https://services.arcgis.com/nx9zcV4VjX0IwxpW/arcgis/rest/services/Police_Jurisdictions/FeatureServer/0,2026-07-06T16:43:28.733000+00:00
4201103984,Berks,Bally Borough,Municipal Police Force,Bally Boro,PA0063000,42:police_service:PA0063000,,,2024_provider_identity_reviewed,1228,https://services.arcgis.com/nx9zcV4VjX0IwxpW/arcgis/rest/services/Police_Jurisdictions/FeatureServer/0,2026-07-06T16:43:28.733000+00:00
4201104896,Berks,Bechtelsville Borough,Regional Police Service,Eastern Berks Regional Police Dept.,PA0067100,42:police_service:PA0067100,,,2024_provider_identity_reviewed,884,https://services.arcgis.com/nx9zcV4VjX0IwxpW/arcgis/rest/services/Police_Jurisdictions/FeatureServer/0,2026-07-06T16:43:28.733000+00:00
4201105816,Berks,Bern Township,Municipal Police Force,Bern Twp,PA0063100,42:police_service:PA0063100,,,2024_active_official_provider,6706,https://services.arcgis.com/nx9zcV4VjX0IwxpW/arcgis/rest/services/Police_Jurisdictions/FeatureServer/0,2026-07-06T16:43:28.733000+00:00
4201105848,Berks,Bernville Borough,Municipal Police Force,Bernville Boro,PA0063200,42:police_service:PA0063200,,,2024_provider_identity_reviewed,905,https://services.arcgis.com/nx9zcV4VjX0IwxpW/arcgis/rest/services/Police_Jurisdictions/FeatureServer/0,2026-07-06T16:43:28.733000+00:00
4201106008,Berks,Bethel Township,Municipal Police Force,Bethel Twp,PA0064200,42:police_service:PA0064200,,,2024_active_official_provider,4059,https://services.arcgis.com/nx9zcV4VjX0IwxpW/arcgis/rest/services/Police_Jurisdictions/FeatureServer/0,2026-07-06T16:43:28.733000+00:00
4201106504,Berks,Birdsboro Borough,Municipal Police Force,Birdsboro Boro,PA0060100,42:police_service:PA0060100,,,2024_provider_identity_reviewed,5106,https://services.arcgis.com/nx9zcV4VjX0IwxpW/arcgis/rest/services/Police_Jurisdictions/FeatureServer/0,2026-07-06T16:43:28.733000+00:00
4201107960,Berks,Boyertown Borough,Regional Police Service,Eastern Berks Regional Police Department,PA0067100,42:police_service:PA0067100,,,2024_fbi_covered_by,4264,https://services.arcgis.com/nx9zcV4VjX0IwxpW/arcgis/rest/services/Police_Jurisdictions/FeatureServer/0,2026-07-06T16:43:28.733000+00:00
4201108344,Berks,Brecknock Township,Municipal Police Force,Brecknock Twp,PA0064300,42:police_service:PA0064300,,,2024_active_official_provider,4602,https://services.arcgis.com/nx9zcV4VjX0IwxpW/arcgis/rest/services/Police_Jurisdictions/FeatureServer/0,2026-07-06T16:43:28.733000+00:00
4201110696,Berks,Caernarvon Township,Municipal Police Force,Caernarvon Twp,PA0062400,42:police_service:PA0062400,,,2024_active_official_provider,4234,https://services.arcgis.com/nx9zcV4VjX0IwxpW/arcgis/rest/services/Police_Jurisdictions/FeatureServer/0,2026-07-06T16:43:28.733000+00:00
4201112104,Berks,Centerport Borough,State Police coverage only,State Police Coverage Only,PA006SP00,42:police_service:PA006SP00,,PAPSP7200,2024_provider_identity_reviewed,314,https://services.arcgis.com/nx9zcV4VjX0IwxpW/arcgis/rest/services/Police_Jurisdictions/FeatureServer/0,2026-07-06T16:43:28.733000+00:00
4201112344,Berks,Centre Township,State Police coverage only,State Police Coverage Only,PA006SP00,42:police_service:PA006SP00,,PAPSP7200,2024_provider_identity_reviewed,4130,https://services.arcgis.com/nx9zcV4VjX0IwxpW/arcgis/rest/services/Police_Jurisdictions/FeatureServer/0,2026-07-06T16:43:28.733000+00:00
4201114984,Berks,Colebrookdale Township,Regional Police Service,Eastern Berks Regional Police,PA0067100,42:police_service:PA0067100,,,2024_provider_identity_reviewed,5112,https://services.arcgis.com/nx9zcV4VjX0IwxpW/arcgis/rest/services/Police_Jurisdictions/FeatureServer/0,2026-07-06T16:43:28.733000+00:00
4201117720,Berks,Cumru Township,Municipal Police Force,Cumru Twp,PA0060300,42:police_service:PA0060300,,,2024_active_official_provider,15619,https://services.arcgis.com/nx9zcV4VjX0IwxpW/arcgis/rest/services/Police_Jurisdictions/FeatureServer/0,2026-07-06T16:43:28.733000+00:00
4201119312,Berks,District Township,State Police coverage only,State Police Coverage Only,PA006SP00,42:police_service:PA006SP00,,PAPSP7200,2024_provider_identity_reviewed,1378,https://services.arcgis.com/nx9zcV4VjX0IwxpW/arcgis/rest/services/Police_Jurisdictions/FeatureServer/0,2026-07-06T16:43:28.733000+00:00
4201119664,Berks,Douglass Township,Municipal Police Force,Douglass Twp,PA0063400,42:police_service:PA0063400,,,2024_active_official_provider,3670,https://services.arcgis.com/nx9zcV4VjX0IwxpW/arcgis/rest/services/Police_Jurisdictions/FeatureServer/0,2026-07-06T16:43:28.733000+00:00
4201120680,Berks,Earl Township,State Police coverage only,State Police Coverage Only,PA006SP00,42:police_service:PA006SP00,,PAPSP7200,2024_provider_identity_reviewed,3097,https://services.arcgis.com/nx9zcV4VjX0IwxpW/arcgis/rest/services/Police_Jurisdictions/FeatureServer/0,2026-07-06T16:43:28.733000+00:00
4201124384,Berks,Exeter Township,Municipal Police Force,Exeter Twp,PA0060400,42:police_service:PA0060400,,,2024_active_official_provider,25466,https://services.arcgis.com/nx9zcV4VjX0IwxpW/arcgis/rest/services/Police_Jurisdictions/FeatureServer/0,2026-07-06T16:43:28.733000+00:00
4201126280,Berks,Fleetwood Borough,Municipal Police Force,Fleetwood Boro,PA0060500,42:police_service:PA0060500,,,2024_provider_identity_reviewed,4049,https://services.arcgis.com/nx9zcV4VjX0IwxpW/arcgis/rest/services/Police_Jurisdictions/FeatureServer/0,2026-07-06T16:43:28.733000+00:00
4201131352,Berks,Greenwich Township,State Police coverage only,State Police Coverage Only,PA006SP00,42:police_service:PA006SP00,,PAPSP7200,2024_provider_identity_reviewed,3428,https://services.arcgis.com/nx9zcV4VjX0IwxpW/arcgis/rest/services/Police_Jurisdictions/FeatureServer/0,2026-07-06T16:43:28.733000+00:00
4201132120,Berks,Hamburg Borough,Municipal Police Force,Hamburg Boro,PA0060600,42:police_service:PA0060600,,,2024_provider_identity_reviewed,4270,https://services.arcgis.com/nx9zcV4VjX0IwxpW/arcgis/rest/services/Police_Jurisdictions/FeatureServer/0,2026-07-06T16:43:28.733000+00:00
4201133600,Berks,Heidelberg Township,Police Service contracted from another municipality,South Heidelberg Twp,PA0064700,42:police_service:PA0064700,,,2024_fbi_covered_by,1731,https://services.arcgis.com/nx9zcV4VjX0IwxpW/arcgis/rest/services/Police_Jurisdictions/FeatureServer/0,2026-07-06T16:43:28.733000+00:00
4201134016,Berks,Hereford Township,State Police coverage only,State Police Coverage Only,PA006SP00,42:police_service:PA006SP00,,PAPSP7200,2024_provider_identity_reviewed,2962,https://services.arcgis.com/nx9zcV4VjX0IwxpW/arcgis/rest/services/Police_Jurisdictions/FeatureServer/0,2026-07-06T16:43:28.733000+00:00
4201137824,Berks,Jefferson Township,State Police coverage only,State Police Coverage Only,PA006SP00,42:police_service:PA006SP00,,PAPSP7200,2024_fbi_covered_by,2369,https://services.arcgis.com/nx9zcV4VjX0IwxpW/arcgis/rest/services/Police_Jurisdictions/FeatureServer/0,2026-07-06T16:43:28.733000+00:00
4201139256,Berks,Kenhorst Borough,Police Service contracted from another municipality,Reading City,PA0061400,42:police_service:PA0061400,,,2024_fbi_covered_by,3001,https://services.arcgis.com/nx9zcV4VjX0IwxpW/arcgis/rest/services/Police_Jurisdictions/FeatureServer/0,2026-07-06T16:43:28.733000+00:00
4201140656,Berks,Kutztown Borough,Municipal Police Force,Kutztown Boro,PA0060800,42:police_service:PA0060800,,,2024_provider_identity_reviewed,4162,https://services.arcgis.com/nx9zcV4VjX0IwxpW/arcgis/rest/services/Police_Jurisdictions/FeatureServer/0,2026-07-06T16:43:28.733000+00:00
4201141768,Berks,Laureldale Borough,Municipal Police Force,Laureldale Boro,PA0060900,42:police_service:PA0060900,,,2024_provider_identity_reviewed,4277,https://services.arcgis.com/nx9zcV4VjX0IwxpW/arcgis/rest/services/Police_Jurisdictions/FeatureServer/0,2026-07-06T16:43:28.733000+00:00
4201142352,Berks,Leesport Borough,Regional Police Service,Northern Berks Regional,PA0062800,42:police_service:PA0062800,,,2024_fbi_covered_by,1954,https://services.arcgis.com/nx9zcV4VjX0IwxpW/arcgis/rest/services/Police_Jurisdictions/FeatureServer/0,2026-07-06T16:43:28.733000+00:00
4201142688,Berks,Lenhartsville Borough,State Police coverage only,State Police Coverage Only,PA006SP00,42:police_service:PA006SP00,,PAPSP7200,2024_provider_identity_reviewed,180,https://services.arcgis.com/nx9zcV4VjX0IwxpW/arcgis/rest/services/Police_Jurisdictions/FeatureServer/0,2026-07-06T16:43:28.733000+00:00
4201144584,Berks,Longswamp Township,State Police coverage only,State Police Coverage Only,PA006SP00,42:police_service:PA006SP00,,PAPSP7200,2024_provider_identity_reviewed,5567,https://services.arcgis.com/nx9zcV4VjX0IwxpW/arcgis/rest/services/Police_Jurisdictions/FeatureServer/0,2026-07-06T16:43:28.733000+00:00
4201144840,Berks,Lower Alsace Township,Regional Police Service,Central Berks,PA0063500,42:police_service:PA0063500,,,2024_provider_identity_reviewed,4716,https://services.arcgis.com/nx9zcV4VjX0IwxpW/arcgis/rest/services/Police_Jurisdictions/FeatureServer/0,2026-07-06T16:43:28.733000+00:00
4201144928,Berks,Lower Heidelberg Township,Municipal Police Force,Lower Heidelberg Twp,PA0063600,42:police_service:PA0063600,,,2024_provider_identity_reviewed,6230,https://services.arcgis.com/nx9zcV4VjX0IwxpW/arcgis/rest/services/Police_Jurisdictions/FeatureServer/0,2026-07-06T16:43:28.733000+00:00
4201145752,Berks,Lyons Borough,State Police coverage only,State Police Coverage Only,PA006SP00,42:police_service:PA006SP00,,PAPSP7200,2024_provider_identity_reviewed,439,https://services.arcgis.com/nx9zcV4VjX0IwxpW/arcgis/rest/services/Police_Jurisdictions/FeatureServer/0,2026-07-06T16:43:28.733000+00:00
4201146680,Berks,Maidencreek Township,Regional Police Service,Northern Berks Regional Police,PA0062800,42:police_service:PA0062800,,,2024_fbi_covered_by,9169,https://services.arcgis.com/nx9zcV4VjX0IwxpW/arcgis/rest/services/Police_Jurisdictions/FeatureServer/0,2026-07-06T16:43:28.733000+00:00
4201147440,Berks,Marion Township,Police Service contracted from another municipality,Tulpehocken Twp,PA0066000,42:police_service:PA0066000,,,2024_provider_identity_reviewed,1833,https://services.arcgis.com/nx9zcV4VjX0IwxpW/arcgis/rest/services/Police_Jurisdictions/FeatureServer/0,2026-07-06T16:43:28.733000+00:00
4201148128,Berks,Maxatawny Township,State Police coverage only,State Police Coverage Only,PA006SP00,42:police_service:PA006SP00,,PAPSP7200,2024_provider_identity_reviewed,7181,https://services.arcgis.com/nx9zcV4VjX0IwxpW/arcgis/rest/services/Police_Jurisdictions/FeatureServer/0,2026-07-06T16:43:28.733000+00:00
4201150272,Berks,Mohnton Borough,Municipal Police Force,Mohnton Boro,PA0061100,42:police_service:PA0061100,,,2024_provider_identity_reviewed,2927,https://services.arcgis.com/nx9zcV4VjX0IwxpW/arcgis/rest/services/Police_Jurisdictions/FeatureServer/0,2026-07-06T16:43:28.733000+00:00
4201151760,Berks,Mount Penn Borough,Regional Police Service,Central Berks,PA0063500,42:police_service:PA0063500,,,2024_fbi_covered_by,3240,https://services.arcgis.com/nx9zcV4VjX0IwxpW/arcgis/rest/services/Police_Jurisdictions/FeatureServer/0,2026-07-06T16:43:28.733000+00:00
4201152200,Berks,Muhlenberg Township,Municipal Police Force,Muhlenberg Twp,PA0061300,42:police_service:PA0061300,,,2024_active_official_provider,21915,https://services.arcgis.com/nx9zcV4VjX0IwxpW/arcgis/rest/services/Police_Jurisdictions/FeatureServer/0,2026-07-06T16:43:28.733000+00:00
4201153916,Berks,New Morgan Borough,Police Service contracted from another municipality,Caernarvon Twp,PA0062400,42:police_service:PA0062400,,,2024_provider_identity_reviewed,54,https://services.arcgis.com/nx9zcV4VjX0IwxpW/arcgis/rest/services/Police_Jurisdictions/FeatureServer/0,2026-07-06T16:43:28.733000+00:00
4201155088,Berks,North Heidelberg Township,State Police coverage only,State Police Coverage Only,PA006SP00,42:police_service:PA006SP00,,PAPSP7200,2024_provider_identity_reviewed,1220,https://services.arcgis.com/nx9zcV4VjX0IwxpW/arcgis/rest/services/Police_Jurisdictions/FeatureServer/0,2026-07-06T16:43:28.733000+00:00
4201156672,Berks,Oley Township,Regional Police Service,Central Berks Regional Police Department,PA0063500,42:police_service:PA0063500,,,2024_fbi_covered_by,3810,https://services.arcgis.com/nx9zcV4VjX0IwxpW/arcgis/rest/services/Police_Jurisdictions/FeatureServer/0,2026-07-06T16:43:28.733000+00:00
4201156856,Berks,Ontelaunee Township,Regional Police Service,Northern Berks Regional Police Department,PA0062800,42:police_service:PA0062800,,,2024_provider_identity_reviewed,2598,https://services.arcgis.com/nx9zcV4VjX0IwxpW/arcgis/rest/services/Police_Jurisdictions/FeatureServer/0,2026-07-06T16:43:28.733000+00:00
4201158784,Berks,Penn Township,State Police coverage only,State Police Coverage Only,PA006SP00,42:police_service:PA006SP00,,PAPSP7200,2024_provider_identity_reviewed,2122,https://services.arcgis.com/nx9zcV4VjX0IwxpW/arcgis/rest/services/Police_Jurisdictions/FeatureServer/0,2026-07-06T16:43:28.733000+00:00
4201159448,Berks,Perry Township,State Police coverage only,State Police Coverage Only,PA006SP00,42:police_service:PA006SP00,,PAPSP7200,2024_provider_identity_reviewed,2475,https://services.arcgis.com/nx9zcV4VjX0IwxpW/arcgis/rest/services/Police_Jurisdictions/FeatureServer/0,2026-07-06T16:43:28.733000+00:00
4201160176,Berks,Pike Township,State Police coverage only,State Police Coverage Only,PA006SP00,42:police_service:PA006SP00,,PAPSP7200,2024_provider_identity_reviewed,1595,https://services.arcgis.com/nx9zcV4VjX0IwxpW/arcgis/rest/services/Police_Jurisdictions/FeatureServer/0,2026-07-06T16:43:28.733000+00:00
4201163624,Berks,Reading City,Municipal Police Force,Reading City,PA0061400,42:police_service:PA0061400,,,2024_provider_identity_reviewed,95112,https://services.arcgis.com/nx9zcV4VjX0IwxpW/arcgis/rest/services/Police_Jurisdictions/FeatureServer/0,2026-07-06T16:43:28.733000+00:00
4201164592,Berks,Richmond Township,Police Service contracted from another municipality,Fleetwood Boro,PA0060500,42:police_service:PA0060500,,,2024_provider_identity_reviewed,3603,https://services.arcgis.com/nx9zcV4VjX0IwxpW/arcgis/rest/services/Police_Jurisdictions/FeatureServer/0,2026-07-06T16:43:28.733000+00:00
4201165320,Berks,Robeson Township,Municipal Police Force,Robeson Twp,PA0062900,42:police_service:PA0062900,,,2024_active_official_provider,7538,https://services.arcgis.com/nx9zcV4VjX0IwxpW/arcgis/rest/services/Police_Jurisdictions/FeatureServer/0,2026-07-06T16:43:28.733000+00:00
4201165336,Berks,Robesonia Borough,Police Service contracted from another municipality,South Heidelberg Twp,PA0064700,42:police_service:PA0064700,,,2024_fbi_covered_by,2035,https://services.arcgis.com/nx9zcV4VjX0IwxpW/arcgis/rest/services/Police_Jurisdictions/FeatureServer/0,2026-07-06T16:43:28.733000+00:00
4201165544,Berks,Rockland Township,State Police coverage only,State Police Coverage Only,PA006SP00,42:police_service:PA006SP00,,PAPSP7200,2024_provider_identity_reviewed,3646,https://services.arcgis.com/nx9zcV4VjX0IwxpW/arcgis/rest/services/Police_Jurisdictions/FeatureServer/0,2026-07-06T16:43:28.733000+00:00
4201166728,Berks,Ruscombmanor Township,Police Service contracted from another municipality,Fleetwood Boro,PA0060500,42:police_service:PA0060500,,,2024_provider_identity_reviewed,3998,https://services.arcgis.com/nx9zcV4VjX0IwxpW/arcgis/rest/services/Police_Jurisdictions/FeatureServer/0,2026-07-06T16:43:28.733000+00:00
4201167304,Berks,St. Lawrence Borough,Regional Police Service,Central Berks Regional Police Department,PA0063500,42:police_service:PA0063500,,,2024_provider_identity_reviewed,1892,https://services.arcgis.com/nx9zcV4VjX0IwxpW/arcgis/rest/services/Police_Jurisdictions/FeatureServer/0,2026-07-06T16:43:28.733000+00:00
4201170248,Berks,Shillington Borough,Municipal Police Force,Shillington Boro,PA0061600,42:police_service:PA0061600,,,2024_provider_identity_reviewed,5475,https://services.arcgis.com/nx9zcV4VjX0IwxpW/arcgis/rest/services/Police_Jurisdictions/FeatureServer/0,2026-07-06T16:43:28.733000+00:00
4201170464,Berks,Shoemakersville Borough,State Police coverage only,State Police Coverage Only,PA006SP00,42:police_service:PA006SP00,,PAPSP7200,2024_fbi_covered_by,1360,https://services.arcgis.com/nx9zcV4VjX0IwxpW/arcgis/rest/services/Police_Jurisdictions/FeatureServer/0,2026-07-06T16:43:28.733000+00:00
4201170880,Berks,Sinking Spring Borough,Municipal Police Force,Sinking Spring Boro,PA0061700,42:police_service:PA0061700,,,2024_provider_identity_reviewed,4286,https://services.arcgis.com/nx9zcV4VjX0IwxpW/arcgis/rest/services/Police_Jurisdictions/FeatureServer/0,2026-07-06T16:43:28.733000+00:00
4201172208,Berks,South Heidelberg Township,Municipal Police Force,South Heidelberg Twp,PA0064700,42:police_service:PA0064700,,,2024_active_official_provider,7663,https://services.arcgis.com/nx9zcV4VjX0IwxpW/arcgis/rest/services/Police_Jurisdictions/FeatureServer/0,2026-07-06T16:43:28.733000+00:00
4201172824,Berks,Spring Township,Municipal Police Force,Spring Twp,PA0061800,42:police_service:PA0061800,,,2024_active_official_provider,28407,https://services.arcgis.com/nx9zcV4VjX0IwxpW/arcgis/rest/services/Police_Jurisdictions/FeatureServer/0,2026-07-06T16:43:28.733000+00:00
4201176712,Berks,Tilden Township,Municipal Police Force,Tilden Twp,PA0066200,42:police_service:PA0066200,,,2024_active_official_provider,3603,https://services.arcgis.com/nx9zcV4VjX0IwxpW/arcgis/rest/services/Police_Jurisdictions/FeatureServer/0,2026-07-06T16:43:28.733000+00:00
4201177104,Berks,Topton Borough,State Police coverage only,State Police Coverage Only,PA006SP00,42:police_service:PA006SP00,,PAPSP7200,2024_provider_identity_reviewed,2041,https://services.arcgis.com/nx9zcV4VjX0IwxpW/arcgis/rest/services/Police_Jurisdictions/FeatureServer/0,2026-07-06T16:43:28.733000+00:00
4201177752,Berks,Tulpehocken Township,Municipal Police Force,Tulpehocken Twp,PA0066000,42:police_service:PA0066000,,,2024_provider_identity_reviewed,3415,https://services.arcgis.com/nx9zcV4VjX0IwxpW/arcgis/rest/services/Police_Jurisdictions/FeatureServer/0,2026-07-06T16:43:28.733000+00:00
4201178280,Berks,Union Township,State Police coverage only,State Police Coverage Only,PA006SP00,42:police_service:PA006SP00,,PAPSP7200,2024_provider_identity_reviewed,3886,https://services.arcgis.com/nx9zcV4VjX0IwxpW/arcgis/rest/services/Police_Jurisdictions/FeatureServer/0,2026-07-06T16:43:28.733000+00:00
4201178752,Berks,Upper Bern Township,State Police coverage only,State Police Coverage Only,PA006SP00,42:police_service:PA006SP00,,PAPSP7200,2024_provider_identity_reviewed,1606,https://services.arcgis.com/nx9zcV4VjX0IwxpW/arcgis/rest/services/Police_Jurisdictions/FeatureServer/0,2026-07-06T16:43:28.733000+00:00
4201179328,Berks,Upper Tulpehocken Township,State Police coverage only,State Police Coverage Only,PA006SP00,42:police_service:PA006SP00,,PAPSP7200,2024_provider_identity_reviewed,1856,https://services.arcgis.com/nx9zcV4VjX0IwxpW/arcgis/rest/services/Police_Jurisdictions/FeatureServer/0,2026-07-06T16:43:28.733000+00:00
4201181184,Berks,Washington Township,State Police coverage only,State Police Coverage Only,PA006SP00,42:police_service:PA006SP00,,PAPSP7200,2024_provider_identity_reviewed,4443,https://services.arcgis.com/nx9zcV4VjX0IwxpW/arcgis/rest/services/Police_Jurisdictions/FeatureServer/0,2026-07-06T16:43:28.733000+00:00
4201182296,Berks,Wernersville Borough,Police Service contracted from another municipality,South Heidelberg Twp,PA0064700,42:police_service:PA0064700,,,2024_provider_identity_reviewed,2776,https://services.arcgis.com/nx9zcV4VjX0IwxpW/arcgis/rest/services/Police_Jurisdictions/FeatureServer/0,2026-07-06T16:43:28.733000+00:00
4201183928,Berks,West Reading Borough,Municipal Police Force,West Reading Boro,PA0062100,42:police_service:PA0062100,,,2024_provider_identity_reviewed,4553,https://services.arcgis.com/nx9zcV4VjX0IwxpW/arcgis/rest/services/Police_Jurisdictions/FeatureServer/0,2026-07-06T16:43:28.733000+00:00
4201185720,Berks,Windsor Township,State Police coverage only,State Police Coverage Only,PA006SP00,42:police_service:PA006SP00,,PAPSP7200,2024_provider_identity_reviewed,2489,https://services.arcgis.com/nx9zcV4VjX0IwxpW/arcgis/rest/services/Police_Jurisdictions/FeatureServer/0,2026-07-06T16:43:28.733000+00:00
4201186056,Berks,Womelsdorf Borough,Municipal Police Force,Womelsdorf Boro,PA0065200,42:police_service:PA0065200,,,2024_provider_identity_reviewed,2892,https://services.arcgis.com/nx9zcV4VjX0IwxpW/arcgis/rest/services/Police_Jurisdictions/FeatureServer/0,2026-07-06T16:43:28.733000+00:00
4201186880,Berks,Wyomissing Borough,Municipal Police Force,Wyomissing Boro,PA0062200,42:police_service:PA0062200,,,2024_provider_identity_reviewed,11114,https://services.arcgis.com/nx9zcV4VjX0IwxpW/arcgis/rest/services/Police_Jurisdictions/FeatureServer/0,2026-07-06T16:43:28.733000+00:00
4201300852,Blair,Allegheny Township,Municipal Police Force,Allegheny Twp,PA0070700,42:police_service:PA0070700,,,2024_active_official_provider,6585,https://services.arcgis.com/nx9zcV4VjX0IwxpW/arcgis/rest/services/Police_Jurisdictions/FeatureServer/0,2026-07-06T16:43:28.733000+00:00
4201302184,Blair,Altoona City,Municipal Police Force,Altoona City,PA0070100,42:police_service:PA0070100,,,2024_provider_identity_reviewed,43963,https://services.arcgis.com/nx9zcV4VjX0IwxpW/arcgis/rest/services/Police_Jurisdictions/FeatureServer/0,2026-07-06T16:43:28.733000+00:00
4201302680,Blair,Antis Township,State Police coverage only,State Police Coverage Only,PA007SP00,42:police_service:PA007SP00,,,2024_provider_identity_reviewed,6478,https://services.arcgis.com/nx9zcV4VjX0IwxpW/arcgis/rest/services/Police_Jurisdictions/FeatureServer/0,2026-07-06T16:43:28.733000+00:00
4201305384,Blair,Bellwood Borough,Municipal Police Force,Bellwood Boro,PA0070500,42:police_service:PA0070500,,,2024_provider_identity_reviewed,1827,https://services.arcgis.com/nx9zcV4VjX0IwxpW/arcgis/rest/services/Police_Jurisdictions/FeatureServer/0,2026-07-06T16:43:28.733000+00:00
4201306872,Blair,Blair Township,Municipal Police Force,Blair Twp,PA0071500,42:police_service:PA0071500,,,2024_active_official_provider,4783,https://services.arcgis.com/nx9zcV4VjX0IwxpW/arcgis/rest/services/Police_Jurisdictions/FeatureServer/0,2026-07-06T16:43:28.733000+00:00
4201311760,Blair,Catharine Township,State Police coverage only,State Police Coverage Only,PA007SP00,42:police_service:PA007SP00,,,2024_provider_identity_reviewed,771,https://services.arcgis.com/nx9zcV4VjX0IwxpW/arcgis/rest/services/Police_Jurisdictions/FeatureServer/0,2026-07-06T16:43:28.733000+00:00
4201320248,Blair,Duncansville Borough,Municipal Police Force,Duncansville Boro,PA0070800,42:police_service:PA0070800,,,2024_provider_identity_reviewed,1255,https://services.arcgis.com/nx9zcV4VjX0IwxpW/arcgis/rest/services/Police_Jurisdictions/FeatureServer/0,2026-07-06T16:43:28.733000+00:00
4201327600,Blair,Frankstown Township,State Police coverage only,State Police Coverage Only,PA007SP00,42:police_service:PA007SP00,,,2024_provider_identity_reviewed,7399,https://services.arcgis.com/nx9zcV4VjX0IwxpW/arcgis/rest/services/Police_Jurisdictions/FeatureServer/0,2026-07-06T16:43:28.733000+00:00
4201327720,Blair,Freedom Township,Municipal Police Force,Freedom Twp,PA0071800,42:police_service:PA0071800,,,2024_active_official_provider,3002,https://services.arcgis.com/nx9zcV4VjX0IwxpW/arcgis/rest/services/Police_Jurisdictions/FeatureServer/0,2026-07-06T16:43:28.733000+00:00
4201331000,Blair,Greenfield Township,Municipal Police Force,Greenfield Twp,PA0071100,42:police_service:PA0071100,,,2024_active_official_provider,3788,https://services.arcgis.com/nx9zcV4VjX0IwxpW/arcgis/rest/services/Police_Jurisdictions/FeatureServer/0,2026-07-06T16:43:28.733000+00:00
4201335224,Blair,Hollidaysburg Borough,Municipal Police Force,Hollidaysburg Boro,PA0070200,42:police_service:PA0070200,,,2024_provider_identity_reviewed,5641,https://services.arcgis.com/nx9zcV4VjX0IwxpW/arcgis/rest/services/Police_Jurisdictions/FeatureServer/0,2026-07-06T16:43:28.733000+00:00
4201336496,Blair,Huston Township,Police Service contracted from another municipality,Martinsburg Boro,PA0070900,42:police_service:PA0070900,,,2024_provider_identity_reviewed,1252,https://services.arcgis.com/nx9zcV4VjX0IwxpW/arcgis/rest/services/Police_Jurisdictions/FeatureServer/0,2026-07-06T16:43:28.733000+00:00
4201338592,Blair,Juniata Township,State Police coverage only,State Police Coverage Only,PA007SP00,42:police_service:PA007SP00,,,2024_provider_identity_reviewed,968,https://services.arcgis.com/nx9zcV4VjX0IwxpW/arcgis/rest/services/Police_Jurisdictions/FeatureServer/0,2026-07-06T16:43:28.733000+00:00
4201344328,Blair,Logan Township,Municipal Police Force,Logan Twp,PA0070300,42:police_service:PA0070300,,,2024_active_official_provider,12413,https://services.arcgis.com/nx9zcV4VjX0IwxpW/arcgis/rest/services/Police_Jurisdictions/FeatureServer/0,2026-07-06T16:43:28.733000+00:00
4201347872,Blair,Martinsburg Borough,Municipal Police Force,Martinsburg Boro,PA0070900,42:police_service:PA0070900,,,2024_provider_identity_reviewed,1876,https://services.arcgis.com/nx9zcV4VjX0IwxpW/arcgis/rest/services/Police_Jurisdictions/FeatureServer/0,2026-07-06T16:43:28.733000+00:00
4201354024,Blair,Newry Borough,Police Service contracted from another municipality,Newry Boro,PA007SP00,42:police_service:PA007SP00,,,2024_psp_service,230,https://services.arcgis.com/nx9zcV4VjX0IwxpW/arcgis/rest/services/Police_Jurisdictions/FeatureServer/0,2026-07-06T16:43:28.733000+00:00
4201355592,Blair,North Woodbury Township,Municipal Police Force,North Woodbury Twp,PA0071700,42:police_service:PA0071700,,,2024_provider_identity_reviewed,2433,https://services.arcgis.com/nx9zcV4VjX0IwxpW/arcgis/rest/services/Police_Jurisdictions/FeatureServer/0,2026-07-06T16:43:28.733000+00:00
4201365256,Blair,Roaring Spring Borough,Municipal Police Force,Roaring Spring Boro,PA0070600,42:police_service:PA0070600,,,2024_provider_identity_reviewed,2384,https://services.arcgis.com/nx9zcV4VjX0IwxpW/arcgis/rest/services/Police_Jurisdictions/FeatureServer/0,2026-07-06T16:43:28.733000+00:00
4201371624,Blair,Snyder Township,State Police coverage only,State Police Coverage Only,PA007SP00,42:police_service:PA007SP00,,,2024_fbi_covered_by,3344,https://services.arcgis.com/nx9zcV4VjX0IwxpW/arcgis/rest/services/Police_Jurisdictions/FeatureServer/0,2026-07-06T16:43:28.733000+00:00
4201376160,Blair,Taylor Township,Police Service contracted from another municipality,Freedom Twp,PA0071800,42:police_service:PA0071800,,,2024_provider_identity_reviewed,2296,https://services.arcgis.com/nx9zcV4VjX0IwxpW/arcgis/rest/services/Police_Jurisdictions/FeatureServer/0,2026-07-06T16:43:28.733000+00:00
4201378168,Blair,Tyrone Borough,Municipal Police Force,Tyrone Boro,PA0070400,42:police_service:PA0070400,,,2024_provider_identity_reviewed,5480,https://services.arcgis.com/nx9zcV4VjX0IwxpW/arcgis/rest/services/Police_Jurisdictions/FeatureServer/0,2026-07-06T16:43:28.733000+00:00
4201378176,Blair,Tyrone Township,State Police coverage only,State Police Coverage Only,PA007SP00,42:police_service:PA007SP00,,,2024_provider_identity_reviewed,1876,https://services.arcgis.com/nx9zcV4VjX0IwxpW/arcgis/rest/services/Police_Jurisdictions/FeatureServer/0,2026-07-06T16:43:28.733000+00:00
4201385272,Blair,Williamsburg Borough,Municipal Police Force,Williamsburg Boro,PA0071000,42:police_service:PA0071000,,,2024_provider_identity_reviewed,1233,https://services.arcgis.com/nx9zcV4VjX0IwxpW/arcgis/rest/services/Police_Jurisdictions/FeatureServer/0,2026-07-06T16:43:28.733000+00:00
4201386144,Blair,Woodbury Township,State Police coverage only,State Police Coverage Only,PA007SP00,42:police_service:PA007SP00,,,2024_provider_identity_reviewed,1437,https://services.arcgis.com/nx9zcV4VjX0IwxpW/arcgis/rest/services/Police_Jurisdictions/FeatureServer/0,2026-07-06T16:43:28.733000+00:00
4201500572,Bradford,Alba Borough,State Police coverage only,State Police Coverage Only,PA008SP00,42:police_service:PA008SP00,,,2024_provider_identity_reviewed,133,https://services.arcgis.com/nx9zcV4VjX0IwxpW/arcgis/rest/services/Police_Jurisdictions/FeatureServer/0,2026-07-06T16:43:28.733000+00:00
4201500596,Bradford,Albany Township,State Police coverage only,State Police Coverage Only,PA008SP00,42:police_service:PA008SP00,,,2024_provider_identity_reviewed,858,https://services.arcgis.com/nx9zcV4VjX0IwxpW/arcgis/rest/services/Police_Jurisdictions/FeatureServer/0,2026-07-06T16:43:28.733000+00:00
4201503056,Bradford,Armenia Township,State Police coverage only,State Police Coverage Only,PA008SP00,42:police_service:PA008SP00,,,2024_provider_identity_reviewed,210,https://services.arcgis.com/nx9zcV4VjX0IwxpW/arcgis/rest/services/Police_Jurisdictions/FeatureServer/0,2026-07-06T16:43:28.733000+00:00
4201503360,Bradford,Asylum Township,State Police coverage only,State Police Coverage Only,PA008SP00,42:police_service:PA008SP00,,,2024_provider_identity_reviewed,1001,https://services.arcgis.com/nx9zcV4VjX0IwxpW/arcgis/rest/services/Police_Jurisdictions/FeatureServer/0,2026-07-06T16:43:28.733000+00:00
4201503392,Bradford,Athens Borough,Municipal Police Force,Athens Boro,PA0080100,42:police_service:PA0080100,,,2024_provider_identity_reviewed,3267,https://services.arcgis.com/nx9zcV4VjX0IwxpW/arcgis/rest/services/Police_Jurisdictions/FeatureServer/0,2026-07-06T16:43:28.733000+00:00
4201503400,Bradford,Athens Township,Municipal Police Force,Athens Twp,PA0080800,42:police_service:PA0080800,,,2024_active_official_provider,5184,https://services.arcgis.com/nx9zcV4VjX0IwxpW/arcgis/rest/services/Police_Jurisdictions/FeatureServer/0,2026-07-06T16:43:28.733000+00:00
4201510240,Bradford,Burlington Borough,State Police coverage only,State Police Coverage Only,PA008SP00,42:police_service:PA008SP00,,,2024_provider_identity_reviewed,144,https://services.arcgis.com/nx9zcV4VjX0IwxpW/arcgis/rest/services/Police_Jurisdictions/FeatureServer/0,2026-07-06T16:43:28.733000+00:00
4201510248,Bradford,Burlington Township,State Police coverage only,State Police Coverage Only,PA008SP00,42:police_service:PA008SP00,,,2024_provider_identity_reviewed,681,https://services.arcgis.com/nx9zcV4VjX0IwxpW/arcgis/rest/services/Police_Jurisdictions/FeatureServer/0,2026-07-06T16:43:28.733000+00:00
4201511160,Bradford,Canton Borough,Municipal Police Force,Canton Boro,PA0080200,42:police_service:PA0080200,,,2024_provider_identity_reviewed,1735,https://services.arcgis.com/nx9zcV4VjX0IwxpW/arcgis/rest/services/Police_Jurisdictions/FeatureServer/0,2026-07-06T16:43:28.733000+00:00
4201511168,Bradford,Canton Township,State Police coverage only,State Police Coverage Only,PA008SP00,42:police_service:PA008SP00,,,2024_provider_identity_reviewed,1936,https://services.arcgis.com/nx9zcV4VjX0IwxpW/arcgis/rest/services/Police_Jurisdictions/FeatureServer/0,2026-07-06T16:43:28.733000+00:00
4201515376,Bradford,Columbia Township,State Police coverage only,State Police Coverage Only,PA008SP00,42:police_service:PA008SP00,,,2024_provider_identity_reviewed,1167,https://services.arcgis.com/nx9zcV4VjX0IwxpW/arcgis/rest/services/Police_Jurisdictions/FeatureServer/0,2026-07-06T16:43:28.733000+00:00
4201527344,Bradford,Franklin Township,State Police coverage only,State Police Coverage Only,PA008SP00,42:police_service:PA008SP00,,,2024_provider_identity_reviewed,620,https://services.arcgis.com/nx9zcV4VjX0IwxpW/arcgis/rest/services/Police_Jurisdictions/FeatureServer/0,2026-07-06T16:43:28.733000+00:00
4201530464,Bradford,Granville Township,State Police coverage only,State Police Coverage Only,PA008SP00,42:police_service:PA008SP00,,,2024_provider_identity_reviewed,899,https://services.arcgis.com/nx9zcV4VjX0IwxpW/arcgis/rest/services/Police_Jurisdictions/FeatureServer/0,2026-07-06T16:43:28.733000+00:00
4201534088,Bradford,Herrick Township,State Police coverage only,State Police Coverage Only,PA008SP00,42:police_service:PA008SP00,,,2024_provider_identity_reviewed,737,https://services.arcgis.com/nx9zcV4VjX0IwxpW/arcgis/rest/services/Police_Jurisdictions/FeatureServer/0,2026-07-06T16:43:28.733000+00:00
4201542824,Bradford,Le Raysville Borough,State Police coverage only,State Police Coverage Only,PA008SP00,42:police_service:PA008SP00,,,2024_provider_identity_reviewed,292,https://services.arcgis.com/nx9zcV4VjX0IwxpW/arcgis/rest/services/Police_Jurisdictions/FeatureServer/0,2026-07-06T16:43:28.733000+00:00
4201542856,Bradford,Leroy Township,State Police coverage only,State Police Coverage Only,PA008SP00,42:police_service:PA008SP00,,,2024_provider_identity_reviewed,635,https://services.arcgis.com/nx9zcV4VjX0IwxpW/arcgis/rest/services/Police_Jurisdictions/FeatureServer/0,2026-07-06T16:43:28.733000+00:00
4201543792,Bradford,Litchfield Township,State Police coverage only,State Police Coverage Only,PA008SP00,42:police_service:PA008SP00,,,2024_provider_identity_reviewed,1273,https://services.arcgis.com/nx9zcV4VjX0IwxpW/arcgis/rest/services/Police_Jurisdictions/FeatureServer/0,2026-07-06T16:43:28.733000+00:00
4201550432,Bradford,Monroe Borough,State Police coverage only,State Police Coverage Only,PA008SP00,42:police_service:PA008SP00,,,2024_provider_identity_reviewed,478,https://services.arcgis.com/nx9zcV4VjX0IwxpW/arcgis/rest/services/Police_Jurisdictions/FeatureServer/0,2026-07-06T16:43:28.733000+00:00
4201550440,Bradford,Monroe Township,State Police coverage only,State Police Coverage Only,PA008SP00,42:police_service:PA008SP00,,,2024_provider_identity_reviewed,1104,https://services.arcgis.com/nx9zcV4VjX0IwxpW/arcgis/rest/services/Police_Jurisdictions/FeatureServer/0,2026-07-06T16:43:28.733000+00:00
4201553152,Bradford,New Albany Borough,State Police coverage only,State Police Coverage Only,PA008SP00,42:police_service:PA008SP00,,,2024_provider_identity_reviewed,251,https://services.arcgis.com/nx9zcV4VjX0IwxpW/arcgis/rest/services/Police_Jurisdictions/FeatureServer/0,2026-07-06T16:43:28.733000+00:00
4201555448,Bradford,North Towanda Township,State Police coverage only,State Police Coverage Only,PA008SP00,42:police_service:PA008SP00,,,2024_provider_identity_reviewed,1051,https://services.arcgis.com/nx9zcV4VjX0IwxpW/arcgis/rest/services/Police_Jurisdictions/FeatureServer/0,2026-07-06T16:43:28.733000+00:00
4201557176,Bradford,Orwell Township,State Police coverage only,State Police Coverage Only,PA008SP00,42:police_service:PA008SP00,,,2024_provider_identity_reviewed,1186,https://services.arcgis.com/nx9zcV4VjX0IwxpW/arcgis/rest/services/Police_Jurisdictions/FeatureServer/0,2026-07-06T16:43:28.733000+00:00
4201557448,Bradford,Overton Township,State Police coverage only,State Police Coverage Only,PA008SP00,42:police_service:PA008SP00,,,2024_provider_identity_reviewed,241,https://services.arcgis.com/nx9zcV4VjX0IwxpW/arcgis/rest/services/Police_Jurisdictions/FeatureServer/0,2026-07-06T16:43:28.733000+00:00
4201560184,Bradford,Pike Township,State Police coverage only,State Police Coverage Only,PA008SP00,42:police_service:PA008SP00,,,2024_provider_identity_reviewed,624,https://services.arcgis.com/nx9zcV4VjX0IwxpW/arcgis/rest/services/Police_Jurisdictions/FeatureServer/0,2026-07-06T16:43:28.733000+00:00
4201564696,Bradford,Ridgebury Township,State Police coverage only,State Police Coverage Only,PA008SP00,42:police_service:PA008SP00,,,2024_provider_identity_reviewed,1905,https://services.arcgis.com/nx9zcV4VjX0IwxpW/arcgis/rest/services/Police_Jurisdictions/FeatureServer/0,2026-07-06T16:43:28.733000+00:00
4201565944,Bradford,Rome Borough,State Police coverage only,State Police Coverage Only,PA008SP00,42:police_service:PA008SP00,,,2024_fbi_covered_by,384,https://services.arcgis.com/nx9zcV4VjX0IwxpW/arcgis/rest/services/Police_Jurisdictions/FeatureServer/0,2026-07-06T16:43:28.733000+00:00
4201565952,Bradford,Rome Township,State Police coverage only,State Police Coverage Only,PA008SP00,42:police_service:PA008SP00,,,2024_provider_identity_reviewed,1010,https://services.arcgis.com/nx9zcV4VjX0IwxpW/arcgis/rest/services/Police_Jurisdictions/FeatureServer/0,2026-07-06T16:43:28.733000+00:00
4201568096,Bradford,Sayre Borough,Municipal Police Force,Sayre Boro,PA0080300,42:police_service:PA0080300,,,2024_fbi_covered_by,5461,https://services.arcgis.com/nx9zcV4VjX0IwxpW/arcgis/rest/services/Police_Jurisdictions/FeatureServer/0,2026-07-06T16:43:28.733000+00:00
4201570208,Bradford,Sheshequin Township,State Police coverage only,State Police Coverage Only,PA008SP00,42:police_service:PA008SP00,,,2024_provider_identity_reviewed,1298,https://services.arcgis.com/nx9zcV4VjX0IwxpW/arcgis/rest/services/Police_Jurisdictions/FeatureServer/0,2026-07-06T16:43:28.733000+00:00
4201571312,Bradford,Smithfield Township,State Police coverage only,State Police Coverage Only,PA008SP00,42:police_service:PA008SP00,,,2024_provider_identity_reviewed,1457,https://services.arcgis.com/nx9zcV4VjX0IwxpW/arcgis/rest/services/Police_Jurisdictions/FeatureServer/0,2026-07-06T16:43:28.733000+00:00
4201572096,Bradford,South Creek Township,State Police coverage only,State Police Coverage Only,PA008SP00,42:police_service:PA008SP00,,,2024_provider_identity_reviewed,1116,https://services.arcgis.com/nx9zcV4VjX0IwxpW/arcgis/rest/services/Police_Jurisdictions/FeatureServer/0,2026-07-06T16:43:28.733000+00:00
4201572592,Bradford,South Waverly Borough,Police Service contracted from another municipality,Sayre Boro,PA0080300,42:police_service:PA0080300,,,2024_fbi_covered_by,1070,https://services.arcgis.com/nx9zcV4VjX0IwxpW/arcgis/rest/services/Police_Jurisdictions/FeatureServer/0,2026-07-06T16:43:28.733000+00:00
4201573008,Bradford,Springfield Township,State Police coverage only,State Police Coverage Only,PA008SP00,42:police_service:PA008SP00,,,2024_provider_identity_reviewed,1144,https://services.arcgis.com/nx9zcV4VjX0IwxpW/arcgis/rest/services/Police_Jurisdictions/FeatureServer/0,2026-07-06T16:43:28.733000+00:00
4201573632,Bradford,Standing Stone Township,State Police coverage only,State Police Coverage Only,PA008SP00,42:police_service:PA008SP00,,,2024_provider_identity_reviewed,623,https://services.arcgis.com/nx9zcV4VjX0IwxpW/arcgis/rest/services/Police_Jurisdictions/FeatureServer/0,2026-07-06T16:43:28.733000+00:00
4201574032,Bradford,Stevens Township,State Police coverage only,State Police Coverage Only,PA008SP00,42:police_service:PA008SP00,,,2024_provider_identity_reviewed,423,https://services.arcgis.com/nx9zcV4VjX0IwxpW/arcgis/rest/services/Police_Jurisdictions/FeatureServer/0,2026-07-06T16:43:28.733000+00:00
4201575944,Bradford,Sylvania Borough,State Police coverage only,State Police Coverage Only,PA008SP00,42:police_service:PA008SP00,,,2024_provider_identity_reviewed,215,https://services.arcgis.com/nx9zcV4VjX0IwxpW/arcgis/rest/services/Police_Jurisdictions/FeatureServer/0,2026-07-06T16:43:28.733000+00:00
4201576408,Bradford,Terry Township,State Police coverage only,State Police Coverage Only,PA008SP00,42:police_service:PA008SP00,,,2024_provider_identity_reviewed,905,https://services.arcgis.com/nx9zcV4VjX0IwxpW/arcgis/rest/services/Police_Jurisdictions/FeatureServer/0,2026-07-06T16:43:28.733000+00:00
4201577168,Bradford,Towanda Borough,Municipal Police Force,Towanda Boro,PA0080400,42:police_service:PA0080400,,,2024_provider_identity_reviewed,2798,https://services.arcgis.com/nx9zcV4VjX0IwxpW/arcgis/rest/services/Police_Jurisdictions/FeatureServer/0,2026-07-06T16:43:28.733000+00:00
4201577176,Bradford,Towanda Township,State Police coverage only,State Police Coverage Only,PA008SP00,42:police_service:PA008SP00,,,2024_provider_identity_reviewed,1036,https://services.arcgis.com/nx9zcV4VjX0IwxpW/arcgis/rest/services/Police_Jurisdictions/FeatureServer/0,2026-07-06T16:43:28.733000+00:00
4201577584,Bradford,Troy Borough,Municipal Police Force,Troy Boro,PA0080500,42:police_service:PA0080500,,,2024_provider_identity_reviewed,1249,https://services.arcgis.com/nx9zcV4VjX0IwxpW/arcgis/rest/services/Police_Jurisdictions/FeatureServer/0,2026-07-06T16:43:28.733000+00:00
4201577592,Bradford,Troy Township,State Police coverage only,State Police Coverage Only,PA008SP00,42:police_service:PA008SP00,,,2024_provider_identity_reviewed,1585,https://services.arcgis.com/nx9zcV4VjX0IwxpW/arcgis/rest/services/Police_Jurisdictions/FeatureServer/0,2026-07-06T16:43:28.733000+00:00
4201577936,Bradford,Tuscarora Township,State Police coverage only,State Police Coverage Only,PA008SP00,42:police_service:PA008SP00,,,2024_provider_identity_reviewed,1056,https://services.arcgis.com/nx9zcV4VjX0IwxpW/arcgis/rest/services/Police_Jurisdictions/FeatureServer/0,2026-07-06T16:43:28.733000+00:00
4201578232,Bradford,Ulster Township,State Police coverage only,State Police Coverage Only,PA008SP00,42:police_service:PA008SP00,,,2024_fbi_covered_by,1310,https://services.arcgis.com/nx9zcV4VjX0IwxpW/arcgis/rest/services/Police_Jurisdictions/FeatureServer/0,2026-07-06T16:43:28.733000+00:00
4201580984,Bradford,Warren Township,State Police coverage only,State Police Coverage Only,PA008SP00,42:police_service:PA008SP00,,,2024_provider_identity_reviewed,1018,https://services.arcgis.com/nx9zcV4VjX0IwxpW/arcgis/rest/services/Police_Jurisdictions/FeatureServer/0,2026-07-06T16:43:28.733000+00:00
4201582144,Bradford,Wells Township,State Police coverage only,State Police Coverage Only,PA008SP00,42:police_service:PA008SP00,,,2024_provider_identity_reviewed,1150,https://services.arcgis.com/nx9zcV4VjX0IwxpW/arcgis/rest/services/Police_Jurisdictions/FeatureServer/0,2026-07-06T16:43:28.733000+00:00
4201582656,Bradford,West Burlington Township,State Police coverage only,State Police Coverage Only,PA008SP00,42:police_service:PA008SP00,,,2024_provider_identity_reviewed,737,https://services.arcgis.com/nx9zcV4VjX0IwxpW/arcgis/rest/services/Police_Jurisdictions/FeatureServer/0,2026-07-06T16:43:28.733000+00:00
4201585544,Bradford,Wilmot Township,State Police coverage only,State Police Coverage Only,PA008SP00,42:police_service:PA008SP00,,,2024_provider_identity_reviewed,1131,https://services.arcgis.com/nx9zcV4VjX0IwxpW/arcgis/rest/services/Police_Jurisdictions/FeatureServer/0,2026-07-06T16:43:28.733000+00:00
4201585672,Bradford,Windham Township,State Police coverage only,State Police Coverage Only,PA008SP00,42:police_service:PA008SP00,,,2024_provider_identity_reviewed,818,https://services.arcgis.com/nx9zcV4VjX0IwxpW/arcgis/rest/services/Police_Jurisdictions/FeatureServer/0,2026-07-06T16:43:28.733000+00:00
4201586656,Bradford,Wyalusing Borough,State Police coverage only,State Police Coverage Only,PA008SP00,42:police_service:PA008SP00,,,2024_provider_identity_reviewed,613,https://services.arcgis.com/nx9zcV4VjX0IwxpW/arcgis/rest/services/Police_Jurisdictions/FeatureServer/0,2026-07-06T16:43:28.733000+00:00
4201586664,Bradford,Wyalusing Township,State Police coverage only,State Police Coverage Only,PA008SP00,42:police_service:PA008SP00,,,2024_provider_identity_reviewed,1175,https://services.arcgis.com/nx9zcV4VjX0IwxpW/arcgis/rest/services/Police_Jurisdictions/FeatureServer/0,2026-07-06T16:43:28.733000+00:00
4201586912,Bradford,Wysox Township,State Police coverage only,State Police Coverage Only,PA008SP00,42:police_service:PA008SP00,,,2024_provider_identity_reviewed,1573,https://services.arcgis.com/nx9zcV4VjX0IwxpW/arcgis/rest/services/Police_Jurisdictions/FeatureServer/0,2026-07-06T16:43:28.733000+00:00
4201704976,Bucks,Bedminster Township,Municipal Police Force,Bedminster Twp,PA0095300,42:police_service:PA0095300,,,2024_active_official_provider,7541,https://services.arcgis.com/nx9zcV4VjX0IwxpW/arcgis/rest/services/Police_Jurisdictions/FeatureServer/0,2026-07-06T16:43:28.733000+00:00
4201705616,Bucks,Bensalem Township,Municipal Police Force,Bensalem Twp,PA0090100,42:police_service:PA0090100,,,2024_active_official_provider,62707,https://services.arcgis.com/nx9zcV4VjX0IwxpW/arcgis/rest/services/Police_Jurisdictions/FeatureServer/0,2026-07-06T16:43:28.733000+00:00
4201708592,Bucks,Bridgeton Township,State Police coverage only,State Police Coverage Only,PA009SP00,42:police_service:PA009SP00,,,2024_provider_identity_reviewed,1234,https://services.arcgis.com/nx9zcV4VjX0IwxpW/arcgis/rest/services/Police_Jurisdictions/FeatureServer/0,2026-07-06T16:43:28.733000+00:00
4201708760,Bucks,Bristol Borough,Municipal Police Force,Bristol Boro,PA0090200,42:police_service:PA0090200,,,2024_provider_identity_reviewed,9861,https://services.arcgis.com/nx9zcV4VjX0IwxpW/arcgis/rest/services/Police_Jurisdictions/FeatureServer/0,2026-07-06T16:43:28.733000+00:00
4201708768,Bucks,Bristol Township,Municipal Police Force,Bristol Twp,PA0090300,42:police_service:PA0090300,,,2024_active_official_provider,54291,https://services.arcgis.com/nx9zcV4VjX0IwxpW/arcgis/rest/services/Police_Jurisdictions/FeatureServer/0,2026-07-06T16:43:28.733000+00:00
4201709816,Bucks,Buckingham Township,Municipal Police Force,Buckingham Twp,PA0094700,42:police_service:PA0094700,,,2024_active_official_provider,20851,https://services.arcgis.com/nx9zcV4VjX0IwxpW/arcgis/rest/services/Police_Jurisdictions/FeatureServer/0,2026-07-06T16:43:28.733000+00:00
4201712504,Bucks,Chalfont Borough,Regional Police Service,Central Bucks Regional Police,PA0096300,42:police_service:PA0096300,,,2024_fbi_covered_by,4253,https://services.arcgis.com/nx9zcV4VjX0IwxpW/arcgis/rest/services/Police_Jurisdictions/FeatureServer/0,2026-07-06T16:43:28.733000+00:00
4201719784,Bucks,Doylestown Borough,Regional Police Service,Central Bucks Regional Police Department,PA0096300,42:police_service:PA0096300,,,2024_fbi_covered_by,8300,https://services.arcgis.com/nx9zcV4VjX0IwxpW/arcgis/rest/services/Police_Jurisdictions/FeatureServer/0,2026-07-06T16:43:28.733000+00:00
4201719792,Bucks,Doylestown Township,Municipal Police Force,Doylestown Twp,PA0092700,42:police_service:PA0092700,,,2024_active_official_provider,17971,https://services.arcgis.com/nx9zcV4VjX0IwxpW/arcgis/rest/services/Police_Jurisdictions/FeatureServer/0,2026-07-06T16:43:28.733000+00:00
4201720104,Bucks,Dublin Borough,Municipal Police Force,Dublin Boro,PA0095700,42:police_service:PA0095700,,,2024_provider_identity_reviewed,2177,https://services.arcgis.com/nx9zcV4VjX0IwxpW/arcgis/rest/services/Police_Jurisdictions/FeatureServer/0,2026-07-06T16:43:28.733000+00:00
4201720480,Bucks,Durham Township,State Police coverage only,State Police Coverage Only,PA009SP00,42:police_service:PA009SP00,,,2024_provider_identity_reviewed,1094,https://services.arcgis.com/nx9zcV4VjX0IwxpW/arcgis/rest/services/Police_Jurisdictions/FeatureServer/0,2026-07-06T16:43:28.733000+00:00
4201721760,Bucks,East Rockhill Township,Regional Police Service,Pennridge Regional Police Dept.,PA0091700,42:police_service:PA0091700,,,2024_fbi_covered_by,5819,https://services.arcgis.com/nx9zcV4VjX0IwxpW/arcgis/rest/services/Police_Jurisdictions/FeatureServer/0,2026-07-06T16:43:28.733000+00:00
4201725112,Bucks,Falls Township,Municipal Police Force,Falls Twp,PA0090500,42:police_service:PA0090500,,,2024_active_official_provider,34716,https://services.arcgis.com/nx9zcV4VjX0IwxpW/arcgis/rest/services/Police_Jurisdictions/FeatureServer/0,2026-07-06T16:43:28.733000+00:00
4201733224,Bucks,Haycock Township,State Police coverage only,State Police Coverage Only,PA009SP00,42:police_service:PA009SP00,,,2024_provider_identity_reviewed,2200,https://services.arcgis.com/nx9zcV4VjX0IwxpW/arcgis/rest/services/Police_Jurisdictions/FeatureServer/0,2026-07-06T16:43:28.733000+00:00
4201734952,Bucks,Hilltown Township,Municipal Police Force,Hilltown Twp,PA0092900,42:police_service:PA0092900,,,2024_active_official_provider,16284,https://services.arcgis.com/nx9zcV4VjX0IwxpW/arcgis/rest/services/Police_Jurisdictions/FeatureServer/0,2026-07-06T16:43:28.733000+00:00
4201736192,Bucks,Hulmeville Borough,Municipal Police Force,Hulmeville Boro,PA0092500,42:police_service:PA0092500,,,2024_provider_identity_reviewed,982,https://services.arcgis.com/nx9zcV4VjX0IwxpW/arcgis/rest/services/Police_Jurisdictions/FeatureServer/0,2026-07-06T16:43:28.733000+00:00
4201737304,Bucks,Ivyland Borough,Municipal Police Force,Ivyland Boro,PA0095200,42:police_service:PA0095200,,,2024_provider_identity_reviewed,955,https://services.arcgis.com/nx9zcV4VjX0IwxpW/arcgis/rest/services/Police_Jurisdictions/FeatureServer/0,2026-07-06T16:43:28.733000+00:00
4201741392,Bucks,Langhorne Borough,Municipal Police Force,Langhorne Boro,PA0096100,42:police_service:PA0096100,,,2024_provider_identity_reviewed,1643,https://services.arcgis.com/nx9zcV4VjX0IwxpW/arcgis/rest/services/Police_Jurisdictions/FeatureServer/0,2026-07-06T16:43:28.733000+00:00
4201741416,Bucks,Langhorne Manor Borough,Municipal Police Force,Langhorne Manor Boro,PA0094100,42:police_service:PA0094100,,,2024_provider_identity_reviewed,1496,https://services.arcgis.com/nx9zcV4VjX0IwxpW/arcgis/rest/services/Police_Jurisdictions/FeatureServer/0,2026-07-06T16:43:28.733000+00:00
4201744968,Bucks,Lower Makefield Township,Municipal Police Force,Lower Makefield Twp,PA0090700,42:police_service:PA0090700,,,2024_active_official_provider,33180,https://services.arcgis.com/nx9zcV4VjX0IwxpW/arcgis/rest/services/Police_Jurisdictions/FeatureServer/0,2026-07-06T16:43:28.733000+00:00
4201745112,Bucks,Lower Southampton Township,Municipal Police Force,Lower Southampton Twp,PA0090800,42:police_service:PA0090800,,,2024_active_official_provider,20599,https://services.arcgis.com/nx9zcV4VjX0IwxpW/arcgis/rest/services/Police_Jurisdictions/FeatureServer/0,2026-07-06T16:43:28.733000+00:00
4201749120,Bucks,Middletown Township,Municipal Police Force,Middletown Twp,PA0090900,42:police_service:PA0090900,,,2024_active_official_provider,46040,https://services.arcgis.com/nx9zcV4VjX0IwxpW/arcgis/rest/services/Police_Jurisdictions/FeatureServer/0,2026-07-06T16:43:28.733000+00:00
4201749384,Bucks,Milford Township,State Police coverage only,State Police Coverage Only,PA009SP00,42:police_service:PA009SP00,,,2024_provider_identity_reviewed,10243,https://services.arcgis.com/nx9zcV4VjX0IwxpW/arcgis/rest/services/Police_Jurisdictions/FeatureServer/0,2026-07-06T16:43:28.733000+00:00
4201751144,Bucks,Morrisville Borough,Municipal Police Force,Morrisville Boro,PA0091000,42:police_service:PA0091000,,,2024_provider_identity_reviewed,9809,https://services.arcgis.com/nx9zcV4VjX0IwxpW/arcgis/rest/services/Police_Jurisdictions/FeatureServer/0,2026-07-06T16:43:28.733000+00:00
4201753296,Bucks,New Britain Borough,Regional Police Service,Central Bucks Regional Police Department,PA0096300,42:police_service:PA0096300,,,2024_fbi_covered_by,2836,https://services.arcgis.com/nx9zcV4VjX0IwxpW/arcgis/rest/services/Police_Jurisdictions/FeatureServer/0,2026-07-06T16:43:28.733000+00:00
4201753304,Bucks,New Britain Township,Municipal Police Force,New Britain Twp,PA0093200,42:police_service:PA0093200,,,2024_active_official_provider,12327,https://services.arcgis.com/nx9zcV4VjX0IwxpW/arcgis/rest/services/Police_Jurisdictions/FeatureServer/0,2026-07-06T16:43:28.733000+00:00
4201753712,Bucks,New Hope Borough,Municipal Police Force,New Hope Boro,PA0091100,42:police_service:PA0091100,,,2024_provider_identity_reviewed,2612,https://services.arcgis.com/nx9zcV4VjX0IwxpW/arcgis/rest/services/Police_Jurisdictions/FeatureServer/0,2026-07-06T16:43:28.733000+00:00
4201754184,Bucks,Newtown Borough,Municipal Police Force,Newtown Boro,PA0096000,42:police_service:PA0096000,,,2024_provider_identity_reviewed,2268,https://services.arcgis.com/nx9zcV4VjX0IwxpW/arcgis/rest/services/Police_Jurisdictions/FeatureServer/0,2026-07-06T16:43:28.733000+00:00
4201754192,Bucks,Newtown Township,Municipal Police Force,Newtown Twp,PA0091200,42:police_service:PA0091200,,,2024_active_official_provider,19895,https://services.arcgis.com/nx9zcV4VjX0IwxpW/arcgis/rest/services/Police_Jurisdictions/FeatureServer/0,2026-07-06T16:43:28.733000+00:00
4201754576,Bucks,Nockamixon Township,State Police coverage only,State Police Coverage Only,PA009SP00,42:police_service:PA009SP00,,,2024_fbi_covered_by,3379,https://services.arcgis.com/nx9zcV4VjX0IwxpW/arcgis/rest/services/Police_Jurisdictions/FeatureServer/0,2026-07-06T16:43:28.733000+00:00
4201754688,Bucks,Northampton Township,Municipal Police Force,Northampton Twp,PA0091300,42:police_service:PA0091300,,,2024_active_official_provider,39915,https://services.arcgis.com/nx9zcV4VjX0IwxpW/arcgis/rest/services/Police_Jurisdictions/FeatureServer/0,2026-07-06T16:43:28.733000+00:00
4201758936,Bucks,Penndel Borough,Municipal Police Force,Penndel Boro,PA0091400,42:police_service:PA0091400,,,2024_provider_identity_reviewed,2515,https://services.arcgis.com/nx9zcV4VjX0IwxpW/arcgis/rest/services/Police_Jurisdictions/FeatureServer/0,2026-07-06T16:43:28.733000+00:00
4201759384,Bucks,Perkasie Borough,Municipal Police Force,Perkasie Boro,PA0091500,42:police_service:PA0091500,,,2024_provider_identity_reviewed,9120,https://services.arcgis.com/nx9zcV4VjX0IwxpW/arcgis/rest/services/Police_Jurisdictions/FeatureServer/0,2026-07-06T16:43:28.733000+00:00
4201761616,Bucks,Plumstead Township,Municipal Police Force,Plumstead Twp,PA0094300,42:police_service:PA0094300,,,2024_active_official_provider,14021,https://services.arcgis.com/nx9zcV4VjX0IwxpW/arcgis/rest/services/Police_Jurisdictions/FeatureServer/0,2026-07-06T16:43:28.733000+00:00
4201763048,Bucks,Quakertown Borough,Municipal Police Force,Quakertown Boro,PA0091600,42:police_service:PA0091600,,,2024_provider_identity_reviewed,9359,https://services.arcgis.com/nx9zcV4VjX0IwxpW/arcgis/rest/services/Police_Jurisdictions/FeatureServer/0,2026-07-06T16:43:28.733000+00:00
4201764536,Bucks,Richland Township,Municipal Police Force,Richland Twp,PA0096200,42:police_service:PA0096200,,,2024_active_official_provider,13837,https://services.arcgis.com/nx9zcV4VjX0IwxpW/arcgis/rest/services/Police_Jurisdictions/FeatureServer/0,2026-07-06T16:43:28.733000+00:00
4201764584,Bucks,Richlandtown Borough,State Police coverage only,State Police Coverage Only,PA009SP00,42:police_service:PA009SP00,,,2024_provider_identity_reviewed,1353,https://services.arcgis.com/nx9zcV4VjX0IwxpW/arcgis/rest/services/Police_Jurisdictions/FeatureServer/0,2026-07-06T16:43:28.733000+00:00
4201764856,Bucks,Riegelsville Borough,State Police coverage only,State Police Coverage Only,PA009SP00,42:police_service:PA009SP00,,,2024_fbi_covered_by,847,https://services.arcgis.com/nx9zcV4VjX0IwxpW/arcgis/rest/services/Police_Jurisdictions/FeatureServer/0,2026-07-06T16:43:28.733000+00:00
4201769248,Bucks,Sellersville Borough,Police Service contracted from another municipality,Perkasie Boro,PA0091500,42:police_service:PA0091500,,,2024_provider_identity_reviewed,4567,https://services.arcgis.com/nx9zcV4VjX0IwxpW/arcgis/rest/services/Police_Jurisdictions/FeatureServer/0,2026-07-06T16:43:28.733000+00:00
4201770744,Bucks,Silverdale Borough,Police Service contracted from another municipality,Hilltown Twp,PA0092900,42:police_service:PA0092900,,,2024_fbi_covered_by,805,https://services.arcgis.com/nx9zcV4VjX0IwxpW/arcgis/rest/services/Police_Jurisdictions/FeatureServer/0,2026-07-06T16:43:28.733000+00:00
4201771752,Bucks,Solebury Township,Municipal Police Force,Solebury Twp,PA0091800,42:police_service:PA0091800,,,2024_active_official_provider,8709,https://services.arcgis.com/nx9zcV4VjX0IwxpW/arcgis/rest/services/Police_Jurisdictions/FeatureServer/0,2026-07-06T16:43:28.733000+00:00
4201773016,Bucks,Springfield Township,Municipal Police Force,Springfield Twp,PA0093500,42:police_service:PA0093500,,,2024_active_official_provider,5175,https://services.arcgis.com/nx9zcV4VjX0IwxpW/arcgis/rest/services/Police_Jurisdictions/FeatureServer/0,2026-07-06T16:43:28.733000+00:00
4201776784,Bucks,Tinicum Township,Municipal Police Force,Tinicum Twp,PA0095100,42:police_service:PA0095100,,,2024_active_official_provider,3818,https://services.arcgis.com/nx9zcV4VjX0IwxpW/arcgis/rest/services/Police_Jurisdictions/FeatureServer/0,2026-07-06T16:43:28.733000+00:00
4201777704,Bucks,Trumbauersville Borough,State Police coverage only,State Police Coverage Only,PA009SP00,42:police_service:PA009SP00,,,2024_provider_identity_reviewed,904,https://services.arcgis.com/nx9zcV4VjX0IwxpW/arcgis/rest/services/Police_Jurisdictions/FeatureServer/0,2026-07-06T16:43:28.733000+00:00
4201777744,Bucks,Tullytown Borough,Municipal Police Force,Tullytown Boro,PA0091900,42:police_service:PA0091900,,,2024_provider_identity_reviewed,2282,https://services.arcgis.com/nx9zcV4VjX0IwxpW/arcgis/rest/services/Police_Jurisdictions/FeatureServer/0,2026-07-06T16:43:28.733000+00:00
4201779128,Bucks,Upper Makefield Township,Municipal Police Force,Upper Makefield Twp,PA0092300,42:police_service:PA0092300,,,2024_provider_identity_reviewed,8857,https://services.arcgis.com/nx9zcV4VjX0IwxpW/arcgis/rest/services/Police_Jurisdictions/FeatureServer/0,2026-07-06T16:43:28.733000+00:00
4201779296,Bucks,Upper Southampton Township,Municipal Police Force,Upper Southampton Twp,PA0092000,42:police_service:PA0092000,,,2024_active_official_provider,15269,https://services.arcgis.com/nx9zcV4VjX0IwxpW/arcgis/rest/services/Police_Jurisdictions/FeatureServer/0,2026-07-06T16:43:28.733000+00:00
4201780952,Bucks,Warminster Township,Municipal Police Force,Warminster Twp,PA0092100,42:police_service:PA0092100,,,2024_active_official_provider,33603,https://services.arcgis.com/nx9zcV4VjX0IwxpW/arcgis/rest/services/Police_Jurisdictions/FeatureServer/0,2026-07-06T16:43:28.733000+00:00
4201781048,Bucks,Warrington Township,Municipal Police Force,Warrington Twp,PA0094500,42:police_service:PA0094500,,,2024_active_official_provider,25639,https://services.arcgis.com/nx9zcV4VjX0IwxpW/arcgis/rest/services/Police_Jurisdictions/FeatureServer/0,2026-07-06T16:43:28.733000+00:00
4201781144,Bucks,Warwick Township,Municipal Police Force,Warwick Twp,PA0093600,42:police_service:PA0093600,,,2024_active_official_provider,14851,https://services.arcgis.com/nx9zcV4VjX0IwxpW/arcgis/rest/services/Police_Jurisdictions/FeatureServer/0,2026-07-06T16:43:28.733000+00:00
4201783960,Bucks,West Rockhill Township,Regional Police Service,Pennridge Regional Police Dept.,PA0091700,42:police_service:PA0091700,,,2024_fbi_covered_by,5439,https://services.arcgis.com/nx9zcV4VjX0IwxpW/arcgis/rest/services/Police_Jurisdictions/FeatureServer/0,2026-07-06T16:43:28.733000+00:00
4201786624,Bucks,Wrightstown Township,Police Service contracted from another municipality,Newtown Twp,PA0091200,42:police_service:PA0091200,,,2024_fbi_covered_by,3286,https://services.arcgis.com/nx9zcV4VjX0IwxpW/arcgis/rest/services/Police_Jurisdictions/FeatureServer/0,2026-07-06T16:43:28.733000+00:00
4201786920,Bucks,Yardley Borough,Municipal Police Force,Yardley Boro,PA0092200,42:police_service:PA0092200,,,2024_provider_identity_reviewed,2605,https://services.arcgis.com/nx9zcV4VjX0IwxpW/arcgis/rest/services/Police_Jurisdictions/FeatureServer/0,2026-07-06T16:43:28.733000+00:00
4201900300,Butler,Adams Township,Municipal Police Force,Adams Twp,PA0103300,42:police_service:PA0103300,,,2024_active_official_provider,14844,https://services.arcgis.com/nx9zcV4VjX0IwxpW/arcgis/rest/services/Police_Jurisdictions/FeatureServer/0,2026-07-06T16:43:28.733000+00:00
4201900860,Butler,Allegheny Township,State Police coverage only,State Police Coverage Only,PA010SP00,42:police_service:PA010SP00,,,2024_provider_identity_reviewed,620,https://services.arcgis.com/nx9zcV4VjX0IwxpW/arcgis/rest/services/Police_Jurisdictions/FeatureServer/0,2026-07-06T16:43:28.733000+00:00
4201908096,Butler,Brady Township,State Police coverage only,State Police Coverage Only,PA010SP00,42:police_service:PA010SP00,,,2024_provider_identity_reviewed,1214,https://services.arcgis.com/nx9zcV4VjX0IwxpW/arcgis/rest/services/Police_Jurisdictions/FeatureServer/0,2026-07-06T16:43:28.733000+00:00
4201909528,Butler,Bruin Borough,State Police coverage only,State Police Coverage Only,PA010SP00,42:police_service:PA010SP00,,,2024_provider_identity_reviewed,423,https://services.arcgis.com/nx9zcV4VjX0IwxpW/arcgis/rest/services/Police_Jurisdictions/FeatureServer/0,2026-07-06T16:43:28.733000+00:00
4201910000,Butler,Buffalo Township,Municipal Police Force,Buffalo Twp,PA0101800,42:police_service:PA0101800,,,2024_provider_identity_reviewed,7900,https://services.arcgis.com/nx9zcV4VjX0IwxpW/arcgis/rest/services/Police_Jurisdictions/FeatureServer/0,2026-07-06T16:43:28.733000+00:00
4201910464,Butler,Butler City,Municipal Police Force,Butler City,PA0100100,42:police_service:PA0100100,,,2024_provider_identity_reviewed,13502,https://services.arcgis.com/nx9zcV4VjX0IwxpW/arcgis/rest/services/Police_Jurisdictions/FeatureServer/0,2026-07-06T16:43:28.733000+00:00
4201910472,Butler,Butler Township,Municipal Police Force,Butler Twp,PA0100200,42:police_service:PA0100200,,,2024_active_official_provider,17230,https://services.arcgis.com/nx9zcV4VjX0IwxpW/arcgis/rest/services/Police_Jurisdictions/FeatureServer/0,2026-07-06T16:43:28.733000+00:00
4201910800,Butler,Callery Borough,Municipal Police Force,Callery Boro,PA0102300,42:police_service:PA0102300,,,2024_provider_identity_reviewed,364,https://services.arcgis.com/nx9zcV4VjX0IwxpW/arcgis/rest/services/Police_Jurisdictions/FeatureServer/0,2026-07-06T16:43:28.733000+00:00
4201912024,Butler,Center Township,State Police coverage only,State Police Coverage Only,PA010SP00,42:police_service:PA010SP00,,,2024_provider_identity_reviewed,7899,https://services.arcgis.com/nx9zcV4VjX0IwxpW/arcgis/rest/services/Police_Jurisdictions/FeatureServer/0,2026-07-06T16:43:28.733000+00:00
4201912992,Butler,Cherry Township,State Police coverage only,State Police Coverage Only,PA010SP00,42:police_service:PA010SP00,,,2024_provider_identity_reviewed,1054,https://services.arcgis.com/nx9zcV4VjX0IwxpW/arcgis/rest/services/Police_Jurisdictions/FeatureServer/0,2026-07-06T16:43:28.733000+00:00
4201913152,Butler,Cherry Valley Borough,State Police coverage only,State Police Coverage Only,PA010SP00,42:police_service:PA010SP00,,,2024_provider_identity_reviewed,60,https://services.arcgis.com/nx9zcV4VjX0IwxpW/arcgis/rest/services/Police_Jurisdictions/FeatureServer/0,2026-07-06T16:43:28.733000+00:00
4201913440,Butler,Chicora Borough,State Police coverage only,State Police Coverage Only,PA010SP00,42:police_service:PA010SP00,,,2024_provider_identity_reviewed,916,https://services.arcgis.com/nx9zcV4VjX0IwxpW/arcgis/rest/services/Police_Jurisdictions/FeatureServer/0,2026-07-06T16:43:28.733000+00:00
4201913936,Butler,Clay Township,State Police coverage only,State Police Coverage Only,PA010SP00,42:police_service:PA010SP00,,,2024_provider_identity_reviewed,2551,https://services.arcgis.com/nx9zcV4VjX0IwxpW/arcgis/rest/services/Police_Jurisdictions/FeatureServer/0,2026-07-06T16:43:28.733000+00:00
4201914048,Butler,Clearfield Township,State Police coverage only,State Police Coverage Only,PA010SP00,42:police_service:PA010SP00,,,2024_provider_identity_reviewed,2427,https://services.arcgis.com/nx9zcV4VjX0IwxpW/arcgis/rest/services/Police_Jurisdictions/FeatureServer/0,2026-07-06T16:43:28.733000+00:00
4201914320,Butler,Clinton Township,State Police coverage only,State Police Coverage Only,PA010SP00,42:police_service:PA010SP00,,,2024_provider_identity_reviewed,2907,https://services.arcgis.com/nx9zcV4VjX0IwxpW/arcgis/rest/services/Police_Jurisdictions/FeatureServer/0,2026-07-06T16:43:28.733000+00:00
4201915480,Butler,Concord Township,State Police coverage only,State Police Coverage Only,PA010SP00,42:police_service:PA010SP00,,,2024_provider_identity_reviewed,1409,https://services.arcgis.com/nx9zcV4VjX0IwxpW/arcgis/rest/services/Police_Jurisdictions/FeatureServer/0,2026-07-06T16:43:28.733000+00:00
4201915808,Butler,Connoquenessing Borough,State Police coverage only,State Police Coverage Only,PA010SP00,42:police_service:PA010SP00,,,2024_provider_identity_reviewed,668,https://services.arcgis.com/nx9zcV4VjX0IwxpW/arcgis/rest/services/Police_Jurisdictions/FeatureServer/0,2026-07-06T16:43:28.733000+00:00
4201915816,Butler,Connoquenessing Township,State Police coverage only,State Police Coverage Only,PA010SP00,42:police_service:PA010SP00,,,2024_provider_identity_reviewed,4263,https://services.arcgis.com/nx9zcV4VjX0IwxpW/arcgis/rest/services/Police_Jurisdictions/FeatureServer/0,2026-07-06T16:43:28.733000+00:00
4201916920,Butler,Cranberry Township,Municipal Police Force,Cranberry Twp,PA0101200,42:police_service:PA0101200,,,2024_active_official_provider,33096,https://services.arcgis.com/nx9zcV4VjX0IwxpW/arcgis/rest/services/Police_Jurisdictions/FeatureServer/0,2026-07-06T16:43:28.733000+00:00
4201919456,Butler,Donegal Township,State Police coverage only,State Police Coverage Only,PA010SP00,42:police_service:PA010SP00,,,2024_provider_identity_reviewed,1823,https://services.arcgis.com/nx9zcV4VjX0IwxpW/arcgis/rest/services/Police_Jurisdictions/FeatureServer/0,2026-07-06T16:43:28.733000+00:00
4201920904,Butler,East Butler Borough,State Police coverage only,State Police Coverage Only,PA010SP00,42:police_service:PA010SP00,,,2024_provider_identity_reviewed,764,https://services.arcgis.com/nx9zcV4VjX0IwxpW/arcgis/rest/services/Police_Jurisdictions/FeatureServer/0,2026-07-06T16:43:28.733000+00:00
4201922128,Butler,Eau Claire Borough,State Police coverage only,State Police Coverage Only,PA010SP00,42:police_service:PA010SP00,,,2024_provider_identity_reviewed,307,https://services.arcgis.com/nx9zcV4VjX0IwxpW/arcgis/rest/services/Police_Jurisdictions/FeatureServer/0,2026-07-06T16:43:28.733000+00:00
4201924248,Butler,Evans City Borough,Municipal Police Force,Evans City Boro,PA010SP00,42:police_service:PA010SP00,,,2024_fbi_covered_by,1737,https://services.arcgis.com/nx9zcV4VjX0IwxpW/arcgis/rest/services/Police_Jurisdictions/FeatureServer/0,2026-07-06T16:43:28.733000+00:00
4201924832,Butler,Fairview Borough,State Police coverage only,State Police Coverage Only,PA010SP00,42:police_service:PA010SP00,,,2024_provider_identity_reviewed,180,https://services.arcgis.com/nx9zcV4VjX0IwxpW/arcgis/rest/services/Police_Jurisdictions/FeatureServer/0,2026-07-06T16:43:28.733000+00:00
4201924840,Butler,Fairview Township,State Police coverage only,State Police Coverage Only,PA010SP00,42:police_service:PA010SP00,,,2024_provider_identity_reviewed,1940,https://services.arcgis.com/nx9zcV4VjX0IwxpW/arcgis/rest/services/Police_Jurisdictions/FeatureServer/0,2026-07-06T16:43:28.733000+00:00
4201926904,Butler,Forward Township,State Police coverage only,State Police Coverage Only,PA010SP00,42:police_service:PA010SP00,,,2024_provider_identity_reviewed,3164,https://services.arcgis.com/nx9zcV4VjX0IwxpW/arcgis/rest/services/Police_Jurisdictions/FeatureServer/0,2026-07-06T16:43:28.733000+00:00
4201927352,Butler,Franklin Township,State Police coverage only,State Police Coverage Only,PA010SP00,42:police_service:PA010SP00,,,2024_provider_identity_reviewed,2598,https://services.arcgis.com/nx9zcV4VjX0IwxpW/arcgis/rest/services/Police_Jurisdictions/FeatureServer/0,2026-07-06T16:43:28.733000+00:00
4201932688,Butler,Harmony Borough,Police Service contracted from another municipality,Zelienople Boro,PA0100400,42:police_service:PA0100400,,,2024_provider_identity_reviewed,942,https://services.arcgis.com/nx9zcV4VjX0IwxpW/arcgis/rest/services/Police_Jurisdictions/FeatureServer/0,2026-07-06T16:43:28.733000+00:00
4201932896,Butler,Harrisville Borough,Municipal Police Force,Harrisville Boro,PA0102900,42:police_service:PA0102900,,,2024_provider_identity_reviewed,819,https://services.arcgis.com/nx9zcV4VjX0IwxpW/arcgis/rest/services/Police_Jurisdictions/FeatureServer/0,2026-07-06T16:43:28.733000+00:00
4201937344,Butler,Jackson Township,Municipal Police Force,Jackson Twp,PA0102200,42:police_service:PA0102200,,,2024_active_official_provider,4883,https://services.arcgis.com/nx9zcV4VjX0IwxpW/arcgis/rest/services/Police_Jurisdictions/FeatureServer/0,2026-07-06T16:43:28.733000+00:00
4201937848,Butler,Jefferson Township,State Police coverage only,State Police Coverage Only,PA010SP00,42:police_service:PA010SP00,,,2024_provider_identity_reviewed,5212,https://services.arcgis.com/nx9zcV4VjX0IwxpW/arcgis/rest/services/Police_Jurisdictions/FeatureServer/0,2026-07-06T16:43:28.733000+00:00
4201938768,Butler,Karns City Borough,State Police coverage only,State Police Coverage Only,PA010SP00,42:police_service:PA010SP00,,,2024_provider_identity_reviewed,175,https://services.arcgis.com/nx9zcV4VjX0IwxpW/arcgis/rest/services/Police_Jurisdictions/FeatureServer/0,2026-07-06T16:43:28.733000+00:00
4201941208,Butler,Lancaster Township,Municipal Police Force,Lancaster Twp,PA0102500,42:police_service:PA0102500,,,2024_active_official_provider,2745,https://services.arcgis.com/nx9zcV4VjX0IwxpW/arcgis/rest/services/Police_Jurisdictions/FeatureServer/0,2026-07-06T16:43:28.733000+00:00
4201947448,Butler,Marion Township,Police Service contracted from another municipality,Harrisville Boro,PA0102900,42:police_service:PA0102900,,,2024_provider_identity_reviewed,1167,https://services.arcgis.com/nx9zcV4VjX0IwxpW/arcgis/rest/services/Police_Jurisdictions/FeatureServer/0,2026-07-06T16:43:28.733000+00:00
4201947672,Butler,Mars Borough,Municipal Police Force,Mars Boro,PA0100800,42:police_service:PA0100800,,,2024_provider_identity_reviewed,1458,https://services.arcgis.com/nx9zcV4VjX0IwxpW/arcgis/rest/services/Police_Jurisdictions/FeatureServer/0,2026-07-06T16:43:28.733000+00:00
4201948688,Butler,Mercer Township,State Police coverage only,State Police Coverage Only,PA010SP00,42:police_service:PA010SP00,,,2024_provider_identity_reviewed,993,https://services.arcgis.com/nx9zcV4VjX0IwxpW/arcgis/rest/services/Police_Jurisdictions/FeatureServer/0,2026-07-06T16:43:28.733000+00:00
4201949056,Butler,Middlesex Township,Municipal Police Force,Middlesex Twp,PA0211300,42:police_service:PA0211300,,,2024_provider_identity_reviewed,6820,https://services.arcgis.com/nx9zcV4VjX0IwxpW/arcgis/rest/services/Police_Jurisdictions/FeatureServer/0,2026-07-06T16:43:28.733000+00:00
4201952176,Butler,Muddy Creek Township,State Police coverage only,State Police Coverage Only,PA010SP00,42:police_service:PA010SP00,,,2024_provider_identity_reviewed,2207,https://services.arcgis.com/nx9zcV4VjX0IwxpW/arcgis/rest/services/Police_Jurisdictions/FeatureServer/0,2026-07-06T16:43:28.733000+00:00
4201955992,Butler,Oakland Township,Police Service contracted from another municipality,Saxonburg Boro,PA0101900,42:police_service:PA0101900,,,2024_provider_identity_reviewed,2769,https://services.arcgis.com/nx9zcV4VjX0IwxpW/arcgis/rest/services/Police_Jurisdictions/FeatureServer/0,2026-07-06T16:43:28.733000+00:00
4201957984,Butler,Parker Township,State Police coverage only,State Police Coverage Only,PA010SP00,42:police_service:PA010SP00,,,2024_provider_identity_reviewed,573,https://services.arcgis.com/nx9zcV4VjX0IwxpW/arcgis/rest/services/Police_Jurisdictions/FeatureServer/0,2026-07-06T16:43:28.733000+00:00
4201958792,Butler,Penn Township,Municipal Police Force,Penn Twp,PA0101000,42:police_service:PA0101000,,,2024_active_official_provider,4990,https://services.arcgis.com/nx9zcV4VjX0IwxpW/arcgis/rest/services/Police_Jurisdictions/FeatureServer/0,2026-07-06T16:43:28.733000+00:00
4201959672,Butler,Petrolia Borough,State Police coverage only,State Police Coverage Only,PA010SP00,42:police_service:PA010SP00,,,2024_provider_identity_reviewed,179,https://services.arcgis.com/nx9zcV4VjX0IwxpW/arcgis/rest/services/Police_Jurisdictions/FeatureServer/0,2026-07-06T16:43:28.733000+00:00
4201962224,Butler,Portersville Borough,State Police coverage only,State Police Coverage Only,PA010SP00,42:police_service:PA010SP00,,,2024_provider_identity_reviewed,231,https://services.arcgis.com/nx9zcV4VjX0IwxpW/arcgis/rest/services/Police_Jurisdictions/FeatureServer/0,2026-07-06T16:43:28.733000+00:00
4201962752,Butler,Prospect Borough,Municipal Police Force,Prospect Boro,PA0103000,42:police_service:PA0103000,,,2024_provider_identity_reviewed,1123,https://services.arcgis.com/nx9zcV4VjX0IwxpW/arcgis/rest/services/Police_Jurisdictions/FeatureServer/0,2026-07-06T16:43:28.733000+00:00
4201968056,Butler,Saxonburg Borough,Municipal Police Force,Saxonburg Boro,PA0101900,42:police_service:PA0101900,,,2024_provider_identity_reviewed,1426,https://services.arcgis.com/nx9zcV4VjX0IwxpW/arcgis/rest/services/Police_Jurisdictions/FeatureServer/0,2026-07-06T16:43:28.733000+00:00
4201969309,Butler,Seven Fields Borough,Regional Police Service,Northern Regional Police Department,PA0021B00,42:police_service:PA0021B00,,,2024_provider_identity_reviewed,2919,https://services.arcgis.com/nx9zcV4VjX0IwxpW/arcgis/rest/services/Police_Jurisdictions/FeatureServer/0,2026-07-06T16:43:28.733000+00:00
4201971184,Butler,Slippery Rock Borough,Municipal Police Force,Slippery Rock Boro,PA0100300,42:police_service:PA0100300,,,2024_provider_identity_reviewed,3081,https://services.arcgis.com/nx9zcV4VjX0IwxpW/arcgis/rest/services/Police_Jurisdictions/FeatureServer/0,2026-07-06T16:43:28.733000+00:00
4201971192,Butler,Slippery Rock Township,State Police coverage only,State Police Coverage Only,PA010SP00,42:police_service:PA010SP00,,,2024_provider_identity_reviewed,6806,https://services.arcgis.com/nx9zcV4VjX0IwxpW/arcgis/rest/services/Police_Jurisdictions/FeatureServer/0,2026-07-06T16:43:28.733000+00:00
4201975184,Butler,Summit Township,State Police coverage only,State Police Coverage Only,PA010SP00,42:police_service:PA010SP00,,,2024_provider_identity_reviewed,4504,https://services.arcgis.com/nx9zcV4VjX0IwxpW/arcgis/rest/services/Police_Jurisdictions/FeatureServer/0,2026-07-06T16:43:28.733000+00:00
4201979504,Butler,Valencia Borough,Police Service contracted from another municipality,Adams Twp,PA0103300,42:police_service:PA0103300,,,2024_provider_identity_reviewed,537,https://services.arcgis.com/nx9zcV4VjX0IwxpW/arcgis/rest/services/Police_Jurisdictions/FeatureServer/0,2026-07-06T16:43:28.733000+00:00
4201979904,Butler,Venango Township,State Police coverage only,State Police Coverage Only,PA010SP00,42:police_service:PA010SP00,,,2024_provider_identity_reviewed,866,https://services.arcgis.com/nx9zcV4VjX0IwxpW/arcgis/rest/services/Police_Jurisdictions/FeatureServer/0,2026-07-06T16:43:28.733000+00:00
4201981192,Butler,Washington Township,State Police coverage only,State Police Coverage Only,PA010SP00,42:police_service:PA010SP00,,,2024_provider_identity_reviewed,1288,https://services.arcgis.com/nx9zcV4VjX0IwxpW/arcgis/rest/services/Police_Jurisdictions/FeatureServer/0,2026-07-06T16:43:28.733000+00:00
4201983376,Butler,West Liberty Borough,State Police coverage only,State Police Coverage Only,PA010SP00,42:police_service:PA010SP00,,,2024_provider_identity_reviewed,335,https://services.arcgis.com/nx9zcV4VjX0IwxpW/arcgis/rest/services/Police_Jurisdictions/FeatureServer/0,2026-07-06T16:43:28.733000+00:00
4201984064,Butler,West Sunbury Borough,State Police coverage only,State Police Coverage Only,PA010SP00,42:police_service:PA010SP00,,,2024_provider_identity_reviewed,182,https://services.arcgis.com/nx9zcV4VjX0IwxpW/arcgis/rest/services/Police_Jurisdictions/FeatureServer/0,2026-07-06T16:43:28.733000+00:00
4201985784,Butler,Winfield Township,State Police coverage only,State Police Coverage Only,PA010SP00,42:police_service:PA010SP00,,,2024_provider_identity_reviewed,3361,https://services.arcgis.com/nx9zcV4VjX0IwxpW/arcgis/rest/services/Police_Jurisdictions/FeatureServer/0,2026-07-06T16:43:28.733000+00:00
4201986536,Butler,Worth Township,State Police coverage only,State Police Coverage Only,PA010SP00,42:police_service:PA010SP00,,,2024_provider_identity_reviewed,1400,https://services.arcgis.com/nx9zcV4VjX0IwxpW/arcgis/rest/services/Police_Jurisdictions/FeatureServer/0,2026-07-06T16:43:28.733000+00:00
4201987272,Butler,Zelienople Borough,Municipal Police Force,Zelienople Boro,PA0100400,42:police_service:PA0100400,,,2024_provider_identity_reviewed,3912,https://services.arcgis.com/nx9zcV4VjX0IwxpW/arcgis/rest/services/Police_Jurisdictions/FeatureServer/0,2026-07-06T16:43:28.733000+00:00
4202100308,Cambria,Adams Township,Municipal Police Force,Adams Twp,PA0115200,42:police_service:PA0115200,,,2024_active_official_provider,5752,https://services.arcgis.com/nx9zcV4VjX0IwxpW/arcgis/rest/services/Police_Jurisdictions/FeatureServer/0,2026-07-06T16:43:28.733000+00:00
4202100868,Cambria,Allegheny Township,State Police coverage only,State Police Coverage Only,PA011SP00,42:police_service:PA011SP00,,PAPSP2200,2024_fbi_covered_by,2815,https://services.arcgis.com/nx9zcV4VjX0IwxpW/arcgis/rest/services/Police_Jurisdictions/FeatureServer/0,2026-07-06T16:43:28.733000+00:00
4202103296,Cambria,Ashville Borough,Municipal Police Force,Ashville Boro,PA0115500,42:police_service:PA0115500,,,2024_provider_identity_reviewed,213,https://services.arcgis.com/nx9zcV4VjX0IwxpW/arcgis/rest/services/Police_Jurisdictions/FeatureServer/0,2026-07-06T16:43:28.733000+00:00
4202104272,Cambria,Barr Township,State Police coverage only,State Police Coverage Only,PA011SP00,42:police_service:PA011SP00,,PAPSP2200,2024_provider_identity_reviewed,2049,https://services.arcgis.com/nx9zcV4VjX0IwxpW/arcgis/rest/services/Police_Jurisdictions/FeatureServer/0,2026-07-06T16:43:28.733000+00:00
4202106736,Cambria,Blacklick Township,Municipal Police Force,Blacklick Twp,PA0111900,42:police_service:PA0111900,,,2024_provider_identity_reviewed,1876,https://services.arcgis.com/nx9zcV4VjX0IwxpW/arcgis/rest/services/Police_Jurisdictions/FeatureServer/0,2026-07-06T16:43:28.733000+00:00
4202109400,Cambria,Brownstown Borough,Regional Police Service,West Hills Regional Police,PA0115900,42:police_service:PA0115900,,,2024_provider_identity_reviewed,696,https://services.arcgis.com/nx9zcV4VjX0IwxpW/arcgis/rest/services/Police_Jurisdictions/FeatureServer/0,2026-07-06T16:43:28.733000+00:00
4202110880,Cambria,Cambria Township,Municipal Police Force,Cambria Twp,PA0112000,42:police_service:PA0112000,,,2024_active_official_provider,5814,https://services.arcgis.com/nx9zcV4VjX0IwxpW/arcgis/rest/services/Police_Jurisdictions/FeatureServer/0,2026-07-06T16:43:28.733000+00:00
4202111456,Cambria,Carrolltown Borough,Municipal Police Force,Carrolltown Boro,PA0112100,42:police_service:PA0112100,,,2024_fbi_covered_by,1051,https://services.arcgis.com/nx9zcV4VjX0IwxpW/arcgis/rest/services/Police_Jurisdictions/FeatureServer/0,2026-07-06T16:43:28.733000+00:00
4202111616,Cambria,Cassandra Borough,State Police coverage only,State Police Coverage Only,PA011SP00,42:police_service:PA011SP00,,PAPSP2200,2024_provider_identity_reviewed,162,https://services.arcgis.com/nx9zcV4VjX0IwxpW/arcgis/rest/services/Police_Jurisdictions/FeatureServer/0,2026-07-06T16:43:28.733000+00:00
4202113192,Cambria,Chest Township,State Police coverage only,State Police Coverage Only,PA011SP00,42:police_service:PA011SP00,,PAPSP2200,2024_provider_identity_reviewed,457,https://services.arcgis.com/nx9zcV4VjX0IwxpW/arcgis/rest/services/Police_Jurisdictions/FeatureServer/0,2026-07-06T16:43:28.733000+00:00
4202113384,Cambria,Chest Springs Borough,State Police coverage only,State Police Coverage Only,PA011SP00,42:police_service:PA011SP00,,PAPSP2200,2024_provider_identity_reviewed,140,https://services.arcgis.com/nx9zcV4VjX0IwxpW/arcgis/rest/services/Police_Jurisdictions/FeatureServer/0,2026-07-06T16:43:28.733000+00:00
4202114056,Cambria,Clearfield Township,State Police coverage only,State Police Coverage Only,PA011SP00,42:police_service:PA011SP00,,PAPSP2200,2024_provider_identity_reviewed,1604,https://services.arcgis.com/nx9zcV4VjX0IwxpW/arcgis/rest/services/Police_Jurisdictions/FeatureServer/0,2026-07-06T16:43:28.733000+00:00
4202115552,Cambria,Conemaugh Township,Municipal Police Force,Conemaugh Twp,PA0110200,42:police_service:PA0110200,,,2024_active_official_provider,1941,https://services.arcgis.com/nx9zcV4VjX0IwxpW/arcgis/rest/services/Police_Jurisdictions/FeatureServer/0,2026-07-06T16:43:28.733000+00:00
4202117136,Cambria,Cresson Borough,Municipal Police Force,Cresson Boro,PA0110700,42:police_service:PA0110700,,,2024_provider_identity_reviewed,1525,https://services.arcgis.com/nx9zcV4VjX0IwxpW/arcgis/rest/services/Police_Jurisdictions/FeatureServer/0,2026-07-06T16:43:28.733000+00:00
4202117144,Cambria,Cresson Township,Municipal Police Force,Cresson Twp,PA0112300,42:police_service:PA0112300,,,2024_active_official_provider,2839,https://services.arcgis.com/nx9zcV4VjX0IwxpW/arcgis/rest/services/Police_Jurisdictions/FeatureServer/0,2026-07-06T16:43:28.733000+00:00
4202117496,Cambria,Croyle Township,Municipal Police Force,Croyle Twp,PA0115300,42:police_service:PA0115300,,,2024_active_official_provider,2307,https://services.arcgis.com/nx9zcV4VjX0IwxpW/arcgis/rest/services/Police_Jurisdictions/FeatureServer/0,2026-07-06T16:43:28.733000+00:00
4202117976,Cambria,Daisytown Borough,Police Service contracted from another municipality,Stonycreek Twp,PA0114000,42:police_service:PA0114000,,,2024_provider_identity_reviewed,298,https://services.arcgis.com/nx9zcV4VjX0IwxpW/arcgis/rest/services/Police_Jurisdictions/FeatureServer/0,2026-07-06T16:43:28.733000+00:00
4202118000,Cambria,Dale Borough,Police Service contracted from another municipality,Johnstown City,PA0110400,42:police_service:PA0110400,,,2024_fbi_covered_by,1008,https://services.arcgis.com/nx9zcV4VjX0IwxpW/arcgis/rest/services/Police_Jurisdictions/FeatureServer/0,2026-07-06T16:43:28.733000+00:00
4202118432,Cambria,Dean Township,State Police coverage only,State Police Coverage Only,PA011SP00,42:police_service:PA011SP00,,PAPSP2200,2024_fbi_covered_by,328,https://services.arcgis.com/nx9zcV4VjX0IwxpW/arcgis/rest/services/Police_Jurisdictions/FeatureServer/0,2026-07-06T16:43:28.733000+00:00
4202120952,Cambria,East Carroll Township,State Police coverage only,State Police Coverage Only,PA011SP00,42:police_service:PA011SP00,,PAPSP2200,2024_fbi_covered_by,1425,https://services.arcgis.com/nx9zcV4VjX0IwxpW/arcgis/rest/services/Police_Jurisdictions/FeatureServer/0,2026-07-06T16:43:28.733000+00:00
4202120992,Cambria,East Conemaugh Borough,Municipal Police Force,East Conemaugh Boro,PA0110900,42:police_service:PA0110900,,,2024_provider_identity_reviewed,1082,https://services.arcgis.com/nx9zcV4VjX0IwxpW/arcgis/rest/services/Police_Jurisdictions/FeatureServer/0,2026-07-06T16:43:28.733000+00:00
4202121896,Cambria,East Taylor Township,Municipal Police Force,East Taylor Twp,PA0112600,42:police_service:PA0112600,,,2024_active_official_provider,2422,https://services.arcgis.com/nx9zcV4VjX0IwxpW/arcgis/rest/services/Police_Jurisdictions/FeatureServer/0,2026-07-06T16:43:28.733000+00:00
4202122144,Cambria,Ebensburg Borough,Municipal Police Force,Ebensburg Boro,PA0110300,42:police_service:PA0110300,,,2024_provider_identity_reviewed,3404,https://services.arcgis.com/nx9zcV4VjX0IwxpW/arcgis/rest/services/Police_Jurisdictions/FeatureServer/0,2026-07-06T16:43:28.733000+00:00
4202122712,Cambria,Ehrenfeld Borough,Police Service contracted from another municipality,South Fork Boro,PA0111500,42:police_service:PA0111500,,,2024_provider_identity_reviewed,203,https://services.arcgis.com/nx9zcV4VjX0IwxpW/arcgis/rest/services/Police_Jurisdictions/FeatureServer/0,2026-07-06T16:43:28.733000+00:00
4202122808,Cambria,Elder Township,Police Service contracted from another municipality,Hastings Boro,PA0113100,42:police_service:PA0113100,,,2024_fbi_covered_by,1028,https://services.arcgis.com/nx9zcV4VjX0IwxpW/arcgis/rest/services/Police_Jurisdictions/FeatureServer/0,2026-07-06T16:43:28.733000+00:00
4202125680,Cambria,Ferndale Borough,Municipal Police Force,Ferndale Boro,PA0112900,42:police_service:PA0112900,,,2024_provider_identity_reviewed,1547,https://services.arcgis.com/nx9zcV4VjX0IwxpW/arcgis/rest/services/Police_Jurisdictions/FeatureServer/0,2026-07-06T16:43:28.733000+00:00
4202127360,Cambria,Franklin Borough,State Police coverage only,State Police Coverage Only,PA011SP00,42:police_service:PA011SP00,,PAPSP2200,2024_fbi_covered_by,278,https://services.arcgis.com/nx9zcV4VjX0IwxpW/arcgis/rest/services/Police_Jurisdictions/FeatureServer/0,2026-07-06T16:43:28.733000+00:00
4202128328,Cambria,Gallitzin Borough,Municipal Police Force,Gallitzin Boro,PA0111000,42:police_service:PA0111000,,,2024_provider_identity_reviewed,1536,https://services.arcgis.com/nx9zcV4VjX0IwxpW/arcgis/rest/services/Police_Jurisdictions/FeatureServer/0,2026-07-06T16:43:28.733000+00:00
4202128336,Cambria,Gallitzin Township,Municipal Police Force,Gallitzin Twp,PA0115800,42:police_service:PA0115800,,,2024_provider_identity_reviewed,1273,https://services.arcgis.com/nx9zcV4VjX0IwxpW/arcgis/rest/services/Police_Jurisdictions/FeatureServer/0,2026-07-06T16:43:28.733000+00:00
4202128720,Cambria,Geistown Borough,Municipal Police Force,Geistown Boro,PA0111100,42:police_service:PA0111100,,,2024_provider_identity_reviewed,2363,https://services.arcgis.com/nx9zcV4VjX0IwxpW/arcgis/rest/services/Police_Jurisdictions/FeatureServer/0,2026-07-06T16:43:28.733000+00:00
4202133080,Cambria,Hastings Borough,Municipal Police Force,Hastings Boro,PA0113100,42:police_service:PA0113100,,,2024_fbi_covered_by,1213,https://services.arcgis.com/nx9zcV4VjX0IwxpW/arcgis/rest/services/Police_Jurisdictions/FeatureServer/0,2026-07-06T16:43:28.733000+00:00
4202137352,Cambria,Jackson Township,Municipal Police Force,Jackson Twp,PA0113200,42:police_service:PA0113200,,,2024_active_official_provider,4236,https://services.arcgis.com/nx9zcV4VjX0IwxpW/arcgis/rest/services/Police_Jurisdictions/FeatureServer/0,2026-07-06T16:43:28.733000+00:00
4202138288,Cambria,Johnstown City,Municipal Police Force,Johnstown City,PA0110400,42:police_service:PA0110400,,,2024_fbi_covered_by,18411,https://services.arcgis.com/nx9zcV4VjX0IwxpW/arcgis/rest/services/Police_Jurisdictions/FeatureServer/0,2026-07-06T16:43:28.733000+00:00
4202143248,Cambria,Lilly Borough,State Police coverage only,State Police Coverage Only,PA011SP00,42:police_service:PA011SP00,,PAPSP2200,2024_fbi_covered_by,879,https://services.arcgis.com/nx9zcV4VjX0IwxpW/arcgis/rest/services/Police_Jurisdictions/FeatureServer/0,2026-07-06T16:43:28.733000+00:00
4202144664,Cambria,Lorain Borough,Police Service contracted from another municipality,Johnstown City,PA0110400,42:police_service:PA0110400,,,2024_provider_identity_reviewed,589,https://services.arcgis.com/nx9zcV4VjX0IwxpW/arcgis/rest/services/Police_Jurisdictions/FeatureServer/0,2026-07-06T16:43:28.733000+00:00
4202144704,Cambria,Loretto Borough,Municipal Police Force,Loretto Boro,PA0113500,42:police_service:PA0113500,,,2024_provider_identity_reviewed,1196,https://services.arcgis.com/nx9zcV4VjX0IwxpW/arcgis/rest/services/Police_Jurisdictions/FeatureServer/0,2026-07-06T16:43:28.733000+00:00
4202145160,Cambria,Lower Yoder Township,Regional Police Service,West Hills Regional Police,PA0115900,42:police_service:PA0115900,,,2024_fbi_covered_by,2388,https://services.arcgis.com/nx9zcV4VjX0IwxpW/arcgis/rest/services/Police_Jurisdictions/FeatureServer/0,2026-07-06T16:43:28.733000+00:00
4202149104,Cambria,Middle Taylor Township,Police Service contracted from another municipality,Johnstown City,PA0110400,42:police_service:PA0110400,,,2024_fbi_covered_by,660,https://services.arcgis.com/nx9zcV4VjX0IwxpW/arcgis/rest/services/Police_Jurisdictions/FeatureServer/0,2026-07-06T16:43:28.733000+00:00
4202152360,Cambria,Munster Township,State Police coverage only,State Police Coverage Only,PA011SP00,42:police_service:PA011SP00,,PAPSP2200,2024_provider_identity_reviewed,653,https://services.arcgis.com/nx9zcV4VjX0IwxpW/arcgis/rest/services/Police_Jurisdictions/FeatureServer/0,2026-07-06T16:43:28.733000+00:00
4202152616,Cambria,Nanty-Glo Borough,Municipal Police Force,Nanty Glo Boro,PA0111200,42:police_service:PA0111200,,,2024_provider_identity_reviewed,2511,https://services.arcgis.com/nx9zcV4VjX0IwxpW/arcgis/rest/services/Police_Jurisdictions/FeatureServer/0,2026-07-06T16:43:28.733000+00:00
4202155000,Cambria,Northern Cambria Borough,Municipal Police Force,Northern Cambria Boro,PA0110100,42:police_service:PA0110100,,,2024_provider_identity_reviewed,3560,https://services.arcgis.com/nx9zcV4VjX0IwxpW/arcgis/rest/services/Police_Jurisdictions/FeatureServer/0,2026-07-06T16:43:28.733000+00:00
4202158432,Cambria,Patton Borough,Municipal Police Force,Patton Boro,PA0111300,42:police_service:PA0111300,,,2024_provider_identity_reviewed,1728,https://services.arcgis.com/nx9zcV4VjX0IwxpW/arcgis/rest/services/Police_Jurisdictions/FeatureServer/0,2026-07-06T16:43:28.733000+00:00
4202162048,Cambria,Portage Borough,Municipal Police Force,Portage Boro,PA0111400,42:police_service:PA0111400,,,2024_provider_identity_reviewed,2459,https://services.arcgis.com/nx9zcV4VjX0IwxpW/arcgis/rest/services/Police_Jurisdictions/FeatureServer/0,2026-07-06T16:43:28.733000+00:00
4202162056,Cambria,Portage Township,State Police coverage only,State Police Coverage Only,PA011SP00,42:police_service:PA011SP00,,PAPSP2200,2024_fbi_covered_by,3432,https://services.arcgis.com/nx9zcV4VjX0IwxpW/arcgis/rest/services/Police_Jurisdictions/FeatureServer/0,2026-07-06T16:43:28.733000+00:00
4202163608,Cambria,Reade Township,State Police coverage only,State Police Coverage Only,PA011SP00,42:police_service:PA011SP00,,PAPSP2200,2024_provider_identity_reviewed,1441,https://services.arcgis.com/nx9zcV4VjX0IwxpW/arcgis/rest/services/Police_Jurisdictions/FeatureServer/0,2026-07-06T16:43:28.733000+00:00
4202164544,Cambria,Richland Township,Municipal Police Force,Richland Twp,PA0110500,42:police_service:PA0110500,,,2024_active_official_provider,12233,https://services.arcgis.com/nx9zcV4VjX0IwxpW/arcgis/rest/services/Police_Jurisdictions/FeatureServer/0,2026-07-06T16:43:28.733000+00:00
4202167920,Cambria,Sankertown Borough,Municipal Police Force,Sankertown Boro,PA0113700,42:police_service:PA0113700,,,2024_provider_identity_reviewed,630,https://services.arcgis.com/nx9zcV4VjX0IwxpW/arcgis/rest/services/Police_Jurisdictions/FeatureServer/0,2026-07-06T16:43:28.733000+00:00
4202168104,Cambria,Scalp Level Borough,Police Service contracted from another municipality,Windber Boro,PA0560300,42:police_service:PA0560300,,,2024_provider_identity_reviewed,744,https://services.arcgis.com/nx9zcV4VjX0IwxpW/arcgis/rest/services/Police_Jurisdictions/FeatureServer/0,2026-07-06T16:43:28.733000+00:00
4202172168,Cambria,South Fork Borough,Municipal Police Force,South Fork Boro,PA0111500,42:police_service:PA0111500,,,2024_provider_identity_reviewed,954,https://services.arcgis.com/nx9zcV4VjX0IwxpW/arcgis/rest/services/Police_Jurisdictions/FeatureServer/0,2026-07-06T16:43:28.733000+00:00
4202172344,Cambria,Southmont Borough,Regional Police Service,West Hills Regional Police,PA0115900,42:police_service:PA0115900,,,2024_fbi_covered_by,2045,https://services.arcgis.com/nx9zcV4VjX0IwxpW/arcgis/rest/services/Police_Jurisdictions/FeatureServer/0,2026-07-06T16:43:28.733000+00:00
4202174432,Cambria,Stonycreek Township,Municipal Police Force,Stonycreek Twp,PA0114000,42:police_service:PA0114000,,,2024_active_official_provider,2771,https://services.arcgis.com/nx9zcV4VjX0IwxpW/arcgis/rest/services/Police_Jurisdictions/FeatureServer/0,2026-07-06T16:43:28.733000+00:00
4202175136,Cambria,Summerhill Borough,Police Service contracted from another municipality,Croyle Twp,PA0115300,42:police_service:PA0115300,,,2024_provider_identity_reviewed,479,https://services.arcgis.com/nx9zcV4VjX0IwxpW/arcgis/rest/services/Police_Jurisdictions/FeatureServer/0,2026-07-06T16:43:28.733000+00:00
4202175144,Cambria,Summerhill Township,Municipal Police Force,Summerhill Twp,PA0114200,42:police_service:PA0114200,,,2024_active_official_provider,2303,https://services.arcgis.com/nx9zcV4VjX0IwxpW/arcgis/rest/services/Police_Jurisdictions/FeatureServer/0,2026-07-06T16:43:28.733000+00:00
4202175520,Cambria,Susquehanna Township,State Police coverage only,State Police Coverage Only,PA011SP00,42:police_service:PA011SP00,,PAPSP2200,2024_fbi_covered_by,1889,https://services.arcgis.com/nx9zcV4VjX0IwxpW/arcgis/rest/services/Police_Jurisdictions/FeatureServer/0,2026-07-06T16:43:28.733000+00:00
4202177808,Cambria,Tunnelhill Borough,Police Service contracted from another municipality,Gallitzin Boro,PA0111000,42:police_service:PA0111000,,,2024_provider_identity_reviewed,207,https://services.arcgis.com/nx9zcV4VjX0IwxpW/arcgis/rest/services/Police_Jurisdictions/FeatureServer/0,2026-07-06T16:43:28.733000+00:00
4202179360,Cambria,Upper Yoder Township,Regional Police Service,West Hills Regional Police,PA0115900,42:police_service:PA0115900,,,2024_provider_identity_reviewed,5147,https://services.arcgis.com/nx9zcV4VjX0IwxpW/arcgis/rest/services/Police_Jurisdictions/FeatureServer/0,2026-07-06T16:43:28.733000+00:00
4202180288,Cambria,Vintondale Borough,Municipal Police Force,Vintondale Boro,PA0115600,42:police_service:PA0115600,,,2024_provider_identity_reviewed,412,https://services.arcgis.com/nx9zcV4VjX0IwxpW/arcgis/rest/services/Police_Jurisdictions/FeatureServer/0,2026-07-06T16:43:28.733000+00:00
4202181200,Cambria,Washington Township,State Police coverage only,State Police Coverage Only,PA011SP00,42:police_service:PA011SP00,,PAPSP2200,2024_fbi_covered_by,832,https://services.arcgis.com/nx9zcV4VjX0IwxpW/arcgis/rest/services/Police_Jurisdictions/FeatureServer/0,2026-07-06T16:43:28.733000+00:00
4202182688,Cambria,West Carroll Township,Police Service contracted from another municipality,Carrolltown Boro,PA0112100,42:police_service:PA0112100,,,2024_fbi_covered_by,1186,https://services.arcgis.com/nx9zcV4VjX0IwxpW/arcgis/rest/services/Police_Jurisdictions/FeatureServer/0,2026-07-06T16:43:28.733000+00:00
4202183584,Cambria,Westmont Borough,Regional Police Service,West Hills Regional,PA0115900,42:police_service:PA0115900,,,2024_fbi_covered_by,4982,https://services.arcgis.com/nx9zcV4VjX0IwxpW/arcgis/rest/services/Police_Jurisdictions/FeatureServer/0,2026-07-06T16:43:28.733000+00:00
4202184080,Cambria,West Taylor Township,Police Service contracted from another municipality,Johnstown City,PA0110400,42:police_service:PA0110400,,,2024_fbi_covered_by,729,https://services.arcgis.com/nx9zcV4VjX0IwxpW/arcgis/rest/services/Police_Jurisdictions/FeatureServer/0,2026-07-06T16:43:28.733000+00:00
4202184448,Cambria,White Township,State Police coverage only,State Police Coverage Only,PA011SP00,42:police_service:PA011SP00,,PAPSP2200,2024_provider_identity_reviewed,931,https://services.arcgis.com/nx9zcV4VjX0IwxpW/arcgis/rest/services/Police_Jurisdictions/FeatureServer/0,2026-07-06T16:43:28.733000+00:00
4202185528,Cambria,Wilmore Borough,Police Service contracted from another municipality,Summerhill Twp,PA0114200,42:police_service:PA0114200,,,2024_provider_identity_reviewed,206,https://services.arcgis.com/nx9zcV4VjX0IwxpW/arcgis/rest/services/Police_Jurisdictions/FeatureServer/0,2026-07-06T16:43:28.733000+00:00
4202319976,Cameron,Driftwood Borough,State Police coverage only,State Police Coverage Only,PA012SP00,42:police_service:PA012SP00,,,2024_provider_identity_reviewed,38,https://services.arcgis.com/nx9zcV4VjX0IwxpW/arcgis/rest/services/Police_Jurisdictions/FeatureServer/0,2026-07-06T16:43:28.733000+00:00
4202323600,Cameron,Emporium Borough,Municipal Police Force,Emporium Boro,PA0120100,42:police_service:PA0120100,,,2024_provider_identity_reviewed,1923,https://services.arcgis.com/nx9zcV4VjX0IwxpW/arcgis/rest/services/Police_Jurisdictions/FeatureServer/0,2026-07-06T16:43:28.733000+00:00
4202329008,Cameron,Gibson Township,State Police coverage only,State Police Coverage Only,PA012SP00,42:police_service:PA012SP00,,,2024_provider_identity_reviewed,181,https://services.arcgis.com/nx9zcV4VjX0IwxpW/arcgis/rest/services/Police_Jurisdictions/FeatureServer/0,2026-07-06T16:43:28.733000+00:00
4202331632,Cameron,Grove Township,State Police coverage only,State Police Coverage Only,PA012SP00,42:police_service:PA012SP00,,,2024_provider_identity_reviewed,113,https://services.arcgis.com/nx9zcV4VjX0IwxpW/arcgis/rest/services/Police_Jurisdictions/FeatureServer/0,2026-07-06T16:43:28.733000+00:00
4202345432,Cameron,Lumber Township,State Police coverage only,State Police Coverage Only,PA012SP00,42:police_service:PA012SP00,,,2024_provider_identity_reviewed,182,https://services.arcgis.com/nx9zcV4VjX0IwxpW/arcgis/rest/services/Police_Jurisdictions/FeatureServer/0,2026-07-06T16:43:28.733000+00:00
4202362064,Cameron,Portage Township,State Police coverage only,State Police Coverage Only,PA012SP00,42:police_service:PA012SP00,,,2024_provider_identity_reviewed,166,https://services.arcgis.com/nx9zcV4VjX0IwxpW/arcgis/rest/services/Police_Jurisdictions/FeatureServer/0,2026-07-06T16:43:28.733000+00:00
4202370336,Cameron,Shippen Township,State Police coverage only,State Police Coverage Only,PA012SP00,42:police_service:PA012SP00,,,2024_provider_identity_reviewed,1944,https://services.arcgis.com/nx9zcV4VjX0IwxpW/arcgis/rest/services/Police_Jurisdictions/FeatureServer/0,2026-07-06T16:43:28.733000+00:00
4202504048,Carbon,Banks Township,State Police coverage only,State Police Coverage Only,PA013SP00,42:police_service:PA013SP00,,,2024_provider_identity_reviewed,1164,https://services.arcgis.com/nx9zcV4VjX0IwxpW/arcgis/rest/services/Police_Jurisdictions/FeatureServer/0,2026-07-06T16:43:28.733000+00:00
4202504816,Carbon,Beaver Meadows Borough,Municipal Police Force,Beaver Meadows Boro,PA0131200,42:police_service:PA0131200,,,2024_provider_identity_reviewed,897,https://services.arcgis.com/nx9zcV4VjX0IwxpW/arcgis/rest/services/Police_Jurisdictions/FeatureServer/0,2026-07-06T16:43:28.733000+00:00
4202507880,Carbon,Bowmanstown Borough,State Police coverage only,State Police Coverage Only,PA013SP00,42:police_service:PA013SP00,,,2024_provider_identity_reviewed,889,https://services.arcgis.com/nx9zcV4VjX0IwxpW/arcgis/rest/services/Police_Jurisdictions/FeatureServer/0,2026-07-06T16:43:28.733000+00:00
4202521664,Carbon,East Penn Township,State Police coverage only,State Police Coverage Only,PA013SP00,42:police_service:PA013SP00,,,2024_fbi_covered_by,2748,https://services.arcgis.com/nx9zcV4VjX0IwxpW/arcgis/rest/services/Police_Jurisdictions/FeatureServer/0,2026-07-06T16:43:28.733000+00:00
4202521816,Carbon,East Side Borough,State Police coverage only,State Police Coverage Only,PA013SP00,42:police_service:PA013SP00,,,2024_provider_identity_reviewed,247,https://services.arcgis.com/nx9zcV4VjX0IwxpW/arcgis/rest/services/Police_Jurisdictions/FeatureServer/0,2026-07-06T16:43:28.733000+00:00
4202527368,Carbon,Franklin Township,Municipal Police Force,Franklin Twp,PA0130800,42:police_service:PA0130800,,,2024_active_official_provider,4356,https://services.arcgis.com/nx9zcV4VjX0IwxpW/arcgis/rest/services/Police_Jurisdictions/FeatureServer/0,2026-07-06T16:43:28.733000+00:00
4202538200,Carbon,Jim Thorpe Borough,Municipal Police Force,Jim Thorpe Boro,PA0130200,42:police_service:PA0130200,,,2024_provider_identity_reviewed,4507,https://services.arcgis.com/nx9zcV4VjX0IwxpW/arcgis/rest/services/Police_Jurisdictions/FeatureServer/0,2026-07-06T16:43:28.733000+00:00
4202539608,Carbon,Kidder Township,Municipal Police Force,Kidder Twp,PA0130900,42:police_service:PA0130900,,,2024_active_official_provider,1791,https://services.arcgis.com/nx9zcV4VjX0IwxpW/arcgis/rest/services/Police_Jurisdictions/FeatureServer/0,2026-07-06T16:43:28.733000+00:00
4202541464,Carbon,Lansford Borough,Municipal Police Force,Lansford Boro,PA0130300,42:police_service:PA0130300,,,2024_provider_identity_reviewed,4141,https://services.arcgis.com/nx9zcV4VjX0IwxpW/arcgis/rest/services/Police_Jurisdictions/FeatureServer/0,2026-07-06T16:43:28.733000+00:00
4202541888,Carbon,Lausanne Township,State Police coverage only,State Police Coverage Only,PA013SP00,42:police_service:PA013SP00,,,2024_provider_identity_reviewed,228,https://services.arcgis.com/nx9zcV4VjX0IwxpW/arcgis/rest/services/Police_Jurisdictions/FeatureServer/0,2026-07-06T16:43:28.733000+00:00
4202542400,Carbon,Lehigh Township,State Police coverage only,State Police Coverage Only,PA013SP00,42:police_service:PA013SP00,,,2024_provider_identity_reviewed,425,https://services.arcgis.com/nx9zcV4VjX0IwxpW/arcgis/rest/services/Police_Jurisdictions/FeatureServer/0,2026-07-06T16:43:28.733000+00:00
4202542472,Carbon,Lehighton Borough,Municipal Police Force,Lehighton Boro,PA0130400,42:police_service:PA0130400,,,2024_provider_identity_reviewed,5248,https://services.arcgis.com/nx9zcV4VjX0IwxpW/arcgis/rest/services/Police_Jurisdictions/FeatureServer/0,2026-07-06T16:43:28.733000+00:00
4202545128,Carbon,Lower Towamensing Township,State Police coverage only,State Police Coverage Only,PA013SP00,42:police_service:PA013SP00,,,2024_provider_identity_reviewed,3046,https://services.arcgis.com/nx9zcV4VjX0IwxpW/arcgis/rest/services/Police_Jurisdictions/FeatureServer/0,2026-07-06T16:43:28.733000+00:00
4202546640,Carbon,Mahoning Township,Municipal Police Force,Mahoning Twp,PA0131000,42:police_service:PA0131000,,,2024_active_official_provider,4261,https://services.arcgis.com/nx9zcV4VjX0IwxpW/arcgis/rest/services/Police_Jurisdictions/FeatureServer/0,2026-07-06T16:43:28.733000+00:00
4202553088,Carbon,Nesquehoning Borough,Municipal Police Force,Nesquehoning Boro,PA0131100,42:police_service:PA0131100,,,2024_provider_identity_reviewed,3336,https://services.arcgis.com/nx9zcV4VjX0IwxpW/arcgis/rest/services/Police_Jurisdictions/FeatureServer/0,2026-07-06T16:43:28.733000+00:00
4202557504,Carbon,Packer Township,State Police coverage only,State Police Coverage Only,PA013SP00,42:police_service:PA013SP00,,,2024_provider_identity_reviewed,1029,https://services.arcgis.com/nx9zcV4VjX0IwxpW/arcgis/rest/services/Police_Jurisdictions/FeatureServer/0,2026-07-06T16:43:28.733000+00:00
4202557696,Carbon,Palmerton Borough,Municipal Police Force,Palmerton Boro,PA0130500,42:police_service:PA0130500,,,2024_provider_identity_reviewed,5593,https://services.arcgis.com/nx9zcV4VjX0IwxpW/arcgis/rest/services/Police_Jurisdictions/FeatureServer/0,2026-07-06T16:43:28.733000+00:00
4202558304,Carbon,Parryville Borough,State Police coverage only,State Police Coverage Only,PA013SP00,42:police_service:PA013SP00,,,2024_provider_identity_reviewed,416,https://services.arcgis.com/nx9zcV4VjX0IwxpW/arcgis/rest/services/Police_Jurisdictions/FeatureServer/0,2026-07-06T16:43:28.733000+00:00
4202558968,Carbon,Penn Forest Township,State Police coverage only,State Police Coverage Only,PA013SP00,42:police_service:PA013SP00,,,2024_provider_identity_reviewed,9926,https://services.arcgis.com/nx9zcV4VjX0IwxpW/arcgis/rest/services/Police_Jurisdictions/FeatureServer/0,2026-07-06T16:43:28.733000+00:00
4202575248,Carbon,Summit Hill Borough,Municipal Police Force,Summit Hill Boro,PA0130600,42:police_service:PA0130600,,,2024_provider_identity_reviewed,3120,https://services.arcgis.com/nx9zcV4VjX0IwxpW/arcgis/rest/services/Police_Jurisdictions/FeatureServer/0,2026-07-06T16:43:28.733000+00:00
4202577160,Carbon,Towamensing Township,State Police coverage only,State Police Coverage Only,PA013SP00,42:police_service:PA013SP00,,,2024_provider_identity_reviewed,4427,https://services.arcgis.com/nx9zcV4VjX0IwxpW/arcgis/rest/services/Police_Jurisdictions/FeatureServer/0,2026-07-06T16:43:28.733000+00:00
4202581856,Carbon,Weatherly Borough,Municipal Police Force,Weatherly Boro,PA0130700,42:police_service:PA0130700,,,2024_provider_identity_reviewed,2541,https://services.arcgis.com/nx9zcV4VjX0IwxpW/arcgis/rest/services/Police_Jurisdictions/FeatureServer/0,2026-07-06T16:43:28.733000+00:00
4202582080,Carbon,Weissport Borough,Municipal Police Force,Weissport Boro,PA0131600,42:police_service:PA0131600,,,2024_provider_identity_reviewed,413,https://services.arcgis.com/nx9zcV4VjX0IwxpW/arcgis/rest/services/Police_Jurisdictions/FeatureServer/0,2026-07-06T16:43:28.733000+00:00
4202705256,Centre,Bellefonte Borough,Municipal Police Force,Bellefonte Boro,PA0140100,42:police_service:PA0140100,,,2024_provider_identity_reviewed,6105,https://services.arcgis.com/nx9zcV4VjX0IwxpW/arcgis/rest/services/Police_Jurisdictions/FeatureServer/0,2026-07-06T16:43:28.733000+00:00
4202705608,Centre,Benner Township,State Police coverage only,State Police Coverage Only,PA014SP00,42:police_service:PA014SP00,,,2024_provider_identity_reviewed,8964,https://services.arcgis.com/nx9zcV4VjX0IwxpW/arcgis/rest/services/Police_Jurisdictions/FeatureServer/0,2026-07-06T16:43:28.733000+00:00
4202707424,Centre,Boggs Township,State Police coverage only,State Police Coverage Only,PA014SP00,42:police_service:PA014SP00,,,2024_provider_identity_reviewed,2705,https://services.arcgis.com/nx9zcV4VjX0IwxpW/arcgis/rest/services/Police_Jurisdictions/FeatureServer/0,2026-07-06T16:43:28.733000+00:00
4202710272,Centre,Burnside Township,State Police coverage only,State Police Coverage Only,PA014SP00,42:police_service:PA014SP00,,,2024_provider_identity_reviewed,411,https://services.arcgis.com/nx9zcV4VjX0IwxpW/arcgis/rest/services/Police_Jurisdictions/FeatureServer/0,2026-07-06T16:43:28.733000+00:00
4202712376,Centre,Centre Hall Borough,State Police coverage only,State Police Coverage Only,PA014SP00,42:police_service:PA014SP00,,,2024_provider_identity_reviewed,1268,https://services.arcgis.com/nx9zcV4VjX0IwxpW/arcgis/rest/services/Police_Jurisdictions/FeatureServer/0,2026-07-06T16:43:28.733000+00:00
4202715136,Centre,College Township,Police Service contracted from another municipality,State College Boro,PA0140300,42:police_service:PA0140300,,,2024_fbi_covered_by,10762,https://services.arcgis.com/nx9zcV4VjX0IwxpW/arcgis/rest/services/Police_Jurisdictions/FeatureServer/0,2026-07-06T16:43:28.733000+00:00
4202717800,Centre,Curtin Township,State Police coverage only,State Police Coverage Only,PA014SP00,42:police_service:PA014SP00,,,2024_provider_identity_reviewed,494,https://services.arcgis.com/nx9zcV4VjX0IwxpW/arcgis/rest/services/Police_Jurisdictions/FeatureServer/0,2026-07-06T16:43:28.733000+00:00
4202725624,Centre,Ferguson Township,Municipal Police Force,Ferguson Twp,PA0140700,42:police_service:PA0140700,,,2024_active_official_provider,19009,https://services.arcgis.com/nx9zcV4VjX0IwxpW/arcgis/rest/services/Police_Jurisdictions/FeatureServer/0,2026-07-06T16:43:28.733000+00:00
4202731472,Centre,Gregg Township,State Police coverage only,State Police Coverage Only,PA014SP00,42:police_service:PA014SP00,,,2024_provider_identity_reviewed,2261,https://services.arcgis.com/nx9zcV4VjX0IwxpW/arcgis/rest/services/Police_Jurisdictions/FeatureServer/0,2026-07-06T16:43:28.733000+00:00
4202731960,Centre,Haines Township,State Police coverage only,State Police Coverage Only,PA014SP00,42:police_service:PA014SP00,,,2024_provider_identity_reviewed,1649,https://services.arcgis.com/nx9zcV4VjX0IwxpW/arcgis/rest/services/Police_Jurisdictions/FeatureServer/0,2026-07-06T16:43:28.733000+00:00
4202731992,Centre,Halfmoon Township,State Police coverage only,State Police Coverage Only,PA014SP00,42:police_service:PA014SP00,,,2024_provider_identity_reviewed,2790,https://services.arcgis.com/nx9zcV4VjX0IwxpW/arcgis/rest/services/Police_Jurisdictions/FeatureServer/0,2026-07-06T16:43:28.733000+00:00
4202732792,Centre,Harris Township,Police Service contracted from another municipality,State College Boro,PA0140300,42:police_service:PA0140300,,,2024_fbi_covered_by,5913,https://services.arcgis.com/nx9zcV4VjX0IwxpW/arcgis/rest/services/Police_Jurisdictions/FeatureServer/0,2026-07-06T16:43:28.733000+00:00
4202735960,Centre,Howard Borough,State Police coverage only,State Police Coverage Only,PA014SP00,42:police_service:PA014SP00,,,2024_provider_identity_reviewed,687,https://services.arcgis.com/nx9zcV4VjX0IwxpW/arcgis/rest/services/Police_Jurisdictions/FeatureServer/0,2026-07-06T16:43:28.733000+00:00
4202735968,Centre,Howard Township,State Police coverage only,State Police Coverage Only,PA014SP00,42:police_service:PA014SP00,,,2024_provider_identity_reviewed,875,https://services.arcgis.com/nx9zcV4VjX0IwxpW/arcgis/rest/services/Police_Jurisdictions/FeatureServer/0,2026-07-06T16:43:28.733000+00:00
4202736504,Centre,Huston Township,State Police coverage only,State Police Coverage Only,PA014SP00,42:police_service:PA014SP00,,,2024_provider_identity_reviewed,1317,https://services.arcgis.com/nx9zcV4VjX0IwxpW/arcgis/rest/services/Police_Jurisdictions/FeatureServer/0,2026-07-06T16:43:28.733000+00:00
4202743080,Centre,Liberty Township,State Police coverage only,State Police Coverage Only,PA014SP00,42:police_service:PA014SP00,,,2024_provider_identity_reviewed,1815,https://services.arcgis.com/nx9zcV4VjX0IwxpW/arcgis/rest/services/Police_Jurisdictions/FeatureServer/0,2026-07-06T16:43:28.733000+00:00
4202747456,Centre,Marion Township,State Police coverage only,State Police Coverage Only,PA014SP00,42:police_service:PA014SP00,,,2024_provider_identity_reviewed,1182,https://services.arcgis.com/nx9zcV4VjX0IwxpW/arcgis/rest/services/Police_Jurisdictions/FeatureServer/0,2026-07-06T16:43:28.733000+00:00
4202749360,Centre,Miles Township,State Police coverage only,State Police Coverage Only,PA014SP00,42:police_service:PA014SP00,,,2024_provider_identity_reviewed,1998,https://services.arcgis.com/nx9zcV4VjX0IwxpW/arcgis/rest/services/Police_Jurisdictions/FeatureServer/0,2026-07-06T16:43:28.733000+00:00
4202749368,Centre,Milesburg Borough,State Police coverage only,State Police Coverage Only,PA014SP00,42:police_service:PA014SP00,,,2024_fbi_covered_by,1093,https://services.arcgis.com/nx9zcV4VjX0IwxpW/arcgis/rest/services/Police_Jurisdictions/FeatureServer/0,2026-07-06T16:43:28.733000+00:00
4202749768,Centre,Millheim Borough,State Police coverage only,State Police Coverage Only,PA014SP00,42:police_service:PA014SP00,,,2024_provider_identity_reviewed,831,https://services.arcgis.com/nx9zcV4VjX0IwxpW/arcgis/rest/services/Police_Jurisdictions/FeatureServer/0,2026-07-06T16:43:28.733000+00:00
4202758440,Centre,Patton Township,Municipal Police Force,Patton Twp,PA0140900,42:police_service:PA0140900,,,2024_active_official_provider,15650,https://services.arcgis.com/nx9zcV4VjX0IwxpW/arcgis/rest/services/Police_Jurisdictions/FeatureServer/0,2026-07-06T16:43:28.733000+00:00
4202758800,Centre,Penn Township,State Police coverage only,State Police Coverage Only,PA014SP00,42:police_service:PA014SP00,,,2024_provider_identity_reviewed,1203,https://services.arcgis.com/nx9zcV4VjX0IwxpW/arcgis/rest/services/Police_Jurisdictions/FeatureServer/0,2026-07-06T16:43:28.733000+00:00
4202760008,Centre,Philipsburg Borough,State Police coverage only,State Police Coverage Only,PA014SP00,42:police_service:PA014SP00,,,2024_fbi_covered_by,2789,https://services.arcgis.com/nx9zcV4VjX0IwxpW/arcgis/rest/services/Police_Jurisdictions/FeatureServer/0,2026-07-06T16:43:28.733000+00:00
4202762280,Centre,Port Matilda Borough,State Police coverage only,State Police Coverage Only,PA014SP00,42:police_service:PA014SP00,,,2024_provider_identity_reviewed,578,https://services.arcgis.com/nx9zcV4VjX0IwxpW/arcgis/rest/services/Police_Jurisdictions/FeatureServer/0,2026-07-06T16:43:28.733000+00:00
4202762360,Centre,Potter Township,State Police coverage only,State Police Coverage Only,PA014SP00,42:police_service:PA014SP00,,,2024_provider_identity_reviewed,3581,https://services.arcgis.com/nx9zcV4VjX0IwxpW/arcgis/rest/services/Police_Jurisdictions/FeatureServer/0,2026-07-06T16:43:28.733000+00:00
4202766736,Centre,Rush Township,State Police coverage only,State Police Coverage Only,PA014SP00,42:police_service:PA014SP00,,,2024_provider_identity_reviewed,3668,https://services.arcgis.com/nx9zcV4VjX0IwxpW/arcgis/rest/services/Police_Jurisdictions/FeatureServer/0,2026-07-06T16:43:28.733000+00:00
4202771600,Centre,Snow Shoe Borough,State Police coverage only,State Police Coverage Only,PA014SP00,42:police_service:PA014SP00,,,2024_fbi_covered_by,670,https://services.arcgis.com/nx9zcV4VjX0IwxpW/arcgis/rest/services/Police_Jurisdictions/FeatureServer/0,2026-07-06T16:43:28.733000+00:00
4202771608,Centre,Snow Shoe Township,State Police coverage only,State Police Coverage Only,PA014SP00,42:police_service:PA014SP00,,,2024_provider_identity_reviewed,1621,https://services.arcgis.com/nx9zcV4VjX0IwxpW/arcgis/rest/services/Police_Jurisdictions/FeatureServer/0,2026-07-06T16:43:28.733000+00:00
4202772832,Centre,Spring Township,Municipal Police Force,Spring Twp,PA0140500,42:police_service:PA0140500,,,2024_provider_identity_reviewed,7979,https://services.arcgis.com/nx9zcV4VjX0IwxpW/arcgis/rest/services/Police_Jurisdictions/FeatureServer/0,2026-07-06T16:43:28.733000+00:00
4202773808,Centre,State College Borough,Municipal Police Force,State College Boro,PA0140300,42:police_service:PA0140300,,,2024_fbi_covered_by,40501,https://services.arcgis.com/nx9zcV4VjX0IwxpW/arcgis/rest/services/Police_Jurisdictions/FeatureServer/0,2026-07-06T16:43:28.733000+00:00
4202776168,Centre,Taylor Township,State Police coverage only,State Police Coverage Only,PA014SP00,42:police_service:PA014SP00,,,2024_provider_identity_reviewed,848,https://services.arcgis.com/nx9zcV4VjX0IwxpW/arcgis/rest/services/Police_Jurisdictions/FeatureServer/0,2026-07-06T16:43:28.733000+00:00
4202778288,Centre,Union Township,State Police coverage only,State Police Coverage Only,PA014SP00,42:police_service:PA014SP00,,,2024_provider_identity_reviewed,1367,https://services.arcgis.com/nx9zcV4VjX0IwxpW/arcgis/rest/services/Police_Jurisdictions/FeatureServer/0,2026-07-06T16:43:28.733000+00:00
4202778616,Centre,Unionville Borough,State Police coverage only,State Police Coverage Only,PA014SP00,42:police_service:PA014SP00,,,2024_provider_identity_reviewed,267,https://services.arcgis.com/nx9zcV4VjX0IwxpW/arcgis/rest/services/Police_Jurisdictions/FeatureServer/0,2026-07-06T16:43:28.733000+00:00
4202780552,Centre,Walker Township,State Police coverage only,State Police Coverage Only,PA014SP00,42:police_service:PA014SP00,,,2024_provider_identity_reviewed,4596,https://services.arcgis.com/nx9zcV4VjX0IwxpW/arcgis/rest/services/Police_Jurisdictions/FeatureServer/0,2026-07-06T16:43:28.733000+00:00
4202786544,Centre,Worth Township,State Police coverage only,State Police Coverage Only,PA014SP00,42:police_service:PA014SP00,,,2024_provider_identity_reviewed,725,https://services.arcgis.com/nx9zcV4VjX0IwxpW/arcgis/rest/services/Police_Jurisdictions/FeatureServer/0,2026-07-06T16:43:28.733000+00:00
4202903384,Chester,Atglen Borough,Police Service contracted from another municipality,Parkesburg Boro,PA0361800,42:police_service:PA0361800,,,2024_fbi_covered_by,1313,https://services.arcgis.com/nx9zcV4VjX0IwxpW/arcgis/rest/services/Police_Jurisdictions/FeatureServer/0,2026-07-06T16:43:28.733000+00:00
4202903656,Chester,Avondale Borough,Regional Police Service,Southern Chester County Regional Police Department,PA0156700,42:police_service:PA0156700,,,2024_provider_identity_reviewed,1274,https://services.arcgis.com/nx9zcV4VjX0IwxpW/arcgis/rest/services/Police_Jurisdictions/FeatureServer/0,2026-07-06T16:43:28.733000+00:00
4202906544,Chester,Birmingham Township,Municipal Police Force,Birmingham Twp,PA0152000,42:police_service:PA0152000,,,2024_active_official_provider,4082,https://services.arcgis.com/nx9zcV4VjX0IwxpW/arcgis/rest/services/Police_Jurisdictions/FeatureServer/0,2026-07-06T16:43:28.733000+00:00
4202910824,Chester,Caln Township,Municipal Police Force,Caln Twp,PA0151700,42:police_service:PA0151700,,,2024_active_official_provider,14432,https://services.arcgis.com/nx9zcV4VjX0IwxpW/arcgis/rest/services/Police_Jurisdictions/FeatureServer/0,2026-07-06T16:43:28.733000+00:00
4202912744,Chester,Charlestown Township,State Police coverage only,State Police Coverage Only,PA015SP00,42:police_service:PA015SP00,,PAPSP0200|PAPSP2700,2024_provider_identity_reviewed,6001,https://services.arcgis.com/nx9zcV4VjX0IwxpW/arcgis/rest/services/Police_Jurisdictions/FeatureServer/0,2026-07-06T16:43:28.733000+00:00
4202914712,Chester,Coatesville City,Municipal Police Force,Coatesville City,PA0150100,42:police_service:PA0150100,,,2024_provider_identity_reviewed,13350,https://services.arcgis.com/nx9zcV4VjX0IwxpW/arcgis/rest/services/Police_Jurisdictions/FeatureServer/0,2026-07-06T16:43:28.733000+00:00
4202919752,Chester,Downingtown Borough,Municipal Police Force,Downingtown Boro,PA0150200,42:police_service:PA0150200,,,2024_provider_identity_reviewed,7892,https://services.arcgis.com/nx9zcV4VjX0IwxpW/arcgis/rest/services/Police_Jurisdictions/FeatureServer/0,2026-07-06T16:43:28.733000+00:00
4202920824,Chester,East Bradford Township,Police Service contracted from another municipality,West Chester Boro,PA0151300,42:police_service:PA0151300,,,2024_provider_identity_reviewed,10339,https://services.arcgis.com/nx9zcV4VjX0IwxpW/arcgis/rest/services/Police_Jurisdictions/FeatureServer/0,2026-07-06T16:43:28.733000+00:00
4202920864,Chester,East Brandywine Township,Municipal Police Force,East Brandywine Twp,PA0154900,42:police_service:PA0154900,,,2024_provider_identity_reviewed,9738,https://services.arcgis.com/nx9zcV4VjX0IwxpW/arcgis/rest/services/Police_Jurisdictions/FeatureServer/0,2026-07-06T16:43:28.733000+00:00
4202920920,Chester,East Caln Township,Police Service contracted from another municipality,Downingtown Boro,PA0150200,42:police_service:PA0150200,,,2024_provider_identity_reviewed,5384,https://services.arcgis.com/nx9zcV4VjX0IwxpW/arcgis/rest/services/Police_Jurisdictions/FeatureServer/0,2026-07-06T16:43:28.733000+00:00
4202921008,Chester,East Coventry Township,Municipal Police Force,East Coventry Twp,PA0154800,42:police_service:PA0154800,,,2024_active_official_provider,7068,https://services.arcgis.com/nx9zcV4VjX0IwxpW/arcgis/rest/services/Police_Jurisdictions/FeatureServer/0,2026-07-06T16:43:28.733000+00:00
4202921104,Chester,East Fallowfield Township,Municipal Police Force,East Fallowfield Twp,PA0152100,42:police_service:PA0152100,,,2024_provider_identity_reviewed,7626,https://services.arcgis.com/nx9zcV4VjX0IwxpW/arcgis/rest/services/Police_Jurisdictions/FeatureServer/0,2026-07-06T16:43:28.733000+00:00
4202921192,Chester,East Goshen Township,Regional Police Service,Westtown-east Goshen Twp,PA0152700,42:police_service:PA0152700,,,2024_provider_identity_reviewed,18410,https://services.arcgis.com/nx9zcV4VjX0IwxpW/arcgis/rest/services/Police_Jurisdictions/FeatureServer/0,2026-07-06T16:43:28.733000+00:00
4202921480,Chester,East MarlBorough Township,Municipal Police Force,East Marlborough Twp,PA0156200,42:police_service:PA0156200,,,2024_provider_identity_reviewed,7306,https://services.arcgis.com/nx9zcV4VjX0IwxpW/arcgis/rest/services/Police_Jurisdictions/FeatureServer/0,2026-07-06T16:43:28.733000+00:00
4202921576,Chester,East Nantmeal Township,State Police coverage only,State Police Coverage Only,PA015SP00,42:police_service:PA015SP00,,PAPSP0200|PAPSP2700,2024_provider_identity_reviewed,1832,https://services.arcgis.com/nx9zcV4VjX0IwxpW/arcgis/rest/services/Police_Jurisdictions/FeatureServer/0,2026-07-06T16:43:28.733000+00:00
4202921624,Chester,East Nottingham Township,State Police coverage only,State Police Coverage Only,PA015SP00,42:police_service:PA015SP00,,PAPSP0200|PAPSP2700,2024_provider_identity_reviewed,8982,https://services.arcgis.com/nx9zcV4VjX0IwxpW/arcgis/rest/services/Police_Jurisdictions/FeatureServer/0,2026-07-06T16:43:28.733000+00:00
4202921696,Chester,East Pikeland Township,Municipal Police Force,East Pikeland Twp,PA0153200,42:police_service:PA0153200,,,2024_active_official_provider,8260,https://services.arcgis.com/nx9zcV4VjX0IwxpW/arcgis/rest/services/Police_Jurisdictions/FeatureServer/0,2026-07-06T16:43:28.733000+00:00
4202921928,Chester,Easttown Township,Municipal Police Force,Easttown Twp,PA0150300,42:police_service:PA0150300,,,2024_active_official_provider,10984,https://services.arcgis.com/nx9zcV4VjX0IwxpW/arcgis/rest/services/Police_Jurisdictions/FeatureServer/0,2026-07-06T16:43:28.733000+00:00
4202922000,Chester,East Vincent Township,Municipal Police Force,East Vincent Twp,PA0153300,42:police_service:PA0153300,,,2024_active_official_provider,7433,https://services.arcgis.com/nx9zcV4VjX0IwxpW/arcgis/rest/services/Police_Jurisdictions/FeatureServer/0,2026-07-06T16:43:28.733000+00:00
4202922056,Chester,East Whiteland Township,Municipal Police Force,East Whiteland Twp,PA0150400,42:police_service:PA0150400,,,2024_active_official_provider,13917,https://services.arcgis.com/nx9zcV4VjX0IwxpW/arcgis/rest/services/Police_Jurisdictions/FeatureServer/0,2026-07-06T16:43:28.733000+00:00
4202923032,Chester,Elk Township,State Police coverage only,State Police Coverage Only,PA015SP00,42:police_service:PA015SP00,,PAPSP0200|PAPSP2700,2024_provider_identity_reviewed,1698,https://services.arcgis.com/nx9zcV4VjX0IwxpW/arcgis/rest/services/Police_Jurisdictions/FeatureServer/0,2026-07-06T16:43:28.733000+00:00
4202923440,Chester,Elverson Borough,State Police coverage only,State Police Coverage Only,PA015SP00,42:police_service:PA015SP00,,PAPSP0200|PAPSP2700,2024_fbi_covered_by,1330,https://services.arcgis.com/nx9zcV4VjX0IwxpW/arcgis/rest/services/Police_Jurisdictions/FeatureServer/0,2026-07-06T16:43:28.733000+00:00
4202927376,Chester,Franklin Township,State Police coverage only,State Police Coverage Only,PA015SP00,42:police_service:PA015SP00,,PAPSP0200|PAPSP2700,2024_provider_identity_reviewed,4433,https://services.arcgis.com/nx9zcV4VjX0IwxpW/arcgis/rest/services/Police_Jurisdictions/FeatureServer/0,2026-07-06T16:43:28.733000+00:00
4202934448,Chester,Highland Township,Police Service contracted from another municipality,Parkesburg Boro,PA0150900,42:police_service:PA0150900,,,2024_provider_identity_reviewed,1259,https://services.arcgis.com/nx9zcV4VjX0IwxpW/arcgis/rest/services/Police_Jurisdictions/FeatureServer/0,2026-07-06T16:43:28.733000+00:00
4202935528,Chester,Honey Brook Borough,Municipal Police Force,Honey Brook Boro,PA015SP00,42:police_service:PA015SP00,,PAPSP0200|PAPSP2700,2024_fbi_covered_by,1892,https://services.arcgis.com/nx9zcV4VjX0IwxpW/arcgis/rest/services/Police_Jurisdictions/FeatureServer/0,2026-07-06T16:43:28.733000+00:00
4202935536,Chester,Honey Brook Township,State Police coverage only,State Police Coverage Only,PA015SP00,42:police_service:PA015SP00,,PAPSP0200|PAPSP2700,2024_provider_identity_reviewed,8274,https://services.arcgis.com/nx9zcV4VjX0IwxpW/arcgis/rest/services/Police_Jurisdictions/FeatureServer/0,2026-07-06T16:43:28.733000+00:00
4202939344,Chester,Kennett Township,Municipal Police Force,Kennett Twp,PA0156500,42:police_service:PA0156500,,,2024_provider_identity_reviewed,8289,https://services.arcgis.com/nx9zcV4VjX0IwxpW/arcgis/rest/services/Police_Jurisdictions/FeatureServer/0,2026-07-06T16:43:28.733000+00:00
4202939352,Chester,Kennett Square Borough,Municipal Police Force,Kennett Square Boro,PA0150500,42:police_service:PA0150500,,,2024_provider_identity_reviewed,5936,https://services.arcgis.com/nx9zcV4VjX0IwxpW/arcgis/rest/services/Police_Jurisdictions/FeatureServer/0,2026-07-06T16:43:28.733000+00:00
4202944440,Chester,London Britain Township,State Police coverage only,State Police Coverage Only,PA015SP00,42:police_service:PA015SP00,,PAPSP0200|PAPSP2700,2024_provider_identity_reviewed,3179,https://services.arcgis.com/nx9zcV4VjX0IwxpW/arcgis/rest/services/Police_Jurisdictions/FeatureServer/0,2026-07-06T16:43:28.733000+00:00
4202944456,Chester,Londonderry Township,State Police coverage only,State Police Coverage Only,PA015SP00,42:police_service:PA015SP00,,PAPSP0200|PAPSP2700,2024_provider_identity_reviewed,2476,https://services.arcgis.com/nx9zcV4VjX0IwxpW/arcgis/rest/services/Police_Jurisdictions/FeatureServer/0,2026-07-06T16:43:28.733000+00:00
4202944480,Chester,London Grove Township,State Police coverage only,State Police Coverage Only,PA015SP00,42:police_service:PA015SP00,,PAPSP0200|PAPSP2700,2024_provider_identity_reviewed,8797,https://services.arcgis.com/nx9zcV4VjX0IwxpW/arcgis/rest/services/Police_Jurisdictions/FeatureServer/0,2026-07-06T16:43:28.733000+00:00
4202945040,Chester,Lower Oxford Township,State Police coverage only,State Police Coverage Only,PA015SP00,42:police_service:PA015SP00,,PAPSP0200|PAPSP2700,2024_provider_identity_reviewed,5420,https://services.arcgis.com/nx9zcV4VjX0IwxpW/arcgis/rest/services/Police_Jurisdictions/FeatureServer/0,2026-07-06T16:43:28.733000+00:00
4202946792,Chester,Malvern Borough,Municipal Police Force,Malvern Boro,PA0150600,42:police_service:PA0150600,,,2024_provider_identity_reviewed,3419,https://services.arcgis.com/nx9zcV4VjX0IwxpW/arcgis/rest/services/Police_Jurisdictions/FeatureServer/0,2026-07-06T16:43:28.733000+00:00
4202950232,Chester,Modena Borough,State Police coverage only,State Police Coverage Only,PA015SP00,42:police_service:PA015SP00,,PAPSP0200|PAPSP2700,2024_provider_identity_reviewed,541,https://services.arcgis.com/nx9zcV4VjX0IwxpW/arcgis/rest/services/Police_Jurisdictions/FeatureServer/0,2026-07-06T16:43:28.733000+00:00
4202953608,Chester,New Garden Township,Regional Police Service,Southern Chester County Regional Police Department,PA0156700,42:police_service:PA0156700,,,2024_provider_identity_reviewed,11363,https://services.arcgis.com/nx9zcV4VjX0IwxpW/arcgis/rest/services/Police_Jurisdictions/FeatureServer/0,2026-07-06T16:43:28.733000+00:00
4202953784,Chester,Newlin Township,State Police coverage only,State Police Coverage Only,PA015SP00,42:police_service:PA015SP00,,PAPSP0200|PAPSP2700,2024_provider_identity_reviewed,1358,https://services.arcgis.com/nx9zcV4VjX0IwxpW/arcgis/rest/services/Police_Jurisdictions/FeatureServer/0,2026-07-06T16:43:28.733000+00:00
4202953816,Chester,New London Township,State Police coverage only,State Police Coverage Only,PA015SP00,42:police_service:PA015SP00,,PAPSP0200|PAPSP2700,2024_provider_identity_reviewed,5810,https://services.arcgis.com/nx9zcV4VjX0IwxpW/arcgis/rest/services/Police_Jurisdictions/FeatureServer/0,2026-07-06T16:43:28.733000+00:00
4202954936,Chester,North Coventry Township,Municipal Police Force,North Coventry Twp,PA0150700,42:police_service:PA0150700,,,2024_active_official_provider,8441,https://services.arcgis.com/nx9zcV4VjX0IwxpW/arcgis/rest/services/Police_Jurisdictions/FeatureServer/0,2026-07-06T16:43:28.733000+00:00
4202957480,Chester,Oxford Borough,Municipal Police Force,Oxford Boro,PA0150800,42:police_service:PA0150800,,,2024_provider_identity_reviewed,5736,https://services.arcgis.com/nx9zcV4VjX0IwxpW/arcgis/rest/services/Police_Jurisdictions/FeatureServer/0,2026-07-06T16:43:28.733000+00:00
4202958032,Chester,Parkesburg Borough,Municipal Police Force,Parkesburg Boro,PA0150900,42:police_service:PA0150900,,,2024_provider_identity_reviewed,3862,https://services.arcgis.com/nx9zcV4VjX0IwxpW/arcgis/rest/services/Police_Jurisdictions/FeatureServer/0,2026-07-06T16:43:28.733000+00:00
4202958808,Chester,Penn Township,State Police coverage only,State Police Coverage Only,PA015SP00,42:police_service:PA015SP00,,PAPSP0200|PAPSP2700,2024_provider_identity_reviewed,5644,https://services.arcgis.com/nx9zcV4VjX0IwxpW/arcgis/rest/services/Police_Jurisdictions/FeatureServer/0,2026-07-06T16:43:28.733000+00:00
4202959136,Chester,Pennsbury Township,State Police coverage only,State Police Coverage Only,PA015SP00,42:police_service:PA015SP00,,PAPSP0200|PAPSP2700,2024_provider_identity_reviewed,3876,https://services.arcgis.com/nx9zcV4VjX0IwxpW/arcgis/rest/services/Police_Jurisdictions/FeatureServer/0,2026-07-06T16:43:28.733000+00:00
4202960120,Chester,Phoenixville Borough,Municipal Police Force,Phoenixville Boro,PA0151000,42:police_service:PA0151000,,,2024_provider_identity_reviewed,18602,https://services.arcgis.com/nx9zcV4VjX0IwxpW/arcgis/rest/services/Police_Jurisdictions/FeatureServer/0,2026-07-06T16:43:28.733000+00:00
4202961800,Chester,Pocopson Township,State Police coverage only,State Police Coverage Only,PA015SP00,42:police_service:PA015SP00,,PAPSP0200|PAPSP2700,2024_provider_identity_reviewed,4455,https://services.arcgis.com/nx9zcV4VjX0IwxpW/arcgis/rest/services/Police_Jurisdictions/FeatureServer/0,2026-07-06T16:43:28.733000+00:00
4202967080,Chester,Sadsbury Township,Municipal Police Force,Sadsbury Twp,PA0155000,42:police_service:PA0155000,,,2024_active_official_provider,4125,https://services.arcgis.com/nx9zcV4VjX0IwxpW/arcgis/rest/services/Police_Jurisdictions/FeatureServer/0,2026-07-06T16:43:28.733000+00:00
4202968288,Chester,Schuylkill Township,Municipal Police Force,Schuylkill Twp,PA0152200,42:police_service:PA0152200,,,2024_active_official_provider,8780,https://services.arcgis.com/nx9zcV4VjX0IwxpW/arcgis/rest/services/Police_Jurisdictions/FeatureServer/0,2026-07-06T16:43:28.733000+00:00
4202972072,Chester,South Coatesville Borough,Municipal Police Force,South Coatesville Boro,PA0152300,42:police_service:PA0152300,,,2024_provider_identity_reviewed,1601,https://services.arcgis.com/nx9zcV4VjX0IwxpW/arcgis/rest/services/Police_Jurisdictions/FeatureServer/0,2026-07-06T16:43:28.733000+00:00
4202972088,Chester,South Coventry Township,State Police coverage only,State Police Coverage Only,PA015SP00,42:police_service:PA015SP00,,PAPSP0200|PAPSP2700,2024_provider_identity_reviewed,2796,https://services.arcgis.com/nx9zcV4VjX0IwxpW/arcgis/rest/services/Police_Jurisdictions/FeatureServer/0,2026-07-06T16:43:28.733000+00:00
4202972920,Chester,Spring City Borough,Municipal Police Force,Spring City Boro,PA0151100,42:police_service:PA0151100,,,2024_provider_identity_reviewed,3494,https://services.arcgis.com/nx9zcV4VjX0IwxpW/arcgis/rest/services/Police_Jurisdictions/FeatureServer/0,2026-07-06T16:43:28.733000+00:00
4202976568,Chester,Thornbury Township,State Police coverage only,State Police Coverage Only,PA015SP00,42:police_service:PA015SP00,,PAPSP0200|PAPSP2700,2024_fbi_covered_by,3177,https://services.arcgis.com/nx9zcV4VjX0IwxpW/arcgis/rest/services/Police_Jurisdictions/FeatureServer/0,2026-07-06T16:43:28.733000+00:00
4202977344,Chester,Tredyffrin Township,Municipal Police Force,Tredyffrin Twp,PA0151200,42:police_service:PA0151200,,,2024_active_official_provider,31927,https://services.arcgis.com/nx9zcV4VjX0IwxpW/arcgis/rest/services/Police_Jurisdictions/FeatureServer/0,2026-07-06T16:43:28.733000+00:00
4202979208,Chester,Upper Oxford Township,State Police coverage only,State Police Coverage Only,PA015SP00,42:police_service:PA015SP00,,PAPSP0200|PAPSP2700,2024_provider_identity_reviewed,2560,https://services.arcgis.com/nx9zcV4VjX0IwxpW/arcgis/rest/services/Police_Jurisdictions/FeatureServer/0,2026-07-06T16:43:28.733000+00:00
4202979352,Chester,Upper Uwchlan Township,Municipal Police Force,Upper Uwchlan Twp,PA0152500,42:police_service:PA0152500,,,2024_provider_identity_reviewed,12275,https://services.arcgis.com/nx9zcV4VjX0IwxpW/arcgis/rest/services/Police_Jurisdictions/FeatureServer/0,2026-07-06T16:43:28.733000+00:00
4202979480,Chester,Uwchlan Township,Municipal Police Force,Uwchlan Twp,PA0152800,42:police_service:PA0152800,,,2024_active_official_provider,19161,https://services.arcgis.com/nx9zcV4VjX0IwxpW/arcgis/rest/services/Police_Jurisdictions/FeatureServer/0,2026-07-06T16:43:28.733000+00:00
4202979544,Chester,Valley Township,Municipal Police Force,Valley Twp,PA0154400,42:police_service:PA0154400,,,2024_active_official_provider,7985,https://services.arcgis.com/nx9zcV4VjX0IwxpW/arcgis/rest/services/Police_Jurisdictions/FeatureServer/0,2026-07-06T16:43:28.733000+00:00
4202980616,Chester,Wallace Township,Police Service contracted from another municipality,West Brandywine Twp,PA0155500,42:police_service:PA0155500,,,2024_fbi_covered_by,3711,https://services.arcgis.com/nx9zcV4VjX0IwxpW/arcgis/rest/services/Police_Jurisdictions/FeatureServer/0,2026-07-06T16:43:28.733000+00:00
4202981160,Chester,Warwick Township,State Police coverage only,State Police Coverage Only,PA015SP00,42:police_service:PA015SP00,,PAPSP0200|PAPSP2700,2024_provider_identity_reviewed,2590,https://services.arcgis.com/nx9zcV4VjX0IwxpW/arcgis/rest/services/Police_Jurisdictions/FeatureServer/0,2026-07-06T16:43:28.733000+00:00
4202982544,Chester,West Bradford Township,State Police coverage only,State Police Coverage Only,PA015SP00,42:police_service:PA015SP00,,PAPSP0200|PAPSP2700,2024_provider_identity_reviewed,14316,https://services.arcgis.com/nx9zcV4VjX0IwxpW/arcgis/rest/services/Police_Jurisdictions/FeatureServer/0,2026-07-06T16:43:28.733000+00:00
4202982576,Chester,West Brandywine Township,Municipal Police Force,West Brandywine Twp,PA0155500,42:police_service:PA0155500,,,2024_active_official_provider,7331,https://services.arcgis.com/nx9zcV4VjX0IwxpW/arcgis/rest/services/Police_Jurisdictions/FeatureServer/0,2026-07-06T16:43:28.733000+00:00
4202982664,Chester,West Caln Township,Municipal Police Force,West Caln Twp,PA0155200,42:police_service:PA0155200,,,2024_active_official_provider,8910,https://services.arcgis.com/nx9zcV4VjX0IwxpW/arcgis/rest/services/Police_Jurisdictions/FeatureServer/0,2026-07-06T16:43:28.733000+00:00
4202982704,Chester,West Chester Borough,Municipal Police Force,West Chester Boro,PA0151300,42:police_service:PA0151300,,,2024_provider_identity_reviewed,18671,https://services.arcgis.com/nx9zcV4VjX0IwxpW/arcgis/rest/services/Police_Jurisdictions/FeatureServer/0,2026-07-06T16:43:28.733000+00:00
4202982936,Chester,West Fallowfield Township,Municipal Police Force,West Fallowfield Twp,PA0153700,42:police_service:PA0153700,,,2024_provider_identity_reviewed,2459,https://services.arcgis.com/nx9zcV4VjX0IwxpW/arcgis/rest/services/Police_Jurisdictions/FeatureServer/0,2026-07-06T16:43:28.733000+00:00
4202983080,Chester,West Goshen Township,Municipal Police Force,West Goshen Twp,PA0151400,42:police_service:PA0151400,,,2024_active_official_provider,23040,https://services.arcgis.com/nx9zcV4VjX0IwxpW/arcgis/rest/services/Police_Jurisdictions/FeatureServer/0,2026-07-06T16:43:28.733000+00:00
4202983104,Chester,West Grove Borough,Regional Police Service,Southern Chester County Regional Police,PA0156700,42:police_service:PA0156700,,,2024_provider_identity_reviewed,2770,https://services.arcgis.com/nx9zcV4VjX0IwxpW/arcgis/rest/services/Police_Jurisdictions/FeatureServer/0,2026-07-06T16:43:28.733000+00:00
4202983464,Chester,West MarlBorough Township,Police Service contracted from another municipality,East Marlborough Twp,PA0156200,42:police_service:PA0156200,,,2024_provider_identity_reviewed,819,https://services.arcgis.com/nx9zcV4VjX0IwxpW/arcgis/rest/services/Police_Jurisdictions/FeatureServer/0,2026-07-06T16:43:28.733000+00:00
4202983664,Chester,West Nantmeal Township,State Police coverage only,State Police Coverage Only,PA015SP00,42:police_service:PA015SP00,,PAPSP0200|PAPSP2700,2024_provider_identity_reviewed,2251,https://services.arcgis.com/nx9zcV4VjX0IwxpW/arcgis/rest/services/Police_Jurisdictions/FeatureServer/0,2026-07-06T16:43:28.733000+00:00
4202983712,Chester,West Nottingham Township,Municipal Police Force,West Nottingham Twp,PA0155300,42:police_service:PA0155300,,,2024_provider_identity_reviewed,2764,https://services.arcgis.com/nx9zcV4VjX0IwxpW/arcgis/rest/services/Police_Jurisdictions/FeatureServer/0,2026-07-06T16:43:28.733000+00:00
4202983832,Chester,West Pikeland Township,Municipal Police Force,West Pikeland Twp,PA0155700,42:police_service:PA0155700,,,2024_active_official_provider,4024,https://services.arcgis.com/nx9zcV4VjX0IwxpW/arcgis/rest/services/Police_Jurisdictions/FeatureServer/0,2026-07-06T16:43:28.733000+00:00
4202983968,Chester,West Sadsbury Township,Municipal Police Force,West Sadsbury Twp,PA0153800,42:police_service:PA0153800,,,2024_active_official_provider,2436,https://services.arcgis.com/nx9zcV4VjX0IwxpW/arcgis/rest/services/Police_Jurisdictions/FeatureServer/0,2026-07-06T16:43:28.733000+00:00
4202984104,Chester,Westtown Township,Regional Police Service,Westtown-east Goshen,PA0152700,42:police_service:PA0152700,,,2024_provider_identity_reviewed,11154,https://services.arcgis.com/nx9zcV4VjX0IwxpW/arcgis/rest/services/Police_Jurisdictions/FeatureServer/0,2026-07-06T16:43:28.733000+00:00
4202984160,Chester,West Vincent Township,Municipal Police Force,West Vincent Twp,PA0153900,42:police_service:PA0153900,,,2024_provider_identity_reviewed,6668,https://services.arcgis.com/nx9zcV4VjX0IwxpW/arcgis/rest/services/Police_Jurisdictions/FeatureServer/0,2026-07-06T16:43:28.733000+00:00
4202984192,Chester,West Whiteland Township,Municipal Police Force,West Whiteland Twp,PA0154000,42:police_service:PA0154000,,,2024_active_official_provider,19632,https://services.arcgis.com/nx9zcV4VjX0IwxpW/arcgis/rest/services/Police_Jurisdictions/FeatureServer/0,2026-07-06T16:43:28.733000+00:00
4202985352,Chester,Willistown Township,Municipal Police Force,Willistown Twp,PA0151600,42:police_service:PA0151600,,,2024_active_official_provider,11273,https://services.arcgis.com/nx9zcV4VjX0IwxpW/arcgis/rest/services/Police_Jurisdictions/FeatureServer/0,2026-07-06T16:43:28.733000+00:00
4203103248,Clarion,Ashland Township,State Police coverage only,State Police Coverage Only,PA016SP00,42:police_service:PA016SP00,,,2024_provider_identity_reviewed,1119,https://services.arcgis.com/nx9zcV4VjX0IwxpW/arcgis/rest/services/Police_Jurisdictions/FeatureServer/0,2026-07-06T16:43:28.733000+00:00
4203104696,Clarion,Beaver Township,State Police coverage only,State Police Coverage Only,PA016SP00,42:police_service:PA016SP00,,,2024_provider_identity_reviewed,1833,https://services.arcgis.com/nx9zcV4VjX0IwxpW/arcgis/rest/services/Police_Jurisdictions/FeatureServer/0,2026-07-06T16:43:28.733000+00:00
4203108112,Clarion,Brady Township,State Police coverage only,State Police Coverage Only,PA016SP00,42:police_service:PA016SP00,,,2024_provider_identity_reviewed,77,https://services.arcgis.com/nx9zcV4VjX0IwxpW/arcgis/rest/services/Police_Jurisdictions/FeatureServer/0,2026-07-06T16:43:28.733000+00:00
4203110792,Clarion,Callensburg Borough,State Police coverage only,State Police Coverage Only,PA016SP00,42:police_service:PA016SP00,,,2024_provider_identity_reviewed,150,https://services.arcgis.com/nx9zcV4VjX0IwxpW/arcgis/rest/services/Police_Jurisdictions/FeatureServer/0,2026-07-06T16:43:28.733000+00:00
4203113800,Clarion,Clarion Borough,Municipal Police Force,Clarion Boro,PA0160100,42:police_service:PA0160100,,,2024_provider_identity_reviewed,3931,https://services.arcgis.com/nx9zcV4VjX0IwxpW/arcgis/rest/services/Police_Jurisdictions/FeatureServer/0,2026-07-06T16:43:28.733000+00:00
4203113808,Clarion,Clarion Township,State Police coverage only,State Police Coverage Only,PA016SP00,42:police_service:PA016SP00,,,2024_provider_identity_reviewed,3645,https://services.arcgis.com/nx9zcV4VjX0IwxpW/arcgis/rest/services/Police_Jurisdictions/FeatureServer/0,2026-07-06T16:43:28.733000+00:00
4203120840,Clarion,East Brady Borough,Regional Police Service,Southern Clarion County Regional Police Department,PA0161600,42:police_service:PA0161600,,,2024_fbi_covered_by,818,https://services.arcgis.com/nx9zcV4VjX0IwxpW/arcgis/rest/services/Police_Jurisdictions/FeatureServer/0,2026-07-06T16:43:28.733000+00:00
4203123040,Clarion,Elk Township,State Police coverage only,State Police Coverage Only,PA016SP00,42:police_service:PA016SP00,,,2024_provider_identity_reviewed,1434,https://services.arcgis.com/nx9zcV4VjX0IwxpW/arcgis/rest/services/Police_Jurisdictions/FeatureServer/0,2026-07-06T16:43:28.733000+00:00
4203125272,Clarion,Farmington Township,State Police coverage only,State Police Coverage Only,PA016SP00,42:police_service:PA016SP00,,,2024_provider_identity_reviewed,1781,https://services.arcgis.com/nx9zcV4VjX0IwxpW/arcgis/rest/services/Police_Jurisdictions/FeatureServer/0,2026-07-06T16:43:28.733000+00:00
4203127112,Clarion,Foxburg Borough,State Police coverage only,State Police Coverage Only,PA016SP00,42:police_service:PA016SP00,,,2024_provider_identity_reviewed,181,https://services.arcgis.com/nx9zcV4VjX0IwxpW/arcgis/rest/services/Police_Jurisdictions/FeatureServer/0,2026-07-06T16:43:28.733000+00:00
4203133216,Clarion,Hawthorn Borough,State Police coverage only,State Police Coverage Only,PA016SP00,42:police_service:PA016SP00,,,2024_provider_identity_reviewed,477,https://services.arcgis.com/nx9zcV4VjX0IwxpW/arcgis/rest/services/Police_Jurisdictions/FeatureServer/0,2026-07-06T16:43:28.733000+00:00
4203134456,Clarion,Highland Township,State Police coverage only,State Police Coverage Only,PA016SP00,42:police_service:PA016SP00,,,2024_provider_identity_reviewed,534,https://services.arcgis.com/nx9zcV4VjX0IwxpW/arcgis/rest/services/Police_Jurisdictions/FeatureServer/0,2026-07-06T16:43:28.733000+00:00
4203140272,Clarion,Knox Borough,Municipal Police Force,Knox Boro,PA0160400,42:police_service:PA0160400,,,2024_provider_identity_reviewed,1093,https://services.arcgis.com/nx9zcV4VjX0IwxpW/arcgis/rest/services/Police_Jurisdictions/FeatureServer/0,2026-07-06T16:43:28.733000+00:00
4203140288,Clarion,Knox Township,State Police coverage only,State Police Coverage Only,PA016SP00,42:police_service:PA016SP00,,,2024_provider_identity_reviewed,996,https://services.arcgis.com/nx9zcV4VjX0IwxpW/arcgis/rest/services/Police_Jurisdictions/FeatureServer/0,2026-07-06T16:43:28.733000+00:00
4203143192,Clarion,Licking Township,State Police coverage only,State Police Coverage Only,PA016SP00,42:police_service:PA016SP00,,,2024_provider_identity_reviewed,577,https://services.arcgis.com/nx9zcV4VjX0IwxpW/arcgis/rest/services/Police_Jurisdictions/FeatureServer/0,2026-07-06T16:43:28.733000+00:00
4203143344,Clarion,Limestone Township,State Police coverage only,State Police Coverage Only,PA016SP00,42:police_service:PA016SP00,,,2024_provider_identity_reviewed,1871,https://services.arcgis.com/nx9zcV4VjX0IwxpW/arcgis/rest/services/Police_Jurisdictions/FeatureServer/0,2026-07-06T16:43:28.733000+00:00
4203146464,Clarion,Madison Township,State Police coverage only,State Police Coverage Only,PA016SP00,42:police_service:PA016SP00,,,2024_provider_identity_reviewed,1157,https://services.arcgis.com/nx9zcV4VjX0IwxpW/arcgis/rest/services/Police_Jurisdictions/FeatureServer/0,2026-07-06T16:43:28.733000+00:00
4203149536,Clarion,Millcreek Township,State Police coverage only,State Police Coverage Only,PA016SP00,42:police_service:PA016SP00,,,2024_provider_identity_reviewed,365,https://services.arcgis.com/nx9zcV4VjX0IwxpW/arcgis/rest/services/Police_Jurisdictions/FeatureServer/0,2026-07-06T16:43:28.733000+00:00
4203150464,Clarion,Monroe Township,State Police coverage only,State Police Coverage Only,PA016SP00,42:police_service:PA016SP00,,,2024_provider_identity_reviewed,1487,https://services.arcgis.com/nx9zcV4VjX0IwxpW/arcgis/rest/services/Police_Jurisdictions/FeatureServer/0,2026-07-06T16:43:28.733000+00:00
4203153248,Clarion,New Bethlehem Borough,Regional Police Service,Southern Clarion County Regional Police Department,PA0161600,42:police_service:PA0161600,,,2024_fbi_covered_by,978,https://services.arcgis.com/nx9zcV4VjX0IwxpW/arcgis/rest/services/Police_Jurisdictions/FeatureServer/0,2026-07-06T16:43:28.733000+00:00
4203157536,Clarion,Paint Township,State Police coverage only,State Police Coverage Only,PA016SP00,42:police_service:PA016SP00,,,2024_provider_identity_reviewed,1645,https://services.arcgis.com/nx9zcV4VjX0IwxpW/arcgis/rest/services/Police_Jurisdictions/FeatureServer/0,2026-07-06T16:43:28.733000+00:00
4203159456,Clarion,Perry Township,State Police coverage only,State Police Coverage Only,PA016SP00,42:police_service:PA016SP00,,,2024_provider_identity_reviewed,919,https://services.arcgis.com/nx9zcV4VjX0IwxpW/arcgis/rest/services/Police_Jurisdictions/FeatureServer/0,2026-07-06T16:43:28.733000+00:00
4203160648,Clarion,Piney Township,State Police coverage only,State Police Coverage Only,PA016SP00,42:police_service:PA016SP00,,,2024_provider_identity_reviewed,399,https://services.arcgis.com/nx9zcV4VjX0IwxpW/arcgis/rest/services/Police_Jurisdictions/FeatureServer/0,2026-07-06T16:43:28.733000+00:00
4203162144,Clarion,Porter Township,State Police coverage only,State Police Coverage Only,PA016SP00,42:police_service:PA016SP00,,,2024_provider_identity_reviewed,1289,https://services.arcgis.com/nx9zcV4VjX0IwxpW/arcgis/rest/services/Police_Jurisdictions/FeatureServer/0,2026-07-06T16:43:28.733000+00:00
4203163728,Clarion,Redbank Township,State Police coverage only,State Police Coverage Only,PA016SP00,42:police_service:PA016SP00,,,2024_provider_identity_reviewed,1332,https://services.arcgis.com/nx9zcV4VjX0IwxpW/arcgis/rest/services/Police_Jurisdictions/FeatureServer/0,2026-07-06T16:43:28.733000+00:00
4203164552,Clarion,Richland Township,State Police coverage only,State Police Coverage Only,PA016SP00,42:police_service:PA016SP00,,,2024_provider_identity_reviewed,469,https://services.arcgis.com/nx9zcV4VjX0IwxpW/arcgis/rest/services/Police_Jurisdictions/FeatureServer/0,2026-07-06T16:43:28.733000+00:00
4203164904,Clarion,Rimersburg Borough,Regional Police Service,Southern Clarion County Regional Police Department,PA0161600,42:police_service:PA0161600,,,2024_fbi_covered_by,942,https://services.arcgis.com/nx9zcV4VjX0IwxpW/arcgis/rest/services/Police_Jurisdictions/FeatureServer/0,2026-07-06T16:43:28.733000+00:00
4203167384,Clarion,St. Petersburg Borough,State Police coverage only,State Police Coverage Only,PA016SP00,42:police_service:PA016SP00,,,2024_provider_identity_reviewed,336,https://services.arcgis.com/nx9zcV4VjX0IwxpW/arcgis/rest/services/Police_Jurisdictions/FeatureServer/0,2026-07-06T16:43:28.733000+00:00
4203167432,Clarion,Salem Township,State Police coverage only,State Police Coverage Only,PA016SP00,42:police_service:PA016SP00,,,2024_provider_identity_reviewed,896,https://services.arcgis.com/nx9zcV4VjX0IwxpW/arcgis/rest/services/Police_Jurisdictions/FeatureServer/0,2026-07-06T16:43:28.733000+00:00
4203170368,Clarion,Shippenville Borough,State Police coverage only,State Police Coverage Only,PA016SP00,42:police_service:PA016SP00,,,2024_provider_identity_reviewed,442,https://services.arcgis.com/nx9zcV4VjX0IwxpW/arcgis/rest/services/Police_Jurisdictions/FeatureServer/0,2026-07-06T16:43:28.733000+00:00
4203171176,Clarion,Sligo Borough,State Police coverage only,State Police Coverage Only,PA016SP00,42:police_service:PA016SP00,,,2024_provider_identity_reviewed,681,https://services.arcgis.com/nx9zcV4VjX0IwxpW/arcgis/rest/services/Police_Jurisdictions/FeatureServer/0,2026-07-06T16:43:28.733000+00:00
4203174728,Clarion,Strattanville Borough,State Police coverage only,State Police Coverage Only,PA016SP00,42:police_service:PA016SP00,,,2024_provider_identity_reviewed,537,https://services.arcgis.com/nx9zcV4VjX0IwxpW/arcgis/rest/services/Police_Jurisdictions/FeatureServer/0,2026-07-06T16:43:28.733000+00:00
4203176928,Clarion,Toby Township,State Police coverage only,State Police Coverage Only,PA016SP00,42:police_service:PA016SP00,,,2024_provider_identity_reviewed,982,https://services.arcgis.com/nx9zcV4VjX0IwxpW/arcgis/rest/services/Police_Jurisdictions/FeatureServer/0,2026-07-06T16:43:28.733000+00:00
4203181208,Clarion,Washington Township,State Police coverage only,State Police Coverage Only,PA016SP00,42:police_service:PA016SP00,,,2024_provider_identity_reviewed,1865,https://services.arcgis.com/nx9zcV4VjX0IwxpW/arcgis/rest/services/Police_Jurisdictions/FeatureServer/0,2026-07-06T16:43:28.733000+00:00
4203304888,Clearfield,Beccaria Township,State Police coverage only,State Police Coverage Only,PA017SP00,42:police_service:PA017SP00,,,2024_provider_identity_reviewed,1774,https://services.arcgis.com/nx9zcV4VjX0IwxpW/arcgis/rest/services/Police_Jurisdictions/FeatureServer/0,2026-07-06T16:43:28.733000+00:00
4203305192,Clearfield,Bell Township,State Police coverage only,State Police Coverage Only,PA017SP00,42:police_service:PA017SP00,,,2024_provider_identity_reviewed,687,https://services.arcgis.com/nx9zcV4VjX0IwxpW/arcgis/rest/services/Police_Jurisdictions/FeatureServer/0,2026-07-06T16:43:28.733000+00:00
4203306288,Clearfield,Bigler Township,State Police coverage only,State Police Coverage Only,PA0172200,42:police_service:PA0172200,,,2024_active_local_provider,1238,https://services.arcgis.com/nx9zcV4VjX0IwxpW/arcgis/rest/services/Police_Jurisdictions/FeatureServer/0,2026-07-06T16:43:28.733000+00:00
4203307008,Clearfield,Bloom Township,State Police coverage only,State Police Coverage Only,PA017SP00,42:police_service:PA017SP00,,,2024_provider_identity_reviewed,382,https://services.arcgis.com/nx9zcV4VjX0IwxpW/arcgis/rest/services/Police_Jurisdictions/FeatureServer/0,2026-07-06T16:43:28.733000+00:00
4203307432,Clearfield,Boggs Township,State Police coverage only,State Police Coverage Only,PA017SP00,42:police_service:PA017SP00,,,2024_provider_identity_reviewed,1662,https://services.arcgis.com/nx9zcV4VjX0IwxpW/arcgis/rest/services/Police_Jurisdictions/FeatureServer/0,2026-07-06T16:43:28.733000+00:00
4203308032,Clearfield,Bradford Township,State Police coverage only,State Police Coverage Only,PA017SP00,42:police_service:PA017SP00,,,2024_provider_identity_reviewed,2841,https://services.arcgis.com/nx9zcV4VjX0IwxpW/arcgis/rest/services/Police_Jurisdictions/FeatureServer/0,2026-07-06T16:43:28.733000+00:00
4203308120,Clearfield,Brady Township,State Police coverage only,State Police Coverage Only,PA017SP00,42:police_service:PA017SP00,,,2024_provider_identity_reviewed,1936,https://services.arcgis.com/nx9zcV4VjX0IwxpW/arcgis/rest/services/Police_Jurisdictions/FeatureServer/0,2026-07-06T16:43:28.733000+00:00
4203308744,Clearfield,Brisbin Borough,State Police coverage only,State Police Coverage Only,PA017SP00,42:police_service:PA017SP00,,,2024_provider_identity_reviewed,422,https://services.arcgis.com/nx9zcV4VjX0IwxpW/arcgis/rest/services/Police_Jurisdictions/FeatureServer/0,2026-07-06T16:43:28.733000+00:00
4203310280,Clearfield,Burnside Borough,State Police coverage only,State Police Coverage Only,PA017SP00,42:police_service:PA017SP00,,,2024_provider_identity_reviewed,188,https://services.arcgis.com/nx9zcV4VjX0IwxpW/arcgis/rest/services/Police_Jurisdictions/FeatureServer/0,2026-07-06T16:43:28.733000+00:00
4203310288,Clearfield,Burnside Township,State Police coverage only,State Police Coverage Only,PA017SP00,42:police_service:PA017SP00,,,2024_provider_identity_reviewed,1055,https://services.arcgis.com/nx9zcV4VjX0IwxpW/arcgis/rest/services/Police_Jurisdictions/FeatureServer/0,2026-07-06T16:43:28.733000+00:00
4203313200,Clearfield,Chest Township,State Police coverage only,State Police Coverage Only,PA017SP00,42:police_service:PA017SP00,,,2024_provider_identity_reviewed,511,https://services.arcgis.com/nx9zcV4VjX0IwxpW/arcgis/rest/services/Police_Jurisdictions/FeatureServer/0,2026-07-06T16:43:28.733000+00:00
4203313240,Clearfield,Chester Hill Borough,State Police coverage only,State Police Coverage Only,PA017SP00,42:police_service:PA017SP00,,,2024_fbi_covered_by,821,https://services.arcgis.com/nx9zcV4VjX0IwxpW/arcgis/rest/services/Police_Jurisdictions/FeatureServer/0,2026-07-06T16:43:28.733000+00:00
4203314064,Clearfield,Clearfield Borough,Regional Police Service,Clearfield Regional Police Deptartment,PA0172300,42:police_service:PA0172300,,,2024_fbi_covered_by,5962,https://services.arcgis.com/nx9zcV4VjX0IwxpW/arcgis/rest/services/Police_Jurisdictions/FeatureServer/0,2026-07-06T16:43:28.733000+00:00
4203314656,Clearfield,Coalport Borough,State Police coverage only,State Police Coverage Only,PA017SP00,42:police_service:PA017SP00,,,2024_fbi_covered_by,425,https://services.arcgis.com/nx9zcV4VjX0IwxpW/arcgis/rest/services/Police_Jurisdictions/FeatureServer/0,2026-07-06T16:43:28.733000+00:00
4203316040,Clearfield,Cooper Township,State Police coverage only,State Police Coverage Only,PA017SP00,42:police_service:PA017SP00,,,2024_provider_identity_reviewed,2594,https://services.arcgis.com/nx9zcV4VjX0IwxpW/arcgis/rest/services/Police_Jurisdictions/FeatureServer/0,2026-07-06T16:43:28.733000+00:00
4203316656,Clearfield,Covington Township,State Police coverage only,State Police Coverage Only,PA017SP00,42:police_service:PA017SP00,,,2024_provider_identity_reviewed,494,https://services.arcgis.com/nx9zcV4VjX0IwxpW/arcgis/rest/services/Police_Jurisdictions/FeatureServer/0,2026-07-06T16:43:28.733000+00:00
4203317840,Clearfield,Curwensville Borough,Municipal Police Force,Curwensville Boro,PA0170300,42:police_service:PA0170300,,,2024_provider_identity_reviewed,2567,https://services.arcgis.com/nx9zcV4VjX0IwxpW/arcgis/rest/services/Police_Jurisdictions/FeatureServer/0,2026-07-06T16:43:28.733000+00:00
4203318456,Clearfield,Decatur Township,State Police coverage only,State Police Coverage Only,PA017SP00,42:police_service:PA017SP00,,,2024_fbi_covered_by,4558,https://services.arcgis.com/nx9zcV4VjX0IwxpW/arcgis/rest/services/Police_Jurisdictions/FeatureServer/0,2026-07-06T16:43:28.733000+00:00
4203320136,Clearfield,DuBois City,Municipal Police Force,Dubois City,PA0170200,42:police_service:PA0170200,,,2024_provider_identity_reviewed,7510,https://services.arcgis.com/nx9zcV4VjX0IwxpW/arcgis/rest/services/Police_Jurisdictions/FeatureServer/0,2026-07-06T16:43:28.733000+00:00
4203325632,Clearfield,Ferguson Township,State Police coverage only,State Police Coverage Only,PA017SP00,42:police_service:PA017SP00,,,2024_provider_identity_reviewed,544,https://services.arcgis.com/nx9zcV4VjX0IwxpW/arcgis/rest/services/Police_Jurisdictions/FeatureServer/0,2026-07-06T16:43:28.733000+00:00
4203329224,Clearfield,Girard Township,State Police coverage only,State Police Coverage Only,PA017SP00,42:police_service:PA017SP00,,,2024_provider_identity_reviewed,568,https://services.arcgis.com/nx9zcV4VjX0IwxpW/arcgis/rest/services/Police_Jurisdictions/FeatureServer/0,2026-07-06T16:43:28.733000+00:00
4203329632,Clearfield,Glen Hope Borough,State Police coverage only,State Police Coverage Only,PA017SP00,42:police_service:PA017SP00,,,2024_provider_identity_reviewed,127,https://services.arcgis.com/nx9zcV4VjX0IwxpW/arcgis/rest/services/Police_Jurisdictions/FeatureServer/0,2026-07-06T16:43:28.733000+00:00
4203330152,Clearfield,Goshen Township,State Police coverage only,State Police Coverage Only,PA017SP00,42:police_service:PA017SP00,,,2024_provider_identity_reviewed,390,https://services.arcgis.com/nx9zcV4VjX0IwxpW/arcgis/rest/services/Police_Jurisdictions/FeatureServer/0,2026-07-06T16:43:28.733000+00:00
4203330272,Clearfield,Graham Township,State Police coverage only,State Police Coverage Only,PA017SP00,42:police_service:PA017SP00,,,2024_provider_identity_reviewed,1331,https://services.arcgis.com/nx9zcV4VjX0IwxpW/arcgis/rest/services/Police_Jurisdictions/FeatureServer/0,2026-07-06T16:43:28.733000+00:00
4203330280,Clearfield,Grampian Borough,State Police coverage only,State Police Coverage Only,PA017SP00,42:police_service:PA017SP00,,,2024_provider_identity_reviewed,361,https://services.arcgis.com/nx9zcV4VjX0IwxpW/arcgis/rest/services/Police_Jurisdictions/FeatureServer/0,2026-07-06T16:43:28.733000+00:00
4203331376,Clearfield,Greenwood Township,State Police coverage only,State Police Coverage Only,PA017SP00,42:police_service:PA017SP00,,,2024_provider_identity_reviewed,366,https://services.arcgis.com/nx9zcV4VjX0IwxpW/arcgis/rest/services/Police_Jurisdictions/FeatureServer/0,2026-07-06T16:43:28.733000+00:00
4203331752,Clearfield,Gulich Township,State Police coverage only,State Police Coverage Only,PA017SP00,42:police_service:PA017SP00,,,2024_provider_identity_reviewed,1200,https://services.arcgis.com/nx9zcV4VjX0IwxpW/arcgis/rest/services/Police_Jurisdictions/FeatureServer/0,2026-07-06T16:43:28.733000+00:00
4203335928,Clearfield,Houtzdale Borough,State Police coverage only,State Police Coverage Only,PA017SP00,42:police_service:PA017SP00,,,2024_fbi_covered_by,764,https://services.arcgis.com/nx9zcV4VjX0IwxpW/arcgis/rest/services/Police_Jurisdictions/FeatureServer/0,2026-07-06T16:43:28.733000+00:00
4203336512,Clearfield,Huston Township,State Police coverage only,State Police Coverage Only,PA017SP00,42:police_service:PA017SP00,,,2024_provider_identity_reviewed,1260,https://services.arcgis.com/nx9zcV4VjX0IwxpW/arcgis/rest/services/Police_Jurisdictions/FeatureServer/0,2026-07-06T16:43:28.733000+00:00
4203337192,Clearfield,Irvona Borough,State Police coverage only,State Police Coverage Only,PA017SP00,42:police_service:PA017SP00,,,2024_fbi_covered_by,549,https://services.arcgis.com/nx9zcV4VjX0IwxpW/arcgis/rest/services/Police_Jurisdictions/FeatureServer/0,2026-07-06T16:43:28.733000+00:00
4203338432,Clearfield,Jordan Township,State Police coverage only,State Police Coverage Only,PA017SP00,42:police_service:PA017SP00,,,2024_provider_identity_reviewed,476,https://services.arcgis.com/nx9zcV4VjX0IwxpW/arcgis/rest/services/Police_Jurisdictions/FeatureServer/0,2026-07-06T16:43:28.733000+00:00
4203338784,Clearfield,Karthaus Township,State Police coverage only,State Police Coverage Only,PA017SP00,42:police_service:PA017SP00,,,2024_provider_identity_reviewed,824,https://services.arcgis.com/nx9zcV4VjX0IwxpW/arcgis/rest/services/Police_Jurisdictions/FeatureServer/0,2026-07-06T16:43:28.733000+00:00
4203340296,Clearfield,Knox Township,State Police coverage only,State Police Coverage Only,PA017SP00,42:police_service:PA017SP00,,,2024_provider_identity_reviewed,597,https://services.arcgis.com/nx9zcV4VjX0IwxpW/arcgis/rest/services/Police_Jurisdictions/FeatureServer/0,2026-07-06T16:43:28.733000+00:00
4203341952,Clearfield,Lawrence Township,Regional Police Service,Clearfield Regional Police,PA0172300,42:police_service:PA0172300,,,2024_fbi_covered_by,7500,https://services.arcgis.com/nx9zcV4VjX0IwxpW/arcgis/rest/services/Police_Jurisdictions/FeatureServer/0,2026-07-06T16:43:28.733000+00:00
4203346568,Clearfield,Mahaffey Borough,State Police coverage only,State Police Coverage Only,PA017SP00,42:police_service:PA017SP00,,,2024_provider_identity_reviewed,329,https://services.arcgis.com/nx9zcV4VjX0IwxpW/arcgis/rest/services/Police_Jurisdictions/FeatureServer/0,2026-07-06T16:43:28.733000+00:00
4203351056,Clearfield,Morris Township,State Police coverage only,State Police Coverage Only,PA017SP00,42:police_service:PA017SP00,,PA0171600,2024_psp_service,2777,https://services.arcgis.com/nx9zcV4VjX0IwxpW/arcgis/rest/services/Police_Jurisdictions/FeatureServer/0,2026-07-06T16:43:28.733000+00:00
4203353336,Clearfield,Newburg Borough,State Police coverage only,State Police Coverage Only,PA017SP00,42:police_service:PA017SP00,,,2024_provider_identity_reviewed,82,https://services.arcgis.com/nx9zcV4VjX0IwxpW/arcgis/rest/services/Police_Jurisdictions/FeatureServer/0,2026-07-06T16:43:28.733000+00:00
4203354344,Clearfield,New Washington Borough,State Police coverage only,State Police Coverage Only,PA017SP00,42:police_service:PA017SP00,,,2024_provider_identity_reviewed,50,https://services.arcgis.com/nx9zcV4VjX0IwxpW/arcgis/rest/services/Police_Jurisdictions/FeatureServer/0,2026-07-06T16:43:28.733000+00:00
4203357232,Clearfield,Osceola Mills Borough,State Police coverage only,State Police Coverage Only,PA017SP00,42:police_service:PA017SP00,,,2024_fbi_covered_by,1045,https://services.arcgis.com/nx9zcV4VjX0IwxpW/arcgis/rest/services/Police_Jurisdictions/FeatureServer/0,2026-07-06T16:43:28.733000+00:00
4203358816,Clearfield,Penn Township,State Police coverage only,State Police Coverage Only,PA017SP00,42:police_service:PA017SP00,,,2024_provider_identity_reviewed,1200,https://services.arcgis.com/nx9zcV4VjX0IwxpW/arcgis/rest/services/Police_Jurisdictions/FeatureServer/0,2026-07-06T16:43:28.733000+00:00
4203360192,Clearfield,Pike Township,State Police coverage only,State Police Coverage Only,PA017SP00,42:police_service:PA017SP00,,,2024_provider_identity_reviewed,2298,https://services.arcgis.com/nx9zcV4VjX0IwxpW/arcgis/rest/services/Police_Jurisdictions/FeatureServer/0,2026-07-06T16:43:28.733000+00:00
4203360288,Clearfield,Pine Township,State Police coverage only,State Police Coverage Only,PA017SP00,42:police_service:PA017SP00,,,2024_provider_identity_reviewed,60,https://services.arcgis.com/nx9zcV4VjX0IwxpW/arcgis/rest/services/Police_Jurisdictions/FeatureServer/0,2026-07-06T16:43:28.733000+00:00
4203363360,Clearfield,Ramey Borough,State Police coverage only,State Police Coverage Only,PA017SP00,42:police_service:PA017SP00,,,2024_provider_identity_reviewed,436,https://services.arcgis.com/nx9zcV4VjX0IwxpW/arcgis/rest/services/Police_Jurisdictions/FeatureServer/0,2026-07-06T16:43:28.733000+00:00
4203367792,Clearfield,Sandy Township,Municipal Police Force,Sandy Twp,PA0170800,42:police_service:PA0170800,,,2024_active_official_provider,11848,https://services.arcgis.com/nx9zcV4VjX0IwxpW/arcgis/rest/services/Police_Jurisdictions/FeatureServer/0,2026-07-06T16:43:28.733000+00:00
4203377568,Clearfield,Troutville Borough,State Police coverage only,State Police Coverage Only,PA017SP00,42:police_service:PA017SP00,,,2024_provider_identity_reviewed,230,https://services.arcgis.com/nx9zcV4VjX0IwxpW/arcgis/rest/services/Police_Jurisdictions/FeatureServer/0,2026-07-06T16:43:28.733000+00:00
4203378296,Clearfield,Union Township,State Police coverage only,State Police Coverage Only,PA017SP00,42:police_service:PA017SP00,,,2024_provider_identity_reviewed,886,https://services.arcgis.com/nx9zcV4VjX0IwxpW/arcgis/rest/services/Police_Jurisdictions/FeatureServer/0,2026-07-06T16:43:28.733000+00:00
4203380640,Clearfield,Wallaceton Borough,State Police coverage only,State Police Coverage Only,PA017SP00,42:police_service:PA017SP00,,,2024_provider_identity_reviewed,297,https://services.arcgis.com/nx9zcV4VjX0IwxpW/arcgis/rest/services/Police_Jurisdictions/FeatureServer/0,2026-07-06T16:43:28.733000+00:00
4203383736,Clearfield,Westover Borough,State Police coverage only,State Police Coverage Only,PA017SP00,42:police_service:PA017SP00,,,2024_provider_identity_reviewed,361,https://services.arcgis.com/nx9zcV4VjX0IwxpW/arcgis/rest/services/Police_Jurisdictions/FeatureServer/0,2026-07-06T16:43:28.733000+00:00
4203386440,Clearfield,Woodward Township,State Police coverage only,State Police Coverage Only,PA017SP00,42:police_service:PA017SP00,,,2024_provider_identity_reviewed,4137,https://services.arcgis.com/nx9zcV4VjX0IwxpW/arcgis/rest/services/Police_Jurisdictions/FeatureServer/0,2026-07-06T16:43:28.733000+00:00
4203502032,Clinton,Allison Township,State Police coverage only,State Police Coverage Only,PA018SP00,42:police_service:PA018SP00,,,2024_provider_identity_reviewed,229,https://services.arcgis.com/nx9zcV4VjX0IwxpW/arcgis/rest/services/Police_Jurisdictions/FeatureServer/0,2026-07-06T16:43:28.733000+00:00
4203503632,Clinton,Avis Borough,Police Service contracted from another municipality,Pine Creek Twp,PA0181600,42:police_service:PA0181600,,,2024_fbi_covered_by,1473,https://services.arcgis.com/nx9zcV4VjX0IwxpW/arcgis/rest/services/Police_Jurisdictions/FeatureServer/0,2026-07-06T16:43:28.733000+00:00
4203503912,Clinton,Bald Eagle Township,Police Service contracted from another municipality,Mill Hall Boro,PA0180900,42:police_service:PA0180900,,,2024_provider_identity_reviewed,2044,https://services.arcgis.com/nx9zcV4VjX0IwxpW/arcgis/rest/services/Police_Jurisdictions/FeatureServer/0,2026-07-06T16:43:28.733000+00:00
4203504984,Clinton,Beech Creek Borough,State Police coverage only,State Police Coverage Only,PA018SP00,42:police_service:PA018SP00,,,2024_provider_identity_reviewed,736,https://services.arcgis.com/nx9zcV4VjX0IwxpW/arcgis/rest/services/Police_Jurisdictions/FeatureServer/0,2026-07-06T16:43:28.733000+00:00
4203504992,Clinton,Beech Creek Township,State Police coverage only,State Police Coverage Only,PA018SP00,42:police_service:PA018SP00,,,2024_provider_identity_reviewed,972,https://services.arcgis.com/nx9zcV4VjX0IwxpW/arcgis/rest/services/Police_Jurisdictions/FeatureServer/0,2026-07-06T16:43:28.733000+00:00
4203511640,Clinton,Castanea Township,State Police coverage only,State Police Coverage Only,PA018SP00,42:police_service:PA018SP00,,,2024_provider_identity_reviewed,1107,https://services.arcgis.com/nx9zcV4VjX0IwxpW/arcgis/rest/services/Police_Jurisdictions/FeatureServer/0,2026-07-06T16:43:28.733000+00:00
4203512640,Clinton,Chapman Township,Police Service contracted from another municipality,Renovo Boro,PA0180200,42:police_service:PA0180200,,,2024_provider_identity_reviewed,893,https://services.arcgis.com/nx9zcV4VjX0IwxpW/arcgis/rest/services/Police_Jurisdictions/FeatureServer/0,2026-07-06T16:43:28.733000+00:00
4203514960,Clinton,Colebrook Township,State Police coverage only,State Police Coverage Only,PA018SP00,42:police_service:PA018SP00,,,2024_provider_identity_reviewed,196,https://services.arcgis.com/nx9zcV4VjX0IwxpW/arcgis/rest/services/Police_Jurisdictions/FeatureServer/0,2026-07-06T16:43:28.733000+00:00
4203516976,Clinton,Crawford Township,State Police coverage only,State Police Coverage Only,PA018SP00,42:police_service:PA018SP00,,,2024_provider_identity_reviewed,973,https://services.arcgis.com/nx9zcV4VjX0IwxpW/arcgis/rest/services/Police_Jurisdictions/FeatureServer/0,2026-07-06T16:43:28.733000+00:00
4203520408,Clinton,Dunnstable Township,Police Service contracted from another municipality,Pine Creek Twp,PA0181600,42:police_service:PA0181600,,,2024_fbi_covered_by,1005,https://services.arcgis.com/nx9zcV4VjX0IwxpW/arcgis/rest/services/Police_Jurisdictions/FeatureServer/0,2026-07-06T16:43:28.733000+00:00
4203521328,Clinton,East Keating Township,State Police coverage only,State Police Coverage Only,PA018SP00,42:police_service:PA018SP00,,,2024_provider_identity_reviewed,7,https://services.arcgis.com/nx9zcV4VjX0IwxpW/arcgis/rest/services/Police_Jurisdictions/FeatureServer/0,2026-07-06T16:43:28.733000+00:00
4203526296,Clinton,Flemington Borough,State Police coverage only,State Police Coverage Only,PA018SP00,42:police_service:PA018SP00,,,2024_fbi_covered_by,1271,https://services.arcgis.com/nx9zcV4VjX0IwxpW/arcgis/rest/services/Police_Jurisdictions/FeatureServer/0,2026-07-06T16:43:28.733000+00:00
4203528296,Clinton,Gallagher Township,State Police coverage only,State Police Coverage Only,PA018SP00,42:police_service:PA018SP00,,,2024_provider_identity_reviewed,391,https://services.arcgis.com/nx9zcV4VjX0IwxpW/arcgis/rest/services/Police_Jurisdictions/FeatureServer/0,2026-07-06T16:43:28.733000+00:00
4203530928,Clinton,Greene Township,State Police coverage only,State Police Coverage Only,PA018SP00,42:police_service:PA018SP00,,,2024_provider_identity_reviewed,1763,https://services.arcgis.com/nx9zcV4VjX0IwxpW/arcgis/rest/services/Police_Jurisdictions/FeatureServer/0,2026-07-06T16:43:28.733000+00:00
4203531680,Clinton,Grugan Township,State Police coverage only,State Police Coverage Only,PA018SP00,42:police_service:PA018SP00,,,2024_provider_identity_reviewed,49,https://services.arcgis.com/nx9zcV4VjX0IwxpW/arcgis/rest/services/Police_Jurisdictions/FeatureServer/0,2026-07-06T16:43:28.733000+00:00
4203541112,Clinton,Lamar Township,Police Service contracted from another municipality,Mill Hall Boro,PA0180900,42:police_service:PA0180900,,,2024_provider_identity_reviewed,2623,https://services.arcgis.com/nx9zcV4VjX0IwxpW/arcgis/rest/services/Police_Jurisdictions/FeatureServer/0,2026-07-06T16:43:28.733000+00:00
4203542544,Clinton,Leidy Township,State Police coverage only,State Police Coverage Only,PA018SP00,42:police_service:PA018SP00,,,2024_provider_identity_reviewed,155,https://services.arcgis.com/nx9zcV4VjX0IwxpW/arcgis/rest/services/Police_Jurisdictions/FeatureServer/0,2026-07-06T16:43:28.733000+00:00
4203544128,Clinton,Lock Haven City,Municipal Police Force,Lock Haven City,PA0180100,42:police_service:PA0180100,,,2024_provider_identity_reviewed,8108,https://services.arcgis.com/nx9zcV4VjX0IwxpW/arcgis/rest/services/Police_Jurisdictions/FeatureServer/0,2026-07-06T16:43:28.733000+00:00
4203544336,Clinton,Logan Township,State Police coverage only,State Police Coverage Only,PA018SP00,42:police_service:PA018SP00,,,2024_provider_identity_reviewed,878,https://services.arcgis.com/nx9zcV4VjX0IwxpW/arcgis/rest/services/Police_Jurisdictions/FeatureServer/0,2026-07-06T16:43:28.733000+00:00
4203544400,Clinton,Loganton Borough,State Police coverage only,State Police Coverage Only,PA018SP00,42:police_service:PA018SP00,,,2024_provider_identity_reviewed,469,https://services.arcgis.com/nx9zcV4VjX0IwxpW/arcgis/rest/services/Police_Jurisdictions/FeatureServer/0,2026-07-06T16:43:28.733000+00:00
4203549760,Clinton,Mill Hall Borough,Municipal Police Force,Mill Hall Boro,PA0180900,42:police_service:PA0180900,,,2024_provider_identity_reviewed,1479,https://services.arcgis.com/nx9zcV4VjX0IwxpW/arcgis/rest/services/Police_Jurisdictions/FeatureServer/0,2026-07-06T16:43:28.733000+00:00
4203555744,Clinton,Noyes Township,State Police coverage only,State Police Coverage Only,PA018SP00,42:police_service:PA018SP00,,,2024_provider_identity_reviewed,334,https://services.arcgis.com/nx9zcV4VjX0IwxpW/arcgis/rest/services/Police_Jurisdictions/FeatureServer/0,2026-07-06T16:43:28.733000+00:00
4203560360,Clinton,Pine Creek Township,Municipal Police Force,Pine Creek Twp,PA0181600,42:police_service:PA0181600,,,2024_active_official_provider,3416,https://services.arcgis.com/nx9zcV4VjX0IwxpW/arcgis/rest/services/Police_Jurisdictions/FeatureServer/0,2026-07-06T16:43:28.733000+00:00
4203562152,Clinton,Porter Township,State Police coverage only,State Police Coverage Only,PA018SP00,42:police_service:PA018SP00,,,2024_provider_identity_reviewed,1487,https://services.arcgis.com/nx9zcV4VjX0IwxpW/arcgis/rest/services/Police_Jurisdictions/FeatureServer/0,2026-07-06T16:43:28.733000+00:00
4203564200,Clinton,Renovo Borough,Municipal Police Force,Renovo Boro,PA0180200,42:police_service:PA0180200,,,2024_provider_identity_reviewed,1061,https://services.arcgis.com/nx9zcV4VjX0IwxpW/arcgis/rest/services/Police_Jurisdictions/FeatureServer/0,2026-07-06T16:43:28.733000+00:00
4203572448,Clinton,South Renovo Borough,State Police coverage only,State Police Coverage Only,PA018SP00,42:police_service:PA018SP00,,,2024_provider_identity_reviewed,411,https://services.arcgis.com/nx9zcV4VjX0IwxpW/arcgis/rest/services/Police_Jurisdictions/FeatureServer/0,2026-07-06T16:43:28.733000+00:00
4203581728,Clinton,Wayne Township,Police Service contracted from another municipality,Pine Creek Twp,PA0181600,42:police_service:PA0181600,,,2024_provider_identity_reviewed,1451,https://services.arcgis.com/nx9zcV4VjX0IwxpW/arcgis/rest/services/Police_Jurisdictions/FeatureServer/0,2026-07-06T16:43:28.733000+00:00
4203583240,Clinton,West Keating Township,State Police coverage only,State Police Coverage Only,PA018SP00,42:police_service:PA018SP00,,,2024_provider_identity_reviewed,16,https://services.arcgis.com/nx9zcV4VjX0IwxpW/arcgis/rest/services/Police_Jurisdictions/FeatureServer/0,2026-07-06T16:43:28.733000+00:00
4203586448,Clinton,Woodward Township,Municipal Police Force,Woodward Twp,PA0180600,42:police_service:PA0180600,,,2024_active_official_provider,2453,https://services.arcgis.com/nx9zcV4VjX0IwxpW/arcgis/rest/services/Police_Jurisdictions/FeatureServer/0,2026-07-06T16:43:28.733000+00:00
4203704704,Columbia,Beaver Township,State Police coverage only,State Police Coverage Only,PA019SP00,42:police_service:PA019SP00,,,2024_provider_identity_reviewed,876,https://services.arcgis.com/nx9zcV4VjX0IwxpW/arcgis/rest/services/Police_Jurisdictions/FeatureServer/0,2026-07-06T16:43:28.733000+00:00
4203705680,Columbia,Benton Borough,Municipal Police Force,Benton Boro,PA0190100,42:police_service:PA0190100,,,2024_provider_identity_reviewed,823,https://services.arcgis.com/nx9zcV4VjX0IwxpW/arcgis/rest/services/Police_Jurisdictions/FeatureServer/0,2026-07-06T16:43:28.733000+00:00
4203705688,Columbia,Benton Township,State Police coverage only,State Police Coverage Only,PA019SP00,42:police_service:PA019SP00,,,2024_fbi_covered_by,1323,https://services.arcgis.com/nx9zcV4VjX0IwxpW/arcgis/rest/services/Police_Jurisdictions/FeatureServer/0,2026-07-06T16:43:28.733000+00:00
4203705888,Columbia,Berwick Borough,Municipal Police Force,Berwick Boro,PA0190200,42:police_service:PA0190200,,,2024_provider_identity_reviewed,10327,https://services.arcgis.com/nx9zcV4VjX0IwxpW/arcgis/rest/services/Police_Jurisdictions/FeatureServer/0,2026-07-06T16:43:28.733000+00:00
4203707128,Columbia,Bloomsburg Town,Municipal Police Force,Bloomsburg Town,PA0190300,42:police_service:PA0190300,,,2024_active_official_provider,12711,https://services.arcgis.com/nx9zcV4VjX0IwxpW/arcgis/rest/services/Police_Jurisdictions/FeatureServer/0,2026-07-06T16:43:28.733000+00:00
4203708472,Columbia,Briar Creek Borough,State Police coverage only,State Police Coverage Only,PA019SP00,42:police_service:PA019SP00,,,2024_fbi_covered_by,597,https://services.arcgis.com/nx9zcV4VjX0IwxpW/arcgis/rest/services/Police_Jurisdictions/FeatureServer/0,2026-07-06T16:43:28.733000+00:00
4203708480,Columbia,Briar Creek Township,Municipal Police Force,Briar Creek Twp,PA0190500,42:police_service:PA0190500,,,2024_active_official_provider,2982,https://services.arcgis.com/nx9zcV4VjX0IwxpW/arcgis/rest/services/Police_Jurisdictions/FeatureServer/0,2026-07-06T16:43:28.733000+00:00
4203711736,Columbia,Catawissa Borough,Municipal Police Force,Catawissa Boro,PA0190400,42:police_service:PA0190400,,,2024_provider_identity_reviewed,1536,https://services.arcgis.com/nx9zcV4VjX0IwxpW/arcgis/rest/services/Police_Jurisdictions/FeatureServer/0,2026-07-06T16:43:28.733000+00:00
4203711744,Columbia,Catawissa Township,Police Service contracted from another municipality,Catawissa Boro,PA0191200,42:police_service:PA0191200,,,2024_fbi_covered_by,902,https://services.arcgis.com/nx9zcV4VjX0IwxpW/arcgis/rest/services/Police_Jurisdictions/FeatureServer/0,2026-07-06T16:43:28.733000+00:00
4203712312,Columbia,Centralia Borough,State Police coverage only,State Police Coverage Only,PA019SP00,42:police_service:PA019SP00,,,2024_fbi_covered_by,5,https://services.arcgis.com/nx9zcV4VjX0IwxpW/arcgis/rest/services/Police_Jurisdictions/FeatureServer/0,2026-07-06T16:43:28.733000+00:00
4203714184,Columbia,Cleveland Township,Police Service contracted from another municipality,Locust Twp,PA0191500,42:police_service:PA0191500,,,2024_provider_identity_reviewed,1120,https://services.arcgis.com/nx9zcV4VjX0IwxpW/arcgis/rest/services/Police_Jurisdictions/FeatureServer/0,2026-07-06T16:43:28.733000+00:00
4203715880,Columbia,Conyngham Township,State Police coverage only,State Police Coverage Only,PA019SP00,42:police_service:PA019SP00,,,2024_fbi_covered_by,689,https://services.arcgis.com/nx9zcV4VjX0IwxpW/arcgis/rest/services/Police_Jurisdictions/FeatureServer/0,2026-07-06T16:43:28.733000+00:00
4203726056,Columbia,Fishing Creek Township,State Police coverage only,State Police Coverage Only,PA019SP00,42:police_service:PA019SP00,,,2024_provider_identity_reviewed,1523,https://services.arcgis.com/nx9zcV4VjX0IwxpW/arcgis/rest/services/Police_Jurisdictions/FeatureServer/0,2026-07-06T16:43:28.733000+00:00
4203727384,Columbia,Franklin Township,Police Service contracted from another municipality,Locust Twp,PA0191500,42:police_service:PA0191500,,,2024_fbi_covered_by,550,https://services.arcgis.com/nx9zcV4VjX0IwxpW/arcgis/rest/services/Police_Jurisdictions/FeatureServer/0,2026-07-06T16:43:28.733000+00:00
4203731392,Columbia,Greenwood Township,State Police coverage only,State Police Coverage Only,PA019SP00,42:police_service:PA019SP00,,,2024_fbi_covered_by,1881,https://services.arcgis.com/nx9zcV4VjX0IwxpW/arcgis/rest/services/Police_Jurisdictions/FeatureServer/0,2026-07-06T16:43:28.733000+00:00
4203733760,Columbia,Hemlock Township,Municipal Police Force,Hemlock Twp,PA0191400,42:police_service:PA0191400,,,2024_active_official_provider,2214,https://services.arcgis.com/nx9zcV4VjX0IwxpW/arcgis/rest/services/Police_Jurisdictions/FeatureServer/0,2026-07-06T16:43:28.733000+00:00
4203737360,Columbia,Jackson Township,State Police coverage only,State Police Coverage Only,PA019SP00,42:police_service:PA019SP00,,,2024_provider_identity_reviewed,622,https://services.arcgis.com/nx9zcV4VjX0IwxpW/arcgis/rest/services/Police_Jurisdictions/FeatureServer/0,2026-07-06T16:43:28.733000+00:00
4203744208,Columbia,Locust Township,Municipal Police Force,Locust Twp,PA0191500,42:police_service:PA0191500,,,2024_active_official_provider,1458,https://services.arcgis.com/nx9zcV4VjX0IwxpW/arcgis/rest/services/Police_Jurisdictions/FeatureServer/0,2026-07-06T16:43:28.733000+00:00
4203746472,Columbia,Madison Township,Police Service contracted from another municipality,Hemlock Twp,PA0191400,42:police_service:PA0191400,,,2024_fbi_covered_by,1564,https://services.arcgis.com/nx9zcV4VjX0IwxpW/arcgis/rest/services/Police_Jurisdictions/FeatureServer/0,2026-07-06T16:43:28.733000+00:00
4203746688,Columbia,Main Township,Municipal Police Force,Main Twp,PA0192200,42:police_service:PA0192200,,,2024_active_official_provider,1271,https://services.arcgis.com/nx9zcV4VjX0IwxpW/arcgis/rest/services/Police_Jurisdictions/FeatureServer/0,2026-07-06T16:43:28.733000+00:00
4203749256,Columbia,Mifflin Township,Police Service contracted from another municipality,South Centre Twp,PA0191000,42:police_service:PA0191000,,,2024_fbi_covered_by,2269,https://services.arcgis.com/nx9zcV4VjX0IwxpW/arcgis/rest/services/Police_Jurisdictions/FeatureServer/0,2026-07-06T16:43:28.733000+00:00
4203749944,Columbia,Millville Borough,Police Service contracted from another municipality,Hemlock Twp,PA0191400,42:police_service:PA0191400,,,2024_fbi_covered_by,976,https://services.arcgis.com/nx9zcV4VjX0IwxpW/arcgis/rest/services/Police_Jurisdictions/FeatureServer/0,2026-07-06T16:43:28.733000+00:00
4203750704,Columbia,Montour Township,Municipal Police Force,Montour Twp,PA0191200,42:police_service:PA0191200,,,2024_active_official_provider,1263,https://services.arcgis.com/nx9zcV4VjX0IwxpW/arcgis/rest/services/Police_Jurisdictions/FeatureServer/0,2026-07-06T16:43:28.733000+00:00
4203751792,Columbia,Mount Pleasant Township,State Police coverage only,State Police Coverage Only,PA019SP00,42:police_service:PA019SP00,,,2024_provider_identity_reviewed,1498,https://services.arcgis.com/nx9zcV4VjX0IwxpW/arcgis/rest/services/Police_Jurisdictions/FeatureServer/0,2026-07-06T16:43:28.733000+00:00
4203754880,Columbia,North Centre Township,Police Service contracted from another municipality,Briar Creek Twp,PA0190500,42:police_service:PA0190500,,,2024_fbi_covered_by,2036,https://services.arcgis.com/nx9zcV4VjX0IwxpW/arcgis/rest/services/Police_Jurisdictions/FeatureServer/0,2026-07-06T16:43:28.733000+00:00
4203756896,Columbia,Orange Township,Municipal Police Force,Orange Twp,PA0192300,42:police_service:PA0192300,,,2024_provider_identity_reviewed,1161,https://services.arcgis.com/nx9zcV4VjX0IwxpW/arcgis/rest/services/Police_Jurisdictions/FeatureServer/0,2026-07-06T16:43:28.733000+00:00
4203756912,Columbia,Orangeville Borough,State Police coverage only,State Police Coverage Only,PA019SP00,42:police_service:PA019SP00,,,2024_provider_identity_reviewed,479,https://services.arcgis.com/nx9zcV4VjX0IwxpW/arcgis/rest/services/Police_Jurisdictions/FeatureServer/0,2026-07-06T16:43:28.733000+00:00
4203760304,Columbia,Pine Township,State Police coverage only,State Police Coverage Only,PA019SP00,42:police_service:PA019SP00,,,2024_provider_identity_reviewed,1011,https://services.arcgis.com/nx9zcV4VjX0IwxpW/arcgis/rest/services/Police_Jurisdictions/FeatureServer/0,2026-07-06T16:43:28.733000+00:00
4203765240,Columbia,Roaring Creek Township,Police Service contracted from another municipality,Locust Twp,PA0191500,42:police_service:PA0191500,,,2024_provider_identity_reviewed,556,https://services.arcgis.com/nx9zcV4VjX0IwxpW/arcgis/rest/services/Police_Jurisdictions/FeatureServer/0,2026-07-06T16:43:28.733000+00:00
4203768392,Columbia,Scott Township,Municipal Police Force,Scott Twp,PA0190800,42:police_service:PA0190800,,,2024_active_official_provider,5514,https://services.arcgis.com/nx9zcV4VjX0IwxpW/arcgis/rest/services/Police_Jurisdictions/FeatureServer/0,2026-07-06T16:43:28.733000+00:00
4203772040,Columbia,South Centre Township,Municipal Police Force,South Centre Twp,PA0191600,42:police_service:PA0191600,,,2024_provider_identity_reviewed,1904,https://services.arcgis.com/nx9zcV4VjX0IwxpW/arcgis/rest/services/Police_Jurisdictions/FeatureServer/0,2026-07-06T16:43:28.733000+00:00
4203774184,Columbia,Stillwater Borough,State Police coverage only,State Police Coverage Only,PA019SP00,42:police_service:PA019SP00,,,2024_fbi_covered_by,199,https://services.arcgis.com/nx9zcV4VjX0IwxpW/arcgis/rest/services/Police_Jurisdictions/FeatureServer/0,2026-07-06T16:43:28.733000+00:00
4203775048,Columbia,Sugarloaf Township,State Police coverage only,State Police Coverage Only,PA019SP00,42:police_service:PA019SP00,,,2024_fbi_covered_by,887,https://services.arcgis.com/nx9zcV4VjX0IwxpW/arcgis/rest/services/Police_Jurisdictions/FeatureServer/0,2026-07-06T16:43:28.733000+00:00
4203903408,Crawford,Athens Township,State Police coverage only,State Police Coverage Only,PA020SP00,42:police_service:PA020SP00,,,2024_provider_identity_reviewed,636,https://services.arcgis.com/nx9zcV4VjX0IwxpW/arcgis/rest/services/Police_Jurisdictions/FeatureServer/0,2026-07-06T16:43:28.733000+00:00
4203904720,Crawford,Beaver Township,State Police coverage only,State Police Coverage Only,PA020SP00,42:police_service:PA020SP00,,,2024_provider_identity_reviewed,788,https://services.arcgis.com/nx9zcV4VjX0IwxpW/arcgis/rest/services/Police_Jurisdictions/FeatureServer/0,2026-07-06T16:43:28.733000+00:00
4203907032,Crawford,Bloomfield Township,State Police coverage only,State Police Coverage Only,PA020SP00,42:police_service:PA020SP00,,,2024_provider_identity_reviewed,1862,https://services.arcgis.com/nx9zcV4VjX0IwxpW/arcgis/rest/services/Police_Jurisdictions/FeatureServer/0,2026-07-06T16:43:28.733000+00:00
4203907120,Crawford,Blooming Valley Borough,State Police coverage only,State Police Coverage Only,PA020SP00,42:police_service:PA020SP00,,,2024_provider_identity_reviewed,344,https://services.arcgis.com/nx9zcV4VjX0IwxpW/arcgis/rest/services/Police_Jurisdictions/FeatureServer/0,2026-07-06T16:43:28.733000+00:00
4203910904,Crawford,Cambridge Township,State Police coverage only,State Police Coverage Only,PA020SP00,42:police_service:PA020SP00,,,2024_provider_identity_reviewed,1439,https://services.arcgis.com/nx9zcV4VjX0IwxpW/arcgis/rest/services/Police_Jurisdictions/FeatureServer/0,2026-07-06T16:43:28.733000+00:00
4203910912,Crawford,Cambridge Springs Borough,Municipal Police Force,Cambridge Springs Boro,PA0200300,42:police_service:PA0200300,,,2024_provider_identity_reviewed,2590,https://services.arcgis.com/nx9zcV4VjX0IwxpW/arcgis/rest/services/Police_Jurisdictions/FeatureServer/0,2026-07-06T16:43:28.733000+00:00
4203912184,Crawford,Centerville Borough,State Police coverage only,State Police Coverage Only,PA020SP00,42:police_service:PA020SP00,,,2024_provider_identity_reviewed,178,https://services.arcgis.com/nx9zcV4VjX0IwxpW/arcgis/rest/services/Police_Jurisdictions/FeatureServer/0,2026-07-06T16:43:28.733000+00:00
4203914800,Crawford,Cochranton Borough,Municipal Police Force,Cochranton Boro,PA0200500,42:police_service:PA0200500,,,2024_provider_identity_reviewed,1118,https://services.arcgis.com/nx9zcV4VjX0IwxpW/arcgis/rest/services/Police_Jurisdictions/FeatureServer/0,2026-07-06T16:43:28.733000+00:00
4203915728,Crawford,Conneaut Township,State Police coverage only,State Police Coverage Only,PA020SP00,42:police_service:PA020SP00,,,2024_provider_identity_reviewed,1332,https://services.arcgis.com/nx9zcV4VjX0IwxpW/arcgis/rest/services/Police_Jurisdictions/FeatureServer/0,2026-07-06T16:43:28.733000+00:00
4203915744,Crawford,Conneaut Lake Borough,Regional Police Service,Conneaut Lake Regional Police Department,PA0201800,42:police_service:PA0201800,,,2024_provider_identity_reviewed,624,https://services.arcgis.com/nx9zcV4VjX0IwxpW/arcgis/rest/services/Police_Jurisdictions/FeatureServer/0,2026-07-06T16:43:28.733000+00:00
4203915760,Crawford,Conneautville Borough,State Police coverage only,State Police Coverage Only,PA020SP00,42:police_service:PA020SP00,,,2024_fbi_covered_by,739,https://services.arcgis.com/nx9zcV4VjX0IwxpW/arcgis/rest/services/Police_Jurisdictions/FeatureServer/0,2026-07-06T16:43:28.733000+00:00
4203917848,Crawford,Cussewago Township,State Police coverage only,State Police Coverage Only,PA020SP00,42:police_service:PA020SP00,,,2024_provider_identity_reviewed,1429,https://services.arcgis.com/nx9zcV4VjX0IwxpW/arcgis/rest/services/Police_Jurisdictions/FeatureServer/0,2026-07-06T16:43:28.733000+00:00
4203921096,Crawford,East Fairfield Township,State Police coverage only,State Police Coverage Only,PA020SP00,42:police_service:PA020SP00,,,2024_provider_identity_reviewed,837,https://services.arcgis.com/nx9zcV4VjX0IwxpW/arcgis/rest/services/Police_Jurisdictions/FeatureServer/0,2026-07-06T16:43:28.733000+00:00
4203921112,Crawford,East Fallowfield Township,State Police coverage only,State Police Coverage Only,PA020SP00,42:police_service:PA020SP00,,,2024_provider_identity_reviewed,1515,https://services.arcgis.com/nx9zcV4VjX0IwxpW/arcgis/rest/services/Police_Jurisdictions/FeatureServer/0,2026-07-06T16:43:28.733000+00:00
4203921504,Crawford,East Mead Township,State Police coverage only,State Police Coverage Only,PA020SP00,42:police_service:PA020SP00,,,2024_provider_identity_reviewed,1316,https://services.arcgis.com/nx9zcV4VjX0IwxpW/arcgis/rest/services/Police_Jurisdictions/FeatureServer/0,2026-07-06T16:43:28.733000+00:00
4203924568,Crawford,Fairfield Township,State Police coverage only,State Police Coverage Only,PA020SP00,42:police_service:PA020SP00,,,2024_fbi_covered_by,1011,https://services.arcgis.com/nx9zcV4VjX0IwxpW/arcgis/rest/services/Police_Jurisdictions/FeatureServer/0,2026-07-06T16:43:28.733000+00:00
4203931400,Crawford,Greenwood Township,State Police coverage only,State Police Coverage Only,PA020SP00,42:police_service:PA020SP00,,,2024_provider_identity_reviewed,1424,https://services.arcgis.com/nx9zcV4VjX0IwxpW/arcgis/rest/services/Police_Jurisdictions/FeatureServer/0,2026-07-06T16:43:28.733000+00:00
4203933256,Crawford,Hayfield Township,State Police coverage only,State Police Coverage Only,PA020SP00,42:police_service:PA020SP00,,,2024_provider_identity_reviewed,2775,https://services.arcgis.com/nx9zcV4VjX0IwxpW/arcgis/rest/services/Police_Jurisdictions/FeatureServer/0,2026-07-06T16:43:28.733000+00:00
4203936616,Crawford,Hydetown Borough,State Police coverage only,State Police Coverage Only,PA020SP00,42:police_service:PA020SP00,,,2024_provider_identity_reviewed,529,https://services.arcgis.com/nx9zcV4VjX0IwxpW/arcgis/rest/services/Police_Jurisdictions/FeatureServer/0,2026-07-06T16:43:28.733000+00:00
4203943656,Crawford,Linesville Borough,Municipal Police Force,Linesville Boro,PA0200800,42:police_service:PA0200800,,,2024_provider_identity_reviewed,962,https://services.arcgis.com/nx9zcV4VjX0IwxpW/arcgis/rest/services/Police_Jurisdictions/FeatureServer/0,2026-07-06T16:43:28.733000+00:00
4203948360,Crawford,Meadville City,Municipal Police Force,Meadville City,PA0200100,42:police_service:PA0200100,,,2024_fbi_covered_by,13050,https://services.arcgis.com/nx9zcV4VjX0IwxpW/arcgis/rest/services/Police_Jurisdictions/FeatureServer/0,2026-07-06T16:43:28.733000+00:00
4203955408,Crawford,North Shenango Township,Police Service contracted from another municipality,Conneaut Lake Boro,PA0201800,42:police_service:PA0201800,,,2024_provider_identity_reviewed,1272,https://services.arcgis.com/nx9zcV4VjX0IwxpW/arcgis/rest/services/Police_Jurisdictions/FeatureServer/0,2026-07-06T16:43:28.733000+00:00
4203956464,Crawford,Oil Creek Township,State Police coverage only,State Police Coverage Only,PA020SP00,42:police_service:PA020SP00,,,2024_provider_identity_reviewed,1702,https://services.arcgis.com/nx9zcV4VjX0IwxpW/arcgis/rest/services/Police_Jurisdictions/FeatureServer/0,2026-07-06T16:43:28.733000+00:00
4203960312,Crawford,Pine Township,State Police coverage only,State Police Coverage Only,PA020SP00,42:police_service:PA020SP00,,,2024_provider_identity_reviewed,432,https://services.arcgis.com/nx9zcV4VjX0IwxpW/arcgis/rest/services/Police_Jurisdictions/FeatureServer/0,2026-07-06T16:43:28.733000+00:00
4203963400,Crawford,Randolph Township,State Police coverage only,State Police Coverage Only,PA020SP00,42:police_service:PA020SP00,,,2024_provider_identity_reviewed,1718,https://services.arcgis.com/nx9zcV4VjX0IwxpW/arcgis/rest/services/Police_Jurisdictions/FeatureServer/0,2026-07-06T16:43:28.733000+00:00
4203964600,Crawford,Richmond Township,State Police coverage only,State Police Coverage Only,PA020SP00,42:police_service:PA020SP00,,,2024_provider_identity_reviewed,1350,https://services.arcgis.com/nx9zcV4VjX0IwxpW/arcgis/rest/services/Police_Jurisdictions/FeatureServer/0,2026-07-06T16:43:28.733000+00:00
4203965440,Crawford,Rockdale Township,State Police coverage only,State Police Coverage Only,PA020SP00,42:police_service:PA020SP00,,,2024_provider_identity_reviewed,1363,https://services.arcgis.com/nx9zcV4VjX0IwxpW/arcgis/rest/services/Police_Jurisdictions/FeatureServer/0,2026-07-06T16:43:28.733000+00:00
4203965960,Crawford,Rome Township,State Police coverage only,State Police Coverage Only,PA020SP00,42:police_service:PA020SP00,,,2024_provider_identity_reviewed,1991,https://services.arcgis.com/nx9zcV4VjX0IwxpW/arcgis/rest/services/Police_Jurisdictions/FeatureServer/0,2026-07-06T16:43:28.733000+00:00
4203967088,Crawford,Sadsbury Township,Regional Police Service,Conneaut Lake Regional Police Department,PA0201800,42:police_service:PA0201800,,,2024_provider_identity_reviewed,2758,https://services.arcgis.com/nx9zcV4VjX0IwxpW/arcgis/rest/services/Police_Jurisdictions/FeatureServer/0,2026-07-06T16:43:28.733000+00:00
4203967120,Crawford,Saegertown Borough,State Police coverage only,State Police Coverage Only,PA020SP00,42:police_service:PA020SP00,,,2024_fbi_covered_by,871,https://services.arcgis.com/nx9zcV4VjX0IwxpW/arcgis/rest/services/Police_Jurisdictions/FeatureServer/0,2026-07-06T16:43:28.733000+00:00
4203972472,Crawford,South Shenango Township,State Police coverage only,State Police Coverage Only,PA020SP00,42:police_service:PA020SP00,,,2024_provider_identity_reviewed,1831,https://services.arcgis.com/nx9zcV4VjX0IwxpW/arcgis/rest/services/Police_Jurisdictions/FeatureServer/0,2026-07-06T16:43:28.733000+00:00
4203972688,Crawford,Sparta Township,State Police coverage only,State Police Coverage Only,PA020SP00,42:police_service:PA020SP00,,,2024_provider_identity_reviewed,1910,https://services.arcgis.com/nx9zcV4VjX0IwxpW/arcgis/rest/services/Police_Jurisdictions/FeatureServer/0,2026-07-06T16:43:28.733000+00:00
4203972704,Crawford,Spartansburg Borough,State Police coverage only,State Police Coverage Only,PA020SP00,42:police_service:PA020SP00,,,2024_provider_identity_reviewed,281,https://services.arcgis.com/nx9zcV4VjX0IwxpW/arcgis/rest/services/Police_Jurisdictions/FeatureServer/0,2026-07-06T16:43:28.733000+00:00
4203972840,Crawford,Spring Township,State Police coverage only,State Police Coverage Only,PA020SP00,42:police_service:PA020SP00,,,2024_provider_identity_reviewed,1402,https://services.arcgis.com/nx9zcV4VjX0IwxpW/arcgis/rest/services/Police_Jurisdictions/FeatureServer/0,2026-07-06T16:43:28.733000+00:00
4203972872,Crawford,Springboro Borough,State Police coverage only,State Police Coverage Only,PA020SP00,42:police_service:PA020SP00,,,2024_provider_identity_reviewed,377,https://services.arcgis.com/nx9zcV4VjX0IwxpW/arcgis/rest/services/Police_Jurisdictions/FeatureServer/0,2026-07-06T16:43:28.733000+00:00
4203974016,Crawford,Steuben Township,State Police coverage only,State Police Coverage Only,PA020SP00,42:police_service:PA020SP00,,,2024_provider_identity_reviewed,775,https://services.arcgis.com/nx9zcV4VjX0IwxpW/arcgis/rest/services/Police_Jurisdictions/FeatureServer/0,2026-07-06T16:43:28.733000+00:00
4203975160,Crawford,Summerhill Township,State Police coverage only,State Police Coverage Only,PA020SP00,42:police_service:PA020SP00,,,2024_provider_identity_reviewed,1200,https://services.arcgis.com/nx9zcV4VjX0IwxpW/arcgis/rest/services/Police_Jurisdictions/FeatureServer/0,2026-07-06T16:43:28.733000+00:00
4203975200,Crawford,Summit Township,State Police coverage only,State Police Coverage Only,PA020SP00,42:police_service:PA020SP00,,,2024_provider_identity_reviewed,1895,https://services.arcgis.com/nx9zcV4VjX0IwxpW/arcgis/rest/services/Police_Jurisdictions/FeatureServer/0,2026-07-06T16:43:28.733000+00:00
4203976904,Crawford,Titusville City,Municipal Police Force,Titusville City,PA0200200,42:police_service:PA0200200,,,2024_provider_identity_reviewed,5262,https://services.arcgis.com/nx9zcV4VjX0IwxpW/arcgis/rest/services/Police_Jurisdictions/FeatureServer/0,2026-07-06T16:43:28.733000+00:00
4203977232,Crawford,Townville Borough,State Police coverage only,State Police Coverage Only,PA020SP00,42:police_service:PA020SP00,,,2024_provider_identity_reviewed,326,https://services.arcgis.com/nx9zcV4VjX0IwxpW/arcgis/rest/services/Police_Jurisdictions/FeatureServer/0,2026-07-06T16:43:28.733000+00:00
4203977616,Crawford,Troy Township,State Police coverage only,State Police Coverage Only,PA020SP00,42:police_service:PA020SP00,,,2024_provider_identity_reviewed,1054,https://services.arcgis.com/nx9zcV4VjX0IwxpW/arcgis/rest/services/Police_Jurisdictions/FeatureServer/0,2026-07-06T16:43:28.733000+00:00
4203978304,Crawford,Union Township,State Police coverage only,State Police Coverage Only,PA020SP00,42:police_service:PA020SP00,,,2024_provider_identity_reviewed,857,https://services.arcgis.com/nx9zcV4VjX0IwxpW/arcgis/rest/services/Police_Jurisdictions/FeatureServer/0,2026-07-06T16:43:28.733000+00:00
4203979912,Crawford,Venango Borough,State Police coverage only,State Police Coverage Only,PA020SP00,42:police_service:PA020SP00,,,2024_provider_identity_reviewed,212,https://services.arcgis.com/nx9zcV4VjX0IwxpW/arcgis/rest/services/Police_Jurisdictions/FeatureServer/0,2026-07-06T16:43:28.733000+00:00
4203979920,Crawford,Venango Township,State Police coverage only,State Police Coverage Only,PA020SP00,42:police_service:PA020SP00,,,2024_provider_identity_reviewed,946,https://services.arcgis.com/nx9zcV4VjX0IwxpW/arcgis/rest/services/Police_Jurisdictions/FeatureServer/0,2026-07-06T16:43:28.733000+00:00
4203980000,Crawford,Vernon Township,Police Service contracted from another municipality,Meadville City,PA0200100,42:police_service:PA0200100,,,2024_fbi_covered_by,5331,https://services.arcgis.com/nx9zcV4VjX0IwxpW/arcgis/rest/services/Police_Jurisdictions/FeatureServer/0,2026-07-06T16:43:28.733000+00:00
4203981736,Crawford,Wayne Township,State Police coverage only,State Police Coverage Only,PA020SP00,42:police_service:PA020SP00,,,2024_provider_identity_reviewed,1405,https://services.arcgis.com/nx9zcV4VjX0IwxpW/arcgis/rest/services/Police_Jurisdictions/FeatureServer/0,2026-07-06T16:43:28.733000+00:00
4203982944,Crawford,West Fallowfield Township,State Police coverage only,State Police Coverage Only,PA020SP00,42:police_service:PA020SP00,,,2024_provider_identity_reviewed,577,https://services.arcgis.com/nx9zcV4VjX0IwxpW/arcgis/rest/services/Police_Jurisdictions/FeatureServer/0,2026-07-06T16:43:28.733000+00:00
4203983480,Crawford,West Mead Township,Municipal Police Force,West Mead Twp,PA0201400,42:police_service:PA0201400,,,2024_provider_identity_reviewed,5014,https://services.arcgis.com/nx9zcV4VjX0IwxpW/arcgis/rest/services/Police_Jurisdictions/FeatureServer/0,2026-07-06T16:43:28.733000+00:00
4203984008,Crawford,West Shenango Township,State Police coverage only,State Police Coverage Only,PA020SP00,42:police_service:PA020SP00,,,2024_provider_identity_reviewed,433,https://services.arcgis.com/nx9zcV4VjX0IwxpW/arcgis/rest/services/Police_Jurisdictions/FeatureServer/0,2026-07-06T16:43:28.733000+00:00
4203986160,Crawford,Woodcock Borough,State Police coverage only,State Police Coverage Only,PA020SP00,42:police_service:PA020SP00,,,2024_provider_identity_reviewed,141,https://services.arcgis.com/nx9zcV4VjX0IwxpW/arcgis/rest/services/Police_Jurisdictions/FeatureServer/0,2026-07-06T16:43:28.733000+00:00
4203986168,Crawford,Woodcock Township,State Police coverage only,State Police Coverage Only,PA020SP00,42:police_service:PA020SP00,,,2024_provider_identity_reviewed,2754,https://services.arcgis.com/nx9zcV4VjX0IwxpW/arcgis/rest/services/Police_Jurisdictions/FeatureServer/0,2026-07-06T16:43:28.733000+00:00
4204111000,Cumberland,Camp Hill Borough,Municipal Police Force,Camp Hill Boro,PA0210100,42:police_service:PA0210100,,,2024_provider_identity_reviewed,8130,https://services.arcgis.com/nx9zcV4VjX0IwxpW/arcgis/rest/services/Police_Jurisdictions/FeatureServer/0,2026-07-06T16:43:28.733000+00:00
4204111272,Cumberland,Carlisle Borough,Municipal Police Force,Carlisle Boro,PA0210200,42:police_service:PA0210200,,,2024_provider_identity_reviewed,20118,https://services.arcgis.com/nx9zcV4VjX0IwxpW/arcgis/rest/services/Police_Jurisdictions/FeatureServer/0,2026-07-06T16:43:28.733000+00:00
4204115920,Cumberland,Cooke Township,State Police coverage only,State Police Coverage Only,PA021SP00,42:police_service:PA021SP00,,,2024_provider_identity_reviewed,201,https://services.arcgis.com/nx9zcV4VjX0IwxpW/arcgis/rest/services/Police_Jurisdictions/FeatureServer/0,2026-07-06T16:43:28.733000+00:00
4204119144,Cumberland,Dickinson Township,State Police coverage only,State Police Coverage Only,PA021SP00,42:police_service:PA021SP00,,,2024_provider_identity_reviewed,5294,https://services.arcgis.com/nx9zcV4VjX0IwxpW/arcgis/rest/services/Police_Jurisdictions/FeatureServer/0,2026-07-06T16:43:28.733000+00:00
4204121680,Cumberland,East Pennsboro Township,Municipal Police Force,East Pennsboro Twp,PA0210300,42:police_service:PA0210300,,,2024_active_official_provider,20910,https://services.arcgis.com/nx9zcV4VjX0IwxpW/arcgis/rest/services/Police_Jurisdictions/FeatureServer/0,2026-07-06T16:43:28.733000+00:00
4204132296,Cumberland,Hampden Township,Municipal Police Force,Hampden Twp,PA0210400,42:police_service:PA0210400,,,2024_provider_identity_reviewed,32761,https://services.arcgis.com/nx9zcV4VjX0IwxpW/arcgis/rest/services/Police_Jurisdictions/FeatureServer/0,2026-07-06T16:43:28.733000+00:00
4204135672,Cumberland,Hopewell Township,State Police coverage only,State Police Coverage Only,PA021SP00,42:police_service:PA021SP00,,,2024_provider_identity_reviewed,2452,https://services.arcgis.com/nx9zcV4VjX0IwxpW/arcgis/rest/services/Police_Jurisdictions/FeatureServer/0,2026-07-06T16:43:28.733000+00:00
4204142648,Cumberland,Lemoyne Borough,Regional Police Service,West Shore Regional Police Department,PA0210500,42:police_service:PA0210500,,,2024_provider_identity_reviewed,4659,https://services.arcgis.com/nx9zcV4VjX0IwxpW/arcgis/rest/services/Police_Jurisdictions/FeatureServer/0,2026-07-06T16:43:28.733000+00:00
4204144832,Cumberland,Lower Allen Township,Municipal Police Force,Lower Allen Twp,PA0210600,42:police_service:PA0210600,,,2024_active_official_provider,20099,https://services.arcgis.com/nx9zcV4VjX0IwxpW/arcgis/rest/services/Police_Jurisdictions/FeatureServer/0,2026-07-06T16:43:28.733000+00:00
4204144904,Cumberland,Lower Frankford Township,State Police coverage only,State Police Coverage Only,PA021SP00,42:police_service:PA021SP00,,,2024_provider_identity_reviewed,1757,https://services.arcgis.com/nx9zcV4VjX0IwxpW/arcgis/rest/services/Police_Jurisdictions/FeatureServer/0,2026-07-06T16:43:28.733000+00:00
4204144984,Cumberland,Lower Mifflin Township,State Police coverage only,State Police Coverage Only,PA021SP00,42:police_service:PA021SP00,,,2024_provider_identity_reviewed,1755,https://services.arcgis.com/nx9zcV4VjX0IwxpW/arcgis/rest/services/Police_Jurisdictions/FeatureServer/0,2026-07-06T16:43:28.733000+00:00
4204148376,Cumberland,Mechanicsburg Borough,Municipal Police Force,Mechanicsburg Boro,PA0210700,42:police_service:PA0210700,,,2024_provider_identity_reviewed,9311,https://services.arcgis.com/nx9zcV4VjX0IwxpW/arcgis/rest/services/Police_Jurisdictions/FeatureServer/0,2026-07-06T16:43:28.733000+00:00
4204149072,Cumberland,Middlesex Township,Municipal Police Force,Middlesex Twp,PA0211300,42:police_service:PA0211300,,,2024_active_official_provider,7021,https://services.arcgis.com/nx9zcV4VjX0IwxpW/arcgis/rest/services/Police_Jurisdictions/FeatureServer/0,2026-07-06T16:43:28.733000+00:00
4204150472,Cumberland,Monroe Township,State Police coverage only,State Police Coverage Only,PA021SP00,42:police_service:PA021SP00,,,2024_provider_identity_reviewed,6230,https://services.arcgis.com/nx9zcV4VjX0IwxpW/arcgis/rest/services/Police_Jurisdictions/FeatureServer/0,2026-07-06T16:43:28.733000+00:00
4204151592,Cumberland,Mount Holly Springs Borough,Municipal Police Force,Mt Holly Springs Boro,PA0211400,42:police_service:PA0211400,,,2024_provider_identity_reviewed,1995,https://services.arcgis.com/nx9zcV4VjX0IwxpW/arcgis/rest/services/Police_Jurisdictions/FeatureServer/0,2026-07-06T16:43:28.733000+00:00
4204153344,Cumberland,Newburg Borough,State Police coverage only,State Police Coverage Only,PA021SP00,42:police_service:PA021SP00,,,2024_provider_identity_reviewed,364,https://services.arcgis.com/nx9zcV4VjX0IwxpW/arcgis/rest/services/Police_Jurisdictions/FeatureServer/0,2026-07-06T16:43:28.733000+00:00
4204153464,Cumberland,New Cumberland Borough,Municipal Police Force,New Cumberland Boro,PA0210800,42:police_service:PA0210800,,,2024_provider_identity_reviewed,7507,https://services.arcgis.com/nx9zcV4VjX0IwxpW/arcgis/rest/services/Police_Jurisdictions/FeatureServer/0,2026-07-06T16:43:28.733000+00:00
4204154320,Cumberland,Newville Borough,Municipal Police Force,Newville Boro,PA0211900,42:police_service:PA0211900,,,2024_provider_identity_reviewed,1376,https://services.arcgis.com/nx9zcV4VjX0IwxpW/arcgis/rest/services/Police_Jurisdictions/FeatureServer/0,2026-07-06T16:43:28.733000+00:00
4204155216,Cumberland,North Middleton Township,Municipal Police Force,North Middleton Twp,PA0211500,42:police_service:PA0211500,,,2024_active_official_provider,12039,https://services.arcgis.com/nx9zcV4VjX0IwxpW/arcgis/rest/services/Police_Jurisdictions/FeatureServer/0,2026-07-06T16:43:28.733000+00:00
4204155248,Cumberland,North Newton Township,State Police coverage only,State Police Coverage Only,PA021SP00,42:police_service:PA021SP00,,,2024_provider_identity_reviewed,2546,https://services.arcgis.com/nx9zcV4VjX0IwxpW/arcgis/rest/services/Police_Jurisdictions/FeatureServer/0,2026-07-06T16:43:28.733000+00:00
4204158824,Cumberland,Penn Township,State Police coverage only,State Police Coverage Only,PA021SP00,42:police_service:PA021SP00,,,2024_provider_identity_reviewed,2874,https://services.arcgis.com/nx9zcV4VjX0IwxpW/arcgis/rest/services/Police_Jurisdictions/FeatureServer/0,2026-07-06T16:43:28.733000+00:00
4204170352,Cumberland,Shippensburg Borough,Municipal Police Force,Shippensburg Boro,PA0210900,42:police_service:PA0210900,,,2024_provider_identity_reviewed,4315,https://services.arcgis.com/nx9zcV4VjX0IwxpW/arcgis/rest/services/Police_Jurisdictions/FeatureServer/0,2026-07-06T16:43:28.733000+00:00
4204170360,Cumberland,Shippensburg Township,State Police coverage only,State Police Coverage Only,PA021SP00,42:police_service:PA021SP00,,,2024_provider_identity_reviewed,4286,https://services.arcgis.com/nx9zcV4VjX0IwxpW/arcgis/rest/services/Police_Jurisdictions/FeatureServer/0,2026-07-06T16:43:28.733000+00:00
4204170384,Cumberland,Shiremanstown Borough,Municipal Police Force,Shiremanstown Boro,PA0211000,42:police_service:PA0211000,,,2024_provider_identity_reviewed,1634,https://services.arcgis.com/nx9zcV4VjX0IwxpW/arcgis/rest/services/Police_Jurisdictions/FeatureServer/0,2026-07-06T16:43:28.733000+00:00
4204170792,Cumberland,Silver Spring Township,Municipal Police Force,Silver Spring Twp,PA0211700,42:police_service:PA0211700,,,2024_active_official_provider,19557,https://services.arcgis.com/nx9zcV4VjX0IwxpW/arcgis/rest/services/Police_Jurisdictions/FeatureServer/0,2026-07-06T16:43:28.733000+00:00
4204171904,Cumberland,Southampton Township,State Police coverage only,State Police Coverage Only,PA021SP00,42:police_service:PA021SP00,,,2024_provider_identity_reviewed,7504,https://services.arcgis.com/nx9zcV4VjX0IwxpW/arcgis/rest/services/Police_Jurisdictions/FeatureServer/0,2026-07-06T16:43:28.733000+00:00
4204172336,Cumberland,South Middleton Township,State Police coverage only,State Police Coverage Only,PA021SP00,42:police_service:PA021SP00,,,2024_provider_identity_reviewed,16135,https://services.arcgis.com/nx9zcV4VjX0IwxpW/arcgis/rest/services/Police_Jurisdictions/FeatureServer/0,2026-07-06T16:43:28.733000+00:00
4204172384,Cumberland,South Newton Township,State Police coverage only,State Police Coverage Only,PA021SP00,42:police_service:PA021SP00,,,2024_provider_identity_reviewed,1371,https://services.arcgis.com/nx9zcV4VjX0IwxpW/arcgis/rest/services/Police_Jurisdictions/FeatureServer/0,2026-07-06T16:43:28.733000+00:00
4204178736,Cumberland,Upper Allen Township,Municipal Police Force,Upper Allen Twp,PA0211800,42:police_service:PA0211800,,,2024_active_official_provider,23183,https://services.arcgis.com/nx9zcV4VjX0IwxpW/arcgis/rest/services/Police_Jurisdictions/FeatureServer/0,2026-07-06T16:43:28.733000+00:00
4204179032,Cumberland,Upper Frankford Township,State Police coverage only,State Police Coverage Only,PA021SP00,42:police_service:PA021SP00,,,2024_provider_identity_reviewed,2128,https://services.arcgis.com/nx9zcV4VjX0IwxpW/arcgis/rest/services/Police_Jurisdictions/FeatureServer/0,2026-07-06T16:43:28.733000+00:00
4204179152,Cumberland,Upper Mifflin Township,State Police coverage only,State Police Coverage Only,PA021SP00,42:police_service:PA021SP00,,,2024_provider_identity_reviewed,1319,https://services.arcgis.com/nx9zcV4VjX0IwxpW/arcgis/rest/services/Police_Jurisdictions/FeatureServer/0,2026-07-06T16:43:28.733000+00:00
4204183800,Cumberland,West Pennsboro Township,State Police coverage only,State Police Coverage Only,PA021SP00,42:police_service:PA021SP00,,,2024_provider_identity_reviewed,5595,https://services.arcgis.com/nx9zcV4VjX0IwxpW/arcgis/rest/services/Police_Jurisdictions/FeatureServer/0,2026-07-06T16:43:28.733000+00:00
4204186528,Cumberland,Wormleysburg Borough,Regional Police Service,West Shore Regional Police Department,PA0210500,42:police_service:PA0210500,,,2024_fbi_covered_by,3043,https://services.arcgis.com/nx9zcV4VjX0IwxpW/arcgis/rest/services/Police_Jurisdictions/FeatureServer/0,2026-07-06T16:43:28.733000+00:00
4204305856,Dauphin,Berrysburg Borough,State Police coverage only,State Police Coverage Only,PA022SP00,42:police_service:PA022SP00,,PAPSP0000|PAPSP1A00,2024_provider_identity_reviewed,326,https://services.arcgis.com/nx9zcV4VjX0IwxpW/arcgis/rest/services/Police_Jurisdictions/FeatureServer/0,2026-07-06T16:43:28.733000+00:00
4204315640,Dauphin,Conewago Township,State Police coverage only,State Police Coverage Only,PA022SP00,42:police_service:PA022SP00,,PAPSP0000|PAPSP1A00,2024_provider_identity_reviewed,2952,https://services.arcgis.com/nx9zcV4VjX0IwxpW/arcgis/rest/services/Police_Jurisdictions/FeatureServer/0,2026-07-06T16:43:28.733000+00:00
4204318272,Dauphin,Dauphin Borough,State Police coverage only,State Police Coverage Only,PA022SP00,42:police_service:PA022SP00,,PAPSP0000|PAPSP1A00,2024_fbi_covered_by,795,https://services.arcgis.com/nx9zcV4VjX0IwxpW/arcgis/rest/services/Police_Jurisdictions/FeatureServer/0,2026-07-06T16:43:28.733000+00:00
4204318936,Dauphin,Derry Township,Municipal Police Force,Derry Twp,PA0221500,42:police_service:PA0221500,,,2024_active_official_provider,24715,https://services.arcgis.com/nx9zcV4VjX0IwxpW/arcgis/rest/services/Police_Jurisdictions/FeatureServer/0,2026-07-06T16:43:28.733000+00:00
4204321208,Dauphin,East Hanover Township,State Police coverage only,State Police Coverage Only,PA022SP00,42:police_service:PA022SP00,,PAPSP0000|PAPSP1A00,2024_provider_identity_reviewed,6019,https://services.arcgis.com/nx9zcV4VjX0IwxpW/arcgis/rest/services/Police_Jurisdictions/FeatureServer/0,2026-07-06T16:43:28.733000+00:00
4204323024,Dauphin,Elizabethville Borough,State Police coverage only,State Police Coverage Only,PA022SP00,42:police_service:PA022SP00,,PAPSP0000|PAPSP1A00,2024_fbi_covered_by,1357,https://services.arcgis.com/nx9zcV4VjX0IwxpW/arcgis/rest/services/Police_Jurisdictions/FeatureServer/0,2026-07-06T16:43:28.733000+00:00
4204330600,Dauphin,Gratz Borough,State Police coverage only,State Police Coverage Only,PA022SP00,42:police_service:PA022SP00,,PAPSP0000|PAPSP1A00,2024_provider_identity_reviewed,743,https://services.arcgis.com/nx9zcV4VjX0IwxpW/arcgis/rest/services/Police_Jurisdictions/FeatureServer/0,2026-07-06T16:43:28.733000+00:00
4204332032,Dauphin,Halifax Borough,Municipal Police Force,Halifax Boro,PA0221600,42:police_service:PA0221600,,,2024_provider_identity_reviewed,796,https://services.arcgis.com/nx9zcV4VjX0IwxpW/arcgis/rest/services/Police_Jurisdictions/FeatureServer/0,2026-07-06T16:43:28.733000+00:00
4204332040,Dauphin,Halifax Township,State Police coverage only,State Police Coverage Only,PA022SP00,42:police_service:PA022SP00,,PAPSP0000|PAPSP1A00,2024_fbi_covered_by,3349,https://services.arcgis.com/nx9zcV4VjX0IwxpW/arcgis/rest/services/Police_Jurisdictions/FeatureServer/0,2026-07-06T16:43:28.733000+00:00
4204332800,Dauphin,Harrisburg City,Municipal Police Force,Harrisburg City,PA0220200,42:police_service:PA0220200,,,2024_provider_identity_reviewed,50099,https://services.arcgis.com/nx9zcV4VjX0IwxpW/arcgis/rest/services/Police_Jurisdictions/FeatureServer/0,2026-07-06T16:43:28.733000+00:00
4204334664,Dauphin,Highspire Borough,Municipal Police Force,Highspire Boro,PA0221000,42:police_service:PA0221000,,,2024_provider_identity_reviewed,2741,https://services.arcgis.com/nx9zcV4VjX0IwxpW/arcgis/rest/services/Police_Jurisdictions/FeatureServer/0,2026-07-06T16:43:28.733000+00:00
4204336232,Dauphin,Hummelstown Borough,Municipal Police Force,Hummelstown Boro,PA0220300,42:police_service:PA0220300,,,2024_provider_identity_reviewed,4544,https://services.arcgis.com/nx9zcV4VjX0IwxpW/arcgis/rest/services/Police_Jurisdictions/FeatureServer/0,2026-07-06T16:43:28.733000+00:00
4204337368,Dauphin,Jackson Township,State Police coverage only,State Police Coverage Only,PA022SP00,42:police_service:PA022SP00,,PAPSP0000|PAPSP1A00,2024_provider_identity_reviewed,1827,https://services.arcgis.com/nx9zcV4VjX0IwxpW/arcgis/rest/services/Police_Jurisdictions/FeatureServer/0,2026-07-06T16:43:28.733000+00:00
4204337864,Dauphin,Jefferson Township,State Police coverage only,State Police Coverage Only,PA022SP00,42:police_service:PA022SP00,,PAPSP0000|PAPSP1A00,2024_provider_identity_reviewed,360,https://services.arcgis.com/nx9zcV4VjX0IwxpW/arcgis/rest/services/Police_Jurisdictions/FeatureServer/0,2026-07-06T16:43:28.733000+00:00
4204344464,Dauphin,Londonderry Township,State Police coverage only,State Police Coverage Only,PA022SP00,42:police_service:PA022SP00,,PAPSP0000|PAPSP1A00,2024_provider_identity_reviewed,4899,https://services.arcgis.com/nx9zcV4VjX0IwxpW/arcgis/rest/services/Police_Jurisdictions/FeatureServer/0,2026-07-06T16:43:28.733000+00:00
4204345056,Dauphin,Lower Paxton Township,Municipal Police Force,Lower Paxton Twp,PA0220400,42:police_service:PA0220400,,,2024_active_official_provider,53501,https://services.arcgis.com/nx9zcV4VjX0IwxpW/arcgis/rest/services/Police_Jurisdictions/FeatureServer/0,2026-07-06T16:43:28.733000+00:00
4204345120,Dauphin,Lower Swatara Township,Municipal Police Force,Lower Swatara Twp,PA0221700,42:police_service:PA0221700,,,2024_active_official_provider,9531,https://services.arcgis.com/nx9zcV4VjX0IwxpW/arcgis/rest/services/Police_Jurisdictions/FeatureServer/0,2026-07-06T16:43:28.733000+00:00
4204345592,Dauphin,Lykens Borough,State Police coverage only,State Police Coverage Only,PA022SP00,42:police_service:PA022SP00,,PAPSP0000|PAPSP1A00,2024_provider_identity_reviewed,1873,https://services.arcgis.com/nx9zcV4VjX0IwxpW/arcgis/rest/services/Police_Jurisdictions/FeatureServer/0,2026-07-06T16:43:28.733000+00:00
4204345600,Dauphin,Lykens Township,State Police coverage only,State Police Coverage Only,PA022SP00,42:police_service:PA022SP00,,PAPSP0000|PAPSP1A00,2024_provider_identity_reviewed,1559,https://services.arcgis.com/nx9zcV4VjX0IwxpW/arcgis/rest/services/Police_Jurisdictions/FeatureServer/0,2026-07-06T16:43:28.733000+00:00
4204349040,Dauphin,Middle Paxton Township,State Police coverage only,State Police Coverage Only,PA022SP00,42:police_service:PA022SP00,,PAPSP0000|PAPSP1A00,2024_provider_identity_reviewed,5048,https://services.arcgis.com/nx9zcV4VjX0IwxpW/arcgis/rest/services/Police_Jurisdictions/FeatureServer/0,2026-07-06T16:43:28.733000+00:00
4204349128,Dauphin,Middletown Borough,Municipal Police Force,Middletown Boro,PA0220500,42:police_service:PA0220500,,,2024_provider_identity_reviewed,9533,https://services.arcgis.com/nx9zcV4VjX0IwxpW/arcgis/rest/services/Police_Jurisdictions/FeatureServer/0,2026-07-06T16:43:28.733000+00:00
4204349264,Dauphin,Mifflin Township,State Police coverage only,State Police Coverage Only,PA022SP00,42:police_service:PA022SP00,,PAPSP0000|PAPSP1A00,2024_provider_identity_reviewed,816,https://services.arcgis.com/nx9zcV4VjX0IwxpW/arcgis/rest/services/Police_Jurisdictions/FeatureServer/0,2026-07-06T16:43:28.733000+00:00
4204349680,Dauphin,Millersburg Borough,Municipal Police Force,Millersburg Boro,PA0221200,42:police_service:PA0221200,,,2024_provider_identity_reviewed,2545,https://services.arcgis.com/nx9zcV4VjX0IwxpW/arcgis/rest/services/Police_Jurisdictions/FeatureServer/0,2026-07-06T16:43:28.733000+00:00
4204358504,Dauphin,Paxtang Borough,Police Service contracted from another municipality,Swatara Twp,PA0220900,42:police_service:PA0220900,,,2024_fbi_covered_by,1648,https://services.arcgis.com/nx9zcV4VjX0IwxpW/arcgis/rest/services/Police_Jurisdictions/FeatureServer/0,2026-07-06T16:43:28.733000+00:00
4204358712,Dauphin,Penbrook Borough,Municipal Police Force,Penbrook Boro,PA0221300,42:police_service:PA0221300,,,2024_provider_identity_reviewed,3274,https://services.arcgis.com/nx9zcV4VjX0IwxpW/arcgis/rest/services/Police_Jurisdictions/FeatureServer/0,2026-07-06T16:43:28.733000+00:00
4204360264,Dauphin,Pillow Borough,State Police coverage only,State Police Coverage Only,PA022SP00,42:police_service:PA022SP00,,PAPSP0000|PAPSP1A00,2024_provider_identity_reviewed,292,https://services.arcgis.com/nx9zcV4VjX0IwxpW/arcgis/rest/services/Police_Jurisdictions/FeatureServer/0,2026-07-06T16:43:28.733000+00:00
4204363928,Dauphin,Reed Township,State Police coverage only,State Police Coverage Only,PA022SP00,42:police_service:PA022SP00,,PAPSP0000|PAPSP1A00,2024_provider_identity_reviewed,230,https://services.arcgis.com/nx9zcV4VjX0IwxpW/arcgis/rest/services/Police_Jurisdictions/FeatureServer/0,2026-07-06T16:43:28.733000+00:00
4204366560,Dauphin,Royalton Borough,Municipal Police Force,Royalton Boro,PA0222100,42:police_service:PA0222100,,,2024_provider_identity_reviewed,1138,https://services.arcgis.com/nx9zcV4VjX0IwxpW/arcgis/rest/services/Police_Jurisdictions/FeatureServer/0,2026-07-06T16:43:28.733000+00:00
4204366744,Dauphin,Rush Township,State Police coverage only,State Police Coverage Only,PA022SP00,42:police_service:PA022SP00,,PAPSP0000|PAPSP1A00,2024_provider_identity_reviewed,228,https://services.arcgis.com/nx9zcV4VjX0IwxpW/arcgis/rest/services/Police_Jurisdictions/FeatureServer/0,2026-07-06T16:43:28.733000+00:00
4204372200,Dauphin,South Hanover Township,State Police coverage only,State Police Coverage Only,PA022SP00,42:police_service:PA022SP00,,PAPSP0000|PAPSP1A00,2024_provider_identity_reviewed,7209,https://services.arcgis.com/nx9zcV4VjX0IwxpW/arcgis/rest/services/Police_Jurisdictions/FeatureServer/0,2026-07-06T16:43:28.733000+00:00
4204373888,Dauphin,Steelton Borough,Municipal Police Force,Steelton Boro,PA0220700,42:police_service:PA0220700,,,2024_provider_identity_reviewed,6263,https://services.arcgis.com/nx9zcV4VjX0IwxpW/arcgis/rest/services/Police_Jurisdictions/FeatureServer/0,2026-07-06T16:43:28.733000+00:00
4204375528,Dauphin,Susquehanna Township,Municipal Police Force,Susquehanna Twp,PA0220800,42:police_service:PA0220800,,,2024_active_official_provider,26736,https://services.arcgis.com/nx9zcV4VjX0IwxpW/arcgis/rest/services/Police_Jurisdictions/FeatureServer/0,2026-07-06T16:43:28.733000+00:00
4204375672,Dauphin,Swatara Township,Municipal Police Force,Swatara Twp,PA0220900,42:police_service:PA0220900,,,2024_active_official_provider,27824,https://services.arcgis.com/nx9zcV4VjX0IwxpW/arcgis/rest/services/Police_Jurisdictions/FeatureServer/0,2026-07-06T16:43:28.733000+00:00
4204379216,Dauphin,Upper Paxton Township,State Police coverage only,State Police Coverage Only,PA022SP00,42:police_service:PA022SP00,,PAPSP0000|PAPSP1A00,2024_provider_identity_reviewed,4010,https://services.arcgis.com/nx9zcV4VjX0IwxpW/arcgis/rest/services/Police_Jurisdictions/FeatureServer/0,2026-07-06T16:43:28.733000+00:00
4204381216,Dauphin,Washington Township,State Police coverage only,State Police Coverage Only,PA022SP00,42:police_service:PA022SP00,,PAPSP0000|PAPSP1A00,2024_provider_identity_reviewed,2129,https://services.arcgis.com/nx9zcV4VjX0IwxpW/arcgis/rest/services/Police_Jurisdictions/FeatureServer/0,2026-07-06T16:43:28.733000+00:00
4204381744,Dauphin,Wayne Township,State Police coverage only,State Police Coverage Only,PA022SP00,42:police_service:PA022SP00,,PAPSP0000|PAPSP1A00,2024_provider_identity_reviewed,1266,https://services.arcgis.com/nx9zcV4VjX0IwxpW/arcgis/rest/services/Police_Jurisdictions/FeatureServer/0,2026-07-06T16:43:28.733000+00:00
4204383128,Dauphin,West Hanover Township,State Police coverage only,State Police Coverage Only,PA022SP00,42:police_service:PA022SP00,,PAPSP0000|PAPSP1A00,2024_provider_identity_reviewed,10697,https://services.arcgis.com/nx9zcV4VjX0IwxpW/arcgis/rest/services/Police_Jurisdictions/FeatureServer/0,2026-07-06T16:43:28.733000+00:00
4204384976,Dauphin,Wiconisco Township,Municipal Police Force,Wiconisco Twp,PA0221800,42:police_service:PA0221800,,,2024_provider_identity_reviewed,1159,https://services.arcgis.com/nx9zcV4VjX0IwxpW/arcgis/rest/services/Police_Jurisdictions/FeatureServer/0,2026-07-06T16:43:28.733000+00:00
4204385232,Dauphin,Williams Township,State Police coverage only,State Police Coverage Only,PA022SP00,42:police_service:PA022SP00,,PAPSP0000|PAPSP1A00,2024_provider_identity_reviewed,1067,https://services.arcgis.com/nx9zcV4VjX0IwxpW/arcgis/rest/services/Police_Jurisdictions/FeatureServer/0,2026-07-06T16:43:28.733000+00:00
4204385320,Dauphin,Williamstown Borough,State Police coverage only,State Police Coverage Only,PA022SP00,42:police_service:PA022SP00,,PAPSP0000|PAPSP1A00,2024_fbi_covered_by,1303,https://services.arcgis.com/nx9zcV4VjX0IwxpW/arcgis/rest/services/Police_Jurisdictions/FeatureServer/0,2026-07-06T16:43:28.733000+00:00
4204500676,Delaware,Aldan Borough,Municipal Police Force,Aldan Boro,PA0234000,42:police_service:PA0234000,,,2024_provider_identity_reviewed,4244,https://services.arcgis.com/nx9zcV4VjX0IwxpW/arcgis/rest/services/Police_Jurisdictions/FeatureServer/0,2026-07-06T16:43:28.733000+00:00
4204503336,Delaware,Aston Township,Municipal Police Force,Aston Twp,PA0230100,42:police_service:PA0230100,,,2024_active_official_provider,16791,https://services.arcgis.com/nx9zcV4VjX0IwxpW/arcgis/rest/services/Police_Jurisdictions/FeatureServer/0,2026-07-06T16:43:28.733000+00:00
4204506024,Delaware,Bethel Township,Municipal Police Force,Bethel Twp,PA0230200,42:police_service:PA0230200,,,2024_active_official_provider,9574,https://services.arcgis.com/nx9zcV4VjX0IwxpW/arcgis/rest/services/Police_Jurisdictions/FeatureServer/0,2026-07-06T16:43:28.733000+00:00
4204509080,Delaware,Brookhaven Borough,Municipal Police Force,Brookhaven Boro,PA0230300,42:police_service:PA0230300,,,2024_provider_identity_reviewed,8300,https://services.arcgis.com/nx9zcV4VjX0IwxpW/arcgis/rest/services/Police_Jurisdictions/FeatureServer/0,2026-07-06T16:43:28.733000+00:00
4204512442,Delaware,Chadds Ford Township,State Police coverage only,State Police Coverage Only,PA023SP00,42:police_service:PA023SP00,,PAPSP5600,2024_provider_identity_reviewed,3972,https://services.arcgis.com/nx9zcV4VjX0IwxpW/arcgis/rest/services/Police_Jurisdictions/FeatureServer/0,2026-07-06T16:43:28.733000+00:00
4204513208,Delaware,Chester City,Municipal Police Force,Chester City,PA0230400,42:police_service:PA0230400,,,2024_provider_identity_reviewed,32605,https://services.arcgis.com/nx9zcV4VjX0IwxpW/arcgis/rest/services/Police_Jurisdictions/FeatureServer/0,2026-07-06T16:43:28.733000+00:00
4204513212,Delaware,Chester Township,Municipal Police Force,Chester Twp,PA0234200,42:police_service:PA0234200,,,2024_active_official_provider,4080,https://services.arcgis.com/nx9zcV4VjX0IwxpW/arcgis/rest/services/Police_Jurisdictions/FeatureServer/0,2026-07-06T16:43:28.733000+00:00
4204513232,Delaware,Chester Heights Borough,State Police coverage only,State Police Coverage Only,PA023SP00,42:police_service:PA023SP00,,PAPSP5600,2024_provider_identity_reviewed,2897,https://services.arcgis.com/nx9zcV4VjX0IwxpW/arcgis/rest/services/Police_Jurisdictions/FeatureServer/0,2026-07-06T16:43:28.733000+00:00
4204514264,Delaware,Clifton Heights Borough,Municipal Police Force,Clifton Heights Boro,PA0230500,42:police_service:PA0230500,,,2024_provider_identity_reviewed,6863,https://services.arcgis.com/nx9zcV4VjX0IwxpW/arcgis/rest/services/Police_Jurisdictions/FeatureServer/0,2026-07-06T16:43:28.733000+00:00
4204515232,Delaware,Collingdale Borough,Municipal Police Force,Collingdale Boro,PA0230600,42:police_service:PA0230600,,,2024_provider_identity_reviewed,8908,https://services.arcgis.com/nx9zcV4VjX0IwxpW/arcgis/rest/services/Police_Jurisdictions/FeatureServer/0,2026-07-06T16:43:28.733000+00:00
4204515432,Delaware,Colwyn Borough,Municipal Police Force,Colwyn Boro,PA0230700,42:police_service:PA0230700,,,2024_provider_identity_reviewed,2474,https://services.arcgis.com/nx9zcV4VjX0IwxpW/arcgis/rest/services/Police_Jurisdictions/FeatureServer/0,2026-07-06T16:43:28.733000+00:00
4204515488,Delaware,Concord Township,State Police coverage only,State Police Coverage Only,PA023SP00,42:police_service:PA023SP00,,PAPSP5600,2024_provider_identity_reviewed,18295,https://services.arcgis.com/nx9zcV4VjX0IwxpW/arcgis/rest/services/Police_Jurisdictions/FeatureServer/0,2026-07-06T16:43:28.733000+00:00
4204518152,Delaware,Darby Borough,Municipal Police Force,Darby Boro,PA0230800,42:police_service:PA0230800,,,2024_provider_identity_reviewed,10715,https://services.arcgis.com/nx9zcV4VjX0IwxpW/arcgis/rest/services/Police_Jurisdictions/FeatureServer/0,2026-07-06T16:43:28.733000+00:00
4204518160,Delaware,Darby Township,Municipal Police Force,Darby Twp,PA0230900,42:police_service:PA0230900,,,2024_active_official_provider,9219,https://services.arcgis.com/nx9zcV4VjX0IwxpW/arcgis/rest/services/Police_Jurisdictions/FeatureServer/0,2026-07-06T16:43:28.733000+00:00
4204521384,Delaware,East Lansdowne Borough,Municipal Police Force,East Lansdowne Boro,PA0231000,42:police_service:PA0231000,,,2024_provider_identity_reviewed,2714,https://services.arcgis.com/nx9zcV4VjX0IwxpW/arcgis/rest/services/Police_Jurisdictions/FeatureServer/0,2026-07-06T16:43:28.733000+00:00
4204522296,Delaware,Eddystone Borough,Municipal Police Force,Eddystone Boro,PA0231100,42:police_service:PA0231100,,,2024_provider_identity_reviewed,2459,https://services.arcgis.com/nx9zcV4VjX0IwxpW/arcgis/rest/services/Police_Jurisdictions/FeatureServer/0,2026-07-06T16:43:28.733000+00:00
4204522584,Delaware,Edgmont Township,State Police coverage only,State Police Coverage Only,PA023SP00,42:police_service:PA023SP00,,PAPSP5600,2024_provider_identity_reviewed,4283,https://services.arcgis.com/nx9zcV4VjX0IwxpW/arcgis/rest/services/Police_Jurisdictions/FeatureServer/0,2026-07-06T16:43:28.733000+00:00
4204526408,Delaware,Folcroft Borough,Municipal Police Force,Folcroft Boro,PA0231200,42:police_service:PA0231200,,,2024_provider_identity_reviewed,6792,https://services.arcgis.com/nx9zcV4VjX0IwxpW/arcgis/rest/services/Police_Jurisdictions/FeatureServer/0,2026-07-06T16:43:28.733000+00:00
4204529720,Delaware,Glenolden Borough,Municipal Police Force,Glenolden Boro,PA0231300,42:police_service:PA0231300,,,2024_provider_identity_reviewed,7223,https://services.arcgis.com/nx9zcV4VjX0IwxpW/arcgis/rest/services/Police_Jurisdictions/FeatureServer/0,2026-07-06T16:43:28.733000+00:00
4204533144,Delaware,Haverford Township,Municipal Police Force,Haverford Twp,PA0231400,42:police_service:PA0231400,,,2024_active_official_provider,50431,https://services.arcgis.com/nx9zcV4VjX0IwxpW/arcgis/rest/services/Police_Jurisdictions/FeatureServer/0,2026-07-06T16:43:28.733000+00:00
4204541440,Delaware,Lansdowne Borough,Municipal Police Force,Lansdowne Boro,PA0231500,42:police_service:PA0231500,,,2024_provider_identity_reviewed,11107,https://services.arcgis.com/nx9zcV4VjX0IwxpW/arcgis/rest/services/Police_Jurisdictions/FeatureServer/0,2026-07-06T16:43:28.733000+00:00
4204544888,Delaware,Lower Chichester Township,Municipal Police Force,Lower Chichester Twp,PA0231600,42:police_service:PA0231600,,,2024_provider_identity_reviewed,3425,https://services.arcgis.com/nx9zcV4VjX0IwxpW/arcgis/rest/services/Police_Jurisdictions/FeatureServer/0,2026-07-06T16:43:28.733000+00:00
4204547344,Delaware,Marcus Hook Borough,Municipal Police Force,Marcus Hook Boro,PA0232000,42:police_service:PA0232000,,,2024_provider_identity_reviewed,2454,https://services.arcgis.com/nx9zcV4VjX0IwxpW/arcgis/rest/services/Police_Jurisdictions/FeatureServer/0,2026-07-06T16:43:28.733000+00:00
4204547616,Delaware,Marple Township,Municipal Police Force,Marple Twp,PA0231700,42:police_service:PA0231700,,,2024_active_official_provider,24214,https://services.arcgis.com/nx9zcV4VjX0IwxpW/arcgis/rest/services/Police_Jurisdictions/FeatureServer/0,2026-07-06T16:43:28.733000+00:00
4204548480,Delaware,Media Borough,Municipal Police Force,Media Boro,PA0231800,42:police_service:PA0231800,,,2024_provider_identity_reviewed,5901,https://services.arcgis.com/nx9zcV4VjX0IwxpW/arcgis/rest/services/Police_Jurisdictions/FeatureServer/0,2026-07-06T16:43:28.733000+00:00
4204549136,Delaware,Middletown Township,State Police coverage only,State Police Coverage Only,PA023SP00,42:police_service:PA023SP00,,PAPSP5600,2024_provider_identity_reviewed,16373,https://services.arcgis.com/nx9zcV4VjX0IwxpW/arcgis/rest/services/Police_Jurisdictions/FeatureServer/0,2026-07-06T16:43:28.733000+00:00
4204549504,Delaware,Millbourne Borough,Municipal Police Force,Millbourne Boro,PA0231900,42:police_service:PA0231900,,,2024_provider_identity_reviewed,1212,https://services.arcgis.com/nx9zcV4VjX0IwxpW/arcgis/rest/services/Police_Jurisdictions/FeatureServer/0,2026-07-06T16:43:28.733000+00:00
4204551176,Delaware,Morton Borough,Municipal Police Force,Morton Boro,PA0232100,42:police_service:PA0232100,,,2024_provider_identity_reviewed,2778,https://services.arcgis.com/nx9zcV4VjX0IwxpW/arcgis/rest/services/Police_Jurisdictions/FeatureServer/0,2026-07-06T16:43:28.733000+00:00
4204553104,Delaware,Nether Providence Township,Municipal Police Force,Nether Providence Twp,PA0232200,42:police_service:PA0232200,,,2024_provider_identity_reviewed,14525,https://services.arcgis.com/nx9zcV4VjX0IwxpW/arcgis/rest/services/Police_Jurisdictions/FeatureServer/0,2026-07-06T16:43:28.733000+00:00
4204554224,Delaware,Newtown Township,Municipal Police Force,Newtown Twp,PA0232300,42:police_service:PA0232300,,,2024_active_official_provider,15002,https://services.arcgis.com/nx9zcV4VjX0IwxpW/arcgis/rest/services/Police_Jurisdictions/FeatureServer/0,2026-07-06T16:43:28.733000+00:00
4204555664,Delaware,Norwood Borough,Municipal Police Force,Norwood Boro,PA0232400,42:police_service:PA0232400,,,2024_provider_identity_reviewed,5943,https://services.arcgis.com/nx9zcV4VjX0IwxpW/arcgis/rest/services/Police_Jurisdictions/FeatureServer/0,2026-07-06T16:43:28.733000+00:00
4204558176,Delaware,Parkside Borough,Municipal Police Force,Parkside Boro,PA0234500,42:police_service:PA0234500,,,2024_provider_identity_reviewed,2321,https://services.arcgis.com/nx9zcV4VjX0IwxpW/arcgis/rest/services/Police_Jurisdictions/FeatureServer/0,2026-07-06T16:43:28.733000+00:00
4204562792,Delaware,Prospect Park Borough,Municipal Police Force,Prospect Park Boro,PA0232500,42:police_service:PA0232500,,,2024_provider_identity_reviewed,6427,https://services.arcgis.com/nx9zcV4VjX0IwxpW/arcgis/rest/services/Police_Jurisdictions/FeatureServer/0,2026-07-06T16:43:28.733000+00:00
4204563264,Delaware,Radnor Township,Municipal Police Force,Radnor Twp,PA0232600,42:police_service:PA0232600,,,2024_active_official_provider,33228,https://services.arcgis.com/nx9zcV4VjX0IwxpW/arcgis/rest/services/Police_Jurisdictions/FeatureServer/0,2026-07-06T16:43:28.733000+00:00
4204564800,Delaware,Ridley Township,Municipal Police Force,Ridley Twp,PA0232800,42:police_service:PA0232800,,,2024_active_official_provider,31053,https://services.arcgis.com/nx9zcV4VjX0IwxpW/arcgis/rest/services/Police_Jurisdictions/FeatureServer/0,2026-07-06T16:43:28.733000+00:00
4204564832,Delaware,Ridley Park Borough,Municipal Police Force,Ridley Park Boro,PA0232700,42:police_service:PA0232700,,,2024_provider_identity_reviewed,7186,https://services.arcgis.com/nx9zcV4VjX0IwxpW/arcgis/rest/services/Police_Jurisdictions/FeatureServer/0,2026-07-06T16:43:28.733000+00:00
4204566192,Delaware,Rose Valley Borough,State Police coverage only,State Police Coverage Only,PA023SP00,42:police_service:PA023SP00,,PAPSP5600,2024_provider_identity_reviewed,1017,https://services.arcgis.com/nx9zcV4VjX0IwxpW/arcgis/rest/services/Police_Jurisdictions/FeatureServer/0,2026-07-06T16:43:28.733000+00:00
4204566928,Delaware,Rutledge Borough,Police Service contracted from another municipality,Swarthmore Boro,PA0233200,42:police_service:PA0233200,,,2024_provider_identity_reviewed,782,https://services.arcgis.com/nx9zcV4VjX0IwxpW/arcgis/rest/services/Police_Jurisdictions/FeatureServer/0,2026-07-06T16:43:28.733000+00:00
4204569752,Delaware,Sharon Hill Borough,Municipal Police Force,Sharon Hill Boro,PA0233000,42:police_service:PA0233000,,,2024_provider_identity_reviewed,6014,https://services.arcgis.com/nx9zcV4VjX0IwxpW/arcgis/rest/services/Police_Jurisdictions/FeatureServer/0,2026-07-06T16:43:28.733000+00:00
4204573032,Delaware,Springfield Township,Municipal Police Force,Springfield Twp,PA0233100,42:police_service:PA0233100,,,2024_active_official_provider,25070,https://services.arcgis.com/nx9zcV4VjX0IwxpW/arcgis/rest/services/Police_Jurisdictions/FeatureServer/0,2026-07-06T16:43:28.733000+00:00
4204575648,Delaware,Swarthmore Borough,Municipal Police Force,Swarthmore Boro,PA0233200,42:police_service:PA0233200,,,2024_provider_identity_reviewed,6543,https://services.arcgis.com/nx9zcV4VjX0IwxpW/arcgis/rest/services/Police_Jurisdictions/FeatureServer/0,2026-07-06T16:43:28.733000+00:00
4204576576,Delaware,Thornbury Township,State Police coverage only,State Police Coverage Only,PA023SP00,42:police_service:PA023SP00,,PAPSP5600,2024_provider_identity_reviewed,6904,https://services.arcgis.com/nx9zcV4VjX0IwxpW/arcgis/rest/services/Police_Jurisdictions/FeatureServer/0,2026-07-06T16:43:28.733000+00:00
4204576792,Delaware,Tinicum Township,Municipal Police Force,Tinicum Twp,PA0233300,42:police_service:PA0233300,,,2024_active_official_provider,3983,https://services.arcgis.com/nx9zcV4VjX0IwxpW/arcgis/rest/services/Police_Jurisdictions/FeatureServer/0,2026-07-06T16:43:28.733000+00:00
4204577288,Delaware,Trainer Borough,Municipal Police Force,Trainer Boro,PA0233400,42:police_service:PA0233400,,,2024_provider_identity_reviewed,1976,https://services.arcgis.com/nx9zcV4VjX0IwxpW/arcgis/rest/services/Police_Jurisdictions/FeatureServer/0,2026-07-06T16:43:28.733000+00:00
4204578712,Delaware,Upland Borough,Municipal Police Force,Upland Boro,PA0233500,42:police_service:PA0233500,,,2024_provider_identity_reviewed,3068,https://services.arcgis.com/nx9zcV4VjX0IwxpW/arcgis/rest/services/Police_Jurisdictions/FeatureServer/0,2026-07-06T16:43:28.733000+00:00
4204578776,Delaware,Upper Chichester Township,Municipal Police Force,Upper Chichester Twp,PA0233600,42:police_service:PA0233600,,,2024_provider_identity_reviewed,16898,https://services.arcgis.com/nx9zcV4VjX0IwxpW/arcgis/rest/services/Police_Jurisdictions/FeatureServer/0,2026-07-06T16:43:28.733000+00:00
4204579000,Delaware,Upper Darby Township,Municipal Police Force,Upper Darby Twp,PA0233700,42:police_service:PA0233700,,,2024_active_official_provider,85681,https://services.arcgis.com/nx9zcV4VjX0IwxpW/arcgis/rest/services/Police_Jurisdictions/FeatureServer/0,2026-07-06T16:43:28.733000+00:00
4204579248,Delaware,Upper Providence Township,Municipal Police Force,Upper Providence Twp,PA0233800,42:police_service:PA0233800,,,2024_provider_identity_reviewed,10852,https://services.arcgis.com/nx9zcV4VjX0IwxpW/arcgis/rest/services/Police_Jurisdictions/FeatureServer/0,2026-07-06T16:43:28.733000+00:00
4204586968,Delaware,Yeadon Borough,Municipal Police Force,Yeadon Boro,PA0233900,42:police_service:PA0233900,,,2024_provider_identity_reviewed,12054,https://services.arcgis.com/nx9zcV4VjX0IwxpW/arcgis/rest/services/Police_Jurisdictions/FeatureServer/0,2026-07-06T16:43:28.733000+00:00
4204705576,Elk,Benezette Township,State Police coverage only,State Police Coverage Only,PA024SP00,42:police_service:PA024SP00,,,2024_provider_identity_reviewed,216,https://services.arcgis.com/nx9zcV4VjX0IwxpW/arcgis/rest/services/Police_Jurisdictions/FeatureServer/0,2026-07-06T16:43:28.733000+00:00
4204727088,Elk,Fox Township,State Police coverage only,State Police Coverage Only,PA024SP00,42:police_service:PA024SP00,,,2024_provider_identity_reviewed,3576,https://services.arcgis.com/nx9zcV4VjX0IwxpW/arcgis/rest/services/Police_Jurisdictions/FeatureServer/0,2026-07-06T16:43:28.733000+00:00
4204734464,Elk,Highland Township,State Police coverage only,State Police Coverage Only,PA024SP00,42:police_service:PA024SP00,,,2024_provider_identity_reviewed,403,https://services.arcgis.com/nx9zcV4VjX0IwxpW/arcgis/rest/services/Police_Jurisdictions/FeatureServer/0,2026-07-06T16:43:28.733000+00:00
4204735816,Elk,Horton Township,State Police coverage only,State Police Coverage Only,PA024SP00,42:police_service:PA024SP00,,,2024_provider_identity_reviewed,1366,https://services.arcgis.com/nx9zcV4VjX0IwxpW/arcgis/rest/services/Police_Jurisdictions/FeatureServer/0,2026-07-06T16:43:28.733000+00:00
4204737760,Elk,Jay Township,State Police coverage only,State Police Coverage Only,PA024SP00,42:police_service:PA024SP00,,,2024_fbi_covered_by,1963,https://services.arcgis.com/nx9zcV4VjX0IwxpW/arcgis/rest/services/Police_Jurisdictions/FeatureServer/0,2026-07-06T16:43:28.733000+00:00
4204738248,Elk,Johnsonburg Borough,Municipal Police Force,Johnsonburg Boro,PA0240100,42:police_service:PA0240100,,,2024_provider_identity_reviewed,2404,https://services.arcgis.com/nx9zcV4VjX0IwxpW/arcgis/rest/services/Police_Jurisdictions/FeatureServer/0,2026-07-06T16:43:28.733000+00:00
4204738368,Elk,Jones Township,State Police coverage only,State Police Coverage Only,PA024SP00,42:police_service:PA024SP00,,,2024_fbi_covered_by,1573,https://services.arcgis.com/nx9zcV4VjX0IwxpW/arcgis/rest/services/Police_Jurisdictions/FeatureServer/0,2026-07-06T16:43:28.733000+00:00
4204749888,Elk,Millstone Township,State Police coverage only,State Police Coverage Only,PA024SP00,42:police_service:PA024SP00,,,2024_provider_identity_reviewed,95,https://services.arcgis.com/nx9zcV4VjX0IwxpW/arcgis/rest/services/Police_Jurisdictions/FeatureServer/0,2026-07-06T16:43:28.733000+00:00
4204764784,Elk,Ridgway Borough,Municipal Police Force,Ridgway Boro,PA0240200,42:police_service:PA0240200,,,2024_provider_identity_reviewed,4039,https://services.arcgis.com/nx9zcV4VjX0IwxpW/arcgis/rest/services/Police_Jurisdictions/FeatureServer/0,2026-07-06T16:43:28.733000+00:00
4204764792,Elk,Ridgway Township,State Police coverage only,State Police Coverage Only,PA024SP00,42:police_service:PA024SP00,,,2024_provider_identity_reviewed,2416,https://services.arcgis.com/nx9zcV4VjX0IwxpW/arcgis/rest/services/Police_Jurisdictions/FeatureServer/0,2026-07-06T16:43:28.733000+00:00
4204767344,Elk,St. Marys City,Municipal Police Force,St Marys City,PA0240300,42:police_service:PA0240300,,,2024_active_official_provider,12738,https://services.arcgis.com/nx9zcV4VjX0IwxpW/arcgis/rest/services/Police_Jurisdictions/FeatureServer/0,2026-07-06T16:43:28.733000+00:00
4204772928,Elk,Spring Creek Township,State Police coverage only,State Police Coverage Only,PA024SP00,42:police_service:PA024SP00,,,2024_provider_identity_reviewed,201,https://services.arcgis.com/nx9zcV4VjX0IwxpW/arcgis/rest/services/Police_Jurisdictions/FeatureServer/0,2026-07-06T16:43:28.733000+00:00
4204900628,Erie,Albion Borough,State Police coverage only,State Police Coverage Only,PA025SP00,42:police_service:PA025SP00,,PAPSP2500,2024_fbi_covered_by,1528,https://services.arcgis.com/nx9zcV4VjX0IwxpW/arcgis/rest/services/Police_Jurisdictions/FeatureServer/0,2026-07-06T16:43:28.733000+00:00
4204902336,Erie,Amity Township,State Police coverage only,State Police Coverage Only,PA025SP00,42:police_service:PA025SP00,,PAPSP2500,2024_provider_identity_reviewed,985,https://services.arcgis.com/nx9zcV4VjX0IwxpW/arcgis/rest/services/Police_Jurisdictions/FeatureServer/0,2026-07-06T16:43:28.733000+00:00
4204915504,Erie,Concord Township,State Police coverage only,State Police Coverage Only,PA025SP00,42:police_service:PA025SP00,,PAPSP2500,2024_provider_identity_reviewed,1277,https://services.arcgis.com/nx9zcV4VjX0IwxpW/arcgis/rest/services/Police_Jurisdictions/FeatureServer/0,2026-07-06T16:43:28.733000+00:00
4204915736,Erie,Conneaut Township,State Police coverage only,State Police Coverage Only,PA025SP00,42:police_service:PA025SP00,,PAPSP2500,2024_provider_identity_reviewed,4191,https://services.arcgis.com/nx9zcV4VjX0IwxpW/arcgis/rest/services/Police_Jurisdictions/FeatureServer/0,2026-07-06T16:43:28.733000+00:00
4204916296,Erie,Corry City,Municipal Police Force,Corry City,PA0250100,42:police_service:PA0250100,,,2024_provider_identity_reviewed,6210,https://services.arcgis.com/nx9zcV4VjX0IwxpW/arcgis/rest/services/Police_Jurisdictions/FeatureServer/0,2026-07-06T16:43:28.733000+00:00
4204916960,Erie,Cranesville Borough,State Police coverage only,State Police Coverage Only,PA025SP00,42:police_service:PA025SP00,,PAPSP2500,2024_provider_identity_reviewed,570,https://services.arcgis.com/nx9zcV4VjX0IwxpW/arcgis/rest/services/Police_Jurisdictions/FeatureServer/0,2026-07-06T16:43:28.733000+00:00
4204922608,Erie,Edinboro Borough,Municipal Police Force,Edinboro Boro,PA0250900,42:police_service:PA0250900,,,2024_provider_identity_reviewed,4964,https://services.arcgis.com/nx9zcV4VjX0IwxpW/arcgis/rest/services/Police_Jurisdictions/FeatureServer/0,2026-07-06T16:43:28.733000+00:00
4204922960,Erie,Elgin Borough,State Police coverage only,State Police Coverage Only,PA025SP00,42:police_service:PA025SP00,,PAPSP2500,2024_provider_identity_reviewed,204,https://services.arcgis.com/nx9zcV4VjX0IwxpW/arcgis/rest/services/Police_Jurisdictions/FeatureServer/0,2026-07-06T16:43:28.733000+00:00
4204923088,Erie,Elk Creek Township,State Police coverage only,State Police Coverage Only,PA025SP00,42:police_service:PA025SP00,,PAPSP2500,2024_provider_identity_reviewed,1786,https://services.arcgis.com/nx9zcV4VjX0IwxpW/arcgis/rest/services/Police_Jurisdictions/FeatureServer/0,2026-07-06T16:43:28.733000+00:00
4204924000,Erie,Erie City,Municipal Police Force,Erie City,PA0250200,42:police_service:PA0250200,,,2024_provider_identity_reviewed,94831,https://services.arcgis.com/nx9zcV4VjX0IwxpW/arcgis/rest/services/Police_Jurisdictions/FeatureServer/0,2026-07-06T16:43:28.733000+00:00
4204924864,Erie,Fairview Township,State Police coverage only,State Police Coverage Only,PA025SP00,42:police_service:PA025SP00,,PAPSP2500,2024_fbi_covered_by,11138,https://services.arcgis.com/nx9zcV4VjX0IwxpW/arcgis/rest/services/Police_Jurisdictions/FeatureServer/0,2026-07-06T16:43:28.733000+00:00
4204927392,Erie,Franklin Township,State Police coverage only,State Police Coverage Only,PA025SP00,42:police_service:PA025SP00,,PAPSP2500,2024_provider_identity_reviewed,1508,https://services.arcgis.com/nx9zcV4VjX0IwxpW/arcgis/rest/services/Police_Jurisdictions/FeatureServer/0,2026-07-06T16:43:28.733000+00:00
4204929232,Erie,Girard Borough,Municipal Police Force,Girard Boro,PA0251100,42:police_service:PA0251100,,,2024_provider_identity_reviewed,2993,https://services.arcgis.com/nx9zcV4VjX0IwxpW/arcgis/rest/services/Police_Jurisdictions/FeatureServer/0,2026-07-06T16:43:28.733000+00:00
4204929240,Erie,Girard Township,State Police coverage only,State Police Coverage Only,PA025SP00,42:police_service:PA025SP00,,PAPSP2500,2024_provider_identity_reviewed,4869,https://services.arcgis.com/nx9zcV4VjX0IwxpW/arcgis/rest/services/Police_Jurisdictions/FeatureServer/0,2026-07-06T16:43:28.733000+00:00
4204930936,Erie,Greene Township,State Police coverage only,State Police Coverage Only,PA025SP00,42:police_service:PA025SP00,,PAPSP2500,2024_provider_identity_reviewed,4478,https://services.arcgis.com/nx9zcV4VjX0IwxpW/arcgis/rest/services/Police_Jurisdictions/FeatureServer/0,2026-07-06T16:43:28.733000+00:00
4204931008,Erie,Greenfield Township,State Police coverage only,State Police Coverage Only,PA025SP00,42:police_service:PA025SP00,,PAPSP2500,2024_provider_identity_reviewed,1803,https://services.arcgis.com/nx9zcV4VjX0IwxpW/arcgis/rest/services/Police_Jurisdictions/FeatureServer/0,2026-07-06T16:43:28.733000+00:00
4204932520,Erie,Harborcreek Township,State Police coverage only,State Police Coverage Only,PA025SP00,42:police_service:PA025SP00,,PAPSP2500,2024_provider_identity_reviewed,16635,https://services.arcgis.com/nx9zcV4VjX0IwxpW/arcgis/rest/services/Police_Jurisdictions/FeatureServer/0,2026-07-06T16:43:28.733000+00:00
4204940960,Erie,Lake City Borough,Municipal Police Force,Lake City Boro,PA0251200,42:police_service:PA0251200,,,2024_provider_identity_reviewed,2935,https://services.arcgis.com/nx9zcV4VjX0IwxpW/arcgis/rest/services/Police_Jurisdictions/FeatureServer/0,2026-07-06T16:43:28.733000+00:00
4204941984,Erie,Lawrence Park Township,Municipal Police Force,Lawrence Park Twp,PA0250600,42:police_service:PA0250600,,,2024_active_official_provider,3820,https://services.arcgis.com/nx9zcV4VjX0IwxpW/arcgis/rest/services/Police_Jurisdictions/FeatureServer/0,2026-07-06T16:43:28.733000+00:00
4204942208,Erie,LeBoeuf Township,State Police coverage only,State Police Coverage Only,PA025SP00,42:police_service:PA025SP00,,PAPSP2500,2024_provider_identity_reviewed,1659,https://services.arcgis.com/nx9zcV4VjX0IwxpW/arcgis/rest/services/Police_Jurisdictions/FeatureServer/0,2026-07-06T16:43:28.733000+00:00
4204946216,Erie,McKean Borough,State Police coverage only,State Police Coverage Only,PA025SP00,42:police_service:PA025SP00,,PAPSP2500,2024_provider_identity_reviewed,476,https://services.arcgis.com/nx9zcV4VjX0IwxpW/arcgis/rest/services/Police_Jurisdictions/FeatureServer/0,2026-07-06T16:43:28.733000+00:00
4204946224,Erie,McKean Township,State Police coverage only,State Police Coverage Only,PA025SP00,42:police_service:PA025SP00,,PAPSP2500,2024_provider_identity_reviewed,4437,https://services.arcgis.com/nx9zcV4VjX0IwxpW/arcgis/rest/services/Police_Jurisdictions/FeatureServer/0,2026-07-06T16:43:28.733000+00:00
4204949548,Erie,Millcreek Township,Municipal Police Force,Millcreek Twp,PA0250300,42:police_service:PA0250300,,,2024_active_official_provider,54073,https://services.arcgis.com/nx9zcV4VjX0IwxpW/arcgis/rest/services/Police_Jurisdictions/FeatureServer/0,2026-07-06T16:43:28.733000+00:00
4204949936,Erie,Mill Village Borough,State Police coverage only,State Police Coverage Only,PA025SP00,42:police_service:PA025SP00,,PAPSP2500,2024_provider_identity_reviewed,388,https://services.arcgis.com/nx9zcV4VjX0IwxpW/arcgis/rest/services/Police_Jurisdictions/FeatureServer/0,2026-07-06T16:43:28.733000+00:00
4204954952,Erie,North East Borough,Municipal Police Force,North East Boro,PA0250400,42:police_service:PA0250400,,,2024_provider_identity_reviewed,4106,https://services.arcgis.com/nx9zcV4VjX0IwxpW/arcgis/rest/services/Police_Jurisdictions/FeatureServer/0,2026-07-06T16:43:28.733000+00:00
4204954960,Erie,North East Township,State Police coverage only,State Police Coverage Only,PA025SP00,42:police_service:PA025SP00,,PAPSP2500,2024_provider_identity_reviewed,6529,https://services.arcgis.com/nx9zcV4VjX0IwxpW/arcgis/rest/services/Police_Jurisdictions/FeatureServer/0,2026-07-06T16:43:28.733000+00:00
4204961168,Erie,Platea Borough,State Police coverage only,State Police Coverage Only,PA025SP00,42:police_service:PA025SP00,,PAPSP2500,2024_provider_identity_reviewed,442,https://services.arcgis.com/nx9zcV4VjX0IwxpW/arcgis/rest/services/Police_Jurisdictions/FeatureServer/0,2026-07-06T16:43:28.733000+00:00
4204973048,Erie,Springfield Township,State Police coverage only,State Police Coverage Only,PA025SP00,42:police_service:PA025SP00,,PAPSP2500,2024_provider_identity_reviewed,3076,https://services.arcgis.com/nx9zcV4VjX0IwxpW/arcgis/rest/services/Police_Jurisdictions/FeatureServer/0,2026-07-06T16:43:28.733000+00:00
4204975208,Erie,Summit Township,State Police coverage only,State Police Coverage Only,PA025SP00,42:police_service:PA025SP00,,PAPSP2500,2024_provider_identity_reviewed,7342,https://services.arcgis.com/nx9zcV4VjX0IwxpW/arcgis/rest/services/Police_Jurisdictions/FeatureServer/0,2026-07-06T16:43:28.733000+00:00
4204978312,Erie,Union Township,State Police coverage only,State Police Coverage Only,PA025SP00,42:police_service:PA025SP00,,PAPSP2500,2024_provider_identity_reviewed,1541,https://services.arcgis.com/nx9zcV4VjX0IwxpW/arcgis/rest/services/Police_Jurisdictions/FeatureServer/0,2026-07-06T16:43:28.733000+00:00
4204978448,Erie,Union City Borough,Municipal Police Force,Union City Boro,PA0250700,42:police_service:PA0250700,,,2024_provider_identity_reviewed,2927,https://services.arcgis.com/nx9zcV4VjX0IwxpW/arcgis/rest/services/Police_Jurisdictions/FeatureServer/0,2026-07-06T16:43:28.733000+00:00
4204979928,Erie,Venango Township,State Police coverage only,State Police Coverage Only,PA025SP00,42:police_service:PA025SP00,,PAPSP2500,2024_provider_identity_reviewed,2256,https://services.arcgis.com/nx9zcV4VjX0IwxpW/arcgis/rest/services/Police_Jurisdictions/FeatureServer/0,2026-07-06T16:43:28.733000+00:00
4204981224,Erie,Washington Township,State Police coverage only,State Police Coverage Only,PA025SP00,42:police_service:PA025SP00,,PAPSP2500,2024_provider_identity_reviewed,4393,https://services.arcgis.com/nx9zcV4VjX0IwxpW/arcgis/rest/services/Police_Jurisdictions/FeatureServer/0,2026-07-06T16:43:28.733000+00:00
4204981456,Erie,Waterford Borough,State Police coverage only,State Police Coverage Only,PA025SP00,42:police_service:PA025SP00,,PAPSP2500,2024_provider_identity_reviewed,1476,https://services.arcgis.com/nx9zcV4VjX0IwxpW/arcgis/rest/services/Police_Jurisdictions/FeatureServer/0,2026-07-06T16:43:28.733000+00:00
4204981472,Erie,Waterford Township,State Police coverage only,State Police Coverage Only,PA025SP00,42:police_service:PA025SP00,,PAPSP2500,2024_provider_identity_reviewed,3915,https://services.arcgis.com/nx9zcV4VjX0IwxpW/arcgis/rest/services/Police_Jurisdictions/FeatureServer/0,2026-07-06T16:43:28.733000+00:00
4204981648,Erie,Wattsburg Borough,State Police coverage only,State Police Coverage Only,PA025SP00,42:police_service:PA025SP00,,PAPSP2500,2024_provider_identity_reviewed,353,https://services.arcgis.com/nx9zcV4VjX0IwxpW/arcgis/rest/services/Police_Jurisdictions/FeatureServer/0,2026-07-06T16:43:28.733000+00:00
4204981760,Erie,Wayne Township,State Police coverage only,State Police Coverage Only,PA025SP00,42:police_service:PA025SP00,,PAPSP2500,2024_provider_identity_reviewed,1540,https://services.arcgis.com/nx9zcV4VjX0IwxpW/arcgis/rest/services/Police_Jurisdictions/FeatureServer/0,2026-07-06T16:43:28.733000+00:00
4204982344,Erie,Wesleyville Borough,Municipal Police Force,Wesleyville Boro,PA0250500,42:police_service:PA0250500,,,2024_provider_identity_reviewed,3222,https://services.arcgis.com/nx9zcV4VjX0IwxpW/arcgis/rest/services/Police_Jurisdictions/FeatureServer/0,2026-07-06T16:43:28.733000+00:00
4205105288,Fayette,Belle Vernon Borough,Regional Police Service,Southwest Regional Police Department,PA0260400,42:police_service:PA0260400,,,2024_provider_identity_reviewed,1024,https://services.arcgis.com/nx9zcV4VjX0IwxpW/arcgis/rest/services/Police_Jurisdictions/FeatureServer/0,2026-07-06T16:43:28.733000+00:00
4205109432,Fayette,Brownsville Borough,Municipal Police Force,Brownsville Boro,PA0260100,42:police_service:PA0260100,,,2024_provider_identity_reviewed,2185,https://services.arcgis.com/nx9zcV4VjX0IwxpW/arcgis/rest/services/Police_Jurisdictions/FeatureServer/0,2026-07-06T16:43:28.733000+00:00
4205109434,Fayette,Brownsville Township,Police Service contracted from another municipality,Brownsville Boro,PA0260100,42:police_service:PA0260100,,,2024_provider_identity_reviewed,534,https://services.arcgis.com/nx9zcV4VjX0IwxpW/arcgis/rest/services/Police_Jurisdictions/FeatureServer/0,2026-07-06T16:43:28.733000+00:00
4205110152,Fayette,Bullskin Township,State Police coverage only,State Police Coverage Only,PA026SP00,42:police_service:PA026SP00,,,2024_provider_identity_reviewed,6740,https://services.arcgis.com/nx9zcV4VjX0IwxpW/arcgis/rest/services/Police_Jurisdictions/FeatureServer/0,2026-07-06T16:43:28.733000+00:00
4205115776,Fayette,Connellsville City,Municipal Police Force,Connellsville City,PA0260200,42:police_service:PA0260200,,,2024_fbi_covered_by,7031,https://services.arcgis.com/nx9zcV4VjX0IwxpW/arcgis/rest/services/Police_Jurisdictions/FeatureServer/0,2026-07-06T16:43:28.733000+00:00
4205115784,Fayette,Connellsville Township,State Police coverage only,State Police Coverage Only,PA026SP00,42:police_service:PA026SP00,,,2024_provider_identity_reviewed,2076,https://services.arcgis.com/nx9zcV4VjX0IwxpW/arcgis/rest/services/Police_Jurisdictions/FeatureServer/0,2026-07-06T16:43:28.733000+00:00
4205118360,Fayette,Dawson Borough,State Police coverage only,State Police Coverage Only,PA026SP00,42:police_service:PA026SP00,,,2024_fbi_covered_by,352,https://services.arcgis.com/nx9zcV4VjX0IwxpW/arcgis/rest/services/Police_Jurisdictions/FeatureServer/0,2026-07-06T16:43:28.733000+00:00
4205120216,Fayette,Dunbar Borough,Municipal Police Force,Dunbar Boro,PA0261000,42:police_service:PA0261000,,,2024_provider_identity_reviewed,1013,https://services.arcgis.com/nx9zcV4VjX0IwxpW/arcgis/rest/services/Police_Jurisdictions/FeatureServer/0,2026-07-06T16:43:28.733000+00:00
4205120224,Fayette,Dunbar Township,State Police coverage only,State Police Coverage Only,PA026SP00,42:police_service:PA026SP00,,,2024_provider_identity_reviewed,6672,https://services.arcgis.com/nx9zcV4VjX0IwxpW/arcgis/rest/services/Police_Jurisdictions/FeatureServer/0,2026-07-06T16:43:28.733000+00:00
4205124336,Fayette,Everson Borough,Municipal Police Force,Everson Boro,PA0261100,42:police_service:PA0261100,,,2024_provider_identity_reviewed,771,https://services.arcgis.com/nx9zcV4VjX0IwxpW/arcgis/rest/services/Police_Jurisdictions/FeatureServer/0,2026-07-06T16:43:28.733000+00:00
4205124536,Fayette,Fairchance Borough,State Police coverage only,State Police Coverage Only,PA026SP00,42:police_service:PA026SP00,,,2024_fbi_covered_by,1890,https://services.arcgis.com/nx9zcV4VjX0IwxpW/arcgis/rest/services/Police_Jurisdictions/FeatureServer/0,2026-07-06T16:43:28.733000+00:00
4205125456,Fayette,Fayette City Borough,Police Service contracted from another municipality,Washington Twp,PA026SP00,42:police_service:PA026SP00,,,2024_fbi_covered_by,502,https://services.arcgis.com/nx9zcV4VjX0IwxpW/arcgis/rest/services/Police_Jurisdictions/FeatureServer/0,2026-07-06T16:43:28.733000+00:00
4205127400,Fayette,Franklin Township,State Police coverage only,State Police Coverage Only,PA026SP00,42:police_service:PA026SP00,,,2024_provider_identity_reviewed,2378,https://services.arcgis.com/nx9zcV4VjX0IwxpW/arcgis/rest/services/Police_Jurisdictions/FeatureServer/0,2026-07-06T16:43:28.733000+00:00
4205128792,Fayette,Georges Township,State Police coverage only,State Police Coverage Only,PA026SP00,42:police_service:PA026SP00,,,2024_provider_identity_reviewed,6346,https://services.arcgis.com/nx9zcV4VjX0IwxpW/arcgis/rest/services/Police_Jurisdictions/FeatureServer/0,2026-07-06T16:43:28.733000+00:00
4205128856,Fayette,German Township,Municipal Police Force,German Twp,PA0261400,42:police_service:PA0261400,,,2024_provider_identity_reviewed,4669,https://services.arcgis.com/nx9zcV4VjX0IwxpW/arcgis/rest/services/Police_Jurisdictions/FeatureServer/0,2026-07-06T16:43:28.733000+00:00
4205133896,Fayette,Henry Clay Township,State Police coverage only,State Police Coverage Only,PA026SP00,42:police_service:PA026SP00,,,2024_provider_identity_reviewed,1761,https://services.arcgis.com/nx9zcV4VjX0IwxpW/arcgis/rest/services/Police_Jurisdictions/FeatureServer/0,2026-07-06T16:43:28.733000+00:00
4205137872,Fayette,Jefferson Township,State Police coverage only,State Police Coverage Only,PA026SP00,42:police_service:PA026SP00,,,2024_fbi_covered_by,2004,https://services.arcgis.com/nx9zcV4VjX0IwxpW/arcgis/rest/services/Police_Jurisdictions/FeatureServer/0,2026-07-06T16:43:28.733000+00:00
4205145144,Fayette,Lower Tyrone Township,State Police coverage only,State Police Coverage Only,PA026SP00,42:police_service:PA026SP00,,,2024_provider_identity_reviewed,1073,https://services.arcgis.com/nx9zcV4VjX0IwxpW/arcgis/rest/services/Police_Jurisdictions/FeatureServer/0,2026-07-06T16:43:28.733000+00:00
4205145560,Fayette,Luzerne Township,Municipal Police Force,Luzerne Twp,PA0261500,42:police_service:PA0261500,,,2024_provider_identity_reviewed,5586,https://services.arcgis.com/nx9zcV4VjX0IwxpW/arcgis/rest/services/Police_Jurisdictions/FeatureServer/0,2026-07-06T16:43:28.733000+00:00
4205147560,Fayette,Markleysburg Borough,State Police coverage only,State Police Coverage Only,PA026SP00,42:police_service:PA026SP00,,,2024_provider_identity_reviewed,246,https://services.arcgis.com/nx9zcV4VjX0IwxpW/arcgis/rest/services/Police_Jurisdictions/FeatureServer/0,2026-07-06T16:43:28.733000+00:00
4205148000,Fayette,Masontown Borough,Municipal Police Force,Masontown Boro,PA0260500,42:police_service:PA0260500,,,2024_provider_identity_reviewed,3276,https://services.arcgis.com/nx9zcV4VjX0IwxpW/arcgis/rest/services/Police_Jurisdictions/FeatureServer/0,2026-07-06T16:43:28.733000+00:00
4205148616,Fayette,Menallen Township,Municipal Police Force,Menallen Twp,PA0264100,42:police_service:PA0264100,,,2024_fbi_covered_by,4098,https://services.arcgis.com/nx9zcV4VjX0IwxpW/arcgis/rest/services/Police_Jurisdictions/FeatureServer/0,2026-07-06T16:43:28.733000+00:00
4205153504,Fayette,Newell Borough,Regional Police Service,Southwest Regional Police Department,PA0260400,42:police_service:PA0260400,,,2024_provider_identity_reviewed,513,https://services.arcgis.com/nx9zcV4VjX0IwxpW/arcgis/rest/services/Police_Jurisdictions/FeatureServer/0,2026-07-06T16:43:28.733000+00:00
4205154392,Fayette,Nicholson Township,State Police coverage only,State Police Coverage Only,PA026SP00,42:police_service:PA026SP00,,,2024_provider_identity_reviewed,1732,https://services.arcgis.com/nx9zcV4VjX0IwxpW/arcgis/rest/services/Police_Jurisdictions/FeatureServer/0,2026-07-06T16:43:28.733000+00:00
4205155464,Fayette,North Union Township,State Police coverage only,State Police Coverage Only,PA026SP00,42:police_service:PA026SP00,,,2024_provider_identity_reviewed,11828,https://services.arcgis.com/nx9zcV4VjX0IwxpW/arcgis/rest/services/Police_Jurisdictions/FeatureServer/0,2026-07-06T16:43:28.733000+00:00
4205156408,Fayette,Ohiopyle Borough,State Police coverage only,State Police Coverage Only,PA026SP00,42:police_service:PA026SP00,,,2024_provider_identity_reviewed,37,https://services.arcgis.com/nx9zcV4VjX0IwxpW/arcgis/rest/services/Police_Jurisdictions/FeatureServer/0,2026-07-06T16:43:28.733000+00:00
4205159464,Fayette,Perry Township,State Police coverage only,State Police Coverage Only,PA026SP00,42:police_service:PA026SP00,,,2024_fbi_covered_by,2338,https://services.arcgis.com/nx9zcV4VjX0IwxpW/arcgis/rest/services/Police_Jurisdictions/FeatureServer/0,2026-07-06T16:43:28.733000+00:00
4205159520,Fayette,Perryopolis Borough,Municipal Police Force,Perryopolis Boro,PA0261800,42:police_service:PA0261800,,,2024_provider_identity_reviewed,1705,https://services.arcgis.com/nx9zcV4VjX0IwxpW/arcgis/rest/services/Police_Jurisdictions/FeatureServer/0,2026-07-06T16:43:28.733000+00:00
4205161864,Fayette,Point Marion Borough,Municipal Police Force,Point Marion Boro,PA0261900,42:police_service:PA0261900,,,2024_provider_identity_reviewed,1156,https://services.arcgis.com/nx9zcV4VjX0IwxpW/arcgis/rest/services/Police_Jurisdictions/FeatureServer/0,2026-07-06T16:43:28.733000+00:00
4205163904,Fayette,Redstone Township,Municipal Police Force,Redstone Twp,PA0262000,42:police_service:PA0262000,,,2024_active_official_provider,5079,https://services.arcgis.com/nx9zcV4VjX0IwxpW/arcgis/rest/services/Police_Jurisdictions/FeatureServer/0,2026-07-06T16:43:28.733000+00:00
4205167640,Fayette,Saltlick Township,State Police coverage only,State Police Coverage Only,PA026SP00,42:police_service:PA026SP00,,,2024_provider_identity_reviewed,3037,https://services.arcgis.com/nx9zcV4VjX0IwxpW/arcgis/rest/services/Police_Jurisdictions/FeatureServer/0,2026-07-06T16:43:28.733000+00:00
4205171320,Fayette,Smithfield Borough,State Police coverage only,State Police Coverage Only,PA026SP00,42:police_service:PA026SP00,,,2024_fbi_covered_by,831,https://services.arcgis.com/nx9zcV4VjX0IwxpW/arcgis/rest/services/Police_Jurisdictions/FeatureServer/0,2026-07-06T16:43:28.733000+00:00
4205172080,Fayette,South Connellsville Borough,Police Service contracted from another municipality,Connellsville City,PA0260200,42:police_service:PA0260200,,,2024_fbi_covered_by,1917,https://services.arcgis.com/nx9zcV4VjX0IwxpW/arcgis/rest/services/Police_Jurisdictions/FeatureServer/0,2026-07-06T16:43:28.733000+00:00
4205172544,Fayette,South Union Township,State Police coverage only,State Police Coverage Only,PA026SP00,42:police_service:PA026SP00,,,2024_fbi_covered_by,10890,https://services.arcgis.com/nx9zcV4VjX0IwxpW/arcgis/rest/services/Police_Jurisdictions/FeatureServer/0,2026-07-06T16:43:28.733000+00:00
4205173064,Fayette,Springfield Township,State Police coverage only,State Police Coverage Only,PA026SP00,42:police_service:PA026SP00,,,2024_provider_identity_reviewed,2732,https://services.arcgis.com/nx9zcV4VjX0IwxpW/arcgis/rest/services/Police_Jurisdictions/FeatureServer/0,2026-07-06T16:43:28.733000+00:00
4205173240,Fayette,Springhill Township,State Police coverage only,State Police Coverage Only,PA026SP00,42:police_service:PA026SP00,,,2024_provider_identity_reviewed,2722,https://services.arcgis.com/nx9zcV4VjX0IwxpW/arcgis/rest/services/Police_Jurisdictions/FeatureServer/0,2026-07-06T16:43:28.733000+00:00
4205174080,Fayette,Stewart Township,State Police coverage only,State Police Coverage Only,PA026SP00,42:police_service:PA026SP00,,,2024_provider_identity_reviewed,623,https://services.arcgis.com/nx9zcV4VjX0IwxpW/arcgis/rest/services/Police_Jurisdictions/FeatureServer/0,2026-07-06T16:43:28.733000+00:00
4205178528,Fayette,Uniontown City,Municipal Police Force,Uniontown City,PA0260300,42:police_service:PA0260300,,,2024_provider_identity_reviewed,9984,https://services.arcgis.com/nx9zcV4VjX0IwxpW/arcgis/rest/services/Police_Jurisdictions/FeatureServer/0,2026-07-06T16:43:28.733000+00:00
4205179344,Fayette,Upper Tyrone Township,State Police coverage only,State Police Coverage Only,PA026SP00,42:police_service:PA026SP00,,,2024_provider_identity_reviewed,1773,https://services.arcgis.com/nx9zcV4VjX0IwxpW/arcgis/rest/services/Police_Jurisdictions/FeatureServer/0,2026-07-06T16:43:28.733000+00:00
4205179768,Fayette,Vanderbilt Borough,State Police coverage only,State Police Coverage Only,PA026SP00,42:police_service:PA026SP00,,,2024_provider_identity_reviewed,419,https://services.arcgis.com/nx9zcV4VjX0IwxpW/arcgis/rest/services/Police_Jurisdictions/FeatureServer/0,2026-07-06T16:43:28.733000+00:00
4205181232,Fayette,Washington Township,Municipal Police Force,Washington Twp,PA0260800,42:police_service:PA0260800,,,2024_active_official_provider,3894,https://services.arcgis.com/nx9zcV4VjX0IwxpW/arcgis/rest/services/Police_Jurisdictions/FeatureServer/0,2026-07-06T16:43:28.733000+00:00
4205184344,Fayette,Wharton Township,State Police coverage only,State Police Coverage Only,PA026SP00,42:police_service:PA026SP00,,,2024_provider_identity_reviewed,3355,https://services.arcgis.com/nx9zcV4VjX0IwxpW/arcgis/rest/services/Police_Jurisdictions/FeatureServer/0,2026-07-06T16:43:28.733000+00:00
4205304224,Forest,Barnett Township,State Police coverage only,State Police Coverage Only,PA027SP00,42:police_service:PA027SP00,,,2024_provider_identity_reviewed,309,https://services.arcgis.com/nx9zcV4VjX0IwxpW/arcgis/rest/services/Police_Jurisdictions/FeatureServer/0,2026-07-06T16:43:28.733000+00:00
4205330808,Forest,Green Township,State Police coverage only,State Police Coverage Only,PA027SP00,42:police_service:PA027SP00,,,2024_provider_identity_reviewed,376,https://services.arcgis.com/nx9zcV4VjX0IwxpW/arcgis/rest/services/Police_Jurisdictions/FeatureServer/0,2026-07-06T16:43:28.733000+00:00
4205332704,Forest,Harmony Township,State Police coverage only,State Police Coverage Only,PA027SP00,42:police_service:PA027SP00,,,2024_provider_identity_reviewed,468,https://services.arcgis.com/nx9zcV4VjX0IwxpW/arcgis/rest/services/Police_Jurisdictions/FeatureServer/0,2026-07-06T16:43:28.733000+00:00
4205334240,Forest,Hickory Township,Police Service contracted from another municipality,Tionesta Boro,PA027SP00,42:police_service:PA027SP00,,,2024_psp_service,413,https://services.arcgis.com/nx9zcV4VjX0IwxpW/arcgis/rest/services/Police_Jurisdictions/FeatureServer/0,2026-07-06T16:43:28.733000+00:00
4205335992,Forest,Howe Township,State Police coverage only,State Police Coverage Only,PA027SP00,42:police_service:PA027SP00,,,2024_provider_identity_reviewed,194,https://services.arcgis.com/nx9zcV4VjX0IwxpW/arcgis/rest/services/Police_Jurisdictions/FeatureServer/0,2026-07-06T16:43:28.733000+00:00
4205338016,Forest,Jenks Township,State Police coverage only,State Police Coverage Only,PA027SP00,42:police_service:PA027SP00,,,2024_provider_identity_reviewed,3858,https://services.arcgis.com/nx9zcV4VjX0IwxpW/arcgis/rest/services/Police_Jurisdictions/FeatureServer/0,2026-07-06T16:43:28.733000+00:00
4205339760,Forest,Kingsley Township,State Police coverage only,State Police Coverage Only,PA027SP00,42:police_service:PA027SP00,,,2024_provider_identity_reviewed,259,https://services.arcgis.com/nx9zcV4VjX0IwxpW/arcgis/rest/services/Police_Jurisdictions/FeatureServer/0,2026-07-06T16:43:28.733000+00:00
4205376848,Forest,Tionesta Borough,State Police coverage only,State Police Coverage Only,PA027SP00,42:police_service:PA027SP00,,,2024_provider_identity_reviewed,428,https://services.arcgis.com/nx9zcV4VjX0IwxpW/arcgis/rest/services/Police_Jurisdictions/FeatureServer/0,2026-07-06T16:43:28.733000+00:00
4205376864,Forest,Tionesta Township,State Police coverage only,State Police Coverage Only,PA027SP00,42:police_service:PA027SP00,,,2024_provider_identity_reviewed,668,https://services.arcgis.com/nx9zcV4VjX0IwxpW/arcgis/rest/services/Police_Jurisdictions/FeatureServer/0,2026-07-06T16:43:28.733000+00:00
4205502696,Franklin,Antrim Township,State Police coverage only,State Police Coverage Only,PA028SP00,42:police_service:PA028SP00,,,2024_provider_identity_reviewed,15778,https://services.arcgis.com/nx9zcV4VjX0IwxpW/arcgis/rest/services/Police_Jurisdictions/FeatureServer/0,2026-07-06T16:43:28.733000+00:00
4205512536,Franklin,Chambersburg Borough,Municipal Police Force,Chambersburg Boro,PA0280100,42:police_service:PA0280100,,,2024_provider_identity_reviewed,21903,https://services.arcgis.com/nx9zcV4VjX0IwxpW/arcgis/rest/services/Police_Jurisdictions/FeatureServer/0,2026-07-06T16:43:28.733000+00:00
4205525176,Franklin,Fannett Township,State Police coverage only,State Police Coverage Only,PA028SP00,42:police_service:PA028SP00,,,2024_provider_identity_reviewed,2483,https://services.arcgis.com/nx9zcV4VjX0IwxpW/arcgis/rest/services/Police_Jurisdictions/FeatureServer/0,2026-07-06T16:43:28.733000+00:00
4205530896,Franklin,Greencastle Borough,Municipal Police Force,Greencastle Boro,PA0280200,42:police_service:PA0280200,,,2024_provider_identity_reviewed,4251,https://services.arcgis.com/nx9zcV4VjX0IwxpW/arcgis/rest/services/Police_Jurisdictions/FeatureServer/0,2026-07-06T16:43:28.733000+00:00
4205530944,Franklin,Greene Township,State Police coverage only,State Police Coverage Only,PA028SP00,42:police_service:PA028SP00,,,2024_provider_identity_reviewed,18436,https://services.arcgis.com/nx9zcV4VjX0IwxpW/arcgis/rest/services/Police_Jurisdictions/FeatureServer/0,2026-07-06T16:43:28.733000+00:00
4205531720,Franklin,Guilford Township,State Police coverage only,State Police Coverage Only,PA028SP00,42:police_service:PA028SP00,,,2024_provider_identity_reviewed,14627,https://services.arcgis.com/nx9zcV4VjX0IwxpW/arcgis/rest/services/Police_Jurisdictions/FeatureServer/0,2026-07-06T16:43:28.733000+00:00
4205532152,Franklin,Hamilton Township,State Police coverage only,State Police Coverage Only,PA028SP00,42:police_service:PA028SP00,,,2024_provider_identity_reviewed,11374,https://services.arcgis.com/nx9zcV4VjX0IwxpW/arcgis/rest/services/Police_Jurisdictions/FeatureServer/0,2026-07-06T16:43:28.733000+00:00
4205542888,Franklin,Letterkenny Township,State Police coverage only,State Police Coverage Only,PA028SP00,42:police_service:PA028SP00,,,2024_provider_identity_reviewed,2462,https://services.arcgis.com/nx9zcV4VjX0IwxpW/arcgis/rest/services/Police_Jurisdictions/FeatureServer/0,2026-07-06T16:43:28.733000+00:00
4205545496,Franklin,Lurgan Township,State Police coverage only,State Police Coverage Only,PA028SP00,42:police_service:PA028SP00,,,2024_provider_identity_reviewed,2207,https://services.arcgis.com/nx9zcV4VjX0IwxpW/arcgis/rest/services/Police_Jurisdictions/FeatureServer/0,2026-07-06T16:43:28.733000+00:00
4205548704,Franklin,Mercersburg Borough,Regional Police Service,Mercersburg Police Department,PA0280400,42:police_service:PA0280400,,,2024_provider_identity_reviewed,1507,https://services.arcgis.com/nx9zcV4VjX0IwxpW/arcgis/rest/services/Police_Jurisdictions/FeatureServer/0,2026-07-06T16:43:28.733000+00:00
4205548888,Franklin,Metal Township,State Police coverage only,State Police Coverage Only,PA028SP00,42:police_service:PA028SP00,,,2024_provider_identity_reviewed,1768,https://services.arcgis.com/nx9zcV4VjX0IwxpW/arcgis/rest/services/Police_Jurisdictions/FeatureServer/0,2026-07-06T16:43:28.733000+00:00
4205550544,Franklin,Mont Alto Borough,State Police coverage only,State Police Coverage Only,PA028SP00,42:police_service:PA028SP00,,,2024_fbi_covered_by,1580,https://services.arcgis.com/nx9zcV4VjX0IwxpW/arcgis/rest/services/Police_Jurisdictions/FeatureServer/0,2026-07-06T16:43:28.733000+00:00
4205550616,Franklin,Montgomery Township,State Police coverage only,State Police Coverage Only,PA028SP00,42:police_service:PA028SP00,,,2024_provider_identity_reviewed,5740,https://services.arcgis.com/nx9zcV4VjX0IwxpW/arcgis/rest/services/Police_Jurisdictions/FeatureServer/0,2026-07-06T16:43:28.733000+00:00
4205557112,Franklin,Orrstown Borough,State Police coverage only,State Police Coverage Only,PA028SP00,42:police_service:PA028SP00,,,2024_provider_identity_reviewed,214,https://services.arcgis.com/nx9zcV4VjX0IwxpW/arcgis/rest/services/Police_Jurisdictions/FeatureServer/0,2026-07-06T16:43:28.733000+00:00
4205559600,Franklin,Peters Township,State Police coverage only,State Police Coverage Only,PA028SP00,42:police_service:PA028SP00,,,2024_provider_identity_reviewed,4462,https://services.arcgis.com/nx9zcV4VjX0IwxpW/arcgis/rest/services/Police_Jurisdictions/FeatureServer/0,2026-07-06T16:43:28.733000+00:00
4205563200,Franklin,Quincy Township,State Police coverage only,State Police Coverage Only,PA028SP00,42:police_service:PA028SP00,,,2024_provider_identity_reviewed,5318,https://services.arcgis.com/nx9zcV4VjX0IwxpW/arcgis/rest/services/Police_Jurisdictions/FeatureServer/0,2026-07-06T16:43:28.733000+00:00
4205567400,Franklin,St. Thomas Township,State Police coverage only,State Police Coverage Only,PA028SP00,42:police_service:PA028SP00,,,2024_provider_identity_reviewed,5917,https://services.arcgis.com/nx9zcV4VjX0IwxpW/arcgis/rest/services/Police_Jurisdictions/FeatureServer/0,2026-07-06T16:43:28.733000+00:00
4205570352,Franklin,Shippensburg Borough,Municipal Police Force,Shippensburg Borough,PA0210900,42:police_service:PA0210900,,,2024_provider_identity_reviewed,1163,https://services.arcgis.com/nx9zcV4VjX0IwxpW/arcgis/rest/services/Police_Jurisdictions/FeatureServer/0,2026-07-06T16:43:28.733000+00:00
4205571912,Franklin,Southampton Township,State Police coverage only,State Police Coverage Only,PA028SP00,42:police_service:PA028SP00,,,2024_provider_identity_reviewed,8566,https://services.arcgis.com/nx9zcV4VjX0IwxpW/arcgis/rest/services/Police_Jurisdictions/FeatureServer/0,2026-07-06T16:43:28.733000+00:00
4205580992,Franklin,Warren Township,State Police coverage only,State Police Coverage Only,PA028SP00,42:police_service:PA028SP00,,,2024_provider_identity_reviewed,328,https://services.arcgis.com/nx9zcV4VjX0IwxpW/arcgis/rest/services/Police_Jurisdictions/FeatureServer/0,2026-07-06T16:43:28.733000+00:00
4205581240,Franklin,Washington Township,Municipal Police Force,Washington Twp,PA0280600,42:police_service:PA0280600,,,2024_active_official_provider,14897,https://services.arcgis.com/nx9zcV4VjX0IwxpW/arcgis/rest/services/Police_Jurisdictions/FeatureServer/0,2026-07-06T16:43:28.733000+00:00
4205581824,Franklin,Waynesboro Borough,Municipal Police Force,Waynesboro Boro,PA0280300,42:police_service:PA0280300,,,2024_provider_identity_reviewed,10951,https://services.arcgis.com/nx9zcV4VjX0IwxpW/arcgis/rest/services/Police_Jurisdictions/FeatureServer/0,2026-07-06T16:43:28.733000+00:00
4205703704,Fulton,Ayr Township,State Police coverage only,State Police Coverage Only,PA029SP00,42:police_service:PA029SP00,,,2024_provider_identity_reviewed,2036,https://services.arcgis.com/nx9zcV4VjX0IwxpW/arcgis/rest/services/Police_Jurisdictions/FeatureServer/0,2026-07-06T16:43:28.733000+00:00
4205705144,Fulton,Belfast Township,State Police coverage only,State Police Coverage Only,PA029SP00,42:police_service:PA029SP00,,,2024_provider_identity_reviewed,1361,https://services.arcgis.com/nx9zcV4VjX0IwxpW/arcgis/rest/services/Police_Jurisdictions/FeatureServer/0,2026-07-06T16:43:28.733000+00:00
4205706032,Fulton,Bethel Township,State Police coverage only,State Police Coverage Only,PA029SP00,42:police_service:PA029SP00,,,2024_provider_identity_reviewed,1555,https://services.arcgis.com/nx9zcV4VjX0IwxpW/arcgis/rest/services/Police_Jurisdictions/FeatureServer/0,2026-07-06T16:43:28.733000+00:00
4205709568,Fulton,Brush Creek Township,State Police coverage only,State Police Coverage Only,PA029SP00,42:police_service:PA029SP00,,,2024_provider_identity_reviewed,732,https://services.arcgis.com/nx9zcV4VjX0IwxpW/arcgis/rest/services/Police_Jurisdictions/FeatureServer/0,2026-07-06T16:43:28.733000+00:00
4205720112,Fulton,Dublin Township,State Police coverage only,State Police Coverage Only,PA029SP00,42:police_service:PA029SP00,,,2024_provider_identity_reviewed,1193,https://services.arcgis.com/nx9zcV4VjX0IwxpW/arcgis/rest/services/Police_Jurisdictions/FeatureServer/0,2026-07-06T16:43:28.733000+00:00
4205743200,Fulton,Licking Creek Township,State Police coverage only,State Police Coverage Only,PA029SP00,42:police_service:PA029SP00,,,2024_provider_identity_reviewed,1575,https://services.arcgis.com/nx9zcV4VjX0IwxpW/arcgis/rest/services/Police_Jurisdictions/FeatureServer/0,2026-07-06T16:43:28.733000+00:00
4205746000,Fulton,McConnellsburg Borough,State Police coverage only,State Police Coverage Only,PA029SP00,42:police_service:PA029SP00,,,2024_fbi_covered_by,1151,https://services.arcgis.com/nx9zcV4VjX0IwxpW/arcgis/rest/services/Police_Jurisdictions/FeatureServer/0,2026-07-06T16:43:28.733000+00:00
4205776176,Fulton,Taylor Township,State Police coverage only,State Police Coverage Only,PA029SP00,42:police_service:PA029SP00,,,2024_provider_identity_reviewed,1065,https://services.arcgis.com/nx9zcV4VjX0IwxpW/arcgis/rest/services/Police_Jurisdictions/FeatureServer/0,2026-07-06T16:43:28.733000+00:00
4205776488,Fulton,Thompson Township,State Police coverage only,State Police Coverage Only,PA029SP00,42:police_service:PA029SP00,,,2024_provider_identity_reviewed,1029,https://services.arcgis.com/nx9zcV4VjX0IwxpW/arcgis/rest/services/Police_Jurisdictions/FeatureServer/0,2026-07-06T16:43:28.733000+00:00
4205776984,Fulton,Todd Township,State Police coverage only,State Police Coverage Only,PA029SP00,42:police_service:PA029SP00,,,2024_provider_identity_reviewed,1612,https://services.arcgis.com/nx9zcV4VjX0IwxpW/arcgis/rest/services/Police_Jurisdictions/FeatureServer/0,2026-07-06T16:43:28.733000+00:00
4205778320,Fulton,Union Township,State Police coverage only,State Police Coverage Only,PA029SP00,42:police_service:PA029SP00,,,2024_provider_identity_reviewed,747,https://services.arcgis.com/nx9zcV4VjX0IwxpW/arcgis/rest/services/Police_Jurisdictions/FeatureServer/0,2026-07-06T16:43:28.733000+00:00
4205779644,Fulton,Valley-Hi Borough,State Police coverage only,State Police Coverage Only,PA029SP00,42:police_service:PA029SP00,,,2024_provider_identity_reviewed,6,https://services.arcgis.com/nx9zcV4VjX0IwxpW/arcgis/rest/services/Police_Jurisdictions/FeatureServer/0,2026-07-06T16:43:28.733000+00:00
4205782152,Fulton,Wells Township,State Police coverage only,State Police Coverage Only,PA029SP00,42:police_service:PA029SP00,,,2024_provider_identity_reviewed,494,https://services.arcgis.com/nx9zcV4VjX0IwxpW/arcgis/rest/services/Police_Jurisdictions/FeatureServer/0,2026-07-06T16:43:28.733000+00:00
4205900740,Greene,Aleppo Township,State Police coverage only,State Police Coverage Only,PA030SP00,42:police_service:PA030SP00,,,2024_provider_identity_reviewed,429,https://services.arcgis.com/nx9zcV4VjX0IwxpW/arcgis/rest/services/Police_Jurisdictions/FeatureServer/0,2026-07-06T16:43:28.733000+00:00
4205911328,Greene,Carmichaels Borough,Police Service contracted from another municipality,Cumberland Twp,PA0300400,42:police_service:PA0300400,,,2024_fbi_covered_by,432,https://services.arcgis.com/nx9zcV4VjX0IwxpW/arcgis/rest/services/Police_Jurisdictions/FeatureServer/0,2026-07-06T16:43:28.733000+00:00
4205912032,Greene,Center Township,State Police coverage only,State Police Coverage Only,PA030SP00,42:police_service:PA030SP00,,,2024_provider_identity_reviewed,1113,https://services.arcgis.com/nx9zcV4VjX0IwxpW/arcgis/rest/services/Police_Jurisdictions/FeatureServer/0,2026-07-06T16:43:28.733000+00:00
4205913896,Greene,Clarksville Borough,State Police coverage only,State Police Coverage Only,PA030SP00,42:police_service:PA030SP00,,,2024_provider_identity_reviewed,203,https://services.arcgis.com/nx9zcV4VjX0IwxpW/arcgis/rest/services/Police_Jurisdictions/FeatureServer/0,2026-07-06T16:43:28.733000+00:00
4205917648,Greene,Cumberland Township,Municipal Police Force,Cumberland Twp,PA0300400,42:police_service:PA0300400,,,2024_active_official_provider,6383,https://services.arcgis.com/nx9zcV4VjX0IwxpW/arcgis/rest/services/Police_Jurisdictions/FeatureServer/0,2026-07-06T16:43:28.733000+00:00
4205920296,Greene,Dunkard Township,State Police coverage only,State Police Coverage Only,PA030SP00,42:police_service:PA030SP00,,,2024_provider_identity_reviewed,2177,https://services.arcgis.com/nx9zcV4VjX0IwxpW/arcgis/rest/services/Police_Jurisdictions/FeatureServer/0,2026-07-06T16:43:28.733000+00:00
4205927408,Greene,Franklin Township,State Police coverage only,State Police Coverage Only,PA030SP00,42:police_service:PA030SP00,,,2024_provider_identity_reviewed,7056,https://services.arcgis.com/nx9zcV4VjX0IwxpW/arcgis/rest/services/Police_Jurisdictions/FeatureServer/0,2026-07-06T16:43:28.733000+00:00
4205927800,Greene,Freeport Township,State Police coverage only,State Police Coverage Only,PA030SP00,42:police_service:PA030SP00,,,2024_provider_identity_reviewed,269,https://services.arcgis.com/nx9zcV4VjX0IwxpW/arcgis/rest/services/Police_Jurisdictions/FeatureServer/0,2026-07-06T16:43:28.733000+00:00
4205929152,Greene,Gilmore Township,State Police coverage only,State Police Coverage Only,PA030SP00,42:police_service:PA030SP00,,,2024_provider_identity_reviewed,234,https://services.arcgis.com/nx9zcV4VjX0IwxpW/arcgis/rest/services/Police_Jurisdictions/FeatureServer/0,2026-07-06T16:43:28.733000+00:00
4205930640,Greene,Gray Township,State Police coverage only,State Police Coverage Only,PA030SP00,42:police_service:PA030SP00,,,2024_provider_identity_reviewed,182,https://services.arcgis.com/nx9zcV4VjX0IwxpW/arcgis/rest/services/Police_Jurisdictions/FeatureServer/0,2026-07-06T16:43:28.733000+00:00
4205930952,Greene,Greene Township,State Police coverage only,State Police Coverage Only,PA030SP00,42:police_service:PA030SP00,,,2024_provider_identity_reviewed,401,https://services.arcgis.com/nx9zcV4VjX0IwxpW/arcgis/rest/services/Police_Jurisdictions/FeatureServer/0,2026-07-06T16:43:28.733000+00:00
4205931192,Greene,Greensboro Borough,State Police coverage only,State Police Coverage Only,PA030SP00,42:police_service:PA030SP00,,,2024_provider_identity_reviewed,264,https://services.arcgis.com/nx9zcV4VjX0IwxpW/arcgis/rest/services/Police_Jurisdictions/FeatureServer/0,2026-07-06T16:43:28.733000+00:00
4205937376,Greene,Jackson Township,State Police coverage only,State Police Coverage Only,PA030SP00,42:police_service:PA030SP00,,,2024_provider_identity_reviewed,381,https://services.arcgis.com/nx9zcV4VjX0IwxpW/arcgis/rest/services/Police_Jurisdictions/FeatureServer/0,2026-07-06T16:43:28.733000+00:00
4205937880,Greene,Jefferson Borough,State Police coverage only,State Police Coverage Only,PA030SP00,42:police_service:PA030SP00,,,2024_provider_identity_reviewed,253,https://services.arcgis.com/nx9zcV4VjX0IwxpW/arcgis/rest/services/Police_Jurisdictions/FeatureServer/0,2026-07-06T16:43:28.733000+00:00
4205937888,Greene,Jefferson Township,State Police coverage only,State Police Coverage Only,PA030SP00,42:police_service:PA030SP00,,,2024_provider_identity_reviewed,2351,https://services.arcgis.com/nx9zcV4VjX0IwxpW/arcgis/rest/services/Police_Jurisdictions/FeatureServer/0,2026-07-06T16:43:28.733000+00:00
4205950400,Greene,Monongahela Township,State Police coverage only,State Police Coverage Only,PA030SP00,42:police_service:PA030SP00,,,2024_provider_identity_reviewed,1480,https://services.arcgis.com/nx9zcV4VjX0IwxpW/arcgis/rest/services/Police_Jurisdictions/FeatureServer/0,2026-07-06T16:43:28.733000+00:00
4205950992,Greene,Morgan Township,State Police coverage only,State Police Coverage Only,PA030SP00,42:police_service:PA030SP00,,,2024_provider_identity_reviewed,2335,https://services.arcgis.com/nx9zcV4VjX0IwxpW/arcgis/rest/services/Police_Jurisdictions/FeatureServer/0,2026-07-06T16:43:28.733000+00:00
4205951064,Greene,Morris Township,Regional Police Service,Greene County Regional Police,PA0301200,42:police_service:PA0301200,,PA0301100,2024_provider_identity_reviewed,564,https://services.arcgis.com/nx9zcV4VjX0IwxpW/arcgis/rest/services/Police_Jurisdictions/FeatureServer/0,2026-07-06T16:43:28.733000+00:00
4205959472,Greene,Perry Township,Regional Police Service,Greene County Regional,PA0301200,42:police_service:PA0301200,,,2024_fbi_covered_by,1396,https://services.arcgis.com/nx9zcV4VjX0IwxpW/arcgis/rest/services/Police_Jurisdictions/FeatureServer/0,2026-07-06T16:43:28.733000+00:00
4205964432,Greene,Rices Landing Borough,State Police coverage only,State Police Coverage Only,PA030SP00,42:police_service:PA030SP00,,,2024_provider_identity_reviewed,425,https://services.arcgis.com/nx9zcV4VjX0IwxpW/arcgis/rest/services/Police_Jurisdictions/FeatureServer/0,2026-07-06T16:43:28.733000+00:00
4205964512,Greene,Richhill Township,State Police coverage only,State Police Coverage Only,PA030SP00,42:police_service:PA030SP00,,,2024_provider_identity_reviewed,775,https://services.arcgis.com/nx9zcV4VjX0IwxpW/arcgis/rest/services/Police_Jurisdictions/FeatureServer/0,2026-07-06T16:43:28.733000+00:00
4205973248,Greene,Springhill Township,State Police coverage only,State Police Coverage Only,PA030SP00,42:police_service:PA030SP00,,,2024_provider_identity_reviewed,319,https://services.arcgis.com/nx9zcV4VjX0IwxpW/arcgis/rest/services/Police_Jurisdictions/FeatureServer/0,2026-07-06T16:43:28.733000+00:00
4205981248,Greene,Washington Township,State Police coverage only,State Police Coverage Only,PA030SP00,42:police_service:PA030SP00,,,2024_provider_identity_reviewed,932,https://services.arcgis.com/nx9zcV4VjX0IwxpW/arcgis/rest/services/Police_Jurisdictions/FeatureServer/0,2026-07-06T16:43:28.733000+00:00
4205981768,Greene,Wayne Township,State Police coverage only,State Police Coverage Only,PA030SP00,42:police_service:PA030SP00,,,2024_fbi_covered_by,1025,https://services.arcgis.com/nx9zcV4VjX0IwxpW/arcgis/rest/services/Police_Jurisdictions/FeatureServer/0,2026-07-06T16:43:28.733000+00:00
4205981832,Greene,Waynesburg Borough,Municipal Police Force,Waynesburg Boro,PA0300100,42:police_service:PA0300100,,,2024_provider_identity_reviewed,4006,https://services.arcgis.com/nx9zcV4VjX0IwxpW/arcgis/rest/services/Police_Jurisdictions/FeatureServer/0,2026-07-06T16:43:28.733000+00:00
4205984608,Greene,Whiteley Township,State Police coverage only,State Police Coverage Only,PA030SP00,42:police_service:PA030SP00,,,2024_provider_identity_reviewed,569,https://services.arcgis.com/nx9zcV4VjX0IwxpW/arcgis/rest/services/Police_Jurisdictions/FeatureServer/0,2026-07-06T16:43:28.733000+00:00
4206100756,Huntingdon,Alexandria Borough,State Police coverage only,State Police Coverage Only,PA031SP00,42:police_service:PA031SP00,,,2024_provider_identity_reviewed,384,https://services.arcgis.com/nx9zcV4VjX0IwxpW/arcgis/rest/services/Police_Jurisdictions/FeatureServer/0,2026-07-06T16:43:28.733000+00:00
4206104288,Huntingdon,Barree Township,State Police coverage only,State Police Coverage Only,PA031SP00,42:police_service:PA031SP00,,,2024_provider_identity_reviewed,434,https://services.arcgis.com/nx9zcV4VjX0IwxpW/arcgis/rest/services/Police_Jurisdictions/FeatureServer/0,2026-07-06T16:43:28.733000+00:00
4206106560,Huntingdon,Birmingham Borough,State Police coverage only,State Police Coverage Only,PA031SP00,42:police_service:PA031SP00,,,2024_provider_identity_reviewed,89,https://services.arcgis.com/nx9zcV4VjX0IwxpW/arcgis/rest/services/Police_Jurisdictions/FeatureServer/0,2026-07-06T16:43:28.733000+00:00
4206108128,Huntingdon,Brady Township,State Police coverage only,State Police Coverage Only,PA031SP00,42:police_service:PA031SP00,,,2024_provider_identity_reviewed,1034,https://services.arcgis.com/nx9zcV4VjX0IwxpW/arcgis/rest/services/Police_Jurisdictions/FeatureServer/0,2026-07-06T16:43:28.733000+00:00
4206108896,Huntingdon,Broad Top City Borough,State Police coverage only,State Police Coverage Only,PA031SP00,42:police_service:PA031SP00,,,2024_provider_identity_reviewed,367,https://services.arcgis.com/nx9zcV4VjX0IwxpW/arcgis/rest/services/Police_Jurisdictions/FeatureServer/0,2026-07-06T16:43:28.733000+00:00
4206111208,Huntingdon,Carbon Township,State Police coverage only,State Police Coverage Only,PA031SP00,42:police_service:PA031SP00,,,2024_provider_identity_reviewed,318,https://services.arcgis.com/nx9zcV4VjX0IwxpW/arcgis/rest/services/Police_Jurisdictions/FeatureServer/0,2026-07-06T16:43:28.733000+00:00
4206111600,Huntingdon,Cass Township,State Police coverage only,State Police Coverage Only,PA031SP00,42:police_service:PA031SP00,,,2024_provider_identity_reviewed,1018,https://services.arcgis.com/nx9zcV4VjX0IwxpW/arcgis/rest/services/Police_Jurisdictions/FeatureServer/0,2026-07-06T16:43:28.733000+00:00
4206111632,Huntingdon,Cassville Borough,State Police coverage only,State Police Coverage Only,PA031SP00,42:police_service:PA031SP00,,,2024_provider_identity_reviewed,135,https://services.arcgis.com/nx9zcV4VjX0IwxpW/arcgis/rest/services/Police_Jurisdictions/FeatureServer/0,2026-07-06T16:43:28.733000+00:00
4206113944,Huntingdon,Clay Township,State Police coverage only,State Police Coverage Only,PA031SP00,42:police_service:PA031SP00,,,2024_provider_identity_reviewed,868,https://services.arcgis.com/nx9zcV4VjX0IwxpW/arcgis/rest/services/Police_Jurisdictions/FeatureServer/0,2026-07-06T16:43:28.733000+00:00
4206114640,Huntingdon,Coalmont Borough,State Police coverage only,State Police Coverage Only,PA031SP00,42:police_service:PA031SP00,,,2024_provider_identity_reviewed,90,https://services.arcgis.com/nx9zcV4VjX0IwxpW/arcgis/rest/services/Police_Jurisdictions/FeatureServer/0,2026-07-06T16:43:28.733000+00:00
4206117280,Huntingdon,Cromwell Township,State Police coverage only,State Police Coverage Only,PA031SP00,42:police_service:PA031SP00,,,2024_provider_identity_reviewed,1478,https://services.arcgis.com/nx9zcV4VjX0IwxpW/arcgis/rest/services/Police_Jurisdictions/FeatureServer/0,2026-07-06T16:43:28.733000+00:00
4206120120,Huntingdon,Dublin Township,State Police coverage only,State Police Coverage Only,PA031SP00,42:police_service:PA031SP00,,,2024_provider_identity_reviewed,1183,https://services.arcgis.com/nx9zcV4VjX0IwxpW/arcgis/rest/services/Police_Jurisdictions/FeatureServer/0,2026-07-06T16:43:28.733000+00:00
4206120152,Huntingdon,Dudley Borough,State Police coverage only,State Police Coverage Only,PA031SP00,42:police_service:PA031SP00,,,2024_provider_identity_reviewed,184,https://services.arcgis.com/nx9zcV4VjX0IwxpW/arcgis/rest/services/Police_Jurisdictions/FeatureServer/0,2026-07-06T16:43:28.733000+00:00
4206127416,Huntingdon,Franklin Township,State Police coverage only,State Police Coverage Only,PA031SP00,42:police_service:PA031SP00,,,2024_provider_identity_reviewed,495,https://services.arcgis.com/nx9zcV4VjX0IwxpW/arcgis/rest/services/Police_Jurisdictions/FeatureServer/0,2026-07-06T16:43:28.733000+00:00
4206133808,Huntingdon,Henderson Township,State Police coverage only,State Police Coverage Only,PA031SP00,42:police_service:PA031SP00,,,2024_provider_identity_reviewed,922,https://services.arcgis.com/nx9zcV4VjX0IwxpW/arcgis/rest/services/Police_Jurisdictions/FeatureServer/0,2026-07-06T16:43:28.733000+00:00
4206135688,Huntingdon,Hopewell Township,State Police coverage only,State Police Coverage Only,PA031SP00,42:police_service:PA031SP00,,,2024_provider_identity_reviewed,453,https://services.arcgis.com/nx9zcV4VjX0IwxpW/arcgis/rest/services/Police_Jurisdictions/FeatureServer/0,2026-07-06T16:43:28.733000+00:00
4206136368,Huntingdon,Huntingdon Borough,Municipal Police Force,Huntingdon Boro,PA0310100,42:police_service:PA0310100,,,2024_provider_identity_reviewed,6827,https://services.arcgis.com/nx9zcV4VjX0IwxpW/arcgis/rest/services/Police_Jurisdictions/FeatureServer/0,2026-07-06T16:43:28.733000+00:00
4206137384,Huntingdon,Jackson Township,State Police coverage only,State Police Coverage Only,PA031SP00,42:police_service:PA031SP00,,,2024_provider_identity_reviewed,859,https://services.arcgis.com/nx9zcV4VjX0IwxpW/arcgis/rest/services/Police_Jurisdictions/FeatureServer/0,2026-07-06T16:43:28.733000+00:00
4206138608,Huntingdon,Juniata Township,State Police coverage only,State Police Coverage Only,PA031SP00,42:police_service:PA031SP00,,,2024_provider_identity_reviewed,437,https://services.arcgis.com/nx9zcV4VjX0IwxpW/arcgis/rest/services/Police_Jurisdictions/FeatureServer/0,2026-07-06T16:43:28.733000+00:00
4206143424,Huntingdon,Lincoln Township,State Police coverage only,State Police Coverage Only,PA031SP00,42:police_service:PA031SP00,,,2024_provider_identity_reviewed,321,https://services.arcgis.com/nx9zcV4VjX0IwxpW/arcgis/rest/services/Police_Jurisdictions/FeatureServer/0,2026-07-06T16:43:28.733000+00:00
4206144344,Huntingdon,Logan Township,State Police coverage only,State Police Coverage Only,PA031SP00,42:police_service:PA031SP00,,,2024_provider_identity_reviewed,611,https://services.arcgis.com/nx9zcV4VjX0IwxpW/arcgis/rest/services/Police_Jurisdictions/FeatureServer/0,2026-07-06T16:43:28.733000+00:00
4206147248,Huntingdon,Mapleton Borough,State Police coverage only,State Police Coverage Only,PA031SP00,42:police_service:PA031SP00,,,2024_provider_identity_reviewed,418,https://services.arcgis.com/nx9zcV4VjX0IwxpW/arcgis/rest/services/Police_Jurisdictions/FeatureServer/0,2026-07-06T16:43:28.733000+00:00
4206147544,Huntingdon,Marklesburg Borough,State Police coverage only,State Police Coverage Only,PA031SP00,42:police_service:PA031SP00,,,2024_provider_identity_reviewed,200,https://services.arcgis.com/nx9zcV4VjX0IwxpW/arcgis/rest/services/Police_Jurisdictions/FeatureServer/0,2026-07-06T16:43:28.733000+00:00
4206149552,Huntingdon,Mill Creek Borough,State Police coverage only,State Police Coverage Only,PA031SP00,42:police_service:PA031SP00,,,2024_provider_identity_reviewed,285,https://services.arcgis.com/nx9zcV4VjX0IwxpW/arcgis/rest/services/Police_Jurisdictions/FeatureServer/0,2026-07-06T16:43:28.733000+00:00
4206149624,Huntingdon,Miller Township,State Police coverage only,State Police Coverage Only,PA031SP00,42:police_service:PA031SP00,,,2024_provider_identity_reviewed,459,https://services.arcgis.com/nx9zcV4VjX0IwxpW/arcgis/rest/services/Police_Jurisdictions/FeatureServer/0,2026-07-06T16:43:28.733000+00:00
4206151080,Huntingdon,Morris Township,State Police coverage only,State Police Coverage Only,PA031SP00,42:police_service:PA031SP00,,,2024_provider_identity_reviewed,428,https://services.arcgis.com/nx9zcV4VjX0IwxpW/arcgis/rest/services/Police_Jurisdictions/FeatureServer/0,2026-07-06T16:43:28.733000+00:00
4206151984,Huntingdon,Mount Union Borough,Municipal Police Force,Mount Union Boro,PA0310200,42:police_service:PA0310200,,,2024_provider_identity_reviewed,2308,https://services.arcgis.com/nx9zcV4VjX0IwxpW/arcgis/rest/services/Police_Jurisdictions/FeatureServer/0,2026-07-06T16:43:28.733000+00:00
4206156808,Huntingdon,Oneida Township,State Police coverage only,State Police Coverage Only,PA031SP00,42:police_service:PA031SP00,,,2024_provider_identity_reviewed,1012,https://services.arcgis.com/nx9zcV4VjX0IwxpW/arcgis/rest/services/Police_Jurisdictions/FeatureServer/0,2026-07-06T16:43:28.733000+00:00
4206156928,Huntingdon,Orbisonia Borough,State Police coverage only,State Police Coverage Only,PA031SP00,42:police_service:PA031SP00,,,2024_provider_identity_reviewed,449,https://services.arcgis.com/nx9zcV4VjX0IwxpW/arcgis/rest/services/Police_Jurisdictions/FeatureServer/0,2026-07-06T16:43:28.733000+00:00
4206158832,Huntingdon,Penn Township,State Police coverage only,State Police Coverage Only,PA031SP00,42:police_service:PA031SP00,,,2024_provider_identity_reviewed,1077,https://services.arcgis.com/nx9zcV4VjX0IwxpW/arcgis/rest/services/Police_Jurisdictions/FeatureServer/0,2026-07-06T16:43:28.733000+00:00
4206159616,Huntingdon,Petersburg Borough,State Police coverage only,State Police Coverage Only,PA031SP00,42:police_service:PA031SP00,,,2024_provider_identity_reviewed,419,https://services.arcgis.com/nx9zcV4VjX0IwxpW/arcgis/rest/services/Police_Jurisdictions/FeatureServer/0,2026-07-06T16:43:28.733000+00:00
4206162160,Huntingdon,Porter Township,State Police coverage only,State Police Coverage Only,PA031SP00,42:police_service:PA031SP00,,,2024_provider_identity_reviewed,1904,https://services.arcgis.com/nx9zcV4VjX0IwxpW/arcgis/rest/services/Police_Jurisdictions/FeatureServer/0,2026-07-06T16:43:28.733000+00:00
4206165496,Huntingdon,Rockhill Furnace Borough,State Police coverage only,State Police Coverage Only,PA031SP00,42:police_service:PA031SP00,,,2024_provider_identity_reviewed,379,https://services.arcgis.com/nx9zcV4VjX0IwxpW/arcgis/rest/services/Police_Jurisdictions/FeatureServer/0,2026-07-06T16:43:28.733000+00:00
4206167632,Huntingdon,Saltillo Borough,State Police coverage only,State Police Coverage Only,PA031SP00,42:police_service:PA031SP00,,,2024_provider_identity_reviewed,309,https://services.arcgis.com/nx9zcV4VjX0IwxpW/arcgis/rest/services/Police_Jurisdictions/FeatureServer/0,2026-07-06T16:43:28.733000+00:00
4206169456,Huntingdon,Shade Gap Borough,State Police coverage only,State Police Coverage Only,PA031SP00,42:police_service:PA031SP00,,,2024_provider_identity_reviewed,78,https://services.arcgis.com/nx9zcV4VjX0IwxpW/arcgis/rest/services/Police_Jurisdictions/FeatureServer/0,2026-07-06T16:43:28.733000+00:00
4206170400,Huntingdon,Shirley Township,State Police coverage only,State Police Coverage Only,PA031SP00,42:police_service:PA031SP00,,,2024_provider_identity_reviewed,2405,https://services.arcgis.com/nx9zcV4VjX0IwxpW/arcgis/rest/services/Police_Jurisdictions/FeatureServer/0,2026-07-06T16:43:28.733000+00:00
4206170408,Huntingdon,Shirleysburg Borough,State Police coverage only,State Police Coverage Only,PA031SP00,42:police_service:PA031SP00,,,2024_provider_identity_reviewed,141,https://services.arcgis.com/nx9zcV4VjX0IwxpW/arcgis/rest/services/Police_Jurisdictions/FeatureServer/0,2026-07-06T16:43:28.733000+00:00
4206171328,Huntingdon,Smithfield Township,State Police coverage only,State Police Coverage Only,PA031SP00,42:police_service:PA031SP00,,,2024_provider_identity_reviewed,4618,https://services.arcgis.com/nx9zcV4VjX0IwxpW/arcgis/rest/services/Police_Jurisdictions/FeatureServer/0,2026-07-06T16:43:28.733000+00:00
4206173072,Huntingdon,Springfield Township,State Police coverage only,State Police Coverage Only,PA031SP00,42:police_service:PA031SP00,,,2024_provider_identity_reviewed,693,https://services.arcgis.com/nx9zcV4VjX0IwxpW/arcgis/rest/services/Police_Jurisdictions/FeatureServer/0,2026-07-06T16:43:28.733000+00:00
4206173488,Huntingdon,Spruce Creek Township,State Police coverage only,State Police Coverage Only,PA031SP00,42:police_service:PA031SP00,,,2024_provider_identity_reviewed,199,https://services.arcgis.com/nx9zcV4VjX0IwxpW/arcgis/rest/services/Police_Jurisdictions/FeatureServer/0,2026-07-06T16:43:28.733000+00:00
4206176312,Huntingdon,Tell Township,State Police coverage only,State Police Coverage Only,PA031SP00,42:police_service:PA031SP00,,,2024_provider_identity_reviewed,550,https://services.arcgis.com/nx9zcV4VjX0IwxpW/arcgis/rest/services/Police_Jurisdictions/FeatureServer/0,2026-07-06T16:43:28.733000+00:00
4206176632,Huntingdon,Three Springs Borough,State Police coverage only,State Police Coverage Only,PA031SP00,42:police_service:PA031SP00,,,2024_provider_identity_reviewed,448,https://services.arcgis.com/nx9zcV4VjX0IwxpW/arcgis/rest/services/Police_Jurisdictions/FeatureServer/0,2026-07-06T16:43:28.733000+00:00
4206177000,Huntingdon,Todd Township,State Police coverage only,State Police Coverage Only,PA031SP00,42:police_service:PA031SP00,,,2024_provider_identity_reviewed,898,https://services.arcgis.com/nx9zcV4VjX0IwxpW/arcgis/rest/services/Police_Jurisdictions/FeatureServer/0,2026-07-06T16:43:28.733000+00:00
4206178328,Huntingdon,Union Township,State Police coverage only,State Police Coverage Only,PA031SP00,42:police_service:PA031SP00,,,2024_provider_identity_reviewed,947,https://services.arcgis.com/nx9zcV4VjX0IwxpW/arcgis/rest/services/Police_Jurisdictions/FeatureServer/0,2026-07-06T16:43:28.733000+00:00
4206180560,Huntingdon,Walker Township,State Police coverage only,State Police Coverage Only,PA031SP00,42:police_service:PA031SP00,,,2024_provider_identity_reviewed,1963,https://services.arcgis.com/nx9zcV4VjX0IwxpW/arcgis/rest/services/Police_Jurisdictions/FeatureServer/0,2026-07-06T16:43:28.733000+00:00
4206181104,Huntingdon,Warriors Mark Township,State Police coverage only,State Police Coverage Only,PA031SP00,42:police_service:PA031SP00,,,2024_provider_identity_reviewed,1871,https://services.arcgis.com/nx9zcV4VjX0IwxpW/arcgis/rest/services/Police_Jurisdictions/FeatureServer/0,2026-07-06T16:43:28.733000+00:00
4206182352,Huntingdon,West Township,State Police coverage only,State Police Coverage Only,PA031SP00,42:police_service:PA031SP00,,,2024_provider_identity_reviewed,515,https://services.arcgis.com/nx9zcV4VjX0IwxpW/arcgis/rest/services/Police_Jurisdictions/FeatureServer/0,2026-07-06T16:43:28.733000+00:00
4206186080,Huntingdon,Wood Township,State Police coverage only,State Police Coverage Only,PA031SP00,42:police_service:PA031SP00,,,2024_provider_identity_reviewed,612,https://services.arcgis.com/nx9zcV4VjX0IwxpW/arcgis/rest/services/Police_Jurisdictions/FeatureServer/0,2026-07-06T16:43:28.733000+00:00
4206303032,Indiana,Armagh Borough,State Police coverage only,State Police Coverage Only,PA032SP00,42:police_service:PA032SP00,,,2024_provider_identity_reviewed,102,https://services.arcgis.com/nx9zcV4VjX0IwxpW/arcgis/rest/services/Police_Jurisdictions/FeatureServer/0,2026-07-06T16:43:28.733000+00:00
4206303064,Indiana,Armstrong Township,State Police coverage only,State Police Coverage Only,PA032SP00,42:police_service:PA032SP00,,,2024_provider_identity_reviewed,2761,https://services.arcgis.com/nx9zcV4VjX0IwxpW/arcgis/rest/services/Police_Jurisdictions/FeatureServer/0,2026-07-06T16:43:28.733000+00:00
4206304056,Indiana,Banks Township,State Police coverage only,State Police Coverage Only,PA032SP00,42:police_service:PA032SP00,,,2024_provider_identity_reviewed,899,https://services.arcgis.com/nx9zcV4VjX0IwxpW/arcgis/rest/services/Police_Jurisdictions/FeatureServer/0,2026-07-06T16:43:28.733000+00:00
4206306752,Indiana,Black Lick Township,State Police coverage only,State Police Coverage Only,PA032SP00,42:police_service:PA032SP00,,,2024_provider_identity_reviewed,1117,https://services.arcgis.com/nx9zcV4VjX0IwxpW/arcgis/rest/services/Police_Jurisdictions/FeatureServer/0,2026-07-06T16:43:28.733000+00:00
4206306904,Indiana,Blairsville Borough,Municipal Police Force,Blairsville Boro,PA0320100,42:police_service:PA0320100,,,2024_provider_identity_reviewed,3214,https://services.arcgis.com/nx9zcV4VjX0IwxpW/arcgis/rest/services/Police_Jurisdictions/FeatureServer/0,2026-07-06T16:43:28.733000+00:00
4206309624,Indiana,Brush Valley Township,State Police coverage only,State Police Coverage Only,PA032SP00,42:police_service:PA032SP00,,,2024_provider_identity_reviewed,1675,https://services.arcgis.com/nx9zcV4VjX0IwxpW/arcgis/rest/services/Police_Jurisdictions/FeatureServer/0,2026-07-06T16:43:28.733000+00:00
4206310104,Indiana,Buffington Township,State Police coverage only,State Police Coverage Only,PA032SP00,42:police_service:PA032SP00,,,2024_provider_identity_reviewed,1225,https://services.arcgis.com/nx9zcV4VjX0IwxpW/arcgis/rest/services/Police_Jurisdictions/FeatureServer/0,2026-07-06T16:43:28.733000+00:00
4206310352,Indiana,Burrell Township,State Police coverage only,State Police Coverage Only,PA032SP00,42:police_service:PA032SP00,,,2024_provider_identity_reviewed,3491,https://services.arcgis.com/nx9zcV4VjX0IwxpW/arcgis/rest/services/Police_Jurisdictions/FeatureServer/0,2026-07-06T16:43:28.733000+00:00
4206311120,Indiana,Canoe Township,State Police coverage only,State Police Coverage Only,PA032SP00,42:police_service:PA032SP00,,,2024_provider_identity_reviewed,1432,https://services.arcgis.com/nx9zcV4VjX0IwxpW/arcgis/rest/services/Police_Jurisdictions/FeatureServer/0,2026-07-06T16:43:28.733000+00:00
4206312040,Indiana,Center Township,State Police coverage only,State Police Coverage Only,PA032SP00,42:police_service:PA032SP00,,,2024_provider_identity_reviewed,4391,https://services.arcgis.com/nx9zcV4VjX0IwxpW/arcgis/rest/services/Police_Jurisdictions/FeatureServer/0,2026-07-06T16:43:28.733000+00:00
4206313072,Indiana,Cherryhill Township,State Police coverage only,State Police Coverage Only,PA032SP00,42:police_service:PA032SP00,,,2024_provider_identity_reviewed,2445,https://services.arcgis.com/nx9zcV4VjX0IwxpW/arcgis/rest/services/Police_Jurisdictions/FeatureServer/0,2026-07-06T16:43:28.733000+00:00
4206313120,Indiana,Cherry Tree Borough,Municipal Police Force,Cherry Tree Boro,PA0320500,42:police_service:PA0320500,,,2024_provider_identity_reviewed,268,https://services.arcgis.com/nx9zcV4VjX0IwxpW/arcgis/rest/services/Police_Jurisdictions/FeatureServer/0,2026-07-06T16:43:28.733000+00:00
4206314520,Indiana,Clymer Borough,Municipal Police Force,Clymer Boro,PA0320400,42:police_service:PA0320400,,,2024_fbi_covered_by,1321,https://services.arcgis.com/nx9zcV4VjX0IwxpW/arcgis/rest/services/Police_Jurisdictions/FeatureServer/0,2026-07-06T16:43:28.733000+00:00
4206315560,Indiana,Conemaugh Township,State Police coverage only,State Police Coverage Only,PA032SP00,42:police_service:PA032SP00,,,2024_provider_identity_reviewed,2060,https://services.arcgis.com/nx9zcV4VjX0IwxpW/arcgis/rest/services/Police_Jurisdictions/FeatureServer/0,2026-07-06T16:43:28.733000+00:00
4206317024,Indiana,Creekside Borough,State Police coverage only,State Police Coverage Only,PA032SP00,42:police_service:PA032SP00,,,2024_provider_identity_reviewed,288,https://services.arcgis.com/nx9zcV4VjX0IwxpW/arcgis/rest/services/Police_Jurisdictions/FeatureServer/0,2026-07-06T16:43:28.733000+00:00
4206321456,Indiana,East Mahoning Township,State Police coverage only,State Police Coverage Only,PA032SP00,42:police_service:PA032SP00,,,2024_provider_identity_reviewed,965,https://services.arcgis.com/nx9zcV4VjX0IwxpW/arcgis/rest/services/Police_Jurisdictions/FeatureServer/0,2026-07-06T16:43:28.733000+00:00
4206322048,Indiana,East Wheatfield Township,State Police coverage only,State Police Coverage Only,PA032SP00,42:police_service:PA032SP00,,,2024_provider_identity_reviewed,2136,https://services.arcgis.com/nx9zcV4VjX0IwxpW/arcgis/rest/services/Police_Jurisdictions/FeatureServer/0,2026-07-06T16:43:28.733000+00:00
4206324040,Indiana,Ernest Borough,State Police coverage only,State Police Coverage Only,PA032SP00,42:police_service:PA032SP00,,,2024_provider_identity_reviewed,417,https://services.arcgis.com/nx9zcV4VjX0IwxpW/arcgis/rest/services/Police_Jurisdictions/FeatureServer/0,2026-07-06T16:43:28.733000+00:00
4206329512,Indiana,Glen Campbell Borough,State Police coverage only,State Police Coverage Only,PA032SP00,42:police_service:PA032SP00,,,2024_provider_identity_reviewed,256,https://services.arcgis.com/nx9zcV4VjX0IwxpW/arcgis/rest/services/Police_Jurisdictions/FeatureServer/0,2026-07-06T16:43:28.733000+00:00
4206330416,Indiana,Grant Township,State Police coverage only,State Police Coverage Only,PA032SP00,42:police_service:PA032SP00,,,2024_provider_identity_reviewed,626,https://services.arcgis.com/nx9zcV4VjX0IwxpW/arcgis/rest/services/Police_Jurisdictions/FeatureServer/0,2026-07-06T16:43:28.733000+00:00
4206330816,Indiana,Green Township,State Police coverage only,State Police Coverage Only,PA032SP00,42:police_service:PA032SP00,,,2024_provider_identity_reviewed,3414,https://services.arcgis.com/nx9zcV4VjX0IwxpW/arcgis/rest/services/Police_Jurisdictions/FeatureServer/0,2026-07-06T16:43:28.733000+00:00
4206335408,Indiana,Homer City Borough,Municipal Police Force,Homer City Boro,PA0320200,42:police_service:PA0320200,,,2024_provider_identity_reviewed,1730,https://services.arcgis.com/nx9zcV4VjX0IwxpW/arcgis/rest/services/Police_Jurisdictions/FeatureServer/0,2026-07-06T16:43:28.733000+00:00
4206336816,Indiana,Indiana Borough,Municipal Police Force,Indiana Boro,PA0320300,42:police_service:PA0320300,,,2024_provider_identity_reviewed,14044,https://services.arcgis.com/nx9zcV4VjX0IwxpW/arcgis/rest/services/Police_Jurisdictions/FeatureServer/0,2026-07-06T16:43:28.733000+00:00
4206347472,Indiana,Marion Center Borough,Police Service contracted from another municipality,Cherry Tree Boro,PA0320400,42:police_service:PA0320400,,,2024_fbi_covered_by,405,https://services.arcgis.com/nx9zcV4VjX0IwxpW/arcgis/rest/services/Police_Jurisdictions/FeatureServer/0,2026-07-06T16:43:28.733000+00:00
4206350624,Indiana,Montgomery Township,Police Service contracted from another municipality,Cherry Tree Boro,PA0320500,42:police_service:PA0320500,,,2024_provider_identity_reviewed,1430,https://services.arcgis.com/nx9zcV4VjX0IwxpW/arcgis/rest/services/Police_Jurisdictions/FeatureServer/0,2026-07-06T16:43:28.733000+00:00
4206355184,Indiana,North Mahoning Township,State Police coverage only,State Police Coverage Only,PA032SP00,42:police_service:PA032SP00,,,2024_provider_identity_reviewed,1331,https://services.arcgis.com/nx9zcV4VjX0IwxpW/arcgis/rest/services/Police_Jurisdictions/FeatureServer/0,2026-07-06T16:43:28.733000+00:00
4206360320,Indiana,Pine Township,Police Service contracted from another municipality,Cherry Tree Boro,PA0320500,42:police_service:PA0320500,,,2024_provider_identity_reviewed,1860,https://services.arcgis.com/nx9zcV4VjX0IwxpW/arcgis/rest/services/Police_Jurisdictions/FeatureServer/0,2026-07-06T16:43:28.733000+00:00
4206361632,Indiana,Plumville Borough,State Police coverage only,State Police Coverage Only,PA032SP00,42:police_service:PA032SP00,,,2024_provider_identity_reviewed,255,https://services.arcgis.com/nx9zcV4VjX0IwxpW/arcgis/rest/services/Police_Jurisdictions/FeatureServer/0,2026-07-06T16:43:28.733000+00:00
4206363584,Indiana,Rayne Township,State Police coverage only,State Police Coverage Only,PA032SP00,42:police_service:PA032SP00,,,2024_provider_identity_reviewed,2786,https://services.arcgis.com/nx9zcV4VjX0IwxpW/arcgis/rest/services/Police_Jurisdictions/FeatureServer/0,2026-07-06T16:43:28.733000+00:00
4206367648,Indiana,Saltsburg Borough,Municipal Police Force,Saltsburg Boro,PA0320700,42:police_service:PA0320700,,,2024_provider_identity_reviewed,780,https://services.arcgis.com/nx9zcV4VjX0IwxpW/arcgis/rest/services/Police_Jurisdictions/FeatureServer/0,2026-07-06T16:43:28.733000+00:00
4206370040,Indiana,Shelocta Borough,State Police coverage only,State Police Coverage Only,PA032SP00,42:police_service:PA032SP00,,,2024_provider_identity_reviewed,102,https://services.arcgis.com/nx9zcV4VjX0IwxpW/arcgis/rest/services/Police_Jurisdictions/FeatureServer/0,2026-07-06T16:43:28.733000+00:00
4206371256,Indiana,Smicksburg Borough,State Police coverage only,State Police Coverage Only,PA032SP00,42:police_service:PA032SP00,,,2024_provider_identity_reviewed,56,https://services.arcgis.com/nx9zcV4VjX0IwxpW/arcgis/rest/services/Police_Jurisdictions/FeatureServer/0,2026-07-06T16:43:28.733000+00:00
4206372304,Indiana,South Mahoning Township,State Police coverage only,State Police Coverage Only,PA032SP00,42:police_service:PA032SP00,,,2024_provider_identity_reviewed,1825,https://services.arcgis.com/nx9zcV4VjX0IwxpW/arcgis/rest/services/Police_Jurisdictions/FeatureServer/0,2026-07-06T16:43:28.733000+00:00
4206381256,Indiana,Washington Township,State Police coverage only,State Police Coverage Only,PA032SP00,42:police_service:PA032SP00,,,2024_provider_identity_reviewed,1649,https://services.arcgis.com/nx9zcV4VjX0IwxpW/arcgis/rest/services/Police_Jurisdictions/FeatureServer/0,2026-07-06T16:43:28.733000+00:00
4206383416,Indiana,West Mahoning Township,State Police coverage only,State Police Coverage Only,PA032SP00,42:police_service:PA032SP00,,,2024_provider_identity_reviewed,1324,https://services.arcgis.com/nx9zcV4VjX0IwxpW/arcgis/rest/services/Police_Jurisdictions/FeatureServer/0,2026-07-06T16:43:28.733000+00:00
4206384184,Indiana,West Wheatfield Township,State Police coverage only,State Police Coverage Only,PA032SP00,42:police_service:PA032SP00,,,2024_provider_identity_reviewed,2142,https://services.arcgis.com/nx9zcV4VjX0IwxpW/arcgis/rest/services/Police_Jurisdictions/FeatureServer/0,2026-07-06T16:43:28.733000+00:00
4206384472,Indiana,White Township,State Police coverage only,State Police Coverage Only,PA032SP00,42:police_service:PA032SP00,,,2024_provider_identity_reviewed,15336,https://services.arcgis.com/nx9zcV4VjX0IwxpW/arcgis/rest/services/Police_Jurisdictions/FeatureServer/0,2026-07-06T16:43:28.733000+00:00
4206387160,Indiana,Young Township,State Police coverage only,State Police Coverage Only,PA032SP00,42:police_service:PA032SP00,,,2024_provider_identity_reviewed,1688,https://services.arcgis.com/nx9zcV4VjX0IwxpW/arcgis/rest/services/Police_Jurisdictions/FeatureServer/0,2026-07-06T16:43:28.733000+00:00
4206504240,Jefferson,Barnett Township,State Police coverage only,State Police Coverage Only,PA033SP00,42:police_service:PA033SP00,,,2024_provider_identity_reviewed,234,https://services.arcgis.com/nx9zcV4VjX0IwxpW/arcgis/rest/services/Police_Jurisdictions/FeatureServer/0,2026-07-06T16:43:28.733000+00:00
4206504728,Jefferson,Beaver Township,State Police coverage only,State Police Coverage Only,PA033SP00,42:police_service:PA033SP00,,,2024_provider_identity_reviewed,465,https://services.arcgis.com/nx9zcV4VjX0IwxpW/arcgis/rest/services/Police_Jurisdictions/FeatureServer/0,2026-07-06T16:43:28.733000+00:00
4206505200,Jefferson,Bell Township,State Police coverage only,State Police Coverage Only,PA033SP00,42:police_service:PA033SP00,,,2024_provider_identity_reviewed,2010,https://services.arcgis.com/nx9zcV4VjX0IwxpW/arcgis/rest/services/Police_Jurisdictions/FeatureServer/0,2026-07-06T16:43:28.733000+00:00
4206506344,Jefferson,Big Run Borough,State Police coverage only,State Police Coverage Only,PA033SP00,42:police_service:PA033SP00,,,2024_fbi_covered_by,647,https://services.arcgis.com/nx9zcV4VjX0IwxpW/arcgis/rest/services/Police_Jurisdictions/FeatureServer/0,2026-07-06T16:43:28.733000+00:00
4206508960,Jefferson,Brockway Borough,Municipal Police Force,Brockway Boro,PA0330100,42:police_service:PA0330100,,,2024_provider_identity_reviewed,2276,https://services.arcgis.com/nx9zcV4VjX0IwxpW/arcgis/rest/services/Police_Jurisdictions/FeatureServer/0,2026-07-06T16:43:28.733000+00:00
4206509224,Jefferson,Brookville Borough,Municipal Police Force,Brookville Boro,PA0330200,42:police_service:PA0330200,,,2024_provider_identity_reviewed,3995,https://services.arcgis.com/nx9zcV4VjX0IwxpW/arcgis/rest/services/Police_Jurisdictions/FeatureServer/0,2026-07-06T16:43:28.733000+00:00
4206514408,Jefferson,Clover Township,State Police coverage only,State Police Coverage Only,PA033SP00,42:police_service:PA033SP00,,,2024_provider_identity_reviewed,432,https://services.arcgis.com/nx9zcV4VjX0IwxpW/arcgis/rest/services/Police_Jurisdictions/FeatureServer/0,2026-07-06T16:43:28.733000+00:00
4206516304,Jefferson,Corsica Borough,State Police coverage only,State Police Coverage Only,PA033SP00,42:police_service:PA033SP00,,,2024_provider_identity_reviewed,319,https://services.arcgis.com/nx9zcV4VjX0IwxpW/arcgis/rest/services/Police_Jurisdictions/FeatureServer/0,2026-07-06T16:43:28.733000+00:00
4206522872,Jefferson,Eldred Township,State Police coverage only,State Police Coverage Only,PA033SP00,42:police_service:PA033SP00,,,2024_provider_identity_reviewed,1271,https://services.arcgis.com/nx9zcV4VjX0IwxpW/arcgis/rest/services/Police_Jurisdictions/FeatureServer/0,2026-07-06T16:43:28.733000+00:00
4206525136,Jefferson,Falls Creek Borough,State Police coverage only,State Police Coverage Only,PA033SP00,42:police_service:PA033SP00,,,2024_provider_identity_reviewed,994,https://services.arcgis.com/nx9zcV4VjX0IwxpW/arcgis/rest/services/Police_Jurisdictions/FeatureServer/0,2026-07-06T16:43:28.733000+00:00
4206528592,Jefferson,Gaskill Township,State Police coverage only,State Police Coverage Only,PA033SP00,42:police_service:PA033SP00,,,2024_provider_identity_reviewed,673,https://services.arcgis.com/nx9zcV4VjX0IwxpW/arcgis/rest/services/Police_Jurisdictions/FeatureServer/0,2026-07-06T16:43:28.733000+00:00
4206533448,Jefferson,Heath Township,State Police coverage only,State Police Coverage Only,PA033SP00,42:police_service:PA033SP00,,,2024_provider_identity_reviewed,114,https://services.arcgis.com/nx9zcV4VjX0IwxpW/arcgis/rest/services/Police_Jurisdictions/FeatureServer/0,2026-07-06T16:43:28.733000+00:00
4206533816,Jefferson,Henderson Township,State Police coverage only,State Police Coverage Only,PA033SP00,42:police_service:PA033SP00,,,2024_provider_identity_reviewed,1940,https://services.arcgis.com/nx9zcV4VjX0IwxpW/arcgis/rest/services/Police_Jurisdictions/FeatureServer/0,2026-07-06T16:43:28.733000+00:00
4206540304,Jefferson,Knox Township,State Police coverage only,State Police Coverage Only,PA033SP00,42:police_service:PA033SP00,,,2024_provider_identity_reviewed,1011,https://services.arcgis.com/nx9zcV4VjX0IwxpW/arcgis/rest/services/Police_Jurisdictions/FeatureServer/0,2026-07-06T16:43:28.733000+00:00
4206545888,Jefferson,McCalmont Township,State Police coverage only,State Police Coverage Only,PA033SP00,42:police_service:PA033SP00,,,2024_provider_identity_reviewed,1137,https://services.arcgis.com/nx9zcV4VjX0IwxpW/arcgis/rest/services/Police_Jurisdictions/FeatureServer/0,2026-07-06T16:43:28.733000+00:00
4206556712,Jefferson,Oliver Township,State Police coverage only,State Police Coverage Only,PA033SP00,42:police_service:PA033SP00,,,2024_provider_identity_reviewed,1000,https://services.arcgis.com/nx9zcV4VjX0IwxpW/arcgis/rest/services/Police_Jurisdictions/FeatureServer/0,2026-07-06T16:43:28.733000+00:00
4206559480,Jefferson,Perry Township,State Police coverage only,State Police Coverage Only,PA033SP00,42:police_service:PA033SP00,,,2024_provider_identity_reviewed,1248,https://services.arcgis.com/nx9zcV4VjX0IwxpW/arcgis/rest/services/Police_Jurisdictions/FeatureServer/0,2026-07-06T16:43:28.733000+00:00
4206560368,Jefferson,Pine Creek Township,State Police coverage only,State Police Coverage Only,PA033SP00,42:police_service:PA033SP00,,,2024_provider_identity_reviewed,1323,https://services.arcgis.com/nx9zcV4VjX0IwxpW/arcgis/rest/services/Police_Jurisdictions/FeatureServer/0,2026-07-06T16:43:28.733000+00:00
4206561920,Jefferson,Polk Township,State Police coverage only,State Police Coverage Only,PA033SP00,42:police_service:PA033SP00,,,2024_provider_identity_reviewed,284,https://services.arcgis.com/nx9zcV4VjX0IwxpW/arcgis/rest/services/Police_Jurisdictions/FeatureServer/0,2026-07-06T16:43:28.733000+00:00
4206562176,Jefferson,Porter Township,State Police coverage only,State Police Coverage Only,PA033SP00,42:police_service:PA033SP00,,,2024_provider_identity_reviewed,295,https://services.arcgis.com/nx9zcV4VjX0IwxpW/arcgis/rest/services/Police_Jurisdictions/FeatureServer/0,2026-07-06T16:43:28.733000+00:00
4206562920,Jefferson,Punxsutawney Borough,Municipal Police Force,Punxsutawney Boro,PA0330300,42:police_service:PA0330300,,,2024_provider_identity_reviewed,5769,https://services.arcgis.com/nx9zcV4VjX0IwxpW/arcgis/rest/services/Police_Jurisdictions/FeatureServer/0,2026-07-06T16:43:28.733000+00:00
4206564376,Jefferson,Reynoldsville Borough,Municipal Police Force,Reynoldsville Boro,PA0330400,42:police_service:PA0330400,,,2024_provider_identity_reviewed,2549,https://services.arcgis.com/nx9zcV4VjX0IwxpW/arcgis/rest/services/Police_Jurisdictions/FeatureServer/0,2026-07-06T16:43:28.733000+00:00
4206564960,Jefferson,Ringgold Township,State Police coverage only,State Police Coverage Only,PA033SP00,42:police_service:PA033SP00,,,2024_provider_identity_reviewed,773,https://services.arcgis.com/nx9zcV4VjX0IwxpW/arcgis/rest/services/Police_Jurisdictions/FeatureServer/0,2026-07-06T16:43:28.733000+00:00
4206566032,Jefferson,Rose Township,State Police coverage only,State Police Coverage Only,PA033SP00,42:police_service:PA033SP00,,,2024_provider_identity_reviewed,1156,https://services.arcgis.com/nx9zcV4VjX0IwxpW/arcgis/rest/services/Police_Jurisdictions/FeatureServer/0,2026-07-06T16:43:28.733000+00:00
4206571632,Jefferson,Snyder Township,State Police coverage only,State Police Coverage Only,PA033SP00,42:police_service:PA033SP00,,,2024_fbi_covered_by,2370,https://services.arcgis.com/nx9zcV4VjX0IwxpW/arcgis/rest/services/Police_Jurisdictions/FeatureServer/0,2026-07-06T16:43:28.733000+00:00
4206575168,Jefferson,Summerville Borough,State Police coverage only,State Police Coverage Only,PA033SP00,42:police_service:PA033SP00,,,2024_fbi_covered_by,504,https://services.arcgis.com/nx9zcV4VjX0IwxpW/arcgis/rest/services/Police_Jurisdictions/FeatureServer/0,2026-07-06T16:43:28.733000+00:00
4206575888,Jefferson,Sykesville Borough,Municipal Police Force,Sykesville Boro,PA0330700,42:police_service:PA0330700,,,2024_provider_identity_reviewed,1115,https://services.arcgis.com/nx9zcV4VjX0IwxpW/arcgis/rest/services/Police_Jurisdictions/FeatureServer/0,2026-07-06T16:43:28.733000+00:00
4206576744,Jefferson,Timblin Borough,State Police coverage only,State Police Coverage Only,PA033SP00,42:police_service:PA033SP00,,,2024_provider_identity_reviewed,147,https://services.arcgis.com/nx9zcV4VjX0IwxpW/arcgis/rest/services/Police_Jurisdictions/FeatureServer/0,2026-07-06T16:43:28.733000+00:00
4206578336,Jefferson,Union Township,State Police coverage only,State Police Coverage Only,PA033SP00,42:police_service:PA033SP00,,,2024_provider_identity_reviewed,844,https://services.arcgis.com/nx9zcV4VjX0IwxpW/arcgis/rest/services/Police_Jurisdictions/FeatureServer/0,2026-07-06T16:43:28.733000+00:00
4206581120,Jefferson,Warsaw Township,State Police coverage only,State Police Coverage Only,PA033SP00,42:police_service:PA033SP00,,,2024_provider_identity_reviewed,1368,https://services.arcgis.com/nx9zcV4VjX0IwxpW/arcgis/rest/services/Police_Jurisdictions/FeatureServer/0,2026-07-06T16:43:28.733000+00:00
4206581264,Jefferson,Washington Township,State Police coverage only,State Police Coverage Only,PA033SP00,42:police_service:PA033SP00,,,2024_provider_identity_reviewed,1892,https://services.arcgis.com/nx9zcV4VjX0IwxpW/arcgis/rest/services/Police_Jurisdictions/FeatureServer/0,2026-07-06T16:43:28.733000+00:00
4206585840,Jefferson,Winslow Township,State Police coverage only,State Police Coverage Only,PA033SP00,42:police_service:PA033SP00,,,2024_provider_identity_reviewed,2546,https://services.arcgis.com/nx9zcV4VjX0IwxpW/arcgis/rest/services/Police_Jurisdictions/FeatureServer/0,2026-07-06T16:43:28.733000+00:00
4206586568,Jefferson,Worthville Borough,State Police coverage only,State Police Coverage Only,PA033SP00,42:police_service:PA033SP00,,,2024_provider_identity_reviewed,80,https://services.arcgis.com/nx9zcV4VjX0IwxpW/arcgis/rest/services/Police_Jurisdictions/FeatureServer/0,2026-07-06T16:43:28.733000+00:00
4206587168,Jefferson,Young Township,State Police coverage only,State Police Coverage Only,PA033SP00,42:police_service:PA033SP00,,,2024_provider_identity_reviewed,1711,https://services.arcgis.com/nx9zcV4VjX0IwxpW/arcgis/rest/services/Police_Jurisdictions/FeatureServer/0,2026-07-06T16:43:28.733000+00:00
4206704560,Juniata,Beale Township,State Police coverage only,State Police Coverage Only,PA034SP00,42:police_service:PA034SP00,,,2024_provider_identity_reviewed,768,https://services.arcgis.com/nx9zcV4VjX0IwxpW/arcgis/rest/services/Police_Jurisdictions/FeatureServer/0,2026-07-06T16:43:28.733000+00:00
4206718680,Juniata,Delaware Township,State Police coverage only,State Police Coverage Only,PA034SP00,42:police_service:PA034SP00,,,2024_provider_identity_reviewed,1610,https://services.arcgis.com/nx9zcV4VjX0IwxpW/arcgis/rest/services/Police_Jurisdictions/FeatureServer/0,2026-07-06T16:43:28.733000+00:00
4206725440,Juniata,Fayette Township,State Police coverage only,State Police Coverage Only,PA034SP00,42:police_service:PA034SP00,,,2024_provider_identity_reviewed,3340,https://services.arcgis.com/nx9zcV4VjX0IwxpW/arcgis/rest/services/Police_Jurisdictions/FeatureServer/0,2026-07-06T16:43:28.733000+00:00
4206725648,Juniata,Fermanagh Township,State Police coverage only,State Police Coverage Only,PA034SP00,42:police_service:PA034SP00,,,2024_provider_identity_reviewed,2866,https://services.arcgis.com/nx9zcV4VjX0IwxpW/arcgis/rest/services/Police_Jurisdictions/FeatureServer/0,2026-07-06T16:43:28.733000+00:00
4206731424,Juniata,Greenwood Township,State Police coverage only,State Police Coverage Only,PA034SP00,42:police_service:PA034SP00,,,2024_provider_identity_reviewed,534,https://services.arcgis.com/nx9zcV4VjX0IwxpW/arcgis/rest/services/Police_Jurisdictions/FeatureServer/0,2026-07-06T16:43:28.733000+00:00
4206740752,Juniata,Lack Township,State Police coverage only,State Police Coverage Only,PA034SP00,42:police_service:PA034SP00,,,2024_provider_identity_reviewed,636,https://services.arcgis.com/nx9zcV4VjX0IwxpW/arcgis/rest/services/Police_Jurisdictions/FeatureServer/0,2026-07-06T16:43:28.733000+00:00
4206749272,Juniata,Mifflin Borough,Municipal Police Force,Mifflin Boro,PA0340400,42:police_service:PA0340400,,,2024_provider_identity_reviewed,530,https://services.arcgis.com/nx9zcV4VjX0IwxpW/arcgis/rest/services/Police_Jurisdictions/FeatureServer/0,2026-07-06T16:43:28.733000+00:00
4206749304,Juniata,Mifflintown Borough,State Police coverage only,State Police Coverage Only,PA034SP00,42:police_service:PA034SP00,,,2024_fbi_covered_by,840,https://services.arcgis.com/nx9zcV4VjX0IwxpW/arcgis/rest/services/Police_Jurisdictions/FeatureServer/0,2026-07-06T16:43:28.733000+00:00
4206749392,Juniata,Milford Township,State Police coverage only,State Police Coverage Only,PA034SP00,42:police_service:PA034SP00,,,2024_provider_identity_reviewed,1993,https://services.arcgis.com/nx9zcV4VjX0IwxpW/arcgis/rest/services/Police_Jurisdictions/FeatureServer/0,2026-07-06T16:43:28.733000+00:00
4206750480,Juniata,Monroe Township,State Police coverage only,State Police Coverage Only,PA034SP00,42:police_service:PA034SP00,,,2024_provider_identity_reviewed,2055,https://services.arcgis.com/nx9zcV4VjX0IwxpW/arcgis/rest/services/Police_Jurisdictions/FeatureServer/0,2026-07-06T16:43:28.733000+00:00
4206762304,Juniata,Port Royal Borough,State Police coverage only,State Police Coverage Only,PA034SP00,42:police_service:PA034SP00,,,2024_fbi_covered_by,807,https://services.arcgis.com/nx9zcV4VjX0IwxpW/arcgis/rest/services/Police_Jurisdictions/FeatureServer/0,2026-07-06T16:43:28.733000+00:00
4206773504,Juniata,Spruce Hill Township,State Police coverage only,State Police Coverage Only,PA034SP00,42:police_service:PA034SP00,,,2024_provider_identity_reviewed,793,https://services.arcgis.com/nx9zcV4VjX0IwxpW/arcgis/rest/services/Police_Jurisdictions/FeatureServer/0,2026-07-06T16:43:28.733000+00:00
4206775536,Juniata,Susquehanna Township,State Police coverage only,State Police Coverage Only,PA034SP00,42:police_service:PA034SP00,,,2024_provider_identity_reviewed,1204,https://services.arcgis.com/nx9zcV4VjX0IwxpW/arcgis/rest/services/Police_Jurisdictions/FeatureServer/0,2026-07-06T16:43:28.733000+00:00
4206776536,Juniata,Thompsontown Borough,State Police coverage only,State Police Coverage Only,PA034SP00,42:police_service:PA034SP00,,,2024_provider_identity_reviewed,631,https://services.arcgis.com/nx9zcV4VjX0IwxpW/arcgis/rest/services/Police_Jurisdictions/FeatureServer/0,2026-07-06T16:43:28.733000+00:00
4206777824,Juniata,Turbett Township,State Police coverage only,State Police Coverage Only,PA034SP00,42:police_service:PA034SP00,,,2024_provider_identity_reviewed,978,https://services.arcgis.com/nx9zcV4VjX0IwxpW/arcgis/rest/services/Police_Jurisdictions/FeatureServer/0,2026-07-06T16:43:28.733000+00:00
4206777952,Juniata,Tuscarora Township,State Police coverage only,State Police Coverage Only,PA034SP00,42:police_service:PA034SP00,,,2024_provider_identity_reviewed,1134,https://services.arcgis.com/nx9zcV4VjX0IwxpW/arcgis/rest/services/Police_Jurisdictions/FeatureServer/0,2026-07-06T16:43:28.733000+00:00
4206780568,Juniata,Walker Township,State Police coverage only,State Police Coverage Only,PA034SP00,42:police_service:PA034SP00,,,2024_provider_identity_reviewed,2790,https://services.arcgis.com/nx9zcV4VjX0IwxpW/arcgis/rest/services/Police_Jurisdictions/FeatureServer/0,2026-07-06T16:43:28.733000+00:00
4206902832,Lackawanna,Archbald Borough,Municipal Police Force,Archbald Boro,PA0350500,42:police_service:PA0350500,,,2024_provider_identity_reviewed,7297,https://services.arcgis.com/nx9zcV4VjX0IwxpW/arcgis/rest/services/Police_Jurisdictions/FeatureServer/0,2026-07-06T16:43:28.733000+00:00
4206905696,Lackawanna,Benton Township,State Police coverage only,State Police Coverage Only,PA035SP00,42:police_service:PA035SP00,,,2024_provider_identity_reviewed,1726,https://services.arcgis.com/nx9zcV4VjX0IwxpW/arcgis/rest/services/Police_Jurisdictions/FeatureServer/0,2026-07-06T16:43:28.733000+00:00
4206906928,Lackawanna,Blakely Borough,Municipal Police Force,Blakely Boro,PA0350600,42:police_service:PA0350600,,,2024_provider_identity_reviewed,6657,https://services.arcgis.com/nx9zcV4VjX0IwxpW/arcgis/rest/services/Police_Jurisdictions/FeatureServer/0,2026-07-06T16:43:28.733000+00:00
4206911232,Lackawanna,Carbondale City,Municipal Police Force,Carbondale City,PA0350100,42:police_service:PA0350100,,,2024_fbi_covered_by,8828,https://services.arcgis.com/nx9zcV4VjX0IwxpW/arcgis/rest/services/Police_Jurisdictions/FeatureServer/0,2026-07-06T16:43:28.733000+00:00
4206911240,Lackawanna,Carbondale Township,Municipal Police Force,Carbondale Twp,PA0353500,42:police_service:PA0353500,,,2024_provider_identity_reviewed,1125,https://services.arcgis.com/nx9zcV4VjX0IwxpW/arcgis/rest/services/Police_Jurisdictions/FeatureServer/0,2026-07-06T16:43:28.733000+00:00
4206913864,Lackawanna,Clarks Green Borough,Police Service contracted from another municipality,Clarks Summit Boro,PA0350700,42:police_service:PA0350700,,,2024_fbi_covered_by,1524,https://services.arcgis.com/nx9zcV4VjX0IwxpW/arcgis/rest/services/Police_Jurisdictions/FeatureServer/0,2026-07-06T16:43:28.733000+00:00
4206913880,Lackawanna,Clarks Summit Borough,Municipal Police Force,Clarks Summit Boro,PA0350700,42:police_service:PA0350700,,,2024_fbi_covered_by,5107,https://services.arcgis.com/nx9zcV4VjX0IwxpW/arcgis/rest/services/Police_Jurisdictions/FeatureServer/0,2026-07-06T16:43:28.733000+00:00
4206914256,Lackawanna,Clifton Township,State Police coverage only,State Police Coverage Only,PA035SP00,42:police_service:PA035SP00,,,2024_provider_identity_reviewed,1493,https://services.arcgis.com/nx9zcV4VjX0IwxpW/arcgis/rest/services/Police_Jurisdictions/FeatureServer/0,2026-07-06T16:43:28.733000+00:00
4206916664,Lackawanna,Covington Township,Municipal Police Force,Covington Twp,PA0353300,42:police_service:PA0353300,,,2024_active_official_provider,2198,https://services.arcgis.com/nx9zcV4VjX0IwxpW/arcgis/rest/services/Police_Jurisdictions/FeatureServer/0,2026-07-06T16:43:28.733000+00:00
4206918088,Lackawanna,Dalton Borough,Municipal Police Force,Dalton Boro,PA0352200,42:police_service:PA0352200,,,2024_provider_identity_reviewed,1284,https://services.arcgis.com/nx9zcV4VjX0IwxpW/arcgis/rest/services/Police_Jurisdictions/FeatureServer/0,2026-07-06T16:43:28.733000+00:00
4206919160,Lackawanna,Dickson City Borough,Municipal Police Force,Dickson City Boro,PA0350800,42:police_service:PA0350800,,,2024_provider_identity_reviewed,6038,https://services.arcgis.com/nx9zcV4VjX0IwxpW/arcgis/rest/services/Police_Jurisdictions/FeatureServer/0,2026-07-06T16:43:28.733000+00:00
4206920352,Lackawanna,Dunmore Borough,Municipal Police Force,Dunmore Boro,PA0350200,42:police_service:PA0350200,,,2024_provider_identity_reviewed,14042,https://services.arcgis.com/nx9zcV4VjX0IwxpW/arcgis/rest/services/Police_Jurisdictions/FeatureServer/0,2026-07-06T16:43:28.733000+00:00
4206923336,Lackawanna,Elmhurst Township,Police Service contracted from another municipality,Roaring Brook Twp,PA0353100,42:police_service:PA0353100,,,2024_provider_identity_reviewed,842,https://services.arcgis.com/nx9zcV4VjX0IwxpW/arcgis/rest/services/Police_Jurisdictions/FeatureServer/0,2026-07-06T16:43:28.733000+00:00
4206925560,Lackawanna,Fell Township,Police Service contracted from another municipality,Carbondale City,PA0350100,42:police_service:PA0350100,,,2024_fbi_covered_by,2338,https://services.arcgis.com/nx9zcV4VjX0IwxpW/arcgis/rest/services/Police_Jurisdictions/FeatureServer/0,2026-07-06T16:43:28.733000+00:00
4206929504,Lackawanna,Glenburn Township,Police Service contracted from another municipality,Waverly Twp,PA0352400,42:police_service:PA0352400,,,2024_provider_identity_reviewed,1434,https://services.arcgis.com/nx9zcV4VjX0IwxpW/arcgis/rest/services/Police_Jurisdictions/FeatureServer/0,2026-07-06T16:43:28.733000+00:00
4206931016,Lackawanna,Greenfield Township,Municipal Police Force,Greenfield Twp,PA0353000,42:police_service:PA0353000,,,2024_active_official_provider,2260,https://services.arcgis.com/nx9zcV4VjX0IwxpW/arcgis/rest/services/Police_Jurisdictions/FeatureServer/0,2026-07-06T16:43:28.733000+00:00
4206937896,Lackawanna,Jefferson Township,Municipal Police Force,Jefferson Twp,PA0353600,42:police_service:PA0353600,,,2024_provider_identity_reviewed,3765,https://services.arcgis.com/nx9zcV4VjX0IwxpW/arcgis/rest/services/Police_Jurisdictions/FeatureServer/0,2026-07-06T16:43:28.733000+00:00
4206938096,Lackawanna,Jermyn Borough,Municipal Police Force,Jermyn Boro,PA0350900,42:police_service:PA0350900,,,2024_provider_identity_reviewed,2150,https://services.arcgis.com/nx9zcV4VjX0IwxpW/arcgis/rest/services/Police_Jurisdictions/FeatureServer/0,2026-07-06T16:43:28.733000+00:00
4206938160,Lackawanna,Jessup Borough,Municipal Police Force,Jessup Boro,PA0351600,42:police_service:PA0351600,,,2024_provider_identity_reviewed,4520,https://services.arcgis.com/nx9zcV4VjX0IwxpW/arcgis/rest/services/Police_Jurisdictions/FeatureServer/0,2026-07-06T16:43:28.733000+00:00
4206941504,Lackawanna,La Plume Township,State Police coverage only,State Police Coverage Only,PA035SP00,42:police_service:PA035SP00,,,2024_provider_identity_reviewed,476,https://services.arcgis.com/nx9zcV4VjX0IwxpW/arcgis/rest/services/Police_Jurisdictions/FeatureServer/0,2026-07-06T16:43:28.733000+00:00
4206946480,Lackawanna,Madison Township,State Police coverage only,State Police Coverage Only,PA035SP00,42:police_service:PA035SP00,,,2024_provider_identity_reviewed,2469,https://services.arcgis.com/nx9zcV4VjX0IwxpW/arcgis/rest/services/Police_Jurisdictions/FeatureServer/0,2026-07-06T16:43:28.733000+00:00
4206948176,Lackawanna,Mayfield Borough,Municipal Police Force,Mayfield Boro,PA0351700,42:police_service:PA0351700,,,2024_provider_identity_reviewed,1763,https://services.arcgis.com/nx9zcV4VjX0IwxpW/arcgis/rest/services/Police_Jurisdictions/FeatureServer/0,2026-07-06T16:43:28.733000+00:00
4206950880,Lackawanna,Moosic Borough,Municipal Police Force,Moosic Boro,PA0352300,42:police_service:PA0352300,,,2024_provider_identity_reviewed,5959,https://services.arcgis.com/nx9zcV4VjX0IwxpW/arcgis/rest/services/Police_Jurisdictions/FeatureServer/0,2026-07-06T16:43:28.733000+00:00
4206951208,Lackawanna,Moscow Borough,Municipal Police Force,Moscow Boro,PA0351800,42:police_service:PA0351800,,,2024_provider_identity_reviewed,2039,https://services.arcgis.com/nx9zcV4VjX0IwxpW/arcgis/rest/services/Police_Jurisdictions/FeatureServer/0,2026-07-06T16:43:28.733000+00:00
4206954136,Lackawanna,Newton Township,Police Service contracted from another municipality,South Abington Twp,PA0351900,42:police_service:PA0351900,,,2024_fbi_covered_by,2816,https://services.arcgis.com/nx9zcV4VjX0IwxpW/arcgis/rest/services/Police_Jurisdictions/FeatureServer/0,2026-07-06T16:43:28.733000+00:00
4206954680,Lackawanna,North Abington Township,Police Service contracted from another municipality,Waverly Twp,PA0352400,42:police_service:PA0352400,,,2024_provider_identity_reviewed,706,https://services.arcgis.com/nx9zcV4VjX0IwxpW/arcgis/rest/services/Police_Jurisdictions/FeatureServer/0,2026-07-06T16:43:28.733000+00:00
4206956576,Lackawanna,Old Forge Borough,Municipal Police Force,Old Forge Boro,PA0350300,42:police_service:PA0350300,,,2024_provider_identity_reviewed,8497,https://services.arcgis.com/nx9zcV4VjX0IwxpW/arcgis/rest/services/Police_Jurisdictions/FeatureServer/0,2026-07-06T16:43:28.733000+00:00
4206956792,Lackawanna,Olyphant Borough,Municipal Police Force,Olyphant Boro,PA0351100,42:police_service:PA0351100,,,2024_provider_identity_reviewed,5383,https://services.arcgis.com/nx9zcV4VjX0IwxpW/arcgis/rest/services/Police_Jurisdictions/FeatureServer/0,2026-07-06T16:43:28.733000+00:00
4206963432,Lackawanna,Ransom Township,Police Service contracted from another municipality,Taylor Boro,PA0351200,42:police_service:PA0351200,,,2024_provider_identity_reviewed,1397,https://services.arcgis.com/nx9zcV4VjX0IwxpW/arcgis/rest/services/Police_Jurisdictions/FeatureServer/0,2026-07-06T16:43:28.733000+00:00
4206965224,Lackawanna,Roaring Brook Township,Municipal Police Force,Roaring Brook Twp,PA0353100,42:police_service:PA0353100,,,2024_active_official_provider,2273,https://services.arcgis.com/nx9zcV4VjX0IwxpW/arcgis/rest/services/Police_Jurisdictions/FeatureServer/0,2026-07-06T16:43:28.733000+00:00
4206968400,Lackawanna,Scott Township,Municipal Police Force,Scott Twp,PA0352700,42:police_service:PA0352700,,,2024_active_official_provider,4629,https://services.arcgis.com/nx9zcV4VjX0IwxpW/arcgis/rest/services/Police_Jurisdictions/FeatureServer/0,2026-07-06T16:43:28.733000+00:00
4206969000,Lackawanna,Scranton City,Municipal Police Force,Scranton City,PA0350400,42:police_service:PA0350400,,,2024_provider_identity_reviewed,76328,https://services.arcgis.com/nx9zcV4VjX0IwxpW/arcgis/rest/services/Police_Jurisdictions/FeatureServer/0,2026-07-06T16:43:28.733000+00:00
4206971872,Lackawanna,South Abington Township,Municipal Police Force,South Abington Twp,PA0351900,42:police_service:PA0351900,,,2024_active_official_provider,9532,https://services.arcgis.com/nx9zcV4VjX0IwxpW/arcgis/rest/services/Police_Jurisdictions/FeatureServer/0,2026-07-06T16:43:28.733000+00:00
4206972896,Lackawanna,Spring Brook Township,State Police coverage only,State Police Coverage Only,PA035SP00,42:police_service:PA035SP00,,,2024_provider_identity_reviewed,2748,https://services.arcgis.com/nx9zcV4VjX0IwxpW/arcgis/rest/services/Police_Jurisdictions/FeatureServer/0,2026-07-06T16:43:28.733000+00:00
4206976184,Lackawanna,Taylor Borough,Municipal Police Force,Taylor Boro,PA0351200,42:police_service:PA0351200,,,2024_provider_identity_reviewed,6294,https://services.arcgis.com/nx9zcV4VjX0IwxpW/arcgis/rest/services/Police_Jurisdictions/FeatureServer/0,2026-07-06T16:43:28.733000+00:00
4206976601,Lackawanna,Thornhurst Township,State Police coverage only,State Police Coverage Only,PA035SP00,42:police_service:PA035SP00,,,2024_provider_identity_reviewed,1008,https://services.arcgis.com/nx9zcV4VjX0IwxpW/arcgis/rest/services/Police_Jurisdictions/FeatureServer/0,2026-07-06T16:43:28.733000+00:00
4206976648,Lackawanna,Throop Borough,Municipal Police Force,Throop Boro,PA0351300,42:police_service:PA0351300,,,2024_provider_identity_reviewed,4065,https://services.arcgis.com/nx9zcV4VjX0IwxpW/arcgis/rest/services/Police_Jurisdictions/FeatureServer/0,2026-07-06T16:43:28.733000+00:00
4206979792,Lackawanna,Vandling Borough,Police Service contracted from another municipality,Carbondale City,PA0350100,42:police_service:PA0350100,,,2024_fbi_covered_by,730,https://services.arcgis.com/nx9zcV4VjX0IwxpW/arcgis/rest/services/Police_Jurisdictions/FeatureServer/0,2026-07-06T16:43:28.733000+00:00
4206981668,Lackawanna,Waverly Township,Municipal Police Force,Waverly Twp,PA0352400,42:police_service:PA0352400,,,2024_active_official_provider,1856,https://services.arcgis.com/nx9zcV4VjX0IwxpW/arcgis/rest/services/Police_Jurisdictions/FeatureServer/0,2026-07-06T16:43:28.733000+00:00
4206982360,Lackawanna,West Abington Township,Police Service contracted from another municipality,Dalton Boro,PA0352200,42:police_service:PA0352200,,,2024_provider_identity_reviewed,300,https://services.arcgis.com/nx9zcV4VjX0IwxpW/arcgis/rest/services/Police_Jurisdictions/FeatureServer/0,2026-07-06T16:43:28.733000+00:00
4207100364,Lancaster,Adamstown Borough,Police Service contracted from another municipality,Ephrata Boro,PA0360300,42:police_service:PA0360300,,,2024_provider_identity_reviewed,1916,https://services.arcgis.com/nx9zcV4VjX0IwxpW/arcgis/rest/services/Police_Jurisdictions/FeatureServer/0,2026-07-06T16:43:28.733000+00:00
4207100540,Lancaster,Akron Borough,Police Service contracted from another municipality,West Earl Twp,PA0364800,42:police_service:PA0364800,,,2024_fbi_covered_by,4152,https://services.arcgis.com/nx9zcV4VjX0IwxpW/arcgis/rest/services/Police_Jurisdictions/FeatureServer/0,2026-07-06T16:43:28.733000+00:00
4207104376,Lancaster,Bart Township,State Police coverage only,State Police Coverage Only,PA036SP00,42:police_service:PA036SP00,,PAPSP4700,2024_provider_identity_reviewed,3181,https://services.arcgis.com/nx9zcV4VjX0IwxpW/arcgis/rest/services/Police_Jurisdictions/FeatureServer/0,2026-07-06T16:43:28.733000+00:00
4207108352,Lancaster,Brecknock Township,State Police coverage only,State Police Coverage Only,PA036SP00,42:police_service:PA036SP00,,PAPSP4700,2024_fbi_covered_by,7557,https://services.arcgis.com/nx9zcV4VjX0IwxpW/arcgis/rest/services/Police_Jurisdictions/FeatureServer/0,2026-07-06T16:43:28.733000+00:00
4207110704,Lancaster,Caernarvon Township,State Police coverage only,State Police Coverage Only,PA036SP00,42:police_service:PA036SP00,,PAPSP4700,2024_provider_identity_reviewed,4609,https://services.arcgis.com/nx9zcV4VjX0IwxpW/arcgis/rest/services/Police_Jurisdictions/FeatureServer/0,2026-07-06T16:43:28.733000+00:00
4207113512,Lancaster,Christiana Borough,Municipal Police Force,Christiana Boro,PA0361800,42:police_service:PA0361800,,,2024_provider_identity_reviewed,1112,https://services.arcgis.com/nx9zcV4VjX0IwxpW/arcgis/rest/services/Police_Jurisdictions/FeatureServer/0,2026-07-06T16:43:28.733000+00:00
4207113960,Lancaster,Clay Township,Regional Police Service,Northern Lancaster County Regional Police Department,PA0365800,42:police_service:PA0365800,,,2024_fbi_covered_by,6857,https://services.arcgis.com/nx9zcV4VjX0IwxpW/arcgis/rest/services/Police_Jurisdictions/FeatureServer/0,2026-07-06T16:43:28.733000+00:00
4207115056,Lancaster,Colerain Township,State Police coverage only,State Police Coverage Only,PA036SP00,42:police_service:PA036SP00,,PAPSP4700,2024_fbi_covered_by,3883,https://services.arcgis.com/nx9zcV4VjX0IwxpW/arcgis/rest/services/Police_Jurisdictions/FeatureServer/0,2026-07-06T16:43:28.733000+00:00
4207115384,Lancaster,Columbia Borough,Municipal Police Force,Columbia Boro,PA0360100,42:police_service:PA0360100,,,2024_provider_identity_reviewed,10207,https://services.arcgis.com/nx9zcV4VjX0IwxpW/arcgis/rest/services/Police_Jurisdictions/FeatureServer/0,2026-07-06T16:43:28.733000+00:00
4207115592,Lancaster,Conestoga Township,State Police coverage only,State Police Coverage Only,PA036SP00,42:police_service:PA036SP00,,PAPSP4700,2024_provider_identity_reviewed,3914,https://services.arcgis.com/nx9zcV4VjX0IwxpW/arcgis/rest/services/Police_Jurisdictions/FeatureServer/0,2026-07-06T16:43:28.733000+00:00
4207115824,Lancaster,Conoy Township,Regional Police Service,Susquehanna Regional,PA0363800,42:police_service:PA0363800,,,2024_fbi_covered_by,3361,https://services.arcgis.com/nx9zcV4VjX0IwxpW/arcgis/rest/services/Police_Jurisdictions/FeatureServer/0,2026-07-06T16:43:28.733000+00:00
4207118888,Lancaster,Denver Borough,Police Service contracted from another municipality,East Cocalico Twp,PA0363700,42:police_service:PA0363700,,,2024_fbi_covered_by,3792,https://services.arcgis.com/nx9zcV4VjX0IwxpW/arcgis/rest/services/Police_Jurisdictions/FeatureServer/0,2026-07-06T16:43:28.733000+00:00
4207120032,Lancaster,Drumore Township,State Police coverage only,State Police Coverage Only,PA036SP00,42:police_service:PA036SP00,,PAPSP4700,2024_provider_identity_reviewed,2561,https://services.arcgis.com/nx9zcV4VjX0IwxpW/arcgis/rest/services/Police_Jurisdictions/FeatureServer/0,2026-07-06T16:43:28.733000+00:00
4207120688,Lancaster,Earl Township,Police Service contracted from another municipality,West Earl Twp,PA0361100,42:police_service:PA0361100,,,2024_fbi_covered_by,7144,https://services.arcgis.com/nx9zcV4VjX0IwxpW/arcgis/rest/services/Police_Jurisdictions/FeatureServer/0,2026-07-06T16:43:28.733000+00:00
4207120984,Lancaster,East Cocalico Township,Municipal Police Force,East Cocalico Twp,PA0363700,42:police_service:PA0363700,,,2024_active_official_provider,10767,https://services.arcgis.com/nx9zcV4VjX0IwxpW/arcgis/rest/services/Police_Jurisdictions/FeatureServer/0,2026-07-06T16:43:28.733000+00:00
4207121032,Lancaster,East Donegal Township,Regional Police Service,Susquehanna Regional Police Department,PA0363800,42:police_service:PA0363800,,,2024_provider_identity_reviewed,8684,https://services.arcgis.com/nx9zcV4VjX0IwxpW/arcgis/rest/services/Police_Jurisdictions/FeatureServer/0,2026-07-06T16:43:28.733000+00:00
4207121040,Lancaster,East Drumore Township,State Police coverage only,State Police Coverage Only,PA036SP00,42:police_service:PA036SP00,,PAPSP4700,2024_provider_identity_reviewed,3936,https://services.arcgis.com/nx9zcV4VjX0IwxpW/arcgis/rest/services/Police_Jurisdictions/FeatureServer/0,2026-07-06T16:43:28.733000+00:00
4207121072,Lancaster,East Earl Township,Municipal Police Force,East Earl Twp,PA0363900,42:police_service:PA0363900,,,2024_active_official_provider,6699,https://services.arcgis.com/nx9zcV4VjX0IwxpW/arcgis/rest/services/Police_Jurisdictions/FeatureServer/0,2026-07-06T16:43:28.733000+00:00
4207121232,Lancaster,East Hempfield Township,Municipal Police Force,East Hempfield Twp,PA0362300,42:police_service:PA0362300,,,2024_active_official_provider,26304,https://services.arcgis.com/nx9zcV4VjX0IwxpW/arcgis/rest/services/Police_Jurisdictions/FeatureServer/0,2026-07-06T16:43:28.733000+00:00
4207121344,Lancaster,East Lampeter Township,Municipal Police Force,East Lampeter Twp,PA0364000,42:police_service:PA0364000,,,2024_active_official_provider,17776,https://services.arcgis.com/nx9zcV4VjX0IwxpW/arcgis/rest/services/Police_Jurisdictions/FeatureServer/0,2026-07-06T16:43:28.733000+00:00
4207121688,Lancaster,East Petersburg Borough,Regional Police Service,Northern Lancaster County Regional,PA0365800,42:police_service:PA0365800,,,2024_fbi_covered_by,4573,https://services.arcgis.com/nx9zcV4VjX0IwxpW/arcgis/rest/services/Police_Jurisdictions/FeatureServer/0,2026-07-06T16:43:28.733000+00:00
4207122336,Lancaster,Eden Township,State Police coverage only,State Police Coverage Only,PA036SP00,42:police_service:PA036SP00,,PAPSP4700,2024_provider_identity_reviewed,2239,https://services.arcgis.com/nx9zcV4VjX0IwxpW/arcgis/rest/services/Police_Jurisdictions/FeatureServer/0,2026-07-06T16:43:28.733000+00:00
4207123008,Lancaster,Elizabeth Township,State Police coverage only,State Police Coverage Only,PA036SP00,42:police_service:PA036SP00,,PAPSP4700,2024_provider_identity_reviewed,3985,https://services.arcgis.com/nx9zcV4VjX0IwxpW/arcgis/rest/services/Police_Jurisdictions/FeatureServer/0,2026-07-06T16:43:28.733000+00:00
4207123016,Lancaster,Elizabethtown Borough,Municipal Police Force,Elizabethtown Boro,PA0360200,42:police_service:PA0360200,,,2024_provider_identity_reviewed,11639,https://services.arcgis.com/nx9zcV4VjX0IwxpW/arcgis/rest/services/Police_Jurisdictions/FeatureServer/0,2026-07-06T16:43:28.733000+00:00
4207123832,Lancaster,Ephrata Borough,Municipal Police Force,Ephrata Boro,PA0360300,42:police_service:PA0360300,,,2024_fbi_covered_by,13794,https://services.arcgis.com/nx9zcV4VjX0IwxpW/arcgis/rest/services/Police_Jurisdictions/FeatureServer/0,2026-07-06T16:43:28.733000+00:00
4207123840,Lancaster,Ephrata Township,Police Service contracted from another municipality,Ephrata Boro,PA0360300,42:police_service:PA0360300,,,2024_fbi_covered_by,10386,https://services.arcgis.com/nx9zcV4VjX0IwxpW/arcgis/rest/services/Police_Jurisdictions/FeatureServer/0,2026-07-06T16:43:28.733000+00:00
4207128168,Lancaster,Fulton Township,State Police coverage only,State Police Coverage Only,PA036SP00,42:police_service:PA036SP00,,PAPSP4700,2024_provider_identity_reviewed,3214,https://services.arcgis.com/nx9zcV4VjX0IwxpW/arcgis/rest/services/Police_Jurisdictions/FeatureServer/0,2026-07-06T16:43:28.733000+00:00
4207141216,Lancaster,Lancaster City,Municipal Police Force,Lancaster City,PA0360500,42:police_service:PA0360500,,,2024_provider_identity_reviewed,58039,https://services.arcgis.com/nx9zcV4VjX0IwxpW/arcgis/rest/services/Police_Jurisdictions/FeatureServer/0,2026-07-06T16:43:28.733000+00:00
4207141224,Lancaster,Lancaster Township,Municipal Police Force,Lancaster Twp,PA0360800,42:police_service:PA0360800,,PA0366200,2024_fbi_covered_by;2025_no_independent_cius_row,18642,https://services.arcgis.com/nx9zcV4VjX0IwxpW/arcgis/rest/services/Police_Jurisdictions/FeatureServer/0,2026-07-06T16:43:28.733000+00:00
4207142080,Lancaster,Leacock Township,State Police coverage only,State Police Coverage Only,PA036SP00,42:police_service:PA036SP00,,PAPSP4700,2024_provider_identity_reviewed,5652,https://services.arcgis.com/nx9zcV4VjX0IwxpW/arcgis/rest/services/Police_Jurisdictions/FeatureServer/0,2026-07-06T16:43:28.733000+00:00
4207143816,Lancaster,Lititz Borough,Municipal Police Force,Lititz Boro,PA0360600,42:police_service:PA0360600,,,2024_provider_identity_reviewed,9381,https://services.arcgis.com/nx9zcV4VjX0IwxpW/arcgis/rest/services/Police_Jurisdictions/FeatureServer/0,2026-07-06T16:43:28.733000+00:00
4207143832,Lancaster,Little Britain Township,State Police coverage only,State Police Coverage Only,PA036SP00,42:police_service:PA036SP00,,PAPSP4700,2024_provider_identity_reviewed,4118,https://services.arcgis.com/nx9zcV4VjX0IwxpW/arcgis/rest/services/Police_Jurisdictions/FeatureServer/0,2026-07-06T16:43:28.733000+00:00
4207146888,Lancaster,Manheim Borough,Municipal Police Force,Manheim Boro,PA0360700,42:police_service:PA0360700,,,2024_provider_identity_reviewed,5046,https://services.arcgis.com/nx9zcV4VjX0IwxpW/arcgis/rest/services/Police_Jurisdictions/FeatureServer/0,2026-07-06T16:43:28.733000+00:00
4207146896,Lancaster,Manheim Township,Municipal Police Force,Manheim Twp,PA0360800,42:police_service:PA0360800,,,2024_active_official_provider,43977,https://services.arcgis.com/nx9zcV4VjX0IwxpW/arcgis/rest/services/Police_Jurisdictions/FeatureServer/0,2026-07-06T16:43:28.733000+00:00
4207146992,Lancaster,Manor Township,Municipal Police Force,Manor Twp,PA0362500,42:police_service:PA0362500,,,2024_active_official_provider,21849,https://services.arcgis.com/nx9zcV4VjX0IwxpW/arcgis/rest/services/Police_Jurisdictions/FeatureServer/0,2026-07-06T16:43:28.733000+00:00
4207147424,Lancaster,Marietta Borough,Regional Police Service,Susquehanna Regional Police Department,PA0363800,42:police_service:PA0363800,,,2024_fbi_covered_by,2623,https://services.arcgis.com/nx9zcV4VjX0IwxpW/arcgis/rest/services/Police_Jurisdictions/FeatureServer/0,2026-07-06T16:43:28.733000+00:00
4207147824,Lancaster,Martic Township,State Police coverage only,State Police Coverage Only,PA036SP00,42:police_service:PA036SP00,,PAPSP4700,2024_provider_identity_reviewed,5221,https://services.arcgis.com/nx9zcV4VjX0IwxpW/arcgis/rest/services/Police_Jurisdictions/FeatureServer/0,2026-07-06T16:43:28.733000+00:00
4207149728,Lancaster,Millersville Borough,Municipal Police Force,Millersville Boro,PA0361300,42:police_service:PA0361300,,,2024_provider_identity_reviewed,7903,https://services.arcgis.com/nx9zcV4VjX0IwxpW/arcgis/rest/services/Police_Jurisdictions/FeatureServer/0,2026-07-06T16:43:28.733000+00:00
4207151656,Lancaster,Mount Joy Borough,Municipal Police Force,Mount Joy Boro,PA0361000,42:police_service:PA0361000,,,2024_provider_identity_reviewed,8325,https://services.arcgis.com/nx9zcV4VjX0IwxpW/arcgis/rest/services/Police_Jurisdictions/FeatureServer/0,2026-07-06T16:43:28.733000+00:00
4207151664,Lancaster,Mount Joy Township,Regional Police Service,Northwest Regional Lancaster County Police Department,PA0362600,42:police_service:PA0362600,,,2024_provider_identity_reviewed,10721,https://services.arcgis.com/nx9zcV4VjX0IwxpW/arcgis/rest/services/Police_Jurisdictions/FeatureServer/0,2026-07-06T16:43:28.733000+00:00
4207152016,Lancaster,Mountville Borough,Police Service contracted from another municipality,West Hempfield Twp,PA0363400,42:police_service:PA0363400,,,2024_fbi_covered_by,3017,https://services.arcgis.com/nx9zcV4VjX0IwxpW/arcgis/rest/services/Police_Jurisdictions/FeatureServer/0,2026-07-06T16:43:28.733000+00:00
4207153696,Lancaster,New Holland Borough,Police Service contracted from another municipality,West Earl Twp,PA0361100,42:police_service:PA0361100,,,2024_fbi_covered_by,5743,https://services.arcgis.com/nx9zcV4VjX0IwxpW/arcgis/rest/services/Police_Jurisdictions/FeatureServer/0,2026-07-06T16:43:28.733000+00:00
4207157848,Lancaster,Paradise Township,State Police coverage only,State Police Coverage Only,PA036SP00,42:police_service:PA036SP00,,PAPSP4700,2024_provider_identity_reviewed,5672,https://services.arcgis.com/nx9zcV4VjX0IwxpW/arcgis/rest/services/Police_Jurisdictions/FeatureServer/0,2026-07-06T16:43:28.733000+00:00
4207158840,Lancaster,Penn Township,Regional Police Service,Northern Lancaster County Regional Police Department,PA0365800,42:police_service:PA0365800,,,2024_fbi_covered_by,10210,https://services.arcgis.com/nx9zcV4VjX0IwxpW/arcgis/rest/services/Police_Jurisdictions/FeatureServer/0,2026-07-06T16:43:28.733000+00:00
4207159360,Lancaster,Pequea Township,Municipal Police Force,Pequea Twp,PA0362700,42:police_service:PA0362700,,,2024_provider_identity_reviewed,5474,https://services.arcgis.com/nx9zcV4VjX0IwxpW/arcgis/rest/services/Police_Jurisdictions/FeatureServer/0,2026-07-06T16:43:28.733000+00:00
4207162832,Lancaster,Providence Township,State Police coverage only,State Police Coverage Only,PA036SP00,42:police_service:PA036SP00,,PAPSP4700,2024_provider_identity_reviewed,6995,https://services.arcgis.com/nx9zcV4VjX0IwxpW/arcgis/rest/services/Police_Jurisdictions/FeatureServer/0,2026-07-06T16:43:28.733000+00:00
4207163064,Lancaster,Quarryville Borough,Municipal Police Force,Quarryville Boro,PA0362900,42:police_service:PA0362900,,,2024_provider_identity_reviewed,2843,https://services.arcgis.com/nx9zcV4VjX0IwxpW/arcgis/rest/services/Police_Jurisdictions/FeatureServer/0,2026-07-06T16:43:28.733000+00:00
4207163440,Lancaster,Rapho Township,Police Service contracted from another municipality,Manheim Boro,PA0360700,42:police_service:PA0360700,,,2024_provider_identity_reviewed,12024,https://services.arcgis.com/nx9zcV4VjX0IwxpW/arcgis/rest/services/Police_Jurisdictions/FeatureServer/0,2026-07-06T16:43:28.733000+00:00
4207167096,Lancaster,Sadsbury Township,State Police coverage only,State Police Coverage Only,PA036SP00,42:police_service:PA036SP00,,PAPSP4700,2024_fbi_covered_by,3536,https://services.arcgis.com/nx9zcV4VjX0IwxpW/arcgis/rest/services/Police_Jurisdictions/FeatureServer/0,2026-07-06T16:43:28.733000+00:00
4207167568,Lancaster,Salisbury Township,State Police coverage only,State Police Coverage Only,PA036SP00,42:police_service:PA036SP00,,PAPSP4700,2024_provider_identity_reviewed,11494,https://services.arcgis.com/nx9zcV4VjX0IwxpW/arcgis/rest/services/Police_Jurisdictions/FeatureServer/0,2026-07-06T16:43:28.733000+00:00
4207174712,Lancaster,Strasburg Borough,Municipal Police Force,Strasburg Boro,PA0363000,42:police_service:PA0363000,,,2024_provider_identity_reviewed,3117,https://services.arcgis.com/nx9zcV4VjX0IwxpW/arcgis/rest/services/Police_Jurisdictions/FeatureServer/0,2026-07-06T16:43:28.733000+00:00
4207174720,Lancaster,Strasburg Township,State Police coverage only,State Police Coverage Only,PA036SP00,42:police_service:PA036SP00,,PAPSP4700,2024_provider_identity_reviewed,4457,https://services.arcgis.com/nx9zcV4VjX0IwxpW/arcgis/rest/services/Police_Jurisdictions/FeatureServer/0,2026-07-06T16:43:28.733000+00:00
4207176400,Lancaster,Terre Hill Borough,State Police coverage only,State Police Coverage Only,PA036SP00,42:police_service:PA036SP00,,PAPSP4700,2024_fbi_covered_by,1357,https://services.arcgis.com/nx9zcV4VjX0IwxpW/arcgis/rest/services/Police_Jurisdictions/FeatureServer/0,2026-07-06T16:43:28.733000+00:00
4207179080,Lancaster,Upper Leacock Township,Police Service contracted from another municipality,East Lampeter Twp,PA0364000,42:police_service:PA0364000,,,2024_fbi_covered_by,8921,https://services.arcgis.com/nx9zcV4VjX0IwxpW/arcgis/rest/services/Police_Jurisdictions/FeatureServer/0,2026-07-06T16:43:28.733000+00:00
4207181168,Lancaster,Warwick Township,Regional Police Service,Northern Lancaster County Regional Police,PA0365800,42:police_service:PA0365800,,,2024_fbi_covered_by,19022,https://services.arcgis.com/nx9zcV4VjX0IwxpW/arcgis/rest/services/Police_Jurisdictions/FeatureServer/0,2026-07-06T16:43:28.733000+00:00
4207182728,Lancaster,West Cocalico Township,Police Service contracted from another municipality,Ephrata Boro,PA0360300,42:police_service:PA0360300,,,2024_fbi_covered_by,7456,https://services.arcgis.com/nx9zcV4VjX0IwxpW/arcgis/rest/services/Police_Jurisdictions/FeatureServer/0,2026-07-06T16:43:28.733000+00:00
4207182816,Lancaster,West Donegal Township,Regional Police Service,Northwest Regional Lancaster County Police Department,PA0362600,42:police_service:PA0362600,,,2024_provider_identity_reviewed,8944,https://services.arcgis.com/nx9zcV4VjX0IwxpW/arcgis/rest/services/Police_Jurisdictions/FeatureServer/0,2026-07-06T16:43:28.733000+00:00
4207182824,Lancaster,West Earl Township,Municipal Police Force,West Earl Twp,PA0364800,42:police_service:PA0364800,,,2024_active_official_provider,8560,https://services.arcgis.com/nx9zcV4VjX0IwxpW/arcgis/rest/services/Police_Jurisdictions/FeatureServer/0,2026-07-06T16:43:28.733000+00:00
4207183152,Lancaster,West Hempfield Township,Municipal Police Force,West Hempfield Twp,PA0363400,42:police_service:PA0363400,,,2024_active_official_provider,17020,https://services.arcgis.com/nx9zcV4VjX0IwxpW/arcgis/rest/services/Police_Jurisdictions/FeatureServer/0,2026-07-06T16:43:28.733000+00:00
4207183256,Lancaster,West Lampeter Township,Municipal Police Force,West Lampeter Twp,PA0361400,42:police_service:PA0361400,,,2024_active_official_provider,17383,https://services.arcgis.com/nx9zcV4VjX0IwxpW/arcgis/rest/services/Police_Jurisdictions/FeatureServer/0,2026-07-06T16:43:28.733000+00:00
4207305936,Lawrence,Bessemer Borough,Municipal Police Force,Bessemer Boro,PA0370400,42:police_service:PA0370400,,,2024_provider_identity_reviewed,1076,https://services.arcgis.com/nx9zcV4VjX0IwxpW/arcgis/rest/services/Police_Jurisdictions/FeatureServer/0,2026-07-06T16:43:28.733000+00:00
4207323280,Lawrence,Ellport Borough,Police Service contracted from another municipality,Ellwood City Boro,PA0370100,42:police_service:PA0370100,,,2024_provider_identity_reviewed,1082,https://services.arcgis.com/nx9zcV4VjX0IwxpW/arcgis/rest/services/Police_Jurisdictions/FeatureServer/0,2026-07-06T16:43:28.733000+00:00
4207323304,Lawrence,Ellwood City Borough,Municipal Police Force,Ellwood City Boro,PA0370100,42:police_service:PA0370100,,,2024_provider_identity_reviewed,7032,https://services.arcgis.com/nx9zcV4VjX0IwxpW/arcgis/rest/services/Police_Jurisdictions/FeatureServer/0,2026-07-06T16:43:28.733000+00:00
4207323768,Lawrence,Enon Valley Borough,Police Service contracted from another municipality,Little Beaver Twp,PA0372100,42:police_service:PA0372100,,,2024_provider_identity_reviewed,301,https://services.arcgis.com/nx9zcV4VjX0IwxpW/arcgis/rest/services/Police_Jurisdictions/FeatureServer/0,2026-07-06T16:43:28.733000+00:00
4207334248,Lawrence,Hickory Township,State Police coverage only,State Police Coverage Only,PA0371900,42:police_service:PA0371900,,,2024_active_predecessor_before_psp,2320,https://services.arcgis.com/nx9zcV4VjX0IwxpW/arcgis/rest/services/Police_Jurisdictions/FeatureServer/0,2026-07-06T16:43:28.733000+00:00
4207343824,Lawrence,Little Beaver Township,Municipal Police Force,Little Beaver Twp,PA0372100,42:police_service:PA0372100,,,2024_provider_identity_reviewed,1224,https://services.arcgis.com/nx9zcV4VjX0IwxpW/arcgis/rest/services/Police_Jurisdictions/FeatureServer/0,2026-07-06T16:43:28.733000+00:00
4207346648,Lawrence,Mahoning Township,Municipal Police Force,Mahoning Twp,PA0372000,42:police_service:PA0372000,,,2024_provider_identity_reviewed,2708,https://services.arcgis.com/nx9zcV4VjX0IwxpW/arcgis/rest/services/Police_Jurisdictions/FeatureServer/0,2026-07-06T16:43:28.733000+00:00
4207353064,Lawrence,Neshannock Township,Municipal Police Force,Neshannock Twp,PA0370500,42:police_service:PA0370500,,,2024_provider_identity_reviewed,9843,https://services.arcgis.com/nx9zcV4VjX0IwxpW/arcgis/rest/services/Police_Jurisdictions/FeatureServer/0,2026-07-06T16:43:28.733000+00:00
4207353184,Lawrence,New Beaver Borough,Municipal Police Force,New Beaver Boro,PA0371800,42:police_service:PA0371800,,,2024_provider_identity_reviewed,1372,https://services.arcgis.com/nx9zcV4VjX0IwxpW/arcgis/rest/services/Police_Jurisdictions/FeatureServer/0,2026-07-06T16:43:28.733000+00:00
4207353368,Lawrence,New Castle City,Municipal Police Force,New Castle City,PA0370200,42:police_service:PA0370200,,,2024_provider_identity_reviewed,21926,https://services.arcgis.com/nx9zcV4VjX0IwxpW/arcgis/rest/services/Police_Jurisdictions/FeatureServer/0,2026-07-06T16:43:28.733000+00:00
4207354352,Lawrence,New Wilmington Borough,Municipal Police Force,New Wilmington Boro,PA0370600,42:police_service:PA0370600,,,2024_provider_identity_reviewed,2092,https://services.arcgis.com/nx9zcV4VjX0IwxpW/arcgis/rest/services/Police_Jurisdictions/FeatureServer/0,2026-07-06T16:43:28.733000+00:00
4207354768,Lawrence,North Beaver Township,Municipal Police Force,North Beaver Twp,PA0370700,42:police_service:PA0370700,,,2024_provider_identity_reviewed,3962,https://services.arcgis.com/nx9zcV4VjX0IwxpW/arcgis/rest/services/Police_Jurisdictions/FeatureServer/0,2026-07-06T16:43:28.733000+00:00
4207359488,Lawrence,Perry Township,State Police coverage only,State Police Coverage Only,PA037SP00,42:police_service:PA037SP00,,PAPSP6200,2024_fbi_covered_by,1853,https://services.arcgis.com/nx9zcV4VjX0IwxpW/arcgis/rest/services/Police_Jurisdictions/FeatureServer/0,2026-07-06T16:43:28.733000+00:00
4207361104,Lawrence,Plain Grove Township,State Police coverage only,State Police Coverage Only,PA037SP00,42:police_service:PA037SP00,,PAPSP6200,2024_provider_identity_reviewed,777,https://services.arcgis.com/nx9zcV4VjX0IwxpW/arcgis/rest/services/Police_Jurisdictions/FeatureServer/0,2026-07-06T16:43:28.733000+00:00
4207362904,Lawrence,Pulaski Township,Municipal Police Force,Pulaski Twp,PA0371400,42:police_service:PA0371400,,,2024_active_official_provider,3102,https://services.arcgis.com/nx9zcV4VjX0IwxpW/arcgis/rest/services/Police_Jurisdictions/FeatureServer/0,2026-07-06T16:43:28.733000+00:00
4207368408,Lawrence,Scott Township,State Police coverage only,State Police Coverage Only,PA037SP00,42:police_service:PA037SP00,,PAPSP6200,2024_provider_identity_reviewed,2176,https://services.arcgis.com/nx9zcV4VjX0IwxpW/arcgis/rest/services/Police_Jurisdictions/FeatureServer/0,2026-07-06T16:43:28.733000+00:00
4207370080,Lawrence,Shenango Township,Municipal Police Force,Shenango Twp,PA0370300,42:police_service:PA0370300,,,2024_active_official_provider,7133,https://services.arcgis.com/nx9zcV4VjX0IwxpW/arcgis/rest/services/Police_Jurisdictions/FeatureServer/0,2026-07-06T16:43:28.733000+00:00
4207371200,Lawrence,Slippery Rock Township,State Police coverage only,State Police Coverage Only,PA037SP00,42:police_service:PA037SP00,,PAPSP6200,2024_provider_identity_reviewed,2913,https://services.arcgis.com/nx9zcV4VjX0IwxpW/arcgis/rest/services/Police_Jurisdictions/FeatureServer/0,2026-07-06T16:43:28.733000+00:00
4207371620,Lawrence,S.N.P.J. Borough,Regional Police Service,Northwest Lawrence County Regional Police Department,PA0370700,42:police_service:PA0370700,,,2024_provider_identity_reviewed,18,https://services.arcgis.com/nx9zcV4VjX0IwxpW/arcgis/rest/services/Police_Jurisdictions/FeatureServer/0,2026-07-06T16:43:28.733000+00:00
4207372376,Lawrence,South New Castle Borough,Police Service contracted from another municipality,Shenango Twp,PA0370300,42:police_service:PA0370300,,,2024_fbi_covered_by,647,https://services.arcgis.com/nx9zcV4VjX0IwxpW/arcgis/rest/services/Police_Jurisdictions/FeatureServer/0,2026-07-06T16:43:28.733000+00:00
4207376192,Lawrence,Taylor Township,Police Service contracted from another municipality,New Castle City,PA0370200,42:police_service:PA0370200,,,2024_provider_identity_reviewed,989,https://services.arcgis.com/nx9zcV4VjX0IwxpW/arcgis/rest/services/Police_Jurisdictions/FeatureServer/0,2026-07-06T16:43:28.733000+00:00
4207378368,Lawrence,Union Township,Municipal Police Force,Union Twp,PA0370800,42:police_service:PA0370800,,,2024_active_official_provider,4996,https://services.arcgis.com/nx9zcV4VjX0IwxpW/arcgis/rest/services/Police_Jurisdictions/FeatureServer/0,2026-07-06T16:43:28.733000+00:00
4207380368,Lawrence,Volant Borough,State Police coverage only,State Police Coverage Only,PA037SP00,42:police_service:PA037SP00,,PAPSP6200,2024_provider_identity_reviewed,126,https://services.arcgis.com/nx9zcV4VjX0IwxpW/arcgis/rest/services/Police_Jurisdictions/FeatureServer/0,2026-07-06T16:43:28.733000+00:00
4207380880,Lawrence,Wampum Borough,Municipal Police Force,Wampum Boro,PA0371700,42:police_service:PA0371700,,,2024_provider_identity_reviewed,559,https://services.arcgis.com/nx9zcV4VjX0IwxpW/arcgis/rest/services/Police_Jurisdictions/FeatureServer/0,2026-07-06T16:43:28.733000+00:00
4207381272,Lawrence,Washington Township,State Police coverage only,State Police Coverage Only,PA037SP00,42:police_service:PA037SP00,,PAPSP6200,2024_provider_identity_reviewed,711,https://services.arcgis.com/nx9zcV4VjX0IwxpW/arcgis/rest/services/Police_Jurisdictions/FeatureServer/0,2026-07-06T16:43:28.733000+00:00
4207381776,Lawrence,Wayne Township,Municipal Police Force,Wayne Twp,PA0371000,42:police_service:PA0371000,,,2024_active_official_provider,2469,https://services.arcgis.com/nx9zcV4VjX0IwxpW/arcgis/rest/services/Police_Jurisdictions/FeatureServer/0,2026-07-06T16:43:28.733000+00:00
4207385504,Lawrence,Wilmington Township,State Police coverage only,State Police Coverage Only,PA037SP00,42:police_service:PA037SP00,,PAPSP6200,2024_provider_identity_reviewed,2663,https://services.arcgis.com/nx9zcV4VjX0IwxpW/arcgis/rest/services/Police_Jurisdictions/FeatureServer/0,2026-07-06T16:43:28.733000+00:00
4207502600,Lebanon,Annville Township,Regional Police Service,Western Lebanon County Regional,PA0383300,42:police_service:PA0383300,,,2024_provider_identity_reviewed,4759,https://services.arcgis.com/nx9zcV4VjX0IwxpW/arcgis/rest/services/Police_Jurisdictions/FeatureServer/0,2026-07-06T16:43:28.733000+00:00
4207506040,Lebanon,Bethel Township,State Police coverage only,State Police Coverage Only,PA038SP00,42:police_service:PA038SP00,,,2024_fbi_covered_by,5132,https://services.arcgis.com/nx9zcV4VjX0IwxpW/arcgis/rest/services/Police_Jurisdictions/FeatureServer/0,2026-07-06T16:43:28.733000+00:00
4207514160,Lebanon,Cleona Borough,Municipal Police Force,Cleona Boro,PA0381400,42:police_service:PA0381400,,,2024_fbi_covered_by,2013,https://services.arcgis.com/nx9zcV4VjX0IwxpW/arcgis/rest/services/Police_Jurisdictions/FeatureServer/0,2026-07-06T16:43:28.733000+00:00
4207516256,Lebanon,Cornwall Borough,Municipal Police Force,Cornwall Boro,PA0380900,42:police_service:PA0380900,,,2024_fbi_covered_by,4604,https://services.arcgis.com/nx9zcV4VjX0IwxpW/arcgis/rest/services/Police_Jurisdictions/FeatureServer/0,2026-07-06T16:43:28.733000+00:00
4207521224,Lebanon,East Hanover Township,State Police coverage only,State Police Coverage Only,PA038SP00,42:police_service:PA038SP00,,,2024_provider_identity_reviewed,2658,https://services.arcgis.com/nx9zcV4VjX0IwxpW/arcgis/rest/services/Police_Jurisdictions/FeatureServer/0,2026-07-06T16:43:28.733000+00:00
4207533608,Lebanon,Heidelberg Township,State Police coverage only,State Police Coverage Only,PA038SP00,42:police_service:PA038SP00,,,2024_fbi_covered_by,4095,https://services.arcgis.com/nx9zcV4VjX0IwxpW/arcgis/rest/services/Police_Jurisdictions/FeatureServer/0,2026-07-06T16:43:28.733000+00:00
4207537392,Lebanon,Jackson Township,State Police coverage only,State Police Coverage Only,PA038SP00,42:police_service:PA038SP00,,,2024_provider_identity_reviewed,9348,https://services.arcgis.com/nx9zcV4VjX0IwxpW/arcgis/rest/services/Police_Jurisdictions/FeatureServer/0,2026-07-06T16:43:28.733000+00:00
4207538400,Lebanon,Jonestown Borough,Police Service contracted from another municipality,Cleona Boro,PA0381400,42:police_service:PA0381400,,,2024_provider_identity_reviewed,1638,https://services.arcgis.com/nx9zcV4VjX0IwxpW/arcgis/rest/services/Police_Jurisdictions/FeatureServer/0,2026-07-06T16:43:28.733000+00:00
4207542168,Lebanon,Lebanon City,Municipal Police Force,Lebanon City,PA0380200,42:police_service:PA0380200,,,2024_provider_identity_reviewed,26814,https://services.arcgis.com/nx9zcV4VjX0IwxpW/arcgis/rest/services/Police_Jurisdictions/FeatureServer/0,2026-07-06T16:43:28.733000+00:00
4207549560,Lebanon,Millcreek Township,Municipal Police Force,Millcreek Twp,PA0382400,42:police_service:PA0382400,,,2024_active_official_provider,4368,https://services.arcgis.com/nx9zcV4VjX0IwxpW/arcgis/rest/services/Police_Jurisdictions/FeatureServer/0,2026-07-06T16:43:28.733000+00:00
4207551568,Lebanon,Mount Gretna Borough,Police Service contracted from another municipality,Cornwall Boro,PA0380900,42:police_service:PA0380900,,,2024_fbi_covered_by,193,https://services.arcgis.com/nx9zcV4VjX0IwxpW/arcgis/rest/services/Police_Jurisdictions/FeatureServer/0,2026-07-06T16:43:28.733000+00:00
4207552488,Lebanon,Myerstown Borough,State Police coverage only,State Police Coverage Only,PA038SP00,42:police_service:PA038SP00,,,2024_fbi_covered_by,3094,https://services.arcgis.com/nx9zcV4VjX0IwxpW/arcgis/rest/services/Police_Jurisdictions/FeatureServer/0,2026-07-06T16:43:28.733000+00:00
4207554720,Lebanon,North Annville Township,Police Service contracted from another municipality,Cleona Boro,PA0381400,42:police_service:PA0381400,,,2024_fbi_covered_by,2267,https://services.arcgis.com/nx9zcV4VjX0IwxpW/arcgis/rest/services/Police_Jurisdictions/FeatureServer/0,2026-07-06T16:43:28.733000+00:00
4207554928,Lebanon,North Cornwall Township,Regional Police Service,Lebanon County Regional Police Department,PA0381200,42:police_service:PA0381200,,,2024_pre_2025_regionalization,8489,https://services.arcgis.com/nx9zcV4VjX0IwxpW/arcgis/rest/services/Police_Jurisdictions/FeatureServer/0,2026-07-06T16:43:28.733000+00:00
4207555160,Lebanon,North Lebanon Township,Regional Police Service,Lebanon Co Regional Police,PA0381300,42:police_service:PA0381300,,,2024_pre_2025_regionalization,12041,https://services.arcgis.com/nx9zcV4VjX0IwxpW/arcgis/rest/services/Police_Jurisdictions/FeatureServer/0,2026-07-06T16:43:28.733000+00:00
4207555176,Lebanon,North Londonderry Township,Municipal Police Force,North Londonderry Twp,PA0381600,42:police_service:PA0381600,,,2024_provider_identity_reviewed,8911,https://services.arcgis.com/nx9zcV4VjX0IwxpW/arcgis/rest/services/Police_Jurisdictions/FeatureServer/0,2026-07-06T16:43:28.733000+00:00
4207557720,Lebanon,Palmyra Borough,Regional Police Service,Western Lebanon County Regional,PA0383300,42:police_service:PA0383300,,,2024_provider_identity_reviewed,7830,https://services.arcgis.com/nx9zcV4VjX0IwxpW/arcgis/rest/services/Police_Jurisdictions/FeatureServer/0,2026-07-06T16:43:28.733000+00:00
4207564560,Lebanon,Richland Borough,State Police coverage only,State Police Coverage Only,PA0382400,42:police_service:PA0382400,,,2024_fbi_covered_by,1496,https://services.arcgis.com/nx9zcV4VjX0IwxpW/arcgis/rest/services/Police_Jurisdictions/FeatureServer/0,2026-07-06T16:43:28.733000+00:00
4207571928,Lebanon,South Annville Township,Municipal Police Force,South Annville Twp,PA0381700,42:police_service:PA0381700,,,2024_active_official_provider,3438,https://services.arcgis.com/nx9zcV4VjX0IwxpW/arcgis/rest/services/Police_Jurisdictions/FeatureServer/0,2026-07-06T16:43:28.733000+00:00
4207572288,Lebanon,South Lebanon Township,Municipal Police Force,South Lebanon Twp,PA0380600,42:police_service:PA0380600,,,2024_provider_identity_reviewed,10416,https://services.arcgis.com/nx9zcV4VjX0IwxpW/arcgis/rest/services/Police_Jurisdictions/FeatureServer/0,2026-07-06T16:43:28.733000+00:00
4207572296,Lebanon,South Londonderry Township,Municipal Police Force,South Londonderry Twp,PA0382200,42:police_service:PA0382200,,,2024_provider_identity_reviewed,8776,https://services.arcgis.com/nx9zcV4VjX0IwxpW/arcgis/rest/services/Police_Jurisdictions/FeatureServer/0,2026-07-06T16:43:28.733000+00:00
4207575680,Lebanon,Swatara Township,Police Service contracted from another municipality,Cleona Boro,PA0381400,42:police_service:PA0381400,,,2024_provider_identity_reviewed,5061,https://services.arcgis.com/nx9zcV4VjX0IwxpW/arcgis/rest/services/Police_Jurisdictions/FeatureServer/0,2026-07-06T16:43:28.733000+00:00
4207578376,Lebanon,Union Township,Police Service contracted from another municipality,Cleona Boro,PA0381400,42:police_service:PA0381400,,,2024_provider_identity_reviewed,2932,https://services.arcgis.com/nx9zcV4VjX0IwxpW/arcgis/rest/services/Police_Jurisdictions/FeatureServer/0,2026-07-06T16:43:28.733000+00:00
4207582752,Lebanon,West Cornwall Township,Police Service contracted from another municipality,Cornwall Boro,PA0380900,42:police_service:PA0380900,,,2024_fbi_covered_by,1992,https://services.arcgis.com/nx9zcV4VjX0IwxpW/arcgis/rest/services/Police_Jurisdictions/FeatureServer/0,2026-07-06T16:43:28.733000+00:00
4207583312,Lebanon,West Lebanon Township,Regional Police Service,Lebanon County Regional Police,PA0382300,42:police_service:PA0382300,,,2024_pre_2025_regionalization,833,https://services.arcgis.com/nx9zcV4VjX0IwxpW/arcgis/rest/services/Police_Jurisdictions/FeatureServer/0,2026-07-06T16:43:28.733000+00:00
4207700660,Lehigh,Alburtis Borough,Municipal Police Force,Alburtis Boro,PA0391400,42:police_service:PA0391400,,,2024_provider_identity_reviewed,2596,https://services.arcgis.com/nx9zcV4VjX0IwxpW/arcgis/rest/services/Police_Jurisdictions/FeatureServer/0,2026-07-06T16:43:28.733000+00:00
4207702000,Lehigh,Allentown City,Municipal Police Force,Allentown City,PA0390100,42:police_service:PA0390100,,,2024_provider_identity_reviewed,125845,https://services.arcgis.com/nx9zcV4VjX0IwxpW/arcgis/rest/services/Police_Jurisdictions/FeatureServer/0,2026-07-06T16:43:28.733000+00:00
4207706088,Lehigh,Bethlehem City,Municipal Police Force,Bethlehem City,PA0480300,42:police_service:PA0480300,,,2024_provider_identity_reviewed,19772,https://services.arcgis.com/nx9zcV4VjX0IwxpW/arcgis/rest/services/Police_Jurisdictions/FeatureServer/0,2026-07-06T16:43:28.733000+00:00
4207711720,Lehigh,Catasauqua Borough,Municipal Police Force,Catasauqua Boro,PA0390200,42:police_service:PA0390200,,,2024_provider_identity_reviewed,6518,https://services.arcgis.com/nx9zcV4VjX0IwxpW/arcgis/rest/services/Police_Jurisdictions/FeatureServer/0,2026-07-06T16:43:28.733000+00:00
4207716056,Lehigh,Coopersburg Borough,Municipal Police Force,Coopersburg Boro,PA0390300,42:police_service:PA0390300,,,2024_provider_identity_reviewed,2447,https://services.arcgis.com/nx9zcV4VjX0IwxpW/arcgis/rest/services/Police_Jurisdictions/FeatureServer/0,2026-07-06T16:43:28.733000+00:00
4207716128,Lehigh,Coplay Borough,Municipal Police Force,Coplay Boro,PA0390900,42:police_service:PA0390900,,,2024_provider_identity_reviewed,3348,https://services.arcgis.com/nx9zcV4VjX0IwxpW/arcgis/rest/services/Police_Jurisdictions/FeatureServer/0,2026-07-06T16:43:28.733000+00:00
4207723584,Lehigh,Emmaus Borough,Municipal Police Force,Emmaus Boro,PA0390400,42:police_service:PA0390400,,,2024_provider_identity_reviewed,11652,https://services.arcgis.com/nx9zcV4VjX0IwxpW/arcgis/rest/services/Police_Jurisdictions/FeatureServer/0,2026-07-06T16:43:28.733000+00:00
4207727008,Lehigh,Fountain Hill Borough,Municipal Police Force,Fountain Hill Boro,PA0390500,42:police_service:PA0390500,,,2024_provider_identity_reviewed,4832,https://services.arcgis.com/nx9zcV4VjX0IwxpW/arcgis/rest/services/Police_Jurisdictions/FeatureServer/0,2026-07-06T16:43:28.733000+00:00
4207732400,Lehigh,Hanover Township,State Police coverage only,State Police Coverage Only,PA039SP00,42:police_service:PA039SP00,,,2024_provider_identity_reviewed,1689,https://services.arcgis.com/nx9zcV4VjX0IwxpW/arcgis/rest/services/Police_Jurisdictions/FeatureServer/0,2026-07-06T16:43:28.733000+00:00
4207733616,Lehigh,Heidelberg Township,State Police coverage only,State Police Coverage Only,PA039SP00,42:police_service:PA039SP00,,,2024_provider_identity_reviewed,3324,https://services.arcgis.com/nx9zcV4VjX0IwxpW/arcgis/rest/services/Police_Jurisdictions/FeatureServer/0,2026-07-06T16:43:28.733000+00:00
4207744952,Lehigh,Lower Macungie Township,State Police coverage only,State Police Coverage Only,PA039SP00,42:police_service:PA039SP00,,,2024_provider_identity_reviewed,32426,https://services.arcgis.com/nx9zcV4VjX0IwxpW/arcgis/rest/services/Police_Jurisdictions/FeatureServer/0,2026-07-06T16:43:28.733000+00:00
4207744992,Lehigh,Lower Milford Township,State Police coverage only,State Police Coverage Only,PA039SP00,42:police_service:PA039SP00,,,2024_fbi_covered_by,3861,https://services.arcgis.com/nx9zcV4VjX0IwxpW/arcgis/rest/services/Police_Jurisdictions/FeatureServer/0,2026-07-06T16:43:28.733000+00:00
4207745168,Lehigh,Lowhill Township,State Police coverage only,State Police Coverage Only,PA039SP00,42:police_service:PA039SP00,,,2024_provider_identity_reviewed,2292,https://services.arcgis.com/nx9zcV4VjX0IwxpW/arcgis/rest/services/Police_Jurisdictions/FeatureServer/0,2026-07-06T16:43:28.733000+00:00
4207745656,Lehigh,Lynn Township,State Police coverage only,State Police Coverage Only,PA039SP00,42:police_service:PA039SP00,,,2024_provider_identity_reviewed,4232,https://services.arcgis.com/nx9zcV4VjX0IwxpW/arcgis/rest/services/Police_Jurisdictions/FeatureServer/0,2026-07-06T16:43:28.733000+00:00
4207746392,Lehigh,Macungie Borough,Municipal Police Force,Macungie Boro,PA0391200,42:police_service:PA0391200,,,2024_provider_identity_reviewed,3257,https://services.arcgis.com/nx9zcV4VjX0IwxpW/arcgis/rest/services/Police_Jurisdictions/FeatureServer/0,2026-07-06T16:43:28.733000+00:00
4207755576,Lehigh,North Whitehall Township,State Police coverage only,State Police Coverage Only,PA039SP00,42:police_service:PA039SP00,,,2024_provider_identity_reviewed,15655,https://services.arcgis.com/nx9zcV4VjX0IwxpW/arcgis/rest/services/Police_Jurisdictions/FeatureServer/0,2026-07-06T16:43:28.733000+00:00
4207767576,Lehigh,Salisbury Township,Municipal Police Force,Salisbury Twp,PA0390600,42:police_service:PA0390600,,,2024_active_official_provider,13621,https://services.arcgis.com/nx9zcV4VjX0IwxpW/arcgis/rest/services/Police_Jurisdictions/FeatureServer/0,2026-07-06T16:43:28.733000+00:00
4207771144,Lehigh,Slatington Borough,Municipal Police Force,Slatington Boro,PA0390700,42:police_service:PA0390700,,,2024_provider_identity_reviewed,4283,https://services.arcgis.com/nx9zcV4VjX0IwxpW/arcgis/rest/services/Police_Jurisdictions/FeatureServer/0,2026-07-06T16:43:28.733000+00:00
4207772632,Lehigh,South Whitehall Township,Municipal Police Force,South Whitehall Twp,PA0391300,42:police_service:PA0391300,,,2024_active_official_provider,21080,https://services.arcgis.com/nx9zcV4VjX0IwxpW/arcgis/rest/services/Police_Jurisdictions/FeatureServer/0,2026-07-06T16:43:28.733000+00:00
4207779104,Lehigh,Upper Macungie Township,Municipal Police Force,Upper Macungie Twp,PA0392700,42:police_service:PA0392700,,,2024_active_official_provider,26377,https://services.arcgis.com/nx9zcV4VjX0IwxpW/arcgis/rest/services/Police_Jurisdictions/FeatureServer/0,2026-07-06T16:43:28.733000+00:00
4207779160,Lehigh,Upper Milford Township,State Police coverage only,State Police Coverage Only,PA039SP00,42:police_service:PA039SP00,,,2024_provider_identity_reviewed,7777,https://services.arcgis.com/nx9zcV4VjX0IwxpW/arcgis/rest/services/Police_Jurisdictions/FeatureServer/0,2026-07-06T16:43:28.733000+00:00
4207779288,Lehigh,Upper Saucon Township,Municipal Police Force,Upper Saucon Twp,PA0391100,42:police_service:PA0391100,,,2024_active_official_provider,16973,https://services.arcgis.com/nx9zcV4VjX0IwxpW/arcgis/rest/services/Police_Jurisdictions/FeatureServer/0,2026-07-06T16:43:28.733000+00:00
4207781280,Lehigh,Washington Township,State Police coverage only,State Police Coverage Only,PA039SP00,42:police_service:PA039SP00,,,2024_provider_identity_reviewed,6551,https://services.arcgis.com/nx9zcV4VjX0IwxpW/arcgis/rest/services/Police_Jurisdictions/FeatureServer/0,2026-07-06T16:43:28.733000+00:00
4207782064,Lehigh,Weisenberg Township,State Police coverage only,State Police Coverage Only,PA039SP00,42:police_service:PA039SP00,,,2024_provider_identity_reviewed,4976,https://services.arcgis.com/nx9zcV4VjX0IwxpW/arcgis/rest/services/Police_Jurisdictions/FeatureServer/0,2026-07-06T16:43:28.733000+00:00
4207784528,Lehigh,Whitehall Township,Municipal Police Force,Whitehall Twp,PA0390800,42:police_service:PA0390800,,,2024_active_official_provider,29173,https://services.arcgis.com/nx9zcV4VjX0IwxpW/arcgis/rest/services/Police_Jurisdictions/FeatureServer/0,2026-07-06T16:43:28.733000+00:00
4207903272,Luzerne,Ashley Borough,Municipal Police Force,Ashley Boro,PA0401500,42:police_service:PA0401500,,,2024_provider_identity_reviewed,2596,https://services.arcgis.com/nx9zcV4VjX0IwxpW/arcgis/rest/services/Police_Jurisdictions/FeatureServer/0,2026-07-06T16:43:28.733000+00:00
4207903640,Luzerne,Avoca Borough,Municipal Police Force,Avoca Boro,PA0401600,42:police_service:PA0401600,,,2024_provider_identity_reviewed,2507,https://services.arcgis.com/nx9zcV4VjX0IwxpW/arcgis/rest/services/Police_Jurisdictions/FeatureServer/0,2026-07-06T16:43:28.733000+00:00
4207904592,Luzerne,Bear Creek Township,State Police coverage only,State Police Coverage Only,PA040SP00,42:police_service:PA040SP00,,,2024_provider_identity_reviewed,2754,https://services.arcgis.com/nx9zcV4VjX0IwxpW/arcgis/rest/services/Police_Jurisdictions/FeatureServer/0,2026-07-06T16:43:28.733000+00:00
4207904599,Luzerne,Bear Creek Village Borough,State Police coverage only,State Police Coverage Only,PA040SP00,42:police_service:PA040SP00,,,2024_provider_identity_reviewed,291,https://services.arcgis.com/nx9zcV4VjX0IwxpW/arcgis/rest/services/Police_Jurisdictions/FeatureServer/0,2026-07-06T16:43:28.733000+00:00
4207906672,Luzerne,Black Creek Township,State Police coverage only,State Police Coverage Only,PA040SP00,42:police_service:PA040SP00,,,2024_provider_identity_reviewed,1909,https://services.arcgis.com/nx9zcV4VjX0IwxpW/arcgis/rest/services/Police_Jurisdictions/FeatureServer/0,2026-07-06T16:43:28.733000+00:00
4207909760,Luzerne,Buck Township,State Police coverage only,State Police Coverage Only,PA040SP00,42:police_service:PA040SP00,,,2024_provider_identity_reviewed,379,https://services.arcgis.com/nx9zcV4VjX0IwxpW/arcgis/rest/services/Police_Jurisdictions/FeatureServer/0,2026-07-06T16:43:28.733000+00:00
4207910480,Luzerne,Butler Township,Municipal Police Force,Butler Twp,PA0405600,42:police_service:PA0405600,,,2024_active_official_provider,9485,https://services.arcgis.com/nx9zcV4VjX0IwxpW/arcgis/rest/services/Police_Jurisdictions/FeatureServer/0,2026-07-06T16:43:28.733000+00:00
4207915888,Luzerne,Conyngham Borough,Municipal Police Force,Conyngham Boro,PA0402900,42:police_service:PA0402900,,,2024_provider_identity_reviewed,1825,https://services.arcgis.com/nx9zcV4VjX0IwxpW/arcgis/rest/services/Police_Jurisdictions/FeatureServer/0,2026-07-06T16:43:28.733000+00:00
4207915904,Luzerne,Conyngham Township,State Police coverage only,State Police Coverage Only,PA040SP00,42:police_service:PA040SP00,,,2024_fbi_covered_by,1312,https://services.arcgis.com/nx9zcV4VjX0IwxpW/arcgis/rest/services/Police_Jurisdictions/FeatureServer/0,2026-07-06T16:43:28.733000+00:00
4207916568,Luzerne,Courtdale Borough,Municipal Police Force,Courtdale Boro,PA0406100,42:police_service:PA0406100,,,2024_provider_identity_reviewed,689,https://services.arcgis.com/nx9zcV4VjX0IwxpW/arcgis/rest/services/Police_Jurisdictions/FeatureServer/0,2026-07-06T16:43:28.733000+00:00
4207918048,Luzerne,Dallas Borough,Municipal Police Force,Dallas Boro,PA0400100,42:police_service:PA0400100,,,2024_provider_identity_reviewed,2694,https://services.arcgis.com/nx9zcV4VjX0IwxpW/arcgis/rest/services/Police_Jurisdictions/FeatureServer/0,2026-07-06T16:43:28.733000+00:00
4207918056,Luzerne,Dallas Township,Municipal Police Force,Dallas Twp,PA0405000,42:police_service:PA0405000,,,2024_provider_identity_reviewed,9099,https://services.arcgis.com/nx9zcV4VjX0IwxpW/arcgis/rest/services/Police_Jurisdictions/FeatureServer/0,2026-07-06T16:43:28.733000+00:00
4207918868,Luzerne,Dennison Township,Police Service contracted from another municipality,White Haven Boro,PA0403800,42:police_service:PA0403800,,,2024_provider_identity_reviewed,963,https://services.arcgis.com/nx9zcV4VjX0IwxpW/arcgis/rest/services/Police_Jurisdictions/FeatureServer/0,2026-07-06T16:43:28.733000+00:00
4207919616,Luzerne,Dorrance Township,State Police coverage only,State Police Coverage Only,PA040SP00,42:police_service:PA040SP00,,,2024_provider_identity_reviewed,2076,https://services.arcgis.com/nx9zcV4VjX0IwxpW/arcgis/rest/services/Police_Jurisdictions/FeatureServer/0,2026-07-06T16:43:28.733000+00:00
4207920424,Luzerne,Dupont Borough,Municipal Police Force,Dupont Boro,PA0400200,42:police_service:PA0400200,,,2024_provider_identity_reviewed,2539,https://services.arcgis.com/nx9zcV4VjX0IwxpW/arcgis/rest/services/Police_Jurisdictions/FeatureServer/0,2026-07-06T16:43:28.733000+00:00
4207920512,Luzerne,Duryea Borough,Municipal Police Force,Duryea Boro,PA0400300,42:police_service:PA0400300,,,2024_provider_identity_reviewed,5036,https://services.arcgis.com/nx9zcV4VjX0IwxpW/arcgis/rest/services/Police_Jurisdictions/FeatureServer/0,2026-07-06T16:43:28.733000+00:00
4207922672,Luzerne,Edwardsville Borough,Regional Police Service,West Side Regional Police Dept.,PA0400400,42:police_service:PA0400400,,,2024_pre_2026_regionalization,4929,https://services.arcgis.com/nx9zcV4VjX0IwxpW/arcgis/rest/services/Police_Jurisdictions/FeatureServer/0,2026-07-06T16:43:28.733000+00:00
4207924392,Luzerne,Exeter Borough,Regional Police Service,Wyoming Area Regional Police,PA0408200,42:police_service:PA0408200,,,2024_fbi_covered_by,5514,https://services.arcgis.com/nx9zcV4VjX0IwxpW/arcgis/rest/services/Police_Jurisdictions/FeatureServer/0,2026-07-06T16:43:28.733000+00:00
4207924400,Luzerne,Exeter Township,Regional Police Service,Wyoming Area Regional Police,PA0408200,42:police_service:PA0408200,,,2024_fbi_covered_by,2051,https://services.arcgis.com/nx9zcV4VjX0IwxpW/arcgis/rest/services/Police_Jurisdictions/FeatureServer/0,2026-07-06T16:43:28.733000+00:00
4207924752,Luzerne,Fairmount Township,State Police coverage only,State Police Coverage Only,PA040SP00,42:police_service:PA040SP00,,,2024_provider_identity_reviewed,1210,https://services.arcgis.com/nx9zcV4VjX0IwxpW/arcgis/rest/services/Police_Jurisdictions/FeatureServer/0,2026-07-06T16:43:28.733000+00:00
4207924888,Luzerne,Fairview Township,Municipal Police Force,Fairview Twp,PA0403100,42:police_service:PA0403100,,,2024_active_official_provider,4703,https://services.arcgis.com/nx9zcV4VjX0IwxpW/arcgis/rest/services/Police_Jurisdictions/FeatureServer/0,2026-07-06T16:43:28.733000+00:00
4207926880,Luzerne,Forty Fort Borough,Municipal Police Force,Forty Fort Boro,PA0401800,42:police_service:PA0401800,,,2024_provider_identity_reviewed,4239,https://services.arcgis.com/nx9zcV4VjX0IwxpW/arcgis/rest/services/Police_Jurisdictions/FeatureServer/0,2026-07-06T16:43:28.733000+00:00
4207926928,Luzerne,Foster Township,Police Service contracted from another municipality,White Haven Boro,PA0403800,42:police_service:PA0403800,,,2024_provider_identity_reviewed,3408,https://services.arcgis.com/nx9zcV4VjX0IwxpW/arcgis/rest/services/Police_Jurisdictions/FeatureServer/0,2026-07-06T16:43:28.733000+00:00
4207927424,Luzerne,Franklin Township,State Police coverage only,State Police Coverage Only,PA040SP00,42:police_service:PA040SP00,,,2024_provider_identity_reviewed,1716,https://services.arcgis.com/nx9zcV4VjX0IwxpW/arcgis/rest/services/Police_Jurisdictions/FeatureServer/0,2026-07-06T16:43:28.733000+00:00
4207927744,Luzerne,Freeland Borough,Municipal Police Force,Freeland Boro,PA0400500,42:police_service:PA0400500,,,2024_provider_identity_reviewed,3833,https://services.arcgis.com/nx9zcV4VjX0IwxpW/arcgis/rest/services/Police_Jurisdictions/FeatureServer/0,2026-07-06T16:43:28.733000+00:00
4207932416,Luzerne,Hanover Township,Municipal Police Force,Hanover Twp,PA0400600,42:police_service:PA0400600,,,2024_active_official_provider,11445,https://services.arcgis.com/nx9zcV4VjX0IwxpW/arcgis/rest/services/Police_Jurisdictions/FeatureServer/0,2026-07-06T16:43:28.733000+00:00
4207933000,Luzerne,Harveys Lake Borough,Municipal Police Force,Harveys Lake Boro,PA0404000,42:police_service:PA0404000,,,2024_provider_identity_reviewed,2788,https://services.arcgis.com/nx9zcV4VjX0IwxpW/arcgis/rest/services/Police_Jurisdictions/FeatureServer/0,2026-07-06T16:43:28.733000+00:00
4207933376,Luzerne,Hazle Township,State Police coverage only,State Police Coverage Only,PA040SP00,42:police_service:PA040SP00,,,2024_provider_identity_reviewed,10160,https://services.arcgis.com/nx9zcV4VjX0IwxpW/arcgis/rest/services/Police_Jurisdictions/FeatureServer/0,2026-07-06T16:43:28.733000+00:00
4207933408,Luzerne,Hazleton City,Municipal Police Force,Hazleton City,PA0400700,42:police_service:PA0400700,,,2024_provider_identity_reviewed,29963,https://services.arcgis.com/nx9zcV4VjX0IwxpW/arcgis/rest/services/Police_Jurisdictions/FeatureServer/0,2026-07-06T16:43:28.733000+00:00
4207935192,Luzerne,Hollenback Township,State Police coverage only,State Police Coverage Only,PA040SP00,42:police_service:PA040SP00,,,2024_provider_identity_reviewed,1162,https://services.arcgis.com/nx9zcV4VjX0IwxpW/arcgis/rest/services/Police_Jurisdictions/FeatureServer/0,2026-07-06T16:43:28.733000+00:00
4207936152,Luzerne,Hughestown Borough,Municipal Police Force,Hughestown Boro,PA0406500,42:police_service:PA0406500,,,2024_provider_identity_reviewed,1329,https://services.arcgis.com/nx9zcV4VjX0IwxpW/arcgis/rest/services/Police_Jurisdictions/FeatureServer/0,2026-07-06T16:43:28.733000+00:00
4207936296,Luzerne,Hunlock Township,State Police coverage only,State Police Coverage Only,PA040SP00,42:police_service:PA040SP00,,,2024_provider_identity_reviewed,2223,https://services.arcgis.com/nx9zcV4VjX0IwxpW/arcgis/rest/services/Police_Jurisdictions/FeatureServer/0,2026-07-06T16:43:28.733000+00:00
4207936432,Luzerne,Huntington Township,State Police coverage only,State Police Coverage Only,PA040SP00,42:police_service:PA040SP00,,,2024_provider_identity_reviewed,2053,https://services.arcgis.com/nx9zcV4VjX0IwxpW/arcgis/rest/services/Police_Jurisdictions/FeatureServer/0,2026-07-06T16:43:28.733000+00:00
4207937400,Luzerne,Jackson Township,Municipal Police Force,Jackson Twp,PA0404100,42:police_service:PA0404100,,,2024_active_official_provider,4631,https://services.arcgis.com/nx9zcV4VjX0IwxpW/arcgis/rest/services/Police_Jurisdictions/FeatureServer/0,2026-07-06T16:43:28.733000+00:00
4207937792,Luzerne,Jeddo Borough,State Police coverage only,State Police Coverage Only,PA040SP00,42:police_service:PA040SP00,,,2024_provider_identity_reviewed,108,https://services.arcgis.com/nx9zcV4VjX0IwxpW/arcgis/rest/services/Police_Jurisdictions/FeatureServer/0,2026-07-06T16:43:28.733000+00:00
4207937984,Luzerne,Jenkins Township,Municipal Police Force,Jenkins Twp,PA0404500,42:police_service:PA0404500,,,2024_active_official_provider,4283,https://services.arcgis.com/nx9zcV4VjX0IwxpW/arcgis/rest/services/Police_Jurisdictions/FeatureServer/0,2026-07-06T16:43:28.733000+00:00
4207939784,Luzerne,Kingston Borough,Municipal Police Force,Kingston Boro,PA0400800,42:police_service:PA0400800,,,2024_fbi_covered_by,13349,https://services.arcgis.com/nx9zcV4VjX0IwxpW/arcgis/rest/services/Police_Jurisdictions/FeatureServer/0,2026-07-06T16:43:28.733000+00:00
4207939792,Luzerne,Kingston Township,Municipal Police Force,Kingston Twp,PA0405100,42:police_service:PA0405100,,,2024_provider_identity_reviewed,7108,https://services.arcgis.com/nx9zcV4VjX0IwxpW/arcgis/rest/services/Police_Jurisdictions/FeatureServer/0,2026-07-06T16:43:28.733000+00:00
4207940848,Luzerne,Laflin Borough,State Police coverage only,State Police Coverage Only,PA040SP00,42:police_service:PA040SP00,,,2024_fbi_covered_by,1451,https://services.arcgis.com/nx9zcV4VjX0IwxpW/arcgis/rest/services/Police_Jurisdictions/FeatureServer/0,2026-07-06T16:43:28.733000+00:00
4207940920,Luzerne,Lake Township,State Police coverage only,State Police Coverage Only,PA040SP00,42:police_service:PA040SP00,,,2024_fbi_covered_by,1993,https://services.arcgis.com/nx9zcV4VjX0IwxpW/arcgis/rest/services/Police_Jurisdictions/FeatureServer/0,2026-07-06T16:43:28.733000+00:00
4207941608,Luzerne,Larksville Borough,Regional Police Service,West Side Regional Police Dept.,PA0401900,42:police_service:PA0401900,,,2024_pre_2026_regionalization,4225,https://services.arcgis.com/nx9zcV4VjX0IwxpW/arcgis/rest/services/Police_Jurisdictions/FeatureServer/0,2026-07-06T16:43:28.733000+00:00
4207941848,Luzerne,Laurel Run Borough,State Police coverage only,State Police Coverage Only,PA040SP00,42:police_service:PA040SP00,,,2024_provider_identity_reviewed,558,https://services.arcgis.com/nx9zcV4VjX0IwxpW/arcgis/rest/services/Police_Jurisdictions/FeatureServer/0,2026-07-06T16:43:28.733000+00:00
4207942504,Luzerne,Lehman Township,Municipal Police Force,Lehman Twp,PA0403300,42:police_service:PA0403300,,,2024_active_official_provider,3346,https://services.arcgis.com/nx9zcV4VjX0IwxpW/arcgis/rest/services/Police_Jurisdictions/FeatureServer/0,2026-07-06T16:43:28.733000+00:00
4207945568,Luzerne,Luzerne Borough,Municipal Police Force,Luzerne Boro,PA0400900,42:police_service:PA0400900,,,2024_provider_identity_reviewed,2711,https://services.arcgis.com/nx9zcV4VjX0IwxpW/arcgis/rest/services/Police_Jurisdictions/FeatureServer/0,2026-07-06T16:43:28.733000+00:00
4207952584,Luzerne,Nanticoke City,Municipal Police Force,Nanticoke City,PA0401000,42:police_service:PA0401000,,,2024_provider_identity_reviewed,10628,https://services.arcgis.com/nx9zcV4VjX0IwxpW/arcgis/rest/services/Police_Jurisdictions/FeatureServer/0,2026-07-06T16:43:28.733000+00:00
4207952984,Luzerne,Nescopeck Borough,Municipal Police Force,Nescopeck Boro,PA0403400,42:police_service:PA0403400,,,2024_provider_identity_reviewed,1480,https://services.arcgis.com/nx9zcV4VjX0IwxpW/arcgis/rest/services/Police_Jurisdictions/FeatureServer/0,2026-07-06T16:43:28.733000+00:00
4207952992,Luzerne,Nescopeck Township,State Police coverage only,State Police Coverage Only,PA040SP00,42:police_service:PA040SP00,,,2024_provider_identity_reviewed,1081,https://services.arcgis.com/nx9zcV4VjX0IwxpW/arcgis/rest/services/Police_Jurisdictions/FeatureServer/0,2026-07-06T16:43:28.733000+00:00
4207953448,Luzerne,New Columbus Borough,State Police coverage only,State Police Coverage Only,PA040SP00,42:police_service:PA040SP00,,,2024_provider_identity_reviewed,222,https://services.arcgis.com/nx9zcV4VjX0IwxpW/arcgis/rest/services/Police_Jurisdictions/FeatureServer/0,2026-07-06T16:43:28.733000+00:00
4207953960,Luzerne,Newport Township,Municipal Police Force,Newport Twp,PA0402000,42:police_service:PA0402000,,,2024_provider_identity_reviewed,4433,https://services.arcgis.com/nx9zcV4VjX0IwxpW/arcgis/rest/services/Police_Jurisdictions/FeatureServer/0,2026-07-06T16:43:28.733000+00:00
4207955752,Luzerne,Nuangola Borough,Police Service contracted from another municipality,Rice Twp,PA0405700,42:police_service:PA0405700,,,2024_provider_identity_reviewed,666,https://services.arcgis.com/nx9zcV4VjX0IwxpW/arcgis/rest/services/Police_Jurisdictions/FeatureServer/0,2026-07-06T16:43:28.733000+00:00
4207959054,Luzerne,Penn Lake Park Borough,State Police coverage only,State Police Coverage Only,PA040SP00,42:police_service:PA040SP00,,,2024_provider_identity_reviewed,360,https://services.arcgis.com/nx9zcV4VjX0IwxpW/arcgis/rest/services/Police_Jurisdictions/FeatureServer/0,2026-07-06T16:43:28.733000+00:00
4207961048,Luzerne,Pittston City,Municipal Police Force,Pittston City,PA0401100,42:police_service:PA0401100,,,2024_provider_identity_reviewed,7591,https://services.arcgis.com/nx9zcV4VjX0IwxpW/arcgis/rest/services/Police_Jurisdictions/FeatureServer/0,2026-07-06T16:43:28.733000+00:00
4207961056,Luzerne,Pittston Township,Municipal Police Force,Pittston Twp,PA0404900,42:police_service:PA0404900,,,2024_active_official_provider,3186,https://services.arcgis.com/nx9zcV4VjX0IwxpW/arcgis/rest/services/Police_Jurisdictions/FeatureServer/0,2026-07-06T16:43:28.733000+00:00
4207961120,Luzerne,Plains Township,Municipal Police Force,Plains Twp,PA0402100,42:police_service:PA0402100,,,2024_active_official_provider,9808,https://services.arcgis.com/nx9zcV4VjX0IwxpW/arcgis/rest/services/Police_Jurisdictions/FeatureServer/0,2026-07-06T16:43:28.733000+00:00
4207961648,Luzerne,Plymouth Borough,Municipal Police Force,Plymouth Boro,PA0401200,42:police_service:PA0401200,,,2024_provider_identity_reviewed,5763,https://services.arcgis.com/nx9zcV4VjX0IwxpW/arcgis/rest/services/Police_Jurisdictions/FeatureServer/0,2026-07-06T16:43:28.733000+00:00
4207961656,Luzerne,Plymouth Township,State Police coverage only,State Police Coverage Only,PA040SP00,42:police_service:PA040SP00,,,2024_fbi_covered_by,1717,https://services.arcgis.com/nx9zcV4VjX0IwxpW/arcgis/rest/services/Police_Jurisdictions/FeatureServer/0,2026-07-06T16:43:28.733000+00:00
4207962712,Luzerne,Pringle Borough,Police Service contracted from another municipality,Kingston Boro,PA0400800,42:police_service:PA0400800,,,2024_fbi_covered_by,893,https://services.arcgis.com/nx9zcV4VjX0IwxpW/arcgis/rest/services/Police_Jurisdictions/FeatureServer/0,2026-07-06T16:43:28.733000+00:00
4207964424,Luzerne,Rice Township,Municipal Police Force,Rice Twp,PA0405700,42:police_service:PA0405700,,,2024_active_official_provider,3632,https://services.arcgis.com/nx9zcV4VjX0IwxpW/arcgis/rest/services/Police_Jurisdictions/FeatureServer/0,2026-07-06T16:43:28.733000+00:00
4207966272,Luzerne,Ross Township,State Police coverage only,State Police Coverage Only,PA040SP00,42:police_service:PA040SP00,,,2024_provider_identity_reviewed,2726,https://services.arcgis.com/nx9zcV4VjX0IwxpW/arcgis/rest/services/Police_Jurisdictions/FeatureServer/0,2026-07-06T16:43:28.733000+00:00
4207967456,Luzerne,Salem Township,Municipal Police Force,Salem Twp,PA0404700,42:police_service:PA0404700,,,2024_active_official_provider,4027,https://services.arcgis.com/nx9zcV4VjX0IwxpW/arcgis/rest/services/Police_Jurisdictions/FeatureServer/0,2026-07-06T16:43:28.733000+00:00
4207970224,Luzerne,Shickshinny Borough,State Police coverage only,State Police Coverage Only,PA040SP00,42:police_service:PA040SP00,,,2024_fbi_covered_by,632,https://services.arcgis.com/nx9zcV4VjX0IwxpW/arcgis/rest/services/Police_Jurisdictions/FeatureServer/0,2026-07-06T16:43:28.733000+00:00
4207971216,Luzerne,Slocum Township,State Police coverage only,State Police Coverage Only,PA040SP00,42:police_service:PA040SP00,,,2024_provider_identity_reviewed,1054,https://services.arcgis.com/nx9zcV4VjX0IwxpW/arcgis/rest/services/Police_Jurisdictions/FeatureServer/0,2026-07-06T16:43:28.733000+00:00
4207975064,Luzerne,Sugarloaf Township,Municipal Police Force,Sugarloaf Twp,PA0406000,42:police_service:PA0406000,,,2024_active_official_provider,3846,https://services.arcgis.com/nx9zcV4VjX0IwxpW/arcgis/rest/services/Police_Jurisdictions/FeatureServer/0,2026-07-06T16:43:28.733000+00:00
4207975072,Luzerne,Sugar Notch Borough,Municipal Police Force,Sugar Notch Boro,PA0402200,42:police_service:PA0402200,,,2024_provider_identity_reviewed,1001,https://services.arcgis.com/nx9zcV4VjX0IwxpW/arcgis/rest/services/Police_Jurisdictions/FeatureServer/0,2026-07-06T16:43:28.733000+00:00
4207975832,Luzerne,Swoyersville Borough,Municipal Police Force,Swoyersville Boro,PA0402300,42:police_service:PA0402300,,,2024_provider_identity_reviewed,5021,https://services.arcgis.com/nx9zcV4VjX0IwxpW/arcgis/rest/services/Police_Jurisdictions/FeatureServer/0,2026-07-06T16:43:28.733000+00:00
4207978384,Luzerne,Union Township,State Police coverage only,State Police Coverage Only,PA040SP00,42:police_service:PA040SP00,,,2024_provider_identity_reviewed,2035,https://services.arcgis.com/nx9zcV4VjX0IwxpW/arcgis/rest/services/Police_Jurisdictions/FeatureServer/0,2026-07-06T16:43:28.733000+00:00
4207981080,Luzerne,Warrior Run Borough,Police Service contracted from another municipality,Hanover Twp,PA0400600,42:police_service:PA0400600,,,2024_provider_identity_reviewed,527,https://services.arcgis.com/nx9zcV4VjX0IwxpW/arcgis/rest/services/Police_Jurisdictions/FeatureServer/0,2026-07-06T16:43:28.733000+00:00
4207983136,Luzerne,West Hazleton Borough,Municipal Police Force,West Hazleton Boro,PA0402400,42:police_service:PA0402400,,,2024_provider_identity_reviewed,5163,https://services.arcgis.com/nx9zcV4VjX0IwxpW/arcgis/rest/services/Police_Jurisdictions/FeatureServer/0,2026-07-06T16:43:28.733000+00:00
4207983856,Luzerne,West Pittston Borough,Regional Police Service,Wyoming Area Regional Police,PA0408200,42:police_service:PA0408200,,,2024_fbi_covered_by,4652,https://services.arcgis.com/nx9zcV4VjX0IwxpW/arcgis/rest/services/Police_Jurisdictions/FeatureServer/0,2026-07-06T16:43:28.733000+00:00
4207984272,Luzerne,West Wyoming Borough,Regional Police Service,Wyoming Area Regional Police,PA0408200,42:police_service:PA0408200,,,2024_fbi_covered_by,2638,https://services.arcgis.com/nx9zcV4VjX0IwxpW/arcgis/rest/services/Police_Jurisdictions/FeatureServer/0,2026-07-06T16:43:28.733000+00:00
4207984552,Luzerne,White Haven Borough,Municipal Police Force,White Haven Boro,PA0403800,42:police_service:PA0403800,,,2024_provider_identity_reviewed,1166,https://services.arcgis.com/nx9zcV4VjX0IwxpW/arcgis/rest/services/Police_Jurisdictions/FeatureServer/0,2026-07-06T16:43:28.733000+00:00
4207985152,Luzerne,Wilkes-Barre City,Municipal Police Force,Wilkes Barre City,PA0401300,42:police_service:PA0401300,,,2024_provider_identity_reviewed,44328,https://services.arcgis.com/nx9zcV4VjX0IwxpW/arcgis/rest/services/Police_Jurisdictions/FeatureServer/0,2026-07-06T16:43:28.733000+00:00
4207985160,Luzerne,Wilkes-Barre Township,Municipal Police Force,Wilkes Barre Twp,PA0402700,42:police_service:PA0402700,,,2024_active_official_provider,3213,https://services.arcgis.com/nx9zcV4VjX0IwxpW/arcgis/rest/services/Police_Jurisdictions/FeatureServer/0,2026-07-06T16:43:28.733000+00:00
4207986584,Luzerne,Wright Township,Municipal Police Force,Wright Twp,PA0403900,42:police_service:PA0403900,,,2024_active_official_provider,5722,https://services.arcgis.com/nx9zcV4VjX0IwxpW/arcgis/rest/services/Police_Jurisdictions/FeatureServer/0,2026-07-06T16:43:28.733000+00:00
4207986856,Luzerne,Wyoming Borough,Regional Police Service,Wyoming Area Regional Police,PA0408200,42:police_service:PA0408200,,,2024_fbi_covered_by,3102,https://services.arcgis.com/nx9zcV4VjX0IwxpW/arcgis/rest/services/Police_Jurisdictions/FeatureServer/0,2026-07-06T16:43:28.733000+00:00
4207986952,Luzerne,Yatesville Borough,Police Service contracted from another municipality,Jenkins Twp,PA0404500,42:police_service:PA0404500,,,2024_provider_identity_reviewed,638,https://services.arcgis.com/nx9zcV4VjX0IwxpW/arcgis/rest/services/Police_Jurisdictions/FeatureServer/0,2026-07-06T16:43:28.733000+00:00
4208102656,Lycoming,Anthony Township,State Police coverage only,State Police Coverage Only,PA041SP00,42:police_service:PA041SP00,,,2024_provider_identity_reviewed,867,https://services.arcgis.com/nx9zcV4VjX0IwxpW/arcgis/rest/services/Police_Jurisdictions/FeatureServer/0,2026-07-06T16:43:28.733000+00:00
4208103072,Lycoming,Armstrong Township,State Police coverage only,State Police Coverage Only,PA041SP00,42:police_service:PA041SP00,,,2024_provider_identity_reviewed,686,https://services.arcgis.com/nx9zcV4VjX0IwxpW/arcgis/rest/services/Police_Jurisdictions/FeatureServer/0,2026-07-06T16:43:28.733000+00:00
4208104424,Lycoming,Bastress Township,State Police coverage only,State Police Coverage Only,PA041SP00,42:police_service:PA041SP00,,,2024_provider_identity_reviewed,527,https://services.arcgis.com/nx9zcV4VjX0IwxpW/arcgis/rest/services/Police_Jurisdictions/FeatureServer/0,2026-07-06T16:43:28.733000+00:00
4208108136,Lycoming,Brady Township,Police Service contracted from another municipality,Muncy Boro,PA0410300,42:police_service:PA0410300,,,2024_provider_identity_reviewed,501,https://services.arcgis.com/nx9zcV4VjX0IwxpW/arcgis/rest/services/Police_Jurisdictions/FeatureServer/0,2026-07-06T16:43:28.733000+00:00
4208109280,Lycoming,Brown Township,State Police coverage only,State Police Coverage Only,PA041SP00,42:police_service:PA041SP00,,,2024_provider_identity_reviewed,93,https://services.arcgis.com/nx9zcV4VjX0IwxpW/arcgis/rest/services/Police_Jurisdictions/FeatureServer/0,2026-07-06T16:43:28.733000+00:00
4208111560,Lycoming,Cascade Township,State Police coverage only,State Police Coverage Only,PA041SP00,42:police_service:PA041SP00,,,2024_provider_identity_reviewed,422,https://services.arcgis.com/nx9zcV4VjX0IwxpW/arcgis/rest/services/Police_Jurisdictions/FeatureServer/0,2026-07-06T16:43:28.733000+00:00
4208114336,Lycoming,Clinton Township,State Police coverage only,State Police Coverage Only,PA041SP00,42:police_service:PA041SP00,,,2024_fbi_covered_by,3720,https://services.arcgis.com/nx9zcV4VjX0IwxpW/arcgis/rest/services/Police_Jurisdictions/FeatureServer/0,2026-07-06T16:43:28.733000+00:00
4208114872,Lycoming,Cogan House Township,State Police coverage only,State Police Coverage Only,PA041SP00,42:police_service:PA041SP00,,,2024_provider_identity_reviewed,935,https://services.arcgis.com/nx9zcV4VjX0IwxpW/arcgis/rest/services/Police_Jurisdictions/FeatureServer/0,2026-07-06T16:43:28.733000+00:00
4208117696,Lycoming,Cummings Township,Regional Police Service,Lycoming Regional Police Department,PA0412800,42:police_service:PA0412800,,,2024_provider_identity_reviewed,265,https://services.arcgis.com/nx9zcV4VjX0IwxpW/arcgis/rest/services/Police_Jurisdictions/FeatureServer/0,2026-07-06T16:43:28.733000+00:00
4208120144,Lycoming,Duboistown Borough,Police Service contracted from another municipality,South Williamsport Boro,PA0410400,42:police_service:PA0410400,,,2024_fbi_covered_by,1200,https://services.arcgis.com/nx9zcV4VjX0IwxpW/arcgis/rest/services/Police_Jurisdictions/FeatureServer/0,2026-07-06T16:43:28.733000+00:00
4208122880,Lycoming,Eldred Township,State Police coverage only,State Police Coverage Only,PA041SP00,42:police_service:PA041SP00,,,2024_provider_identity_reviewed,1997,https://services.arcgis.com/nx9zcV4VjX0IwxpW/arcgis/rest/services/Police_Jurisdictions/FeatureServer/0,2026-07-06T16:43:28.733000+00:00
4208124592,Lycoming,Fairfield Township,State Police coverage only,State Police Coverage Only,PA041SP00,42:police_service:PA041SP00,,,2024_provider_identity_reviewed,2834,https://services.arcgis.com/nx9zcV4VjX0IwxpW/arcgis/rest/services/Police_Jurisdictions/FeatureServer/0,2026-07-06T16:43:28.733000+00:00
4208127432,Lycoming,Franklin Township,State Police coverage only,State Police Coverage Only,PA041SP00,42:police_service:PA041SP00,,,2024_provider_identity_reviewed,903,https://services.arcgis.com/nx9zcV4VjX0IwxpW/arcgis/rest/services/Police_Jurisdictions/FeatureServer/0,2026-07-06T16:43:28.733000+00:00
4208128352,Lycoming,Gamble Township,State Police coverage only,State Police Coverage Only,PA041SP00,42:police_service:PA041SP00,,,2024_provider_identity_reviewed,778,https://services.arcgis.com/nx9zcV4VjX0IwxpW/arcgis/rest/services/Police_Jurisdictions/FeatureServer/0,2026-07-06T16:43:28.733000+00:00
4208133944,Lycoming,Hepburn Township,Regional Police Service,Lycoming Regional Police,PA0412800,42:police_service:PA0412800,,,2024_provider_identity_reviewed,2578,https://services.arcgis.com/nx9zcV4VjX0IwxpW/arcgis/rest/services/Police_Jurisdictions/FeatureServer/0,2026-07-06T16:43:28.733000+00:00
4208136160,Lycoming,Hughesville Borough,Municipal Police Force,Hughesville Boro,PA0410800,42:police_service:PA0410800,,,2024_provider_identity_reviewed,2154,https://services.arcgis.com/nx9zcV4VjX0IwxpW/arcgis/rest/services/Police_Jurisdictions/FeatureServer/0,2026-07-06T16:43:28.733000+00:00
4208137408,Lycoming,Jackson Township,State Police coverage only,State Police Coverage Only,PA041SP00,42:police_service:PA041SP00,,,2024_provider_identity_reviewed,396,https://services.arcgis.com/nx9zcV4VjX0IwxpW/arcgis/rest/services/Police_Jurisdictions/FeatureServer/0,2026-07-06T16:43:28.733000+00:00
4208138128,Lycoming,Jersey Shore Borough,Regional Police Service,Lycoming Regional Police Department,PA0412800,42:police_service:PA0412800,,,2024_provider_identity_reviewed,4166,https://services.arcgis.com/nx9zcV4VjX0IwxpW/arcgis/rest/services/Police_Jurisdictions/FeatureServer/0,2026-07-06T16:43:28.733000+00:00
4208138448,Lycoming,Jordan Township,State Police coverage only,State Police Coverage Only,PA041SP00,42:police_service:PA041SP00,,,2024_provider_identity_reviewed,850,https://services.arcgis.com/nx9zcV4VjX0IwxpW/arcgis/rest/services/Police_Jurisdictions/FeatureServer/0,2026-07-06T16:43:28.733000+00:00
4208142944,Lycoming,Lewis Township,State Police coverage only,State Police Coverage Only,PA041SP00,42:police_service:PA041SP00,,,2024_provider_identity_reviewed,862,https://services.arcgis.com/nx9zcV4VjX0IwxpW/arcgis/rest/services/Police_Jurisdictions/FeatureServer/0,2026-07-06T16:43:28.733000+00:00
4208143352,Lycoming,Limestone Township,State Police coverage only,State Police Coverage Only,PA041SP00,42:police_service:PA041SP00,,,2024_provider_identity_reviewed,1966,https://services.arcgis.com/nx9zcV4VjX0IwxpW/arcgis/rest/services/Police_Jurisdictions/FeatureServer/0,2026-07-06T16:43:28.733000+00:00
4208145224,Lycoming,Loyalsock Township,State Police coverage only,State Police Coverage Only,PA041SP00,42:police_service:PA041SP00,,,2024_provider_identity_reviewed,11561,https://services.arcgis.com/nx9zcV4VjX0IwxpW/arcgis/rest/services/Police_Jurisdictions/FeatureServer/0,2026-07-06T16:43:28.733000+00:00
4208145584,Lycoming,Lycoming Township,Regional Police Service,Lycoming Regional Police Department,PA0412800,42:police_service:PA0412800,,,2024_provider_identity_reviewed,1491,https://services.arcgis.com/nx9zcV4VjX0IwxpW/arcgis/rest/services/Police_Jurisdictions/FeatureServer/0,2026-07-06T16:43:28.733000+00:00
4208146184,Lycoming,McHenry Township,State Police coverage only,State Police Coverage Only,PA041SP00,42:police_service:PA041SP00,,,2024_provider_identity_reviewed,122,https://services.arcgis.com/nx9zcV4VjX0IwxpW/arcgis/rest/services/Police_Jurisdictions/FeatureServer/0,2026-07-06T16:43:28.733000+00:00
4208146208,Lycoming,McIntyre Township,State Police coverage only,State Police Coverage Only,PA041SP00,42:police_service:PA041SP00,,,2024_provider_identity_reviewed,461,https://services.arcgis.com/nx9zcV4VjX0IwxpW/arcgis/rest/services/Police_Jurisdictions/FeatureServer/0,2026-07-06T16:43:28.733000+00:00
4208146352,Lycoming,McNett Township,State Police coverage only,State Police Coverage Only,PA041SP00,42:police_service:PA041SP00,,,2024_provider_identity_reviewed,143,https://services.arcgis.com/nx9zcV4VjX0IwxpW/arcgis/rest/services/Police_Jurisdictions/FeatureServer/0,2026-07-06T16:43:28.733000+00:00
4208149280,Lycoming,Mifflin Township,State Police coverage only,State Police Coverage Only,PA041SP00,42:police_service:PA041SP00,,,2024_provider_identity_reviewed,1089,https://services.arcgis.com/nx9zcV4VjX0IwxpW/arcgis/rest/services/Police_Jurisdictions/FeatureServer/0,2026-07-06T16:43:28.733000+00:00
4208149568,Lycoming,Mill Creek Township,State Police coverage only,State Police Coverage Only,PA041SP00,42:police_service:PA041SP00,,,2024_provider_identity_reviewed,582,https://services.arcgis.com/nx9zcV4VjX0IwxpW/arcgis/rest/services/Police_Jurisdictions/FeatureServer/0,2026-07-06T16:43:28.733000+00:00
4208150632,Lycoming,Montgomery Borough,State Police coverage only,State Police Coverage Only,PA041SP00,42:police_service:PA041SP00,,,2024_provider_identity_reviewed,1568,https://services.arcgis.com/nx9zcV4VjX0IwxpW/arcgis/rest/services/Police_Jurisdictions/FeatureServer/0,2026-07-06T16:43:28.733000+00:00
4208150720,Lycoming,Montoursville Borough,Municipal Police Force,Montoursville Boro,PA0410200,42:police_service:PA0410200,,,2024_provider_identity_reviewed,4750,https://services.arcgis.com/nx9zcV4VjX0IwxpW/arcgis/rest/services/Police_Jurisdictions/FeatureServer/0,2026-07-06T16:43:28.733000+00:00
4208150936,Lycoming,Moreland Township,State Police coverage only,State Police Coverage Only,PA041SP00,42:police_service:PA041SP00,,,2024_provider_identity_reviewed,1015,https://services.arcgis.com/nx9zcV4VjX0IwxpW/arcgis/rest/services/Police_Jurisdictions/FeatureServer/0,2026-07-06T16:43:28.733000+00:00
4208152264,Lycoming,Muncy Borough,Municipal Police Force,Muncy Boro,PA0410300,42:police_service:PA0410300,,,2024_provider_identity_reviewed,2440,https://services.arcgis.com/nx9zcV4VjX0IwxpW/arcgis/rest/services/Police_Jurisdictions/FeatureServer/0,2026-07-06T16:43:28.733000+00:00
4208152280,Lycoming,Muncy Township,Municipal Police Force,Muncy Twp,PA0411700,42:police_service:PA0411700,,,2024_active_official_provider,1178,https://services.arcgis.com/nx9zcV4VjX0IwxpW/arcgis/rest/services/Police_Jurisdictions/FeatureServer/0,2026-07-06T16:43:28.733000+00:00
4208152288,Lycoming,Muncy Creek Township,State Police coverage only,State Police Coverage Only,PA041SP00,42:police_service:PA041SP00,,,2024_provider_identity_reviewed,3573,https://services.arcgis.com/nx9zcV4VjX0IwxpW/arcgis/rest/services/Police_Jurisdictions/FeatureServer/0,2026-07-06T16:43:28.733000+00:00
4208154504,Lycoming,Nippenose Township,State Police coverage only,State Police Coverage Only,PA041SP00,42:police_service:PA041SP00,,,2024_provider_identity_reviewed,661,https://services.arcgis.com/nx9zcV4VjX0IwxpW/arcgis/rest/services/Police_Jurisdictions/FeatureServer/0,2026-07-06T16:43:28.733000+00:00
4208156608,Lycoming,Old Lycoming Township,Regional Police Service,Lycoming Regional Police Department,PA0412800,42:police_service:PA0412800,,,2024_provider_identity_reviewed,4975,https://services.arcgis.com/nx9zcV4VjX0IwxpW/arcgis/rest/services/Police_Jurisdictions/FeatureServer/0,2026-07-06T16:43:28.733000+00:00
4208158848,Lycoming,Penn Township,State Police coverage only,State Police Coverage Only,PA041SP00,42:police_service:PA041SP00,,,2024_provider_identity_reviewed,895,https://services.arcgis.com/nx9zcV4VjX0IwxpW/arcgis/rest/services/Police_Jurisdictions/FeatureServer/0,2026-07-06T16:43:28.733000+00:00
4208160128,Lycoming,Piatt Township,State Police coverage only,State Police Coverage Only,PA041SP00,42:police_service:PA041SP00,,,2024_provider_identity_reviewed,1047,https://services.arcgis.com/nx9zcV4VjX0IwxpW/arcgis/rest/services/Police_Jurisdictions/FeatureServer/0,2026-07-06T16:43:28.733000+00:00
4208160136,Lycoming,Picture Rocks Borough,State Police coverage only,State Police Coverage Only,PA041SP00,42:police_service:PA041SP00,,,2024_provider_identity_reviewed,643,https://services.arcgis.com/nx9zcV4VjX0IwxpW/arcgis/rest/services/Police_Jurisdictions/FeatureServer/0,2026-07-06T16:43:28.733000+00:00
4208160328,Lycoming,Pine Township,State Police coverage only,State Police Coverage Only,PA041SP00,42:police_service:PA041SP00,,,2024_provider_identity_reviewed,258,https://services.arcgis.com/nx9zcV4VjX0IwxpW/arcgis/rest/services/Police_Jurisdictions/FeatureServer/0,2026-07-06T16:43:28.733000+00:00
4208161640,Lycoming,Plunketts Creek Township,State Police coverage only,State Police Coverage Only,PA041SP00,42:police_service:PA041SP00,,,2024_provider_identity_reviewed,597,https://services.arcgis.com/nx9zcV4VjX0IwxpW/arcgis/rest/services/Police_Jurisdictions/FeatureServer/0,2026-07-06T16:43:28.733000+00:00
4208162184,Lycoming,Porter Township,Regional Police Service,Lycoming Regional Police Department,PA0412800,42:police_service:PA0412800,,,2024_fbi_covered_by,1528,https://services.arcgis.com/nx9zcV4VjX0IwxpW/arcgis/rest/services/Police_Jurisdictions/FeatureServer/0,2026-07-06T16:43:28.733000+00:00
4208167616,Lycoming,Salladasburg Borough,State Police coverage only,State Police Coverage Only,PA041SP00,42:police_service:PA041SP00,,,2024_provider_identity_reviewed,250,https://services.arcgis.com/nx9zcV4VjX0IwxpW/arcgis/rest/services/Police_Jurisdictions/FeatureServer/0,2026-07-06T16:43:28.733000+00:00
4208170552,Lycoming,Shrewsbury Township,State Police coverage only,State Police Coverage Only,PA041SP00,42:police_service:PA041SP00,,,2024_provider_identity_reviewed,418,https://services.arcgis.com/nx9zcV4VjX0IwxpW/arcgis/rest/services/Police_Jurisdictions/FeatureServer/0,2026-07-06T16:43:28.733000+00:00
4208172648,Lycoming,South Williamsport Borough,Municipal Police Force,South Williamsport Boro,PA0410400,42:police_service:PA0410400,,,2024_fbi_covered_by,6261,https://services.arcgis.com/nx9zcV4VjX0IwxpW/arcgis/rest/services/Police_Jurisdictions/FeatureServer/0,2026-07-06T16:43:28.733000+00:00
4208175544,Lycoming,Susquehanna Township,State Police coverage only,State Police Coverage Only,PA041SP00,42:police_service:PA041SP00,,,2024_provider_identity_reviewed,968,https://services.arcgis.com/nx9zcV4VjX0IwxpW/arcgis/rest/services/Police_Jurisdictions/FeatureServer/0,2026-07-06T16:43:28.733000+00:00
4208179024,Lycoming,Upper Fairfield Township,State Police coverage only,State Police Coverage Only,PA041SP00,42:police_service:PA041SP00,,,2024_provider_identity_reviewed,1807,https://services.arcgis.com/nx9zcV4VjX0IwxpW/arcgis/rest/services/Police_Jurisdictions/FeatureServer/0,2026-07-06T16:43:28.733000+00:00
4208181288,Lycoming,Washington Township,State Police coverage only,State Police Coverage Only,PA041SP00,42:police_service:PA041SP00,,,2024_provider_identity_reviewed,1768,https://services.arcgis.com/nx9zcV4VjX0IwxpW/arcgis/rest/services/Police_Jurisdictions/FeatureServer/0,2026-07-06T16:43:28.733000+00:00
4208181576,Lycoming,Watson Township,State Police coverage only,State Police Coverage Only,PA041SP00,42:police_service:PA041SP00,,,2024_provider_identity_reviewed,534,https://services.arcgis.com/nx9zcV4VjX0IwxpW/arcgis/rest/services/Police_Jurisdictions/FeatureServer/0,2026-07-06T16:43:28.733000+00:00
4208185312,Lycoming,Williamsport City,Municipal Police Force,Williamsport City,PA0410500,42:police_service:PA0410500,,,2024_provider_identity_reviewed,27754,https://services.arcgis.com/nx9zcV4VjX0IwxpW/arcgis/rest/services/Police_Jurisdictions/FeatureServer/0,2026-07-06T16:43:28.733000+00:00
4208185984,Lycoming,Wolf Township,State Police coverage only,State Police Coverage Only,PA041SP00,42:police_service:PA041SP00,,,2024_provider_identity_reviewed,3105,https://services.arcgis.com/nx9zcV4VjX0IwxpW/arcgis/rest/services/Police_Jurisdictions/FeatureServer/0,2026-07-06T16:43:28.733000+00:00
4208186456,Lycoming,Woodward Township,State Police coverage only,State Police Coverage Only,PA041SP00,42:police_service:PA041SP00,,,2024_provider_identity_reviewed,2046,https://services.arcgis.com/nx9zcV4VjX0IwxpW/arcgis/rest/services/Police_Jurisdictions/FeatureServer/0,2026-07-06T16:43:28.733000+00:00
4208302576,McKean,Annin Township,State Police coverage only,State Police Coverage Only,PA042SP00,42:police_service:PA042SP00,,,2024_provider_identity_reviewed,709,https://services.arcgis.com/nx9zcV4VjX0IwxpW/arcgis/rest/services/Police_Jurisdictions/FeatureServer/0,2026-07-06T16:43:28.733000+00:00
4208308040,McKean,Bradford City,Municipal Police Force,Bradford City,PA0420100,42:police_service:PA0420100,,,2024_provider_identity_reviewed,7849,https://services.arcgis.com/nx9zcV4VjX0IwxpW/arcgis/rest/services/Police_Jurisdictions/FeatureServer/0,2026-07-06T16:43:28.733000+00:00
4208308048,McKean,Bradford Township,Municipal Police Force,Bradford Twp,PA0420400,42:police_service:PA0420400,,,2024_active_official_provider,4793,https://services.arcgis.com/nx9zcV4VjX0IwxpW/arcgis/rest/services/Police_Jurisdictions/FeatureServer/0,2026-07-06T16:43:28.733000+00:00
4208312408,McKean,Ceres Township,State Police coverage only,State Police Coverage Only,PA042SP00,42:police_service:PA042SP00,,,2024_provider_identity_reviewed,846,https://services.arcgis.com/nx9zcV4VjX0IwxpW/arcgis/rest/services/Police_Jurisdictions/FeatureServer/0,2026-07-06T16:43:28.733000+00:00
4208316352,McKean,Corydon Township,State Police coverage only,State Police Coverage Only,PA042SP00,42:police_service:PA042SP00,,,2024_provider_identity_reviewed,283,https://services.arcgis.com/nx9zcV4VjX0IwxpW/arcgis/rest/services/Police_Jurisdictions/FeatureServer/0,2026-07-06T16:43:28.733000+00:00
4208322888,McKean,Eldred Borough,State Police coverage only,State Police Coverage Only,PA042SP00,42:police_service:PA042SP00,,,2024_provider_identity_reviewed,765,https://services.arcgis.com/nx9zcV4VjX0IwxpW/arcgis/rest/services/Police_Jurisdictions/FeatureServer/0,2026-07-06T16:43:28.733000+00:00
4208322896,McKean,Eldred Township,State Police coverage only,State Police Coverage Only,PA042SP00,42:police_service:PA042SP00,,,2024_provider_identity_reviewed,1394,https://services.arcgis.com/nx9zcV4VjX0IwxpW/arcgis/rest/services/Police_Jurisdictions/FeatureServer/0,2026-07-06T16:43:28.733000+00:00
4208326936,McKean,Foster Township,Municipal Police Force,Foster Twp,PA0420500,42:police_service:PA0420500,,,2024_active_official_provider,4038,https://services.arcgis.com/nx9zcV4VjX0IwxpW/arcgis/rest/services/Police_Jurisdictions/FeatureServer/0,2026-07-06T16:43:28.733000+00:00
4208332168,McKean,Hamilton Township,State Police coverage only,State Police Coverage Only,PA042SP00,42:police_service:PA042SP00,,,2024_provider_identity_reviewed,549,https://services.arcgis.com/nx9zcV4VjX0IwxpW/arcgis/rest/services/Police_Jurisdictions/FeatureServer/0,2026-07-06T16:43:28.733000+00:00
4208332232,McKean,Hamlin Township,State Police coverage only,State Police Coverage Only,PA042SP00,42:police_service:PA042SP00,,,2024_provider_identity_reviewed,681,https://services.arcgis.com/nx9zcV4VjX0IwxpW/arcgis/rest/services/Police_Jurisdictions/FeatureServer/0,2026-07-06T16:43:28.733000+00:00
4208338688,McKean,Kane Borough,Municipal Police Force,Kane Boro,PA0420200,42:police_service:PA0420200,,,2024_provider_identity_reviewed,3630,https://services.arcgis.com/nx9zcV4VjX0IwxpW/arcgis/rest/services/Police_Jurisdictions/FeatureServer/0,2026-07-06T16:43:28.733000+00:00
4208338912,McKean,Keating Township,State Police coverage only,State Police Coverage Only,PA042SP00,42:police_service:PA042SP00,,,2024_provider_identity_reviewed,2725,https://services.arcgis.com/nx9zcV4VjX0IwxpW/arcgis/rest/services/Police_Jurisdictions/FeatureServer/0,2026-07-06T16:43:28.733000+00:00
4208340808,McKean,Lafayette Township,State Police coverage only,State Police Coverage Only,PA042SP00,42:police_service:PA042SP00,,,2024_provider_identity_reviewed,1768,https://services.arcgis.com/nx9zcV4VjX0IwxpW/arcgis/rest/services/Police_Jurisdictions/FeatureServer/0,2026-07-06T16:43:28.733000+00:00
4208342984,McKean,Lewis Run Borough,State Police coverage only,State Police Coverage Only,PA042SP00,42:police_service:PA042SP00,,,2024_fbi_covered_by,583,https://services.arcgis.com/nx9zcV4VjX0IwxpW/arcgis/rest/services/Police_Jurisdictions/FeatureServer/0,2026-07-06T16:43:28.733000+00:00
4208343096,McKean,Liberty Township,State Police coverage only,State Police Coverage Only,PA042SP00,42:police_service:PA042SP00,,,2024_provider_identity_reviewed,1607,https://services.arcgis.com/nx9zcV4VjX0IwxpW/arcgis/rest/services/Police_Jurisdictions/FeatureServer/0,2026-07-06T16:43:28.733000+00:00
4208351632,McKean,Mount Jewett Borough,State Police coverage only,State Police Coverage Only,PA042SP00,42:police_service:PA042SP00,,,2024_fbi_covered_by,858,https://services.arcgis.com/nx9zcV4VjX0IwxpW/arcgis/rest/services/Police_Jurisdictions/FeatureServer/0,2026-07-06T16:43:28.733000+00:00
4208355632,McKean,Norwich Township,State Police coverage only,State Police Coverage Only,PA042SP00,42:police_service:PA042SP00,,,2024_provider_identity_reviewed,501,https://services.arcgis.com/nx9zcV4VjX0IwxpW/arcgis/rest/services/Police_Jurisdictions/FeatureServer/0,2026-07-06T16:43:28.733000+00:00
4208357312,McKean,Otto Township,Municipal Police Force,Otto Twp,PA0421000,42:police_service:PA0421000,,,2024_active_official_provider,1516,https://services.arcgis.com/nx9zcV4VjX0IwxpW/arcgis/rest/services/Police_Jurisdictions/FeatureServer/0,2026-07-06T16:43:28.733000+00:00
4208362088,McKean,Port Allegany Borough,Municipal Police Force,Port Allegany Boro,PA0420300,42:police_service:PA0420300,,,2024_provider_identity_reviewed,2135,https://services.arcgis.com/nx9zcV4VjX0IwxpW/arcgis/rest/services/Police_Jurisdictions/FeatureServer/0,2026-07-06T16:43:28.733000+00:00
4208369304,McKean,Sergeant Township,State Police coverage only,State Police Coverage Only,PA042SP00,42:police_service:PA042SP00,,,2024_provider_identity_reviewed,145,https://services.arcgis.com/nx9zcV4VjX0IwxpW/arcgis/rest/services/Police_Jurisdictions/FeatureServer/0,2026-07-06T16:43:28.733000+00:00
4208371248,McKean,Smethport Borough,Municipal Police Force,Smethport Boro,PA0420800,42:police_service:PA0420800,,,2024_provider_identity_reviewed,1436,https://services.arcgis.com/nx9zcV4VjX0IwxpW/arcgis/rest/services/Police_Jurisdictions/FeatureServer/0,2026-07-06T16:43:28.733000+00:00
4208384312,McKean,Wetmore Township,State Police coverage only,State Police Coverage Only,PA042SP00,42:police_service:PA042SP00,,,2024_provider_identity_reviewed,1621,https://services.arcgis.com/nx9zcV4VjX0IwxpW/arcgis/rest/services/Police_Jurisdictions/FeatureServer/0,2026-07-06T16:43:28.733000+00:00
4208513832,Mercer,Clark Borough,Police Service contracted from another municipality,Hermitage City,PA0430400,42:police_service:PA0430400,,,2024_fbi_covered_by,576,https://services.arcgis.com/nx9zcV4VjX0IwxpW/arcgis/rest/services/Police_Jurisdictions/FeatureServer/0,2026-07-06T16:43:28.733000+00:00
4208515992,Mercer,Coolspring Township,State Police coverage only,State Police Coverage Only,PA043SP00,42:police_service:PA043SP00,,PAPSP5700,2024_provider_identity_reviewed,2107,https://services.arcgis.com/nx9zcV4VjX0IwxpW/arcgis/rest/services/Police_Jurisdictions/FeatureServer/0,2026-07-06T16:43:28.733000+00:00
4208518536,Mercer,Deer Creek Township,State Police coverage only,State Police Coverage Only,PA043SP00,42:police_service:PA043SP00,,PAPSP5700,2024_provider_identity_reviewed,458,https://services.arcgis.com/nx9zcV4VjX0IwxpW/arcgis/rest/services/Police_Jurisdictions/FeatureServer/0,2026-07-06T16:43:28.733000+00:00
4208518688,Mercer,Delaware Township,State Police coverage only,State Police Coverage Only,PA043SP00,42:police_service:PA043SP00,,PAPSP5700,2024_provider_identity_reviewed,2084,https://services.arcgis.com/nx9zcV4VjX0IwxpW/arcgis/rest/services/Police_Jurisdictions/FeatureServer/0,2026-07-06T16:43:28.733000+00:00
4208521336,Mercer,East Lackawannock Township,State Police coverage only,State Police Coverage Only,PA043SP00,42:police_service:PA043SP00,,PAPSP5700,2024_provider_identity_reviewed,1669,https://services.arcgis.com/nx9zcV4VjX0IwxpW/arcgis/rest/services/Police_Jurisdictions/FeatureServer/0,2026-07-06T16:43:28.733000+00:00
4208524904,Mercer,Fairview Township,State Police coverage only,State Police Coverage Only,PA043SP00,42:police_service:PA043SP00,,PAPSP5700,2024_provider_identity_reviewed,953,https://services.arcgis.com/nx9zcV4VjX0IwxpW/arcgis/rest/services/Police_Jurisdictions/FeatureServer/0,2026-07-06T16:43:28.733000+00:00
4208525360,Mercer,Farrell City,Municipal Police Force,Farrell City,PA0432800,42:police_service:PA0432800,,,2024_provider_identity_reviewed,4258,https://services.arcgis.com/nx9zcV4VjX0IwxpW/arcgis/rest/services/Police_Jurisdictions/FeatureServer/0,2026-07-06T16:43:28.733000+00:00
4208525912,Mercer,Findley Township,State Police coverage only,State Police Coverage Only,PA043SP00,42:police_service:PA043SP00,,PAPSP5700,2024_provider_identity_reviewed,2843,https://services.arcgis.com/nx9zcV4VjX0IwxpW/arcgis/rest/services/Police_Jurisdictions/FeatureServer/0,2026-07-06T16:43:28.733000+00:00
4208527688,Mercer,Fredonia Borough,State Police coverage only,State Police Coverage Only,PA043SP00,42:police_service:PA043SP00,,PAPSP5700,2024_provider_identity_reviewed,436,https://services.arcgis.com/nx9zcV4VjX0IwxpW/arcgis/rest/services/Police_Jurisdictions/FeatureServer/0,2026-07-06T16:43:28.733000+00:00
4208527824,Mercer,French Creek Township,State Police coverage only,State Police Coverage Only,PA043SP00,42:police_service:PA043SP00,,PAPSP5700,2024_provider_identity_reviewed,710,https://services.arcgis.com/nx9zcV4VjX0IwxpW/arcgis/rest/services/Police_Jurisdictions/FeatureServer/0,2026-07-06T16:43:28.733000+00:00
4208530968,Mercer,Greene Township,State Police coverage only,State Police Coverage Only,PA043SP00,42:police_service:PA043SP00,,PAPSP5700,2024_fbi_covered_by,1052,https://services.arcgis.com/nx9zcV4VjX0IwxpW/arcgis/rest/services/Police_Jurisdictions/FeatureServer/0,2026-07-06T16:43:28.733000+00:00
4208531328,Mercer,Greenville Borough,Municipal Police Force,Greenville Boro,PA0430200,42:police_service:PA0430200,,,2024_provider_identity_reviewed,5540,https://services.arcgis.com/nx9zcV4VjX0IwxpW/arcgis/rest/services/Police_Jurisdictions/FeatureServer/0,2026-07-06T16:43:28.733000+00:00
4208531656,Mercer,Grove City Borough,Municipal Police Force,Grove City Boro,PA0430300,42:police_service:PA0430300,,,2024_provider_identity_reviewed,7871,https://services.arcgis.com/nx9zcV4VjX0IwxpW/arcgis/rest/services/Police_Jurisdictions/FeatureServer/0,2026-07-06T16:43:28.733000+00:00
4208533784,Mercer,Hempfield Township,Municipal Police Force,Hempfield Twp,PA0430900,42:police_service:PA0430900,,,2024_active_official_provider,3735,https://services.arcgis.com/nx9zcV4VjX0IwxpW/arcgis/rest/services/Police_Jurisdictions/FeatureServer/0,2026-07-06T16:43:28.733000+00:00
4208534064,Mercer,Hermitage City,Municipal Police Force,Hermitage City,PA0430400,42:police_service:PA0430400,,,2024_fbi_covered_by,16230,https://services.arcgis.com/nx9zcV4VjX0IwxpW/arcgis/rest/services/Police_Jurisdictions/FeatureServer/0,2026-07-06T16:43:28.733000+00:00
4208537416,Mercer,Jackson Township,State Police coverage only,State Police Coverage Only,PA043SP00,42:police_service:PA043SP00,,PAPSP5700,2024_provider_identity_reviewed,1178,https://services.arcgis.com/nx9zcV4VjX0IwxpW/arcgis/rest/services/Police_Jurisdictions/FeatureServer/0,2026-07-06T16:43:28.733000+00:00
4208537496,Mercer,Jackson Center Borough,State Police coverage only,State Police Coverage Only,PA043SP00,42:police_service:PA043SP00,,PAPSP5700,2024_provider_identity_reviewed,194,https://services.arcgis.com/nx9zcV4VjX0IwxpW/arcgis/rest/services/Police_Jurisdictions/FeatureServer/0,2026-07-06T16:43:28.733000+00:00
4208537696,Mercer,Jamestown Borough,Municipal Police Force,Jamestown Boro,PA0432100,42:police_service:PA0432100,,,2024_provider_identity_reviewed,582,https://services.arcgis.com/nx9zcV4VjX0IwxpW/arcgis/rest/services/Police_Jurisdictions/FeatureServer/0,2026-07-06T16:43:28.733000+00:00
4208537904,Mercer,Jefferson Township,Municipal Police Force,Jefferson Twp,PA0431500,42:police_service:PA0431500,,,2024_provider_identity_reviewed,1919,https://services.arcgis.com/nx9zcV4VjX0IwxpW/arcgis/rest/services/Police_Jurisdictions/FeatureServer/0,2026-07-06T16:43:28.733000+00:00
4208540760,Mercer,Lackawannock Township,State Police coverage only,State Police Coverage Only,PA043SP00,42:police_service:PA043SP00,,PAPSP5700,2024_provider_identity_reviewed,2471,https://services.arcgis.com/nx9zcV4VjX0IwxpW/arcgis/rest/services/Police_Jurisdictions/FeatureServer/0,2026-07-06T16:43:28.733000+00:00
4208540928,Mercer,Lake Township,State Police coverage only,State Police Coverage Only,PA043SP00,42:police_service:PA043SP00,,PAPSP5700,2024_provider_identity_reviewed,699,https://services.arcgis.com/nx9zcV4VjX0IwxpW/arcgis/rest/services/Police_Jurisdictions/FeatureServer/0,2026-07-06T16:43:28.733000+00:00
4208543104,Mercer,Liberty Township,State Police coverage only,State Police Coverage Only,PA043SP00,42:police_service:PA043SP00,,PAPSP5700,2024_provider_identity_reviewed,1405,https://services.arcgis.com/nx9zcV4VjX0IwxpW/arcgis/rest/services/Police_Jurisdictions/FeatureServer/0,2026-07-06T16:43:28.733000+00:00
4208548696,Mercer,Mercer Borough,Municipal Police Force,Mercer Boro,PA0430500,42:police_service:PA0430500,,,2024_provider_identity_reviewed,1982,https://services.arcgis.com/nx9zcV4VjX0IwxpW/arcgis/rest/services/Police_Jurisdictions/FeatureServer/0,2026-07-06T16:43:28.733000+00:00
4208549576,Mercer,Mill Creek Township,State Police coverage only,State Police Coverage Only,PA043SP00,42:police_service:PA043SP00,,PAPSP5700,2024_provider_identity_reviewed,778,https://services.arcgis.com/nx9zcV4VjX0IwxpW/arcgis/rest/services/Police_Jurisdictions/FeatureServer/0,2026-07-06T16:43:28.733000+00:00
4208553768,Mercer,New Lebanon Borough,State Police coverage only,State Police Coverage Only,PA043SP00,42:police_service:PA043SP00,,PAPSP5700,2024_provider_identity_reviewed,183,https://services.arcgis.com/nx9zcV4VjX0IwxpW/arcgis/rest/services/Police_Jurisdictions/FeatureServer/0,2026-07-06T16:43:28.733000+00:00
4208554304,Mercer,New Vernon Township,State Police coverage only,State Police Coverage Only,PA043SP00,42:police_service:PA043SP00,,PAPSP5700,2024_provider_identity_reviewed,497,https://services.arcgis.com/nx9zcV4VjX0IwxpW/arcgis/rest/services/Police_Jurisdictions/FeatureServer/0,2026-07-06T16:43:28.733000+00:00
4208557304,Mercer,Otter Creek Township,State Police coverage only,State Police Coverage Only,PA043SP00,42:police_service:PA043SP00,,PAPSP5700,2024_provider_identity_reviewed,523,https://services.arcgis.com/nx9zcV4VjX0IwxpW/arcgis/rest/services/Police_Jurisdictions/FeatureServer/0,2026-07-06T16:43:28.733000+00:00
4208559496,Mercer,Perry Township,State Police coverage only,State Police Coverage Only,PA043SP00,42:police_service:PA043SP00,,PAPSP5700,2024_provider_identity_reviewed,1332,https://services.arcgis.com/nx9zcV4VjX0IwxpW/arcgis/rest/services/Police_Jurisdictions/FeatureServer/0,2026-07-06T16:43:28.733000+00:00
4208560336,Mercer,Pine Township,State Police coverage only,State Police Coverage Only,PA043SP00,42:police_service:PA043SP00,,PAPSP5700,2024_provider_identity_reviewed,4806,https://services.arcgis.com/nx9zcV4VjX0IwxpW/arcgis/rest/services/Police_Jurisdictions/FeatureServer/0,2026-07-06T16:43:28.733000+00:00
4208563008,Mercer,Pymatuning Township,Municipal Police Force,Pymatuning Twp,PA0430800,42:police_service:PA0430800,,,2024_active_official_provider,3118,https://services.arcgis.com/nx9zcV4VjX0IwxpW/arcgis/rest/services/Police_Jurisdictions/FeatureServer/0,2026-07-06T16:43:28.733000+00:00
4208567472,Mercer,Salem Township,State Police coverage only,State Police Coverage Only,PA043SP00,42:police_service:PA043SP00,,PAPSP5700,2024_provider_identity_reviewed,753,https://services.arcgis.com/nx9zcV4VjX0IwxpW/arcgis/rest/services/Police_Jurisdictions/FeatureServer/0,2026-07-06T16:43:28.733000+00:00
4208567816,Mercer,Sandy Creek Township,State Police coverage only,State Police Coverage Only,PA043SP00,42:police_service:PA043SP00,,PAPSP5700,2024_provider_identity_reviewed,802,https://services.arcgis.com/nx9zcV4VjX0IwxpW/arcgis/rest/services/Police_Jurisdictions/FeatureServer/0,2026-07-06T16:43:28.733000+00:00
4208567848,Mercer,Sandy Lake Borough,Municipal Police Force,Sandy Lake Boro,PA0431000,42:police_service:PA0431000,,,2024_provider_identity_reviewed,649,https://services.arcgis.com/nx9zcV4VjX0IwxpW/arcgis/rest/services/Police_Jurisdictions/FeatureServer/0,2026-07-06T16:43:28.733000+00:00
4208567856,Mercer,Sandy Lake Township,State Police coverage only,State Police Coverage Only,PA043SP00,42:police_service:PA043SP00,,PAPSP5700,2024_provider_identity_reviewed,1202,https://services.arcgis.com/nx9zcV4VjX0IwxpW/arcgis/rest/services/Police_Jurisdictions/FeatureServer/0,2026-07-06T16:43:28.733000+00:00
4208569720,Mercer,Sharon City,Municipal Police Force,Sharon City,PA0430600,42:police_service:PA0430600,,,2024_provider_identity_reviewed,13147,https://services.arcgis.com/nx9zcV4VjX0IwxpW/arcgis/rest/services/Police_Jurisdictions/FeatureServer/0,2026-07-06T16:43:28.733000+00:00
4208569800,Mercer,Sharpsville Borough,Municipal Police Force,Sharpsville Boro,PA0430700,42:police_service:PA0430700,,,2024_provider_identity_reviewed,4255,https://services.arcgis.com/nx9zcV4VjX0IwxpW/arcgis/rest/services/Police_Jurisdictions/FeatureServer/0,2026-07-06T16:43:28.733000+00:00
4208569936,Mercer,Sheakleyville Borough,State Police coverage only,State Police Coverage Only,PA043SP00,42:police_service:PA043SP00,,PAPSP5700,2024_provider_identity_reviewed,151,https://services.arcgis.com/nx9zcV4VjX0IwxpW/arcgis/rest/services/Police_Jurisdictions/FeatureServer/0,2026-07-06T16:43:28.733000+00:00
4208570096,Mercer,Shenango Township,Municipal Police Force,Shenango Twp,PA0431100,42:police_service:PA0431100,,,2024_active_official_provider,3522,https://services.arcgis.com/nx9zcV4VjX0IwxpW/arcgis/rest/services/Police_Jurisdictions/FeatureServer/0,2026-07-06T16:43:28.733000+00:00
4208572440,Mercer,South Pymatuning Township,Municipal Police Force,South Pymatuning Twp,PA0432400,42:police_service:PA0432400,,,2024_provider_identity_reviewed,2653,https://services.arcgis.com/nx9zcV4VjX0IwxpW/arcgis/rest/services/Police_Jurisdictions/FeatureServer/0,2026-07-06T16:43:28.733000+00:00
4208573080,Mercer,Springfield Township,State Police coverage only,State Police Coverage Only,PA043SP00,42:police_service:PA043SP00,,PAPSP5700,2024_provider_identity_reviewed,1853,https://services.arcgis.com/nx9zcV4VjX0IwxpW/arcgis/rest/services/Police_Jurisdictions/FeatureServer/0,2026-07-06T16:43:28.733000+00:00
4208574288,Mercer,Stoneboro Borough,Municipal Police Force,Stoneboro Boro,PA0431400,42:police_service:PA0431400,,,2024_provider_identity_reviewed,945,https://services.arcgis.com/nx9zcV4VjX0IwxpW/arcgis/rest/services/Police_Jurisdictions/FeatureServer/0,2026-07-06T16:43:28.733000+00:00
4208575008,Mercer,Sugar Grove Township,Police Service contracted from another municipality,Hempfield Twp,PA0430900,42:police_service:PA0430900,,,2024_provider_identity_reviewed,947,https://services.arcgis.com/nx9zcV4VjX0IwxpW/arcgis/rest/services/Police_Jurisdictions/FeatureServer/0,2026-07-06T16:43:28.733000+00:00
4208583496,Mercer,West Middlesex Borough,Police Service contracted from another municipality,Farrell City,PA0431100,42:police_service:PA0431100,,,2024_fbi_covered_by,818,https://services.arcgis.com/nx9zcV4VjX0IwxpW/arcgis/rest/services/Police_Jurisdictions/FeatureServer/0,2026-07-06T16:43:28.733000+00:00
4208583976,Mercer,West Salem Township,State Police coverage only,State Police Coverage Only,PA043SP00,42:police_service:PA043SP00,,PAPSP5700,2024_fbi_covered_by,3216,https://services.arcgis.com/nx9zcV4VjX0IwxpW/arcgis/rest/services/Police_Jurisdictions/FeatureServer/0,2026-07-06T16:43:28.733000+00:00
4208585512,Mercer,Wilmington Township,Police Service contracted from another municipality,New Wilmington Boro,PA0370600,42:police_service:PA0370600,,,2024_provider_identity_reviewed,1420,https://services.arcgis.com/nx9zcV4VjX0IwxpW/arcgis/rest/services/Police_Jurisdictions/FeatureServer/0,2026-07-06T16:43:28.733000+00:00
4208585992,Mercer,Wolf Creek Township,State Police coverage only,State Police Coverage Only,PA043SP00,42:police_service:PA043SP00,,PAPSP5700,2024_provider_identity_reviewed,718,https://services.arcgis.com/nx9zcV4VjX0IwxpW/arcgis/rest/services/Police_Jurisdictions/FeatureServer/0,2026-07-06T16:43:28.733000+00:00
4208586552,Mercer,Worth Township,State Police coverage only,State Police Coverage Only,PA043SP00,42:police_service:PA043SP00,,PAPSP5700,2024_provider_identity_reviewed,827,https://services.arcgis.com/nx9zcV4VjX0IwxpW/arcgis/rest/services/Police_Jurisdictions/FeatureServer/0,2026-07-06T16:43:28.733000+00:00
4208703040,Mifflin,Armagh Township,Municipal Police Force,Armagh Twp,PA0440600,42:police_service:PA0440600,,,2024_active_official_provider,4018,https://services.arcgis.com/nx9zcV4VjX0IwxpW/arcgis/rest/services/Police_Jurisdictions/FeatureServer/0,2026-07-06T16:43:28.733000+00:00
4208708304,Mifflin,Bratton Township,State Police coverage only,State Police Coverage Only,PA044SP00,42:police_service:PA044SP00,,,2024_provider_identity_reviewed,1191,https://services.arcgis.com/nx9zcV4VjX0IwxpW/arcgis/rest/services/Police_Jurisdictions/FeatureServer/0,2026-07-06T16:43:28.733000+00:00
4208709288,Mifflin,Brown Township,Regional Police Service,Mifflin County Regional Police Department,PA0440100,42:police_service:PA0440100,,,2024_provider_identity_reviewed,4112,https://services.arcgis.com/nx9zcV4VjX0IwxpW/arcgis/rest/services/Police_Jurisdictions/FeatureServer/0,2026-07-06T16:43:28.733000+00:00
4208710256,Mifflin,Burnham Borough,Regional Police Service,Mifflin County Regional Police Force,PA0440100,42:police_service:PA0440100,,,2024_fbi_covered_by,1991,https://services.arcgis.com/nx9zcV4VjX0IwxpW/arcgis/rest/services/Police_Jurisdictions/FeatureServer/0,2026-07-06T16:43:28.733000+00:00
4208718464,Mifflin,Decatur Township,State Police coverage only,State Police Coverage Only,PA044SP00,42:police_service:PA044SP00,,,2024_provider_identity_reviewed,2968,https://services.arcgis.com/nx9zcV4VjX0IwxpW/arcgis/rest/services/Police_Jurisdictions/FeatureServer/0,2026-07-06T16:43:28.733000+00:00
4208718944,Mifflin,Derry Township,Regional Police Service,Mifflin County Regional Police Force,PA0440100,42:police_service:PA0440100,,,2024_fbi_covered_by,7212,https://services.arcgis.com/nx9zcV4VjX0IwxpW/arcgis/rest/services/Police_Jurisdictions/FeatureServer/0,2026-07-06T16:43:28.733000+00:00
4208730480,Mifflin,Granville Township,Municipal Police Force,Granville Twp,PA0440700,42:police_service:PA0440700,,,2024_active_official_provider,4629,https://services.arcgis.com/nx9zcV4VjX0IwxpW/arcgis/rest/services/Police_Jurisdictions/FeatureServer/0,2026-07-06T16:43:28.733000+00:00
4208738640,Mifflin,Juniata Terrace Borough,State Police coverage only,State Police Coverage Only,PA044SP00,42:police_service:PA044SP00,,,2024_provider_identity_reviewed,564,https://services.arcgis.com/nx9zcV4VjX0IwxpW/arcgis/rest/services/Police_Jurisdictions/FeatureServer/0,2026-07-06T16:43:28.733000+00:00
4208740016,Mifflin,Kistler Borough,State Police coverage only,State Police Coverage Only,PA044SP00,42:police_service:PA044SP00,,,2024_provider_identity_reviewed,291,https://services.arcgis.com/nx9zcV4VjX0IwxpW/arcgis/rest/services/Police_Jurisdictions/FeatureServer/0,2026-07-06T16:43:28.733000+00:00
4208743000,Mifflin,Lewistown Borough,Municipal Police Force,Lewistown Boro,PA0441200,42:police_service:PA0441200,,,2024_provider_identity_reviewed,8579,https://services.arcgis.com/nx9zcV4VjX0IwxpW/arcgis/rest/services/Police_Jurisdictions/FeatureServer/0,2026-07-06T16:43:28.733000+00:00
4208746400,Mifflin,McVeytown Borough,State Police coverage only,State Police Coverage Only,PA044SP00,42:police_service:PA044SP00,,,2024_provider_identity_reviewed,344,https://services.arcgis.com/nx9zcV4VjX0IwxpW/arcgis/rest/services/Police_Jurisdictions/FeatureServer/0,2026-07-06T16:43:28.733000+00:00
4208748664,Mifflin,Menno Township,State Police coverage only,State Police Coverage Only,PA044SP00,42:police_service:PA044SP00,,,2024_provider_identity_reviewed,1974,https://services.arcgis.com/nx9zcV4VjX0IwxpW/arcgis/rest/services/Police_Jurisdictions/FeatureServer/0,2026-07-06T16:43:28.733000+00:00
4208754160,Mifflin,Newton Hamilton Borough,State Police coverage only,State Police Coverage Only,PA044SP00,42:police_service:PA044SP00,,,2024_provider_identity_reviewed,196,https://services.arcgis.com/nx9zcV4VjX0IwxpW/arcgis/rest/services/Police_Jurisdictions/FeatureServer/0,2026-07-06T16:43:28.733000+00:00
4208756720,Mifflin,Oliver Township,State Police coverage only,State Police Coverage Only,PA044SP00,42:police_service:PA044SP00,,,2024_provider_identity_reviewed,2061,https://services.arcgis.com/nx9zcV4VjX0IwxpW/arcgis/rest/services/Police_Jurisdictions/FeatureServer/0,2026-07-06T16:43:28.733000+00:00
4208778392,Mifflin,Union Township,Regional Police Service,Mifflin County Regional Police Force,PA0440100,42:police_service:PA0440100,,,2024_fbi_covered_by,3653,https://services.arcgis.com/nx9zcV4VjX0IwxpW/arcgis/rest/services/Police_Jurisdictions/FeatureServer/0,2026-07-06T16:43:28.733000+00:00
4208781784,Mifflin,Wayne Township,State Police coverage only,State Police Coverage Only,PA044SP00,42:police_service:PA044SP00,,,2024_provider_identity_reviewed,2360,https://services.arcgis.com/nx9zcV4VjX0IwxpW/arcgis/rest/services/Police_Jurisdictions/FeatureServer/0,2026-07-06T16:43:28.733000+00:00
4208904320,Monroe,Barrett Township,Regional Police Service,Pocono Mountain Regional,PA0450900,42:police_service:PA0450900,,,2024_fbi_covered_by,4053,https://services.arcgis.com/nx9zcV4VjX0IwxpW/arcgis/rest/services/Police_Jurisdictions/FeatureServer/0,2026-07-06T16:43:28.733000+00:00
4208913328,Monroe,Chestnuthill Township,State Police coverage only,State Police Coverage Only,PA045SP00,42:police_service:PA045SP00,,,2024_provider_identity_reviewed,16723,https://services.arcgis.com/nx9zcV4VjX0IwxpW/arcgis/rest/services/Police_Jurisdictions/FeatureServer/0,2026-07-06T16:43:28.733000+00:00
4208915960,Monroe,Coolbaugh Township,Regional Police Service,Pocono Mountain Regional Police Force,PA0450900,42:police_service:PA0450900,,,2024_fbi_covered_by,20805,https://services.arcgis.com/nx9zcV4VjX0IwxpW/arcgis/rest/services/Police_Jurisdictions/FeatureServer/0,2026-07-06T16:43:28.733000+00:00
4208918736,Monroe,Delaware Water Gap Borough,Municipal Police Force,Delaware Water Gap Boro,PA0450100,42:police_service:PA0450100,,,2024_provider_identity_reviewed,675,https://services.arcgis.com/nx9zcV4VjX0IwxpW/arcgis/rest/services/Police_Jurisdictions/FeatureServer/0,2026-07-06T16:43:28.733000+00:00
4208921872,Monroe,East Stroudsburg Borough,Regional Police Service,Stroud Area Regional Police Department,PA0450800,42:police_service:PA0450800,,,2024_fbi_covered_by,9669,https://services.arcgis.com/nx9zcV4VjX0IwxpW/arcgis/rest/services/Police_Jurisdictions/FeatureServer/0,2026-07-06T16:43:28.733000+00:00
4208922904,Monroe,Eldred Township,State Police coverage only,State Police Coverage Only,PA045SP00,42:police_service:PA045SP00,,,2024_provider_identity_reviewed,2596,https://services.arcgis.com/nx9zcV4VjX0IwxpW/arcgis/rest/services/Police_Jurisdictions/FeatureServer/0,2026-07-06T16:43:28.733000+00:00
4208932176,Monroe,Hamilton Township,State Police coverage only,State Police Coverage Only,PA045SP00,42:police_service:PA045SP00,,,2024_provider_identity_reviewed,8597,https://services.arcgis.com/nx9zcV4VjX0IwxpW/arcgis/rest/services/Police_Jurisdictions/FeatureServer/0,2026-07-06T16:43:28.733000+00:00
4208937424,Monroe,Jackson Township,State Police coverage only,State Police Coverage Only,PA045SP00,42:police_service:PA045SP00,,,2024_provider_identity_reviewed,6578,https://services.arcgis.com/nx9zcV4VjX0IwxpW/arcgis/rest/services/Police_Jurisdictions/FeatureServer/0,2026-07-06T16:43:28.733000+00:00
4208949080,Monroe,Middle Smithfield Township,State Police coverage only,State Police Coverage Only,PA045SP00,42:police_service:PA045SP00,,,2024_provider_identity_reviewed,16053,https://services.arcgis.com/nx9zcV4VjX0IwxpW/arcgis/rest/services/Police_Jurisdictions/FeatureServer/0,2026-07-06T16:43:28.733000+00:00
4208951912,Monroe,Mount Pocono Borough,Regional Police Service,Pocono Mountain Regional Police,PA0450900,42:police_service:PA0450900,,,2024_fbi_covered_by,3089,https://services.arcgis.com/nx9zcV4VjX0IwxpW/arcgis/rest/services/Police_Jurisdictions/FeatureServer/0,2026-07-06T16:43:28.733000+00:00
4208957856,Monroe,Paradise Township,State Police coverage only,State Police Coverage Only,PA045SP00,42:police_service:PA045SP00,,,2024_provider_identity_reviewed,2899,https://services.arcgis.com/nx9zcV4VjX0IwxpW/arcgis/rest/services/Police_Jurisdictions/FeatureServer/0,2026-07-06T16:43:28.733000+00:00
4208961728,Monroe,Pocono Township,Municipal Police Force,Pocono Twp,PA0450700,42:police_service:PA0450700,,,2024_active_official_provider,10884,https://services.arcgis.com/nx9zcV4VjX0IwxpW/arcgis/rest/services/Police_Jurisdictions/FeatureServer/0,2026-07-06T16:43:28.733000+00:00
4208961928,Monroe,Polk Township,State Police coverage only,State Police Coverage Only,PA045SP00,42:police_service:PA045SP00,,,2024_provider_identity_reviewed,7473,https://services.arcgis.com/nx9zcV4VjX0IwxpW/arcgis/rest/services/Police_Jurisdictions/FeatureServer/0,2026-07-06T16:43:28.733000+00:00
4208962632,Monroe,Price Township,State Police coverage only,State Police Coverage Only,PA045SP00,42:police_service:PA045SP00,,,2024_provider_identity_reviewed,3678,https://services.arcgis.com/nx9zcV4VjX0IwxpW/arcgis/rest/services/Police_Jurisdictions/FeatureServer/0,2026-07-06T16:43:28.733000+00:00
4208966280,Monroe,Ross Township,State Police coverage only,State Police Coverage Only,PA045SP00,42:police_service:PA045SP00,,,2024_provider_identity_reviewed,5475,https://services.arcgis.com/nx9zcV4VjX0IwxpW/arcgis/rest/services/Police_Jurisdictions/FeatureServer/0,2026-07-06T16:43:28.733000+00:00
4208971344,Monroe,Smithfield Township,State Police coverage only,State Police Coverage Only,PA045SP00,42:police_service:PA045SP00,,,2024_provider_identity_reviewed,7967,https://services.arcgis.com/nx9zcV4VjX0IwxpW/arcgis/rest/services/Police_Jurisdictions/FeatureServer/0,2026-07-06T16:43:28.733000+00:00
4208974880,Monroe,Stroud Township,Regional Police Service,Stroud Area Regional Police,PA0450800,42:police_service:PA0450800,,,2024_provider_identity_reviewed,19834,https://services.arcgis.com/nx9zcV4VjX0IwxpW/arcgis/rest/services/Police_Jurisdictions/FeatureServer/0,2026-07-06T16:43:28.733000+00:00
4208974888,Monroe,Stroudsburg Borough,Regional Police Service,Stroud Area Regional Police,PA0450800,42:police_service:PA0450800,,,2024_fbi_covered_by,5927,https://services.arcgis.com/nx9zcV4VjX0IwxpW/arcgis/rest/services/Police_Jurisdictions/FeatureServer/0,2026-07-06T16:43:28.733000+00:00
4208976960,Monroe,Tobyhanna Township,Regional Police Service,Pocono Mountain,PA0450900,42:police_service:PA0450900,,,2024_provider_identity_reviewed,8315,https://services.arcgis.com/nx9zcV4VjX0IwxpW/arcgis/rest/services/Police_Jurisdictions/FeatureServer/0,2026-07-06T16:43:28.733000+00:00
4208977776,Monroe,Tunkhannock Township,Regional Police Service,Pocono Mountain Regional,PA0450900,42:police_service:PA0450900,,,2024_fbi_covered_by,7037,https://services.arcgis.com/nx9zcV4VjX0IwxpW/arcgis/rest/services/Police_Jurisdictions/FeatureServer/0,2026-07-06T16:43:28.733000+00:00
4209100156,Montgomery,Abington Township,Municipal Police Force,Abington Twp,PA0460100,42:police_service:PA0460100,,,2024_active_official_provider,58502,https://services.arcgis.com/nx9zcV4VjX0IwxpW/arcgis/rest/services/Police_Jurisdictions/FeatureServer/0,2026-07-06T16:43:28.733000+00:00
4209102264,Montgomery,Ambler Borough,Municipal Police Force,Ambler Boro,PA0460200,42:police_service:PA0460200,,,2024_provider_identity_reviewed,6807,https://services.arcgis.com/nx9zcV4VjX0IwxpW/arcgis/rest/services/Police_Jurisdictions/FeatureServer/0,2026-07-06T16:43:28.733000+00:00
4209108568,Montgomery,Bridgeport Borough,Municipal Police Force,Bridgeport Boro,PA0460300,42:police_service:PA0460300,,,2024_provider_identity_reviewed,5015,https://services.arcgis.com/nx9zcV4VjX0IwxpW/arcgis/rest/services/Police_Jurisdictions/FeatureServer/0,2026-07-06T16:43:28.733000+00:00
4209109696,Montgomery,Bryn Athyn Borough,Municipal Police Force,Bryn Athyn Boro,PA0460400,42:police_service:PA0460400,,,2024_provider_identity_reviewed,1272,https://services.arcgis.com/nx9zcV4VjX0IwxpW/arcgis/rest/services/Police_Jurisdictions/FeatureServer/0,2026-07-06T16:43:28.733000+00:00
4209112968,Montgomery,Cheltenham Township,Municipal Police Force,Cheltenham Twp,PA0460500,42:police_service:PA0460500,,,2024_active_official_provider,37452,https://services.arcgis.com/nx9zcV4VjX0IwxpW/arcgis/rest/services/Police_Jurisdictions/FeatureServer/0,2026-07-06T16:43:28.733000+00:00
4209115192,Montgomery,Collegeville Borough,Municipal Police Force,Collegeville Boro,PA0460600,42:police_service:PA0460600,,,2024_provider_identity_reviewed,5043,https://services.arcgis.com/nx9zcV4VjX0IwxpW/arcgis/rest/services/Police_Jurisdictions/FeatureServer/0,2026-07-06T16:43:28.733000+00:00
4209115848,Montgomery,Conshohocken Borough,Municipal Police Force,Conshohocken Boro,PA0460700,42:police_service:PA0460700,,,2024_provider_identity_reviewed,9261,https://services.arcgis.com/nx9zcV4VjX0IwxpW/arcgis/rest/services/Police_Jurisdictions/FeatureServer/0,2026-07-06T16:43:28.733000+00:00
4209119672,Montgomery,Douglass Township,Municipal Police Force,Douglass Twp,PA0464900,42:police_service:PA0464900,,,2024_active_official_provider,10585,https://services.arcgis.com/nx9zcV4VjX0IwxpW/arcgis/rest/services/Police_Jurisdictions/FeatureServer/0,2026-07-06T16:43:28.733000+00:00
4209121200,Montgomery,East Greenville Borough,Municipal Police Force,East Greenville Boro,PA0466900,42:police_service:PA0466900,,,2024_provider_identity_reviewed,3166,https://services.arcgis.com/nx9zcV4VjX0IwxpW/arcgis/rest/services/Police_Jurisdictions/FeatureServer/0,2026-07-06T16:43:28.733000+00:00
4209121600,Montgomery,East Norriton Township,Municipal Police Force,East Norriton Twp,PA0460800,42:police_service:PA0460800,,,2024_active_official_provider,14021,https://services.arcgis.com/nx9zcV4VjX0IwxpW/arcgis/rest/services/Police_Jurisdictions/FeatureServer/0,2026-07-06T16:43:28.733000+00:00
4209127280,Montgomery,Franconia Township,Municipal Police Force,Franconia Twp,PA0465100,42:police_service:PA0465100,,,2024_active_official_provider,13259,https://services.arcgis.com/nx9zcV4VjX0IwxpW/arcgis/rest/services/Police_Jurisdictions/FeatureServer/0,2026-07-06T16:43:28.733000+00:00
4209131088,Montgomery,Green Lane Borough,State Police coverage only,State Police Coverage Only,PA046SP00,42:police_service:PA046SP00,,,2024_provider_identity_reviewed,490,https://services.arcgis.com/nx9zcV4VjX0IwxpW/arcgis/rest/services/Police_Jurisdictions/FeatureServer/0,2026-07-06T16:43:28.733000+00:00
4209133088,Montgomery,Hatboro Borough,Municipal Police Force,Hatboro Boro,PA0460900,42:police_service:PA0460900,,,2024_provider_identity_reviewed,8238,https://services.arcgis.com/nx9zcV4VjX0IwxpW/arcgis/rest/services/Police_Jurisdictions/FeatureServer/0,2026-07-06T16:43:28.733000+00:00
4209133112,Montgomery,Hatfield Borough,Police Service contracted from another municipality,Hatfield Twp,PA0464100,42:police_service:PA0464100,,,2024_provider_identity_reviewed,3496,https://services.arcgis.com/nx9zcV4VjX0IwxpW/arcgis/rest/services/Police_Jurisdictions/FeatureServer/0,2026-07-06T16:43:28.733000+00:00
4209133120,Montgomery,Hatfield Township,Regional Police Service,Hatfield Police Department,PA0464100,42:police_service:PA0464100,,,2024_provider_identity_reviewed,18640,https://services.arcgis.com/nx9zcV4VjX0IwxpW/arcgis/rest/services/Police_Jurisdictions/FeatureServer/0,2026-07-06T16:43:28.733000+00:00
4209135808,Montgomery,Horsham Township,Municipal Police Force,Horsham Twp,PA0461000,42:police_service:PA0461000,,,2024_active_official_provider,26564,https://services.arcgis.com/nx9zcV4VjX0IwxpW/arcgis/rest/services/Police_Jurisdictions/FeatureServer/0,2026-07-06T16:43:28.733000+00:00
4209138000,Montgomery,Jenkintown Borough,Municipal Police Force,Jenkintown Boro,PA0461100,42:police_service:PA0461100,,,2024_provider_identity_reviewed,4719,https://services.arcgis.com/nx9zcV4VjX0IwxpW/arcgis/rest/services/Police_Jurisdictions/FeatureServer/0,2026-07-06T16:43:28.733000+00:00
4209141432,Montgomery,Lansdale Borough,Municipal Police Force,Lansdale Boro,PA0461200,42:police_service:PA0461200,,,2024_provider_identity_reviewed,18773,https://services.arcgis.com/nx9zcV4VjX0IwxpW/arcgis/rest/services/Police_Jurisdictions/FeatureServer/0,2026-07-06T16:43:28.733000+00:00
4209143312,Montgomery,Limerick Township,Municipal Police Force,Limerick Twp,PA0465300,42:police_service:PA0465300,,,2024_active_official_provider,20458,https://services.arcgis.com/nx9zcV4VjX0IwxpW/arcgis/rest/services/Police_Jurisdictions/FeatureServer/0,2026-07-06T16:43:28.733000+00:00
4209144912,Montgomery,Lower Frederick Township,Municipal Police Force,Lower Frederick Twp,PA0464200,42:police_service:PA0464200,,,2024_active_official_provider,4830,https://services.arcgis.com/nx9zcV4VjX0IwxpW/arcgis/rest/services/Police_Jurisdictions/FeatureServer/0,2026-07-06T16:43:28.733000+00:00
4209144920,Montgomery,Lower Gwynedd Township,Municipal Police Force,Lower Gwynedd Twp,PA0461300,42:police_service:PA0461300,,,2024_active_official_provider,12076,https://services.arcgis.com/nx9zcV4VjX0IwxpW/arcgis/rest/services/Police_Jurisdictions/FeatureServer/0,2026-07-06T16:43:28.733000+00:00
4209144976,Montgomery,Lower Merion Township,Municipal Police Force,Lower Merion Twp,PA0461400,42:police_service:PA0461400,,,2024_active_official_provider,63633,https://services.arcgis.com/nx9zcV4VjX0IwxpW/arcgis/rest/services/Police_Jurisdictions/FeatureServer/0,2026-07-06T16:43:28.733000+00:00
4209145008,Montgomery,Lower Moreland Township,Municipal Police Force,Lower Moreland Twp,PA0461500,42:police_service:PA0461500,,,2024_active_official_provider,13917,https://services.arcgis.com/nx9zcV4VjX0IwxpW/arcgis/rest/services/Police_Jurisdictions/FeatureServer/0,2026-07-06T16:43:28.733000+00:00
4209145072,Montgomery,Lower Pottsgrove Township,Municipal Police Force,Lower Pottsgrove Twp,PA0461600,42:police_service:PA0461600,,,2024_provider_identity_reviewed,12217,https://services.arcgis.com/nx9zcV4VjX0IwxpW/arcgis/rest/services/Police_Jurisdictions/FeatureServer/0,2026-07-06T16:43:28.733000+00:00
4209145080,Montgomery,Lower Providence Township,Municipal Police Force,Lower Providence Twp,PA0461700,42:police_service:PA0461700,,,2024_provider_identity_reviewed,25625,https://services.arcgis.com/nx9zcV4VjX0IwxpW/arcgis/rest/services/Police_Jurisdictions/FeatureServer/0,2026-07-06T16:43:28.733000+00:00
4209145096,Montgomery,Lower Salford Township,Municipal Police Force,Lower Salford Twp,PA0464300,42:police_service:PA0464300,,,2024_active_official_provider,15896,https://services.arcgis.com/nx9zcV4VjX0IwxpW/arcgis/rest/services/Police_Jurisdictions/FeatureServer/0,2026-07-06T16:43:28.733000+00:00
4209147592,Montgomery,Marlborough Township,Municipal Police Force,Marlborough Twp,PA0465700,42:police_service:PA0465700,,,2024_active_official_provider,3520,https://services.arcgis.com/nx9zcV4VjX0IwxpW/arcgis/rest/services/Police_Jurisdictions/FeatureServer/0,2026-07-06T16:43:28.733000+00:00
4209150640,Montgomery,Montgomery Township,Municipal Police Force,Montgomery Twp,PA0461800,42:police_service:PA0461800,,,2024_active_official_provider,25862,https://services.arcgis.com/nx9zcV4VjX0IwxpW/arcgis/rest/services/Police_Jurisdictions/FeatureServer/0,2026-07-06T16:43:28.733000+00:00
4209152664,Montgomery,Narberth Borough,Municipal Police Force,Narberth Boro,PA0463500,42:police_service:PA0463500,,,2024_provider_identity_reviewed,4492,https://services.arcgis.com/nx9zcV4VjX0IwxpW/arcgis/rest/services/Police_Jurisdictions/FeatureServer/0,2026-07-06T16:43:28.733000+00:00
4209153664,Montgomery,New Hanover Township,Municipal Police Force,New Hanover Twp,PA0465400,42:police_service:PA0465400,,,2024_active_official_provider,12973,https://services.arcgis.com/nx9zcV4VjX0IwxpW/arcgis/rest/services/Police_Jurisdictions/FeatureServer/0,2026-07-06T16:43:28.733000+00:00
4209154656,Montgomery,Norristown Borough,Municipal Police Force,Norristown Boro,PA0461900,42:police_service:PA0461900,,,2024_provider_identity_reviewed,35748,https://services.arcgis.com/nx9zcV4VjX0IwxpW/arcgis/rest/services/Police_Jurisdictions/FeatureServer/0,2026-07-06T16:43:28.733000+00:00
4209155512,Montgomery,North Wales Borough,Municipal Police Force,North Wales Boro,PA0462000,42:police_service:PA0462000,,,2024_provider_identity_reviewed,3426,https://services.arcgis.com/nx9zcV4VjX0IwxpW/arcgis/rest/services/Police_Jurisdictions/FeatureServer/0,2026-07-06T16:43:28.733000+00:00
4209159120,Montgomery,Pennsburg Borough,Municipal Police Force,Pennsburg Boro,PA0465000,42:police_service:PA0465000,,,2024_provider_identity_reviewed,3889,https://services.arcgis.com/nx9zcV4VjX0IwxpW/arcgis/rest/services/Police_Jurisdictions/FeatureServer/0,2026-07-06T16:43:28.733000+00:00
4209159392,Montgomery,Perkiomen Township,State Police coverage only,State Police Coverage Only,PA046SP00,42:police_service:PA046SP00,,,2024_fbi_covered_by,8959,https://services.arcgis.com/nx9zcV4VjX0IwxpW/arcgis/rest/services/Police_Jurisdictions/FeatureServer/0,2026-07-06T16:43:28.733000+00:00
4209161664,Montgomery,Plymouth Township,Municipal Police Force,Plymouth Twp,PA0462100,42:police_service:PA0462100,,,2024_active_official_provider,18256,https://services.arcgis.com/nx9zcV4VjX0IwxpW/arcgis/rest/services/Police_Jurisdictions/FeatureServer/0,2026-07-06T16:43:28.733000+00:00
4209162416,Montgomery,Pottstown Borough,Municipal Police Force,Pottstown Boro,PA0462200,42:police_service:PA0462200,,,2024_provider_identity_reviewed,23433,https://services.arcgis.com/nx9zcV4VjX0IwxpW/arcgis/rest/services/Police_Jurisdictions/FeatureServer/0,2026-07-06T16:43:28.733000+00:00
4209163808,Montgomery,Red Hill Borough,State Police coverage only,State Police Coverage Only,PA046SP00,42:police_service:PA046SP00,,,2024_fbi_covered_by,2496,https://services.arcgis.com/nx9zcV4VjX0IwxpW/arcgis/rest/services/Police_Jurisdictions/FeatureServer/0,2026-07-06T16:43:28.733000+00:00
4209165568,Montgomery,Rockledge Borough,Municipal Police Force,Rockledge Boro,PA0462400,42:police_service:PA0462400,,,2024_provider_identity_reviewed,2638,https://services.arcgis.com/nx9zcV4VjX0IwxpW/arcgis/rest/services/Police_Jurisdictions/FeatureServer/0,2026-07-06T16:43:28.733000+00:00
4209166576,Montgomery,Royersford Borough,Municipal Police Force,Royersford Boro,PA0462500,42:police_service:PA0462500,,,2024_provider_identity_reviewed,4940,https://services.arcgis.com/nx9zcV4VjX0IwxpW/arcgis/rest/services/Police_Jurisdictions/FeatureServer/0,2026-07-06T16:43:28.733000+00:00
4209167528,Montgomery,Salford Township,State Police coverage only,State Police Coverage Only,PA046SP00,42:police_service:PA046SP00,,,2024_provider_identity_reviewed,3035,https://services.arcgis.com/nx9zcV4VjX0IwxpW/arcgis/rest/services/Police_Jurisdictions/FeatureServer/0,2026-07-06T16:43:28.733000+00:00
4209168328,Montgomery,Schwenksville Borough,State Police coverage only,State Police Coverage Only,PA046SP00,42:police_service:PA046SP00,,,2024_provider_identity_reviewed,1296,https://services.arcgis.com/nx9zcV4VjX0IwxpW/arcgis/rest/services/Police_Jurisdictions/FeatureServer/0,2026-07-06T16:43:28.733000+00:00
4209171016,Montgomery,Skippack Township,State Police coverage only,State Police Coverage Only,PA046SP00,42:police_service:PA046SP00,,,2024_provider_identity_reviewed,14389,https://services.arcgis.com/nx9zcV4VjX0IwxpW/arcgis/rest/services/Police_Jurisdictions/FeatureServer/0,2026-07-06T16:43:28.733000+00:00
4209171856,Montgomery,Souderton Borough,Municipal Police Force,Souderton Boro,PA0462600,42:police_service:PA0462600,,,2024_provider_identity_reviewed,7191,https://services.arcgis.com/nx9zcV4VjX0IwxpW/arcgis/rest/services/Police_Jurisdictions/FeatureServer/0,2026-07-06T16:43:28.733000+00:00
4209173088,Montgomery,Springfield Township,Municipal Police Force,Springfield Twp,PA0462300,42:police_service:PA0462300,,,2024_active_official_provider,20814,https://services.arcgis.com/nx9zcV4VjX0IwxpW/arcgis/rest/services/Police_Jurisdictions/FeatureServer/0,2026-07-06T16:43:28.733000+00:00
4209176304,Montgomery,Telford Borough,Municipal Police Force,Telford Boro,PA0463700,42:police_service:PA0463700,,,2024_provider_identity_reviewed,2729,https://services.arcgis.com/nx9zcV4VjX0IwxpW/arcgis/rest/services/Police_Jurisdictions/FeatureServer/0,2026-07-06T16:43:28.733000+00:00
4209177152,Montgomery,Towamencin Township,Municipal Police Force,Towamencin Twp,PA0465900,42:police_service:PA0465900,,,2024_active_official_provider,18009,https://services.arcgis.com/nx9zcV4VjX0IwxpW/arcgis/rest/services/Police_Jurisdictions/FeatureServer/0,2026-07-06T16:43:28.733000+00:00
4209177304,Montgomery,Trappe Borough,State Police coverage only,State Police Coverage Only,PA046SP00,42:police_service:PA046SP00,,,2024_provider_identity_reviewed,4002,https://services.arcgis.com/nx9zcV4VjX0IwxpW/arcgis/rest/services/Police_Jurisdictions/FeatureServer/0,2026-07-06T16:43:28.733000+00:00
4209179008,Montgomery,Upper Dublin Township,Municipal Police Force,Upper Dublin Twp,PA0462700,42:police_service:PA0462700,,,2024_active_official_provider,26665,https://services.arcgis.com/nx9zcV4VjX0IwxpW/arcgis/rest/services/Police_Jurisdictions/FeatureServer/0,2026-07-06T16:43:28.733000+00:00
4209179040,Montgomery,Upper Frederick Township,State Police coverage only,State Police Coverage Only,PA046SP00,42:police_service:PA046SP00,,,2024_provider_identity_reviewed,3703,https://services.arcgis.com/nx9zcV4VjX0IwxpW/arcgis/rest/services/Police_Jurisdictions/FeatureServer/0,2026-07-06T16:43:28.733000+00:00
4209179056,Montgomery,Upper Gwynedd Township,Municipal Police Force,Upper Gwynedd Twp,PA0462800,42:police_service:PA0462800,,,2024_active_official_provider,17072,https://services.arcgis.com/nx9zcV4VjX0IwxpW/arcgis/rest/services/Police_Jurisdictions/FeatureServer/0,2026-07-06T16:43:28.733000+00:00
4209179064,Montgomery,Upper Hanover Township,State Police coverage only,State Police Coverage Only,PA046SP00,42:police_service:PA046SP00,,,2024_fbi_covered_by,8350,https://services.arcgis.com/nx9zcV4VjX0IwxpW/arcgis/rest/services/Police_Jurisdictions/FeatureServer/0,2026-07-06T16:43:28.733000+00:00
4209179136,Montgomery,Upper Merion Township,Municipal Police Force,Upper Merion Twp,PA0462900,42:police_service:PA0462900,,,2024_active_official_provider,33613,https://services.arcgis.com/nx9zcV4VjX0IwxpW/arcgis/rest/services/Police_Jurisdictions/FeatureServer/0,2026-07-06T16:43:28.733000+00:00
4209179176,Montgomery,Upper Moreland Township,Municipal Police Force,Upper Moreland Twp,PA0463000,42:police_service:PA0463000,,,2024_active_official_provider,26116,https://services.arcgis.com/nx9zcV4VjX0IwxpW/arcgis/rest/services/Police_Jurisdictions/FeatureServer/0,2026-07-06T16:43:28.733000+00:00
4209179240,Montgomery,Upper Pottsgrove Township,Municipal Police Force,Upper Pottsgrove Twp,PA0464600,42:police_service:PA0464600,,,2024_provider_identity_reviewed,5870,https://services.arcgis.com/nx9zcV4VjX0IwxpW/arcgis/rest/services/Police_Jurisdictions/FeatureServer/0,2026-07-06T16:43:28.733000+00:00
4209179256,Montgomery,Upper Providence Township,Municipal Police Force,Upper Providence Twp,PA0463800,42:police_service:PA0463800,,,2024_provider_identity_reviewed,24091,https://services.arcgis.com/nx9zcV4VjX0IwxpW/arcgis/rest/services/Police_Jurisdictions/FeatureServer/0,2026-07-06T16:43:28.733000+00:00
4209179280,Montgomery,Upper Salford Township,State Police coverage only,State Police Coverage Only,PA046SP00,42:police_service:PA046SP00,,,2024_provider_identity_reviewed,3172,https://services.arcgis.com/nx9zcV4VjX0IwxpW/arcgis/rest/services/Police_Jurisdictions/FeatureServer/0,2026-07-06T16:43:28.733000+00:00
4209182736,Montgomery,West Conshohocken Borough,Municipal Police Force,West Conshohocken Boro,PA0463600,42:police_service:PA0463600,,,2024_provider_identity_reviewed,1493,https://services.arcgis.com/nx9zcV4VjX0IwxpW/arcgis/rest/services/Police_Jurisdictions/FeatureServer/0,2026-07-06T16:43:28.733000+00:00
4209183696,Montgomery,West Norriton Township,Municipal Police Force,West Norriton Twp,PA0463100,42:police_service:PA0463100,,,2024_active_official_provider,16201,https://services.arcgis.com/nx9zcV4VjX0IwxpW/arcgis/rest/services/Police_Jurisdictions/FeatureServer/0,2026-07-06T16:43:28.733000+00:00
4209183912,Montgomery,West Pottsgrove Township,Municipal Police Force,West Pottsgrove Twp,PA0464800,42:police_service:PA0464800,,,2024_active_official_provider,3798,https://services.arcgis.com/nx9zcV4VjX0IwxpW/arcgis/rest/services/Police_Jurisdictions/FeatureServer/0,2026-07-06T16:43:28.733000+00:00
4209184624,Montgomery,Whitemarsh Township,Municipal Police Force,Whitemarsh Twp,PA0463200,42:police_service:PA0463200,,,2024_active_official_provider,19707,https://services.arcgis.com/nx9zcV4VjX0IwxpW/arcgis/rest/services/Police_Jurisdictions/FeatureServer/0,2026-07-06T16:43:28.733000+00:00
4209184888,Montgomery,Whitpain Township,Municipal Police Force,Whitpain Twp,PA0463300,42:police_service:PA0463300,,,2024_active_official_provider,20333,https://services.arcgis.com/nx9zcV4VjX0IwxpW/arcgis/rest/services/Police_Jurisdictions/FeatureServer/0,2026-07-06T16:43:28.733000+00:00
4209186496,Montgomery,Worcester Township,State Police coverage only,State Police Coverage Only,PA046SP00,42:police_service:PA046SP00,,,2024_provider_identity_reviewed,10317,https://services.arcgis.com/nx9zcV4VjX0IwxpW/arcgis/rest/services/Police_Jurisdictions/FeatureServer/0,2026-07-06T16:43:28.733000+00:00
4209302664,Montour,Anthony Township,State Police coverage only,State Police Coverage Only,PA047SP00,42:police_service:PA047SP00,,,2024_provider_identity_reviewed,1452,https://services.arcgis.com/nx9zcV4VjX0IwxpW/arcgis/rest/services/Police_Jurisdictions/FeatureServer/0,2026-07-06T16:43:28.733000+00:00
4209316048,Montour,Cooper Township,State Police coverage only,State Police Coverage Only,PA047SP00,42:police_service:PA047SP00,,,2024_provider_identity_reviewed,944,https://services.arcgis.com/nx9zcV4VjX0IwxpW/arcgis/rest/services/Police_Jurisdictions/FeatureServer/0,2026-07-06T16:43:28.733000+00:00
4209318136,Montour,Danville Borough,Municipal Police Force,Danville Boro,PA0470100,42:police_service:PA0470100,,,2024_provider_identity_reviewed,4239,https://services.arcgis.com/nx9zcV4VjX0IwxpW/arcgis/rest/services/Police_Jurisdictions/FeatureServer/0,2026-07-06T16:43:28.733000+00:00
4209318952,Montour,Derry Township,State Police coverage only,State Police Coverage Only,PA047SP00,42:police_service:PA047SP00,,,2024_provider_identity_reviewed,1096,https://services.arcgis.com/nx9zcV4VjX0IwxpW/arcgis/rest/services/Police_Jurisdictions/FeatureServer/0,2026-07-06T16:43:28.733000+00:00
4209343112,Montour,Liberty Township,State Police coverage only,State Police Coverage Only,PA047SP00,42:police_service:PA047SP00,,,2024_provider_identity_reviewed,1795,https://services.arcgis.com/nx9zcV4VjX0IwxpW/arcgis/rest/services/Police_Jurisdictions/FeatureServer/0,2026-07-06T16:43:28.733000+00:00
4209343360,Montour,Limestone Township,State Police coverage only,State Police Coverage Only,PA047SP00,42:police_service:PA047SP00,,,2024_provider_identity_reviewed,1004,https://services.arcgis.com/nx9zcV4VjX0IwxpW/arcgis/rest/services/Police_Jurisdictions/FeatureServer/0,2026-07-06T16:43:28.733000+00:00
4209346656,Montour,Mahoning Township,Municipal Police Force,Mahoning Twp,PA0470200,42:police_service:PA0470200,,,2024_active_official_provider,4559,https://services.arcgis.com/nx9zcV4VjX0IwxpW/arcgis/rest/services/Police_Jurisdictions/FeatureServer/0,2026-07-06T16:43:28.733000+00:00
4209348152,Montour,Mayberry Township,State Police coverage only,State Police Coverage Only,PA047SP00,42:police_service:PA047SP00,,,2024_provider_identity_reviewed,232,https://services.arcgis.com/nx9zcV4VjX0IwxpW/arcgis/rest/services/Police_Jurisdictions/FeatureServer/0,2026-07-06T16:43:28.733000+00:00
4209379552,Montour,Valley Township,State Police coverage only,State Police Coverage Only,PA047SP00,42:police_service:PA047SP00,,,2024_provider_identity_reviewed,2159,https://services.arcgis.com/nx9zcV4VjX0IwxpW/arcgis/rest/services/Police_Jurisdictions/FeatureServer/0,2026-07-06T16:43:28.733000+00:00
4209381424,Montour,Washingtonville Borough,State Police coverage only,State Police Coverage Only,PA047SP00,42:police_service:PA047SP00,,,2024_provider_identity_reviewed,202,https://services.arcgis.com/nx9zcV4VjX0IwxpW/arcgis/rest/services/Police_Jurisdictions/FeatureServer/0,2026-07-06T16:43:28.733000+00:00
4209383144,Montour,West Hemlock Township,State Police coverage only,State Police Coverage Only,PA047SP00,42:police_service:PA047SP00,,,2024_provider_identity_reviewed,454,https://services.arcgis.com/nx9zcV4VjX0IwxpW/arcgis/rest/services/Police_Jurisdictions/FeatureServer/0,2026-07-06T16:43:28.733000+00:00
4209500948,Northampton,Allen Township,State Police coverage only,State Police Coverage Only,PA048SP00,42:police_service:PA048SP00,,,2024_provider_identity_reviewed,5456,https://services.arcgis.com/nx9zcV4VjX0IwxpW/arcgis/rest/services/Police_Jurisdictions/FeatureServer/0,2026-07-06T16:43:28.733000+00:00
4209504032,Northampton,Bangor Borough,Municipal Police Force,Bangor Boro,PA0480100,42:police_service:PA0480100,,,2024_provider_identity_reviewed,5187,https://services.arcgis.com/nx9zcV4VjX0IwxpW/arcgis/rest/services/Police_Jurisdictions/FeatureServer/0,2026-07-06T16:43:28.733000+00:00
4209504432,Northampton,Bath Borough,State Police coverage only,State Police Coverage Only,PA048SP00,42:police_service:PA048SP00,,,2024_provider_identity_reviewed,2808,https://services.arcgis.com/nx9zcV4VjX0IwxpW/arcgis/rest/services/Police_Jurisdictions/FeatureServer/0,2026-07-06T16:43:28.733000+00:00
4209506088,Northampton,Bethlehem City,Municipal Police Force,Bethlehem City,PA0480300,42:police_service:PA0480300,,,2024_provider_identity_reviewed,56009,https://services.arcgis.com/nx9zcV4VjX0IwxpW/arcgis/rest/services/Police_Jurisdictions/FeatureServer/0,2026-07-06T16:43:28.733000+00:00
4209506096,Northampton,Bethlehem Township,Municipal Police Force,Bethlehem Twp,PA0481200,42:police_service:PA0481200,,,2024_active_official_provider,25868,https://services.arcgis.com/nx9zcV4VjX0IwxpW/arcgis/rest/services/Police_Jurisdictions/FeatureServer/0,2026-07-06T16:43:28.733000+00:00
4209510400,Northampton,Bushkill Township,Municipal Police Force,Bushkill Twp,PA0481300,42:police_service:PA0481300,,,2024_active_official_provider,8482,https://services.arcgis.com/nx9zcV4VjX0IwxpW/arcgis/rest/services/Police_Jurisdictions/FeatureServer/0,2026-07-06T16:43:28.733000+00:00
4209512656,Northampton,Chapman Borough,Police Service contracted from another municipality,Moore Twp,PA0481800,42:police_service:PA0481800,,,2024_provider_identity_reviewed,223,https://services.arcgis.com/nx9zcV4VjX0IwxpW/arcgis/rest/services/Police_Jurisdictions/FeatureServer/0,2026-07-06T16:43:28.733000+00:00
4209520736,Northampton,East Allen Township,State Police coverage only,State Police Coverage Only,PA048SP00,42:police_service:PA048SP00,,,2024_provider_identity_reviewed,5013,https://services.arcgis.com/nx9zcV4VjX0IwxpW/arcgis/rest/services/Police_Jurisdictions/FeatureServer/0,2026-07-06T16:43:28.733000+00:00
4209520776,Northampton,East Bangor Borough,Municipal Police Force,East Bangor Boro,PA0481400,42:police_service:PA0481400,,,2024_provider_identity_reviewed,1124,https://services.arcgis.com/nx9zcV4VjX0IwxpW/arcgis/rest/services/Police_Jurisdictions/FeatureServer/0,2026-07-06T16:43:28.733000+00:00
4209521648,Northampton,Easton City,Municipal Police Force,Easton City,PA0480400,42:police_service:PA0480400,,,2024_provider_identity_reviewed,28127,https://services.arcgis.com/nx9zcV4VjX0IwxpW/arcgis/rest/services/Police_Jurisdictions/FeatureServer/0,2026-07-06T16:43:28.733000+00:00
4209526728,Northampton,Forks Township,Municipal Police Force,Forks Twp,PA0481500,42:police_service:PA0481500,,,2024_active_official_provider,16074,https://services.arcgis.com/nx9zcV4VjX0IwxpW/arcgis/rest/services/Police_Jurisdictions/FeatureServer/0,2026-07-06T16:43:28.733000+00:00
4209527760,Northampton,Freemansburg Borough,Municipal Police Force,Freemansburg Boro,PA0483100,42:police_service:PA0483100,,,2024_provider_identity_reviewed,2875,https://services.arcgis.com/nx9zcV4VjX0IwxpW/arcgis/rest/services/Police_Jurisdictions/FeatureServer/0,2026-07-06T16:43:28.733000+00:00
4209529568,Northampton,Glendon Borough,State Police coverage only,State Police Coverage Only,PA048SP00,42:police_service:PA048SP00,,,2024_provider_identity_reviewed,373,https://services.arcgis.com/nx9zcV4VjX0IwxpW/arcgis/rest/services/Police_Jurisdictions/FeatureServer/0,2026-07-06T16:43:28.733000+00:00
4209532432,Northampton,Hanover Township,Regional Police Service,Colonial Regional Police Department,PA0480200,42:police_service:PA0480200,,,2024_provider_identity_reviewed,11783,https://services.arcgis.com/nx9zcV4VjX0IwxpW/arcgis/rest/services/Police_Jurisdictions/FeatureServer/0,2026-07-06T16:43:28.733000+00:00
4209533744,Northampton,Hellertown Borough,Municipal Police Force,Hellertown Boro,PA0480500,42:police_service:PA0480500,,,2024_provider_identity_reviewed,6132,https://services.arcgis.com/nx9zcV4VjX0IwxpW/arcgis/rest/services/Police_Jurisdictions/FeatureServer/0,2026-07-06T16:43:28.733000+00:00
4209542424,Northampton,Lehigh Township,Municipal Police Force,Lehigh Twp,PA0480600,42:police_service:PA0480600,,,2024_active_official_provider,10774,https://services.arcgis.com/nx9zcV4VjX0IwxpW/arcgis/rest/services/Police_Jurisdictions/FeatureServer/0,2026-07-06T16:43:28.733000+00:00
4209545016,Northampton,Lower Mount Bethel Township,State Police coverage only,State Police Coverage Only,PA048SP00,42:police_service:PA048SP00,,,2024_fbi_covered_by,2921,https://services.arcgis.com/nx9zcV4VjX0IwxpW/arcgis/rest/services/Police_Jurisdictions/FeatureServer/0,2026-07-06T16:43:28.733000+00:00
4209545024,Northampton,Lower Nazareth Township,Regional Police Service,Colonial Regional Pd,PA0480200,42:police_service:PA0480200,,,2024_provider_identity_reviewed,6922,https://services.arcgis.com/nx9zcV4VjX0IwxpW/arcgis/rest/services/Police_Jurisdictions/FeatureServer/0,2026-07-06T16:43:28.733000+00:00
4209545104,Northampton,Lower Saucon Township,Municipal Police Force,Lower Saucon Twp,PA0481700,42:police_service:PA0481700,,,2024_active_official_provider,11094,https://services.arcgis.com/nx9zcV4VjX0IwxpW/arcgis/rest/services/Police_Jurisdictions/FeatureServer/0,2026-07-06T16:43:28.733000+00:00
4209550824,Northampton,Moore Township,Municipal Police Force,Moore Twp,PA0481800,42:police_service:PA0481800,,,2024_active_official_provider,9322,https://services.arcgis.com/nx9zcV4VjX0IwxpW/arcgis/rest/services/Police_Jurisdictions/FeatureServer/0,2026-07-06T16:43:28.733000+00:00
4209552808,Northampton,Nazareth Borough,Municipal Police Force,Nazareth Boro,PA0480700,42:police_service:PA0480700,,,2024_provider_identity_reviewed,6053,https://services.arcgis.com/nx9zcV4VjX0IwxpW/arcgis/rest/services/Police_Jurisdictions/FeatureServer/0,2026-07-06T16:43:28.733000+00:00
4209554696,Northampton,Northampton Borough,Municipal Police Force,Northampton Boro,PA0480800,42:police_service:PA0480800,,,2024_provider_identity_reviewed,10395,https://services.arcgis.com/nx9zcV4VjX0IwxpW/arcgis/rest/services/Police_Jurisdictions/FeatureServer/0,2026-07-06T16:43:28.733000+00:00
4209554872,Northampton,North Catasauqua Borough,Municipal Police Force,North Catasauqua Boro,PA0481900,42:police_service:PA0481900,,,2024_provider_identity_reviewed,2971,https://services.arcgis.com/nx9zcV4VjX0IwxpW/arcgis/rest/services/Police_Jurisdictions/FeatureServer/0,2026-07-06T16:43:28.733000+00:00
4209557672,Northampton,Palmer Township,Municipal Police Force,Palmer Twp,PA0480900,42:police_service:PA0480900,,,2024_active_official_provider,22317,https://services.arcgis.com/nx9zcV4VjX0IwxpW/arcgis/rest/services/Police_Jurisdictions/FeatureServer/0,2026-07-06T16:43:28.733000+00:00
4209558696,Northampton,Pen Argyl Borough,Regional Police Service,Slate Belt Regional Police Department,PA0484800,42:police_service:PA0484800,,,2024_fbi_covered_by,3510,https://services.arcgis.com/nx9zcV4VjX0IwxpW/arcgis/rest/services/Police_Jurisdictions/FeatureServer/0,2026-07-06T16:43:28.733000+00:00
4209561088,Northampton,Plainfield Township,Regional Police Service,Slate Belt Regional Police Department,PA0484800,42:police_service:PA0484800,,,2024_fbi_covered_by,6263,https://services.arcgis.com/nx9zcV4VjX0IwxpW/arcgis/rest/services/Police_Jurisdictions/FeatureServer/0,2026-07-06T16:43:28.733000+00:00
4209562264,Northampton,Portland Borough,Municipal Police Force,Portland Boro,PA0482100,42:police_service:PA0482100,,,2024_provider_identity_reviewed,494,https://services.arcgis.com/nx9zcV4VjX0IwxpW/arcgis/rest/services/Police_Jurisdictions/FeatureServer/0,2026-07-06T16:43:28.733000+00:00
4209566168,Northampton,Roseto Borough,Municipal Police Force,Roseto Boro,PA0482200,42:police_service:PA0482200,,,2024_provider_identity_reviewed,1581,https://services.arcgis.com/nx9zcV4VjX0IwxpW/arcgis/rest/services/Police_Jurisdictions/FeatureServer/0,2026-07-06T16:43:28.733000+00:00
4209574232,Northampton,Stockertown Borough,State Police coverage only,State Police Coverage Only,PA048SP00,42:police_service:PA048SP00,,,2024_provider_identity_reviewed,919,https://services.arcgis.com/nx9zcV4VjX0IwxpW/arcgis/rest/services/Police_Jurisdictions/FeatureServer/0,2026-07-06T16:43:28.733000+00:00
4209576144,Northampton,Tatamy Borough,Municipal Police Force,Tatamy Boro,PA0482300,42:police_service:PA0482300,,,2024_provider_identity_reviewed,1203,https://services.arcgis.com/nx9zcV4VjX0IwxpW/arcgis/rest/services/Police_Jurisdictions/FeatureServer/0,2026-07-06T16:43:28.733000+00:00
4209579184,Northampton,Upper Mount Bethel Township,State Police coverage only,State Police Coverage Only,PA048SP00,42:police_service:PA048SP00,,,2024_fbi_covered_by,6439,https://services.arcgis.com/nx9zcV4VjX0IwxpW/arcgis/rest/services/Police_Jurisdictions/FeatureServer/0,2026-07-06T16:43:28.733000+00:00
4209579192,Northampton,Upper Nazareth Township,Municipal Police Force,Upper Nazareth Twp,PA0483200,42:police_service:PA0483200,,,2024_active_official_provider,8127,https://services.arcgis.com/nx9zcV4VjX0IwxpW/arcgis/rest/services/Police_Jurisdictions/FeatureServer/0,2026-07-06T16:43:28.733000+00:00
4209580800,Northampton,Walnutport Borough,Municipal Police Force,Walnutport Boro,PA0482800,42:police_service:PA0482800,,,2024_provider_identity_reviewed,2067,https://services.arcgis.com/nx9zcV4VjX0IwxpW/arcgis/rest/services/Police_Jurisdictions/FeatureServer/0,2026-07-06T16:43:28.733000+00:00
4209581296,Northampton,Washington Township,Municipal Police Force,Washington Twp,PA0482500,42:police_service:PA0482500,,,2024_active_official_provider,5148,https://services.arcgis.com/nx9zcV4VjX0IwxpW/arcgis/rest/services/Police_Jurisdictions/FeatureServer/0,2026-07-06T16:43:28.733000+00:00
4209582832,Northampton,West Easton Borough,Municipal Police Force,West Easton Boro,PA0484900,42:police_service:PA0484900,,,2024_provider_identity_reviewed,1237,https://services.arcgis.com/nx9zcV4VjX0IwxpW/arcgis/rest/services/Police_Jurisdictions/FeatureServer/0,2026-07-06T16:43:28.733000+00:00
4209585256,Northampton,Williams Township,State Police coverage only,State Police Coverage Only,PA048SP00,42:police_service:PA048SP00,,,2024_provider_identity_reviewed,6581,https://services.arcgis.com/nx9zcV4VjX0IwxpW/arcgis/rest/services/Police_Jurisdictions/FeatureServer/0,2026-07-06T16:43:28.733000+00:00
4209585592,Northampton,Wilson Borough,Municipal Police Force,Wilson Boro,PA0481000,42:police_service:PA0481000,,,2024_provider_identity_reviewed,8259,https://services.arcgis.com/nx9zcV4VjX0IwxpW/arcgis/rest/services/Police_Jurisdictions/FeatureServer/0,2026-07-06T16:43:28.733000+00:00
4209585664,Northampton,Wind Gap Borough,Regional Police Service,Slate Belt Regional Police Department,PA0484800,42:police_service:PA0484800,,,2024_fbi_covered_by,2820,https://services.arcgis.com/nx9zcV4VjX0IwxpW/arcgis/rest/services/Police_Jurisdictions/FeatureServer/0,2026-07-06T16:43:28.733000+00:00
4209714536,Northumberland,Coal Township,Municipal Police Force,Coal Twp,PA0490600,42:police_service:PA0490600,,,2024_active_official_provider,10139,https://services.arcgis.com/nx9zcV4VjX0IwxpW/arcgis/rest/services/Police_Jurisdictions/FeatureServer/0,2026-07-06T16:43:28.733000+00:00
4209718696,Northumberland,Delaware Township,State Police coverage only,State Police Coverage Only,PA049SP00,42:police_service:PA049SP00,,,2024_provider_identity_reviewed,4303,https://services.arcgis.com/nx9zcV4VjX0IwxpW/arcgis/rest/services/Police_Jurisdictions/FeatureServer/0,2026-07-06T16:43:28.733000+00:00
4209720928,Northumberland,East Cameron Township,State Police coverage only,State Police Coverage Only,PA049SP00,42:police_service:PA049SP00,,,2024_provider_identity_reviewed,626,https://services.arcgis.com/nx9zcV4VjX0IwxpW/arcgis/rest/services/Police_Jurisdictions/FeatureServer/0,2026-07-06T16:43:28.733000+00:00
4209720976,Northumberland,East Chillisquaque Township,State Police coverage only,State Police Coverage Only,PA049SP00,42:police_service:PA049SP00,,,2024_provider_identity_reviewed,676,https://services.arcgis.com/nx9zcV4VjX0IwxpW/arcgis/rest/services/Police_Jurisdictions/FeatureServer/0,2026-07-06T16:43:28.733000+00:00
4209734080,Northumberland,Herndon Borough,State Police coverage only,State Police Coverage Only,PA049SP00,42:police_service:PA049SP00,,,2024_provider_identity_reviewed,347,https://services.arcgis.com/nx9zcV4VjX0IwxpW/arcgis/rest/services/Police_Jurisdictions/FeatureServer/0,2026-07-06T16:43:28.733000+00:00
4209737432,Northumberland,Jackson Township,State Police coverage only,State Police Coverage Only,PA049SP00,42:police_service:PA049SP00,,,2024_provider_identity_reviewed,898,https://services.arcgis.com/nx9zcV4VjX0IwxpW/arcgis/rest/services/Police_Jurisdictions/FeatureServer/0,2026-07-06T16:43:28.733000+00:00
4209738456,Northumberland,Jordan Township,State Police coverage only,State Police Coverage Only,PA049SP00,42:police_service:PA049SP00,,,2024_provider_identity_reviewed,783,https://services.arcgis.com/nx9zcV4VjX0IwxpW/arcgis/rest/services/Police_Jurisdictions/FeatureServer/0,2026-07-06T16:43:28.733000+00:00
4209740584,Northumberland,Kulpmont Borough,Municipal Police Force,Kulpmont Boro,PA0490700,42:police_service:PA0490700,,,2024_provider_identity_reviewed,2758,https://services.arcgis.com/nx9zcV4VjX0IwxpW/arcgis/rest/services/Police_Jurisdictions/FeatureServer/0,2026-07-06T16:43:28.733000+00:00
4209742952,Northumberland,Lewis Township,State Police coverage only,State Police Coverage Only,PA049SP00,42:police_service:PA049SP00,,,2024_provider_identity_reviewed,1944,https://services.arcgis.com/nx9zcV4VjX0IwxpW/arcgis/rest/services/Police_Jurisdictions/FeatureServer/0,2026-07-06T16:43:28.733000+00:00
4209743912,Northumberland,Little Mahanoy Township,State Police coverage only,State Police Coverage Only,PA049SP00,42:police_service:PA049SP00,,,2024_provider_identity_reviewed,425,https://services.arcgis.com/nx9zcV4VjX0IwxpW/arcgis/rest/services/Police_Jurisdictions/FeatureServer/0,2026-07-06T16:43:28.733000+00:00
4209744856,Northumberland,Lower Augusta Township,State Police coverage only,State Police Coverage Only,PA049SP00,42:police_service:PA049SP00,,,2024_provider_identity_reviewed,1042,https://services.arcgis.com/nx9zcV4VjX0IwxpW/arcgis/rest/services/Police_Jurisdictions/FeatureServer/0,2026-07-06T16:43:28.733000+00:00
4209744960,Northumberland,Lower Mahanoy Township,State Police coverage only,State Police Coverage Only,PA049SP00,42:police_service:PA049SP00,,,2024_fbi_covered_by,1626,https://services.arcgis.com/nx9zcV4VjX0IwxpW/arcgis/rest/services/Police_Jurisdictions/FeatureServer/0,2026-07-06T16:43:28.733000+00:00
4209746120,Northumberland,McEwensville Borough,State Police coverage only,State Police Coverage Only,PA049SP00,42:police_service:PA049SP00,,,2024_provider_identity_reviewed,293,https://services.arcgis.com/nx9zcV4VjX0IwxpW/arcgis/rest/services/Police_Jurisdictions/FeatureServer/0,2026-07-06T16:43:28.733000+00:00
4209747480,Northumberland,Marion Heights Borough,Police Service contracted from another municipality,Mt Carmel Twp,PA0491800,42:police_service:PA0491800,,,2024_provider_identity_reviewed,560,https://services.arcgis.com/nx9zcV4VjX0IwxpW/arcgis/rest/services/Police_Jurisdictions/FeatureServer/0,2026-07-06T16:43:28.733000+00:00
4209750016,Northumberland,Milton Borough,Municipal Police Force,Milton Boro,PA0490100,42:police_service:PA0490100,,,2024_provider_identity_reviewed,6609,https://services.arcgis.com/nx9zcV4VjX0IwxpW/arcgis/rest/services/Police_Jurisdictions/FeatureServer/0,2026-07-06T16:43:28.733000+00:00
4209751496,Northumberland,Mount Carmel Borough,Municipal Police Force,Mt Carmel Boro,PA0490200,42:police_service:PA0490200,,,2024_provider_identity_reviewed,5725,https://services.arcgis.com/nx9zcV4VjX0IwxpW/arcgis/rest/services/Police_Jurisdictions/FeatureServer/0,2026-07-06T16:43:28.733000+00:00
4209751504,Northumberland,Mount Carmel Township,Municipal Police Force,Mt Carmel Twp,PA0491800,42:police_service:PA0491800,,,2024_provider_identity_reviewed,2500,https://services.arcgis.com/nx9zcV4VjX0IwxpW/arcgis/rest/services/Police_Jurisdictions/FeatureServer/0,2026-07-06T16:43:28.733000+00:00
4209755456,Northumberland,Northumberland Borough,Municipal Police Force,Northumberland Boro,PA0490300,42:police_service:PA0490300,,,2024_provider_identity_reviewed,3911,https://services.arcgis.com/nx9zcV4VjX0IwxpW/arcgis/rest/services/Police_Jurisdictions/FeatureServer/0,2026-07-06T16:43:28.733000+00:00
4209761832,Northumberland,Point Township,Municipal Police Force,Point Twp,PA0491600,42:police_service:PA0491600,,,2024_active_official_provider,3832,https://services.arcgis.com/nx9zcV4VjX0IwxpW/arcgis/rest/services/Police_Jurisdictions/FeatureServer/0,2026-07-06T16:43:28.733000+00:00
4209763328,Northumberland,Ralpho Township,Municipal Police Force,Ralpho Twp,PA0491200,42:police_service:PA0491200,,,2024_active_official_provider,4186,https://services.arcgis.com/nx9zcV4VjX0IwxpW/arcgis/rest/services/Police_Jurisdictions/FeatureServer/0,2026-07-06T16:43:28.733000+00:00
4209765112,Northumberland,Riverside Borough,Municipal Police Force,Riverside Boro,PA0491300,42:police_service:PA0491300,,,2024_provider_identity_reviewed,2040,https://services.arcgis.com/nx9zcV4VjX0IwxpW/arcgis/rest/services/Police_Jurisdictions/FeatureServer/0,2026-07-06T16:43:28.733000+00:00
4209765472,Northumberland,Rockefeller Township,State Police coverage only,State Police Coverage Only,PA049SP00,42:police_service:PA049SP00,,,2024_provider_identity_reviewed,2362,https://services.arcgis.com/nx9zcV4VjX0IwxpW/arcgis/rest/services/Police_Jurisdictions/FeatureServer/0,2026-07-06T16:43:28.733000+00:00
4209766752,Northumberland,Rush Township,State Police coverage only,State Police Coverage Only,PA049SP00,42:police_service:PA049SP00,,,2024_provider_identity_reviewed,1199,https://services.arcgis.com/nx9zcV4VjX0IwxpW/arcgis/rest/services/Police_Jurisdictions/FeatureServer/0,2026-07-06T16:43:28.733000+00:00
4209769600,Northumberland,Shamokin City,Municipal Police Force,Shamokin City,PA0490400,42:police_service:PA0490400,,,2024_provider_identity_reviewed,6942,https://services.arcgis.com/nx9zcV4VjX0IwxpW/arcgis/rest/services/Police_Jurisdictions/FeatureServer/0,2026-07-06T16:43:28.733000+00:00
4209769608,Northumberland,Shamokin Township,State Police coverage only,State Police Coverage Only,PA049SP00,42:police_service:PA049SP00,,,2024_provider_identity_reviewed,2373,https://services.arcgis.com/nx9zcV4VjX0IwxpW/arcgis/rest/services/Police_Jurisdictions/FeatureServer/0,2026-07-06T16:43:28.733000+00:00
4209771688,Northumberland,Snydertown Borough,State Police coverage only,State Police Coverage Only,PA049SP00,42:police_service:PA049SP00,,,2024_provider_identity_reviewed,325,https://services.arcgis.com/nx9zcV4VjX0IwxpW/arcgis/rest/services/Police_Jurisdictions/FeatureServer/0,2026-07-06T16:43:28.733000+00:00
4209775304,Northumberland,Sunbury City,Municipal Police Force,Sunbury City,PA0490500,42:police_service:PA0490500,,,2024_provider_identity_reviewed,9719,https://services.arcgis.com/nx9zcV4VjX0IwxpW/arcgis/rest/services/Police_Jurisdictions/FeatureServer/0,2026-07-06T16:43:28.733000+00:00
4209777830,Northumberland,Turbot Township,State Police coverage only,State Police Coverage Only,PA049SP00,42:police_service:PA049SP00,,,2024_provider_identity_reviewed,1815,https://services.arcgis.com/nx9zcV4VjX0IwxpW/arcgis/rest/services/Police_Jurisdictions/FeatureServer/0,2026-07-06T16:43:28.733000+00:00
4209777832,Northumberland,Turbotville Borough,State Police coverage only,State Police Coverage Only,PA049SP00,42:police_service:PA049SP00,,,2024_provider_identity_reviewed,677,https://services.arcgis.com/nx9zcV4VjX0IwxpW/arcgis/rest/services/Police_Jurisdictions/FeatureServer/0,2026-07-06T16:43:28.733000+00:00
4209778744,Northumberland,Upper Augusta Township,State Police coverage only,State Police Coverage Only,PA049SP00,42:police_service:PA049SP00,,,2024_provider_identity_reviewed,2478,https://services.arcgis.com/nx9zcV4VjX0IwxpW/arcgis/rest/services/Police_Jurisdictions/FeatureServer/0,2026-07-06T16:43:28.733000+00:00
4209779112,Northumberland,Upper Mahanoy Township,State Police coverage only,State Police Coverage Only,PA049SP00,42:police_service:PA049SP00,,,2024_provider_identity_reviewed,648,https://services.arcgis.com/nx9zcV4VjX0IwxpW/arcgis/rest/services/Police_Jurisdictions/FeatureServer/0,2026-07-06T16:43:28.733000+00:00
4209781304,Northumberland,Washington Township,State Police coverage only,State Police Coverage Only,PA049SP00,42:police_service:PA049SP00,,,2024_provider_identity_reviewed,753,https://services.arcgis.com/nx9zcV4VjX0IwxpW/arcgis/rest/services/Police_Jurisdictions/FeatureServer/0,2026-07-06T16:43:28.733000+00:00
4209781616,Northumberland,Watsontown Borough,Municipal Police Force,Watsontown Boro,PA0491400,42:police_service:PA0491400,,,2024_provider_identity_reviewed,2237,https://services.arcgis.com/nx9zcV4VjX0IwxpW/arcgis/rest/services/Police_Jurisdictions/FeatureServer/0,2026-07-06T16:43:28.733000+00:00
4209782680,Northumberland,West Cameron Township,State Police coverage only,State Police Coverage Only,PA049SP00,42:police_service:PA049SP00,,,2024_provider_identity_reviewed,497,https://services.arcgis.com/nx9zcV4VjX0IwxpW/arcgis/rest/services/Police_Jurisdictions/FeatureServer/0,2026-07-06T16:43:28.733000+00:00
4209782712,Northumberland,West Chillisquaque Township,State Police coverage only,State Police Coverage Only,PA049SP00,42:police_service:PA049SP00,,,2024_provider_identity_reviewed,2597,https://services.arcgis.com/nx9zcV4VjX0IwxpW/arcgis/rest/services/Police_Jurisdictions/FeatureServer/0,2026-07-06T16:43:28.733000+00:00
4209787280,Northumberland,Zerbe Township,State Police coverage only,State Police Coverage Only,PA049SP00,42:police_service:PA049SP00,,,2024_provider_identity_reviewed,1802,https://services.arcgis.com/nx9zcV4VjX0IwxpW/arcgis/rest/services/Police_Jurisdictions/FeatureServer/0,2026-07-06T16:43:28.733000+00:00
4209906824,Perry,Blain Borough,State Police coverage only,State Police Coverage Only,PA050SP00,42:police_service:PA050SP00,,PAPSP1800,2024_provider_identity_reviewed,229,https://services.arcgis.com/nx9zcV4VjX0IwxpW/arcgis/rest/services/Police_Jurisdictions/FeatureServer/0,2026-07-06T16:43:28.733000+00:00
4209907040,Perry,Bloomfield Borough,State Police coverage only,State Police Coverage Only,PA050SP00,42:police_service:PA050SP00,,PAPSP1800,2024_provider_identity_reviewed,1219,https://services.arcgis.com/nx9zcV4VjX0IwxpW/arcgis/rest/services/Police_Jurisdictions/FeatureServer/0,2026-07-06T16:43:28.733000+00:00
4209910008,Perry,Buffalo Township,State Police coverage only,State Police Coverage Only,PA050SP00,42:police_service:PA050SP00,,PAPSP1800,2024_provider_identity_reviewed,1224,https://services.arcgis.com/nx9zcV4VjX0IwxpW/arcgis/rest/services/Police_Jurisdictions/FeatureServer/0,2026-07-06T16:43:28.733000+00:00
4209911416,Perry,Carroll Township,State Police coverage only,State Police Coverage Only,PA050SP00,42:police_service:PA050SP00,,PAPSP1800,2024_provider_identity_reviewed,5238,https://services.arcgis.com/nx9zcV4VjX0IwxpW/arcgis/rest/services/Police_Jurisdictions/FeatureServer/0,2026-07-06T16:43:28.733000+00:00
4209912360,Perry,Centre Township,State Police coverage only,State Police Coverage Only,PA050SP00,42:police_service:PA050SP00,,PAPSP1800,2024_provider_identity_reviewed,2529,https://services.arcgis.com/nx9zcV4VjX0IwxpW/arcgis/rest/services/Police_Jurisdictions/FeatureServer/0,2026-07-06T16:43:28.733000+00:00
4209920240,Perry,Duncannon Borough,State Police coverage only,State Police Coverage Only,PA050SP00,42:police_service:PA050SP00,,PAPSP1800,2024_fbi_covered_by,1478,https://services.arcgis.com/nx9zcV4VjX0IwxpW/arcgis/rest/services/Police_Jurisdictions/FeatureServer/0,2026-07-06T16:43:28.733000+00:00
4209931440,Perry,Greenwood Township,State Police coverage only,State Police Coverage Only,PA050SP00,42:police_service:PA050SP00,,PAPSP1800,2024_provider_identity_reviewed,1030,https://services.arcgis.com/nx9zcV4VjX0IwxpW/arcgis/rest/services/Police_Jurisdictions/FeatureServer/0,2026-07-06T16:43:28.733000+00:00
4209936000,Perry,Howe Township,State Police coverage only,State Police Coverage Only,PA050SP00,42:police_service:PA050SP00,,PAPSP1800,2024_provider_identity_reviewed,379,https://services.arcgis.com/nx9zcV4VjX0IwxpW/arcgis/rest/services/Police_Jurisdictions/FeatureServer/0,2026-07-06T16:43:28.733000+00:00
4209937440,Perry,Jackson Township,State Police coverage only,State Police Coverage Only,PA050SP00,42:police_service:PA050SP00,,PAPSP1800,2024_provider_identity_reviewed,590,https://services.arcgis.com/nx9zcV4VjX0IwxpW/arcgis/rest/services/Police_Jurisdictions/FeatureServer/0,2026-07-06T16:43:28.733000+00:00
4209938616,Perry,Juniata Township,State Police coverage only,State Police Coverage Only,PA050SP00,42:police_service:PA050SP00,,PAPSP1800,2024_provider_identity_reviewed,1537,https://services.arcgis.com/nx9zcV4VjX0IwxpW/arcgis/rest/services/Police_Jurisdictions/FeatureServer/0,2026-07-06T16:43:28.733000+00:00
4209941272,Perry,Landisburg Borough,State Police coverage only,State Police Coverage Only,PA050SP00,42:police_service:PA050SP00,,PAPSP1800,2024_provider_identity_reviewed,221,https://services.arcgis.com/nx9zcV4VjX0IwxpW/arcgis/rest/services/Police_Jurisdictions/FeatureServer/0,2026-07-06T16:43:28.733000+00:00
4209943968,Perry,Liverpool Borough,State Police coverage only,State Police Coverage Only,PA050SP00,42:police_service:PA050SP00,,PAPSP1800,2024_provider_identity_reviewed,960,https://services.arcgis.com/nx9zcV4VjX0IwxpW/arcgis/rest/services/Police_Jurisdictions/FeatureServer/0,2026-07-06T16:43:28.733000+00:00
4209943976,Perry,Liverpool Township,State Police coverage only,State Police Coverage Only,PA050SP00,42:police_service:PA050SP00,,PAPSP1800,2024_provider_identity_reviewed,1037,https://services.arcgis.com/nx9zcV4VjX0IwxpW/arcgis/rest/services/Police_Jurisdictions/FeatureServer/0,2026-07-06T16:43:28.733000+00:00
4209947968,Perry,Marysville Borough,Municipal Police Force,Marysville Boro,PA0500100,42:police_service:PA0500100,,,2024_provider_identity_reviewed,2652,https://services.arcgis.com/nx9zcV4VjX0IwxpW/arcgis/rest/services/Police_Jurisdictions/FeatureServer/0,2026-07-06T16:43:28.733000+00:00
4209949632,Perry,Miller Township,State Police coverage only,State Police Coverage Only,PA050SP00,42:police_service:PA050SP00,,PAPSP1800,2024_provider_identity_reviewed,962,https://services.arcgis.com/nx9zcV4VjX0IwxpW/arcgis/rest/services/Police_Jurisdictions/FeatureServer/0,2026-07-06T16:43:28.733000+00:00
4209949720,Perry,Millerstown Borough,State Police coverage only,State Police Coverage Only,PA050SP00,42:police_service:PA050SP00,,PAPSP1800,2024_provider_identity_reviewed,691,https://services.arcgis.com/nx9zcV4VjX0IwxpW/arcgis/rest/services/Police_Jurisdictions/FeatureServer/0,2026-07-06T16:43:28.733000+00:00
4209953320,Perry,New Buffalo Borough,State Police coverage only,State Police Coverage Only,PA050SP00,42:police_service:PA050SP00,,PAPSP1800,2024_provider_identity_reviewed,124,https://services.arcgis.com/nx9zcV4VjX0IwxpW/arcgis/rest/services/Police_Jurisdictions/FeatureServer/0,2026-07-06T16:43:28.733000+00:00
4209953968,Perry,Newport Borough,State Police coverage only,State Police Coverage Only,PA050SP00,42:police_service:PA050SP00,,PAPSP1800,2024_fbi_covered_by,1485,https://services.arcgis.com/nx9zcV4VjX0IwxpW/arcgis/rest/services/Police_Jurisdictions/FeatureServer/0,2026-07-06T16:43:28.733000+00:00
4209954968,Perry,Northeast Madison Township,State Police coverage only,State Police Coverage Only,PA050SP00,42:police_service:PA050SP00,,PAPSP1800,2024_provider_identity_reviewed,831,https://services.arcgis.com/nx9zcV4VjX0IwxpW/arcgis/rest/services/Police_Jurisdictions/FeatureServer/0,2026-07-06T16:43:28.733000+00:00
4209956728,Perry,Oliver Township,State Police coverage only,State Police Coverage Only,PA050SP00,42:police_service:PA050SP00,,PAPSP1800,2024_fbi_covered_by,2043,https://services.arcgis.com/nx9zcV4VjX0IwxpW/arcgis/rest/services/Police_Jurisdictions/FeatureServer/0,2026-07-06T16:43:28.733000+00:00
4209958856,Perry,Penn Township,State Police coverage only,State Police Coverage Only,PA050SP00,42:police_service:PA050SP00,,PAPSP1800,2024_fbi_covered_by,3098,https://services.arcgis.com/nx9zcV4VjX0IwxpW/arcgis/rest/services/Police_Jurisdictions/FeatureServer/0,2026-07-06T16:43:28.733000+00:00
4209966976,Perry,Rye Township,State Police coverage only,State Police Coverage Only,PA050SP00,42:police_service:PA050SP00,,PAPSP1800,2024_fbi_covered_by,2263,https://services.arcgis.com/nx9zcV4VjX0IwxpW/arcgis/rest/services/Police_Jurisdictions/FeatureServer/0,2026-07-06T16:43:28.733000+00:00
4209968032,Perry,Saville Township,State Police coverage only,State Police Coverage Only,PA050SP00,42:police_service:PA050SP00,,PAPSP1800,2024_provider_identity_reviewed,2597,https://services.arcgis.com/nx9zcV4VjX0IwxpW/arcgis/rest/services/Police_Jurisdictions/FeatureServer/0,2026-07-06T16:43:28.733000+00:00
4209972624,Perry,Southwest Madison Township,State Police coverage only,State Police Coverage Only,PA050SP00,42:police_service:PA050SP00,,PAPSP1800,2024_provider_identity_reviewed,1017,https://services.arcgis.com/nx9zcV4VjX0IwxpW/arcgis/rest/services/Police_Jurisdictions/FeatureServer/0,2026-07-06T16:43:28.733000+00:00
4209972848,Perry,Spring Township,State Police coverage only,State Police Coverage Only,PA050SP00,42:police_service:PA050SP00,,PAPSP1800,2024_provider_identity_reviewed,2295,https://services.arcgis.com/nx9zcV4VjX0IwxpW/arcgis/rest/services/Police_Jurisdictions/FeatureServer/0,2026-07-06T16:43:28.733000+00:00
4209976920,Perry,Toboyne Township,State Police coverage only,State Police Coverage Only,PA050SP00,42:police_service:PA050SP00,,PAPSP1800,2024_provider_identity_reviewed,469,https://services.arcgis.com/nx9zcV4VjX0IwxpW/arcgis/rest/services/Police_Jurisdictions/FeatureServer/0,2026-07-06T16:43:28.733000+00:00
4209977960,Perry,Tuscarora Township,State Police coverage only,State Police Coverage Only,PA050SP00,42:police_service:PA050SP00,,PAPSP1800,2024_provider_identity_reviewed,1313,https://services.arcgis.com/nx9zcV4VjX0IwxpW/arcgis/rest/services/Police_Jurisdictions/FeatureServer/0,2026-07-06T16:43:28.733000+00:00
4209978184,Perry,Tyrone Township,State Police coverage only,State Police Coverage Only,PA050SP00,42:police_service:PA050SP00,,PAPSP1800,2024_provider_identity_reviewed,1897,https://services.arcgis.com/nx9zcV4VjX0IwxpW/arcgis/rest/services/Police_Jurisdictions/FeatureServer/0,2026-07-06T16:43:28.733000+00:00
4209981640,Perry,Watts Township,State Police coverage only,State Police Coverage Only,PA050SP00,42:police_service:PA050SP00,,PAPSP1800,2024_provider_identity_reviewed,1231,https://services.arcgis.com/nx9zcV4VjX0IwxpW/arcgis/rest/services/Police_Jurisdictions/FeatureServer/0,2026-07-06T16:43:28.733000+00:00
4209984368,Perry,Wheatfield Township,State Police coverage only,State Police Coverage Only,PA050SP00,42:police_service:PA050SP00,,PAPSP1800,2024_provider_identity_reviewed,3203,https://services.arcgis.com/nx9zcV4VjX0IwxpW/arcgis/rest/services/Police_Jurisdictions/FeatureServer/0,2026-07-06T16:43:28.733000+00:00
4210160000,Philadelphia,Philadelphia City,Municipal Police Force,Philadelphia City,PAPEP0000,42:police_service:PAPEP0000,,,2024_provider_identity_reviewed,1603797,https://services.arcgis.com/nx9zcV4VjX0IwxpW/arcgis/rest/services/Police_Jurisdictions/FeatureServer/0,2026-07-06T16:43:28.733000+00:00
4210307088,Pike,Blooming Grove Township,State Police coverage only,State Police Coverage Only,PA052SP00,42:police_service:PA052SP00,,,2024_provider_identity_reviewed,5415,https://services.arcgis.com/nx9zcV4VjX0IwxpW/arcgis/rest/services/Police_Jurisdictions/FeatureServer/0,2026-07-06T16:43:28.733000+00:00
4210318704,Pike,Delaware Township,State Police coverage only,State Police Coverage Only,PA052SP00,42:police_service:PA052SP00,,,2024_provider_identity_reviewed,7453,https://services.arcgis.com/nx9zcV4VjX0IwxpW/arcgis/rest/services/Police_Jurisdictions/FeatureServer/0,2026-07-06T16:43:28.733000+00:00
4210319272,Pike,Dingman Township,State Police coverage only,State Police Coverage Only,PA052SP00,42:police_service:PA052SP00,,,2024_provider_identity_reviewed,12490,https://services.arcgis.com/nx9zcV4VjX0IwxpW/arcgis/rest/services/Police_Jurisdictions/FeatureServer/0,2026-07-06T16:43:28.733000+00:00
4210330976,Pike,Greene Township,State Police coverage only,State Police Coverage Only,PA052SP00,42:police_service:PA052SP00,,,2024_provider_identity_reviewed,3452,https://services.arcgis.com/nx9zcV4VjX0IwxpW/arcgis/rest/services/Police_Jurisdictions/FeatureServer/0,2026-07-06T16:43:28.733000+00:00
4210340776,Pike,Lackawaxen Township,State Police coverage only,State Police Coverage Only,PA052SP00,42:police_service:PA052SP00,,,2024_provider_identity_reviewed,5072,https://services.arcgis.com/nx9zcV4VjX0IwxpW/arcgis/rest/services/Police_Jurisdictions/FeatureServer/0,2026-07-06T16:43:28.733000+00:00
4210342512,Pike,Lehman Township,State Police coverage only,State Police Coverage Only,PA052SP00,42:police_service:PA052SP00,,,2024_provider_identity_reviewed,10843,https://services.arcgis.com/nx9zcV4VjX0IwxpW/arcgis/rest/services/Police_Jurisdictions/FeatureServer/0,2026-07-06T16:43:28.733000+00:00
4210348048,Pike,Matamoras Borough,Regional Police Service,Eastern Pike Regional Police Department,PA0520400,42:police_service:PA0520400,,,2024_fbi_covered_by,2362,https://services.arcgis.com/nx9zcV4VjX0IwxpW/arcgis/rest/services/Police_Jurisdictions/FeatureServer/0,2026-07-06T16:43:28.733000+00:00
4210349400,Pike,Milford Borough,Municipal Police Force,Milford Boro,PA0520200,42:police_service:PA0520200,,,2024_provider_identity_reviewed,1103,https://services.arcgis.com/nx9zcV4VjX0IwxpW/arcgis/rest/services/Police_Jurisdictions/FeatureServer/0,2026-07-06T16:43:28.733000+00:00
4210349408,Pike,Milford Township,State Police coverage only,State Police Coverage Only,PA052SP00,42:police_service:PA052SP00,,,2024_provider_identity_reviewed,1523,https://services.arcgis.com/nx9zcV4VjX0IwxpW/arcgis/rest/services/Police_Jurisdictions/FeatureServer/0,2026-07-06T16:43:28.733000+00:00
4210357728,Pike,Palmyra Township,State Police coverage only,State Police Coverage Only,PA052SP00,42:police_service:PA052SP00,,,2024_provider_identity_reviewed,3206,https://services.arcgis.com/nx9zcV4VjX0IwxpW/arcgis/rest/services/Police_Jurisdictions/FeatureServer/0,2026-07-06T16:43:28.733000+00:00
4210362192,Pike,Porter Township,State Police coverage only,State Police Coverage Only,PA052SP00,42:police_service:PA052SP00,,,2024_provider_identity_reviewed,551,https://services.arcgis.com/nx9zcV4VjX0IwxpW/arcgis/rest/services/Police_Jurisdictions/FeatureServer/0,2026-07-06T16:43:28.733000+00:00
4210370496,Pike,Shohola Township,State Police coverage only,State Police Coverage Only,PA052SP00,42:police_service:PA052SP00,,,2024_provider_identity_reviewed,2528,https://services.arcgis.com/nx9zcV4VjX0IwxpW/arcgis/rest/services/Police_Jurisdictions/FeatureServer/0,2026-07-06T16:43:28.733000+00:00
4210382928,Pike,Westfall Township,Regional Police Service,Eastern Pike Regional Police Department,PA0520400,42:police_service:PA0520400,,,2024_provider_identity_reviewed,2537,https://services.arcgis.com/nx9zcV4VjX0IwxpW/arcgis/rest/services/Police_Jurisdictions/FeatureServer/0,2026-07-06T16:43:28.733000+00:00
4210500108,Potter,Abbott Township,State Police coverage only,State Police Coverage Only,PA053SP00,42:police_service:PA053SP00,,,2024_provider_identity_reviewed,228,https://services.arcgis.com/nx9zcV4VjX0IwxpW/arcgis/rest/services/Police_Jurisdictions/FeatureServer/0,2026-07-06T16:43:28.733000+00:00
4210500836,Potter,Allegany Township,State Police coverage only,State Police Coverage Only,PA053SP00,42:police_service:PA053SP00,,,2024_provider_identity_reviewed,397,https://services.arcgis.com/nx9zcV4VjX0IwxpW/arcgis/rest/services/Police_Jurisdictions/FeatureServer/0,2026-07-06T16:43:28.733000+00:00
4210503576,Potter,Austin Borough,State Police coverage only,State Police Coverage Only,PA053SP00,42:police_service:PA053SP00,,,2024_fbi_covered_by,482,https://services.arcgis.com/nx9zcV4VjX0IwxpW/arcgis/rest/services/Police_Jurisdictions/FeatureServer/0,2026-07-06T16:43:28.733000+00:00
4210506432,Potter,Bingham Township,State Police coverage only,State Police Coverage Only,PA053SP00,42:police_service:PA053SP00,,,2024_provider_identity_reviewed,619,https://services.arcgis.com/nx9zcV4VjX0IwxpW/arcgis/rest/services/Police_Jurisdictions/FeatureServer/0,2026-07-06T16:43:28.733000+00:00
4210513760,Potter,Clara Township,State Police coverage only,State Police Coverage Only,PA053SP00,42:police_service:PA053SP00,,,2024_provider_identity_reviewed,177,https://services.arcgis.com/nx9zcV4VjX0IwxpW/arcgis/rest/services/Police_Jurisdictions/FeatureServer/0,2026-07-06T16:43:28.733000+00:00
4210516448,Potter,Coudersport Borough,Municipal Police Force,Coudersport Boro,PA0530100,42:police_service:PA0530100,,,2024_provider_identity_reviewed,2381,https://services.arcgis.com/nx9zcV4VjX0IwxpW/arcgis/rest/services/Police_Jurisdictions/FeatureServer/0,2026-07-06T16:43:28.733000+00:00
4210524184,Potter,Eulalia Township,State Police coverage only,State Police Coverage Only,PA053SP00,42:police_service:PA053SP00,,,2024_provider_identity_reviewed,909,https://services.arcgis.com/nx9zcV4VjX0IwxpW/arcgis/rest/services/Police_Jurisdictions/FeatureServer/0,2026-07-06T16:43:28.733000+00:00
4210528280,Potter,Galeton Borough,Municipal Police Force,Galeton  Boro,PA0530200,42:police_service:PA0530200,,,2024_provider_identity_reviewed,990,https://services.arcgis.com/nx9zcV4VjX0IwxpW/arcgis/rest/services/Police_Jurisdictions/FeatureServer/0,2026-07-06T16:43:28.733000+00:00
4210528760,Potter,Genesee Township,State Police coverage only,State Police Coverage Only,PA053SP00,42:police_service:PA053SP00,,,2024_provider_identity_reviewed,726,https://services.arcgis.com/nx9zcV4VjX0IwxpW/arcgis/rest/services/Police_Jurisdictions/FeatureServer/0,2026-07-06T16:43:28.733000+00:00
4210532848,Potter,Harrison Township,State Police coverage only,State Police Coverage Only,PA053SP00,42:police_service:PA053SP00,,,2024_provider_identity_reviewed,1022,https://services.arcgis.com/nx9zcV4VjX0IwxpW/arcgis/rest/services/Police_Jurisdictions/FeatureServer/0,2026-07-06T16:43:28.733000+00:00
4210533512,Potter,Hebron Township,State Police coverage only,State Police Coverage Only,PA053SP00,42:police_service:PA053SP00,,,2024_provider_identity_reviewed,591,https://services.arcgis.com/nx9zcV4VjX0IwxpW/arcgis/rest/services/Police_Jurisdictions/FeatureServer/0,2026-07-06T16:43:28.733000+00:00
4210533568,Potter,Hector Township,State Police coverage only,State Police Coverage Only,PA053SP00,42:police_service:PA053SP00,,,2024_provider_identity_reviewed,343,https://services.arcgis.com/nx9zcV4VjX0IwxpW/arcgis/rest/services/Police_Jurisdictions/FeatureServer/0,2026-07-06T16:43:28.733000+00:00
4210535400,Potter,Homer Township,State Police coverage only,State Police Coverage Only,PA053SP00,42:police_service:PA053SP00,,,2024_provider_identity_reviewed,438,https://services.arcgis.com/nx9zcV4VjX0IwxpW/arcgis/rest/services/Police_Jurisdictions/FeatureServer/0,2026-07-06T16:43:28.733000+00:00
4210538920,Potter,Keating Township,State Police coverage only,State Police Coverage Only,PA053SP00,42:police_service:PA053SP00,,,2024_provider_identity_reviewed,286,https://services.arcgis.com/nx9zcV4VjX0IwxpW/arcgis/rest/services/Police_Jurisdictions/FeatureServer/0,2026-07-06T16:43:28.733000+00:00
4210557280,Potter,Oswayo Borough,State Police coverage only,State Police Coverage Only,PA053SP00,42:police_service:PA053SP00,,,2024_provider_identity_reviewed,134,https://services.arcgis.com/nx9zcV4VjX0IwxpW/arcgis/rest/services/Police_Jurisdictions/FeatureServer/0,2026-07-06T16:43:28.733000+00:00
4210557288,Potter,Oswayo Township,State Police coverage only,State Police Coverage Only,PA053SP00,42:police_service:PA053SP00,,,2024_provider_identity_reviewed,224,https://services.arcgis.com/nx9zcV4VjX0IwxpW/arcgis/rest/services/Police_Jurisdictions/FeatureServer/0,2026-07-06T16:43:28.733000+00:00
4210560200,Potter,Pike Township,State Police coverage only,State Police Coverage Only,PA053SP00,42:police_service:PA053SP00,,,2024_provider_identity_reviewed,325,https://services.arcgis.com/nx9zcV4VjX0IwxpW/arcgis/rest/services/Police_Jurisdictions/FeatureServer/0,2026-07-06T16:43:28.733000+00:00
4210561400,Potter,Pleasant Valley Township,State Police coverage only,State Police Coverage Only,PA053SP00,42:police_service:PA053SP00,,,2024_provider_identity_reviewed,78,https://services.arcgis.com/nx9zcV4VjX0IwxpW/arcgis/rest/services/Police_Jurisdictions/FeatureServer/0,2026-07-06T16:43:28.733000+00:00
4210562072,Potter,Portage Township,State Police coverage only,State Police Coverage Only,PA053SP00,42:police_service:PA053SP00,,,2024_provider_identity_reviewed,162,https://services.arcgis.com/nx9zcV4VjX0IwxpW/arcgis/rest/services/Police_Jurisdictions/FeatureServer/0,2026-07-06T16:43:28.733000+00:00
4210566416,Potter,Roulette Township,State Police coverage only,State Police Coverage Only,PA053SP00,42:police_service:PA053SP00,,,2024_fbi_covered_by,1099,https://services.arcgis.com/nx9zcV4VjX0IwxpW/arcgis/rest/services/Police_Jurisdictions/FeatureServer/0,2026-07-06T16:43:28.733000+00:00
4210569736,Potter,Sharon Township,State Police coverage only,State Police Coverage Only,PA053SP00,42:police_service:PA053SP00,,,2024_provider_identity_reviewed,784,https://services.arcgis.com/nx9zcV4VjX0IwxpW/arcgis/rest/services/Police_Jurisdictions/FeatureServer/0,2026-07-06T16:43:28.733000+00:00
4210570304,Potter,Shinglehouse Borough,Municipal Police Force,Shinglehouse Boro,PA0530400,42:police_service:PA0530400,,,2024_provider_identity_reviewed,1103,https://services.arcgis.com/nx9zcV4VjX0IwxpW/arcgis/rest/services/Police_Jurisdictions/FeatureServer/0,2026-07-06T16:43:28.733000+00:00
4210574072,Potter,Stewardson Township,State Police coverage only,State Police Coverage Only,PA053SP00,42:police_service:PA053SP00,,,2024_provider_identity_reviewed,62,https://services.arcgis.com/nx9zcV4VjX0IwxpW/arcgis/rest/services/Police_Jurisdictions/FeatureServer/0,2026-07-06T16:43:28.733000+00:00
4210575224,Potter,Summit Township,State Police coverage only,State Police Coverage Only,PA053SP00,42:police_service:PA053SP00,,,2024_provider_identity_reviewed,131,https://services.arcgis.com/nx9zcV4VjX0IwxpW/arcgis/rest/services/Police_Jurisdictions/FeatureServer/0,2026-07-06T16:43:28.733000+00:00
4210575720,Potter,Sweden Township,State Police coverage only,State Police Coverage Only,PA053SP00,42:police_service:PA053SP00,,,2024_provider_identity_reviewed,867,https://services.arcgis.com/nx9zcV4VjX0IwxpW/arcgis/rest/services/Police_Jurisdictions/FeatureServer/0,2026-07-06T16:43:28.733000+00:00
4210575952,Potter,Sylvania Township,State Police coverage only,State Police Coverage Only,PA053SP00,42:police_service:PA053SP00,,,2024_provider_identity_reviewed,78,https://services.arcgis.com/nx9zcV4VjX0IwxpW/arcgis/rest/services/Police_Jurisdictions/FeatureServer/0,2026-07-06T16:43:28.733000+00:00
4210578240,Potter,Ulysses Borough,State Police coverage only,State Police Coverage Only,PA053SP00,42:police_service:PA053SP00,,,2024_provider_identity_reviewed,599,https://services.arcgis.com/nx9zcV4VjX0IwxpW/arcgis/rest/services/Police_Jurisdictions/FeatureServer/0,2026-07-06T16:43:28.733000+00:00
4210578248,Potter,Ulysses Township,State Police coverage only,State Police Coverage Only,PA053SP00,42:police_service:PA053SP00,,,2024_provider_identity_reviewed,643,https://services.arcgis.com/nx9zcV4VjX0IwxpW/arcgis/rest/services/Police_Jurisdictions/FeatureServer/0,2026-07-06T16:43:28.733000+00:00
4210582568,Potter,West Branch Township,State Police coverage only,State Police Coverage Only,PA053SP00,42:police_service:PA053SP00,,,2024_provider_identity_reviewed,401,https://services.arcgis.com/nx9zcV4VjX0IwxpW/arcgis/rest/services/Police_Jurisdictions/FeatureServer/0,2026-07-06T16:43:28.733000+00:00
4210584360,Potter,Wharton Township,State Police coverage only,State Police Coverage Only,PA053SP00,42:police_service:PA053SP00,,,2024_provider_identity_reviewed,117,https://services.arcgis.com/nx9zcV4VjX0IwxpW/arcgis/rest/services/Police_Jurisdictions/FeatureServer/0,2026-07-06T16:43:28.733000+00:00
4210703264,Schuylkill,Ashland Borough,Municipal Police Force,Ashland Boro,PA0541200,42:police_service:PA0541200,,,2024_provider_identity_reviewed,2471,https://services.arcgis.com/nx9zcV4VjX0IwxpW/arcgis/rest/services/Police_Jurisdictions/FeatureServer/0,2026-07-06T16:43:28.733000+00:00
4210703488,Schuylkill,Auburn Borough,State Police coverage only,State Police Coverage Only,PA054SP00,42:police_service:PA054SP00,,,2024_fbi_covered_by,660,https://services.arcgis.com/nx9zcV4VjX0IwxpW/arcgis/rest/services/Police_Jurisdictions/FeatureServer/0,2026-07-06T16:43:28.733000+00:00
4210704352,Schuylkill,Barry Township,State Police coverage only,State Police Coverage Only,PA054SP00,42:police_service:PA054SP00,,,2024_provider_identity_reviewed,916,https://services.arcgis.com/nx9zcV4VjX0IwxpW/arcgis/rest/services/Police_Jurisdictions/FeatureServer/0,2026-07-06T16:43:28.733000+00:00
4210707336,Schuylkill,Blythe Township,Municipal Police Force,Blythe Twp,PA0544900,42:police_service:PA0544900,,,2024_provider_identity_reviewed,811,https://services.arcgis.com/nx9zcV4VjX0IwxpW/arcgis/rest/services/Police_Jurisdictions/FeatureServer/0,2026-07-06T16:43:28.733000+00:00
4210708200,Schuylkill,Branch Township,Municipal Police Force,Branch Twp,PA0544700,42:police_service:PA0544700,,,2024_provider_identity_reviewed,1752,https://services.arcgis.com/nx9zcV4VjX0IwxpW/arcgis/rest/services/Police_Jurisdictions/FeatureServer/0,2026-07-06T16:43:28.733000+00:00
4210710488,Schuylkill,Butler Township,Municipal Police Force,Butler Twp,PA0543100,42:police_service:PA0543100,,,2024_active_official_provider,4906,https://services.arcgis.com/nx9zcV4VjX0IwxpW/arcgis/rest/services/Police_Jurisdictions/FeatureServer/0,2026-07-06T16:43:28.733000+00:00
4210711608,Schuylkill,Cass Township,State Police coverage only,State Police Coverage Only,PA054SP00,42:police_service:PA054SP00,,,2024_provider_identity_reviewed,1765,https://services.arcgis.com/nx9zcV4VjX0IwxpW/arcgis/rest/services/Police_Jurisdictions/FeatureServer/0,2026-07-06T16:43:28.733000+00:00
4210714600,Schuylkill,Coaldale Borough,Police Service contracted from another municipality,Tamaqua  Boro,PA0541100,42:police_service:PA0541100,,,2024_provider_identity_reviewed,2426,https://services.arcgis.com/nx9zcV4VjX0IwxpW/arcgis/rest/services/Police_Jurisdictions/FeatureServer/0,2026-07-06T16:43:28.733000+00:00
4210717152,Schuylkill,Cressona Borough,State Police coverage only,State Police Coverage Only,PA054SP00,42:police_service:PA054SP00,,,2024_fbi_covered_by,1601,https://services.arcgis.com/nx9zcV4VjX0IwxpW/arcgis/rest/services/Police_Jurisdictions/FeatureServer/0,2026-07-06T16:43:28.733000+00:00
4210718576,Schuylkill,Deer Lake Borough,State Police coverage only,State Police Coverage Only,PA054SP00,42:police_service:PA054SP00,,,2024_provider_identity_reviewed,670,https://services.arcgis.com/nx9zcV4VjX0IwxpW/arcgis/rest/services/Police_Jurisdictions/FeatureServer/0,2026-07-06T16:43:28.733000+00:00
4210718672,Schuylkill,Delano Township,Police Service contracted from another municipality,Ryan Twp,PA0543400,42:police_service:PA0543400,,,2024_provider_identity_reviewed,408,https://services.arcgis.com/nx9zcV4VjX0IwxpW/arcgis/rest/services/Police_Jurisdictions/FeatureServer/0,2026-07-06T16:43:28.733000+00:00
4210720880,Schuylkill,East Brunswick Township,State Police coverage only,State Police Coverage Only,PA054SP00,42:police_service:PA054SP00,,,2024_provider_identity_reviewed,1845,https://services.arcgis.com/nx9zcV4VjX0IwxpW/arcgis/rest/services/Police_Jurisdictions/FeatureServer/0,2026-07-06T16:43:28.733000+00:00
4210721616,Schuylkill,East Norwegian Township,Police Service contracted from another municipality,St Clair Boro,PA0540800,42:police_service:PA0540800,,,2024_fbi_covered_by,863,https://services.arcgis.com/nx9zcV4VjX0IwxpW/arcgis/rest/services/Police_Jurisdictions/FeatureServer/0,2026-07-06T16:43:28.733000+00:00
4210721952,Schuylkill,East Union Township,Municipal Police Force,East Union Twp,PA0545300,42:police_service:PA0545300,,,2024_provider_identity_reviewed,1647,https://services.arcgis.com/nx9zcV4VjX0IwxpW/arcgis/rest/services/Police_Jurisdictions/FeatureServer/0,2026-07-06T16:43:28.733000+00:00
4210722912,Schuylkill,Eldred Township,State Police coverage only,State Police Coverage Only,PA054SP00,42:police_service:PA054SP00,,,2024_provider_identity_reviewed,713,https://services.arcgis.com/nx9zcV4VjX0IwxpW/arcgis/rest/services/Police_Jurisdictions/FeatureServer/0,2026-07-06T16:43:28.733000+00:00
4210726944,Schuylkill,Foster Township,Municipal Police Force,Foster Twp,PA0545700,42:police_service:PA0545700,,,2024_active_official_provider,241,https://services.arcgis.com/nx9zcV4VjX0IwxpW/arcgis/rest/services/Police_Jurisdictions/FeatureServer/0,2026-07-06T16:43:28.733000+00:00
4210727232,Schuylkill,Frackville Borough,Municipal Police Force,Frackville Boro,PA0540200,42:police_service:PA0540200,,,2024_fbi_covered_by,3860,https://services.arcgis.com/nx9zcV4VjX0IwxpW/arcgis/rest/services/Police_Jurisdictions/FeatureServer/0,2026-07-06T16:43:28.733000+00:00
4210727248,Schuylkill,Frailey Township,State Police coverage only,State Police Coverage Only,PA054SP00,42:police_service:PA054SP00,,,2024_provider_identity_reviewed,418,https://services.arcgis.com/nx9zcV4VjX0IwxpW/arcgis/rest/services/Police_Jurisdictions/FeatureServer/0,2026-07-06T16:43:28.733000+00:00
4210729088,Schuylkill,Gilberton Borough,Police Service contracted from another municipality,Frackville Boro,PA0540200,42:police_service:PA0540200,,,2024_fbi_covered_by,579,https://services.arcgis.com/nx9zcV4VjX0IwxpW/arcgis/rest/services/Police_Jurisdictions/FeatureServer/0,2026-07-06T16:43:28.733000+00:00
4210729264,Schuylkill,Girardville Borough,State Police coverage only,State Police Coverage Only,PA054SP00,42:police_service:PA054SP00,,,2024_provider_identity_reviewed,1308,https://services.arcgis.com/nx9zcV4VjX0IwxpW/arcgis/rest/services/Police_Jurisdictions/FeatureServer/0,2026-07-06T16:43:28.733000+00:00
4210730128,Schuylkill,Gordon Borough,Police Service contracted from another municipality,Butler Twp,PA0543100,42:police_service:PA0543100,,,2024_fbi_covered_by,761,https://services.arcgis.com/nx9zcV4VjX0IwxpW/arcgis/rest/services/Police_Jurisdictions/FeatureServer/0,2026-07-06T16:43:28.733000+00:00
4210733584,Schuylkill,Hegins Township,Municipal Police Force,Hegins Twp,PA0541500,42:police_service:PA0541500,,,2024_active_official_provider,3337,https://services.arcgis.com/nx9zcV4VjX0IwxpW/arcgis/rest/services/Police_Jurisdictions/FeatureServer/0,2026-07-06T16:43:28.733000+00:00
4210736072,Schuylkill,Hubley Township,State Police coverage only,State Police Coverage Only,PA054SP00,42:police_service:PA054SP00,,,2024_fbi_covered_by,861,https://services.arcgis.com/nx9zcV4VjX0IwxpW/arcgis/rest/services/Police_Jurisdictions/FeatureServer/0,2026-07-06T16:43:28.733000+00:00
4210740096,Schuylkill,Kline Township,Municipal Police Force,Kline Twp,PA0543800,42:police_service:PA0543800,,,2024_active_official_provider,1470,https://services.arcgis.com/nx9zcV4VjX0IwxpW/arcgis/rest/services/Police_Jurisdictions/FeatureServer/0,2026-07-06T16:43:28.733000+00:00
4210741264,Schuylkill,Landingville Borough,State Police coverage only,State Police Coverage Only,PA054SP00,42:police_service:PA054SP00,,,2024_provider_identity_reviewed,138,https://services.arcgis.com/nx9zcV4VjX0IwxpW/arcgis/rest/services/Police_Jurisdictions/FeatureServer/0,2026-07-06T16:43:28.733000+00:00
4210745824,Schuylkill,McAdoo Borough,Municipal Police Force,Mcadoo Boro,PA0540400,42:police_service:PA0540400,,,2024_provider_identity_reviewed,2471,https://services.arcgis.com/nx9zcV4VjX0IwxpW/arcgis/rest/services/Police_Jurisdictions/FeatureServer/0,2026-07-06T16:43:28.733000+00:00
4210746584,Schuylkill,Mahanoy Township,Municipal Police Force,Mahanoy Twp,PA0542000,42:police_service:PA0542000,,,2024_provider_identity_reviewed,3192,https://services.arcgis.com/nx9zcV4VjX0IwxpW/arcgis/rest/services/Police_Jurisdictions/FeatureServer/0,2026-07-06T16:43:28.733000+00:00
4210746592,Schuylkill,Mahanoy City Borough,Municipal Police Force,Mahanoy City Boro,PA0540500,42:police_service:PA0540500,,,2024_provider_identity_reviewed,3499,https://services.arcgis.com/nx9zcV4VjX0IwxpW/arcgis/rest/services/Police_Jurisdictions/FeatureServer/0,2026-07-06T16:43:28.733000+00:00
4210748448,Schuylkill,Mechanicsville Borough,State Police coverage only,State Police Coverage Only,PA054SP00,42:police_service:PA054SP00,,,2024_provider_identity_reviewed,461,https://services.arcgis.com/nx9zcV4VjX0IwxpW/arcgis/rest/services/Police_Jurisdictions/FeatureServer/0,2026-07-06T16:43:28.733000+00:00
4210749048,Schuylkill,Middleport Borough,Police Service contracted from another municipality,Blythe Twp,PA0544900,42:police_service:PA0544900,,,2024_provider_identity_reviewed,362,https://services.arcgis.com/nx9zcV4VjX0IwxpW/arcgis/rest/services/Police_Jurisdictions/FeatureServer/0,2026-07-06T16:43:28.733000+00:00
4210750088,Schuylkill,Minersville Borough,Municipal Police Force,Minersville Boro,PA0540600,42:police_service:PA0540600,,,2024_provider_identity_reviewed,4370,https://services.arcgis.com/nx9zcV4VjX0IwxpW/arcgis/rest/services/Police_Jurisdictions/FeatureServer/0,2026-07-06T16:43:28.733000+00:00
4210751488,Schuylkill,Mount Carbon Borough,State Police coverage only,State Police Coverage Only,PA054SP00,42:police_service:PA054SP00,,,2024_provider_identity_reviewed,91,https://services.arcgis.com/nx9zcV4VjX0IwxpW/arcgis/rest/services/Police_Jurisdictions/FeatureServer/0,2026-07-06T16:43:28.733000+00:00
4210753376,Schuylkill,New Castle Township,State Police coverage only,State Police Coverage Only,PA054SP00,42:police_service:PA054SP00,,,2024_fbi_covered_by,347,https://services.arcgis.com/nx9zcV4VjX0IwxpW/arcgis/rest/services/Police_Jurisdictions/FeatureServer/0,2026-07-06T16:43:28.733000+00:00
4210753944,Schuylkill,New Philadelphia Borough,Police Service contracted from another municipality,Blythe Twp,PA0544900,42:police_service:PA0544900,,,2024_provider_identity_reviewed,1054,https://services.arcgis.com/nx9zcV4VjX0IwxpW/arcgis/rest/services/Police_Jurisdictions/FeatureServer/0,2026-07-06T16:43:28.733000+00:00
4210754016,Schuylkill,New Ringgold Borough,State Police coverage only,State Police Coverage Only,PA054SP00,42:police_service:PA054SP00,,,2024_provider_identity_reviewed,253,https://services.arcgis.com/nx9zcV4VjX0IwxpW/arcgis/rest/services/Police_Jurisdictions/FeatureServer/0,2026-07-06T16:43:28.733000+00:00
4210755192,Schuylkill,North Manheim Township,State Police coverage only,State Police Coverage Only,PA054SP00,42:police_service:PA054SP00,,,2024_provider_identity_reviewed,4059,https://services.arcgis.com/nx9zcV4VjX0IwxpW/arcgis/rest/services/Police_Jurisdictions/FeatureServer/0,2026-07-06T16:43:28.733000+00:00
4210755472,Schuylkill,North Union Township,Municipal Police Force,North Union Twp,PA0544200,42:police_service:PA0544200,,,2024_provider_identity_reviewed,1411,https://services.arcgis.com/nx9zcV4VjX0IwxpW/arcgis/rest/services/Police_Jurisdictions/FeatureServer/0,2026-07-06T16:43:28.733000+00:00
4210755624,Schuylkill,Norwegian Township,State Police coverage only,State Police Coverage Only,PA054SP00,42:police_service:PA054SP00,,,2024_fbi_covered_by,2159,https://services.arcgis.com/nx9zcV4VjX0IwxpW/arcgis/rest/services/Police_Jurisdictions/FeatureServer/0,2026-07-06T16:43:28.733000+00:00
4210757184,Schuylkill,Orwigsburg Borough,Municipal Police Force,Orwigsburg Boro,PA0542200,42:police_service:PA0542200,,,2024_provider_identity_reviewed,3000,https://services.arcgis.com/nx9zcV4VjX0IwxpW/arcgis/rest/services/Police_Jurisdictions/FeatureServer/0,2026-07-06T16:43:28.733000+00:00
4210757752,Schuylkill,Palo Alto Borough,Police Service contracted from another municipality,St Clair Boro,PA0540800,42:police_service:PA0540800,,,2024_provider_identity_reviewed,970,https://services.arcgis.com/nx9zcV4VjX0IwxpW/arcgis/rest/services/Police_Jurisdictions/FeatureServer/0,2026-07-06T16:43:28.733000+00:00
4210760456,Schuylkill,Pine Grove Borough,Municipal Police Force,Pine Grove Boro,PA0542400,42:police_service:PA0542400,,,2024_provider_identity_reviewed,2049,https://services.arcgis.com/nx9zcV4VjX0IwxpW/arcgis/rest/services/Police_Jurisdictions/FeatureServer/0,2026-07-06T16:43:28.733000+00:00
4210760464,Schuylkill,Pine Grove Township,State Police coverage only,State Police Coverage Only,PA054SP00,42:police_service:PA054SP00,,,2024_provider_identity_reviewed,4016,https://services.arcgis.com/nx9zcV4VjX0IwxpW/arcgis/rest/services/Police_Jurisdictions/FeatureServer/0,2026-07-06T16:43:28.733000+00:00
4210762128,Schuylkill,Port Carbon Borough,Municipal Police Force,Port Carbon Boro,PA0541700,42:police_service:PA0541700,,,2024_provider_identity_reviewed,1806,https://services.arcgis.com/nx9zcV4VjX0IwxpW/arcgis/rest/services/Police_Jurisdictions/FeatureServer/0,2026-07-06T16:43:28.733000+00:00
4210762136,Schuylkill,Port Clinton Borough,State Police coverage only,State Police Coverage Only,PA054SP00,42:police_service:PA054SP00,,,2024_provider_identity_reviewed,278,https://services.arcgis.com/nx9zcV4VjX0IwxpW/arcgis/rest/services/Police_Jurisdictions/FeatureServer/0,2026-07-06T16:43:28.733000+00:00
4210762200,Schuylkill,Porter Township,State Police coverage only,State Police Coverage Only,PA054SP00,42:police_service:PA054SP00,,,2024_provider_identity_reviewed,2145,https://services.arcgis.com/nx9zcV4VjX0IwxpW/arcgis/rest/services/Police_Jurisdictions/FeatureServer/0,2026-07-06T16:43:28.733000+00:00
4210762432,Schuylkill,Pottsville City,Municipal Police Force,Pottsville City,PA0540700,42:police_service:PA0540700,,,2024_provider_identity_reviewed,13346,https://services.arcgis.com/nx9zcV4VjX0IwxpW/arcgis/rest/services/Police_Jurisdictions/FeatureServer/0,2026-07-06T16:43:28.733000+00:00
4210764088,Schuylkill,Reilly Township,Municipal Police Force,Reilly Twp,PA0545000,42:police_service:PA0545000,,,2024_provider_identity_reviewed,639,https://services.arcgis.com/nx9zcV4VjX0IwxpW/arcgis/rest/services/Police_Jurisdictions/FeatureServer/0,2026-07-06T16:43:28.733000+00:00
4210765000,Schuylkill,Ringtown Borough,Municipal Police Force,Ringtown  Boro,PA0542600,42:police_service:PA0542600,,,2024_provider_identity_reviewed,721,https://services.arcgis.com/nx9zcV4VjX0IwxpW/arcgis/rest/services/Police_Jurisdictions/FeatureServer/0,2026-07-06T16:43:28.733000+00:00
4210766760,Schuylkill,Rush Township,Municipal Police Force,Rush Twp,PA0543600,42:police_service:PA0543600,,,2024_active_official_provider,3417,https://services.arcgis.com/nx9zcV4VjX0IwxpW/arcgis/rest/services/Police_Jurisdictions/FeatureServer/0,2026-07-06T16:43:28.733000+00:00
4210766944,Schuylkill,Ryan Township,Municipal Police Force,Ryan Twp,PA0543400,42:police_service:PA0543400,,,2024_provider_identity_reviewed,2589,https://services.arcgis.com/nx9zcV4VjX0IwxpW/arcgis/rest/services/Police_Jurisdictions/FeatureServer/0,2026-07-06T16:43:28.733000+00:00
4210767224,Schuylkill,St. Clair Borough,Municipal Police Force,St Clair Boro,PA0540800,42:police_service:PA0540800,,,2024_active_official_provider,2745,https://services.arcgis.com/nx9zcV4VjX0IwxpW/arcgis/rest/services/Police_Jurisdictions/FeatureServer/0,2026-07-06T16:43:28.733000+00:00
4210768304,Schuylkill,Schuylkill Township,State Police coverage only,State Police Coverage Only,PA054SP00,42:police_service:PA054SP00,,,2024_provider_identity_reviewed,1074,https://services.arcgis.com/nx9zcV4VjX0IwxpW/arcgis/rest/services/Police_Jurisdictions/FeatureServer/0,2026-07-06T16:43:28.733000+00:00
4210768312,Schuylkill,Schuylkill Haven Borough,Municipal Police Force,Schuylkill Haven Boro,PA0540900,42:police_service:PA0540900,,,2024_provider_identity_reviewed,5236,https://services.arcgis.com/nx9zcV4VjX0IwxpW/arcgis/rest/services/Police_Jurisdictions/FeatureServer/0,2026-07-06T16:43:28.733000+00:00
4210770056,Schuylkill,Shenandoah Borough,Municipal Police Force,Shenandoah Boro,PA0541000,42:police_service:PA0541000,,,2024_provider_identity_reviewed,4243,https://services.arcgis.com/nx9zcV4VjX0IwxpW/arcgis/rest/services/Police_Jurisdictions/FeatureServer/0,2026-07-06T16:43:28.733000+00:00
4210772312,Schuylkill,South Manheim Township,State Police coverage only,State Police Coverage Only,PA054SP00,42:police_service:PA054SP00,,,2024_provider_identity_reviewed,2723,https://services.arcgis.com/nx9zcV4VjX0IwxpW/arcgis/rest/services/Police_Jurisdictions/FeatureServer/0,2026-07-06T16:43:28.733000+00:00
4210776032,Schuylkill,Tamaqua Borough,Municipal Police Force,Tamaqua  Boro,PA0541100,42:police_service:PA0541100,,,2024_provider_identity_reviewed,6916,https://services.arcgis.com/nx9zcV4VjX0IwxpW/arcgis/rest/services/Police_Jurisdictions/FeatureServer/0,2026-07-06T16:43:28.733000+00:00
4210777184,Schuylkill,Tower City Borough,Municipal Police Force,Tower City Boro,PA0542800,42:police_service:PA0542800,,,2024_provider_identity_reviewed,1419,https://services.arcgis.com/nx9zcV4VjX0IwxpW/arcgis/rest/services/Police_Jurisdictions/FeatureServer/0,2026-07-06T16:43:28.733000+00:00
4210777392,Schuylkill,Tremont Borough,State Police coverage only,State Police Coverage Only,PA054SP00,42:police_service:PA054SP00,,,2024_fbi_covered_by,1676,https://services.arcgis.com/nx9zcV4VjX0IwxpW/arcgis/rest/services/Police_Jurisdictions/FeatureServer/0,2026-07-06T16:43:28.733000+00:00
4210777400,Schuylkill,Tremont Township,State Police coverage only,State Police Coverage Only,PA054SP00,42:police_service:PA054SP00,,,2024_provider_identity_reviewed,283,https://services.arcgis.com/nx9zcV4VjX0IwxpW/arcgis/rest/services/Police_Jurisdictions/FeatureServer/0,2026-07-06T16:43:28.733000+00:00
4210778400,Schuylkill,Union Township,Municipal Police Force,Union Twp,PA0543000,42:police_service:PA0543000,,,2024_provider_identity_reviewed,1228,https://services.arcgis.com/nx9zcV4VjX0IwxpW/arcgis/rest/services/Police_Jurisdictions/FeatureServer/0,2026-07-06T16:43:28.733000+00:00
4210779120,Schuylkill,Upper Mahantongo Township,State Police coverage only,State Police Coverage Only,PA054SP00,42:police_service:PA054SP00,,,2024_provider_identity_reviewed,609,https://services.arcgis.com/nx9zcV4VjX0IwxpW/arcgis/rest/services/Police_Jurisdictions/FeatureServer/0,2026-07-06T16:43:28.733000+00:00
4210780576,Schuylkill,Walker Township,Municipal Police Force,Walker Twp,PA0544500,42:police_service:PA0544500,,,2024_provider_identity_reviewed,989,https://services.arcgis.com/nx9zcV4VjX0IwxpW/arcgis/rest/services/Police_Jurisdictions/FeatureServer/0,2026-07-06T16:43:28.733000+00:00
4210781312,Schuylkill,Washington Township,State Police coverage only,State Police Coverage Only,PA054SP00,42:police_service:PA054SP00,,,2024_provider_identity_reviewed,3130,https://services.arcgis.com/nx9zcV4VjX0IwxpW/arcgis/rest/services/Police_Jurisdictions/FeatureServer/0,2026-07-06T16:43:28.733000+00:00
4210781792,Schuylkill,Wayne Township,State Police coverage only,State Police Coverage Only,PA054SP00,42:police_service:PA054SP00,,,2024_provider_identity_reviewed,5213,https://services.arcgis.com/nx9zcV4VjX0IwxpW/arcgis/rest/services/Police_Jurisdictions/FeatureServer/0,2026-07-06T16:43:28.733000+00:00
4210782632,Schuylkill,West Brunswick Township,State Police coverage only,State Police Coverage Only,PA054SP00,42:police_service:PA054SP00,,,2024_provider_identity_reviewed,3278,https://services.arcgis.com/nx9zcV4VjX0IwxpW/arcgis/rest/services/Police_Jurisdictions/FeatureServer/0,2026-07-06T16:43:28.733000+00:00
4210783408,Schuylkill,West Mahanoy Township,Municipal Police Force,West Mahanoy Twp,PA0543700,42:police_service:PA0543700,,,2024_active_official_provider,2785,https://services.arcgis.com/nx9zcV4VjX0IwxpW/arcgis/rest/services/Police_Jurisdictions/FeatureServer/0,2026-07-06T16:43:28.733000+00:00
4210783792,Schuylkill,West Penn Township,Municipal Police Force,West Penn Twp,PA0544300,42:police_service:PA0544300,,,2024_active_official_provider,4370,https://services.arcgis.com/nx9zcV4VjX0IwxpW/arcgis/rest/services/Police_Jurisdictions/FeatureServer/0,2026-07-06T16:43:28.733000+00:00
4210900316,Snyder,Adams Township,State Police coverage only,State Police Coverage Only,PA055SP00,42:police_service:PA055SP00,,,2024_provider_identity_reviewed,895,https://services.arcgis.com/nx9zcV4VjX0IwxpW/arcgis/rest/services/Police_Jurisdictions/FeatureServer/0,2026-07-06T16:43:28.733000+00:00
4210904736,Snyder,Beaver Township,State Police coverage only,State Police Coverage Only,PA055SP00,42:police_service:PA055SP00,,,2024_provider_identity_reviewed,501,https://services.arcgis.com/nx9zcV4VjX0IwxpW/arcgis/rest/services/Police_Jurisdictions/FeatureServer/0,2026-07-06T16:43:28.733000+00:00
4210904848,Snyder,Beavertown Borough,Police Service contracted from another municipality,Middleburg Boro,PA0550200,42:police_service:PA0550200,,,2024_provider_identity_reviewed,1004,https://services.arcgis.com/nx9zcV4VjX0IwxpW/arcgis/rest/services/Police_Jurisdictions/FeatureServer/0,2026-07-06T16:43:28.733000+00:00
4210912060,Snyder,Center Township,State Police coverage only,State Police Coverage Only,PA055SP00,42:police_service:PA055SP00,,,2024_provider_identity_reviewed,2413,https://services.arcgis.com/nx9zcV4VjX0IwxpW/arcgis/rest/services/Police_Jurisdictions/FeatureServer/0,2026-07-06T16:43:28.733000+00:00
4210912672,Snyder,Chapman Township,State Police coverage only,State Police Coverage Only,PA055SP00,42:police_service:PA055SP00,,,2024_provider_identity_reviewed,1565,https://services.arcgis.com/nx9zcV4VjX0IwxpW/arcgis/rest/services/Police_Jurisdictions/FeatureServer/0,2026-07-06T16:43:28.733000+00:00
4210927440,Snyder,Franklin Township,State Police coverage only,State Police Coverage Only,PA055SP00,42:police_service:PA055SP00,,,2024_provider_identity_reviewed,2213,https://services.arcgis.com/nx9zcV4VjX0IwxpW/arcgis/rest/services/Police_Jurisdictions/FeatureServer/0,2026-07-06T16:43:28.733000+00:00
4210927696,Snyder,Freeburg Borough,State Police coverage only,State Police Coverage Only,PA055SP00,42:police_service:PA055SP00,,,2024_provider_identity_reviewed,557,https://services.arcgis.com/nx9zcV4VjX0IwxpW/arcgis/rest/services/Police_Jurisdictions/FeatureServer/0,2026-07-06T16:43:28.733000+00:00
4210937448,Snyder,Jackson Township,State Police coverage only,State Police Coverage Only,PA055SP00,42:police_service:PA055SP00,,,2024_provider_identity_reviewed,1587,https://services.arcgis.com/nx9zcV4VjX0IwxpW/arcgis/rest/services/Police_Jurisdictions/FeatureServer/0,2026-07-06T16:43:28.733000+00:00
4210945992,Snyder,McClure Borough,Police Service contracted from another municipality,Middleburg Boro,PA0550200,42:police_service:PA0550200,,,2024_provider_identity_reviewed,889,https://services.arcgis.com/nx9zcV4VjX0IwxpW/arcgis/rest/services/Police_Jurisdictions/FeatureServer/0,2026-07-06T16:43:28.733000+00:00
4210948960,Snyder,Middleburg Borough,Municipal Police Force,Middleburg Boro,PA0550200,42:police_service:PA0550200,,,2024_provider_identity_reviewed,1325,https://services.arcgis.com/nx9zcV4VjX0IwxpW/arcgis/rest/services/Police_Jurisdictions/FeatureServer/0,2026-07-06T16:43:28.733000+00:00
4210949016,Snyder,Middlecreek Township,Police Service contracted from another municipality,Middleburg Boro,PA0550200,42:police_service:PA0550200,,,2024_provider_identity_reviewed,2065,https://services.arcgis.com/nx9zcV4VjX0IwxpW/arcgis/rest/services/Police_Jurisdictions/FeatureServer/0,2026-07-06T16:43:28.733000+00:00
4210950488,Snyder,Monroe Township,State Police coverage only,State Police Coverage Only,PA055SP00,42:police_service:PA055SP00,,,2024_provider_identity_reviewed,4146,https://services.arcgis.com/nx9zcV4VjX0IwxpW/arcgis/rest/services/Police_Jurisdictions/FeatureServer/0,2026-07-06T16:43:28.733000+00:00
4210958864,Snyder,Penn Township,State Police coverage only,State Police Coverage Only,PA055SP00,42:police_service:PA055SP00,,,2024_provider_identity_reviewed,4037,https://services.arcgis.com/nx9zcV4VjX0IwxpW/arcgis/rest/services/Police_Jurisdictions/FeatureServer/0,2026-07-06T16:43:28.733000+00:00
4210959504,Snyder,Perry Township,State Police coverage only,State Police Coverage Only,PA055SP00,42:police_service:PA055SP00,,,2024_provider_identity_reviewed,2070,https://services.arcgis.com/nx9zcV4VjX0IwxpW/arcgis/rest/services/Police_Jurisdictions/FeatureServer/0,2026-07-06T16:43:28.733000+00:00
4210969216,Snyder,Selinsgrove Borough,Municipal Police Force,Selinsgrove Boro,PA0550100,42:police_service:PA0550100,,,2024_provider_identity_reviewed,5713,https://services.arcgis.com/nx9zcV4VjX0IwxpW/arcgis/rest/services/Police_Jurisdictions/FeatureServer/0,2026-07-06T16:43:28.733000+00:00
4210969616,Snyder,Shamokin Dam Borough,Municipal Police Force,Shamokin Dam Boro,PA0550300,42:police_service:PA0550300,,,2024_provider_identity_reviewed,1652,https://services.arcgis.com/nx9zcV4VjX0IwxpW/arcgis/rest/services/Police_Jurisdictions/FeatureServer/0,2026-07-06T16:43:28.733000+00:00
4210972856,Snyder,Spring Township,State Police coverage only,State Police Coverage Only,PA055SP00,42:police_service:PA055SP00,,,2024_fbi_covered_by,1631,https://services.arcgis.com/nx9zcV4VjX0IwxpW/arcgis/rest/services/Police_Jurisdictions/FeatureServer/0,2026-07-06T16:43:28.733000+00:00
4210978408,Snyder,Union Township,State Police coverage only,State Police Coverage Only,PA055SP00,42:police_service:PA055SP00,,,2024_provider_identity_reviewed,1496,https://services.arcgis.com/nx9zcV4VjX0IwxpW/arcgis/rest/services/Police_Jurisdictions/FeatureServer/0,2026-07-06T16:43:28.733000+00:00
4210981320,Snyder,Washington Township,State Police coverage only,State Police Coverage Only,PA055SP00,42:police_service:PA055SP00,,,2024_provider_identity_reviewed,1761,https://services.arcgis.com/nx9zcV4VjX0IwxpW/arcgis/rest/services/Police_Jurisdictions/FeatureServer/0,2026-07-06T16:43:28.733000+00:00
4210982464,Snyder,West Beaver Township,State Police coverage only,State Police Coverage Only,PA055SP00,42:police_service:PA055SP00,,,2024_provider_identity_reviewed,1130,https://services.arcgis.com/nx9zcV4VjX0IwxpW/arcgis/rest/services/Police_Jurisdictions/FeatureServer/0,2026-07-06T16:43:28.733000+00:00
4210983808,Snyder,West Perry Township,State Police coverage only,State Police Coverage Only,PA055SP00,42:police_service:PA055SP00,,,2024_provider_identity_reviewed,1086,https://services.arcgis.com/nx9zcV4VjX0IwxpW/arcgis/rest/services/Police_Jurisdictions/FeatureServer/0,2026-07-06T16:43:28.733000+00:00
4211100396,Somerset,Addison Borough,State Police coverage only,State Police Coverage Only,PA056SP00,42:police_service:PA056SP00,,PAPSP8000,2024_provider_identity_reviewed,166,https://services.arcgis.com/nx9zcV4VjX0IwxpW/arcgis/rest/services/Police_Jurisdictions/FeatureServer/0,2026-07-06T16:43:28.733000+00:00
4211100404,Somerset,Addison Township,State Police coverage only,State Police Coverage Only,PA056SP00,42:police_service:PA056SP00,,PAPSP8000,2024_provider_identity_reviewed,931,https://services.arcgis.com/nx9zcV4VjX0IwxpW/arcgis/rest/services/Police_Jurisdictions/FeatureServer/0,2026-07-06T16:43:28.733000+00:00
4211100876,Somerset,Allegheny Township,State Police coverage only,State Police Coverage Only,PA056SP00,42:police_service:PA056SP00,,PAPSP8000,2024_provider_identity_reviewed,613,https://services.arcgis.com/nx9zcV4VjX0IwxpW/arcgis/rest/services/Police_Jurisdictions/FeatureServer/0,2026-07-06T16:43:28.733000+00:00
4211105648,Somerset,Benson Borough,State Police coverage only,State Police Coverage Only,PA056SP00,42:police_service:PA056SP00,,PAPSP8000,2024_provider_identity_reviewed,187,https://services.arcgis.com/nx9zcV4VjX0IwxpW/arcgis/rest/services/Police_Jurisdictions/FeatureServer/0,2026-07-06T16:43:28.733000+00:00
4211105776,Somerset,Berlin Borough,Municipal Police Force,Berlin Boro,PA0560400,42:police_service:PA0560400,,,2024_provider_identity_reviewed,2003,https://services.arcgis.com/nx9zcV4VjX0IwxpW/arcgis/rest/services/Police_Jurisdictions/FeatureServer/0,2026-07-06T16:43:28.733000+00:00
4211106640,Somerset,Black Township,State Police coverage only,State Police Coverage Only,PA056SP00,42:police_service:PA056SP00,,PAPSP8000,2024_provider_identity_reviewed,905,https://services.arcgis.com/nx9zcV4VjX0IwxpW/arcgis/rest/services/Police_Jurisdictions/FeatureServer/0,2026-07-06T16:43:28.733000+00:00
4211107712,Somerset,Boswell Borough,Municipal Police Force,Boswell Boro,PA0560500,42:police_service:PA0560500,,,2024_provider_identity_reviewed,1224,https://services.arcgis.com/nx9zcV4VjX0IwxpW/arcgis/rest/services/Police_Jurisdictions/FeatureServer/0,2026-07-06T16:43:28.733000+00:00
4211109256,Somerset,Brothersvalley Township,State Police coverage only,State Police Coverage Only,PA056SP00,42:police_service:PA056SP00,,PAPSP8000,2024_provider_identity_reviewed,2379,https://services.arcgis.com/nx9zcV4VjX0IwxpW/arcgis/rest/services/Police_Jurisdictions/FeatureServer/0,2026-07-06T16:43:28.733000+00:00
4211111624,Somerset,Casselman Borough,State Police coverage only,State Police Coverage Only,PA056SP00,42:police_service:PA056SP00,,PAPSP8000,2024_provider_identity_reviewed,104,https://services.arcgis.com/nx9zcV4VjX0IwxpW/arcgis/rest/services/Police_Jurisdictions/FeatureServer/0,2026-07-06T16:43:28.733000+00:00
4211112296,Somerset,Central City Borough,Municipal Police Force,Central City Boro,PA0560600,42:police_service:PA0560600,,,2024_provider_identity_reviewed,998,https://services.arcgis.com/nx9zcV4VjX0IwxpW/arcgis/rest/services/Police_Jurisdictions/FeatureServer/0,2026-07-06T16:43:28.733000+00:00
4211115568,Somerset,Conemaugh Township,Municipal Police Force,Conemaugh Twp,PA0560700,42:police_service:PA0560700,,,2024_active_official_provider,6760,https://services.arcgis.com/nx9zcV4VjX0IwxpW/arcgis/rest/services/Police_Jurisdictions/FeatureServer/0,2026-07-06T16:43:28.733000+00:00
4211115680,Somerset,Confluence Borough,State Police coverage only,State Police Coverage Only,PA056SP00,42:police_service:PA056SP00,,PAPSP8000,2024_provider_identity_reviewed,722,https://services.arcgis.com/nx9zcV4VjX0IwxpW/arcgis/rest/services/Police_Jurisdictions/FeatureServer/0,2026-07-06T16:43:28.733000+00:00
4211123168,Somerset,Elk Lick Township,Municipal Police Force,Elk Lick Twp,PA0562500,42:police_service:PA0562500,,,2024_provider_identity_reviewed,2263,https://services.arcgis.com/nx9zcV4VjX0IwxpW/arcgis/rest/services/Police_Jurisdictions/FeatureServer/0,2026-07-06T16:43:28.733000+00:00
4211124680,Somerset,Fairhope Township,State Police coverage only,State Police Coverage Only,PA056SP00,42:police_service:PA056SP00,,PAPSP8000,2024_provider_identity_reviewed,100,https://services.arcgis.com/nx9zcV4VjX0IwxpW/arcgis/rest/services/Police_Jurisdictions/FeatureServer/0,2026-07-06T16:43:28.733000+00:00
4211128520,Somerset,Garrett Borough,State Police coverage only,State Police Coverage Only,PA056SP00,42:police_service:PA056SP00,,PAPSP8000,2024_provider_identity_reviewed,415,https://services.arcgis.com/nx9zcV4VjX0IwxpW/arcgis/rest/services/Police_Jurisdictions/FeatureServer/0,2026-07-06T16:43:28.733000+00:00
4211131336,Somerset,Greenville Township,State Police coverage only,State Police Coverage Only,PA056SP00,42:police_service:PA056SP00,,PAPSP8000,2024_provider_identity_reviewed,752,https://services.arcgis.com/nx9zcV4VjX0IwxpW/arcgis/rest/services/Police_Jurisdictions/FeatureServer/0,2026-07-06T16:43:28.733000+00:00
4211135608,Somerset,Hooversville Borough,Municipal Police Force,Hooversville Boro,PA0560900,42:police_service:PA0560900,,,2024_provider_identity_reviewed,628,https://services.arcgis.com/nx9zcV4VjX0IwxpW/arcgis/rest/services/Police_Jurisdictions/FeatureServer/0,2026-07-06T16:43:28.733000+00:00
4211136888,Somerset,Indian Lake Borough,Municipal Police Force,Indian Lake Boro,PA0561700,42:police_service:PA0561700,,,2024_provider_identity_reviewed,390,https://services.arcgis.com/nx9zcV4VjX0IwxpW/arcgis/rest/services/Police_Jurisdictions/FeatureServer/0,2026-07-06T16:43:28.733000+00:00
4211137920,Somerset,Jefferson Township,State Police coverage only,State Police Coverage Only,PA056SP00,42:police_service:PA056SP00,,PAPSP8000,2024_provider_identity_reviewed,1426,https://services.arcgis.com/nx9zcV4VjX0IwxpW/arcgis/rest/services/Police_Jurisdictions/FeatureServer/0,2026-07-06T16:43:28.733000+00:00
4211138032,Somerset,Jenner Township,State Police coverage only,State Police Coverage Only,PA056SP00,42:police_service:PA056SP00,,PAPSP8000,2024_provider_identity_reviewed,3710,https://services.arcgis.com/nx9zcV4VjX0IwxpW/arcgis/rest/services/Police_Jurisdictions/FeatureServer/0,2026-07-06T16:43:28.733000+00:00
4211138048,Somerset,Jennerstown Borough,Municipal Police Force,Jennerstown Boro,PA0561100,42:police_service:PA0561100,,,2024_provider_identity_reviewed,678,https://services.arcgis.com/nx9zcV4VjX0IwxpW/arcgis/rest/services/Police_Jurisdictions/FeatureServer/0,2026-07-06T16:43:28.733000+00:00
4211141568,Somerset,Larimer Township,State Police coverage only,State Police Coverage Only,PA056SP00,42:police_service:PA056SP00,,PAPSP8000,2024_provider_identity_reviewed,544,https://services.arcgis.com/nx9zcV4VjX0IwxpW/arcgis/rest/services/Police_Jurisdictions/FeatureServer/0,2026-07-06T16:43:28.733000+00:00
4211143440,Somerset,Lincoln Township,State Police coverage only,State Police Coverage Only,PA056SP00,42:police_service:PA056SP00,,PAPSP8000,2024_provider_identity_reviewed,1457,https://services.arcgis.com/nx9zcV4VjX0IwxpW/arcgis/rest/services/Police_Jurisdictions/FeatureServer/0,2026-07-06T16:43:28.733000+00:00
4211145136,Somerset,Lower Turkeyfoot Township,State Police coverage only,State Police Coverage Only,PA056SP00,42:police_service:PA056SP00,,PAPSP8000,2024_provider_identity_reviewed,546,https://services.arcgis.com/nx9zcV4VjX0IwxpW/arcgis/rest/services/Police_Jurisdictions/FeatureServer/0,2026-07-06T16:43:28.733000+00:00
4211148912,Somerset,Meyersdale Borough,Municipal Police Force,Meyersdale  Boro,PA0560100,42:police_service:PA0560100,,,2024_provider_identity_reviewed,2070,https://services.arcgis.com/nx9zcV4VjX0IwxpW/arcgis/rest/services/Police_Jurisdictions/FeatureServer/0,2026-07-06T16:43:28.733000+00:00
4211149024,Somerset,Middlecreek Township,State Police coverage only,State Police Coverage Only,PA056SP00,42:police_service:PA056SP00,,PAPSP8000,2024_provider_identity_reviewed,832,https://services.arcgis.com/nx9zcV4VjX0IwxpW/arcgis/rest/services/Police_Jurisdictions/FeatureServer/0,2026-07-06T16:43:28.733000+00:00
4211149416,Somerset,Milford Township,State Police coverage only,State Police Coverage Only,PA056SP00,42:police_service:PA056SP00,,PAPSP8000,2024_provider_identity_reviewed,1490,https://services.arcgis.com/nx9zcV4VjX0IwxpW/arcgis/rest/services/Police_Jurisdictions/FeatureServer/0,2026-07-06T16:43:28.733000+00:00
4211153168,Somerset,New Baltimore Borough,State Police coverage only,State Police Coverage Only,PA056SP00,42:police_service:PA056SP00,,PAPSP8000,2024_provider_identity_reviewed,142,https://services.arcgis.com/nx9zcV4VjX0IwxpW/arcgis/rest/services/Police_Jurisdictions/FeatureServer/0,2026-07-06T16:43:28.733000+00:00
4211153416,Somerset,New Centerville Borough,State Police coverage only,State Police Coverage Only,PA056SP00,42:police_service:PA056SP00,,PAPSP8000,2024_provider_identity_reviewed,128,https://services.arcgis.com/nx9zcV4VjX0IwxpW/arcgis/rest/services/Police_Jurisdictions/FeatureServer/0,2026-07-06T16:43:28.733000+00:00
4211154704,Somerset,Northampton Township,State Police coverage only,State Police Coverage Only,PA056SP00,42:police_service:PA056SP00,,PAPSP8000,2024_provider_identity_reviewed,305,https://services.arcgis.com/nx9zcV4VjX0IwxpW/arcgis/rest/services/Police_Jurisdictions/FeatureServer/0,2026-07-06T16:43:28.733000+00:00
4211156352,Somerset,Ogle Township,State Police coverage only,State Police Coverage Only,PA056SP00,42:police_service:PA056SP00,,PAPSP8000,2024_provider_identity_reviewed,469,https://services.arcgis.com/nx9zcV4VjX0IwxpW/arcgis/rest/services/Police_Jurisdictions/FeatureServer/0,2026-07-06T16:43:28.733000+00:00
4211157544,Somerset,Paint Borough,Police Service contracted from another municipality,Windber Boro,PA0560300,42:police_service:PA0560300,,,2024_fbi_covered_by,906,https://services.arcgis.com/nx9zcV4VjX0IwxpW/arcgis/rest/services/Police_Jurisdictions/FeatureServer/0,2026-07-06T16:43:28.733000+00:00
4211157552,Somerset,Paint Township,State Police coverage only,State Police Coverage Only,PA056SP00,42:police_service:PA056SP00,,PAPSP8000,2024_provider_identity_reviewed,3041,https://services.arcgis.com/nx9zcV4VjX0IwxpW/arcgis/rest/services/Police_Jurisdictions/FeatureServer/0,2026-07-06T16:43:28.733000+00:00
4211163144,Somerset,Quemahoning Township,State Police coverage only,State Police Coverage Only,PA056SP00,42:police_service:PA056SP00,,PAPSP8000,2024_provider_identity_reviewed,1840,https://services.arcgis.com/nx9zcV4VjX0IwxpW/arcgis/rest/services/Police_Jurisdictions/FeatureServer/0,2026-07-06T16:43:28.733000+00:00
4211165736,Somerset,Rockwood Borough,Municipal Police Force,Rockwood  Boro,PA0561800,42:police_service:PA0561800,,,2024_provider_identity_reviewed,843,https://services.arcgis.com/nx9zcV4VjX0IwxpW/arcgis/rest/services/Police_Jurisdictions/FeatureServer/0,2026-07-06T16:43:28.733000+00:00
4211167584,Somerset,Salisbury Borough,State Police coverage only,State Police Coverage Only,PA056SP00,42:police_service:PA056SP00,,PAPSP8000,2024_provider_identity_reviewed,706,https://services.arcgis.com/nx9zcV4VjX0IwxpW/arcgis/rest/services/Police_Jurisdictions/FeatureServer/0,2026-07-06T16:43:28.733000+00:00
4211169336,Somerset,Seven Springs Borough,State Police coverage only,State Police Coverage Only,PA056SP00,42:police_service:PA056SP00,,PAPSP8000,2024_provider_identity_reviewed,14,https://services.arcgis.com/nx9zcV4VjX0IwxpW/arcgis/rest/services/Police_Jurisdictions/FeatureServer/0,2026-07-06T16:43:28.733000+00:00
4211169448,Somerset,Shade Township,Municipal Police Force,Shade Twp,PA0561400,42:police_service:PA0561400,,,2024_provider_identity_reviewed,2455,https://services.arcgis.com/nx9zcV4VjX0IwxpW/arcgis/rest/services/Police_Jurisdictions/FeatureServer/0,2026-07-06T16:43:28.733000+00:00
4211169680,Somerset,Shanksville Borough,State Police coverage only,State Police Coverage Only,PA056SP00,42:police_service:PA056SP00,,PAPSP8000,2024_provider_identity_reviewed,199,https://services.arcgis.com/nx9zcV4VjX0IwxpW/arcgis/rest/services/Police_Jurisdictions/FeatureServer/0,2026-07-06T16:43:28.733000+00:00
4211171776,Somerset,Somerset Borough,Municipal Police Force,Somerset Boro,PA0560200,42:police_service:PA0560200,,,2024_provider_identity_reviewed,6048,https://services.arcgis.com/nx9zcV4VjX0IwxpW/arcgis/rest/services/Police_Jurisdictions/FeatureServer/0,2026-07-06T16:43:28.733000+00:00
4211171784,Somerset,Somerset Township,State Police coverage only,State Police Coverage Only,PA056SP00,42:police_service:PA056SP00,,PAPSP8000,2024_provider_identity_reviewed,12083,https://services.arcgis.com/nx9zcV4VjX0IwxpW/arcgis/rest/services/Police_Jurisdictions/FeatureServer/0,2026-07-06T16:43:28.733000+00:00
4211171920,Somerset,Southampton Township,State Police coverage only,State Police Coverage Only,PA056SP00,42:police_service:PA056SP00,,PAPSP8000,2024_provider_identity_reviewed,603,https://services.arcgis.com/nx9zcV4VjX0IwxpW/arcgis/rest/services/Police_Jurisdictions/FeatureServer/0,2026-07-06T16:43:28.733000+00:00
4211174440,Somerset,Stonycreek Township,State Police coverage only,State Police Coverage Only,PA056SP00,42:police_service:PA056SP00,,PAPSP8000,2024_provider_identity_reviewed,2087,https://services.arcgis.com/nx9zcV4VjX0IwxpW/arcgis/rest/services/Police_Jurisdictions/FeatureServer/0,2026-07-06T16:43:28.733000+00:00
4211174672,Somerset,Stoystown Borough,State Police coverage only,State Police Coverage Only,PA056SP00,42:police_service:PA056SP00,,PAPSP8000,2024_provider_identity_reviewed,300,https://services.arcgis.com/nx9zcV4VjX0IwxpW/arcgis/rest/services/Police_Jurisdictions/FeatureServer/0,2026-07-06T16:43:28.733000+00:00
4211175232,Somerset,Summit Township,Municipal Police Force,Summit Twp,PA0562600,42:police_service:PA0562600,,,2024_provider_identity_reviewed,2147,https://services.arcgis.com/nx9zcV4VjX0IwxpW/arcgis/rest/services/Police_Jurisdictions/FeatureServer/0,2026-07-06T16:43:28.733000+00:00
4211179336,Somerset,Upper Turkeyfoot Township,State Police coverage only,State Police Coverage Only,PA056SP00,42:police_service:PA056SP00,,PAPSP8000,2024_provider_identity_reviewed,1062,https://services.arcgis.com/nx9zcV4VjX0IwxpW/arcgis/rest/services/Police_Jurisdictions/FeatureServer/0,2026-07-06T16:43:28.733000+00:00
4211179424,Somerset,Ursina Borough,State Police coverage only,State Police Coverage Only,PA056SP00,42:police_service:PA056SP00,,PAPSP8000,2024_provider_identity_reviewed,247,https://services.arcgis.com/nx9zcV4VjX0IwxpW/arcgis/rest/services/Police_Jurisdictions/FeatureServer/0,2026-07-06T16:43:28.733000+00:00
4211182128,Somerset,Wellersburg Borough,State Police coverage only,State Police Coverage Only,PA056SP00,42:police_service:PA056SP00,,PAPSP8000,2024_provider_identity_reviewed,214,https://services.arcgis.com/nx9zcV4VjX0IwxpW/arcgis/rest/services/Police_Jurisdictions/FeatureServer/0,2026-07-06T16:43:28.733000+00:00
4211185632,Somerset,Windber Borough,Municipal Police Force,Windber Boro,PA0560300,42:police_service:PA0560300,,,2024_fbi_covered_by,3941,https://services.arcgis.com/nx9zcV4VjX0IwxpW/arcgis/rest/services/Police_Jurisdictions/FeatureServer/0,2026-07-06T16:43:28.733000+00:00
4211313000,Sullivan,Cherry Township,State Police coverage only,State Police Coverage Only,PA057SP00,42:police_service:PA057SP00,,,2024_provider_identity_reviewed,1481,https://services.arcgis.com/nx9zcV4VjX0IwxpW/arcgis/rest/services/Police_Jurisdictions/FeatureServer/0,2026-07-06T16:43:28.733000+00:00
4211315208,Sullivan,Colley Township,State Police coverage only,State Police Coverage Only,PA057SP00,42:police_service:PA057SP00,,,2024_provider_identity_reviewed,615,https://services.arcgis.com/nx9zcV4VjX0IwxpW/arcgis/rest/services/Police_Jurisdictions/FeatureServer/0,2026-07-06T16:43:28.733000+00:00
4211318296,Sullivan,Davidson Township,State Police coverage only,State Police Coverage Only,PA057SP00,42:police_service:PA057SP00,,,2024_provider_identity_reviewed,549,https://services.arcgis.com/nx9zcV4VjX0IwxpW/arcgis/rest/services/Police_Jurisdictions/FeatureServer/0,2026-07-06T16:43:28.733000+00:00
4211320528,Sullivan,Dushore Borough,State Police coverage only,State Police Coverage Only,PA057SP00,42:police_service:PA057SP00,,,2024_fbi_covered_by,451,https://services.arcgis.com/nx9zcV4VjX0IwxpW/arcgis/rest/services/Police_Jurisdictions/FeatureServer/0,2026-07-06T16:43:28.733000+00:00
4211320648,Sullivan,Eagles Mere Borough,State Police coverage only,State Police Coverage Only,PA057SP00,42:police_service:PA057SP00,,,2024_provider_identity_reviewed,148,https://services.arcgis.com/nx9zcV4VjX0IwxpW/arcgis/rest/services/Police_Jurisdictions/FeatureServer/0,2026-07-06T16:43:28.733000+00:00
4211323144,Sullivan,Elkland Township,State Police coverage only,State Police Coverage Only,PA057SP00,42:police_service:PA057SP00,,,2024_provider_identity_reviewed,549,https://services.arcgis.com/nx9zcV4VjX0IwxpW/arcgis/rest/services/Police_Jurisdictions/FeatureServer/0,2026-07-06T16:43:28.733000+00:00
4211326736,Sullivan,Forks Township,State Police coverage only,State Police Coverage Only,PA057SP00,42:police_service:PA057SP00,,,2024_provider_identity_reviewed,374,https://services.arcgis.com/nx9zcV4VjX0IwxpW/arcgis/rest/services/Police_Jurisdictions/FeatureServer/0,2026-07-06T16:43:28.733000+00:00
4211326760,Sullivan,Forksville Borough,State Police coverage only,State Police Coverage Only,PA057SP00,42:police_service:PA057SP00,,,2024_provider_identity_reviewed,111,https://services.arcgis.com/nx9zcV4VjX0IwxpW/arcgis/rest/services/Police_Jurisdictions/FeatureServer/0,2026-07-06T16:43:28.733000+00:00
4211327096,Sullivan,Fox Township,State Police coverage only,State Police Coverage Only,PA057SP00,42:police_service:PA057SP00,,,2024_provider_identity_reviewed,310,https://services.arcgis.com/nx9zcV4VjX0IwxpW/arcgis/rest/services/Police_Jurisdictions/FeatureServer/0,2026-07-06T16:43:28.733000+00:00
4211334840,Sullivan,Hillsgrove Township,State Police coverage only,State Police Coverage Only,PA057SP00,42:police_service:PA057SP00,,,2024_provider_identity_reviewed,227,https://services.arcgis.com/nx9zcV4VjX0IwxpW/arcgis/rest/services/Police_Jurisdictions/FeatureServer/0,2026-07-06T16:43:28.733000+00:00
4211341512,Sullivan,Laporte Borough,State Police coverage only,State Police Coverage Only,PA057SP00,42:police_service:PA057SP00,,,2024_provider_identity_reviewed,314,https://services.arcgis.com/nx9zcV4VjX0IwxpW/arcgis/rest/services/Police_Jurisdictions/FeatureServer/0,2026-07-06T16:43:28.733000+00:00
4211341520,Sullivan,Laporte Township,State Police coverage only,State Police Coverage Only,PA057SP00,42:police_service:PA057SP00,,,2024_provider_identity_reviewed,407,https://services.arcgis.com/nx9zcV4VjX0IwxpW/arcgis/rest/services/Police_Jurisdictions/FeatureServer/0,2026-07-06T16:43:28.733000+00:00
4211370560,Sullivan,Shrewsbury Township,State Police coverage only,State Police Coverage Only,PA057SP00,42:police_service:PA057SP00,,,2024_provider_identity_reviewed,304,https://services.arcgis.com/nx9zcV4VjX0IwxpW/arcgis/rest/services/Police_Jurisdictions/FeatureServer/0,2026-07-06T16:43:28.733000+00:00
4211502712,Susquehanna,Apolacon Township,State Police coverage only,State Police Coverage Only,PA058SP00,42:police_service:PA058SP00,,,2024_fbi_covered_by,426,https://services.arcgis.com/nx9zcV4VjX0IwxpW/arcgis/rest/services/Police_Jurisdictions/FeatureServer/0,2026-07-06T16:43:28.733000+00:00
4211502792,Susquehanna,Ararat Township,State Police coverage only,State Police Coverage Only,PA058SP00,42:police_service:PA058SP00,,,2024_provider_identity_reviewed,529,https://services.arcgis.com/nx9zcV4VjX0IwxpW/arcgis/rest/services/Police_Jurisdictions/FeatureServer/0,2026-07-06T16:43:28.733000+00:00
4211503496,Susquehanna,Auburn Township,State Police coverage only,State Police Coverage Only,PA058SP00,42:police_service:PA058SP00,,,2024_provider_identity_reviewed,1732,https://services.arcgis.com/nx9zcV4VjX0IwxpW/arcgis/rest/services/Police_Jurisdictions/FeatureServer/0,2026-07-06T16:43:28.733000+00:00
4211508648,Susquehanna,Bridgewater Township,State Police coverage only,State Police Coverage Only,PA058SP00,42:police_service:PA058SP00,,,2024_provider_identity_reviewed,2636,https://services.arcgis.com/nx9zcV4VjX0IwxpW/arcgis/rest/services/Police_Jurisdictions/FeatureServer/0,2026-07-06T16:43:28.733000+00:00
4211509128,Susquehanna,Brooklyn Township,State Police coverage only,State Police Coverage Only,PA058SP00,42:police_service:PA058SP00,,,2024_provider_identity_reviewed,787,https://services.arcgis.com/nx9zcV4VjX0IwxpW/arcgis/rest/services/Police_Jurisdictions/FeatureServer/0,2026-07-06T16:43:28.733000+00:00
4211513504,Susquehanna,Choconut Township,State Police coverage only,State Police Coverage Only,PA058SP00,42:police_service:PA058SP00,,,2024_provider_identity_reviewed,679,https://services.arcgis.com/nx9zcV4VjX0IwxpW/arcgis/rest/services/Police_Jurisdictions/FeatureServer/0,2026-07-06T16:43:28.733000+00:00
4211514224,Susquehanna,Clifford Township,Police Service contracted from another municipality,Greenfield Twp,PA0353000,42:police_service:PA0353000,,,2024_provider_identity_reviewed,2097,https://services.arcgis.com/nx9zcV4VjX0IwxpW/arcgis/rest/services/Police_Jurisdictions/FeatureServer/0,2026-07-06T16:43:28.733000+00:00
4211519264,Susquehanna,Dimock Township,State Police coverage only,State Police Coverage Only,PA058SP00,42:police_service:PA058SP00,,,2024_provider_identity_reviewed,1228,https://services.arcgis.com/nx9zcV4VjX0IwxpW/arcgis/rest/services/Police_Jurisdictions/FeatureServer/0,2026-07-06T16:43:28.733000+00:00
4211526560,Susquehanna,Forest City Borough,Municipal Police Force,Forest City Boro,PA0580200,42:police_service:PA0580200,,,2024_provider_identity_reviewed,1780,https://services.arcgis.com/nx9zcV4VjX0IwxpW/arcgis/rest/services/Police_Jurisdictions/FeatureServer/0,2026-07-06T16:43:28.733000+00:00
4211526648,Susquehanna,Forest Lake Township,State Police coverage only,State Police Coverage Only,PA058SP00,42:police_service:PA058SP00,,,2024_provider_identity_reviewed,1114,https://services.arcgis.com/nx9zcV4VjX0IwxpW/arcgis/rest/services/Police_Jurisdictions/FeatureServer/0,2026-07-06T16:43:28.733000+00:00
4211527448,Susquehanna,Franklin Township,State Police coverage only,State Police Coverage Only,PA058SP00,42:police_service:PA058SP00,,,2024_provider_identity_reviewed,833,https://services.arcgis.com/nx9zcV4VjX0IwxpW/arcgis/rest/services/Police_Jurisdictions/FeatureServer/0,2026-07-06T16:43:28.733000+00:00
4211527968,Susquehanna,Friendsville Borough,State Police coverage only,State Police Coverage Only,PA058SP00,42:police_service:PA058SP00,,,2024_provider_identity_reviewed,101,https://services.arcgis.com/nx9zcV4VjX0IwxpW/arcgis/rest/services/Police_Jurisdictions/FeatureServer/0,2026-07-06T16:43:28.733000+00:00
4211529024,Susquehanna,Gibson Township,State Police coverage only,State Police Coverage Only,PA058SP00,42:police_service:PA058SP00,,,2024_provider_identity_reviewed,1012,https://services.arcgis.com/nx9zcV4VjX0IwxpW/arcgis/rest/services/Police_Jurisdictions/FeatureServer/0,2026-07-06T16:43:28.733000+00:00
4211530728,Susquehanna,Great Bend Borough,Municipal Police Force,Great Bend Boro,PA0581900,42:police_service:PA0581900,,,2024_fbi_covered_by,627,https://services.arcgis.com/nx9zcV4VjX0IwxpW/arcgis/rest/services/Police_Jurisdictions/FeatureServer/0,2026-07-06T16:43:28.733000+00:00
4211530736,Susquehanna,Great Bend Township,State Police coverage only,State Police Coverage Only,PA058SP00,42:police_service:PA058SP00,,,2024_provider_identity_reviewed,1708,https://services.arcgis.com/nx9zcV4VjX0IwxpW/arcgis/rest/services/Police_Jurisdictions/FeatureServer/0,2026-07-06T16:43:28.733000+00:00
4211532080,Susquehanna,Hallstead Borough,Police Service contracted from another municipality,Great Bend Boro,PA0581900,42:police_service:PA0581900,,,2024_fbi_covered_by,1174,https://services.arcgis.com/nx9zcV4VjX0IwxpW/arcgis/rest/services/Police_Jurisdictions/FeatureServer/0,2026-07-06T16:43:28.733000+00:00
4211532568,Susquehanna,Harford Township,State Police coverage only,State Police Coverage Only,PA058SP00,42:police_service:PA058SP00,,,2024_provider_identity_reviewed,1254,https://services.arcgis.com/nx9zcV4VjX0IwxpW/arcgis/rest/services/Police_Jurisdictions/FeatureServer/0,2026-07-06T16:43:28.733000+00:00
4211532720,Susquehanna,Harmony Township,Police Service contracted from another municipality,Lanesboro Boro,PA0580300,42:police_service:PA0580300,,,2024_provider_identity_reviewed,508,https://services.arcgis.com/nx9zcV4VjX0IwxpW/arcgis/rest/services/Police_Jurisdictions/FeatureServer/0,2026-07-06T16:43:28.733000+00:00
4211534096,Susquehanna,Herrick Township,State Police coverage only,State Police Coverage Only,PA058SP00,42:police_service:PA058SP00,,,2024_provider_identity_reviewed,710,https://services.arcgis.com/nx9zcV4VjX0IwxpW/arcgis/rest/services/Police_Jurisdictions/FeatureServer/0,2026-07-06T16:43:28.733000+00:00
4211535624,Susquehanna,Hop Bottom Borough,State Police coverage only,State Police Coverage Only,PA058SP00,42:police_service:PA058SP00,,,2024_fbi_covered_by,311,https://services.arcgis.com/nx9zcV4VjX0IwxpW/arcgis/rest/services/Police_Jurisdictions/FeatureServer/0,2026-07-06T16:43:28.733000+00:00
4211537464,Susquehanna,Jackson Township,State Police coverage only,State Police Coverage Only,PA058SP00,42:police_service:PA058SP00,,,2024_provider_identity_reviewed,856,https://services.arcgis.com/nx9zcV4VjX0IwxpW/arcgis/rest/services/Police_Jurisdictions/FeatureServer/0,2026-07-06T16:43:28.733000+00:00
4211538168,Susquehanna,Jessup Township,State Police coverage only,State Police Coverage Only,PA058SP00,42:police_service:PA058SP00,,,2024_provider_identity_reviewed,464,https://services.arcgis.com/nx9zcV4VjX0IwxpW/arcgis/rest/services/Police_Jurisdictions/FeatureServer/0,2026-07-06T16:43:28.733000+00:00
4211541336,Susquehanna,Lanesboro Borough,Municipal Police Force,Lanesboro Boro,PA0580300,42:police_service:PA0580300,,,2024_provider_identity_reviewed,508,https://services.arcgis.com/nx9zcV4VjX0IwxpW/arcgis/rest/services/Police_Jurisdictions/FeatureServer/0,2026-07-06T16:43:28.733000+00:00
4211541656,Susquehanna,Lathrop Township,State Police coverage only,State Police Coverage Only,PA058SP00,42:police_service:PA058SP00,,,2024_provider_identity_reviewed,766,https://services.arcgis.com/nx9zcV4VjX0IwxpW/arcgis/rest/services/Police_Jurisdictions/FeatureServer/0,2026-07-06T16:43:28.733000+00:00
4211542760,Susquehanna,Lenox Township,State Police coverage only,State Police Coverage Only,PA058SP00,42:police_service:PA058SP00,,,2024_provider_identity_reviewed,1603,https://services.arcgis.com/nx9zcV4VjX0IwxpW/arcgis/rest/services/Police_Jurisdictions/FeatureServer/0,2026-07-06T16:43:28.733000+00:00
4211543120,Susquehanna,Liberty Township,State Police coverage only,State Police Coverage Only,PA058SP00,42:police_service:PA058SP00,,,2024_provider_identity_reviewed,1130,https://services.arcgis.com/nx9zcV4VjX0IwxpW/arcgis/rest/services/Police_Jurisdictions/FeatureServer/0,2026-07-06T16:43:28.733000+00:00
4211543928,Susquehanna,Little Meadows Borough,State Police coverage only,State Police Coverage Only,PA058SP00,42:police_service:PA058SP00,,,2024_fbi_covered_by,245,https://services.arcgis.com/nx9zcV4VjX0IwxpW/arcgis/rest/services/Police_Jurisdictions/FeatureServer/0,2026-07-06T16:43:28.733000+00:00
4211549152,Susquehanna,Middletown Township,State Police coverage only,State Police Coverage Only,PA058SP00,42:police_service:PA058SP00,,,2024_provider_identity_reviewed,284,https://services.arcgis.com/nx9zcV4VjX0IwxpW/arcgis/rest/services/Police_Jurisdictions/FeatureServer/0,2026-07-06T16:43:28.733000+00:00
4211550736,Susquehanna,Montrose Borough,Municipal Police Force,Montrose Boro,PA0580400,42:police_service:PA0580400,,,2024_provider_identity_reviewed,1290,https://services.arcgis.com/nx9zcV4VjX0IwxpW/arcgis/rest/services/Police_Jurisdictions/FeatureServer/0,2026-07-06T16:43:28.733000+00:00
4211553880,Susquehanna,New Milford Borough,Police Service contracted from another municipality,Great Bend Boro,PA0581900,42:police_service:PA0581900,,,2024_provider_identity_reviewed,812,https://services.arcgis.com/nx9zcV4VjX0IwxpW/arcgis/rest/services/Police_Jurisdictions/FeatureServer/0,2026-07-06T16:43:28.733000+00:00
4211553888,Susquehanna,New Milford Township,State Police coverage only,State Police Coverage Only,PA058SP00,42:police_service:PA058SP00,,,2024_provider_identity_reviewed,1789,https://services.arcgis.com/nx9zcV4VjX0IwxpW/arcgis/rest/services/Police_Jurisdictions/FeatureServer/0,2026-07-06T16:43:28.733000+00:00
4211556008,Susquehanna,Oakland Borough,Police Service contracted from another municipality,Susquehanna Depot Boro,PA058SP00,42:police_service:PA058SP00,,,2024_fbi_covered_by,563,https://services.arcgis.com/nx9zcV4VjX0IwxpW/arcgis/rest/services/Police_Jurisdictions/FeatureServer/0,2026-07-06T16:43:28.733000+00:00
4211556016,Susquehanna,Oakland Township,State Police coverage only,State Police Coverage Only,PA058SP00,42:police_service:PA058SP00,,,2024_provider_identity_reviewed,488,https://services.arcgis.com/nx9zcV4VjX0IwxpW/arcgis/rest/services/Police_Jurisdictions/FeatureServer/0,2026-07-06T16:43:28.733000+00:00
4211566776,Susquehanna,Rush Township,State Police coverage only,State Police Coverage Only,PA058SP00,42:police_service:PA058SP00,,,2024_provider_identity_reviewed,1133,https://services.arcgis.com/nx9zcV4VjX0IwxpW/arcgis/rest/services/Police_Jurisdictions/FeatureServer/0,2026-07-06T16:43:28.733000+00:00
4211570776,Susquehanna,Silver Lake Township,Municipal Police Force,Silver Lake Twp,PA0581300,42:police_service:PA0581300,,,2024_active_official_provider,1513,https://services.arcgis.com/nx9zcV4VjX0IwxpW/arcgis/rest/services/Police_Jurisdictions/FeatureServer/0,2026-07-06T16:43:28.733000+00:00
4211573440,Susquehanna,Springville Township,State Police coverage only,State Police Coverage Only,PA058SP00,42:police_service:PA058SP00,,,2024_provider_identity_reviewed,1467,https://services.arcgis.com/nx9zcV4VjX0IwxpW/arcgis/rest/services/Police_Jurisdictions/FeatureServer/0,2026-07-06T16:43:28.733000+00:00
4211575568,Susquehanna,Susquehanna Depot Borough,State Police coverage only,State Police Coverage Only,PA058SP00,42:police_service:PA058SP00,,,2024_fbi_covered_by,1365,https://services.arcgis.com/nx9zcV4VjX0IwxpW/arcgis/rest/services/Police_Jurisdictions/FeatureServer/0,2026-07-06T16:43:28.733000+00:00
4211576496,Susquehanna,Thompson Borough,Police Service contracted from another municipality,Lanesboro Boro,PA0580300,42:police_service:PA0580300,,,2024_provider_identity_reviewed,254,https://services.arcgis.com/nx9zcV4VjX0IwxpW/arcgis/rest/services/Police_Jurisdictions/FeatureServer/0,2026-07-06T16:43:28.733000+00:00
4211576504,Susquehanna,Thompson Township,State Police coverage only,State Police Coverage Only,PA058SP00,42:police_service:PA058SP00,,,2024_provider_identity_reviewed,438,https://services.arcgis.com/nx9zcV4VjX0IwxpW/arcgis/rest/services/Police_Jurisdictions/FeatureServer/0,2026-07-06T16:43:28.733000+00:00
4211578456,Susquehanna,Union Dale Borough,State Police coverage only,State Police Coverage Only,PA058SP00,42:police_service:PA058SP00,,,2024_fbi_covered_by,220,https://services.arcgis.com/nx9zcV4VjX0IwxpW/arcgis/rest/services/Police_Jurisdictions/FeatureServer/0,2026-07-06T16:43:28.733000+00:00
4211707152,Tioga,Bloss Township,Police Service contracted from another municipality,Blossburg Boro,PA0590300,42:police_service:PA0590300,,,2024_provider_identity_reviewed,343,https://services.arcgis.com/nx9zcV4VjX0IwxpW/arcgis/rest/services/Police_Jurisdictions/FeatureServer/0,2026-07-06T16:43:28.733000+00:00
4211707160,Tioga,Blossburg Borough,Municipal Police Force,Blossburg Boro,PA0590300,42:police_service:PA0590300,,,2024_provider_identity_reviewed,1533,https://services.arcgis.com/nx9zcV4VjX0IwxpW/arcgis/rest/services/Police_Jurisdictions/FeatureServer/0,2026-07-06T16:43:28.733000+00:00
4211709072,Tioga,Brookfield Township,State Police coverage only,State Police Coverage Only,PA059SP00,42:police_service:PA059SP00,,PAPSP5300,2024_provider_identity_reviewed,371,https://services.arcgis.com/nx9zcV4VjX0IwxpW/arcgis/rest/services/Police_Jurisdictions/FeatureServer/0,2026-07-06T16:43:28.733000+00:00
4211712728,Tioga,Charleston Township,State Police coverage only,State Police Coverage Only,PA059SP00,42:police_service:PA059SP00,,PAPSP5300,2024_provider_identity_reviewed,3565,https://services.arcgis.com/nx9zcV4VjX0IwxpW/arcgis/rest/services/Police_Jurisdictions/FeatureServer/0,2026-07-06T16:43:28.733000+00:00
4211712880,Tioga,Chatham Township,State Police coverage only,State Police Coverage Only,PA059SP00,42:police_service:PA059SP00,,PAPSP5300,2024_provider_identity_reviewed,610,https://services.arcgis.com/nx9zcV4VjX0IwxpW/arcgis/rest/services/Police_Jurisdictions/FeatureServer/0,2026-07-06T16:43:28.733000+00:00
4211714528,Tioga,Clymer Township,State Police coverage only,State Police Coverage Only,PA059SP00,42:police_service:PA059SP00,,PAPSP5300,2024_provider_identity_reviewed,623,https://services.arcgis.com/nx9zcV4VjX0IwxpW/arcgis/rest/services/Police_Jurisdictions/FeatureServer/0,2026-07-06T16:43:28.733000+00:00
4211716680,Tioga,Covington Township,State Police coverage only,State Police Coverage Only,PA059SP00,42:police_service:PA059SP00,,PAPSP5300,2024_provider_identity_reviewed,1032,https://services.arcgis.com/nx9zcV4VjX0IwxpW/arcgis/rest/services/Police_Jurisdictions/FeatureServer/0,2026-07-06T16:43:28.733000+00:00
4211718552,Tioga,Deerfield Township,State Police coverage only,State Police Coverage Only,PA059SP00,42:police_service:PA059SP00,,PAPSP5300,2024_provider_identity_reviewed,544,https://services.arcgis.com/nx9zcV4VjX0IwxpW/arcgis/rest/services/Police_Jurisdictions/FeatureServer/0,2026-07-06T16:43:28.733000+00:00
4211718760,Tioga,Delmar Township,State Police coverage only,State Police Coverage Only,PA059SP00,42:police_service:PA059SP00,,PAPSP5300,2024_provider_identity_reviewed,2793,https://services.arcgis.com/nx9zcV4VjX0IwxpW/arcgis/rest/services/Police_Jurisdictions/FeatureServer/0,2026-07-06T16:43:28.733000+00:00
4211720232,Tioga,Duncan Township,State Police coverage only,State Police Coverage Only,PA059SP00,42:police_service:PA059SP00,,PAPSP5300,2024_provider_identity_reviewed,189,https://services.arcgis.com/nx9zcV4VjX0IwxpW/arcgis/rest/services/Police_Jurisdictions/FeatureServer/0,2026-07-06T16:43:28.733000+00:00
4211723056,Tioga,Elk Township,State Police coverage only,State Police Coverage Only,PA059SP00,42:police_service:PA059SP00,,PAPSP5300,2024_provider_identity_reviewed,48,https://services.arcgis.com/nx9zcV4VjX0IwxpW/arcgis/rest/services/Police_Jurisdictions/FeatureServer/0,2026-07-06T16:43:28.733000+00:00
4211723152,Tioga,Elkland Borough,State Police coverage only,State Police Coverage Only,PA0590400,42:police_service:PA0590400,,,2024_active_predecessor_before_psp,1827,https://services.arcgis.com/nx9zcV4VjX0IwxpW/arcgis/rest/services/Police_Jurisdictions/FeatureServer/0,2026-07-06T16:43:28.733000+00:00
4211725296,Tioga,Farmington Township,State Police coverage only,State Police Coverage Only,PA059SP00,42:police_service:PA059SP00,,PAPSP5300,2024_provider_identity_reviewed,658,https://services.arcgis.com/nx9zcV4VjX0IwxpW/arcgis/rest/services/Police_Jurisdictions/FeatureServer/0,2026-07-06T16:43:28.733000+00:00
4211728264,Tioga,Gaines Township,Municipal Police Force,Gaines Twp,PA0591800,42:police_service:PA0591800,,,2024_active_official_provider,608,https://services.arcgis.com/nx9zcV4VjX0IwxpW/arcgis/rest/services/Police_Jurisdictions/FeatureServer/0,2026-07-06T16:43:28.733000+00:00
4211732192,Tioga,Hamilton Township,Police Service contracted from another municipality,Blossburg Boro,PA0590300,42:police_service:PA0590300,,,2024_provider_identity_reviewed,531,https://services.arcgis.com/nx9zcV4VjX0IwxpW/arcgis/rest/services/Police_Jurisdictions/FeatureServer/0,2026-07-06T16:43:28.733000+00:00
4211737472,Tioga,Jackson Township,State Police coverage only,State Police Coverage Only,PA059SP00,42:police_service:PA059SP00,,PAPSP5300,2024_provider_identity_reviewed,1881,https://services.arcgis.com/nx9zcV4VjX0IwxpW/arcgis/rest/services/Police_Jurisdictions/FeatureServer/0,2026-07-06T16:43:28.733000+00:00
4211740360,Tioga,Knoxville Borough,State Police coverage only,State Police Coverage Only,PA059SP00,42:police_service:PA059SP00,,PAPSP5300,2024_provider_identity_reviewed,680,https://services.arcgis.com/nx9zcV4VjX0IwxpW/arcgis/rest/services/Police_Jurisdictions/FeatureServer/0,2026-07-06T16:43:28.733000+00:00
4211741960,Tioga,Lawrence Township,Municipal Police Force,Lawrence Twp,PA0590600,42:police_service:PA0590600,,,2024_active_official_provider,1614,https://services.arcgis.com/nx9zcV4VjX0IwxpW/arcgis/rest/services/Police_Jurisdictions/FeatureServer/0,2026-07-06T16:43:28.733000+00:00
4211742016,Tioga,Lawrenceville Borough,Police Service contracted from another municipality,Lawrence Twp,PA0590600,42:police_service:PA0590600,,,2024_provider_identity_reviewed,691,https://services.arcgis.com/nx9zcV4VjX0IwxpW/arcgis/rest/services/Police_Jurisdictions/FeatureServer/0,2026-07-06T16:43:28.733000+00:00
4211743128,Tioga,Liberty Borough,State Police coverage only,State Police Coverage Only,PA059SP00,42:police_service:PA059SP00,,PAPSP5300,2024_provider_identity_reviewed,234,https://services.arcgis.com/nx9zcV4VjX0IwxpW/arcgis/rest/services/Police_Jurisdictions/FeatureServer/0,2026-07-06T16:43:28.733000+00:00
4211743136,Tioga,Liberty Township,State Police coverage only,State Police Coverage Only,PA059SP00,42:police_service:PA059SP00,,PAPSP5300,2024_provider_identity_reviewed,1033,https://services.arcgis.com/nx9zcV4VjX0IwxpW/arcgis/rest/services/Police_Jurisdictions/FeatureServer/0,2026-07-06T16:43:28.733000+00:00
4211747080,Tioga,Mansfield Borough,Municipal Police Force,Mansfield Boro,PA0590200,42:police_service:PA0590200,,,2024_provider_identity_reviewed,2839,https://services.arcgis.com/nx9zcV4VjX0IwxpW/arcgis/rest/services/Police_Jurisdictions/FeatureServer/0,2026-07-06T16:43:28.733000+00:00
4211748968,Tioga,Middlebury Township,State Police coverage only,State Police Coverage Only,PA059SP00,42:police_service:PA059SP00,,PAPSP5300,2024_provider_identity_reviewed,1312,https://services.arcgis.com/nx9zcV4VjX0IwxpW/arcgis/rest/services/Police_Jurisdictions/FeatureServer/0,2026-07-06T16:43:28.733000+00:00
4211751096,Tioga,Morris Township,State Police coverage only,State Police Coverage Only,PA059SP00,42:police_service:PA059SP00,,PAPSP5300,2024_provider_identity_reviewed,569,https://services.arcgis.com/nx9zcV4VjX0IwxpW/arcgis/rest/services/Police_Jurisdictions/FeatureServer/0,2026-07-06T16:43:28.733000+00:00
4211752960,Tioga,Nelson Township,Police Service contracted from another municipality,Lawrence Twp,PA0590600,42:police_service:PA0590600,,,2024_fbi_covered_by,547,https://services.arcgis.com/nx9zcV4VjX0IwxpW/arcgis/rest/services/Police_Jurisdictions/FeatureServer/0,2026-07-06T16:43:28.733000+00:00
4211757224,Tioga,Osceola Township,Municipal Police Force,Osceola Twp,PA0591700,42:police_service:PA0591700,,,2024_provider_identity_reviewed,591,https://services.arcgis.com/nx9zcV4VjX0IwxpW/arcgis/rest/services/Police_Jurisdictions/FeatureServer/0,2026-07-06T16:43:28.733000+00:00
4211762960,Tioga,Putnam Township,Police Service contracted from another municipality,Blossburg Boro,PA0590300,42:police_service:PA0590300,,,2024_provider_identity_reviewed,400,https://services.arcgis.com/nx9zcV4VjX0IwxpW/arcgis/rest/services/Police_Jurisdictions/FeatureServer/0,2026-07-06T16:43:28.733000+00:00
4211764624,Tioga,Richmond Township,State Police coverage only,State Police Coverage Only,PA059SP00,42:police_service:PA059SP00,,PAPSP5300,2024_provider_identity_reviewed,2169,https://services.arcgis.com/nx9zcV4VjX0IwxpW/arcgis/rest/services/Police_Jurisdictions/FeatureServer/0,2026-07-06T16:43:28.733000+00:00
4211766232,Tioga,Roseville Borough,State Police coverage only,State Police Coverage Only,PA059SP00,42:police_service:PA059SP00,,PAPSP5300,2024_provider_identity_reviewed,178,https://services.arcgis.com/nx9zcV4VjX0IwxpW/arcgis/rest/services/Police_Jurisdictions/FeatureServer/0,2026-07-06T16:43:28.733000+00:00
4211766912,Tioga,Rutland Township,State Police coverage only,State Police Coverage Only,PA059SP00,42:police_service:PA059SP00,,PAPSP5300,2024_provider_identity_reviewed,779,https://services.arcgis.com/nx9zcV4VjX0IwxpW/arcgis/rest/services/Police_Jurisdictions/FeatureServer/0,2026-07-06T16:43:28.733000+00:00
4211770344,Tioga,Shippen Township,State Police coverage only,State Police Coverage Only,PA059SP00,42:police_service:PA059SP00,,PAPSP5300,2024_provider_identity_reviewed,500,https://services.arcgis.com/nx9zcV4VjX0IwxpW/arcgis/rest/services/Police_Jurisdictions/FeatureServer/0,2026-07-06T16:43:28.733000+00:00
4211775104,Tioga,Sullivan Township,State Police coverage only,State Police Coverage Only,PA059SP00,42:police_service:PA059SP00,,PAPSP5300,2024_provider_identity_reviewed,1466,https://services.arcgis.com/nx9zcV4VjX0IwxpW/arcgis/rest/services/Police_Jurisdictions/FeatureServer/0,2026-07-06T16:43:28.733000+00:00
4211776808,Tioga,Tioga Borough,State Police coverage only,State Police Coverage Only,PA059SP00,42:police_service:PA059SP00,,PAPSP5300,2024_provider_identity_reviewed,606,https://services.arcgis.com/nx9zcV4VjX0IwxpW/arcgis/rest/services/Police_Jurisdictions/FeatureServer/0,2026-07-06T16:43:28.733000+00:00
4211776824,Tioga,Tioga Township,Police Service contracted from another municipality,Tioga Boro,PA0591200,42:police_service:PA0591200,,,2024_provider_identity_reviewed,938,https://services.arcgis.com/nx9zcV4VjX0IwxpW/arcgis/rest/services/Police_Jurisdictions/FeatureServer/0,2026-07-06T16:43:28.733000+00:00
4211778416,Tioga,Union Township,State Police coverage only,State Police Coverage Only,PA059SP00,42:police_service:PA059SP00,,PAPSP5300,2024_provider_identity_reviewed,946,https://services.arcgis.com/nx9zcV4VjX0IwxpW/arcgis/rest/services/Police_Jurisdictions/FeatureServer/0,2026-07-06T16:43:28.733000+00:00
4211780936,Tioga,Ward Township,State Police coverage only,State Police Coverage Only,PA059SP00,42:police_service:PA059SP00,,PAPSP5300,2024_provider_identity_reviewed,228,https://services.arcgis.com/nx9zcV4VjX0IwxpW/arcgis/rest/services/Police_Jurisdictions/FeatureServer/0,2026-07-06T16:43:28.733000+00:00
4211782160,Tioga,Wellsboro Borough,Municipal Police Force,Wellsboro  Boro,PA0590100,42:police_service:PA0590100,,,2024_provider_identity_reviewed,3469,https://services.arcgis.com/nx9zcV4VjX0IwxpW/arcgis/rest/services/Police_Jurisdictions/FeatureServer/0,2026-07-06T16:43:28.733000+00:00
4211782968,Tioga,Westfield Borough,Municipal Police Force,Westfield Boro,PA0590700,42:police_service:PA0590700,,,2024_provider_identity_reviewed,1112,https://services.arcgis.com/nx9zcV4VjX0IwxpW/arcgis/rest/services/Police_Jurisdictions/FeatureServer/0,2026-07-06T16:43:28.733000+00:00
4211782976,Tioga,Westfield Township,State Police coverage only,State Police Coverage Only,PA059SP00,42:police_service:PA059SP00,,PAPSP5300,2024_fbi_covered_by,988,https://services.arcgis.com/nx9zcV4VjX0IwxpW/arcgis/rest/services/Police_Jurisdictions/FeatureServer/0,2026-07-06T16:43:28.733000+00:00
4211910016,Union,Buffalo Township,State Police coverage only,State Police Coverage Only,PA060SP00,42:police_service:PA060SP00,,,2024_provider_identity_reviewed,3593,https://services.arcgis.com/nx9zcV4VjX0IwxpW/arcgis/rest/services/Police_Jurisdictions/FeatureServer/0,2026-07-06T16:43:28.733000+00:00
4211920888,Union,East Buffalo Township,Regional Police Service,Buffalo Valley Regional Police Dept.,PA0601100,42:police_service:PA0601100,,,2024_fbi_covered_by,7405,https://services.arcgis.com/nx9zcV4VjX0IwxpW/arcgis/rest/services/Police_Jurisdictions/FeatureServer/0,2026-07-06T16:43:28.733000+00:00
4211931480,Union,Gregg Township,State Police coverage only,State Police Coverage Only,PA060SP00,42:police_service:PA060SP00,,,2024_provider_identity_reviewed,4096,https://services.arcgis.com/nx9zcV4VjX0IwxpW/arcgis/rest/services/Police_Jurisdictions/FeatureServer/0,2026-07-06T16:43:28.733000+00:00
4211932936,Union,Hartleton Borough,State Police coverage only,State Police Coverage Only,PA060SP00,42:police_service:PA060SP00,,,2024_provider_identity_reviewed,251,https://services.arcgis.com/nx9zcV4VjX0IwxpW/arcgis/rest/services/Police_Jurisdictions/FeatureServer/0,2026-07-06T16:43:28.733000+00:00
4211932952,Union,Hartley Township,State Police coverage only,State Police Coverage Only,PA060SP00,42:police_service:PA060SP00,,,2024_provider_identity_reviewed,1748,https://services.arcgis.com/nx9zcV4VjX0IwxpW/arcgis/rest/services/Police_Jurisdictions/FeatureServer/0,2026-07-06T16:43:28.733000+00:00
4211939136,Union,Kelly Township,State Police coverage only,State Police Coverage Only,PA060SP00,42:police_service:PA060SP00,,,2024_provider_identity_reviewed,3994,https://services.arcgis.com/nx9zcV4VjX0IwxpW/arcgis/rest/services/Police_Jurisdictions/FeatureServer/0,2026-07-06T16:43:28.733000+00:00
4211942960,Union,Lewis Township,State Police coverage only,State Police Coverage Only,PA060SP00,42:police_service:PA060SP00,,,2024_provider_identity_reviewed,1476,https://services.arcgis.com/nx9zcV4VjX0IwxpW/arcgis/rest/services/Police_Jurisdictions/FeatureServer/0,2026-07-06T16:43:28.733000+00:00
4211942976,Union,Lewisburg Borough,Regional Police Service,Buffalo Valley Regional Police Department,PA0601100,42:police_service:PA0601100,,,2024_provider_identity_reviewed,5158,https://services.arcgis.com/nx9zcV4VjX0IwxpW/arcgis/rest/services/Police_Jurisdictions/FeatureServer/0,2026-07-06T16:43:28.733000+00:00
4211943368,Union,Limestone Township,State Police coverage only,State Police Coverage Only,PA060SP00,42:police_service:PA060SP00,,,2024_provider_identity_reviewed,1751,https://services.arcgis.com/nx9zcV4VjX0IwxpW/arcgis/rest/services/Police_Jurisdictions/FeatureServer/0,2026-07-06T16:43:28.733000+00:00
4211949288,Union,Mifflinburg Borough,Municipal Police Force,Mifflinburg Boro,PA0600300,42:police_service:PA0600300,,,2024_provider_identity_reviewed,3485,https://services.arcgis.com/nx9zcV4VjX0IwxpW/arcgis/rest/services/Police_Jurisdictions/FeatureServer/0,2026-07-06T16:43:28.733000+00:00
4211953200,Union,New Berlin Borough,Municipal Police Force,New Berlin Boro,PA0600600,42:police_service:PA0600600,,,2024_provider_identity_reviewed,801,https://services.arcgis.com/nx9zcV4VjX0IwxpW/arcgis/rest/services/Police_Jurisdictions/FeatureServer/0,2026-07-06T16:43:28.733000+00:00
4211978424,Union,Union Township,State Police coverage only,State Police Coverage Only,PA060SP00,42:police_service:PA060SP00,,,2024_provider_identity_reviewed,1633,https://services.arcgis.com/nx9zcV4VjX0IwxpW/arcgis/rest/services/Police_Jurisdictions/FeatureServer/0,2026-07-06T16:43:28.733000+00:00
4211982640,Union,West Buffalo Township,State Police coverage only,State Police Coverage Only,PA060SP00,42:police_service:PA060SP00,,,2024_provider_identity_reviewed,2886,https://services.arcgis.com/nx9zcV4VjX0IwxpW/arcgis/rest/services/Police_Jurisdictions/FeatureServer/0,2026-07-06T16:43:28.733000+00:00
4211984496,Union,White Deer Township,State Police coverage only,State Police Coverage Only,PA060SP00,42:police_service:PA060SP00,,,2024_provider_identity_reviewed,4404,https://services.arcgis.com/nx9zcV4VjX0IwxpW/arcgis/rest/services/Police_Jurisdictions/FeatureServer/0,2026-07-06T16:43:28.733000+00:00
4212100884,Venango,Allegheny Township,State Police coverage only,State Police Coverage Only,PA061SP00,42:police_service:PA061SP00,,PAPSP3000,2024_provider_identity_reviewed,284,https://services.arcgis.com/nx9zcV4VjX0IwxpW/arcgis/rest/services/Police_Jurisdictions/FeatureServer/0,2026-07-06T16:43:28.733000+00:00
4212104136,Venango,Barkeyville Borough,Police Service contracted from another municipality,Polk Boro,PA0611400,42:police_service:PA0611400,,,2024_provider_identity_reviewed,188,https://services.arcgis.com/nx9zcV4VjX0IwxpW/arcgis/rest/services/Police_Jurisdictions/FeatureServer/0,2026-07-06T16:43:28.733000+00:00
4212111080,Venango,Canal Township,State Police coverage only,State Police Coverage Only,PA061SP00,42:police_service:PA061SP00,,PAPSP3000,2024_provider_identity_reviewed,937,https://services.arcgis.com/nx9zcV4VjX0IwxpW/arcgis/rest/services/Police_Jurisdictions/FeatureServer/0,2026-07-06T16:43:28.733000+00:00
4212113136,Venango,Cherrytree Township,State Police coverage only,State Police Coverage Only,PA061SP00,42:police_service:PA061SP00,,PAPSP3000,2024_provider_identity_reviewed,1308,https://services.arcgis.com/nx9zcV4VjX0IwxpW/arcgis/rest/services/Police_Jurisdictions/FeatureServer/0,2026-07-06T16:43:28.733000+00:00
4212114344,Venango,Clinton Township,Police Service contracted from another municipality,Polk Boro,PA0611400,42:police_service:PA0611400,,,2024_provider_identity_reviewed,953,https://services.arcgis.com/nx9zcV4VjX0IwxpW/arcgis/rest/services/Police_Jurisdictions/FeatureServer/0,2026-07-06T16:43:28.733000+00:00
4212114376,Venango,Clintonville Borough,Police Service contracted from another municipality,Polk Boro,PA0611400,42:police_service:PA0611400,,,2024_provider_identity_reviewed,439,https://services.arcgis.com/nx9zcV4VjX0IwxpW/arcgis/rest/services/Police_Jurisdictions/FeatureServer/0,2026-07-06T16:43:28.733000+00:00
4212116080,Venango,Cooperstown Borough,State Police coverage only,State Police Coverage Only,PA061SP00,42:police_service:PA061SP00,,PAPSP3000,2024_provider_identity_reviewed,399,https://services.arcgis.com/nx9zcV4VjX0IwxpW/arcgis/rest/services/Police_Jurisdictions/FeatureServer/0,2026-07-06T16:43:28.733000+00:00
4212116232,Venango,Cornplanter Township,State Police coverage only,State Police Coverage Only,PA061SP00,42:police_service:PA061SP00,,PAPSP3000,2024_provider_identity_reviewed,2320,https://services.arcgis.com/nx9zcV4VjX0IwxpW/arcgis/rest/services/Police_Jurisdictions/FeatureServer/0,2026-07-06T16:43:28.733000+00:00
4212116944,Venango,Cranberry Township,State Police coverage only,State Police Coverage Only,PA061SP00,42:police_service:PA061SP00,,PAPSP3000,2024_provider_identity_reviewed,6342,https://services.arcgis.com/nx9zcV4VjX0IwxpW/arcgis/rest/services/Police_Jurisdictions/FeatureServer/0,2026-07-06T16:43:28.733000+00:00
4212123568,Venango,Emlenton Borough,Municipal Police Force,Emlenton Boro,PA0611100,42:police_service:PA0611100,,,2024_provider_identity_reviewed,611,https://services.arcgis.com/nx9zcV4VjX0IwxpW/arcgis/rest/services/Police_Jurisdictions/FeatureServer/0,2026-07-06T16:43:28.733000+00:00
4212127456,Venango,Franklin City,Municipal Police Force,Franklin City,PA0610100,42:police_service:PA0610100,,,2024_provider_identity_reviewed,6077,https://services.arcgis.com/nx9zcV4VjX0IwxpW/arcgis/rest/services/Police_Jurisdictions/FeatureServer/0,2026-07-06T16:43:28.733000+00:00
4212127832,Venango,Frenchcreek Township,Police Service contracted from another municipality,Polk Boro,PA0611400,42:police_service:PA0611400,,,2024_provider_identity_reviewed,1427,https://services.arcgis.com/nx9zcV4VjX0IwxpW/arcgis/rest/services/Police_Jurisdictions/FeatureServer/0,2026-07-06T16:43:28.733000+00:00
4212137200,Venango,Irwin Township,State Police coverage only,State Police Coverage Only,PA061SP00,42:police_service:PA061SP00,,PAPSP3000,2024_provider_identity_reviewed,1253,https://services.arcgis.com/nx9zcV4VjX0IwxpW/arcgis/rest/services/Police_Jurisdictions/FeatureServer/0,2026-07-06T16:43:28.733000+00:00
4212137480,Venango,Jackson Township,State Police coverage only,State Police Coverage Only,PA061SP00,42:police_service:PA061SP00,,PAPSP3000,2024_provider_identity_reviewed,917,https://services.arcgis.com/nx9zcV4VjX0IwxpW/arcgis/rest/services/Police_Jurisdictions/FeatureServer/0,2026-07-06T16:43:28.733000+00:00
4212150048,Venango,Mineral Township,State Police coverage only,State Police Coverage Only,PA061SP00,42:police_service:PA061SP00,,PAPSP3000,2024_provider_identity_reviewed,498,https://services.arcgis.com/nx9zcV4VjX0IwxpW/arcgis/rest/services/Police_Jurisdictions/FeatureServer/0,2026-07-06T16:43:28.733000+00:00
4212156024,Venango,Oakland Township,State Police coverage only,State Police Coverage Only,PA061SP00,42:police_service:PA061SP00,,PAPSP3000,2024_provider_identity_reviewed,1361,https://services.arcgis.com/nx9zcV4VjX0IwxpW/arcgis/rest/services/Police_Jurisdictions/FeatureServer/0,2026-07-06T16:43:28.733000+00:00
4212156456,Venango,Oil City City,Municipal Police Force,Oil City,PA0610200,42:police_service:PA0610200,,,2024_active_official_provider,9613,https://services.arcgis.com/nx9zcV4VjX0IwxpW/arcgis/rest/services/Police_Jurisdictions/FeatureServer/0,2026-07-06T16:43:28.733000+00:00
4212156480,Venango,Oil Creek Township,State Police coverage only,State Police Coverage Only,PA061SP00,42:police_service:PA061SP00,,PAPSP3000,2024_provider_identity_reviewed,753,https://services.arcgis.com/nx9zcV4VjX0IwxpW/arcgis/rest/services/Police_Jurisdictions/FeatureServer/0,2026-07-06T16:43:28.733000+00:00
4212160472,Venango,Pinegrove Township,State Police coverage only,State Police Coverage Only,PA061SP00,42:police_service:PA061SP00,,PAPSP3000,2024_provider_identity_reviewed,1328,https://services.arcgis.com/nx9zcV4VjX0IwxpW/arcgis/rest/services/Police_Jurisdictions/FeatureServer/0,2026-07-06T16:43:28.733000+00:00
4212161512,Venango,Pleasantville Borough,State Police coverage only,State Police Coverage Only,PA061SP00,42:police_service:PA061SP00,,PAPSP3000,2024_provider_identity_reviewed,846,https://services.arcgis.com/nx9zcV4VjX0IwxpW/arcgis/rest/services/Police_Jurisdictions/FeatureServer/0,2026-07-06T16:43:28.733000+00:00
4212161552,Venango,Plum Township,State Police coverage only,State Police Coverage Only,PA061SP00,42:police_service:PA061SP00,,PAPSP3000,2024_provider_identity_reviewed,903,https://services.arcgis.com/nx9zcV4VjX0IwxpW/arcgis/rest/services/Police_Jurisdictions/FeatureServer/0,2026-07-06T16:43:28.733000+00:00
4212161936,Venango,Polk Borough,Municipal Police Force,Polk Boro,PA0611400,42:police_service:PA0611400,,,2024_provider_identity_reviewed,634,https://services.arcgis.com/nx9zcV4VjX0IwxpW/arcgis/rest/services/Police_Jurisdictions/FeatureServer/0,2026-07-06T16:43:28.733000+00:00
4212162544,Venango,President Township,State Police coverage only,State Police Coverage Only,PA061SP00,42:police_service:PA061SP00,,PAPSP3000,2024_provider_identity_reviewed,448,https://services.arcgis.com/nx9zcV4VjX0IwxpW/arcgis/rest/services/Police_Jurisdictions/FeatureServer/0,2026-07-06T16:43:28.733000+00:00
4212164568,Venango,Richland Township,Police Service contracted from another municipality,Emlenton Boro,PA0611100,42:police_service:PA0611100,,,2024_provider_identity_reviewed,777,https://services.arcgis.com/nx9zcV4VjX0IwxpW/arcgis/rest/services/Police_Jurisdictions/FeatureServer/0,2026-07-06T16:43:28.733000+00:00
4212165560,Venango,Rockland Township,State Police coverage only,State Police Coverage Only,PA061SP00,42:police_service:PA061SP00,,PAPSP3000,2024_provider_identity_reviewed,1243,https://services.arcgis.com/nx9zcV4VjX0IwxpW/arcgis/rest/services/Police_Jurisdictions/FeatureServer/0,2026-07-06T16:43:28.733000+00:00
4212166440,Venango,Rouseville Borough,State Police coverage only,State Police Coverage Only,PA061SP00,42:police_service:PA061SP00,,PAPSP3000,2024_provider_identity_reviewed,457,https://services.arcgis.com/nx9zcV4VjX0IwxpW/arcgis/rest/services/Police_Jurisdictions/FeatureServer/0,2026-07-06T16:43:28.733000+00:00
4212167824,Venango,Sandycreek Township,State Police coverage only,State Police Coverage Only,PA061SP00,42:police_service:PA061SP00,,PAPSP3000,2024_provider_identity_reviewed,2055,https://services.arcgis.com/nx9zcV4VjX0IwxpW/arcgis/rest/services/Police_Jurisdictions/FeatureServer/0,2026-07-06T16:43:28.733000+00:00
4212169016,Venango,Scrubgrass Township,State Police coverage only,State Police Coverage Only,PA061SP00,42:police_service:PA061SP00,,PAPSP3000,2024_provider_identity_reviewed,749,https://services.arcgis.com/nx9zcV4VjX0IwxpW/arcgis/rest/services/Police_Jurisdictions/FeatureServer/0,2026-07-06T16:43:28.733000+00:00
4212175000,Venango,Sugarcreek Borough,Municipal Police Force,Sugarcreek  Boro,PA0610500,42:police_service:PA0610500,,,2024_provider_identity_reviewed,4775,https://services.arcgis.com/nx9zcV4VjX0IwxpW/arcgis/rest/services/Police_Jurisdictions/FeatureServer/0,2026-07-06T16:43:28.733000+00:00
4212179472,Venango,Utica Borough,Police Service contracted from another municipality,Polk Boro,PA0611400,42:police_service:PA0611400,,,2024_provider_identity_reviewed,184,https://services.arcgis.com/nx9zcV4VjX0IwxpW/arcgis/rest/services/Police_Jurisdictions/FeatureServer/0,2026-07-06T16:43:28.733000+00:00
4212180168,Venango,Victory Township,State Police coverage only,State Police Coverage Only,PA061SP00,42:police_service:PA061SP00,,PAPSP3000,2024_provider_identity_reviewed,375,https://services.arcgis.com/nx9zcV4VjX0IwxpW/arcgis/rest/services/Police_Jurisdictions/FeatureServer/0,2026-07-06T16:43:28.733000+00:00
4212304608,Warren,Bear Lake Borough,State Police coverage only,State Police Coverage Only,PA062SP00,42:police_service:PA062SP00,,,2024_provider_identity_reviewed,148,https://services.arcgis.com/nx9zcV4VjX0IwxpW/arcgis/rest/services/Police_Jurisdictions/FeatureServer/0,2026-07-06T16:43:28.733000+00:00
4212309024,Warren,Brokenstraw Township,State Police coverage only,State Police Coverage Only,PA062SP00,42:police_service:PA062SP00,,,2024_provider_identity_reviewed,1730,https://services.arcgis.com/nx9zcV4VjX0IwxpW/arcgis/rest/services/Police_Jurisdictions/FeatureServer/0,2026-07-06T16:43:28.733000+00:00
4212313056,Warren,Cherry Grove Township,State Police coverage only,State Police Coverage Only,PA062SP00,42:police_service:PA062SP00,,,2024_provider_identity_reviewed,174,https://services.arcgis.com/nx9zcV4VjX0IwxpW/arcgis/rest/services/Police_Jurisdictions/FeatureServer/0,2026-07-06T16:43:28.733000+00:00
4212313776,Warren,Clarendon Borough,State Police coverage only,State Police Coverage Only,PA062SP00,42:police_service:PA062SP00,,,2024_fbi_covered_by,410,https://services.arcgis.com/nx9zcV4VjX0IwxpW/arcgis/rest/services/Police_Jurisdictions/FeatureServer/0,2026-07-06T16:43:28.733000+00:00
4212315408,Warren,Columbus Township,State Police coverage only,State Police Coverage Only,PA062SP00,42:police_service:PA062SP00,,,2024_provider_identity_reviewed,1604,https://services.arcgis.com/nx9zcV4VjX0IwxpW/arcgis/rest/services/Police_Jurisdictions/FeatureServer/0,2026-07-06T16:43:28.733000+00:00
4212315672,Warren,Conewango Township,Municipal Police Force,Conewango Twp,PA0620200,42:police_service:PA0620200,,,2024_active_official_provider,3427,https://services.arcgis.com/nx9zcV4VjX0IwxpW/arcgis/rest/services/Police_Jurisdictions/FeatureServer/0,2026-07-06T16:43:28.733000+00:00
4212318560,Warren,Deerfield Township,State Police coverage only,State Police Coverage Only,PA062SP00,42:police_service:PA062SP00,,,2024_provider_identity_reviewed,269,https://services.arcgis.com/nx9zcV4VjX0IwxpW/arcgis/rest/services/Police_Jurisdictions/FeatureServer/0,2026-07-06T16:43:28.733000+00:00
4212322920,Warren,Eldred Township,State Police coverage only,State Police Coverage Only,PA062SP00,42:police_service:PA062SP00,,,2024_provider_identity_reviewed,584,https://services.arcgis.com/nx9zcV4VjX0IwxpW/arcgis/rest/services/Police_Jurisdictions/FeatureServer/0,2026-07-06T16:43:28.733000+00:00
4212323064,Warren,Elk Township,State Police coverage only,State Police Coverage Only,PA062SP00,42:police_service:PA062SP00,,,2024_provider_identity_reviewed,481,https://services.arcgis.com/nx9zcV4VjX0IwxpW/arcgis/rest/services/Police_Jurisdictions/FeatureServer/0,2026-07-06T16:43:28.733000+00:00
4212325304,Warren,Farmington Township,State Police coverage only,State Police Coverage Only,PA062SP00,42:police_service:PA062SP00,,,2024_provider_identity_reviewed,1281,https://services.arcgis.com/nx9zcV4VjX0IwxpW/arcgis/rest/services/Police_Jurisdictions/FeatureServer/0,2026-07-06T16:43:28.733000+00:00
4212327736,Warren,Freehold Township,State Police coverage only,State Police Coverage Only,PA062SP00,42:police_service:PA062SP00,,,2024_provider_identity_reviewed,1211,https://services.arcgis.com/nx9zcV4VjX0IwxpW/arcgis/rest/services/Police_Jurisdictions/FeatureServer/0,2026-07-06T16:43:28.733000+00:00
4212329328,Warren,Glade Township,State Police coverage only,State Police Coverage Only,PA062SP00,42:police_service:PA062SP00,,,2024_provider_identity_reviewed,2042,https://services.arcgis.com/nx9zcV4VjX0IwxpW/arcgis/rest/services/Police_Jurisdictions/FeatureServer/0,2026-07-06T16:43:28.733000+00:00
4212343372,Warren,Limestone Township,State Police coverage only,State Police Coverage Only,PA062SP00,42:police_service:PA062SP00,,,2024_provider_identity_reviewed,309,https://services.arcgis.com/nx9zcV4VjX0IwxpW/arcgis/rest/services/Police_Jurisdictions/FeatureServer/0,2026-07-06T16:43:28.733000+00:00
4212348272,Warren,Mead Township,State Police coverage only,State Police Coverage Only,PA062SP00,42:police_service:PA062SP00,,,2024_fbi_covered_by,1296,https://services.arcgis.com/nx9zcV4VjX0IwxpW/arcgis/rest/services/Police_Jurisdictions/FeatureServer/0,2026-07-06T16:43:28.733000+00:00
4212360480,Warren,Pine Grove Township,State Police coverage only,State Police Coverage Only,PA062SP00,42:police_service:PA062SP00,,,2024_provider_identity_reviewed,2604,https://services.arcgis.com/nx9zcV4VjX0IwxpW/arcgis/rest/services/Police_Jurisdictions/FeatureServer/0,2026-07-06T16:43:28.733000+00:00
4212361040,Warren,Pittsfield Township,State Police coverage only,State Police Coverage Only,PA062SP00,42:police_service:PA062SP00,,,2024_provider_identity_reviewed,1282,https://services.arcgis.com/nx9zcV4VjX0IwxpW/arcgis/rest/services/Police_Jurisdictions/FeatureServer/0,2026-07-06T16:43:28.733000+00:00
4212361208,Warren,Pleasant Township,State Police coverage only,State Police Coverage Only,PA062SP00,42:police_service:PA062SP00,,,2024_provider_identity_reviewed,2249,https://services.arcgis.com/nx9zcV4VjX0IwxpW/arcgis/rest/services/Police_Jurisdictions/FeatureServer/0,2026-07-06T16:43:28.733000+00:00
4212369992,Warren,Sheffield Township,State Police coverage only,State Police Coverage Only,PA062SP00,42:police_service:PA062SP00,,,2024_fbi_covered_by,1844,https://services.arcgis.com/nx9zcV4VjX0IwxpW/arcgis/rest/services/Police_Jurisdictions/FeatureServer/0,2026-07-06T16:43:28.733000+00:00
4212372600,Warren,Southwest Township,State Police coverage only,State Police Coverage Only,PA062SP00,42:police_service:PA062SP00,,,2024_provider_identity_reviewed,427,https://services.arcgis.com/nx9zcV4VjX0IwxpW/arcgis/rest/services/Police_Jurisdictions/FeatureServer/0,2026-07-06T16:43:28.733000+00:00
4212372952,Warren,Spring Creek Township,State Police coverage only,State Police Coverage Only,PA062SP00,42:police_service:PA062SP00,,,2024_provider_identity_reviewed,780,https://services.arcgis.com/nx9zcV4VjX0IwxpW/arcgis/rest/services/Police_Jurisdictions/FeatureServer/0,2026-07-06T16:43:28.733000+00:00
4212375024,Warren,Sugar Grove Borough,State Police coverage only,State Police Coverage Only,PA062SP00,42:police_service:PA062SP00,,,2024_provider_identity_reviewed,564,https://services.arcgis.com/nx9zcV4VjX0IwxpW/arcgis/rest/services/Police_Jurisdictions/FeatureServer/0,2026-07-06T16:43:28.733000+00:00
4212375032,Warren,Sugar Grove Township,State Police coverage only,State Police Coverage Only,PA062SP00,42:police_service:PA062SP00,,,2024_provider_identity_reviewed,1609,https://services.arcgis.com/nx9zcV4VjX0IwxpW/arcgis/rest/services/Police_Jurisdictions/FeatureServer/0,2026-07-06T16:43:28.733000+00:00
4212376696,Warren,Tidioute Borough,State Police coverage only,State Police Coverage Only,PA062SP00,42:police_service:PA062SP00,,,2024_fbi_covered_by,626,https://services.arcgis.com/nx9zcV4VjX0IwxpW/arcgis/rest/services/Police_Jurisdictions/FeatureServer/0,2026-07-06T16:43:28.733000+00:00
4212377512,Warren,Triumph Township,State Police coverage only,State Police Coverage Only,PA062SP00,42:police_service:PA062SP00,,,2024_provider_identity_reviewed,276,https://services.arcgis.com/nx9zcV4VjX0IwxpW/arcgis/rest/services/Police_Jurisdictions/FeatureServer/0,2026-07-06T16:43:28.733000+00:00
4212381000,Warren,Warren City,Municipal Police Force,Warren City,PA0620100,42:police_service:PA0620100,,,2024_provider_identity_reviewed,9404,https://services.arcgis.com/nx9zcV4VjX0IwxpW/arcgis/rest/services/Police_Jurisdictions/FeatureServer/0,2026-07-06T16:43:28.733000+00:00
4212381584,Warren,Watson Township,State Police coverage only,State Police Coverage Only,PA062SP00,42:police_service:PA062SP00,,,2024_provider_identity_reviewed,230,https://services.arcgis.com/nx9zcV4VjX0IwxpW/arcgis/rest/services/Police_Jurisdictions/FeatureServer/0,2026-07-06T16:43:28.733000+00:00
4212387224,Warren,Youngsville Borough,Municipal Police Force,Youngsville Boro,PA0620600,42:police_service:PA0620600,,,2024_provider_identity_reviewed,1726,https://services.arcgis.com/nx9zcV4VjX0IwxpW/arcgis/rest/services/Police_Jurisdictions/FeatureServer/0,2026-07-06T16:43:28.733000+00:00
4212500988,Washington,Allenport Borough,Regional Police Service,Resa,PA0634900,42:police_service:PA0634900,,,2024_provider_identity_reviewed,484,https://services.arcgis.com/nx9zcV4VjX0IwxpW/arcgis/rest/services/Police_Jurisdictions/FeatureServer/0,2026-07-06T16:43:28.733000+00:00
4212502384,Washington,Amwell Township,State Police coverage only,State Police Coverage Only,PA063SP00,42:police_service:PA063SP00,,PAPSP9100,2024_provider_identity_reviewed,3679,https://services.arcgis.com/nx9zcV4VjX0IwxpW/arcgis/rest/services/Police_Jurisdictions/FeatureServer/0,2026-07-06T16:43:28.733000+00:00
4212504568,Washington,Beallsville Borough,State Police coverage only,State Police Coverage Only,PA063SP00,42:police_service:PA063SP00,,PAPSP9100,2024_fbi_covered_by,393,https://services.arcgis.com/nx9zcV4VjX0IwxpW/arcgis/rest/services/Police_Jurisdictions/FeatureServer/0,2026-07-06T16:43:28.733000+00:00
4212505672,Washington,Bentleyville Borough,Municipal Police Force,Bentleyville Boro,PA0631000,42:police_service:PA0631000,,,2024_provider_identity_reviewed,2352,https://services.arcgis.com/nx9zcV4VjX0IwxpW/arcgis/rest/services/Police_Jurisdictions/FeatureServer/0,2026-07-06T16:43:28.733000+00:00
4212506840,Washington,Blaine Township,State Police coverage only,State Police Coverage Only,PA063SP00,42:police_service:PA063SP00,,PAPSP9100,2024_provider_identity_reviewed,617,https://services.arcgis.com/nx9zcV4VjX0IwxpW/arcgis/rest/services/Police_Jurisdictions/FeatureServer/0,2026-07-06T16:43:28.733000+00:00
4212510032,Washington,Buffalo Township,State Police coverage only,State Police Coverage Only,PA063SP00,42:police_service:PA063SP00,,PAPSP9100,2024_provider_identity_reviewed,1991,https://services.arcgis.com/nx9zcV4VjX0IwxpW/arcgis/rest/services/Police_Jurisdictions/FeatureServer/0,2026-07-06T16:43:28.733000+00:00
4212510224,Washington,Burgettstown Borough,Police Service contracted from another municipality,Smith Twp,PA0633200,42:police_service:PA0633200,,,2024_fbi_covered_by,1425,https://services.arcgis.com/nx9zcV4VjX0IwxpW/arcgis/rest/services/Police_Jurisdictions/FeatureServer/0,2026-07-06T16:43:28.733000+00:00
4212510768,Washington,California Borough,Municipal Police Force,California Boro,PA0630700,42:police_service:PA0630700,,,2024_fbi_covered_by,5362,https://services.arcgis.com/nx9zcV4VjX0IwxpW/arcgis/rest/services/Police_Jurisdictions/FeatureServer/0,2026-07-06T16:43:28.733000+00:00
4212511152,Washington,Canonsburg Borough,Municipal Police Force,Canonsburg  Boro,PA0630100,42:police_service:PA0630100,,,2024_provider_identity_reviewed,9744,https://services.arcgis.com/nx9zcV4VjX0IwxpW/arcgis/rest/services/Police_Jurisdictions/FeatureServer/0,2026-07-06T16:43:28.733000+00:00
4212511176,Washington,Canton Township,Regional Police Service,Greene County Regional Police Department,PA0634600,42:police_service:PA0634600,,,2024_provider_identity_reviewed,8209,https://services.arcgis.com/nx9zcV4VjX0IwxpW/arcgis/rest/services/Police_Jurisdictions/FeatureServer/0,2026-07-06T16:43:28.733000+00:00
4212511424,Washington,Carroll Township,Municipal Police Force,Carroll Twp,PA0631400,42:police_service:PA0631400,,,2024_active_official_provider,5380,https://services.arcgis.com/nx9zcV4VjX0IwxpW/arcgis/rest/services/Police_Jurisdictions/FeatureServer/0,2026-07-06T16:43:28.733000+00:00
4212511800,Washington,Cecil Township,Municipal Police Force,Cecil Twp,PA0631500,42:police_service:PA0631500,,,2024_provider_identity_reviewed,14609,https://services.arcgis.com/nx9zcV4VjX0IwxpW/arcgis/rest/services/Police_Jurisdictions/FeatureServer/0,2026-07-06T16:43:28.733000+00:00
4212512224,Washington,Centerville Borough,Municipal Police Force,Centerville Boro,PA0631600,42:police_service:PA0631600,,,2024_provider_identity_reviewed,3256,https://services.arcgis.com/nx9zcV4VjX0IwxpW/arcgis/rest/services/Police_Jurisdictions/FeatureServer/0,2026-07-06T16:43:28.733000+00:00
4212512704,Washington,Charleroi Borough,Regional Police Service,Charleroi Regional Police Department,PA0636000,42:police_service:PA0636000,,,2024_fbi_covered_by,4234,https://services.arcgis.com/nx9zcV4VjX0IwxpW/arcgis/rest/services/Police_Jurisdictions/FeatureServer/0,2026-07-06T16:43:28.733000+00:00
4212512848,Washington,Chartiers Township,Municipal Police Force,Chartiers Twp,PA0631700,42:police_service:PA0631700,,,2024_active_official_provider,8632,https://services.arcgis.com/nx9zcV4VjX0IwxpW/arcgis/rest/services/Police_Jurisdictions/FeatureServer/0,2026-07-06T16:43:28.733000+00:00
4212514000,Washington,Claysville Borough,State Police coverage only,State Police Coverage Only,PA0632100,42:police_service:PA0632100,,,2024_fbi_covered_by,733,https://services.arcgis.com/nx9zcV4VjX0IwxpW/arcgis/rest/services/Police_Jurisdictions/FeatureServer/0,2026-07-06T16:43:28.733000+00:00
4212514568,Washington,Coal Center Borough,Police Service contracted from another municipality,California Boro,PA0630700,42:police_service:PA0630700,,,2024_fbi_covered_by,110,https://services.arcgis.com/nx9zcV4VjX0IwxpW/arcgis/rest/services/Police_Jurisdictions/FeatureServer/0,2026-07-06T16:43:28.733000+00:00
4212514896,Washington,Cokeburg Borough,State Police coverage only,State Police Coverage Only,PA063SP00,42:police_service:PA063SP00,,PAPSP9100,2024_fbi_covered_by,629,https://services.arcgis.com/nx9zcV4VjX0IwxpW/arcgis/rest/services/Police_Jurisdictions/FeatureServer/0,2026-07-06T16:43:28.733000+00:00
4212517314,Washington,Cross Creek Township,State Police coverage only,State Police Coverage Only,PA063SP00,42:police_service:PA063SP00,,PAPSP9100,2024_provider_identity_reviewed,1371,https://services.arcgis.com/nx9zcV4VjX0IwxpW/arcgis/rest/services/Police_Jurisdictions/FeatureServer/0,2026-07-06T16:43:28.733000+00:00
4212518496,Washington,Deemston Borough,State Police coverage only,State Police Coverage Only,PA063SP00,42:police_service:PA063SP00,,PAPSP9100,2024_provider_identity_reviewed,754,https://services.arcgis.com/nx9zcV4VjX0IwxpW/arcgis/rest/services/Police_Jurisdictions/FeatureServer/0,2026-07-06T16:43:28.733000+00:00
4212519464,Washington,Donegal Township,Municipal Police Force,Donegal Twp,PA0632100,42:police_service:PA0632100,,,2024_active_official_provider,2395,https://services.arcgis.com/nx9zcV4VjX0IwxpW/arcgis/rest/services/Police_Jurisdictions/FeatureServer/0,2026-07-06T16:43:28.733000+00:00
4212519536,Washington,Donora Borough,Municipal Police Force,Donora Boro,PA0630600,42:police_service:PA0630600,,,2024_provider_identity_reviewed,4569,https://services.arcgis.com/nx9zcV4VjX0IwxpW/arcgis/rest/services/Police_Jurisdictions/FeatureServer/0,2026-07-06T16:43:28.733000+00:00
4212520328,Washington,Dunlevy Borough,Regional Police Service,Resa Regional Pd,PA0634900,42:police_service:PA0634900,,,2024_provider_identity_reviewed,371,https://services.arcgis.com/nx9zcV4VjX0IwxpW/arcgis/rest/services/Police_Jurisdictions/FeatureServer/0,2026-07-06T16:43:28.733000+00:00
4212520808,Washington,East Bethlehem Township,State Police coverage only,State Police Coverage Only,PA063SP00,42:police_service:PA063SP00,,PAPSP9100,2024_provider_identity_reviewed,2311,https://services.arcgis.com/nx9zcV4VjX0IwxpW/arcgis/rest/services/Police_Jurisdictions/FeatureServer/0,2026-07-06T16:43:28.733000+00:00
4212521144,Washington,East Finley Township,State Police coverage only,State Police Coverage Only,PA063SP00,42:police_service:PA063SP00,,PAPSP9100,2024_provider_identity_reviewed,1288,https://services.arcgis.com/nx9zcV4VjX0IwxpW/arcgis/rest/services/Police_Jurisdictions/FeatureServer/0,2026-07-06T16:43:28.733000+00:00
4212522016,Washington,East Washington Borough,Municipal Police Force,East Washington Boro,PA0632300,42:police_service:PA0632300,,,2024_provider_identity_reviewed,1853,https://services.arcgis.com/nx9zcV4VjX0IwxpW/arcgis/rest/services/Police_Jurisdictions/FeatureServer/0,2026-07-06T16:43:28.733000+00:00
4212522800,Washington,Elco Borough,Regional Police Service,Resa Regional,PA0634900,42:police_service:PA0634900,,,2024_provider_identity_reviewed,267,https://services.arcgis.com/nx9zcV4VjX0IwxpW/arcgis/rest/services/Police_Jurisdictions/FeatureServer/0,2026-07-06T16:43:28.733000+00:00
4212523296,Washington,Ellsworth Borough,State Police coverage only,State Police Coverage Only,PA063SP00,42:police_service:PA063SP00,,PAPSP9100,2024_provider_identity_reviewed,945,https://services.arcgis.com/nx9zcV4VjX0IwxpW/arcgis/rest/services/Police_Jurisdictions/FeatureServer/0,2026-07-06T16:43:28.733000+00:00
4212525104,Washington,Fallowfield Township,State Police coverage only,State Police Coverage Only,PA063SP00,42:police_service:PA063SP00,,PAPSP9100,2024_fbi_covered_by,4099,https://services.arcgis.com/nx9zcV4VjX0IwxpW/arcgis/rest/services/Police_Jurisdictions/FeatureServer/0,2026-07-06T16:43:28.733000+00:00
4212525944,Washington,Finleyville Borough,Police Service contracted from another municipality,Monongahela City,PA0630300,42:police_service:PA0630300,,,2024_provider_identity_reviewed,376,https://services.arcgis.com/nx9zcV4VjX0IwxpW/arcgis/rest/services/Police_Jurisdictions/FeatureServer/0,2026-07-06T16:43:28.733000+00:00
4212531082,Washington,Green Hills Borough,State Police coverage only,State Police Coverage Only,PA063SP00,42:police_service:PA063SP00,,PAPSP9100,2024_provider_identity_reviewed,20,https://services.arcgis.com/nx9zcV4VjX0IwxpW/arcgis/rest/services/Police_Jurisdictions/FeatureServer/0,2026-07-06T16:43:28.733000+00:00
4212532440,Washington,Hanover Township,Municipal Police Force,Hanover Twp,PA0633900,42:police_service:PA0633900,,,2024_active_official_provider,2416,https://services.arcgis.com/nx9zcV4VjX0IwxpW/arcgis/rest/services/Police_Jurisdictions/FeatureServer/0,2026-07-06T16:43:28.733000+00:00
4212535696,Washington,Hopewell Township,State Police coverage only,State Police Coverage Only,PA063SP00,42:police_service:PA063SP00,,PAPSP9100,2024_provider_identity_reviewed,852,https://services.arcgis.com/nx9zcV4VjX0IwxpW/arcgis/rest/services/Police_Jurisdictions/FeatureServer/0,2026-07-06T16:43:28.733000+00:00
4212535896,Washington,Houston Borough,Police Service contracted from another municipality,Canonsburg  Boro,PA0630100,42:police_service:PA0630100,,,2024_provider_identity_reviewed,1172,https://services.arcgis.com/nx9zcV4VjX0IwxpW/arcgis/rest/services/Police_Jurisdictions/FeatureServer/0,2026-07-06T16:43:28.733000+00:00
4212536800,Washington,Independence Township,Police Service contracted from another municipality,Donegal Twp,PA063SP00,42:police_service:PA063SP00,,PAPSP9100,2024_fbi_covered_by,1515,https://services.arcgis.com/nx9zcV4VjX0IwxpW/arcgis/rest/services/Police_Jurisdictions/FeatureServer/0,2026-07-06T16:43:28.733000+00:00
4212537936,Washington,Jefferson Township,Municipal Police Force,Jefferson Twp,PA0635300,42:police_service:PA0635300,,,2024_provider_identity_reviewed,1119,https://services.arcgis.com/nx9zcV4VjX0IwxpW/arcgis/rest/services/Police_Jurisdictions/FeatureServer/0,2026-07-06T16:43:28.733000+00:00
4212544512,Washington,Long Branch Borough,Police Service contracted from another municipality,Long Branch Boro,PA0630700,42:police_service:PA0630700,,,2024_provider_identity_reviewed,421,https://services.arcgis.com/nx9zcV4VjX0IwxpW/arcgis/rest/services/Police_Jurisdictions/FeatureServer/0,2026-07-06T16:43:28.733000+00:00
4212546072,Washington,McDonald Borough,Municipal Police Force,Mcdonald Boro,PA0630900,42:police_service:PA0630900,,,2024_provider_identity_reviewed,1664,https://services.arcgis.com/nx9zcV4VjX0IwxpW/arcgis/rest/services/Police_Jurisdictions/FeatureServer/0,2026-07-06T16:43:28.733000+00:00
4212547400,Washington,Marianna Borough,State Police coverage only,State Police Coverage Only,PA063SP00,42:police_service:PA063SP00,,PAPSP9100,2024_fbi_covered_by,399,https://services.arcgis.com/nx9zcV4VjX0IwxpW/arcgis/rest/services/Police_Jurisdictions/FeatureServer/0,2026-07-06T16:43:28.733000+00:00
4212549240,Washington,Midway Borough,Police Service contracted from another municipality,Mcdonald Boro,PA0630900,42:police_service:PA0630900,,,2024_provider_identity_reviewed,924,https://services.arcgis.com/nx9zcV4VjX0IwxpW/arcgis/rest/services/Police_Jurisdictions/FeatureServer/0,2026-07-06T16:43:28.733000+00:00
4212550408,Washington,Monongahela City,Municipal Police Force,Monongahela City,PA0630300,42:police_service:PA0630300,,,2024_fbi_covered_by,4159,https://services.arcgis.com/nx9zcV4VjX0IwxpW/arcgis/rest/services/Police_Jurisdictions/FeatureServer/0,2026-07-06T16:43:28.733000+00:00
4212551104,Washington,Morris Township,State Police coverage only,State Police Coverage Only,PA063SP00,42:police_service:PA063SP00,,PAPSP9100,2024_provider_identity_reviewed,909,https://services.arcgis.com/nx9zcV4VjX0IwxpW/arcgis/rest/services/Police_Jurisdictions/FeatureServer/0,2026-07-06T16:43:28.733000+00:00
4212551864,Washington,Mount Pleasant Township,Municipal Police Force,Mt Pleasant Twp,PA0634000,42:police_service:PA0634000,,,2024_active_official_provider,3290,https://services.arcgis.com/nx9zcV4VjX0IwxpW/arcgis/rest/services/Police_Jurisdictions/FeatureServer/0,2026-07-06T16:43:28.733000+00:00
4212553496,Washington,New Eagle Borough,Police Service contracted from another municipality,Monongahela City,PA0630300,42:police_service:PA0630300,,,2024_fbi_covered_by,2049,https://services.arcgis.com/nx9zcV4VjX0IwxpW/arcgis/rest/services/Police_Jurisdictions/FeatureServer/0,2026-07-06T16:43:28.733000+00:00
4212554800,Washington,North Bethlehem Township,State Police coverage only,State Police Coverage Only,PA063SP00,42:police_service:PA063SP00,,PAPSP9100,2024_fbi_covered_by,1553,https://services.arcgis.com/nx9zcV4VjX0IwxpW/arcgis/rest/services/Police_Jurisdictions/FeatureServer/0,2026-07-06T16:43:28.733000+00:00
4212554888,Washington,North Charleroi Borough,Regional Police Service,Charleroi Regional,PA0636000,42:police_service:PA0636000,,,2024_fbi_covered_by,1303,https://services.arcgis.com/nx9zcV4VjX0IwxpW/arcgis/rest/services/Police_Jurisdictions/FeatureServer/0,2026-07-06T16:43:28.733000+00:00
4212555040,Washington,North Franklin Township,State Police coverage only,State Police Coverage Only,PA063SP00,42:police_service:PA063SP00,,PAPSP9100,2024_fbi_covered_by,4825,https://services.arcgis.com/nx9zcV4VjX0IwxpW/arcgis/rest/services/Police_Jurisdictions/FeatureServer/0,2026-07-06T16:43:28.733000+00:00
4212555432,Washington,North Strabane Township,Municipal Police Force,North Strabane Twp,PA0634100,42:police_service:PA0634100,,,2024_active_official_provider,15700,https://services.arcgis.com/nx9zcV4VjX0IwxpW/arcgis/rest/services/Police_Jurisdictions/FeatureServer/0,2026-07-06T16:43:28.733000+00:00
4212555712,Washington,Nottingham Township,State Police coverage only,State Police Coverage Only,PA063SP00,42:police_service:PA063SP00,,PAPSP9100,2024_provider_identity_reviewed,2941,https://services.arcgis.com/nx9zcV4VjX0IwxpW/arcgis/rest/services/Police_Jurisdictions/FeatureServer/0,2026-07-06T16:43:28.733000+00:00
4212559608,Washington,Peters Township,Municipal Police Force,Peters Twp,PA0630400,42:police_service:PA0630400,,,2024_active_official_provider,22946,https://services.arcgis.com/nx9zcV4VjX0IwxpW/arcgis/rest/services/Police_Jurisdictions/FeatureServer/0,2026-07-06T16:43:28.733000+00:00
4212565376,Washington,Robinson Township,Police Service contracted from another municipality,Mt Pleasant Twp,PA0630900,42:police_service:PA0630900,,,2024_fbi_covered_by,1707,https://services.arcgis.com/nx9zcV4VjX0IwxpW/arcgis/rest/services/Police_Jurisdictions/FeatureServer/0,2026-07-06T16:43:28.733000+00:00
4212566016,Washington,Roscoe Borough,Regional Police Service,Resa Regional Pd,PA0634900,42:police_service:PA0634900,,,2024_fbi_covered_by,720,https://services.arcgis.com/nx9zcV4VjX0IwxpW/arcgis/rest/services/Police_Jurisdictions/FeatureServer/0,2026-07-06T16:43:28.733000+00:00
4212571288,Washington,Smith Township,Municipal Police Force,Smith Twp,PA0633200,42:police_service:PA0633200,,,2024_active_official_provider,4233,https://services.arcgis.com/nx9zcV4VjX0IwxpW/arcgis/rest/services/Police_Jurisdictions/FeatureServer/0,2026-07-06T16:43:28.733000+00:00
4212571792,Washington,Somerset Township,State Police coverage only,State Police Coverage Only,PA063SP00,42:police_service:PA063SP00,,PAPSP9100,2024_provider_identity_reviewed,2581,https://services.arcgis.com/nx9zcV4VjX0IwxpW/arcgis/rest/services/Police_Jurisdictions/FeatureServer/0,2026-07-06T16:43:28.733000+00:00
4212572176,Washington,South Franklin Township,Regional Police Service,Greene Washington Regional Police Department,PA0630500,42:police_service:PA0630500,,,2024_provider_identity_reviewed,2868,https://services.arcgis.com/nx9zcV4VjX0IwxpW/arcgis/rest/services/Police_Jurisdictions/FeatureServer/0,2026-07-06T16:43:28.733000+00:00
4212572504,Washington,South Strabane Township,Municipal Police Force,South Strabane Twp,PA0633300,42:police_service:PA0633300,,,2024_active_official_provider,9613,https://services.arcgis.com/nx9zcV4VjX0IwxpW/arcgis/rest/services/Police_Jurisdictions/FeatureServer/0,2026-07-06T16:43:28.733000+00:00
4212572736,Washington,Speers Borough,Police Service contracted from another municipality,Charleroi Boro,PA0636000,42:police_service:PA0636000,,,2024_provider_identity_reviewed,1088,https://services.arcgis.com/nx9zcV4VjX0IwxpW/arcgis/rest/services/Police_Jurisdictions/FeatureServer/0,2026-07-06T16:43:28.733000+00:00
4212574224,Washington,Stockdale Borough,Regional Police Service,Resa Regional Pd,PA0634900,42:police_service:PA0634900,,,2024_provider_identity_reviewed,421,https://services.arcgis.com/nx9zcV4VjX0IwxpW/arcgis/rest/services/Police_Jurisdictions/FeatureServer/0,2026-07-06T16:43:28.733000+00:00
4212578008,Washington,Twilight Borough,Police Service contracted from another municipality,Charleroi Boro,PA0636000,42:police_service:PA0636000,,,2024_provider_identity_reviewed,216,https://services.arcgis.com/nx9zcV4VjX0IwxpW/arcgis/rest/services/Police_Jurisdictions/FeatureServer/0,2026-07-06T16:43:28.733000+00:00
4212578432,Washington,Union Township,Police Service contracted from another municipality,Monongahela City,PA0630300,42:police_service:PA0630300,,,2024_fbi_covered_by,5374,https://services.arcgis.com/nx9zcV4VjX0IwxpW/arcgis/rest/services/Police_Jurisdictions/FeatureServer/0,2026-07-06T16:43:28.733000+00:00
4212581328,Washington,Washington City,Municipal Police Force,Washington City,PA0630500,42:police_service:PA0630500,,,2024_provider_identity_reviewed,13176,https://services.arcgis.com/nx9zcV4VjX0IwxpW/arcgis/rest/services/Police_Jurisdictions/FeatureServer/0,2026-07-06T16:43:28.733000+00:00
4212582512,Washington,West Bethlehem Township,State Police coverage only,State Police Coverage Only,PA063SP00,42:police_service:PA063SP00,,PAPSP9100,2024_provider_identity_reviewed,1291,https://services.arcgis.com/nx9zcV4VjX0IwxpW/arcgis/rest/services/Police_Jurisdictions/FeatureServer/0,2026-07-06T16:43:28.733000+00:00
4212582616,Washington,West Brownsville Borough,Municipal Police Force,West Brownsville Boro,PA0633600,42:police_service:PA0633600,,,2024_provider_identity_reviewed,977,https://services.arcgis.com/nx9zcV4VjX0IwxpW/arcgis/rest/services/Police_Jurisdictions/FeatureServer/0,2026-07-06T16:43:28.733000+00:00
4212583000,Washington,West Finley Township,State Police coverage only,State Police Coverage Only,PA063SP00,42:police_service:PA063SP00,,PAPSP9100,2024_provider_identity_reviewed,813,https://services.arcgis.com/nx9zcV4VjX0IwxpW/arcgis/rest/services/Police_Jurisdictions/FeatureServer/0,2026-07-06T16:43:28.733000+00:00
4212583504,Washington,West Middletown Borough,State Police coverage only,State Police Coverage Only,PA063SP00,42:police_service:PA063SP00,,PAPSP9100,2024_provider_identity_reviewed,109,https://services.arcgis.com/nx9zcV4VjX0IwxpW/arcgis/rest/services/Police_Jurisdictions/FeatureServer/0,2026-07-06T16:43:28.733000+00:00
4212583840,Washington,West Pike Run Township,Municipal Police Force,West Pike Run Twp,PA0635000,42:police_service:PA0635000,,,2024_provider_identity_reviewed,1547,https://services.arcgis.com/nx9zcV4VjX0IwxpW/arcgis/rest/services/Police_Jurisdictions/FeatureServer/0,2026-07-06T16:43:28.733000+00:00
4212705784,Wayne,Berlin Township,State Police coverage only,State Police Coverage Only,PA064SP00,42:police_service:PA064SP00,,,2024_provider_identity_reviewed,2478,https://services.arcgis.com/nx9zcV4VjX0IwxpW/arcgis/rest/services/Police_Jurisdictions/FeatureServer/0,2026-07-06T16:43:28.733000+00:00
4212705976,Wayne,Bethany Borough,State Police coverage only,State Police Coverage Only,PA064SP00,42:police_service:PA064SP00,,,2024_provider_identity_reviewed,241,https://services.arcgis.com/nx9zcV4VjX0IwxpW/arcgis/rest/services/Police_Jurisdictions/FeatureServer/0,2026-07-06T16:43:28.733000+00:00
4212709824,Wayne,Buckingham Township,State Police coverage only,State Police Coverage Only,PA064SP00,42:police_service:PA064SP00,,,2024_provider_identity_reviewed,506,https://services.arcgis.com/nx9zcV4VjX0IwxpW/arcgis/rest/services/Police_Jurisdictions/FeatureServer/0,2026-07-06T16:43:28.733000+00:00
4212711056,Wayne,Canaan Township,State Police coverage only,State Police Coverage Only,PA064SP00,42:police_service:PA064SP00,,,2024_provider_identity_reviewed,3610,https://services.arcgis.com/nx9zcV4VjX0IwxpW/arcgis/rest/services/Police_Jurisdictions/FeatureServer/0,2026-07-06T16:43:28.733000+00:00
4212713096,Wayne,Cherry Ridge Township,State Police coverage only,State Police Coverage Only,PA064SP00,42:police_service:PA064SP00,,,2024_provider_identity_reviewed,1913,https://services.arcgis.com/nx9zcV4VjX0IwxpW/arcgis/rest/services/Police_Jurisdictions/FeatureServer/0,2026-07-06T16:43:28.733000+00:00
4212714352,Wayne,Clinton Township,State Police coverage only,State Police Coverage Only,PA064SP00,42:police_service:PA064SP00,,,2024_provider_identity_reviewed,2040,https://services.arcgis.com/nx9zcV4VjX0IwxpW/arcgis/rest/services/Police_Jurisdictions/FeatureServer/0,2026-07-06T16:43:28.733000+00:00
4212718104,Wayne,Damascus Township,State Police coverage only,State Police Coverage Only,PA064SP00,42:police_service:PA064SP00,,,2024_provider_identity_reviewed,3674,https://services.arcgis.com/nx9zcV4VjX0IwxpW/arcgis/rest/services/Police_Jurisdictions/FeatureServer/0,2026-07-06T16:43:28.733000+00:00
4212719864,Wayne,Dreher Township,State Police coverage only,State Police Coverage Only,PA064SP00,42:police_service:PA064SP00,,,2024_fbi_covered_by,1350,https://services.arcgis.com/nx9zcV4VjX0IwxpW/arcgis/rest/services/Police_Jurisdictions/FeatureServer/0,2026-07-06T16:43:28.733000+00:00
4212720576,Wayne,Dyberry Township,State Police coverage only,State Police Coverage Only,PA064SP00,42:police_service:PA064SP00,,,2024_provider_identity_reviewed,1397,https://services.arcgis.com/nx9zcV4VjX0IwxpW/arcgis/rest/services/Police_Jurisdictions/FeatureServer/0,2026-07-06T16:43:28.733000+00:00
4212733200,Wayne,Hawley Borough,Municipal Police Force,Hawley Boro,PA0640200,42:police_service:PA0640200,,,2024_provider_identity_reviewed,1229,https://services.arcgis.com/nx9zcV4VjX0IwxpW/arcgis/rest/services/Police_Jurisdictions/FeatureServer/0,2026-07-06T16:43:28.733000+00:00
4212735520,Wayne,Honesdale Borough,Municipal Police Force,Honesdale Boro,PA0640100,42:police_service:PA0640100,,,2024_provider_identity_reviewed,4458,https://services.arcgis.com/nx9zcV4VjX0IwxpW/arcgis/rest/services/Police_Jurisdictions/FeatureServer/0,2026-07-06T16:43:28.733000+00:00
4212740936,Wayne,Lake Township,State Police coverage only,State Police Coverage Only,PA064SP00,42:police_service:PA064SP00,,,2024_provider_identity_reviewed,4850,https://services.arcgis.com/nx9zcV4VjX0IwxpW/arcgis/rest/services/Police_Jurisdictions/FeatureServer/0,2026-07-06T16:43:28.733000+00:00
4212742176,Wayne,Lebanon Township,State Police coverage only,State Police Coverage Only,PA064SP00,42:police_service:PA064SP00,,,2024_provider_identity_reviewed,678,https://services.arcgis.com/nx9zcV4VjX0IwxpW/arcgis/rest/services/Police_Jurisdictions/FeatureServer/0,2026-07-06T16:43:28.733000+00:00
4212742432,Wayne,Lehigh Township,Municipal Police Force,Lehigh Twp,PA0640400,42:police_service:PA0640400,,,2024_active_official_provider,1876,https://services.arcgis.com/nx9zcV4VjX0IwxpW/arcgis/rest/services/Police_Jurisdictions/FeatureServer/0,2026-07-06T16:43:28.733000+00:00
4212746856,Wayne,Manchester Township,State Police coverage only,State Police Coverage Only,PA064SP00,42:police_service:PA064SP00,,,2024_provider_identity_reviewed,785,https://services.arcgis.com/nx9zcV4VjX0IwxpW/arcgis/rest/services/Police_Jurisdictions/FeatureServer/0,2026-07-06T16:43:28.733000+00:00
4212751872,Wayne,Mount Pleasant Township,State Police coverage only,State Police Coverage Only,PA064SP00,42:police_service:PA064SP00,,,2024_provider_identity_reviewed,1439,https://services.arcgis.com/nx9zcV4VjX0IwxpW/arcgis/rest/services/Police_Jurisdictions/FeatureServer/0,2026-07-06T16:43:28.733000+00:00
4212757000,Wayne,Oregon Township,State Police coverage only,State Police Coverage Only,PA064SP00,42:police_service:PA064SP00,,,2024_provider_identity_reviewed,841,https://services.arcgis.com/nx9zcV4VjX0IwxpW/arcgis/rest/services/Police_Jurisdictions/FeatureServer/0,2026-07-06T16:43:28.733000+00:00
4212757736,Wayne,Palmyra Township,Police Service contracted from another municipality,Palmyra Twp,PA0640200,42:police_service:PA0640200,,,2024_provider_identity_reviewed,1251,https://services.arcgis.com/nx9zcV4VjX0IwxpW/arcgis/rest/services/Police_Jurisdictions/FeatureServer/0,2026-07-06T16:43:28.733000+00:00
4212758480,Wayne,Paupack Township,State Police coverage only,State Police Coverage Only,PA064SP00,42:police_service:PA064SP00,,,2024_provider_identity_reviewed,3676,https://services.arcgis.com/nx9zcV4VjX0IwxpW/arcgis/rest/services/Police_Jurisdictions/FeatureServer/0,2026-07-06T16:43:28.733000+00:00
4212762600,Wayne,Preston Township,State Police coverage only,State Police Coverage Only,PA064SP00,42:police_service:PA064SP00,,,2024_provider_identity_reviewed,1000,https://services.arcgis.com/nx9zcV4VjX0IwxpW/arcgis/rest/services/Police_Jurisdictions/FeatureServer/0,2026-07-06T16:43:28.733000+00:00
4212762744,Wayne,Prompton Borough,State Police coverage only,State Police Coverage Only,PA064SP00,42:police_service:PA064SP00,,,2024_provider_identity_reviewed,237,https://services.arcgis.com/nx9zcV4VjX0IwxpW/arcgis/rest/services/Police_Jurisdictions/FeatureServer/0,2026-07-06T16:43:28.733000+00:00
4212767488,Wayne,Salem Township,State Police coverage only,State Police Coverage Only,PA064SP00,42:police_service:PA064SP00,,,2024_provider_identity_reviewed,4115,https://services.arcgis.com/nx9zcV4VjX0IwxpW/arcgis/rest/services/Police_Jurisdictions/FeatureServer/0,2026-07-06T16:43:28.733000+00:00
4212768416,Wayne,Scott Township,State Police coverage only,State Police Coverage Only,PA064SP00,42:police_service:PA064SP00,,,2024_provider_identity_reviewed,483,https://services.arcgis.com/nx9zcV4VjX0IwxpW/arcgis/rest/services/Police_Jurisdictions/FeatureServer/0,2026-07-06T16:43:28.733000+00:00
4212772024,Wayne,South Canaan Township,State Police coverage only,State Police Coverage Only,PA064SP00,42:police_service:PA064SP00,,,2024_provider_identity_reviewed,1793,https://services.arcgis.com/nx9zcV4VjX0IwxpW/arcgis/rest/services/Police_Jurisdictions/FeatureServer/0,2026-07-06T16:43:28.733000+00:00
4212773784,Wayne,Starrucca Borough,State Police coverage only,State Police Coverage Only,PA064SP00,42:police_service:PA064SP00,,,2024_provider_identity_reviewed,169,https://services.arcgis.com/nx9zcV4VjX0IwxpW/arcgis/rest/services/Police_Jurisdictions/FeatureServer/0,2026-07-06T16:43:28.733000+00:00
4212773968,Wayne,Sterling Township,State Police coverage only,State Police Coverage Only,PA064SP00,42:police_service:PA064SP00,,,2024_provider_identity_reviewed,1482,https://services.arcgis.com/nx9zcV4VjX0IwxpW/arcgis/rest/services/Police_Jurisdictions/FeatureServer/0,2026-07-06T16:43:28.733000+00:00
4212776424,Wayne,Texas Township,State Police coverage only,State Police Coverage Only,PA064SP00,42:police_service:PA064SP00,,,2024_provider_identity_reviewed,2287,https://services.arcgis.com/nx9zcV4VjX0IwxpW/arcgis/rest/services/Police_Jurisdictions/FeatureServer/0,2026-07-06T16:43:28.733000+00:00
4212781712,Wayne,Waymart Borough,Municipal Police Force,Waymart Boro,PA0640300,42:police_service:PA0640300,,,2024_provider_identity_reviewed,1297,https://services.arcgis.com/nx9zcV4VjX0IwxpW/arcgis/rest/services/Police_Jurisdictions/FeatureServer/0,2026-07-06T16:43:28.733000+00:00
4212900332,Westmoreland,Adamsburg Borough,State Police coverage only,State Police Coverage Only,PA065SP00,42:police_service:PA065SP00,,PAPSP3400,2024_provider_identity_reviewed,142,https://services.arcgis.com/nx9zcV4VjX0IwxpW/arcgis/rest/services/Police_Jurisdictions/FeatureServer/0,2026-07-06T16:43:28.733000+00:00
4212900892,Westmoreland,Allegheny Township,Municipal Police Force,Allegheny Twp,PA0652800,42:police_service:PA0652800,,,2024_active_official_provider,8328,https://services.arcgis.com/nx9zcV4VjX0IwxpW/arcgis/rest/services/Police_Jurisdictions/FeatureServer/0,2026-07-06T16:43:28.733000+00:00
4212903088,Westmoreland,Arnold City,Municipal Police Force,Arnold City,PA0651400,42:police_service:PA0651400,,,2024_provider_identity_reviewed,4772,https://services.arcgis.com/nx9zcV4VjX0IwxpW/arcgis/rest/services/Police_Jurisdictions/FeatureServer/0,2026-07-06T16:43:28.733000+00:00
4212903120,Westmoreland,Arona Borough,State Police coverage only,State Police Coverage Only,PA065SP00,42:police_service:PA065SP00,,PAPSP3400,2024_provider_identity_reviewed,255,https://services.arcgis.com/nx9zcV4VjX0IwxpW/arcgis/rest/services/Police_Jurisdictions/FeatureServer/0,2026-07-06T16:43:28.733000+00:00
4212903688,Westmoreland,Avonmore Borough,Municipal Police Force,Avonmore Boro,PA0652900,42:police_service:PA0652900,,,2024_provider_identity_reviewed,900,https://services.arcgis.com/nx9zcV4VjX0IwxpW/arcgis/rest/services/Police_Jurisdictions/FeatureServer/0,2026-07-06T16:43:28.733000+00:00
4212905208,Westmoreland,Bell Township,State Police coverage only,State Police Coverage Only,PA065SP00,42:police_service:PA065SP00,,PAPSP3400,2024_provider_identity_reviewed,2080,https://services.arcgis.com/nx9zcV4VjX0IwxpW/arcgis/rest/services/Police_Jurisdictions/FeatureServer/0,2026-07-06T16:43:28.733000+00:00
4212907480,Westmoreland,Bolivar Borough,State Police coverage only,State Police Coverage Only,PA065SP00,42:police_service:PA065SP00,,PAPSP3400,2024_provider_identity_reviewed,435,https://services.arcgis.com/nx9zcV4VjX0IwxpW/arcgis/rest/services/Police_Jurisdictions/FeatureServer/0,2026-07-06T16:43:28.733000+00:00
4212915912,Westmoreland,Cook Township,State Police coverage only,State Police Coverage Only,PA065SP00,42:police_service:PA065SP00,,PAPSP3400,2024_provider_identity_reviewed,1896,https://services.arcgis.com/nx9zcV4VjX0IwxpW/arcgis/rest/services/Police_Jurisdictions/FeatureServer/0,2026-07-06T16:43:28.733000+00:00
4212918768,Westmoreland,Delmont Borough,Municipal Police Force,Delmont Boro,PA0653800,42:police_service:PA0653800,,,2024_provider_identity_reviewed,2596,https://services.arcgis.com/nx9zcV4VjX0IwxpW/arcgis/rest/services/Police_Jurisdictions/FeatureServer/0,2026-07-06T16:43:28.733000+00:00
4212918960,Westmoreland,Derry Borough,Municipal Police Force,Derry Boro,PA0651500,42:police_service:PA0651500,,,2024_provider_identity_reviewed,2639,https://services.arcgis.com/nx9zcV4VjX0IwxpW/arcgis/rest/services/Police_Jurisdictions/FeatureServer/0,2026-07-06T16:43:28.733000+00:00
4212918968,Westmoreland,Derry Township,State Police coverage only,State Police Coverage Only,PA065SP00,42:police_service:PA065SP00,,PAPSP3400,2024_provider_identity_reviewed,13631,https://services.arcgis.com/nx9zcV4VjX0IwxpW/arcgis/rest/services/Police_Jurisdictions/FeatureServer/0,2026-07-06T16:43:28.733000+00:00
4212919472,Westmoreland,Donegal Borough,State Police coverage only,State Police Coverage Only,PA065SP00,42:police_service:PA065SP00,,PAPSP3400,2024_provider_identity_reviewed,102,https://services.arcgis.com/nx9zcV4VjX0IwxpW/arcgis/rest/services/Police_Jurisdictions/FeatureServer/0,2026-07-06T16:43:28.733000+00:00
4212919480,Westmoreland,Donegal Township,State Police coverage only,State Police Coverage Only,PA065SP00,42:police_service:PA065SP00,,PAPSP3400,2024_provider_identity_reviewed,2192,https://services.arcgis.com/nx9zcV4VjX0IwxpW/arcgis/rest/services/Police_Jurisdictions/FeatureServer/0,2026-07-06T16:43:28.733000+00:00
4212921304,Westmoreland,East Huntingdon Township,State Police coverage only,State Police Coverage Only,PA065SP00,42:police_service:PA065SP00,,PAPSP3400,2024_provider_identity_reviewed,7721,https://services.arcgis.com/nx9zcV4VjX0IwxpW/arcgis/rest/services/Police_Jurisdictions/FeatureServer/0,2026-07-06T16:43:28.733000+00:00
4212921976,Westmoreland,East Vandergrift Borough,Police Service contracted from another municipality,Vandergrift Boro,PA0651300,42:police_service:PA0651300,,,2024_fbi_covered_by,602,https://services.arcgis.com/nx9zcV4VjX0IwxpW/arcgis/rest/services/Police_Jurisdictions/FeatureServer/0,2026-07-06T16:43:28.733000+00:00
4212924432,Westmoreland,Export Borough,State Police coverage only,State Police Coverage Only,PA065SP00,42:police_service:PA065SP00,,PAPSP3400,2024_provider_identity_reviewed,894,https://services.arcgis.com/nx9zcV4VjX0IwxpW/arcgis/rest/services/Police_Jurisdictions/FeatureServer/0,2026-07-06T16:43:28.733000+00:00
4212924608,Westmoreland,Fairfield Township,State Police coverage only,State Police Coverage Only,PA065SP00,42:police_service:PA065SP00,,PAPSP3400,2024_provider_identity_reviewed,2046,https://services.arcgis.com/nx9zcV4VjX0IwxpW/arcgis/rest/services/Police_Jurisdictions/FeatureServer/0,2026-07-06T16:43:28.733000+00:00
4212931200,Westmoreland,Greensburg City,Municipal Police Force,Greensburg City,PA0650200,42:police_service:PA0650200,,,2024_provider_identity_reviewed,14976,https://services.arcgis.com/nx9zcV4VjX0IwxpW/arcgis/rest/services/Police_Jurisdictions/FeatureServer/0,2026-07-06T16:43:28.733000+00:00
4212933792,Westmoreland,Hempfield Township,State Police coverage only,State Police Coverage Only,PA065SP00,42:police_service:PA065SP00,,PAPSP3400,2024_provider_identity_reviewed,41466,https://services.arcgis.com/nx9zcV4VjX0IwxpW/arcgis/rest/services/Police_Jurisdictions/FeatureServer/0,2026-07-06T16:43:28.733000+00:00
4212936288,Westmoreland,Hunker Borough,State Police coverage only,State Police Coverage Only,PA065SP00,42:police_service:PA065SP00,,PAPSP3400,2024_provider_identity_reviewed,310,https://services.arcgis.com/nx9zcV4VjX0IwxpW/arcgis/rest/services/Police_Jurisdictions/FeatureServer/0,2026-07-06T16:43:28.733000+00:00
4212936592,Westmoreland,Hyde Park Borough,State Police coverage only,State Police Coverage Only,PA065SP00,42:police_service:PA065SP00,,PAPSP3400,2024_provider_identity_reviewed,509,https://services.arcgis.com/nx9zcV4VjX0IwxpW/arcgis/rest/services/Police_Jurisdictions/FeatureServer/0,2026-07-06T16:43:28.733000+00:00
4212937208,Westmoreland,Irwin Borough,Municipal Police Force,Irwin Boro,PA0650300,42:police_service:PA0650300,,,2024_fbi_covered_by,3902,https://services.arcgis.com/nx9zcV4VjX0IwxpW/arcgis/rest/services/Police_Jurisdictions/FeatureServer/0,2026-07-06T16:43:28.733000+00:00
4212937784,Westmoreland,Jeannette City,Municipal Police Force,Jeannette City,PA0650400,42:police_service:PA0650400,,,2024_provider_identity_reviewed,8780,https://services.arcgis.com/nx9zcV4VjX0IwxpW/arcgis/rest/services/Police_Jurisdictions/FeatureServer/0,2026-07-06T16:43:28.733000+00:00
4212941680,Westmoreland,Latrobe Borough,Municipal Police Force,Latrobe Boro,PA0650500,42:police_service:PA0650500,,,2024_provider_identity_reviewed,8060,https://services.arcgis.com/nx9zcV4VjX0IwxpW/arcgis/rest/services/Police_Jurisdictions/FeatureServer/0,2026-07-06T16:43:28.733000+00:00
4212941834,Westmoreland,Laurel Mountain Borough,Regional Police Service,Ligonier Valley Police Department,PA0657200,42:police_service:PA0657200,,,2024_provider_identity_reviewed,146,https://services.arcgis.com/nx9zcV4VjX0IwxpW/arcgis/rest/services/Police_Jurisdictions/FeatureServer/0,2026-07-06T16:43:28.733000+00:00
4212943232,Westmoreland,Ligonier Borough,Regional Police Service,Ligonier Valley Police Department,PA0657200,42:police_service:PA0657200,,,2024_fbi_covered_by,1513,https://services.arcgis.com/nx9zcV4VjX0IwxpW/arcgis/rest/services/Police_Jurisdictions/FeatureServer/0,2026-07-06T16:43:28.733000+00:00
4212943240,Westmoreland,Ligonier Township,Regional Police Service,Ligonier Valley Police Department,PA0657200,42:police_service:PA0657200,,,2024_fbi_covered_by,6056,https://services.arcgis.com/nx9zcV4VjX0IwxpW/arcgis/rest/services/Police_Jurisdictions/FeatureServer/0,2026-07-06T16:43:28.733000+00:00
4212944864,Westmoreland,Lower Burrell City,Municipal Police Force,Lower Burrell City,PA0650600,42:police_service:PA0650600,,,2024_provider_identity_reviewed,11758,https://services.arcgis.com/nx9zcV4VjX0IwxpW/arcgis/rest/services/Police_Jurisdictions/FeatureServer/0,2026-07-06T16:43:28.733000+00:00
4212945200,Westmoreland,Loyalhanna Township,State Police coverage only,State Police Coverage Only,PA065SP00,42:police_service:PA065SP00,,PAPSP3400,2024_provider_identity_reviewed,2088,https://services.arcgis.com/nx9zcV4VjX0IwxpW/arcgis/rest/services/Police_Jurisdictions/FeatureServer/0,2026-07-06T16:43:28.733000+00:00
4212946488,Westmoreland,Madison Borough,State Police coverage only,State Police Coverage Only,PA065SP00,42:police_service:PA065SP00,,PAPSP3400,2024_provider_identity_reviewed,364,https://services.arcgis.com/nx9zcV4VjX0IwxpW/arcgis/rest/services/Police_Jurisdictions/FeatureServer/0,2026-07-06T16:43:28.733000+00:00
4212947000,Westmoreland,Manor Borough,Municipal Police Force,Manor Boro,PA0654000,42:police_service:PA0654000,,,2024_provider_identity_reviewed,3585,https://services.arcgis.com/nx9zcV4VjX0IwxpW/arcgis/rest/services/Police_Jurisdictions/FeatureServer/0,2026-07-06T16:43:28.733000+00:00
4212950344,Westmoreland,Monessen City,Municipal Police Force,Monessen City,PA0650700,42:police_service:PA0650700,,,2024_provider_identity_reviewed,6876,https://services.arcgis.com/nx9zcV4VjX0IwxpW/arcgis/rest/services/Police_Jurisdictions/FeatureServer/0,2026-07-06T16:43:28.733000+00:00
4212951880,Westmoreland,Mount Pleasant Borough,Municipal Police Force,Mt Pleasant Boro,PA0650800,42:police_service:PA0650800,,,2024_provider_identity_reviewed,4245,https://services.arcgis.com/nx9zcV4VjX0IwxpW/arcgis/rest/services/Police_Jurisdictions/FeatureServer/0,2026-07-06T16:43:28.733000+00:00
4212951888,Westmoreland,Mount Pleasant Township,State Police coverage only,State Police Coverage Only,PA065SP00,42:police_service:PA065SP00,,PAPSP3400,2024_provider_identity_reviewed,10119,https://services.arcgis.com/nx9zcV4VjX0IwxpW/arcgis/rest/services/Police_Jurisdictions/FeatureServer/0,2026-07-06T16:43:28.733000+00:00
4212952432,Westmoreland,Murrysville Borough,Municipal Police Force,Murrysville Boro,PA0650100,42:police_service:PA0650100,,,2024_provider_identity_reviewed,21006,https://services.arcgis.com/nx9zcV4VjX0IwxpW/arcgis/rest/services/Police_Jurisdictions/FeatureServer/0,2026-07-06T16:43:28.733000+00:00
4212953160,Westmoreland,New Alexandria Borough,State Police coverage only,State Police Coverage Only,PA065SP00,42:police_service:PA065SP00,,PAPSP3400,2024_provider_identity_reviewed,501,https://services.arcgis.com/nx9zcV4VjX0IwxpW/arcgis/rest/services/Police_Jurisdictions/FeatureServer/0,2026-07-06T16:43:28.733000+00:00
4212953544,Westmoreland,New Florence Borough,Police Service contracted from another municipality,St Clair Twp,PA0655300,42:police_service:PA0655300,,,2024_fbi_covered_by,671,https://services.arcgis.com/nx9zcV4VjX0IwxpW/arcgis/rest/services/Police_Jurisdictions/FeatureServer/0,2026-07-06T16:43:28.733000+00:00
4212953736,Westmoreland,New Kensington City,Municipal Police Force,New Kensington City,PA0651000,42:police_service:PA0651000,,,2024_provider_identity_reviewed,12170,https://services.arcgis.com/nx9zcV4VjX0IwxpW/arcgis/rest/services/Police_Jurisdictions/FeatureServer/0,2026-07-06T16:43:28.733000+00:00
4212954104,Westmoreland,New Stanton Borough,State Police coverage only,State Police Coverage Only,PA065SP00,42:police_service:PA065SP00,,PAPSP3400,2024_provider_identity_reviewed,2339,https://services.arcgis.com/nx9zcV4VjX0IwxpW/arcgis/rest/services/Police_Jurisdictions/FeatureServer/0,2026-07-06T16:43:28.733000+00:00
4212954776,Westmoreland,North Belle Vernon Borough,Municipal Police Force,North Belle Vernon Boro,PA0651900,42:police_service:PA0651900,,,2024_provider_identity_reviewed,1873,https://services.arcgis.com/nx9zcV4VjX0IwxpW/arcgis/rest/services/Police_Jurisdictions/FeatureServer/0,2026-07-06T16:43:28.733000+00:00
4212955128,Westmoreland,North Huntingdon Township,Municipal Police Force,North Huntingdon Twp,PA0650900,42:police_service:PA0650900,,,2024_provider_identity_reviewed,31880,https://services.arcgis.com/nx9zcV4VjX0IwxpW/arcgis/rest/services/Police_Jurisdictions/FeatureServer/0,2026-07-06T16:43:28.733000+00:00
4212955136,Westmoreland,North Irwin Borough,Police Service contracted from another municipality,Irwin Boro,PA0650300,42:police_service:PA0650300,,,2024_fbi_covered_by,823,https://services.arcgis.com/nx9zcV4VjX0IwxpW/arcgis/rest/services/Police_Jurisdictions/FeatureServer/0,2026-07-06T16:43:28.733000+00:00
4212956496,Westmoreland,Oklahoma Borough,State Police coverage only,State Police Coverage Only,PA065SP00,42:police_service:PA065SP00,,PAPSP3400,2024_provider_identity_reviewed,788,https://services.arcgis.com/nx9zcV4VjX0IwxpW/arcgis/rest/services/Police_Jurisdictions/FeatureServer/0,2026-07-06T16:43:28.733000+00:00
4212958872,Westmoreland,Penn Borough,Municipal Police Force,Penn Boro,PA0653500,42:police_service:PA0653500,,,2024_provider_identity_reviewed,435,https://services.arcgis.com/nx9zcV4VjX0IwxpW/arcgis/rest/services/Police_Jurisdictions/FeatureServer/0,2026-07-06T16:43:28.733000+00:00
4212958880,Westmoreland,Penn Township,Municipal Police Force,Penn Twp,PA0651100,42:police_service:PA0651100,,,2024_active_official_provider,20079,https://services.arcgis.com/nx9zcV4VjX0IwxpW/arcgis/rest/services/Police_Jurisdictions/FeatureServer/0,2026-07-06T16:43:28.733000+00:00
4212966376,Westmoreland,Rostraver Township,Municipal Police Force,Rostraver Twp,PA0654500,42:police_service:PA0654500,,,2024_active_official_provider,11393,https://services.arcgis.com/nx9zcV4VjX0IwxpW/arcgis/rest/services/Police_Jurisdictions/FeatureServer/0,2026-07-06T16:43:28.733000+00:00
4212967240,Westmoreland,St. Clair Township,Police Service contracted from another municipality,St Clair Twp,PA0655300,42:police_service:PA0655300,,,2024_fbi_covered_by,1340,https://services.arcgis.com/nx9zcV4VjX0IwxpW/arcgis/rest/services/Police_Jurisdictions/FeatureServer/0,2026-07-06T16:43:28.733000+00:00
4212967496,Westmoreland,Salem Township,State Police coverage only,State Police Coverage Only,PA065SP00,42:police_service:PA065SP00,,PAPSP3400,2024_provider_identity_reviewed,6093,https://services.arcgis.com/nx9zcV4VjX0IwxpW/arcgis/rest/services/Police_Jurisdictions/FeatureServer/0,2026-07-06T16:43:28.733000+00:00
4212968432,Westmoreland,Scottdale Borough,Municipal Police Force,Scottdale Boro,PA0651200,42:police_service:PA0651200,,,2024_provider_identity_reviewed,4430,https://services.arcgis.com/nx9zcV4VjX0IwxpW/arcgis/rest/services/Police_Jurisdictions/FeatureServer/0,2026-07-06T16:43:28.733000+00:00
4212969368,Westmoreland,Seward Borough,Police Service contracted from another municipality,St Clair Twp,PA0655300,42:police_service:PA0655300,,,2024_fbi_covered_by,411,https://services.arcgis.com/nx9zcV4VjX0IwxpW/arcgis/rest/services/Police_Jurisdictions/FeatureServer/0,2026-07-06T16:43:28.733000+00:00
4212969392,Westmoreland,Sewickley Township,State Police coverage only,State Police Coverage Only,PA065SP00,42:police_service:PA065SP00,,PAPSP3400,2024_provider_identity_reviewed,5647,https://services.arcgis.com/nx9zcV4VjX0IwxpW/arcgis/rest/services/Police_Jurisdictions/FeatureServer/0,2026-07-06T16:43:28.733000+00:00
4212971424,Westmoreland,Smithton Borough,State Police coverage only,State Police Coverage Only,PA065SP00,42:police_service:PA065SP00,,PAPSP3400,2024_provider_identity_reviewed,351,https://services.arcgis.com/nx9zcV4VjX0IwxpW/arcgis/rest/services/Police_Jurisdictions/FeatureServer/0,2026-07-06T16:43:28.733000+00:00
4212972192,Westmoreland,South Greensburg Borough,Municipal Police Force,South Greensburg Boro,PA0652100,42:police_service:PA0652100,,,2024_provider_identity_reviewed,2135,https://services.arcgis.com/nx9zcV4VjX0IwxpW/arcgis/rest/services/Police_Jurisdictions/FeatureServer/0,2026-07-06T16:43:28.733000+00:00
4212972256,Westmoreland,South Huntingdon Township,State Police coverage only,State Police Coverage Only,PA065SP00,42:police_service:PA065SP00,,PAPSP3400,2024_provider_identity_reviewed,5418,https://services.arcgis.com/nx9zcV4VjX0IwxpW/arcgis/rest/services/Police_Jurisdictions/FeatureServer/0,2026-07-06T16:43:28.733000+00:00
4212972616,Westmoreland,Southwest Greensburg Borough,Municipal Police Force,Southwest Greensburg Boro,PA0652300,42:police_service:PA0652300,,,2024_provider_identity_reviewed,2219,https://services.arcgis.com/nx9zcV4VjX0IwxpW/arcgis/rest/services/Police_Jurisdictions/FeatureServer/0,2026-07-06T16:43:28.733000+00:00
4212975584,Westmoreland,Sutersville Borough,State Police coverage only,State Police Coverage Only,PA065SP00,42:police_service:PA065SP00,,PAPSP3400,2024_provider_identity_reviewed,561,https://services.arcgis.com/nx9zcV4VjX0IwxpW/arcgis/rest/services/Police_Jurisdictions/FeatureServer/0,2026-07-06T16:43:28.733000+00:00
4212977272,Westmoreland,Trafford Borough,Municipal Police Force,Trafford Boro,PA0652400,42:police_service:PA0652400,,,2024_provider_identity_reviewed,3227,https://services.arcgis.com/nx9zcV4VjX0IwxpW/arcgis/rest/services/Police_Jurisdictions/FeatureServer/0,2026-07-06T16:43:28.733000+00:00
4212978656,Westmoreland,Unity Township,State Police coverage only,State Police Coverage Only,PA065SP00,42:police_service:PA065SP00,,PAPSP3400,2024_provider_identity_reviewed,21606,https://services.arcgis.com/nx9zcV4VjX0IwxpW/arcgis/rest/services/Police_Jurisdictions/FeatureServer/0,2026-07-06T16:43:28.733000+00:00
4212978768,Westmoreland,Upper Burrell Township,Municipal Police Force,Upper Burrell Twp,PA0653700,42:police_service:PA0653700,,,2024_active_official_provider,2164,https://services.arcgis.com/nx9zcV4VjX0IwxpW/arcgis/rest/services/Police_Jurisdictions/FeatureServer/0,2026-07-06T16:43:28.733000+00:00
4212979776,Westmoreland,Vandergrift Borough,Municipal Police Force,Vandergrift Boro,PA0651300,42:police_service:PA0651300,,,2024_fbi_covered_by,5075,https://services.arcgis.com/nx9zcV4VjX0IwxpW/arcgis/rest/services/Police_Jurisdictions/FeatureServer/0,2026-07-06T16:43:28.733000+00:00
4212981336,Westmoreland,Washington Township,Municipal Police Force,Washington Twp,PA0654900,42:police_service:PA0654900,,,2024_active_official_provider,6883,https://services.arcgis.com/nx9zcV4VjX0IwxpW/arcgis/rest/services/Police_Jurisdictions/FeatureServer/0,2026-07-06T16:43:28.733000+00:00
4212983328,Westmoreland,West Leechburg Borough,Police Service contracted from another municipality,Allegheny Twp,PA0652800,42:police_service:PA0652800,,,2024_provider_identity_reviewed,1269,https://services.arcgis.com/nx9zcV4VjX0IwxpW/arcgis/rest/services/Police_Jurisdictions/FeatureServer/0,2026-07-06T16:43:28.733000+00:00
4212983680,Westmoreland,West Newton Borough,Municipal Police Force,West Newton Boro,PA0652500,42:police_service:PA0652500,,,2024_provider_identity_reviewed,2665,https://services.arcgis.com/nx9zcV4VjX0IwxpW/arcgis/rest/services/Police_Jurisdictions/FeatureServer/0,2026-07-06T16:43:28.733000+00:00
4212987208,Westmoreland,Youngstown Borough,State Police coverage only,State Police Coverage Only,PA065SP00,42:police_service:PA065SP00,,PAPSP3400,2024_provider_identity_reviewed,252,https://services.arcgis.com/nx9zcV4VjX0IwxpW/arcgis/rest/services/Police_Jurisdictions/FeatureServer/0,2026-07-06T16:43:28.733000+00:00
4212987232,Westmoreland,Youngwood Borough,State Police coverage only,State Police Coverage Only,PA065SP00,42:police_service:PA065SP00,,PAPSP3400,2024_provider_identity_reviewed,2975,https://services.arcgis.com/nx9zcV4VjX0IwxpW/arcgis/rest/services/Police_Jurisdictions/FeatureServer/0,2026-07-06T16:43:28.733000+00:00
4213108176,Wyoming,Braintrim Township,State Police coverage only,State Police Coverage Only,PA066SP00,42:police_service:PA066SP00,,,2024_provider_identity_reviewed,461,https://services.arcgis.com/nx9zcV4VjX0IwxpW/arcgis/rest/services/Police_Jurisdictions/FeatureServer/0,2026-07-06T16:43:28.733000+00:00
4213114360,Wyoming,Clinton Township,State Police coverage only,State Police Coverage Only,PA066SP00,42:police_service:PA066SP00,,,2024_provider_identity_reviewed,1309,https://services.arcgis.com/nx9zcV4VjX0IwxpW/arcgis/rest/services/Police_Jurisdictions/FeatureServer/0,2026-07-06T16:43:28.733000+00:00
4213122112,Wyoming,Eaton Township,State Police coverage only,State Police Coverage Only,PA066SP00,42:police_service:PA066SP00,,,2024_provider_identity_reviewed,1435,https://services.arcgis.com/nx9zcV4VjX0IwxpW/arcgis/rest/services/Police_Jurisdictions/FeatureServer/0,2026-07-06T16:43:28.733000+00:00
4213124408,Wyoming,Exeter Township,State Police coverage only,State Police Coverage Only,PA066SP00,42:police_service:PA066SP00,,,2024_provider_identity_reviewed,625,https://services.arcgis.com/nx9zcV4VjX0IwxpW/arcgis/rest/services/Police_Jurisdictions/FeatureServer/0,2026-07-06T16:43:28.733000+00:00
4213124488,Wyoming,Factoryville Borough,Police Service contracted from another municipality,Dalton Boro,PA0351500,42:police_service:PA0351500,,,2024_fbi_covered_by,1165,https://services.arcgis.com/nx9zcV4VjX0IwxpW/arcgis/rest/services/Police_Jurisdictions/FeatureServer/0,2026-07-06T16:43:28.733000+00:00
4213125128,Wyoming,Falls Township,Police Service contracted from another municipality,Tunkhannock Twp,PA0661200,42:police_service:PA0661200,,,2024_fbi_covered_by,1692,https://services.arcgis.com/nx9zcV4VjX0IwxpW/arcgis/rest/services/Police_Jurisdictions/FeatureServer/0,2026-07-06T16:43:28.733000+00:00
4213126752,Wyoming,Forkston Township,State Police coverage only,State Police Coverage Only,PA066SP00,42:police_service:PA066SP00,,,2024_provider_identity_reviewed,307,https://services.arcgis.com/nx9zcV4VjX0IwxpW/arcgis/rest/services/Police_Jurisdictions/FeatureServer/0,2026-07-06T16:43:28.733000+00:00
4213140744,Wyoming,Laceyville Borough,State Police coverage only,State Police Coverage Only,PA066SP00,42:police_service:PA066SP00,,,2024_fbi_covered_by,361,https://services.arcgis.com/nx9zcV4VjX0IwxpW/arcgis/rest/services/Police_Jurisdictions/FeatureServer/0,2026-07-06T16:43:28.733000+00:00
4213142616,Wyoming,Lemon Township,State Police coverage only,State Police Coverage Only,PA066SP00,42:police_service:PA066SP00,,,2024_provider_identity_reviewed,1136,https://services.arcgis.com/nx9zcV4VjX0IwxpW/arcgis/rest/services/Police_Jurisdictions/FeatureServer/0,2026-07-06T16:43:28.733000+00:00
4213148528,Wyoming,Mehoopany Township,Police Service contracted from another municipality,Meshoppen Boro,PA0660200,42:police_service:PA0660200,,,2024_fbi_covered_by,899,https://services.arcgis.com/nx9zcV4VjX0IwxpW/arcgis/rest/services/Police_Jurisdictions/FeatureServer/0,2026-07-06T16:43:28.733000+00:00
4213148856,Wyoming,Meshoppen Borough,Municipal Police Force,Meshoppen Boro,PA0660200,42:police_service:PA0660200,,,2024_fbi_covered_by,326,https://services.arcgis.com/nx9zcV4VjX0IwxpW/arcgis/rest/services/Police_Jurisdictions/FeatureServer/0,2026-07-06T16:43:28.733000+00:00
4213148864,Wyoming,Meshoppen Township,Police Service contracted from another municipality,Meshoppen Boro,PA0660200,42:police_service:PA0660200,,,2024_provider_identity_reviewed,937,https://services.arcgis.com/nx9zcV4VjX0IwxpW/arcgis/rest/services/Police_Jurisdictions/FeatureServer/0,2026-07-06T16:43:28.733000+00:00
4213150496,Wyoming,Monroe Township,State Police coverage only,State Police Coverage Only,PA066SP00,42:police_service:PA066SP00,,,2024_provider_identity_reviewed,1668,https://services.arcgis.com/nx9zcV4VjX0IwxpW/arcgis/rest/services/Police_Jurisdictions/FeatureServer/0,2026-07-06T16:43:28.733000+00:00
4213154400,Wyoming,Nicholson Borough,Police Service contracted from another municipality,Dalton Boro,PA0351500,42:police_service:PA0351500,,,2024_fbi_covered_by,696,https://services.arcgis.com/nx9zcV4VjX0IwxpW/arcgis/rest/services/Police_Jurisdictions/FeatureServer/0,2026-07-06T16:43:28.733000+00:00
4213154408,Wyoming,Nicholson Township,State Police coverage only,State Police Coverage Only,PA066SP00,42:police_service:PA066SP00,,,2024_provider_identity_reviewed,1265,https://services.arcgis.com/nx9zcV4VjX0IwxpW/arcgis/rest/services/Police_Jurisdictions/FeatureServer/0,2026-07-06T16:43:28.733000+00:00
4213154824,Wyoming,North Branch Township,State Police coverage only,State Police Coverage Only,PA066SP00,42:police_service:PA066SP00,,,2024_provider_identity_reviewed,232,https://services.arcgis.com/nx9zcV4VjX0IwxpW/arcgis/rest/services/Police_Jurisdictions/FeatureServer/0,2026-07-06T16:43:28.733000+00:00
4213155232,Wyoming,Northmoreland Township,State Police coverage only,State Police Coverage Only,PA066SP00,42:police_service:PA066SP00,,,2024_provider_identity_reviewed,1406,https://services.arcgis.com/nx9zcV4VjX0IwxpW/arcgis/rest/services/Police_Jurisdictions/FeatureServer/0,2026-07-06T16:43:28.733000+00:00
4213155736,Wyoming,Noxen Township,State Police coverage only,State Police Coverage Only,PA066SP00,42:police_service:PA066SP00,,,2024_provider_identity_reviewed,917,https://services.arcgis.com/nx9zcV4VjX0IwxpW/arcgis/rest/services/Police_Jurisdictions/FeatureServer/0,2026-07-06T16:43:28.733000+00:00
4213157408,Wyoming,Overfield Township,Police Service contracted from another municipality,Tunkhannock Twp,PA0661200,42:police_service:PA0661200,,,2024_fbi_covered_by,1424,https://services.arcgis.com/nx9zcV4VjX0IwxpW/arcgis/rest/services/Police_Jurisdictions/FeatureServer/0,2026-07-06T16:43:28.733000+00:00
4213177784,Wyoming,Tunkhannock Borough,Municipal Police Force,Tunkhannock Boro,PA0660400,42:police_service:PA0660400,,,2024_provider_identity_reviewed,1767,https://services.arcgis.com/nx9zcV4VjX0IwxpW/arcgis/rest/services/Police_Jurisdictions/FeatureServer/0,2026-07-06T16:43:28.733000+00:00
4213177792,Wyoming,Tunkhannock Township,Municipal Police Force,Tunkhannock Twp,PA0661200,42:police_service:PA0661200,,,2024_active_official_provider,3974,https://services.arcgis.com/nx9zcV4VjX0IwxpW/arcgis/rest/services/Police_Jurisdictions/FeatureServer/0,2026-07-06T16:43:28.733000+00:00
4213181344,Wyoming,Washington Township,Police Service contracted from another municipality,Meshoppen Boro,PA0660200,42:police_service:PA0660200,,,2024_provider_identity_reviewed,1334,https://services.arcgis.com/nx9zcV4VjX0IwxpW/arcgis/rest/services/Police_Jurisdictions/FeatureServer/0,2026-07-06T16:43:28.733000+00:00
4213185680,Wyoming,Windham Township,State Police coverage only,State Police Coverage Only,PA066SP00,42:police_service:PA066SP00,,,2024_provider_identity_reviewed,733,https://services.arcgis.com/nx9zcV4VjX0IwxpW/arcgis/rest/services/Police_Jurisdictions/FeatureServer/0,2026-07-06T16:43:28.733000+00:00
4213311432,York,Carroll Township,Municipal Police Force,Carroll Twp,PA0674600,42:police_service:PA0674600,,,2024_provider_identity_reviewed,6853,https://services.arcgis.com/nx9zcV4VjX0IwxpW/arcgis/rest/services/Police_Jurisdictions/FeatureServer/0,2026-07-06T16:43:28.733000+00:00
4213312584,York,Chanceford Township,State Police coverage only,State Police Coverage Only,PAPSP9400,42:police_service:PAPSP9400,,PA067SP00,2024_provider_identity_reviewed,5936,https://services.arcgis.com/nx9zcV4VjX0IwxpW/arcgis/rest/services/Police_Jurisdictions/FeatureServer/0,2026-07-06T16:43:28.733000+00:00
4213314832,York,Codorus Township,State Police coverage only,State Police Coverage Only,PAPSP9400,42:police_service:PAPSP9400,,PA067SP00,2024_provider_identity_reviewed,3904,https://services.arcgis.com/nx9zcV4VjX0IwxpW/arcgis/rest/services/Police_Jurisdictions/FeatureServer/0,2026-07-06T16:43:28.733000+00:00
4213315656,York,Conewago Township,Regional Police Service,Northern Regional Police Department,PA0671500,42:police_service:PA0671500,,,2024_provider_identity_reviewed,8528,https://services.arcgis.com/nx9zcV4VjX0IwxpW/arcgis/rest/services/Police_Jurisdictions/FeatureServer/0,2026-07-06T16:43:28.733000+00:00
4213317416,York,Cross Roads Borough,Police Service contracted from another municipality,North Hopewell Twp,PA0675100,42:police_service:PA0675100,,,2024_provider_identity_reviewed,523,https://services.arcgis.com/nx9zcV4VjX0IwxpW/arcgis/rest/services/Police_Jurisdictions/FeatureServer/0,2026-07-06T16:43:28.733000+00:00
4213318072,York,Dallastown Borough,Regional Police Service,York County Regional,PA0676600,42:police_service:PA0676600,,,2024_fbi_covered_by,4195,https://services.arcgis.com/nx9zcV4VjX0IwxpW/arcgis/rest/services/Police_Jurisdictions/FeatureServer/0,2026-07-06T16:43:28.733000+00:00
4213318800,York,Delta Borough,State Police coverage only,State Police Coverage Only,PAPSP9400,42:police_service:PAPSP9400,,PA067SP00,2024_provider_identity_reviewed,707,https://services.arcgis.com/nx9zcV4VjX0IwxpW/arcgis/rest/services/Police_Jurisdictions/FeatureServer/0,2026-07-06T16:43:28.733000+00:00
4213319208,York,Dillsburg Borough,Police Service contracted from another municipality,Carroll Twp,PA0674600,42:police_service:PA0674600,,,2024_provider_identity_reviewed,2635,https://services.arcgis.com/nx9zcV4VjX0IwxpW/arcgis/rest/services/Police_Jurisdictions/FeatureServer/0,2026-07-06T16:43:28.733000+00:00
4213319696,York,Dover Borough,Regional Police Service,Northern York County Regional Police,PA0671500,42:police_service:PA0671500,,,2024_provider_identity_reviewed,1954,https://services.arcgis.com/nx9zcV4VjX0IwxpW/arcgis/rest/services/Police_Jurisdictions/FeatureServer/0,2026-07-06T16:43:28.733000+00:00
4213319704,York,Dover Township,Regional Police Service,Northern York County Regional,PA0671500,42:police_service:PA0671500,,,2024_provider_identity_reviewed,22366,https://services.arcgis.com/nx9zcV4VjX0IwxpW/arcgis/rest/services/Police_Jurisdictions/FeatureServer/0,2026-07-06T16:43:28.733000+00:00
4213321296,York,East Hopewell Township,State Police coverage only,State Police Coverage Only,PAPSP9400,42:police_service:PAPSP9400,,PA067SP00,2024_provider_identity_reviewed,2422,https://services.arcgis.com/nx9zcV4VjX0IwxpW/arcgis/rest/services/Police_Jurisdictions/FeatureServer/0,2026-07-06T16:43:28.733000+00:00
4213321464,York,East Manchester Township,Regional Police Service,York County Regional,PA0676600,42:police_service:PA0676600,,,2024_provider_identity_reviewed,8337,https://services.arcgis.com/nx9zcV4VjX0IwxpW/arcgis/rest/services/Police_Jurisdictions/FeatureServer/0,2026-07-06T16:43:28.733000+00:00
4213321728,York,East Prospect Borough,Police Service contracted from another municipality,Lower Windsor Twp,PA0676000,42:police_service:PA0676000,,,2024_provider_identity_reviewed,934,https://services.arcgis.com/nx9zcV4VjX0IwxpW/arcgis/rest/services/Police_Jurisdictions/FeatureServer/0,2026-07-06T16:43:28.733000+00:00
4213324936,York,Fairview Township,Municipal Police Force,Fairview Twp,PA0670600,42:police_service:PA0670600,,,2024_active_official_provider,17451,https://services.arcgis.com/nx9zcV4VjX0IwxpW/arcgis/rest/services/Police_Jurisdictions/FeatureServer/0,2026-07-06T16:43:28.733000+00:00
4213325408,York,Fawn Township,State Police coverage only,State Police Coverage Only,PAPSP9400,42:police_service:PAPSP9400,,PA067SP00,2024_provider_identity_reviewed,3012,https://services.arcgis.com/nx9zcV4VjX0IwxpW/arcgis/rest/services/Police_Jurisdictions/FeatureServer/0,2026-07-06T16:43:28.733000+00:00
4213325416,York,Fawn Grove Borough,State Police coverage only,State Police Coverage Only,PAPSP9400,42:police_service:PAPSP9400,,PA067SP00,2024_provider_identity_reviewed,476,https://services.arcgis.com/nx9zcV4VjX0IwxpW/arcgis/rest/services/Police_Jurisdictions/FeatureServer/0,2026-07-06T16:43:28.733000+00:00
4213325584,York,Felton Borough,Police Service contracted from another municipality,North Hopewell Twp,PA0675100,42:police_service:PA0675100,,,2024_provider_identity_reviewed,501,https://services.arcgis.com/nx9zcV4VjX0IwxpW/arcgis/rest/services/Police_Jurisdictions/FeatureServer/0,2026-07-06T16:43:28.733000+00:00
4213327480,York,Franklin Township,Regional Police Service,Northern York Regional,PA0671500,42:police_service:PA0671500,,,2024_fbi_covered_by,5032,https://services.arcgis.com/nx9zcV4VjX0IwxpW/arcgis/rest/services/Police_Jurisdictions/FeatureServer/0,2026-07-06T16:43:28.733000+00:00
4213327576,York,Franklintown Borough,Police Service contracted from another municipality,Carroll Twp,PA0674600,42:police_service:PA0674600,,,2024_provider_identity_reviewed,518,https://services.arcgis.com/nx9zcV4VjX0IwxpW/arcgis/rest/services/Police_Jurisdictions/FeatureServer/0,2026-07-06T16:43:28.733000+00:00
4213329760,York,Glen Rock Borough,Regional Police Service,Southern Regional,PA0674800,42:police_service:PA0674800,,,2024_fbi_covered_by,2121,https://services.arcgis.com/nx9zcV4VjX0IwxpW/arcgis/rest/services/Police_Jurisdictions/FeatureServer/0,2026-07-06T16:43:28.733000+00:00
4213330016,York,Goldsboro Borough,Police Service contracted from another municipality,Newberry Twp,PA0674700,42:police_service:PA0674700,,,2024_provider_identity_reviewed,932,https://services.arcgis.com/nx9zcV4VjX0IwxpW/arcgis/rest/services/Police_Jurisdictions/FeatureServer/0,2026-07-06T16:43:28.733000+00:00
4213332056,York,Hallam Borough,Police Service contracted from another municipality,Hellam Twp,PA0672000,42:police_service:PA0672000,,,2024_fbi_covered_by,2775,https://services.arcgis.com/nx9zcV4VjX0IwxpW/arcgis/rest/services/Police_Jurisdictions/FeatureServer/0,2026-07-06T16:43:28.733000+00:00
4213332448,York,Hanover Borough,Municipal Police Force,Hanover Boro,PA0670100,42:police_service:PA0670100,,,2024_provider_identity_reviewed,16429,https://services.arcgis.com/nx9zcV4VjX0IwxpW/arcgis/rest/services/Police_Jurisdictions/FeatureServer/0,2026-07-06T16:43:28.733000+00:00
4213333624,York,Heidelberg Township,Regional Police Service,Northern York County Regional Police,PA0671500,42:police_service:PA0671500,,,2024_provider_identity_reviewed,3031,https://services.arcgis.com/nx9zcV4VjX0IwxpW/arcgis/rest/services/Police_Jurisdictions/FeatureServer/0,2026-07-06T16:43:28.733000+00:00
4213333728,York,Hellam Township,Municipal Police Force,Hellam Twp,PA0672000,42:police_service:PA0672000,,,2024_active_official_provider,5923,https://services.arcgis.com/nx9zcV4VjX0IwxpW/arcgis/rest/services/Police_Jurisdictions/FeatureServer/0,2026-07-06T16:43:28.733000+00:00
4213335704,York,Hopewell Township,State Police coverage only,State Police Coverage Only,PAPSP9400,42:police_service:PAPSP9400,,PA067SP00,2024_provider_identity_reviewed,5271,https://services.arcgis.com/nx9zcV4VjX0IwxpW/arcgis/rest/services/Police_Jurisdictions/FeatureServer/0,2026-07-06T16:43:28.733000+00:00
4213337488,York,Jackson Township,Regional Police Service,Nyc Regional Police Department,PA0671500,42:police_service:PA0671500,,,2024_provider_identity_reviewed,8748,https://services.arcgis.com/nx9zcV4VjX0IwxpW/arcgis/rest/services/Police_Jurisdictions/FeatureServer/0,2026-07-06T16:43:28.733000+00:00
4213337640,York,Jacobus Borough,Regional Police Service,York County Regional,PA0676600,42:police_service:PA0676600,,,2024_fbi_covered_by,1830,https://services.arcgis.com/nx9zcV4VjX0IwxpW/arcgis/rest/services/Police_Jurisdictions/FeatureServer/0,2026-07-06T16:43:28.733000+00:00
4213337944,York,Jefferson Borough,State Police coverage only,State Police Coverage Only,PAPSP9400,42:police_service:PAPSP9400,,PA067SP00,2024_provider_identity_reviewed,658,https://services.arcgis.com/nx9zcV4VjX0IwxpW/arcgis/rest/services/Police_Jurisdictions/FeatureServer/0,2026-07-06T16:43:28.733000+00:00
4213342968,York,Lewisberry Borough,Police Service contracted from another municipality,Fairview Twp,PA0670600,42:police_service:PA0670600,,,2024_provider_identity_reviewed,382,https://services.arcgis.com/nx9zcV4VjX0IwxpW/arcgis/rest/services/Police_Jurisdictions/FeatureServer/0,2026-07-06T16:43:28.733000+00:00
4213344416,York,Loganville Borough,State Police coverage only,State Police Coverage Only,PAPSP9400,42:police_service:PAPSP9400,,PA067SP00,2024_provider_identity_reviewed,1426,https://services.arcgis.com/nx9zcV4VjX0IwxpW/arcgis/rest/services/Police_Jurisdictions/FeatureServer/0,2026-07-06T16:43:28.733000+00:00
4213344872,York,Lower Chanceford Township,State Police coverage only,State Police Coverage Only,PAPSP9400,42:police_service:PAPSP9400,,PA067SP00,2024_provider_identity_reviewed,3031,https://services.arcgis.com/nx9zcV4VjX0IwxpW/arcgis/rest/services/Police_Jurisdictions/FeatureServer/0,2026-07-06T16:43:28.733000+00:00
4213345152,York,Lower Windsor Township,Municipal Police Force,Lower Windsor Twp,PA0676000,42:police_service:PA0676000,,,2024_active_official_provider,7519,https://services.arcgis.com/nx9zcV4VjX0IwxpW/arcgis/rest/services/Police_Jurisdictions/FeatureServer/0,2026-07-06T16:43:28.733000+00:00
4213346864,York,Manchester Borough,Regional Police Service,York County Regional,PA0676600,42:police_service:PA0676600,,,2024_fbi_covered_by,2800,https://services.arcgis.com/nx9zcV4VjX0IwxpW/arcgis/rest/services/Police_Jurisdictions/FeatureServer/0,2026-07-06T16:43:28.733000+00:00
4213346872,York,Manchester Township,Regional Police Service,Northern York Co. Regional Pd,PA0671500,42:police_service:PA0671500,,,2024_provider_identity_reviewed,19515,https://services.arcgis.com/nx9zcV4VjX0IwxpW/arcgis/rest/services/Police_Jurisdictions/FeatureServer/0,2026-07-06T16:43:28.733000+00:00
4213346904,York,Manheim Township,Regional Police Service,Northern York County Regional,PA0671500,42:police_service:PA0671500,,,2024_provider_identity_reviewed,3462,https://services.arcgis.com/nx9zcV4VjX0IwxpW/arcgis/rest/services/Police_Jurisdictions/FeatureServer/0,2026-07-06T16:43:28.733000+00:00
4213350328,York,Monaghan Township,Police Service contracted from another municipality,Carroll Twp,PA0674600,42:police_service:PA0674600,,,2024_provider_identity_reviewed,2675,https://services.arcgis.com/nx9zcV4VjX0IwxpW/arcgis/rest/services/Police_Jurisdictions/FeatureServer/0,2026-07-06T16:43:28.733000+00:00
4213352056,York,Mount Wolf Borough,Regional Police Service,York County Regional,PA0676600,42:police_service:PA0676600,,,2024_fbi_covered_by,1368,https://services.arcgis.com/nx9zcV4VjX0IwxpW/arcgis/rest/services/Police_Jurisdictions/FeatureServer/0,2026-07-06T16:43:28.733000+00:00
4213353224,York,Newberry Township,Municipal Police Force,Newberry Twp,PA0674700,42:police_service:PA0674700,,,2024_active_official_provider,15672,https://services.arcgis.com/nx9zcV4VjX0IwxpW/arcgis/rest/services/Police_Jurisdictions/FeatureServer/0,2026-07-06T16:43:28.733000+00:00
4213353568,York,New Freedom Borough,Regional Police Service,Southern Regional,PA0674800,42:police_service:PA0674800,,,2024_fbi_covered_by,4877,https://services.arcgis.com/nx9zcV4VjX0IwxpW/arcgis/rest/services/Police_Jurisdictions/FeatureServer/0,2026-07-06T16:43:28.733000+00:00
4213354056,York,New Salem Borough,Regional Police Service,Northern York Co Regional Pc,PA0676600,42:police_service:PA0676600,,,2024_provider_identity_reviewed,822,https://services.arcgis.com/nx9zcV4VjX0IwxpW/arcgis/rest/services/Police_Jurisdictions/FeatureServer/0,2026-07-06T16:43:28.733000+00:00
4213354904,York,North Codorus Township,Regional Police Service,Northern York County Regional Police Department,PA0671500,42:police_service:PA0671500,,,2024_provider_identity_reviewed,9152,https://services.arcgis.com/nx9zcV4VjX0IwxpW/arcgis/rest/services/Police_Jurisdictions/FeatureServer/0,2026-07-06T16:43:28.733000+00:00
4213355112,York,North Hopewell Township,Municipal Police Force,North Hopewell Twp,PA0675100,42:police_service:PA0675100,,,2024_active_official_provider,2723,https://services.arcgis.com/nx9zcV4VjX0IwxpW/arcgis/rest/services/Police_Jurisdictions/FeatureServer/0,2026-07-06T16:43:28.733000+00:00
4213355608,York,North York Borough,Regional Police Service,Northern York County Regional Police Department,PA0671500,42:police_service:PA0671500,,,2024_provider_identity_reviewed,2200,https://services.arcgis.com/nx9zcV4VjX0IwxpW/arcgis/rest/services/Police_Jurisdictions/FeatureServer/0,2026-07-06T16:43:28.733000+00:00
4213357872,York,Paradise Township,Regional Police Service,Northern York County,PA0671500,42:police_service:PA0671500,,,2024_fbi_covered_by,3969,https://services.arcgis.com/nx9zcV4VjX0IwxpW/arcgis/rest/services/Police_Jurisdictions/FeatureServer/0,2026-07-06T16:43:28.733000+00:00
4213358560,York,Peach Bottom Township,State Police coverage only,State Police Coverage Only,PAPSP9400,42:police_service:PAPSP9400,,PA067SP00,2024_provider_identity_reviewed,4966,https://services.arcgis.com/nx9zcV4VjX0IwxpW/arcgis/rest/services/Police_Jurisdictions/FeatureServer/0,2026-07-06T16:43:28.733000+00:00
4213358888,York,Penn Township,Municipal Police Force,Penn Twp,PA0674100,42:police_service:PA0674100,,,2024_active_official_provider,17487,https://services.arcgis.com/nx9zcV4VjX0IwxpW/arcgis/rest/services/Police_Jurisdictions/FeatureServer/0,2026-07-06T16:43:28.733000+00:00
4213363288,York,Railroad Borough,Regional Police Service,Southern Regional Police Department,PA0674800,42:police_service:PA0674800,,,2024_provider_identity_reviewed,256,https://services.arcgis.com/nx9zcV4VjX0IwxpW/arcgis/rest/services/Police_Jurisdictions/FeatureServer/0,2026-07-06T16:43:28.733000+00:00
4213363840,York,Red Lion Borough,State Police coverage only,State Police Coverage Only,PAPSP9400,42:police_service:PAPSP9400,,PA067SP00,2024_fbi_covered_by,6512,https://services.arcgis.com/nx9zcV4VjX0IwxpW/arcgis/rest/services/Police_Jurisdictions/FeatureServer/0,2026-07-06T16:43:28.733000+00:00
4213369360,York,Seven Valleys Borough,State Police coverage only,State Police Coverage Only,PAPSP9400,42:police_service:PAPSP9400,,PA067SP00,2024_provider_identity_reviewed,480,https://services.arcgis.com/nx9zcV4VjX0IwxpW/arcgis/rest/services/Police_Jurisdictions/FeatureServer/0,2026-07-06T16:43:28.733000+00:00
4213370568,York,Shrewsbury Borough,Regional Police Service,Southern Regional Police Department,PA0674800,42:police_service:PA0674800,,,2024_provider_identity_reviewed,3848,https://services.arcgis.com/nx9zcV4VjX0IwxpW/arcgis/rest/services/Police_Jurisdictions/FeatureServer/0,2026-07-06T16:43:28.733000+00:00
4213370576,York,Shrewsbury Township,State Police coverage only,State Police Coverage Only,PAPSP9400,42:police_service:PAPSP9400,,PA067SP00,2024_provider_identity_reviewed,6649,https://services.arcgis.com/nx9zcV4VjX0IwxpW/arcgis/rest/services/Police_Jurisdictions/FeatureServer/0,2026-07-06T16:43:28.733000+00:00
4213372992,York,Springettsbury Township,Municipal Police Force,Springettsbury Twp,PA0670400,42:police_service:PA0670400,,,2024_active_official_provider,27058,https://services.arcgis.com/nx9zcV4VjX0IwxpW/arcgis/rest/services/Police_Jurisdictions/FeatureServer/0,2026-07-06T16:43:28.733000+00:00
4213373096,York,Springfield Township,State Police coverage only,State Police Coverage Only,PAPSP9400,42:police_service:PAPSP9400,,PA067SP00,2024_provider_identity_reviewed,6026,https://services.arcgis.com/nx9zcV4VjX0IwxpW/arcgis/rest/services/Police_Jurisdictions/FeatureServer/0,2026-07-06T16:43:28.733000+00:00
4213373168,York,Spring Garden Township,Regional Police Service,York County Regional Police Department,PA0670300,42:police_service:PA0670300,,,2024_pre_2025_regionalization,13683,https://services.arcgis.com/nx9zcV4VjX0IwxpW/arcgis/rest/services/Police_Jurisdictions/FeatureServer/0,2026-07-06T16:43:28.733000+00:00
4213373192,York,Spring Grove Borough,Regional Police Service,York County Regional,PA0676600,42:police_service:PA0676600,,,2024_provider_identity_reviewed,2372,https://services.arcgis.com/nx9zcV4VjX0IwxpW/arcgis/rest/services/Police_Jurisdictions/FeatureServer/0,2026-07-06T16:43:28.733000+00:00
4213374104,York,Stewartstown Borough,Regional Police Service,Southern Regional,PA0674800,42:police_service:PA0674800,,,2024_fbi_covered_by,2129,https://services.arcgis.com/nx9zcV4VjX0IwxpW/arcgis/rest/services/Police_Jurisdictions/FeatureServer/0,2026-07-06T16:43:28.733000+00:00
4213381056,York,Warrington Township,State Police coverage only,State Police Coverage Only,PAPSP9400,42:police_service:PAPSP9400,,PA067SP00,2024_provider_identity_reviewed,4552,https://services.arcgis.com/nx9zcV4VjX0IwxpW/arcgis/rest/services/Police_Jurisdictions/FeatureServer/0,2026-07-06T16:43:28.733000+00:00
4213381352,York,Washington Township,State Police coverage only,State Police Coverage Only,PAPSP9400,42:police_service:PAPSP9400,,PA067SP00,2024_provider_identity_reviewed,2573,https://services.arcgis.com/nx9zcV4VjX0IwxpW/arcgis/rest/services/Police_Jurisdictions/FeatureServer/0,2026-07-06T16:43:28.733000+00:00
4213382200,York,Wellsville Borough,State Police coverage only,State Police Coverage Only,PAPSP9400,42:police_service:PAPSP9400,,PA067SP00,2024_provider_identity_reviewed,301,https://services.arcgis.com/nx9zcV4VjX0IwxpW/arcgis/rest/services/Police_Jurisdictions/FeatureServer/0,2026-07-06T16:43:28.733000+00:00
4213383432,York,West Manchester Township,Municipal Police Force,West Manchester Twp,PA0670900,42:police_service:PA0670900,,,2024_active_official_provider,19206,https://services.arcgis.com/nx9zcV4VjX0IwxpW/arcgis/rest/services/Police_Jurisdictions/FeatureServer/0,2026-07-06T16:43:28.733000+00:00
4213383440,York,West Manheim Township,Municipal Police Force,West Manheim Twp,PA0672700,42:police_service:PA0672700,,,2024_active_official_provider,9072,https://services.arcgis.com/nx9zcV4VjX0IwxpW/arcgis/rest/services/Police_Jurisdictions/FeatureServer/0,2026-07-06T16:43:28.733000+00:00
4213384288,York,West York Borough,Municipal Police Force,West York Boro,PA0671000,42:police_service:PA0671000,,,2024_provider_identity_reviewed,5094,https://services.arcgis.com/nx9zcV4VjX0IwxpW/arcgis/rest/services/Police_Jurisdictions/FeatureServer/0,2026-07-06T16:43:28.733000+00:00
4213385728,York,Windsor Borough,State Police coverage only,State Police Coverage Only,PAPSP9400,42:police_service:PAPSP9400,,PA067SP00,2024_fbi_covered_by,1358,https://services.arcgis.com/nx9zcV4VjX0IwxpW/arcgis/rest/services/Police_Jurisdictions/FeatureServer/0,2026-07-06T16:43:28.733000+00:00
4213385736,York,Windsor Township,Regional Police Service,York County Regional,PA0676600,42:police_service:PA0676600,,,2024_fbi_covered_by,17853,https://services.arcgis.com/nx9zcV4VjX0IwxpW/arcgis/rest/services/Police_Jurisdictions/FeatureServer/0,2026-07-06T16:43:28.733000+00:00
4213385872,York,Winterstown Borough,Police Service contracted from another municipality,North Hopewell Twp,PA0675100,42:police_service:PA0675100,,,2024_provider_identity_reviewed,608,https://services.arcgis.com/nx9zcV4VjX0IwxpW/arcgis/rest/services/Police_Jurisdictions/FeatureServer/0,2026-07-06T16:43:28.733000+00:00
4213386640,York,Wrightsville Borough,Police Service contracted from another municipality,Hellam Twp,PA0672000,42:police_service:PA0672000,,,2024_fbi_covered_by,2261,https://services.arcgis.com/nx9zcV4VjX0IwxpW/arcgis/rest/services/Police_Jurisdictions/FeatureServer/0,2026-07-06T16:43:28.733000+00:00
4213387040,York,Yoe Borough,Regional Police Service,York County Regional,PA0676600,42:police_service:PA0676600,,,2024_fbi_covered_by,1055,https://services.arcgis.com/nx9zcV4VjX0IwxpW/arcgis/rest/services/Police_Jurisdictions/FeatureServer/0,2026-07-06T16:43:28.733000+00:00
4213387048,York,York City,Municipal Police Force,York City,PA0670200,42:police_service:PA0670200,,,2024_active_official_provider,44800,https://services.arcgis.com/nx9zcV4VjX0IwxpW/arcgis/rest/services/Police_Jurisdictions/FeatureServer/0,2026-07-06T16:43:28.733000+00:00
4213387056,York,York Township,Regional Police Service,York County Regional,PA0676600,42:police_service:PA0676600,,,2024_provider_identity_reviewed,29719,https://services.arcgis.com/nx9zcV4VjX0IwxpW/arcgis/rest/services/Police_Jurisdictions/FeatureServer/0,2026-07-06T16:43:28.733000+00:00
4213387064,York,Yorkana Borough,State Police coverage only,State Police Coverage Only,PAPSP9400,42:police_service:PAPSP9400,,PA067SP00,2024_provider_identity_reviewed,239,https://services.arcgis.com/nx9zcV4VjX0IwxpW/arcgis/rest/services/Police_Jurisdictions/FeatureServer/0,2026-07-06T16:43:28.733000+00:00
4213387080,York,York Haven Borough,Police Service contracted from another municipality,Newberry Twp,PA0674700,42:police_service:PA0674700,,,2024_provider_identity_reviewed,686,https://services.arcgis.com/nx9zcV4VjX0IwxpW/arcgis/rest/services/Police_Jurisdictions/FeatureServer/0,2026-07-06T16:43:28.733000+00:00
