ori,state_fips,agency_name_std,disposition,granularity,counties_served_fips,counties_served_names,current_anchor_county_fips,directory_row,source_url,evidence_note
GAGSP3500,13,SP JEKYLL ISLAND,unresolved,n/a,,,13127,,,"GA is outside the transcribed-directory set (no GA_posts.csv exists), so nothing in the transcription can resolve GSP's Jekyll Island post. Anchor 13127 Glynn County; 0 mass. Disposition only."
IN346SP00,18,SP LA PORTE COUNTY,unresolved,n/a,,,18091,,,"Detector false positive: the ORI is county-named (""SP LA PORTE COUNTY""), the space in ""LA PORTE"" making it read as a town. Anchor 18091 LaPorte County matches the ORI's own county name, but IN is outside the transcribed-directory set (no IN_posts.csv), so nothing in the transcription can corroborate it. 0 mass. Disposition only."
KSKHP0000,20,HIGHWAY PATROL TROOP B,route_statewide,troop,,,20177,Kansas Highway Patrol Troop B,https://kansashighwaypatrol.gov/find-a-troop/troop-location-map/field-operations-north-region/,"KHP Troop B. post_town_shaped is a detector false positive (the detector does not recognise ""TROOP B"" as a county-style name). Per ESCALATIONS.md, KHP publishes only the county COUNT per troop (""Troop B - Consisting of 12 counties in northeast Kansas""), never the county names, and the DASC troop-area GIS layer has no county attribute; KS_posts.csv therefore leaves counties_served blank. Routed statewide per the task rule. JUDGEMENT CALL: this IS a real 12-county geographic troop, so statewide routing is a fallback, not a statement that it has no footprint."
KY0370200,21,MOTOR VEH ENFORCEMENT,route_statewide,n/a,,,21073,,,"Kentucky Motor Vehicle Enforcement is a statewide commercial-vehicle unit, not a KSP geographic post. No county footprint applies; routed statewide."
KYKSP0000,21,STATE POLICE HEADQUARTE,route_statewide,n/a,,,21073,,,"KSP Headquarters is an administrative ORI, not a geographic post. No county footprint applies; routed statewide."
KYKSP0100,21,SP MAYFIELD,post_multi_county_footprint,post,21007;21035;21039;21075;21083;21105;21139;21143;21145;21157;21221,Ballard County;Calloway County;Carlisle County;Fulton County;Graves County;Hickman County;Livingston County;Lyon County;McCracken County;Marshall County;Trigg County,21083,KSP Post 1,https://kentuckystatepolice.ky.gov/post1,"Matched ORI town 'Mayfield' to KSP Post 1 (post_ori_hint=Hickory); the post's published county list has 11 counties. KY_posts.csv notes document the ORI-town/address-town difference: the source address town is Hickory, the ORI town is Mayfield; both are in the same county."
KYKSP0200,21,SP MADISONVILLE,post_multi_county_footprint,post,21033;21047;21055;21107;21177;21219;21233,Caldwell County;Christian County;Crittenden County;Hopkins County;Muhlenberg County;Todd County;Webster County,21107,KSP Post 2,https://kentuckystatepolice.ky.gov/post2,"Matched ORI town 'Madisonville' to KSP Post 2 (post_ori_hint=Nortonville); the post's published county list has 7 counties. KY_posts.csv notes document the ORI-town/address-town difference: the source address town is Nortonville, the ORI town is Madisonville; both are in the same county."
KYKSP0300,21,SP BOWLING GREEN,post_multi_county_footprint,post,21003;21009;21031;21061;21099;21141;21213;21227,Allen County;Barren County;Butler County;Edmonson County;Hart County;Logan County;Simpson County;Warren County,21227,KSP Post 3,https://kentuckystatepolice.ky.gov/post3,Matched ORI town 'Bowling Green' to KSP Post 3 (post_ori_hint=Bowling Green); the post's published county list has 8 counties.
KYKSP0400,21,SP ELIZABETHTOWN,post_multi_county_footprint,post,21027;21029;21085;21093;21111;21123;21163;21179,Breckinridge County;Bullitt County;Grayson County;Hardin County;Jefferson County;Larue County;Meade County;Nelson County,21093,KSP Post 4,https://kentuckystatepolice.ky.gov/post4,Matched ORI town 'Elizabethtown' to KSP Post 4 (post_ori_hint=Elizabethtown); the post's published county list has 8 counties.
KYKSP0500,21,SP CAMPBELLSBURG,post_multi_county_footprint,post,21041;21077;21103;21185;21187;21223,Carroll County;Gallatin County;Henry County;Oldham County;Owen County;Trimble County,21103,KSP Post 5,https://kentuckystatepolice.ky.gov/post5,Matched ORI town 'Campbellsburg' to KSP Post 5 (post_ori_hint=Campbellsburg); the post's published county list has 6 counties.
KYKSP0600,21,SP DRY RIDGE,post_multi_county_footprint,post,21015;21017;21023;21037;21081;21097;21117;21181;21191;21201,Boone County;Bourbon County;Bracken County;Campbell County;Grant County;Harrison County;Kenton County;Nicholas County;Pendleton County;Robertson County,21081,KSP Post 6,https://kentuckystatepolice.ky.gov/post6,Matched ORI town 'Dry Ridge' to KSP Post 6 (post_ori_hint=Dry Ridge); the post's published county list has 10 counties.
KYKSP0700,21,SP RICHMOND,post_multi_county_footprint,post,21021;21049;21065;21079;21109;21113;21129;21137;21151;21167;21189,Boyle County;Clark County;Estill County;Garrard County;Jackson County;Jessamine County;Lee County;Lincoln County;Madison County;Mercer County;Owsley County,21151,KSP Post 7,https://kentuckystatepolice.ky.gov/post7,Matched ORI town 'Richmond' to KSP Post 7 (post_ori_hint=Richmond); the post's published county list has 11 counties.
KYKSP0800,21,SP MOREHEAD,post_multi_county_footprint,post,21011;21063;21069;21135;21161;21165;21173;21175;21197;21205;21237,Bath County;Elliott County;Fleming County;Lewis County;Mason County;Menifee County;Montgomery County;Morgan County;Powell County;Rowan County;Wolfe County,21205,KSP Post 8,https://kentuckystatepolice.ky.gov/post8,Matched ORI town 'Morehead' to KSP Post 8 (post_ori_hint=Morehead); the post's published county list has 11 counties.
KYKSP0900,21,SP PIKEVILLE,post_multi_county_footprint,post,21071;21115;21153;21159;21195,Floyd County;Johnson County;Magoffin County;Martin County;Pike County,21195,KSP Post 9,https://kentuckystatepolice.ky.gov/post9,Matched ORI town 'Pikeville' to KSP Post 9 (post_ori_hint=Pikeville); the post's published county list has 5 counties.
KYKSP1000,21,SP HARLAN,post_multi_county_footprint,post,21013;21095;21121,Bell County;Harlan County;Knox County,21095,KSP Post 10,https://kentuckystatepolice.ky.gov/post10,Matched ORI town 'Harlan' to KSP Post 10 (post_ori_hint=Harlan); the post's published county list has 3 counties.
KYKSP1100,21,SP LONDON,post_multi_county_footprint,post,21051;21125;21147;21199;21203;21231;21235,Clay County;Laurel County;McCreary County;Pulaski County;Rockcastle County;Wayne County;Whitley County,21125,KSP Post 11,https://kentuckystatepolice.ky.gov/post11,Matched ORI town 'London' to KSP Post 11 (post_ori_hint=London); the post's published county list has 7 counties.
KYKSP1200,21,SP FRANKFORT,post_multi_county_footprint,post,21005;21067;21073;21209;21211;21215;21239,Anderson County;Fayette County;Franklin County;Scott County;Shelby County;Spencer County;Woodford County,21073,KSP Post 12,https://kentuckystatepolice.ky.gov/post12,Matched ORI town 'Frankfort' to KSP Post 12 (post_ori_hint=Frankfort); the post's published county list has 7 counties.
KYKSP1300,21,SP HAZARD,post_multi_county_footprint,post,21025;21119;21131;21133;21193,Breathitt County;Knott County;Leslie County;Letcher County;Perry County,21193,KSP Post 13,https://kentuckystatepolice.ky.gov/post13,Matched ORI town 'Hazard' to KSP Post 13 (post_ori_hint=Hazard); the post's published county list has 5 counties.
KYKSP1400,21,SP ASHLAND,post_multi_county_footprint,post,21019;21043;21089;21127,Boyd County;Carter County;Greenup County;Lawrence County,21019,KSP Post 14,https://kentuckystatepolice.ky.gov/post14,Matched ORI town 'Ashland' to KSP Post 14 (post_ori_hint=Ashland); the post's published county list has 4 counties.
KYKSP1500,21,SP COLUMBIA,post_multi_county_footprint,post,21001;21045;21053;21057;21087;21155;21169;21171;21207;21217;21229,Adair County;Casey County;Clinton County;Cumberland County;Green County;Marion County;Metcalfe County;Monroe County;Russell County;Taylor County;Washington County,21001,KSP Post 15,https://kentuckystatepolice.ky.gov/post15,Matched ORI town 'Columbia' to KSP Post 15 (post_ori_hint=Columbia); the post's published county list has 11 counties.
KYKSP1600,21,SP HENDERSON,post_multi_county_footprint,post,21059;21091;21101;21149;21183;21225,Daviess County;Hancock County;Henderson County;McLean County;Ohio County;Union County,21101,KSP Post 16,https://kentuckystatepolice.ky.gov/post16,Matched ORI town 'Henderson' to KSP Post 16 (post_ori_hint=Henderson); the post's published county list has 6 counties.
KYKSP2500,21,SP CANNABIS SUPPRSSN SE,route_statewide,n/a,,,21067,,,"KSP Cannabis Suppression Section is a statewide/regional specialty unit, not a geographic post. No county footprint applies; routed statewide."
KYKSP2900,21,SP SPECIAL OPERATIONS,route_statewide,n/a,,,21067,,,"KSP Special Operations is a statewide specialty unit, not a geographic post. No county footprint applies; routed statewide."
KYKSP3200,21,SP WEST DRUG ENFRCMNT B,route_statewide,n/a,,,21227,,,"KSP West Drug Enforcement Branch (FBI CDE roster name) is a regional drug-enforcement unit, not a geographic post. No county footprint applies; routed statewide."
KYKSP3300,21,SP DRUG ENFRCMNT AREA 2,route_statewide,n/a,,,21067,,,"KSP East Drug Enforcement Branch (FBI CDE roster name; agency_name_std reads ""AREA 2"") is a regional drug-enforcement unit, not a geographic post. No county footprint applies; routed statewide."
KYKSP3500,21,SP ELECTRONIC CRIMES,route_statewide,n/a,,,21073,,,"KSP Electronic Crimes is a statewide investigative unit, not a geographic post. No county footprint applies; routed statewide."
MD300SP00,24,SP BALTIMORE CITY,single_county_confirmed,post,24510,Baltimore city,24510,MDSP coverage of Baltimore City (no dedicated barrack),https://mdsp.maryland.gov/about-us/barrack-locations,"Detector false positive per the task rule and MD_posts.csv: Baltimore City is Maryland's one independent city and a county-equivalent (24510 in county_names_2020), so the anchor is already correct. MD_posts.csv leaves counties_served blank for this row because MDSP's 23-barrack ""Counties served"" table covers only the 23 counties and names no barrack for Baltimore City; the single county emitted here is the ORI's own county-equivalent, not a directory county list."
MD301SP00,24,SP ALLEGANY COUNTY,single_county_confirmed,post,24001,Allegany County,24001,"Cumberland, Barrack C",https://mdsp.maryland.gov/about-us/barrack-locations,"County-named MDSP ORI; footprint is the single county Allegany County. MD_posts.csv corroborates MDSP coverage of this county via Cumberland, Barrack C."
MD302SP00,24,SP ANNE ARUNDEL COUNTY,single_county_confirmed,post,24003,Anne Arundel County,24003,"Annapolis, Barrack J",https://mdsp.maryland.gov/about-us/barrack-locations,"County-named MDSP ORI; footprint is the single county Anne Arundel County. MD_posts.csv corroborates MDSP coverage of this county via Annapolis, Barrack J (+1 other barrack row(s))."
MD303SP00,24,SP BALTIMORE COUNTY,single_county_confirmed,post,24005,Baltimore County,24005,"Golden Ring, Barrack R",https://mdsp.maryland.gov/about-us/barrack-locations,"County-named MDSP ORI; footprint is the single county Baltimore County. MD_posts.csv corroborates MDSP coverage of this county via Golden Ring, Barrack R (+1 other barrack row(s))."
MD304SP00,24,SP CALVERT COUNTY,single_county_confirmed,post,24009,Calvert County,24009,"Prince Frederick, Barrack U",https://mdsp.maryland.gov/about-us/barrack-locations,"County-named MDSP ORI; footprint is the single county Calvert County. MD_posts.csv corroborates MDSP coverage of this county via Prince Frederick, Barrack U."
MD305SP00,24,SP CAROLINE COUNTY,single_county_confirmed,post,24011,Caroline County,24011,"Easton, Barrack I",https://mdsp.maryland.gov/about-us/barrack-locations,"County-named MDSP ORI; footprint is the single county Caroline County. MD_posts.csv corroborates MDSP coverage of this county via Easton, Barrack I."
MD306SP00,24,SP CARROLL COUNTY,single_county_confirmed,post,24013,Carroll County,24013,"Westminster, Barrack G",https://mdsp.maryland.gov/about-us/barrack-locations,"County-named MDSP ORI; footprint is the single county Carroll County. MD_posts.csv corroborates MDSP coverage of this county via Westminster, Barrack G."
MD307SP00,24,SP CECIL COUNTY,single_county_confirmed,post,24015,Cecil County,24015,"North East, Barrack F",https://mdsp.maryland.gov/about-us/barrack-locations,"County-named MDSP ORI; footprint is the single county Cecil County. MD_posts.csv corroborates MDSP coverage of this county via North East, Barrack F (+1 other barrack row(s))."
MD308SP00,24,SP CHARLES COUNTY,single_county_confirmed,post,24017,Charles County,24017,"La Plata, Barrack H",https://mdsp.maryland.gov/about-us/barrack-locations,"County-named MDSP ORI; footprint is the single county Charles County. MD_posts.csv corroborates MDSP coverage of this county via La Plata, Barrack H."
MD309SP00,24,SP DORCHESTER COUNTY,single_county_confirmed,post,24019,Dorchester County,24019,"Easton, Barrack I",https://mdsp.maryland.gov/about-us/barrack-locations,"County-named MDSP ORI; footprint is the single county Dorchester County. MD_posts.csv corroborates MDSP coverage of this county via Easton, Barrack I."
MD310SP00,24,SP FREDERICK COUNTY,single_county_confirmed,post,24021,Frederick County,24021,"Frederick, Barrack B",https://mdsp.maryland.gov/about-us/barrack-locations,"County-named MDSP ORI; footprint is the single county Frederick County. MD_posts.csv corroborates MDSP coverage of this county via Frederick, Barrack B."
MD311SP00,24,SP GARRETT COUNTY,single_county_confirmed,post,24023,Garrett County,24023,"McHenry, Barrack W",https://mdsp.maryland.gov/about-us/barrack-locations,"County-named MDSP ORI; footprint is the single county Garrett County. MD_posts.csv corroborates MDSP coverage of this county via McHenry, Barrack W."
MD312SP00,24,SP HARFORD COUNTY,single_county_confirmed,post,24025,Harford County,24025,"JFK Memorial Highway, Barrack M",https://mdsp.maryland.gov/about-us/barrack-locations,"County-named MDSP ORI; footprint is the single county Harford County. MD_posts.csv corroborates MDSP coverage of this county via JFK Memorial Highway, Barrack M (+1 other barrack row(s))."
MD313SP00,24,SP HOWARD COUNTY,single_county_confirmed,post,24027,Howard County,24027,"Waterloo, Barrack A",https://mdsp.maryland.gov/about-us/barrack-locations,"County-named MDSP ORI; footprint is the single county Howard County. MD_posts.csv corroborates MDSP coverage of this county via Waterloo, Barrack A."
MD314SP00,24,SP KENT COUNTY,single_county_confirmed,post,24029,Kent County,24029,"Centreville, Barrack S",https://mdsp.maryland.gov/about-us/barrack-locations,"County-named MDSP ORI; footprint is the single county Kent County. MD_posts.csv corroborates MDSP coverage of this county via Centreville, Barrack S."
MD315SP00,24,SP MONTGOMERY COUNTY,single_county_confirmed,post,24031,Montgomery County,24031,"Rockville, Barrack N",https://mdsp.maryland.gov/about-us/barrack-locations,"County-named MDSP ORI; footprint is the single county Montgomery County. MD_posts.csv corroborates MDSP coverage of this county via Rockville, Barrack N."
MD316SP00,24,SP PRINCE GEORGE S CNTY,single_county_confirmed,post,24033,Prince George's County,24033,"Forestville, Barrack L",https://mdsp.maryland.gov/about-us/barrack-locations,"County-named MDSP ORI; footprint is the single county Prince George's County. MD_posts.csv corroborates MDSP coverage of this county via Forestville, Barrack L (+1 other barrack row(s))."
MD317SP00,24,SP QUEEN ANNE S COUNTY,single_county_confirmed,post,24035,Queen Anne's County,24035,"Centreville, Barrack S",https://mdsp.maryland.gov/about-us/barrack-locations,"County-named MDSP ORI; footprint is the single county Queen Anne's County. MD_posts.csv corroborates MDSP coverage of this county via Centreville, Barrack S."
MD318SP00,24,SP ST MARY S COUNTY,single_county_confirmed,post,24037,St. Mary's County,24037,"Leonardtown, Barrack T",https://mdsp.maryland.gov/about-us/barrack-locations,"County-named MDSP ORI; footprint is the single county St. Mary's County. MD_posts.csv corroborates MDSP coverage of this county via Leonardtown, Barrack T."
MD319SP00,24,SP SOMERSET COUNTY,single_county_confirmed,post,24039,Somerset County,24039,"Princess Anne, Barrack X",https://mdsp.maryland.gov/about-us/barrack-locations,"County-named MDSP ORI; footprint is the single county Somerset County. MD_posts.csv corroborates MDSP coverage of this county via Princess Anne, Barrack X."
MD320SP00,24,SP TALBOT COUNTY,single_county_confirmed,post,24041,Talbot County,24041,"Easton, Barrack I",https://mdsp.maryland.gov/about-us/barrack-locations,"County-named MDSP ORI; footprint is the single county Talbot County. MD_posts.csv corroborates MDSP coverage of this county via Easton, Barrack I."
MD321SP00,24,SP WASHINGTON COUNTY,single_county_confirmed,post,24043,Washington County,24043,"Hagerstown, Barrack O",https://mdsp.maryland.gov/about-us/barrack-locations,"County-named MDSP ORI; footprint is the single county Washington County. MD_posts.csv corroborates MDSP coverage of this county via Hagerstown, Barrack O."
MD322SP00,24,SP WICOMICO COUNTY,single_county_confirmed,post,24045,Wicomico County,24045,"Salisbury, Barrack E",https://mdsp.maryland.gov/about-us/barrack-locations,"County-named MDSP ORI; footprint is the single county Wicomico County. MD_posts.csv corroborates MDSP coverage of this county via Salisbury, Barrack E."
MD323SP00,24,SP WORCESTER COUNTY,single_county_confirmed,post,24047,Worcester County,24047,"Berlin, Barrack V",https://mdsp.maryland.gov/about-us/barrack-locations,"County-named MDSP ORI; footprint is the single county Worcester County. MD_posts.csv corroborates MDSP coverage of this county via Berlin, Barrack V."
MD324SP00,24,MSP STATEWIDE,route_statewide,n/a,,,24005,,,"Maryland State Police Statewide ORI - an agency-level catch-all, not a barrack or county unit."
MDMSP0100,24,STATE POLICE JESSUP WA,single_county_confirmed,post,24027,Howard County,24027,"Waterloo, Barrack A",https://mdsp.maryland.gov/about-us/barrack-locations,"agency_name_std carries the legacy SRS barrack-town label, but the FBI CDE roster (in-repo ori_source_validation_2024.csv) names this ORI ""State Police: Howard County"" - i.e. it is a COUNTY-level reporting unit, not a barracks. Its footprint is therefore the single county Howard County, not the barrack's multi-county service area. MD_posts.csv corroborates that this county is MDSP-served via Waterloo, Barrack A."
MDMSP0200,24,SP CARROLL COUNTY,single_county_confirmed,post,24013,Carroll County,24013,"Westminster, Barrack G",https://mdsp.maryland.gov/about-us/barrack-locations,"County-named MDSP ORI; footprint is the single county Carroll County. MD_posts.csv corroborates MDSP coverage of this county via Westminster, Barrack G."
MDMSP0300,24,STATE POLICE COLLEGE PA,single_county_confirmed,post,24033,Prince George's County,24033,"Forestville, Barrack L",https://mdsp.maryland.gov/about-us/barrack-locations,"agency_name_std carries the legacy SRS barrack-town label, but the FBI CDE roster (in-repo ori_source_validation_2024.csv) names this ORI ""State Police: Prince Georges County"" - i.e. it is a COUNTY-level reporting unit, not a barracks. Its footprint is therefore the single county Prince George's County, not the barrack's multi-county service area. MD_posts.csv corroborates that this county is MDSP-served via Forestville, Barrack L (+1 other barrack row(s))."
MDMSP0400,24,SP MONTGOMERY COUNTY,single_county_confirmed,post,24031,Montgomery County,24031,"Rockville, Barrack N",https://mdsp.maryland.gov/about-us/barrack-locations,"County-named MDSP ORI; footprint is the single county Montgomery County. MD_posts.csv corroborates MDSP coverage of this county via Rockville, Barrack N."
MDMSP2000,24,STATE POLICE FREDERICK,single_county_confirmed,post,24021,Frederick County,24021,"Frederick, Barrack B",https://mdsp.maryland.gov/about-us/barrack-locations,"agency_name_std carries the legacy SRS barrack-town label, but the FBI CDE roster (in-repo ori_source_validation_2024.csv) names this ORI ""State Police: Frederick County"" - i.e. it is a COUNTY-level reporting unit, not a barracks. Its footprint is therefore the single county Frederick County, not the barrack's multi-county service area. MD_posts.csv corroborates that this county is MDSP-served via Frederick, Barrack B."
MDMSP2100,24,SP ALLEGANY COUNTY,single_county_confirmed,post,24001,Allegany County,24001,"Cumberland, Barrack C",https://mdsp.maryland.gov/about-us/barrack-locations,"County-named MDSP ORI; footprint is the single county Allegany County. MD_posts.csv corroborates MDSP coverage of this county via Cumberland, Barrack C."
MDMSP2200,24,SP WASHINGTON COUNTY,single_county_confirmed,post,24043,Washington County,24043,"Hagerstown, Barrack O",https://mdsp.maryland.gov/about-us/barrack-locations,"County-named MDSP ORI; footprint is the single county Washington County. MD_posts.csv corroborates MDSP coverage of this county via Hagerstown, Barrack O."
MDMSP2300,24,SP GARRETT COUNTY,single_county_confirmed,post,24023,Garrett County,24023,"McHenry, Barrack W",https://mdsp.maryland.gov/about-us/barrack-locations,"County-named MDSP ORI; footprint is the single county Garrett County. MD_posts.csv corroborates MDSP coverage of this county via McHenry, Barrack W."
MDMSP3000,24,SP HARFORD COUNTY,single_county_confirmed,post,24025,Harford County,24025,"JFK Memorial Highway, Barrack M",https://mdsp.maryland.gov/about-us/barrack-locations,"County-named MDSP ORI; footprint is the single county Harford County. MD_posts.csv corroborates MDSP coverage of this county via JFK Memorial Highway, Barrack M (+1 other barrack row(s))."
MDMSP3100,24,STATE POLICE NORTH EAST,single_county_confirmed,post,24015,Cecil County,24015,"North East, Barrack F",https://mdsp.maryland.gov/about-us/barrack-locations,"agency_name_std carries the legacy SRS barrack-town label, but the FBI CDE roster (in-repo ori_source_validation_2024.csv) names this ORI ""State Police: Cecil County"" - i.e. it is a COUNTY-level reporting unit, not a barracks. Its footprint is therefore the single county Cecil County, not the barrack's multi-county service area. MD_posts.csv corroborates that this county is MDSP-served via North East, Barrack F (+1 other barrack row(s))."
MDMSP3400,24,STATE POLICE BALTIMORE,single_county_confirmed,post,24005,Baltimore County,24005,"Golden Ring, Barrack R",https://mdsp.maryland.gov/about-us/barrack-locations,"agency_name_std carries the legacy SRS barrack-town label, but the FBI CDE roster (in-repo ori_source_validation_2024.csv) names this ORI ""State Police: Baltimore County"" - i.e. it is a COUNTY-level reporting unit, not a barracks. Its footprint is therefore the single county Baltimore County, not the barrack's multi-county service area. MD_posts.csv corroborates that this county is MDSP-served via Golden Ring, Barrack R (+1 other barrack row(s))."
MDMSP4000,24,STATE POLICE EASTERN TR,single_county_confirmed,post,24041,Talbot County,24041,"Easton, Barrack I",https://mdsp.maryland.gov/about-us/barrack-locations,"agency_name_std carries the legacy SRS barrack-town label, but the FBI CDE roster (in-repo ori_source_validation_2024.csv) names this ORI ""State Police: Talbot County"" - i.e. it is a COUNTY-level reporting unit, not a barracks. Its footprint is therefore the single county Talbot County, not the barrack's multi-county service area. MD_posts.csv corroborates that this county is MDSP-served via Easton, Barrack I."
MDMSP4100,24,SP WICOMICO COUNTY,single_county_confirmed,post,24045,Wicomico County,24045,"Salisbury, Barrack E",https://mdsp.maryland.gov/about-us/barrack-locations,"County-named MDSP ORI; footprint is the single county Wicomico County. MD_posts.csv corroborates MDSP coverage of this county via Salisbury, Barrack E."
MDMSP4200,24,STATE POLICE CENTERVILL,single_county_confirmed,post,24035,Queen Anne's County,24035,"Centreville, Barrack S",https://mdsp.maryland.gov/about-us/barrack-locations,"agency_name_std carries the legacy SRS barrack-town label, but the FBI CDE roster (in-repo ori_source_validation_2024.csv) names this ORI ""State Police: Queen Annes's County"" - i.e. it is a COUNTY-level reporting unit, not a barracks. Its footprint is therefore the single county Queen Anne's County, not the barrack's multi-county service area. MD_posts.csv corroborates that this county is MDSP-served via Centreville, Barrack S."
MDMSP4300,24,SP CAROLINE COUNTY,single_county_confirmed,post,24011,Caroline County,24011,"Easton, Barrack I",https://mdsp.maryland.gov/about-us/barrack-locations,"County-named MDSP ORI; footprint is the single county Caroline County. MD_posts.csv corroborates MDSP coverage of this county via Easton, Barrack I."
MDMSP4400,24,SP KENT COUNTY,single_county_confirmed,post,24029,Kent County,24029,"Centreville, Barrack S",https://mdsp.maryland.gov/about-us/barrack-locations,"County-named MDSP ORI; footprint is the single county Kent County. MD_posts.csv corroborates MDSP coverage of this county via Centreville, Barrack S."
MDMSP4500,24,SP DORCHESTER COUNTY,single_county_confirmed,post,24019,Dorchester County,24019,"Easton, Barrack I",https://mdsp.maryland.gov/about-us/barrack-locations,"County-named MDSP ORI; footprint is the single county Dorchester County. MD_posts.csv corroborates MDSP coverage of this county via Easton, Barrack I."
MDMSP4700,24,STATE POLICE PRINCESS A,single_county_confirmed,post,24039,Somerset County,24039,"Princess Anne, Barrack X",https://mdsp.maryland.gov/about-us/barrack-locations,"agency_name_std carries the legacy SRS barrack-town label, but the FBI CDE roster (in-repo ori_source_validation_2024.csv) names this ORI ""State Police: Somerset County"" - i.e. it is a COUNTY-level reporting unit, not a barracks. Its footprint is therefore the single county Somerset County, not the barrack's multi-county service area. MD_posts.csv corroborates that this county is MDSP-served via Princess Anne, Barrack X."
MDMSP4800,24,STATE POLICE BERLIN,single_county_confirmed,post,24047,Worcester County,24047,"Berlin, Barrack V",https://mdsp.maryland.gov/about-us/barrack-locations,"agency_name_std carries the legacy SRS barrack-town label, but the FBI CDE roster (in-repo ori_source_validation_2024.csv) names this ORI ""State Police: Worcester County"" - i.e. it is a COUNTY-level reporting unit, not a barracks. Its footprint is therefore the single county Worcester County, not the barrack's multi-county service area. MD_posts.csv corroborates that this county is MDSP-served via Berlin, Barrack V."
MDMSP5000,24,STATE POLICE LA PLATA,single_county_confirmed,post,24017,Charles County,24017,"La Plata, Barrack H",https://mdsp.maryland.gov/about-us/barrack-locations,"agency_name_std carries the legacy SRS barrack-town label, but the FBI CDE roster (in-repo ori_source_validation_2024.csv) names this ORI ""State Police: Charles County"" - i.e. it is a COUNTY-level reporting unit, not a barracks. Its footprint is therefore the single county Charles County, not the barrack's multi-county service area. MD_posts.csv corroborates that this county is MDSP-served via La Plata, Barrack H."
MDMSP5200,24,STATE POLICE GLEN BURNI,single_county_confirmed,post,24003,Anne Arundel County,24003,"Annapolis, Barrack J",https://mdsp.maryland.gov/about-us/barrack-locations,"agency_name_std carries the legacy SRS barrack-town label, but the FBI CDE roster (in-repo ori_source_validation_2024.csv) names this ORI ""State Police: Anne Arundel County"" - i.e. it is a COUNTY-level reporting unit, not a barracks. Its footprint is therefore the single county Anne Arundel County, not the barrack's multi-county service area. MD_posts.csv corroborates that this county is MDSP-served via Annapolis, Barrack J (+1 other barrack row(s))."
MDMSP5400,24,SP ST MARY S COUNTY,single_county_confirmed,post,24037,St. Mary's County,24037,"Leonardtown, Barrack T",https://mdsp.maryland.gov/about-us/barrack-locations,"County-named MDSP ORI; footprint is the single county St. Mary's County. MD_posts.csv corroborates MDSP coverage of this county via Leonardtown, Barrack T."
MDMSP5500,24,SP CALVERT COUNTY,single_county_confirmed,post,24009,Calvert County,24009,"Prince Frederick, Barrack U",https://mdsp.maryland.gov/about-us/barrack-locations,"County-named MDSP ORI; footprint is the single county Calvert County. MD_posts.csv corroborates MDSP coverage of this county via Prince Frederick, Barrack U."
MDMSP9800,24,MSP STATEWIDE,route_statewide,n/a,,,24005,,,"Maryland State Police Statewide ORI - an agency-level catch-all, not a barrack or county unit."
PA001SP00,42,SP ADAMS COUNTY,single_county_confirmed,post,42001,Adams County,42001,PSP Gettysburg Station (Troop H),https://psp.pa.gov/troop%20directory/Pages/Troop-h.aspx,"County-named PSP ORI (FBI CDE roster: ""State Police: Adams County""); footprint is the single county Adams County. PA_posts.csv puts 1 transcribed PSP station in this county (PSP Gettysburg Station (Troop H)); every PA station row lists exactly one county, so no multi-county footprint is implied."
PA002SP00,42,SP ALLEGHENY COUNTY,single_county_confirmed,post,42003,Allegheny County,42003,PSP Pittsburgh Station (Troop B),https://psp.pa.gov/troop%20directory/Pages/Troop-b.aspx,"County-named PSP ORI (FBI CDE roster: ""State Police: Allegheny County""); footprint is the single county Allegheny County. PA_posts.csv puts 3 transcribed PSP stations in this county (PSP Pittsburgh Station (Troop B), ...); every PA station row lists exactly one county, so no multi-county footprint is implied."
PA003SP00,42,SP ARMSTRONG COUNTY,single_county_confirmed,post,42005,Armstrong County,42005,PSP Kittanning Station (Troop D),https://psp.pa.gov/troop%20directory/Pages/Troop-d.aspx,"County-named PSP ORI (FBI CDE roster: ""State Police: Armstrong County""); footprint is the single county Armstrong County. PA_posts.csv puts 1 transcribed PSP station in this county (PSP Kittanning Station (Troop D)); every PA station row lists exactly one county, so no multi-county footprint is implied."
PA004SP00,42,SP BEAVER COUNTY,single_county_confirmed,post,42007,Beaver County,42007,PSP Beaver Station (Troop D),https://psp.pa.gov/troop%20directory/Pages/Troop-d.aspx,"County-named PSP ORI (FBI CDE roster: ""State Police: Beaver County""); footprint is the single county Beaver County. PA_posts.csv puts 1 transcribed PSP station in this county (PSP Beaver Station (Troop D)); every PA station row lists exactly one county, so no multi-county footprint is implied."
PA005SP00,42,SP BEDFORD COUNTY,single_county_confirmed,post,42009,Bedford County,42009,PSP Bedford Station (Troop G),https://psp.pa.gov/troop%20directory/Pages/Troop-g.aspx,"County-named PSP ORI (FBI CDE roster: ""State Police: Bedford County""); footprint is the single county Bedford County. PA_posts.csv puts 2 transcribed PSP stations in this county (PSP Bedford Station (Troop G), ...); every PA station row lists exactly one county, so no multi-county footprint is implied."
PA006SP00,42,SP BERKS COUNTY,single_county_confirmed,post,42011,Berks County,42011,PSP Hamburg Station (Troop L),https://psp.pa.gov/troop%20directory/Pages/Troop-l.aspx,"County-named PSP ORI (FBI CDE roster: ""State Police: Berks County""); footprint is the single county Berks County. PA_posts.csv puts 2 transcribed PSP stations in this county (PSP Hamburg Station (Troop L), ...); every PA station row lists exactly one county, so no multi-county footprint is implied."
PA007SP00,42,SP BLAIR COUNTY,single_county_confirmed,post,42013,Blair County,42013,PSP Hollidaysburg Station (Troop G),https://psp.pa.gov/troop%20directory/Pages/Troop-g.aspx,"County-named PSP ORI (FBI CDE roster: ""State Police: Blair County""); footprint is the single county Blair County. PA_posts.csv puts 1 transcribed PSP station in this county (PSP Hollidaysburg Station (Troop G)); every PA station row lists exactly one county, so no multi-county footprint is implied."
PA008SP00,42,SP BRADFORD COUNTY,single_county_confirmed,post,42015,Bradford County,42015,PSP Towanda Station (Troop P),https://psp.pa.gov/troop%20directory/Pages/Troop-p.aspx,"County-named PSP ORI (FBI CDE roster: ""State Police: Bradford County""); footprint is the single county Bradford County. PA_posts.csv puts 1 transcribed PSP station in this county (PSP Towanda Station (Troop P)); every PA station row lists exactly one county, so no multi-county footprint is implied."
PA009SP00,42,SP BUCKS COUNTY,single_county_confirmed,post,42017,Bucks County,42017,PSP Dublin Station (Troop M),https://psp.pa.gov/troop%20directory/Pages/Troop-m.aspx,"County-named PSP ORI (FBI CDE roster: ""State Police: Bucks County""); footprint is the single county Bucks County. PA_posts.csv puts 2 transcribed PSP stations in this county (PSP Dublin Station (Troop M), ...); every PA station row lists exactly one county, so no multi-county footprint is implied."
PA010SP00,42,SP BUTLER COUNTY,single_county_confirmed,post,42019,Butler County,42019,PSP Butler Station (Troop D),https://psp.pa.gov/troop%20directory/Pages/Troop-d.aspx,"County-named PSP ORI (FBI CDE roster: ""State Police: Butler County""); footprint is the single county Butler County. PA_posts.csv puts 1 transcribed PSP station in this county (PSP Butler Station (Troop D)); every PA station row lists exactly one county, so no multi-county footprint is implied."
PA011SP00,42,SP CAMBRIA COUNTY,single_county_confirmed,post,42021,Cambria County,42021,PSP Ebensburg Station (Troop A),https://psp.pa.gov/troop%20directory/Pages/Troop-a.aspx,"County-named PSP ORI (FBI CDE roster: ""State Police: Cambria County""); footprint is the single county Cambria County. PA_posts.csv puts 1 transcribed PSP station in this county (PSP Ebensburg Station (Troop A)); every PA station row lists exactly one county, so no multi-county footprint is implied."
PA012SP00,42,SP CAMERON COUNTY,single_county_confirmed,post,42023,Cameron County,42023,PSP Emporium Station (Troop F),https://psp.pa.gov/troop%20directory/Pages/Troop-f.aspx,"County-named PSP ORI (FBI CDE roster: ""State Police: Cameron County""); footprint is the single county Cameron County. PA_posts.csv puts 1 transcribed PSP station in this county (PSP Emporium Station (Troop F)); every PA station row lists exactly one county, so no multi-county footprint is implied."
PA013SP00,42,SP CARBON COUNTY,single_county_confirmed,post,42025,Carbon County,42025,PSP Lehighton Station (Troop N),https://psp.pa.gov/troop%20directory/Pages/Troop-n.aspx,"County-named PSP ORI (FBI CDE roster: ""State Police: Carbon County""); footprint is the single county Carbon County. PA_posts.csv puts 2 transcribed PSP stations in this county (PSP Lehighton Station (Troop N), ...); every PA station row lists exactly one county, so no multi-county footprint is implied."
PA014SP00,42,SP CENTRE COUNTY,single_county_confirmed,post,42027,Centre County,42027,PSP Rockview Station (Troop G),https://psp.pa.gov/troop%20directory/Pages/Troop-g.aspx,"County-named PSP ORI (FBI CDE roster: ""State Police: Centre County""); footprint is the single county Centre County. PA_posts.csv puts 1 transcribed PSP station in this county (PSP Rockview Station (Troop G)); every PA station row lists exactly one county, so no multi-county footprint is implied."
PA015SP00,42,SP CHESTER COUNTY,single_county_confirmed,post,42029,Chester County,42029,PSP Avondale Station (Troop J),https://psp.pa.gov/troop%20directory/Pages/Troop-j.aspx,"County-named PSP ORI (FBI CDE roster: ""State Police: Chester County""); footprint is the single county Chester County. PA_posts.csv puts 2 transcribed PSP stations in this county (PSP Avondale Station (Troop J), ...); every PA station row lists exactly one county, so no multi-county footprint is implied."
PA016SP00,42,SP CLARION COUNTY,single_county_confirmed,post,42031,Clarion County,42031,PSP Clarion Station (Troop C),https://psp.pa.gov/troop%20directory/Pages/Troop-c.aspx,"County-named PSP ORI (FBI CDE roster: ""State Police: Clarion County""); footprint is the single county Clarion County. PA_posts.csv puts 1 transcribed PSP station in this county (PSP Clarion Station (Troop C)); every PA station row lists exactly one county, so no multi-county footprint is implied."
PA017SP00,42,SP CLEARFIELD COUNTY,single_county_confirmed,post,42033,Clearfield County,42033,PSP Clearfield Station (Troop C),https://psp.pa.gov/troop%20directory/Pages/Troop-c.aspx,"County-named PSP ORI (FBI CDE roster: ""State Police: Clearfield County""); footprint is the single county Clearfield County. PA_posts.csv puts 1 transcribed PSP station in this county (PSP Clearfield Station (Troop C)); every PA station row lists exactly one county, so no multi-county footprint is implied."
PA018SP00,42,SP CLINTON COUNTY,single_county_confirmed,post,42035,Clinton County,42035,PSP Lamar Station (Troop F),https://psp.pa.gov/troop%20directory/Pages/Troop-f.aspx,"County-named PSP ORI (FBI CDE roster: ""State Police: Clinton County""); footprint is the single county Clinton County. PA_posts.csv puts 1 transcribed PSP station in this county (PSP Lamar Station (Troop F)); every PA station row lists exactly one county, so no multi-county footprint is implied."
PA019SP00,42,SP COLUMBIA COUNTY,single_county_confirmed,post,42037,Columbia County,42037,PSP Bloomsburg Station (Troop N),https://psp.pa.gov/troop%20directory/Pages/Troop-n.aspx,"County-named PSP ORI (FBI CDE roster: ""State Police: Columbia County""); footprint is the single county Columbia County. PA_posts.csv puts 1 transcribed PSP station in this county (PSP Bloomsburg Station (Troop N)); every PA station row lists exactly one county, so no multi-county footprint is implied."
PA01BCI00,42,SP BCI ADAMS COUNTY,route_statewide,n/a,,,42001,,,"PSP Bureau of Criminal Investigation county-office ORI (Adams); an investigative-bureau ORI rather than a patrol station. PA_posts.csv transcribes patrol stations only, so no station row applies; routed statewide per the task rule."
PA020SP00,42,SP CRAWFORD COUNTY,single_county_confirmed,post,42039,Crawford County,42039,PSP Meadville Station (Troop E),https://psp.pa.gov/troop%20directory/Pages/Troop-e.aspx,"County-named PSP ORI (FBI CDE roster: ""State Police: Crawford County""); footprint is the single county Crawford County. PA_posts.csv puts 1 transcribed PSP station in this county (PSP Meadville Station (Troop E)); every PA station row lists exactly one county, so no multi-county footprint is implied."
PA021SP00,42,SP CUMBERLAND COUNTY,single_county_confirmed,post,42041,Cumberland County,42041,PSP Carlisle Station (Troop H),https://psp.pa.gov/troop%20directory/Pages/Troop-h.aspx,"County-named PSP ORI (FBI CDE roster: ""State Police: Cumberland County""); footprint is the single county Cumberland County. PA_posts.csv puts 2 transcribed PSP stations in this county (PSP Carlisle Station (Troop H), ...); every PA station row lists exactly one county, so no multi-county footprint is implied."
PA022SP00,42,SP ELIZABETHVILLE,unresolved,n/a,,,42043,,,"FBI CDE roster confirms this is a town-named ORI (""State Police: Elizabethville""), but PA_posts.csv's 89-station Troop directory contains no PSP station named Elizabethville - the station appears to have been consolidated. No directory row resolves the ORI, so no footprint is emitted. Current anchor 42043 (Dauphin County) is not contradicted by anything in the directory, and every transcribed PSP station is single-county, so no multi-county footprint is implied. SUPERVISOR CHECK."
PA023SP00,42,SP DELAWARE COUNTY,single_county_confirmed,post,42045,Delaware County,42045,PSP Media Station (Troop K),https://psp.pa.gov/troop%20directory/Pages/Troop-k.aspx,"County-named PSP ORI (FBI CDE roster: ""State Police: Delaware County""); footprint is the single county Delaware County. PA_posts.csv puts 1 transcribed PSP station in this county (PSP Media Station (Troop K)); every PA station row lists exactly one county, so no multi-county footprint is implied."
PA024SP00,42,SP ELK COUNTY,single_county_confirmed,post,42047,Elk County,42047,PSP Ridgway Station (Troop C),https://psp.pa.gov/troop%20directory/Pages/Troop-c.aspx,"County-named PSP ORI (FBI CDE roster: ""State Police: Elk County""); footprint is the single county Elk County. PA_posts.csv puts 1 transcribed PSP station in this county (PSP Ridgway Station (Troop C)); every PA station row lists exactly one county, so no multi-county footprint is implied."
PA025SP00,42,SP ERIE COUNTY,single_county_confirmed,post,42049,Erie County,42049,PSP Corry Station (Troop E),https://psp.pa.gov/troop%20directory/Pages/Troop-e.aspx,"County-named PSP ORI (FBI CDE roster: ""State Police: Erie County""); footprint is the single county Erie County. PA_posts.csv puts 3 transcribed PSP stations in this county (PSP Corry Station (Troop E), ...); every PA station row lists exactly one county, so no multi-county footprint is implied."
PA026SP00,42,SP FAYETTE COUNTY,single_county_confirmed,post,42051,Fayette County,42051,PSP Uniontown Station (Troop B),https://psp.pa.gov/troop%20directory/Pages/Troop-b.aspx,"County-named PSP ORI (FBI CDE roster: ""State Police: Fayette County""); footprint is the single county Fayette County. PA_posts.csv puts 1 transcribed PSP station in this county (PSP Uniontown Station (Troop B)); every PA station row lists exactly one county, so no multi-county footprint is implied."
PA027SP00,42,SP TIONESTA,unresolved,n/a,,,42053,,,"FBI CDE roster confirms this is a town-named ORI (""State Police: Tionesta""), but PA_posts.csv's 89-station Troop directory contains no PSP station named Tionesta - the station appears to have been consolidated. No directory row resolves the ORI, so no footprint is emitted. Current anchor 42053 (Forest County) is not contradicted by anything in the directory, and every transcribed PSP station is single-county, so no multi-county footprint is implied. SUPERVISOR CHECK."
PA028SP00,42,SP FRANKLIN COUNTY,single_county_confirmed,post,42055,Franklin County,42055,PSP Chambersburg Station (Troop H),https://psp.pa.gov/troop%20directory/Pages/Troop-h.aspx,"County-named PSP ORI (FBI CDE roster: ""State Police: Franklin County""); footprint is the single county Franklin County. PA_posts.csv puts 1 transcribed PSP station in this county (PSP Chambersburg Station (Troop H)); every PA station row lists exactly one county, so no multi-county footprint is implied."
PA029SP00,42,SP FULTON COUNTY,single_county_confirmed,post,42057,Fulton County,42057,PSP McConnellsburg Station (Troop G),https://psp.pa.gov/troop%20directory/Pages/Troop-g.aspx,"County-named PSP ORI (FBI CDE roster: ""State Police: Fulton County""); footprint is the single county Fulton County. PA_posts.csv puts 1 transcribed PSP station in this county (PSP McConnellsburg Station (Troop G)); every PA station row lists exactly one county, so no multi-county footprint is implied."
PA02BCI00,42,SP BCI ALLEGHENY COUNTY,route_statewide,n/a,,,42003,,,"PSP Bureau of Criminal Investigation county-office ORI (Allegheny); an investigative-bureau ORI rather than a patrol station. PA_posts.csv transcribes patrol stations only, so no station row applies; routed statewide per the task rule."
PA030SP00,42,SP GREENE COUNTY,single_county_confirmed,post,42059,Greene County,42059,PSP Waynesburg Station (Troop B),https://psp.pa.gov/troop%20directory/Pages/Troop-b.aspx,"County-named PSP ORI (FBI CDE roster: ""State Police: Greene County""); footprint is the single county Greene County. PA_posts.csv puts 1 transcribed PSP station in this county (PSP Waynesburg Station (Troop B)); every PA station row lists exactly one county, so no multi-county footprint is implied."
PA031SP00,42,SP HUNTINGDON COUNTY,single_county_confirmed,post,42061,Huntingdon County,42061,PSP Huntingdon Station (Troop G),https://psp.pa.gov/troop%20directory/Pages/Troop-g.aspx,"County-named PSP ORI (FBI CDE roster: ""State Police: Huntingdon County""); footprint is the single county Huntingdon County. PA_posts.csv puts 1 transcribed PSP station in this county (PSP Huntingdon Station (Troop G)); every PA station row lists exactly one county, so no multi-county footprint is implied."
PA032SP00,42,SP INDIANA COUNTY,single_county_confirmed,post,42063,Indiana County,42063,PSP Indiana Station (Troop A),https://psp.pa.gov/troop%20directory/Pages/Troop-a.aspx,"County-named PSP ORI (FBI CDE roster: ""State Police: Indiana County""); footprint is the single county Indiana County. PA_posts.csv puts 1 transcribed PSP station in this county (PSP Indiana Station (Troop A)); every PA station row lists exactly one county, so no multi-county footprint is implied."
PA033SP00,42,SP JEFFERSON COUNTY,single_county_confirmed,post,42065,Jefferson County,42065,PSP DuBois Station (Troop C),https://psp.pa.gov/troop%20directory/Pages/Troop-c.aspx,"County-named PSP ORI (FBI CDE roster: ""State Police: Jefferson County""); footprint is the single county Jefferson County. PA_posts.csv puts 2 transcribed PSP stations in this county (PSP DuBois Station (Troop C), ...); every PA station row lists exactly one county, so no multi-county footprint is implied."
PA034SP00,42,SP JUNIATA COUNTY,single_county_confirmed,post,42067,Juniata County,42067,PSP Lewistown Station (Troop G),https://psp.pa.gov/troop%20directory/Pages/Troop-g.aspx,"County-named PSP ORI (FBI CDE roster: ""State Police: Juniata County""); footprint is the single county Juniata County. PA_posts.csv puts 1 transcribed PSP station in this county (PSP Lewistown Station (Troop G)); every PA station row lists exactly one county, so no multi-county footprint is implied."
PA035SP00,42,SP LACKAWANNA COUNTY,single_county_confirmed,post,42069,Lackawanna County,42069,PSP Dunmore Station (Troop R),https://psp.pa.gov/troop%20directory/Pages/Troop-r.aspx,"County-named PSP ORI (FBI CDE roster: ""State Police: Lackawanna County""); footprint is the single county Lackawanna County. PA_posts.csv puts 1 transcribed PSP station in this county (PSP Dunmore Station (Troop R)); every PA station row lists exactly one county, so no multi-county footprint is implied."
PA036SP00,42,SP LANCASTER COUNTY,single_county_confirmed,post,42071,Lancaster County,42071,PSP Lancaster Station (Troop J),https://psp.pa.gov/troop%20directory/Pages/Troop-j.aspx,"County-named PSP ORI (FBI CDE roster: ""State Police: Lancaster County""); footprint is the single county Lancaster County. PA_posts.csv puts 2 transcribed PSP stations in this county (PSP Lancaster Station (Troop J), ...); every PA station row lists exactly one county, so no multi-county footprint is implied."
PA037SP00,42,SP LAWRENCE COUNTY,single_county_confirmed,post,42073,Lawrence County,42073,PSP New Castle Station (Troop D),https://psp.pa.gov/troop%20directory/Pages/Troop-d.aspx,"County-named PSP ORI (FBI CDE roster: ""State Police: Lawrence County""); footprint is the single county Lawrence County. PA_posts.csv puts 1 transcribed PSP station in this county (PSP New Castle Station (Troop D)); every PA station row lists exactly one county, so no multi-county footprint is implied."
PA038SP00,42,SP LEBANON COUNTY,single_county_confirmed,post,42075,Lebanon County,42075,PSP Jonestown Station (Troop L),https://psp.pa.gov/troop%20directory/Pages/Troop-l.aspx,"County-named PSP ORI (FBI CDE roster: ""State Police: Lebanon County""); footprint is the single county Lebanon County. PA_posts.csv puts 1 transcribed PSP station in this county (PSP Jonestown Station (Troop L)); every PA station row lists exactly one county, so no multi-county footprint is implied."
PA039SP00,42,SP LEHIGH COUNTY,single_county_confirmed,post,42077,Lehigh County,42077,PSP Bethlehem Station (Troop M),https://psp.pa.gov/troop%20directory/Pages/Troop-m.aspx,"County-named PSP ORI (FBI CDE roster: ""State Police: Lehigh County""); footprint is the single county Lehigh County. PA_posts.csv puts 2 transcribed PSP stations in this county (PSP Bethlehem Station (Troop M), ...); every PA station row lists exactly one county, so no multi-county footprint is implied."
PA03BCI00,42,SP BCI ARMSTRONG COUNTY,route_statewide,n/a,,,42005,,,"PSP Bureau of Criminal Investigation county-office ORI (Armstrong); an investigative-bureau ORI rather than a patrol station. PA_posts.csv transcribes patrol stations only, so no station row applies; routed statewide per the task rule."
PA040SP00,42,SP LUZERNE COUNTY,single_county_confirmed,post,42079,Luzerne County,42079,PSP Hazleton Station (Troop N),https://psp.pa.gov/troop%20directory/Pages/Troop-n.aspx,"County-named PSP ORI (FBI CDE roster: ""State Police: Luzerne County""); footprint is the single county Luzerne County. PA_posts.csv puts 3 transcribed PSP stations in this county (PSP Hazleton Station (Troop N), ...); every PA station row lists exactly one county, so no multi-county footprint is implied."
PA041SP00,42,SP LYCOMING COUNTY,single_county_confirmed,post,42081,Lycoming County,42081,PSP Montoursville Station (Troop F),https://psp.pa.gov/troop%20directory/Pages/Troop-f.aspx,"County-named PSP ORI (FBI CDE roster: ""State Police: Lycoming County""); footprint is the single county Lycoming County. PA_posts.csv puts 1 transcribed PSP station in this county (PSP Montoursville Station (Troop F)); every PA station row lists exactly one county, so no multi-county footprint is implied."
PA042SP00,42,SP MCKEAN COUNTY,single_county_confirmed,post,42083,McKean County,42083,PSP Lewis Station (Troop C),https://psp.pa.gov/troop%20directory/Pages/Troop-c.aspx,"County-named PSP ORI (FBI CDE roster: ""State Police: McKean County""); footprint is the single county McKean County. PA_posts.csv puts 1 transcribed PSP station in this county (PSP Lewis Station (Troop C)); every PA station row lists exactly one county, so no multi-county footprint is implied."
PA043SP00,42,SP MERCER COUNTY,single_county_confirmed,post,42085,Mercer County,42085,PSP Mercer Station (Troop D),https://psp.pa.gov/troop%20directory/Pages/Troop-d.aspx,"County-named PSP ORI (FBI CDE roster: ""State Police: Mercer County""); footprint is the single county Mercer County. PA_posts.csv puts 1 transcribed PSP station in this county (PSP Mercer Station (Troop D)); every PA station row lists exactly one county, so no multi-county footprint is implied."
PA044SP00,42,SP MIFFLIN COUNTY,single_county_confirmed,post,42087,Mifflin County,42087,,,"County-named PSP ORI (FBI CDE roster: ""State Police: Mifflin County""); footprint is the single county Mifflin County. No transcribed PSP station row lists this county (PA_posts.csv covers 64 of PA's 67 counties; Mifflin, Montour and Union have no station row), so the anchor is confirmed from the ORI's own county name rather than from a station row."
PA045SP00,42,SP MONROE COUNTY,single_county_confirmed,post,42089,Monroe County,42089,PSP Fern Station (Troop N),https://psp.pa.gov/troop%20directory/Pages/Troop-n.aspx,"County-named PSP ORI (FBI CDE roster: ""State Police: Monroe County""); footprint is the single county Monroe County. PA_posts.csv puts 2 transcribed PSP stations in this county (PSP Fern Station (Troop N), ...); every PA station row lists exactly one county, so no multi-county footprint is implied."
PA046SP00,42,SP SKIPPACK,single_county_confirmed,post,42091,Montgomery County,42091,PSP Skippack Station (Troop K),https://psp.pa.gov/troop%20directory/Pages/Troop-k.aspx,"Town-named ORI (""State Police: Skippack"") matched to PSP Skippack Station (Troop K), whose transcribed county is Montgomery County. PA stations are single-county in PA_posts.csv."
PA047SP00,42,SP MONTOUR COUNTY,single_county_confirmed,post,42093,Montour County,42093,,,"County-named PSP ORI (FBI CDE roster: ""State Police: Montour County""); footprint is the single county Montour County. No transcribed PSP station row lists this county (PA_posts.csv covers 64 of PA's 67 counties; Mifflin, Montour and Union have no station row), so the anchor is confirmed from the ORI's own county name rather than from a station row."
PA048SP00,42,SP NORTHAMPTON COUNTY,single_county_confirmed,post,42095,Northampton County,42095,PSP Belfast Station (Troop M),https://psp.pa.gov/troop%20directory/Pages/Troop-m.aspx,"County-named PSP ORI (FBI CDE roster: ""State Police: Northampton County""); footprint is the single county Northampton County. PA_posts.csv puts 1 transcribed PSP station in this county (PSP Belfast Station (Troop M)); every PA station row lists exactly one county, so no multi-county footprint is implied."
PA049SP00,42,SP NORTHUMBERLAND CNTY,single_county_confirmed,post,42097,Northumberland County,42097,PSP Milton Station (Troop F),https://psp.pa.gov/troop%20directory/Pages/Troop-f.aspx,"County-named PSP ORI (FBI CDE roster: ""State Police: Northumberland County""); footprint is the single county Northumberland County. PA_posts.csv puts 2 transcribed PSP stations in this county (PSP Milton Station (Troop F), ...); every PA station row lists exactly one county, so no multi-county footprint is implied."
PA04BCI00,42,SP BCI BEAVER COUNTY,route_statewide,n/a,,,42007,,,"PSP Bureau of Criminal Investigation county-office ORI (Beaver); an investigative-bureau ORI rather than a patrol station. PA_posts.csv transcribes patrol stations only, so no station row applies; routed statewide per the task rule."
PA050SP00,42,SP PERRY COUNTY,single_county_confirmed,post,42099,Perry County,42099,PSP Newport Station (Troop H),https://psp.pa.gov/troop%20directory/Pages/Troop-h.aspx,"County-named PSP ORI (FBI CDE roster: ""State Police: Perry County""); footprint is the single county Perry County. PA_posts.csv puts 1 transcribed PSP station in this county (PSP Newport Station (Troop H)); every PA station row lists exactly one county, so no multi-county footprint is implied."
PA051SP00,42,SP PHILADELPHIA COUNTY,single_county_confirmed,post,42101,Philadelphia County,42101,PSP Philadelphia Station (Troop K),https://psp.pa.gov/troop%20directory/Pages/Troop-k.aspx,"County-named PSP ORI (FBI CDE roster: ""State Police: Philadelphia County""); footprint is the single county Philadelphia County. PA_posts.csv puts 1 transcribed PSP station in this county (PSP Philadelphia Station (Troop K)); every PA station row lists exactly one county, so no multi-county footprint is implied."
PA052SP00,42,SP PIKE COUNTY,single_county_confirmed,post,42103,Pike County,42103,PSP Blooming Station (Troop R),https://psp.pa.gov/troop%20directory/Pages/Troop-r.aspx,"County-named PSP ORI (FBI CDE roster: ""State Police: Pike County""); footprint is the single county Pike County. PA_posts.csv puts 1 transcribed PSP station in this county (PSP Blooming Station (Troop R)); every PA station row lists exactly one county, so no multi-county footprint is implied."
PA053SP00,42,SP POTTER COUNTY,single_county_confirmed,post,42105,Potter County,42105,PSP Coudersport Station (Troop F),https://psp.pa.gov/troop%20directory/Pages/Troop-f.aspx,"County-named PSP ORI (FBI CDE roster: ""State Police: Potter County""); footprint is the single county Potter County. PA_posts.csv puts 1 transcribed PSP station in this county (PSP Coudersport Station (Troop F)); every PA station row lists exactly one county, so no multi-county footprint is implied."
PA054SP00,42,SP SCHUYLKILL COUNTY,single_county_confirmed,post,42107,Schuylkill County,42107,PSP Frackville Station (Troop L),https://psp.pa.gov/troop%20directory/Pages/Troop-l.aspx,"County-named PSP ORI (FBI CDE roster: ""State Police: Schuylkill County""); footprint is the single county Schuylkill County. PA_posts.csv puts 2 transcribed PSP stations in this county (PSP Frackville Station (Troop L), ...); every PA station row lists exactly one county, so no multi-county footprint is implied."
PA055SP00,42,SP SNYDER COUNTY,single_county_confirmed,post,42109,Snyder County,42109,PSP Selinsgrove Station (Troop F),https://psp.pa.gov/troop%20directory/Pages/Troop-f.aspx,"County-named PSP ORI (FBI CDE roster: ""State Police: Snyder County""); footprint is the single county Snyder County. PA_posts.csv puts 1 transcribed PSP station in this county (PSP Selinsgrove Station (Troop F)); every PA station row lists exactly one county, so no multi-county footprint is implied."
PA056SP00,42,SP SOMERSET COUNTY,single_county_confirmed,post,42111,Somerset County,42111,PSP Somerset Station (Troop A),https://psp.pa.gov/troop%20directory/Pages/Troop-a.aspx,"County-named PSP ORI (FBI CDE roster: ""State Police: Somerset County""); footprint is the single county Somerset County. PA_posts.csv puts 2 transcribed PSP stations in this county (PSP Somerset Station (Troop A), ...); every PA station row lists exactly one county, so no multi-county footprint is implied."
PA057SP00,42,SP SULLIVAN COUNTY,single_county_confirmed,post,42113,Sullivan County,42113,PSP Laporte Station (Troop P),https://psp.pa.gov/troop%20directory/Pages/Troop-p.aspx,"County-named PSP ORI (FBI CDE roster: ""State Police: Sullivan County""); footprint is the single county Sullivan County. PA_posts.csv puts 1 transcribed PSP station in this county (PSP Laporte Station (Troop P)); every PA station row lists exactly one county, so no multi-county footprint is implied."
PA058SP00,42,SP SUSQUEHANNA COUNTY,single_county_confirmed,post,42115,Susquehanna County,42115,PSP Gibson Station (Troop R),https://psp.pa.gov/troop%20directory/Pages/Troop-r.aspx,"County-named PSP ORI (FBI CDE roster: ""State Police: Susquehanna County""); footprint is the single county Susquehanna County. PA_posts.csv puts 1 transcribed PSP station in this county (PSP Gibson Station (Troop R)); every PA station row lists exactly one county, so no multi-county footprint is implied."
PA059SP00,42,SP TIOGA COUNTY,single_county_confirmed,post,42117,Tioga County,42117,PSP Mansfield Station (Troop F),https://psp.pa.gov/troop%20directory/Pages/Troop-f.aspx,"County-named PSP ORI (FBI CDE roster: ""State Police: Tioga County""); footprint is the single county Tioga County. PA_posts.csv puts 1 transcribed PSP station in this county (PSP Mansfield Station (Troop F)); every PA station row lists exactly one county, so no multi-county footprint is implied."
PA05BCI00,42,SP BCI BEDFORD COUNTY,route_statewide,n/a,,,42009,,,"PSP Bureau of Criminal Investigation county-office ORI (Bedford); an investigative-bureau ORI rather than a patrol station. PA_posts.csv transcribes patrol stations only, so no station row applies; routed statewide per the task rule."
PA060SP00,42,SP UNION COUNTY,single_county_confirmed,post,42119,Union County,42119,,,"County-named PSP ORI (FBI CDE roster: ""State Police: Union County""); footprint is the single county Union County. No transcribed PSP station row lists this county (PA_posts.csv covers 64 of PA's 67 counties; Mifflin, Montour and Union have no station row), so the anchor is confirmed from the ORI's own county name rather than from a station row."
PA061SP00,42,SP VENANGO COUNTY,single_county_confirmed,post,42121,Venango County,42121,PSP Franklin Station (Troop E),https://psp.pa.gov/troop%20directory/Pages/Troop-e.aspx,"County-named PSP ORI (FBI CDE roster: ""State Police: Venango County""); footprint is the single county Venango County. PA_posts.csv puts 1 transcribed PSP station in this county (PSP Franklin Station (Troop E)); every PA station row lists exactly one county, so no multi-county footprint is implied."
PA062SP00,42,SP WARREN COUNTY,single_county_confirmed,post,42123,Warren County,42123,PSP Warren Station (Troop E),https://psp.pa.gov/troop%20directory/Pages/Troop-e.aspx,"County-named PSP ORI (FBI CDE roster: ""State Police: Warren County""); footprint is the single county Warren County. PA_posts.csv puts 1 transcribed PSP station in this county (PSP Warren Station (Troop E)); every PA station row lists exactly one county, so no multi-county footprint is implied."
PA063SP00,42,SP WASHINGTON COUNTY,single_county_confirmed,post,42125,Washington County,42125,PSP Washington Station (Troop B),https://psp.pa.gov/troop%20directory/Pages/Troop-b.aspx,"County-named PSP ORI (FBI CDE roster: ""State Police: Washington County""); footprint is the single county Washington County. PA_posts.csv puts 1 transcribed PSP station in this county (PSP Washington Station (Troop B)); every PA station row lists exactly one county, so no multi-county footprint is implied."
PA064SP00,42,SP WAYNE COUNTY,single_county_confirmed,post,42127,Wayne County,42127,PSP Honesdale Station (Troop R),https://psp.pa.gov/troop%20directory/Pages/Troop-r.aspx,"County-named PSP ORI (FBI CDE roster: ""State Police: Wayne County""); footprint is the single county Wayne County. PA_posts.csv puts 1 transcribed PSP station in this county (PSP Honesdale Station (Troop R)); every PA station row lists exactly one county, so no multi-county footprint is implied."
PA065SP00,42,SP WESTMORELAND COUNTY,single_county_confirmed,post,42129,Westmoreland County,42129,PSP Greensburg Station (Troop A),https://psp.pa.gov/troop%20directory/Pages/Troop-a.aspx,"County-named PSP ORI (FBI CDE roster: ""State Police: Westmoreland County""); footprint is the single county Westmoreland County. PA_posts.csv puts 4 transcribed PSP stations in this county (PSP Greensburg Station (Troop A), ...); every PA station row lists exactly one county, so no multi-county footprint is implied."
PA066SP00,42,SP WYOMING COUNTY,single_county_confirmed,post,42131,Wyoming County,42131,PSP Tunkhannock Station (Troop P),https://psp.pa.gov/troop%20directory/Pages/Troop-p.aspx,"County-named PSP ORI (FBI CDE roster: ""State Police: Wyoming County""); footprint is the single county Wyoming County. PA_posts.csv puts 1 transcribed PSP station in this county (PSP Tunkhannock Station (Troop P)); every PA station row lists exactly one county, so no multi-county footprint is implied."
PA067SP00,42,SP YORK COUNTY,single_county_confirmed,post,42133,York County,42133,PSP York Station (Troop J),https://psp.pa.gov/troop%20directory/Pages/Troop-j.aspx,"County-named PSP ORI (FBI CDE roster: ""n/a""); footprint is the single county York County. PA_posts.csv puts 1 transcribed PSP station in this county (PSP York Station (Troop J)); every PA station row lists exactly one county, so no multi-county footprint is implied."
PA06BCI00,42,SP BCI BERKS COUNTY,route_statewide,n/a,,,42011,,,"PSP Bureau of Criminal Investigation county-office ORI (Berks); an investigative-bureau ORI rather than a patrol station. PA_posts.csv transcribes patrol stations only, so no station row applies; routed statewide per the task rule."
PA07BCI00,42,SP BCI BLAIR COUNTY,route_statewide,n/a,,,42013,,,"PSP Bureau of Criminal Investigation county-office ORI (Blair); an investigative-bureau ORI rather than a patrol station. PA_posts.csv transcribes patrol stations only, so no station row applies; routed statewide per the task rule."
PA08BCI00,42,SP BCI BRADFORD COUNTY,route_statewide,n/a,,,42015,,,"PSP Bureau of Criminal Investigation county-office ORI (Bradford); an investigative-bureau ORI rather than a patrol station. PA_posts.csv transcribes patrol stations only, so no station row applies; routed statewide per the task rule."
PA09BCI00,42,SP BCI BUCKS COUNTY,route_statewide,n/a,,,42017,,,"PSP Bureau of Criminal Investigation county-office ORI (Bucks); an investigative-bureau ORI rather than a patrol station. PA_posts.csv transcribes patrol stations only, so no station row applies; routed statewide per the task rule."
PA10BCI00,42,SP BCI BUTLER COUNTY,route_statewide,n/a,,,42019,,,"PSP Bureau of Criminal Investigation county-office ORI (Butler); an investigative-bureau ORI rather than a patrol station. PA_posts.csv transcribes patrol stations only, so no station row applies; routed statewide per the task rule."
PA11BCI00,42,SP BCI CAMBRIA COUNTY,route_statewide,n/a,,,42021,,,"PSP Bureau of Criminal Investigation county-office ORI (Cambria); an investigative-bureau ORI rather than a patrol station. PA_posts.csv transcribes patrol stations only, so no station row applies; routed statewide per the task rule."
PA12BCI00,42,SP BCI CAMERON COUNTY,route_statewide,n/a,,,42023,,,"PSP Bureau of Criminal Investigation county-office ORI (Cameron); an investigative-bureau ORI rather than a patrol station. PA_posts.csv transcribes patrol stations only, so no station row applies; routed statewide per the task rule."
PA13BCI00,42,SP BCI CARBON COUNTY,route_statewide,n/a,,,42025,,,"PSP Bureau of Criminal Investigation county-office ORI (Carbon); an investigative-bureau ORI rather than a patrol station. PA_posts.csv transcribes patrol stations only, so no station row applies; routed statewide per the task rule."
PA14BCI00,42,SP BCI CENTRE COUNTY,route_statewide,n/a,,,42027,,,"PSP Bureau of Criminal Investigation county-office ORI (Centre); an investigative-bureau ORI rather than a patrol station. PA_posts.csv transcribes patrol stations only, so no station row applies; routed statewide per the task rule."
PA15BCI00,42,SP BCI CHESTER COUNTY,route_statewide,n/a,,,42029,,,"PSP Bureau of Criminal Investigation county-office ORI (Chester); an investigative-bureau ORI rather than a patrol station. PA_posts.csv transcribes patrol stations only, so no station row applies; routed statewide per the task rule."
PA16BCI00,42,SP BCI CLARION COUNTY,route_statewide,n/a,,,42031,,,"PSP Bureau of Criminal Investigation county-office ORI (Clarion); an investigative-bureau ORI rather than a patrol station. PA_posts.csv transcribes patrol stations only, so no station row applies; routed statewide per the task rule."
PA17BCI00,42,SP BCI CLEARFIELD COUNT,route_statewide,n/a,,,42033,,,"PSP Bureau of Criminal Investigation county-office ORI (Clearfield); an investigative-bureau ORI rather than a patrol station. PA_posts.csv transcribes patrol stations only, so no station row applies; routed statewide per the task rule."
PA18BCI00,42,SP BCI CLINTON COUNTY,route_statewide,n/a,,,42035,,,"PSP Bureau of Criminal Investigation county-office ORI (Clinton); an investigative-bureau ORI rather than a patrol station. PA_posts.csv transcribes patrol stations only, so no station row applies; routed statewide per the task rule."
PA19BCI00,42,SP BCI COLUMBIA COUNTY,route_statewide,n/a,,,42037,,,"PSP Bureau of Criminal Investigation county-office ORI (Columbia); an investigative-bureau ORI rather than a patrol station. PA_posts.csv transcribes patrol stations only, so no station row applies; routed statewide per the task rule."
PA20BCI00,42,SP BCI CRAWFORD COUNTY,route_statewide,n/a,,,42039,,,"PSP Bureau of Criminal Investigation county-office ORI (Crawford); an investigative-bureau ORI rather than a patrol station. PA_posts.csv transcribes patrol stations only, so no station row applies; routed statewide per the task rule."
PA21BCI00,42,SP BCI CUMBERLAND CNTY,route_statewide,n/a,,,42041,,,"PSP Bureau of Criminal Investigation county-office ORI (Cumberland); an investigative-bureau ORI rather than a patrol station. PA_posts.csv transcribes patrol stations only, so no station row applies; routed statewide per the task rule."
PA22BCI00,42,SP BCI DAUPHIN COUNTY,route_statewide,n/a,,,42043,,,"PSP Bureau of Criminal Investigation county-office ORI (Dauphin); an investigative-bureau ORI rather than a patrol station. PA_posts.csv transcribes patrol stations only, so no station row applies; routed statewide per the task rule."
PA23BCI00,42,SP BCI DELAWARE COUNTY,route_statewide,n/a,,,42045,,,"PSP Bureau of Criminal Investigation county-office ORI (Delaware); an investigative-bureau ORI rather than a patrol station. PA_posts.csv transcribes patrol stations only, so no station row applies; routed statewide per the task rule."
PA24BCI00,42,SP BCI ELK COUNTY,route_statewide,n/a,,,42047,,,"PSP Bureau of Criminal Investigation county-office ORI (Elk); an investigative-bureau ORI rather than a patrol station. PA_posts.csv transcribes patrol stations only, so no station row applies; routed statewide per the task rule."
PA25BCI00,42,SP BCI ERIE COUNTY,route_statewide,n/a,,,42049,,,"PSP Bureau of Criminal Investigation county-office ORI (Erie); an investigative-bureau ORI rather than a patrol station. PA_posts.csv transcribes patrol stations only, so no station row applies; routed statewide per the task rule."
PA26BCI00,42,SP BCI FAYETTE COUNTY,route_statewide,n/a,,,42051,,,"PSP Bureau of Criminal Investigation county-office ORI (Fayette); an investigative-bureau ORI rather than a patrol station. PA_posts.csv transcribes patrol stations only, so no station row applies; routed statewide per the task rule."
PA27BCI00,42,SP BCI FOREST COUNTY,route_statewide,n/a,,,42053,,,"PSP Bureau of Criminal Investigation county-office ORI (Forest); an investigative-bureau ORI rather than a patrol station. PA_posts.csv transcribes patrol stations only, so no station row applies; routed statewide per the task rule."
PA28BCI00,42,SP BCI FRANKLIN COUNTY,route_statewide,n/a,,,42055,,,"PSP Bureau of Criminal Investigation county-office ORI (Franklin); an investigative-bureau ORI rather than a patrol station. PA_posts.csv transcribes patrol stations only, so no station row applies; routed statewide per the task rule."
PA29BCI00,42,SP BCI FULTON COUNTY,route_statewide,n/a,,,42057,,,"PSP Bureau of Criminal Investigation county-office ORI (Fulton); an investigative-bureau ORI rather than a patrol station. PA_posts.csv transcribes patrol stations only, so no station row applies; routed statewide per the task rule."
PA30BCI00,42,SP BCI GREENE COUNTY,route_statewide,n/a,,,42059,,,"PSP Bureau of Criminal Investigation county-office ORI (Greene); an investigative-bureau ORI rather than a patrol station. PA_posts.csv transcribes patrol stations only, so no station row applies; routed statewide per the task rule."
PA31BCI00,42,SP BCI HUNTINGDON COUNT,route_statewide,n/a,,,42061,,,"PSP Bureau of Criminal Investigation county-office ORI (Huntingdon); an investigative-bureau ORI rather than a patrol station. PA_posts.csv transcribes patrol stations only, so no station row applies; routed statewide per the task rule."
PA32BCI00,42,SP BCI INDIANA COUNTY,route_statewide,n/a,,,42063,,,"PSP Bureau of Criminal Investigation county-office ORI (Indiana); an investigative-bureau ORI rather than a patrol station. PA_posts.csv transcribes patrol stations only, so no station row applies; routed statewide per the task rule."
PA33BCI00,42,SP BCI JEFFERSON COUNTY,route_statewide,n/a,,,42065,,,"PSP Bureau of Criminal Investigation county-office ORI (Jefferson); an investigative-bureau ORI rather than a patrol station. PA_posts.csv transcribes patrol stations only, so no station row applies; routed statewide per the task rule."
PA34BCI00,42,SP BCI JUNIATA COUNTY,route_statewide,n/a,,,42067,,,"PSP Bureau of Criminal Investigation county-office ORI (Juniata); an investigative-bureau ORI rather than a patrol station. PA_posts.csv transcribes patrol stations only, so no station row applies; routed statewide per the task rule."
PA35BCI00,42,SP BCI LACKAWANNA CNTY,route_statewide,n/a,,,42069,,,"PSP Bureau of Criminal Investigation county-office ORI (Lackawanna); an investigative-bureau ORI rather than a patrol station. PA_posts.csv transcribes patrol stations only, so no station row applies; routed statewide per the task rule."
PA36BCI00,42,SP BCI LANCASTER COUNTY,route_statewide,n/a,,,42071,,,"PSP Bureau of Criminal Investigation county-office ORI (Lancaster); an investigative-bureau ORI rather than a patrol station. PA_posts.csv transcribes patrol stations only, so no station row applies; routed statewide per the task rule."
PA37BCI00,42,SP BCI LAWRENCE COUNTY,route_statewide,n/a,,,42073,,,"PSP Bureau of Criminal Investigation county-office ORI (Lawrence); an investigative-bureau ORI rather than a patrol station. PA_posts.csv transcribes patrol stations only, so no station row applies; routed statewide per the task rule."
PA38BCI00,42,SP BCI LEBANON COUNTY,route_statewide,n/a,,,42075,,,"PSP Bureau of Criminal Investigation county-office ORI (Lebanon); an investigative-bureau ORI rather than a patrol station. PA_posts.csv transcribes patrol stations only, so no station row applies; routed statewide per the task rule."
PA39BCI00,42,SP BCI LEHIGH COUNTY,route_statewide,n/a,,,42077,,,"PSP Bureau of Criminal Investigation county-office ORI (Lehigh); an investigative-bureau ORI rather than a patrol station. PA_posts.csv transcribes patrol stations only, so no station row applies; routed statewide per the task rule."
PA40BCI00,42,SP BCI LUZERNE COUNTY,route_statewide,n/a,,,42079,,,"PSP Bureau of Criminal Investigation county-office ORI (Luzerne); an investigative-bureau ORI rather than a patrol station. PA_posts.csv transcribes patrol stations only, so no station row applies; routed statewide per the task rule."
PA41BCI00,42,SP BCI LYCOMING COUNTY,route_statewide,n/a,,,42081,,,"PSP Bureau of Criminal Investigation county-office ORI (Lycoming); an investigative-bureau ORI rather than a patrol station. PA_posts.csv transcribes patrol stations only, so no station row applies; routed statewide per the task rule."
PA42BCI00,42,SP BCI MCKEAN COUNTY,route_statewide,n/a,,,42083,,,"PSP Bureau of Criminal Investigation county-office ORI (Mckean); an investigative-bureau ORI rather than a patrol station. PA_posts.csv transcribes patrol stations only, so no station row applies; routed statewide per the task rule."
PA43BCI00,42,SP BCI MERCER COUNTY,route_statewide,n/a,,,42085,,,"PSP Bureau of Criminal Investigation county-office ORI (Mercer); an investigative-bureau ORI rather than a patrol station. PA_posts.csv transcribes patrol stations only, so no station row applies; routed statewide per the task rule."
PA44BCI00,42,SP BCI MIFFLIN COUNTY,route_statewide,n/a,,,42087,,,"PSP Bureau of Criminal Investigation county-office ORI (Mifflin); an investigative-bureau ORI rather than a patrol station. PA_posts.csv transcribes patrol stations only, so no station row applies; routed statewide per the task rule."
PA45BCI00,42,SP BCI MONROE COUNTY,route_statewide,n/a,,,42089,,,"PSP Bureau of Criminal Investigation county-office ORI (Monroe); an investigative-bureau ORI rather than a patrol station. PA_posts.csv transcribes patrol stations only, so no station row applies; routed statewide per the task rule."
PA46BCI00,42,SP BCI MONTGOMERY CNTY,route_statewide,n/a,,,42091,,,"PSP Bureau of Criminal Investigation county-office ORI (Montgomery); an investigative-bureau ORI rather than a patrol station. PA_posts.csv transcribes patrol stations only, so no station row applies; routed statewide per the task rule."
PA47BCI00,42,SP BCI MONTOUR COUNTY,route_statewide,n/a,,,42093,,,"PSP Bureau of Criminal Investigation county-office ORI (Montour); an investigative-bureau ORI rather than a patrol station. PA_posts.csv transcribes patrol stations only, so no station row applies; routed statewide per the task rule."
PA48BCI00,42,SP BCI NORTHAMPTON CNTY,route_statewide,n/a,,,42095,,,"PSP Bureau of Criminal Investigation county-office ORI (Northampton); an investigative-bureau ORI rather than a patrol station. PA_posts.csv transcribes patrol stations only, so no station row applies; routed statewide per the task rule."
PA49BCI00,42,SP BCI NORTHUMBERLAND C,route_statewide,n/a,,,42097,,,"PSP Bureau of Criminal Investigation county-office ORI (Northumberland); an investigative-bureau ORI rather than a patrol station. PA_posts.csv transcribes patrol stations only, so no station row applies; routed statewide per the task rule."
PA50BCI00,42,SP BCI PERRY COUNTY,route_statewide,n/a,,,42099,,,"PSP Bureau of Criminal Investigation county-office ORI (Perry); an investigative-bureau ORI rather than a patrol station. PA_posts.csv transcribes patrol stations only, so no station row applies; routed statewide per the task rule."
PA51BCI00,42,SP BCI PHILADELPHIA CTY,route_statewide,n/a,,,42101,,,"PSP Bureau of Criminal Investigation county-office ORI (Philadelphia); an investigative-bureau ORI rather than a patrol station. PA_posts.csv transcribes patrol stations only, so no station row applies; routed statewide per the task rule."
PA52BCI00,42,SP BCI PIKE COUNTY,route_statewide,n/a,,,42103,,,"PSP Bureau of Criminal Investigation county-office ORI (Pike); an investigative-bureau ORI rather than a patrol station. PA_posts.csv transcribes patrol stations only, so no station row applies; routed statewide per the task rule."
PA53BCI00,42,SP BCI POTTER COUNTY,route_statewide,n/a,,,42105,,,"PSP Bureau of Criminal Investigation county-office ORI (Potter); an investigative-bureau ORI rather than a patrol station. PA_posts.csv transcribes patrol stations only, so no station row applies; routed statewide per the task rule."
PA54BCI00,42,SP BCI SCHUYLKILL CNTY,route_statewide,n/a,,,42107,,,"PSP Bureau of Criminal Investigation county-office ORI (Schuylkill); an investigative-bureau ORI rather than a patrol station. PA_posts.csv transcribes patrol stations only, so no station row applies; routed statewide per the task rule."
PA55BCI00,42,SP BCI SNYDER COUNTY,route_statewide,n/a,,,42109,,,"PSP Bureau of Criminal Investigation county-office ORI (Snyder); an investigative-bureau ORI rather than a patrol station. PA_posts.csv transcribes patrol stations only, so no station row applies; routed statewide per the task rule."
PA56BCI00,42,SP BCI SOMERSET COUNTY,route_statewide,n/a,,,42111,,,"PSP Bureau of Criminal Investigation county-office ORI (Somerset); an investigative-bureau ORI rather than a patrol station. PA_posts.csv transcribes patrol stations only, so no station row applies; routed statewide per the task rule."
PA57BCI00,42,SP BCI SULLIVAN COUNTY,route_statewide,n/a,,,42113,,,"PSP Bureau of Criminal Investigation county-office ORI (Sullivan); an investigative-bureau ORI rather than a patrol station. PA_posts.csv transcribes patrol stations only, so no station row applies; routed statewide per the task rule."
PA58BCI00,42,SP BCI SUSQUEHANNA CNTY,route_statewide,n/a,,,42115,,,"PSP Bureau of Criminal Investigation county-office ORI (Susquehanna); an investigative-bureau ORI rather than a patrol station. PA_posts.csv transcribes patrol stations only, so no station row applies; routed statewide per the task rule."
PA59BCI00,42,SP BCI TIOGA COUNTY,route_statewide,n/a,,,42117,,,"PSP Bureau of Criminal Investigation county-office ORI (Tioga); an investigative-bureau ORI rather than a patrol station. PA_posts.csv transcribes patrol stations only, so no station row applies; routed statewide per the task rule."
PA60BCI00,42,SP BCI UNION COUNTY,route_statewide,n/a,,,42119,,,"PSP Bureau of Criminal Investigation county-office ORI (Union); an investigative-bureau ORI rather than a patrol station. PA_posts.csv transcribes patrol stations only, so no station row applies; routed statewide per the task rule."
PA61BCI00,42,SP BCI VENANGO COUNTY,route_statewide,n/a,,,42121,,,"PSP Bureau of Criminal Investigation county-office ORI (Venango); an investigative-bureau ORI rather than a patrol station. PA_posts.csv transcribes patrol stations only, so no station row applies; routed statewide per the task rule."
PA62BCI00,42,SP BCI WARREN COUNTY,route_statewide,n/a,,,42123,,,"PSP Bureau of Criminal Investigation county-office ORI (Warren); an investigative-bureau ORI rather than a patrol station. PA_posts.csv transcribes patrol stations only, so no station row applies; routed statewide per the task rule."
PA63BCI00,42,SP BCI WASHINGTON CNTY,route_statewide,n/a,,,42125,,,"PSP Bureau of Criminal Investigation county-office ORI (Washington); an investigative-bureau ORI rather than a patrol station. PA_posts.csv transcribes patrol stations only, so no station row applies; routed statewide per the task rule."
PA64BCI00,42,SP BCI WAYNE COUNTY,route_statewide,n/a,,,42127,,,"PSP Bureau of Criminal Investigation county-office ORI (Wayne); an investigative-bureau ORI rather than a patrol station. PA_posts.csv transcribes patrol stations only, so no station row applies; routed statewide per the task rule."
PA65BCI00,42,SP BCI WESTMORELAND CTY,route_statewide,n/a,,,42129,,,"PSP Bureau of Criminal Investigation county-office ORI (Westmoreland); an investigative-bureau ORI rather than a patrol station. PA_posts.csv transcribes patrol stations only, so no station row applies; routed statewide per the task rule."
PA66BCI00,42,SP BCI WYOMING COUNTY,route_statewide,n/a,,,42131,,,"PSP Bureau of Criminal Investigation county-office ORI (Wyoming); an investigative-bureau ORI rather than a patrol station. PA_posts.csv transcribes patrol stations only, so no station row applies; routed statewide per the task rule."
PA67BCI00,42,SP BCI YORK COUNTY,route_statewide,n/a,,,42133,,,"PSP Bureau of Criminal Investigation county-office ORI (York); an investigative-bureau ORI rather than a patrol station. PA_posts.csv transcribes patrol stations only, so no station row applies; routed statewide per the task rule."
PAPSP9400,42,YORK,single_county_confirmed,post,42133,York County,42133,PSP York Station (Troop J),https://psp.pa.gov/troop%20directory/Pages/Troop-j.aspx,"County-named PSP ORI (FBI CDE roster: ""State Police: York County""); footprint is the single county York County. PA_posts.csv puts 1 transcribed PSP station in this county (PSP York Station (Troop J)); every PA station row lists exactly one county, so no multi-county footprint is implied. NOTE: PAPSP9400 and PA067SP00 are two ORIs both named ""State Police: York County"" in the roster, both anchored to 42133 and both carrying 327 est_total_2024 - a possible duplicate worth checking."
RIRSP0000,44,RI STATE POLICE HDQRTS,route_statewide,n/a,,,44007,,,"Rhode Island State Police Headquarters (FBI CDE roster name) is the agency-level/administrative ORI. RI_posts.csv shows HQ shares the Scituate site, but the Scituate barracks itself already has its own ORI (RIRSP0200), so this ORI is routed statewide rather than given the Scituate footprint. JUDGEMENT CALL - 89 mass sits on this ORI, so a supervisor should confirm statewide routing."
RIRSP0200,44,SP CHEPACHET SCITUATE,single_county_confirmed,post,44007,Providence County,44007,Scituate Barracks (SPS) / Headquarters,https://risp.ri.gov/media/641/download?language=en,"Matched ORI town 'Chepachet Scituate' to Scituate Barracks (SPS) / Headquarters; GO-60A full-town jurisdiction for this barracks maps to 1 county per RI_posts.csv. Road-segment-only assignments in other counties are excluded by the transcription. RI_posts.csv notes that Chepachet is a village in the Town of Glocester, which is inside Scituate Barracks' GO-60A jurisdiction; the FBI CDE roster names this ORI ""State Police: Scituate""."
RIRSP0300,44,SP HOPE VALLEY,post_multi_county_footprint,post,44003;44009,Kent County;Washington County,44009,Hope Valley Barracks (SPHV),https://risp.ri.gov/media/641/download?language=en,Matched ORI town 'Hope Valley' to Hope Valley Barracks (SPHV); GO-60A full-town jurisdiction for this barracks maps to 2 counties per RI_posts.csv. Road-segment-only assignments in other counties are excluded by the transcription.
RIRSP0500,44,SP LINCOLN,single_county_confirmed,post,44007,Providence County,44007,Lincoln Woods Barracks (SPLW),https://risp.ri.gov/media/641/download?language=en,Matched ORI town 'Lincoln' to Lincoln Woods Barracks (SPLW); GO-60A full-town jurisdiction for this barracks maps to 1 county per RI_posts.csv. Road-segment-only assignments in other counties are excluded by the transcription.
RIRSP0600,44,SP PORTSMOUTH,post_multi_county_footprint,post,44001;44005,Bristol County;Newport County,44005,Portsmouth Barracks (SPP),https://risp.ri.gov/media/641/download?language=en,Matched ORI town 'Portsmouth' to Portsmouth Barracks (SPP); GO-60A full-town jurisdiction for this barracks maps to 2 counties per RI_posts.csv. Road-segment-only assignments in other counties are excluded by the transcription.
RIRSP0900,44,SP WICKFORD,post_multi_county_footprint,post,44003;44009,Kent County;Washington County,44009,Wickford Barracks (SPW),https://risp.ri.gov/media/641/download?language=en,Matched ORI town 'Wickford' to Wickford Barracks (SPW); GO-60A full-town jurisdiction for this barracks maps to 2 counties per RI_posts.csv. Road-segment-only assignments in other counties are excluded by the transcription.
VTVSP0000,50,VERMONT STATE POLICE,route_statewide,n/a,,,50023,,,"VSP agency-level ORI (""VERMONT STATE POLICE""), not a barracks."
VTVSP0100,50,SP WILLISTON,post_multi_county_footprint,post,50007;50015,Chittenden County;Lamoille County,50007,Williston Barracks,https://vsp.vermont.gov/stations,"Matched ORI town 'Williston' to Williston Barracks; the barracks' official ""Station Areas by Town"" jurisdiction maps to 2 counties per VT_posts.csv."
VTVSP0200,50,SP ST JOHNSBURY,post_multi_county_footprint,post,50005;50009;50017,Caledonia County;Essex County;Orange County,50005,St. Johnsbury Barracks,https://vsp.vermont.gov/stations,"Matched ORI town 'St Johnsbury' to St. Johnsbury Barracks; the barracks' official ""Station Areas by Town"" jurisdiction maps to 3 counties per VT_posts.csv."
VTVSP0300,50,SP RUTLAND,post_multi_county_footprint,post,50021;50027,Rutland County;Windsor County,50021,Rutland Barracks,https://vsp.vermont.gov/stations,"Matched ORI town 'Rutland' to Rutland Barracks; the barracks' official ""Station Areas by Town"" jurisdiction maps to 2 counties per VT_posts.csv."
VTVSP0500,50,VT STATE POLICE HDQ BCI,route_statewide,n/a,,,50023,,,"VSP Headquarters Bureau of Criminal Investigations (FBI CDE roster name) is a statewide investigative unit, not a barracks."
VTVSP0600,50,SP NEW HAVEN,single_county_confirmed,post,50001,Addison County,50001,New Haven Barracks,https://vsp.vermont.gov/stations,"Matched ORI town 'New Haven' to New Haven Barracks; the barracks' official ""Station Areas by Town"" jurisdiction maps to 1 counties per VT_posts.csv."
VTVSP0700,50,SP ST ALBANS,post_multi_county_footprint,post,50011;50013,Franklin County;Grand Isle County,50011,St. Albans Barracks,https://vsp.vermont.gov/stations,"Matched ORI town 'St Albans' to St. Albans Barracks; the barracks' official ""Station Areas by Town"" jurisdiction maps to 2 counties per VT_posts.csv."
VTVSP0800,50,SP DERBY,post_multi_county_footprint,post,50009;50019,Essex County;Orleans County,50019,Derby Barracks,https://vsp.vermont.gov/stations,"Matched ORI town 'Derby' to Derby Barracks; the barracks' official ""Station Areas by Town"" jurisdiction maps to 2 counties per VT_posts.csv."
VTVSP0900,50,SP SHAFTSBURY,post_multi_county_footprint,post,50003;50025,Bennington County;Windham County,50003,Shaftsbury Barracks,https://vsp.vermont.gov/stations,"Matched ORI town 'Shaftsbury' to Shaftsbury Barracks; the barracks' official ""Station Areas by Town"" jurisdiction maps to 2 counties per VT_posts.csv."
VTVSP1100,50,SP ROYALTON,post_multi_county_footprint,post,50001;50017;50027,Addison County;Orange County;Windsor County,50027,Royalton Barracks,https://vsp.vermont.gov/stations,"Matched ORI town 'Royalton' to Royalton Barracks; the barracks' official ""Station Areas by Town"" jurisdiction maps to 3 counties per VT_posts.csv."
VTVSP1200,50,SP MIDDLESEX,post_multi_county_footprint,post,50017;50023,Orange County;Washington County,50023,Berlin Barracks,https://vsp.vermont.gov/stations,"SP MIDDLESEX is the Berlin Barracks: the FBI CDE roster names this ORI ""State Police: Berlin"", and Berlin was the one VT_posts.csv barracks left unmatched after the other nine ORIs matched their barracks by name (residual 1:1). Berlin Barracks covers Orange;Washington and the current anchor (50023 Washington County) is inside that list. JUDGEMENT CALL - worth a supervisor check."
VTVSP1600,50,SP WESTMINSTER,post_multi_county_footprint,post,50025;50027,Windham County;Windsor County,50025,Westminster Barracks,https://vsp.vermont.gov/stations,"Matched ORI town 'Westminster' to Westminster Barracks; the barracks' official ""Station Areas by Town"" jurisdiction maps to 2 counties per VT_posts.csv."
VA001SP00,51,SP ACCOMACK COUNTY,single_county_confirmed,post,51001,Accomack County,51001,VSP Area 31 Office (Division Five),https://vsp.virginia.gov/sections-units-bureaus/office-locations/division-five-chesapeake/,"County-named VSP ORI (""State Police: Accomack County""); footprint is the single county Accomack County. VA_posts.csv corroborates via VSP Area 31 Office (Division Five)."
VA002SP00,51,SP ALBEMARLE COUNTY,single_county_confirmed,post,51003,Albemarle County,51003,VSP Area 18 Office (Division Three),https://vsp.virginia.gov/sections-units-bureaus/office-locations/division-three-appomattox/,"County-named VSP ORI (""State Police: Albemarle County""); footprint is the single county Albemarle County. VA_posts.csv corroborates via VSP Area 18 Office (Division Three)."
VA003SP00,51,SP ALLEGHANY COUNTY,single_county_confirmed,post,51005,Alleghany County,51005,VSP Area 38 Office (Division Six),https://vsp.virginia.gov/sections-units-bureaus/office-locations/division-six-salem-roanoke/,"County-named VSP ORI (""State Police: Alleghany County""); footprint is the single county Alleghany County. VA_posts.csv corroborates via VSP Area 38 Office (Division Six)."
VA004SP00,51,SP AMELIA COUNTY,single_county_confirmed,post,51007,Amelia County,51007,VSP Area 6 Office (Division One),https://vsp.virginia.gov/sections-units-bureaus/office-locations/division-one-richmond/,"County-named VSP ORI (""State Police: Amelia County""); footprint is the single county Amelia County. VA_posts.csv corroborates via VSP Area 6 Office (Division One)."
VA005SP00,51,SP AMHERST COUNTY,single_county_confirmed,post,51009,Amherst County,51009,VSP Area 20 Office (Division Three),https://vsp.virginia.gov/sections-units-bureaus/office-locations/division-three-appomattox/,"County-named VSP ORI (""State Police: Amherst County""); footprint is the single county Amherst County. VA_posts.csv corroborates via VSP Area 20 Office (Division Three). NOTE: VSP Area 20 Office (Division Three) also carries Amherst as its label town; the ORI is read as the county unit, not the area office, per the VA conservatism rule."
VA006SP00,51,SP APPOMATTOX COUNTY,single_county_confirmed,post,51011,Appomattox County,51011,VSP Area 21 Office (Division Three),https://vsp.virginia.gov/sections-units-bureaus/office-locations/division-three-appomattox/,"County-named VSP ORI (""State Police: Appomattox County""); footprint is the single county Appomattox County. VA_posts.csv corroborates via VSP Area 21 Office (Division Three). NOTE: VSP Area 21 Office (Division Three) also carries Appomattox as its label town; the ORI is read as the county unit, not the area office, per the VA conservatism rule."
VA007SP00,51,SP ARLINGTON COUNTY,single_county_confirmed,post,51013,Arlington County,51013,VSP Area 45 Office (Division Seven),https://vsp.virginia.gov/sections-units-bureaus/office-locations/division-seven-fairfax/,"County-named VSP ORI (""State Police: Arlington County""); footprint is the single county Arlington County. VA_posts.csv corroborates via VSP Area 45 Office (Division Seven). NOTE: VSP Area 45 Office (Division Seven) also carries Arlington as its label town; the ORI is read as the county unit, not the area office, per the VA conservatism rule."
VA008SP00,51,SP AUGUSTA COUNTY,single_county_confirmed,post,51015,Augusta County,51015,VSP Area 17 Office (Division Three),https://vsp.virginia.gov/sections-units-bureaus/office-locations/division-three-appomattox/,"County-named VSP ORI (""State Police: Augusta County""); footprint is the single county Augusta County. VA_posts.csv corroborates via VSP Area 17 Office (Division Three)."
VA009SP00,51,SP BATH COUNTY,single_county_confirmed,post,51017,Bath County,51017,VSP Area 38 Office (Division Six),https://vsp.virginia.gov/sections-units-bureaus/office-locations/division-six-salem-roanoke/,"County-named VSP ORI (""State Police: Bath County""); footprint is the single county Bath County. VA_posts.csv corroborates via VSP Area 38 Office (Division Six)."
VA010SP00,51,SP BEDFORD COUNTY,single_county_confirmed,post,51019,Bedford County,51019,VSP Area 41 Office (Division Six),https://vsp.virginia.gov/sections-units-bureaus/office-locations/division-six-salem-roanoke/,"County-named VSP ORI (""State Police: Bedford County""); footprint is the single county Bedford County. VA_posts.csv corroborates via VSP Area 41 Office (Division Six). NOTE: VSP Area 41 Office (Division Six) also carries Bedford as its label town; the ORI is read as the county unit, not the area office, per the VA conservatism rule."
VA011SP00,51,SP BLAND COUNTY,single_county_confirmed,post,51021,Bland County,51021,VSP Area 26 Office (Division Four),https://vsp.virginia.gov/sections-units-bureaus/office-locations/division-four-wytheville/,"County-named VSP ORI (""State Police: Bland County""); footprint is the single county Bland County. VA_posts.csv corroborates via VSP Area 26 Office (Division Four)."
VA012SP00,51,SP BOTETOURT COUNTY,single_county_confirmed,post,51023,Botetourt County,51023,VSP Area 39 Office (Division Six),https://vsp.virginia.gov/sections-units-bureaus/office-locations/division-six-salem-roanoke/,"County-named VSP ORI (""State Police: Botetourt County""); footprint is the single county Botetourt County. VA_posts.csv corroborates via VSP Area 39 Office (Division Six)."
VA013SP00,51,SP BRUNSWICK COUNTY,single_county_confirmed,post,51025,Brunswick County,51025,VSP Area 22 Office (Division Three),https://vsp.virginia.gov/sections-units-bureaus/office-locations/division-three-appomattox/,"County-named VSP ORI (""State Police: Brunswick County""); footprint is the single county Brunswick County. VA_posts.csv corroborates via VSP Area 22 Office (Division Three)."
VA014SP00,51,SP BUCHANAN COUNTY,single_county_confirmed,post,51027,Buchanan County,51027,VSP Area 29 Office (Division Four),https://vsp.virginia.gov/sections-units-bureaus/office-locations/division-four-wytheville/,"County-named VSP ORI (""State Police: Buchanan County""); footprint is the single county Buchanan County. VA_posts.csv corroborates via VSP Area 29 Office (Division Four)."
VA015SP00,51,SP BUCKINGHAM COUNTY,single_county_confirmed,post,51029,Buckingham County,51029,VSP Area 19 Office (Division Three),https://vsp.virginia.gov/sections-units-bureaus/office-locations/division-three-appomattox/,"County-named VSP ORI (""State Police: Buckingham County""); footprint is the single county Buckingham County. VA_posts.csv corroborates via VSP Area 19 Office (Division Three). NOTE: VSP Area 19 Office (Division Three) also carries Buckingham as its label town; the ORI is read as the county unit, not the area office, per the VA conservatism rule."
VA016SP00,51,SP CAMPBELL COUNTY,single_county_confirmed,post,51031,Campbell County,51031,VSP Area 20 Office (Division Three),https://vsp.virginia.gov/sections-units-bureaus/office-locations/division-three-appomattox/,"County-named VSP ORI (""State Police: Campbell County""); footprint is the single county Campbell County. VA_posts.csv corroborates via VSP Area 20 Office (Division Three)."
VA017SP00,51,SP CAROLINE COUNTY,single_county_confirmed,post,51033,Caroline County,51033,VSP Area 44 Office (Division One),https://vsp.virginia.gov/sections-units-bureaus/office-locations/division-one-richmond/,"County-named VSP ORI (""State Police: Caroline County""); footprint is the single county Caroline County. VA_posts.csv corroborates via VSP Area 44 Office (Division One)."
VA018SP00,51,SP CARROLL COUNTY,single_county_confirmed,post,51035,Carroll County,51035,VSP Area 25 Office (Division Four),https://vsp.virginia.gov/sections-units-bureaus/office-locations/division-four-wytheville/,"County-named VSP ORI (""State Police: Carroll County""); footprint is the single county Carroll County. VA_posts.csv corroborates via VSP Area 25 Office (Division Four)."
VA019SP00,51,SP CHARLES CITY COUNTY,single_county_confirmed,post,51036,Charles City County,51036,VSP Area 3 Office (Division One),https://vsp.virginia.gov/sections-units-bureaus/office-locations/division-one-richmond/,"County-named VSP ORI (""State Police: Charles City County""); footprint is the single county Charles City County. VA_posts.csv corroborates via VSP Area 3 Office (Division One)."
VA020SP00,51,SP CHARLOTTE COUNTY,single_county_confirmed,post,51037,Charlotte County,51037,VSP Area 23 Office (Division Three),https://vsp.virginia.gov/sections-units-bureaus/office-locations/division-three-appomattox/,"County-named VSP ORI (""State Police: Charlotte County""); footprint is the single county Charlotte County. VA_posts.csv corroborates via VSP Area 23 Office (Division Three)."
VA021SP00,51,SP CHESTERFIELD COUNTY,single_county_confirmed,post,51041,Chesterfield County,51041,VSP Area 6 Office (Division One),https://vsp.virginia.gov/sections-units-bureaus/office-locations/division-one-richmond/,"County-named VSP ORI (""State Police: Chesterfield County""); footprint is the single county Chesterfield County. VA_posts.csv corroborates via VSP Area 6 Office (Division One)."
VA022SP00,51,SP CLARKE COUNTY,single_county_confirmed,post,51043,Clarke County,51043,VSP Area 13 Office (Division Two),https://vsp.virginia.gov/sections-units-bureaus/office-locations/division-two-culpeper/,"County-named VSP ORI (""State Police: Clarke County""); footprint is the single county Clarke County. VA_posts.csv corroborates via VSP Area 13 Office (Division Two)."
VA023SP00,51,SP CRAIG COUNTY,single_county_confirmed,post,51045,Craig County,51045,VSP Area 40 Office (Division Six),https://vsp.virginia.gov/sections-units-bureaus/office-locations/division-six-salem-roanoke/,"County-named VSP ORI (""State Police: Craig County""); footprint is the single county Craig County. VA_posts.csv corroborates via VSP Area 40 Office (Division Six)."
VA024SP00,51,SP CULPEPER COUNTY,single_county_confirmed,post,51047,Culpeper County,51047,VSP Area 15 Office (Division Two),https://vsp.virginia.gov/sections-units-bureaus/office-locations/division-two-culpeper/,"County-named VSP ORI (""State Police: Culpeper County""); footprint is the single county Culpeper County. VA_posts.csv corroborates via VSP Area 15 Office (Division Two). NOTE: VSP Area 15 Office (Division Two) also carries Culpeper as its label town; the ORI is read as the county unit, not the area office, per the VA conservatism rule."
VA025SP00,51,SP CUMBERLAND COUNTY,single_county_confirmed,post,51049,Cumberland County,51049,VSP Area 19 Office (Division Three),https://vsp.virginia.gov/sections-units-bureaus/office-locations/division-three-appomattox/,"County-named VSP ORI (""State Police: Cumberland County""); footprint is the single county Cumberland County. VA_posts.csv corroborates via VSP Area 19 Office (Division Three)."
VA026SP00,51,SP DICKENSON COUNTY,single_county_confirmed,post,51051,Dickenson County,51051,VSP Area 29 Office (Division Four),https://vsp.virginia.gov/sections-units-bureaus/office-locations/division-four-wytheville/,"County-named VSP ORI (""State Police: Dickenson County""); footprint is the single county Dickenson County. VA_posts.csv corroborates via VSP Area 29 Office (Division Four)."
VA027SP00,51,SP DINWIDDIE COUNTY,single_county_confirmed,post,51053,Dinwiddie County,51053,VSP Area 7 Office (Division One),https://vsp.virginia.gov/sections-units-bureaus/office-locations/division-one-richmond/,"County-named VSP ORI (""State Police: Dinwiddie County""); footprint is the single county Dinwiddie County. VA_posts.csv corroborates via VSP Area 7 Office (Division One)."
VA028SP00,51,SP ESSEX COUNTY,single_county_confirmed,post,51057,Essex County,51057,VSP Area 2 Office (Division One),https://vsp.virginia.gov/sections-units-bureaus/office-locations/division-one-richmond/,"County-named VSP ORI (""State Police: Essex County""); footprint is the single county Essex County. VA_posts.csv corroborates via VSP Area 2 Office (Division One)."
VA029SP00,51,SP FAIRFAX COUNTY,single_county_confirmed,post,51059,Fairfax County,51059,VSP Area 9 Office (Division Seven),https://vsp.virginia.gov/sections-units-bureaus/office-locations/division-seven-fairfax/,"County-named VSP ORI (""State Police: Fairfax County""); footprint is the single county Fairfax County. VA_posts.csv corroborates via VSP Area 9 Office (Division Seven) (+3 other area-office row(s)). NOTE: VSP Area 9 Office (Division Seven) also carries Fairfax as its label town; the ORI is read as the county unit, not the area office, per the VA conservatism rule."
VA030SP00,51,SP FAUQUIER COUNTY,single_county_confirmed,post,51061,Fauquier County,51061,VSP Area 12 Office (Division Two),https://vsp.virginia.gov/sections-units-bureaus/office-locations/division-two-culpeper/,"County-named VSP ORI (""State Police: Fauquier County""); footprint is the single county Fauquier County. VA_posts.csv corroborates via VSP Area 12 Office (Division Two)."
VA031SP00,51,SP FLOYD COUNTY,single_county_confirmed,post,51063,Floyd County,51063,VSP Area 49 Office (Division Six),https://vsp.virginia.gov/sections-units-bureaus/office-locations/division-six-salem-roanoke/,"County-named VSP ORI (""State Police: Floyd County""); footprint is the single county Floyd County. VA_posts.csv corroborates via VSP Area 49 Office (Division Six)."
VA032SP00,51,SP FLUVANNA COUNTY,single_county_confirmed,post,51065,Fluvanna County,51065,VSP Area 19 Office (Division Three),https://vsp.virginia.gov/sections-units-bureaus/office-locations/division-three-appomattox/,"County-named VSP ORI (""State Police: Fluvanna County""); footprint is the single county Fluvanna County. VA_posts.csv corroborates via VSP Area 19 Office (Division Three)."
VA033SP00,51,SP FRANKLIN COUNTY,single_county_confirmed,post,51067,Franklin County,51067,VSP Area 41 Office (Division Six),https://vsp.virginia.gov/sections-units-bureaus/office-locations/division-six-salem-roanoke/,"County-named VSP ORI (""State Police: Franklin County""); footprint is the single county Franklin County. VA_posts.csv corroborates via VSP Area 41 Office (Division Six). NOTE: VSP Area 34 Office (Division Five) also carries Franklin as its label town; the ORI is read as the county unit, not the area office, per the VA conservatism rule."
VA034SP00,51,SP FREDERICK COUNTY,single_county_confirmed,post,51069,Frederick County,51069,VSP Area 13 Office (Division Two),https://vsp.virginia.gov/sections-units-bureaus/office-locations/division-two-culpeper/,"County-named VSP ORI (""State Police: Frederick County""); footprint is the single county Frederick County. VA_posts.csv corroborates via VSP Area 13 Office (Division Two)."
VA035SP00,51,SP GILES COUNTY,single_county_confirmed,post,51071,Giles County,51071,VSP Area 24 Office (Division Four),https://vsp.virginia.gov/sections-units-bureaus/office-locations/division-four-wytheville/,"County-named VSP ORI (""State Police: Giles County""); footprint is the single county Giles County. VA_posts.csv corroborates via VSP Area 24 Office (Division Four)."
VA036SP00,51,SP GLOUCESTER COUNTY,single_county_confirmed,post,51073,Gloucester County,51073,VSP Area 33 Office (Division Five),https://vsp.virginia.gov/sections-units-bureaus/office-locations/division-five-chesapeake/,"County-named VSP ORI (""State Police: Gloucester County""); footprint is the single county Gloucester County. VA_posts.csv corroborates via VSP Area 33 Office (Division Five). NOTE: VSP Area 33 Office (Division Five) also carries Gloucester as its label town; the ORI is read as the county unit, not the area office, per the VA conservatism rule."
VA037SP00,51,SP GOOCHLAND COUNTY,single_county_confirmed,post,51075,Goochland County,51075,VSP Area 4 Office (Division One),https://vsp.virginia.gov/sections-units-bureaus/office-locations/division-one-richmond/,"County-named VSP ORI (""State Police: Goochland County""); footprint is the single county Goochland County. VA_posts.csv corroborates via VSP Area 4 Office (Division One)."
VA038SP00,51,SP GRAYSON COUNTY,single_county_confirmed,post,51077,Grayson County,51077,VSP Area 25 Office (Division Four),https://vsp.virginia.gov/sections-units-bureaus/office-locations/division-four-wytheville/,"County-named VSP ORI (""State Police: Grayson County""); footprint is the single county Grayson County. VA_posts.csv corroborates via VSP Area 25 Office (Division Four)."
VA039SP00,51,SP GREENE COUNTY,single_county_confirmed,post,51079,Greene County,51079,VSP Area 18 Office (Division Three),https://vsp.virginia.gov/sections-units-bureaus/office-locations/division-three-appomattox/,"County-named VSP ORI (""State Police: Greene County""); footprint is the single county Greene County. VA_posts.csv corroborates via VSP Area 18 Office (Division Three)."
VA040S100,51,SP EMPORIA,single_county_confirmed,post,51595,Emporia city,51595,VSP Area 35 Office (Division Five),https://vsp.virginia.gov/sections-units-bureaus/office-locations/division-five-chesapeake/,"VA independent city ORI (""State Police: Emporia""). Emporia city is a county-equivalent in county_names_2020 (51595) and the current anchor equals it, so per the VA rule this is a single-county confirmation, not a multi-county post footprint. VSP Area 35 Office (Division Five) carries Emporia as its label town but its counties_served (Greensville;Sussex;Surry) does not include the city itself, so the ORI is ambiguous between ""the independent city of Emporia"" and ""the VSP area office at Emporia""; the conservative reading (independent city, anchor already correct) is taken per the VA rule."
VA040SP00,51,SP GREENSVILLE COUNTY,single_county_confirmed,post,51081,Greensville County,51081,VSP Area 35 Office (Division Five),https://vsp.virginia.gov/sections-units-bureaus/office-locations/division-five-chesapeake/,"County-named VSP ORI (""State Police: Greensville County""); footprint is the single county Greensville County. VA_posts.csv corroborates via VSP Area 35 Office (Division Five)."
VA041SP00,51,SP HALIFAX COUNTY,single_county_confirmed,post,51083,Halifax County,51083,VSP Area 23 Office (Division Three),https://vsp.virginia.gov/sections-units-bureaus/office-locations/division-three-appomattox/,"County-named VSP ORI (""State Police: Halifax County""); footprint is the single county Halifax County. VA_posts.csv corroborates via VSP Area 23 Office (Division Three)."
VA042SP00,51,SP HANOVER COUNTY,single_county_confirmed,post,51085,Hanover County,51085,VSP Area 1 Office (Division One),https://vsp.virginia.gov/sections-units-bureaus/office-locations/division-one-richmond/,"County-named VSP ORI (""State Police: Hanover County""); footprint is the single county Hanover County. VA_posts.csv corroborates via VSP Area 1 Office (Division One)."
VA043SP00,51,SP HENRICO COUNTY,single_county_confirmed,post,51087,Henrico County,51087,VSP Area 1 Office (Division One),https://vsp.virginia.gov/sections-units-bureaus/office-locations/division-one-richmond/,"County-named VSP ORI (""State Police: Henrico County""); footprint is the single county Henrico County. VA_posts.csv corroborates via VSP Area 1 Office (Division One) (+1 other area-office row(s))."
VA044SP00,51,SP HENRY COUNTY,single_county_confirmed,post,51089,Henry County,51089,VSP Area 42 Office (Division Six),https://vsp.virginia.gov/sections-units-bureaus/office-locations/division-six-salem-roanoke/,"County-named VSP ORI (""State Police: Henry County""); footprint is the single county Henry County. VA_posts.csv corroborates via VSP Area 42 Office (Division Six)."
VA045SP00,51,SP HIGHLAND COUNTY,single_county_confirmed,post,51091,Highland County,51091,VSP Area 38 Office (Division Six),https://vsp.virginia.gov/sections-units-bureaus/office-locations/division-six-salem-roanoke/,"County-named VSP ORI (""State Police: Highland County""); footprint is the single county Highland County. VA_posts.csv corroborates via VSP Area 38 Office (Division Six)."
VA046SP00,51,SP ISLE OF WIGHT COUNTY,single_county_confirmed,post,51093,Isle of Wight County,51093,VSP Area 34 Office (Division Five),https://vsp.virginia.gov/sections-units-bureaus/office-locations/division-five-chesapeake/,"County-named VSP ORI (""State Police: Isle of Wight County""); footprint is the single county Isle of Wight County. VA_posts.csv corroborates via VSP Area 34 Office (Division Five)."
VA047SP00,51,SP JAMES CITY COUNTY,single_county_confirmed,post,51095,James City County,51095,VSP Area 37 Office (Division Five),https://vsp.virginia.gov/sections-units-bureaus/office-locations/division-five-chesapeake/,"County-named VSP ORI (""State Police: James City County""); footprint is the single county James City County. VA_posts.csv corroborates via VSP Area 37 Office (Division Five)."
VA048SP00,51,SP KING AND QUEEN CNTY,single_county_confirmed,post,51097,King and Queen County,51097,VSP Area 3 Office (Division One),https://vsp.virginia.gov/sections-units-bureaus/office-locations/division-one-richmond/,"County-named VSP ORI (""State Police: King and Queen County""); footprint is the single county King and Queen County. VA_posts.csv corroborates via VSP Area 3 Office (Division One)."
VA049SP00,51,SP KING GEORGE COUNTY,single_county_confirmed,post,51099,King George County,51099,VSP Area 44 Office (Division One),https://vsp.virginia.gov/sections-units-bureaus/office-locations/division-one-richmond/,"County-named VSP ORI (""State Police: King George County""); footprint is the single county King George County. VA_posts.csv corroborates via VSP Area 44 Office (Division One)."
VA050SP00,51,SP KING WILLIAM COUNTY,single_county_confirmed,post,51101,King William County,51101,VSP Area 3 Office (Division One),https://vsp.virginia.gov/sections-units-bureaus/office-locations/division-one-richmond/,"County-named VSP ORI (""State Police: King William County""); footprint is the single county King William County. VA_posts.csv corroborates via VSP Area 3 Office (Division One)."
VA051SP00,51,SP LANCASTER COUNTY,single_county_confirmed,post,51103,Lancaster County,51103,VSP Area 2 Office (Division One),https://vsp.virginia.gov/sections-units-bureaus/office-locations/division-one-richmond/,"County-named VSP ORI (""State Police: Lancaster County""); footprint is the single county Lancaster County. VA_posts.csv corroborates via VSP Area 2 Office (Division One)."
VA052SP00,51,SP LEE COUNTY,single_county_confirmed,post,51105,Lee County,51105,VSP Area 30 Office (Division Four),https://vsp.virginia.gov/sections-units-bureaus/office-locations/division-four-wytheville/,"County-named VSP ORI (""State Police: Lee County""); footprint is the single county Lee County. VA_posts.csv corroborates via VSP Area 30 Office (Division Four)."
VA053SP00,51,SP LOUDOUN COUNTY,single_county_confirmed,post,51107,Loudoun County,51107,VSP Area 10 Office (Division Seven),https://vsp.virginia.gov/sections-units-bureaus/office-locations/division-seven-fairfax/,"County-named VSP ORI (""State Police: Loudoun County""); footprint is the single county Loudoun County. VA_posts.csv corroborates via VSP Area 10 Office (Division Seven)."
VA054SP00,51,SP LOUISA COUNTY,single_county_confirmed,post,51109,Louisa County,51109,VSP Area 4 Office (Division One),https://vsp.virginia.gov/sections-units-bureaus/office-locations/division-one-richmond/,"County-named VSP ORI (""State Police: Louisa County""); footprint is the single county Louisa County. VA_posts.csv corroborates via VSP Area 4 Office (Division One)."
VA055SP00,51,SP LUNENBURG COUNTY,single_county_confirmed,post,51111,Lunenburg County,51111,VSP Area 22 Office (Division Three),https://vsp.virginia.gov/sections-units-bureaus/office-locations/division-three-appomattox/,"County-named VSP ORI (""State Police: Lunenburg County""); footprint is the single county Lunenburg County. VA_posts.csv corroborates via VSP Area 22 Office (Division Three)."
VA056SP00,51,SP MADISON COUNTY,single_county_confirmed,post,51113,Madison County,51113,VSP Area 15 Office (Division Two),https://vsp.virginia.gov/sections-units-bureaus/office-locations/division-two-culpeper/,"County-named VSP ORI (""State Police: Madison County""); footprint is the single county Madison County. VA_posts.csv corroborates via VSP Area 15 Office (Division Two)."
VA057SP00,51,SP MATHEWS COUNTY,single_county_confirmed,post,51115,Mathews County,51115,VSP Area 33 Office (Division Five),https://vsp.virginia.gov/sections-units-bureaus/office-locations/division-five-chesapeake/,"County-named VSP ORI (""State Police: Mathews County""); footprint is the single county Mathews County. VA_posts.csv corroborates via VSP Area 33 Office (Division Five)."
VA058SP00,51,SP MECKLENBURG COUNTY,single_county_confirmed,post,51117,Mecklenburg County,51117,VSP Area 22 Office (Division Three),https://vsp.virginia.gov/sections-units-bureaus/office-locations/division-three-appomattox/,"County-named VSP ORI (""State Police: Mecklenburg County""); footprint is the single county Mecklenburg County. VA_posts.csv corroborates via VSP Area 22 Office (Division Three)."
VA059SP00,51,SP MIDDLESEX COUNTY,single_county_confirmed,post,51119,Middlesex County,51119,VSP Area 33 Office (Division Five),https://vsp.virginia.gov/sections-units-bureaus/office-locations/division-five-chesapeake/,"County-named VSP ORI (""State Police: Middlesex County""); footprint is the single county Middlesex County. VA_posts.csv corroborates via VSP Area 33 Office (Division Five)."
VA060SP00,51,SP MONTGOMERY COUNTY,single_county_confirmed,post,51121,Montgomery County,51121,VSP Area 49 Office (Division Six),https://vsp.virginia.gov/sections-units-bureaus/office-locations/division-six-salem-roanoke/,"County-named VSP ORI (""State Police: Montgomery County""); footprint is the single county Montgomery County. VA_posts.csv corroborates via VSP Area 49 Office (Division Six)."
VA062SP00,51,SP NELSON COUNTY,single_county_confirmed,post,51125,Nelson County,51125,VSP Area 18 Office (Division Three),https://vsp.virginia.gov/sections-units-bureaus/office-locations/division-three-appomattox/,"County-named VSP ORI (""State Police: Nelson County""); footprint is the single county Nelson County. VA_posts.csv corroborates via VSP Area 18 Office (Division Three)."
VA063SP00,51,SP NEW KENT COUNTY,single_county_confirmed,post,51127,New Kent County,51127,VSP Area 3 Office (Division One),https://vsp.virginia.gov/sections-units-bureaus/office-locations/division-one-richmond/,"County-named VSP ORI (""State Police: New Kent County""); footprint is the single county New Kent County. VA_posts.csv corroborates via VSP Area 3 Office (Division One)."
VA065SP00,51,SP NORTHAMPTON COUNTY,single_county_confirmed,post,51131,Northampton County,51131,VSP Area 31 Office (Division Five),https://vsp.virginia.gov/sections-units-bureaus/office-locations/division-five-chesapeake/,"County-named VSP ORI (""State Police: Northampton County""); footprint is the single county Northampton County. VA_posts.csv corroborates via VSP Area 31 Office (Division Five)."
VA066SP00,51,SP NORTHUMBERLAND CNTY,single_county_confirmed,post,51133,Northumberland County,51133,VSP Area 2 Office (Division One),https://vsp.virginia.gov/sections-units-bureaus/office-locations/division-one-richmond/,"County-named VSP ORI (""State Police: Northumberland County""); footprint is the single county Northumberland County. VA_posts.csv corroborates via VSP Area 2 Office (Division One)."
VA067SP00,51,SP NOTTOWAY COUNTY,single_county_confirmed,post,51135,Nottoway County,51135,VSP Area 7 Office (Division One),https://vsp.virginia.gov/sections-units-bureaus/office-locations/division-one-richmond/,"County-named VSP ORI (""State Police: Nottoway County""); footprint is the single county Nottoway County. VA_posts.csv corroborates via VSP Area 7 Office (Division One)."
VA068SP00,51,SP ORANGE COUNTY,single_county_confirmed,post,51137,Orange County,51137,VSP Area 15 Office (Division Two),https://vsp.virginia.gov/sections-units-bureaus/office-locations/division-two-culpeper/,"County-named VSP ORI (""State Police: Orange County""); footprint is the single county Orange County. VA_posts.csv corroborates via VSP Area 15 Office (Division Two)."
VA069SP00,51,SP PAGE COUNTY,single_county_confirmed,post,51139,Page County,51139,VSP Area 14 Office (Division Two),https://vsp.virginia.gov/sections-units-bureaus/office-locations/division-two-culpeper/,"County-named VSP ORI (""State Police: Page County""); footprint is the single county Page County. VA_posts.csv corroborates via VSP Area 14 Office (Division Two)."
VA070SP00,51,SP PATRICK COUNTY,single_county_confirmed,post,51141,Patrick County,51141,VSP Area 42 Office (Division Six),https://vsp.virginia.gov/sections-units-bureaus/office-locations/division-six-salem-roanoke/,"County-named VSP ORI (""State Police: Patrick County""); footprint is the single county Patrick County. VA_posts.csv corroborates via VSP Area 42 Office (Division Six)."
VA071SP00,51,SP PITTSYLVANIA COUNTY,single_county_confirmed,post,51143,Pittsylvania County,51143,VSP Area 43 Office (Division Six),https://vsp.virginia.gov/sections-units-bureaus/office-locations/division-six-salem-roanoke/,"County-named VSP ORI (""State Police: Pittsylvania County""); footprint is the single county Pittsylvania County. VA_posts.csv corroborates via VSP Area 43 Office (Division Six)."
VA072SP00,51,SP POWHATAN COUNTY,single_county_confirmed,post,51145,Powhatan County,51145,VSP Area 6 Office (Division One),https://vsp.virginia.gov/sections-units-bureaus/office-locations/division-one-richmond/,"County-named VSP ORI (""State Police: Powhatan County""); footprint is the single county Powhatan County. VA_posts.csv corroborates via VSP Area 6 Office (Division One). NOTE: VSP Area 6 Office (Division One) also carries Powhatan as its label town; the ORI is read as the county unit, not the area office, per the VA conservatism rule."
VA073SP00,51,SP PRINCE EDWARD COUNTY,single_county_confirmed,post,51147,Prince Edward County,51147,VSP Area 21 Office (Division Three),https://vsp.virginia.gov/sections-units-bureaus/office-locations/division-three-appomattox/,"County-named VSP ORI (""State Police: Prince Edward County""); footprint is the single county Prince Edward County. VA_posts.csv corroborates via VSP Area 21 Office (Division Three)."
VA074SP00,51,SP PRINCE GEORGE COUNTY,single_county_confirmed,post,51149,Prince George County,51149,VSP Area 7 Office (Division One),https://vsp.virginia.gov/sections-units-bureaus/office-locations/division-one-richmond/,"County-named VSP ORI (""State Police: Prince George County""); footprint is the single county Prince George County. VA_posts.csv corroborates via VSP Area 7 Office (Division One)."
VA075S100,51,SP MANASSAS,single_county_confirmed,post,51683,Manassas city,51683,,,"VA independent city ORI (""State Police: Manassas""). Manassas city is a county-equivalent in county_names_2020 (51683) and the current anchor equals it, so per the VA rule this is a single-county confirmation, not a multi-county post footprint. No VSP area-office row names this city in counties_served or as its label town."
VA075S200,51,SP MANASSAS PARK,single_county_confirmed,post,51685,Manassas Park city,51685,,,"VA independent city ORI (""State Police: Manassas Park""). Manassas Park city is a county-equivalent in county_names_2020 (51685) and the current anchor equals it, so per the VA rule this is a single-county confirmation, not a multi-county post footprint. No VSP area-office row names this city in counties_served or as its label town."
VA075SP00,51,SP PRINCE WILLIAM CNTY,single_county_confirmed,post,51153,Prince William County,51153,VSP Area 11 Office (Division Seven),https://vsp.virginia.gov/sections-units-bureaus/office-locations/division-seven-fairfax/,"County-named VSP ORI (""State Police: Prince William County""); footprint is the single county Prince William County. VA_posts.csv corroborates via VSP Area 11 Office (Division Seven)."
VA077SP00,51,SP PULASKI COUNTY,single_county_confirmed,post,51155,Pulaski County,51155,VSP Area 24 Office (Division Four),https://vsp.virginia.gov/sections-units-bureaus/office-locations/division-four-wytheville/,"County-named VSP ORI (""State Police: Pulaski County""); footprint is the single county Pulaski County. VA_posts.csv corroborates via VSP Area 24 Office (Division Four)."
VA078SP00,51,SP RAPPAHANNOCK COUNTY,single_county_confirmed,post,51157,Rappahannock County,51157,VSP Area 12 Office (Division Two),https://vsp.virginia.gov/sections-units-bureaus/office-locations/division-two-culpeper/,"County-named VSP ORI (""State Police: Rappahannock County""); footprint is the single county Rappahannock County. VA_posts.csv corroborates via VSP Area 12 Office (Division Two)."
VA079SP00,51,SP RICHMOND COUNTY,single_county_confirmed,post,51159,Richmond County,51159,VSP Area 2 Office (Division One),https://vsp.virginia.gov/sections-units-bureaus/office-locations/division-one-richmond/,"County-named VSP ORI (""State Police: Richmond County""); footprint is the single county Richmond County. VA_posts.csv corroborates via VSP Area 2 Office (Division One). NOTE: VSP Area 8 Office (Division One) also carries Richmond as its label town; the ORI is read as the county unit, not the area office, per the VA conservatism rule."
VA080S100,51,SP SALEM,single_county_confirmed,post,51775,Salem city,51775,VSP Area 40 Office (Division Six),https://vsp.virginia.gov/sections-units-bureaus/office-locations/division-six-salem-roanoke/,"VA independent city ORI (""State Police: Salem""). Salem city is a county-equivalent in county_names_2020 (51775) and the current anchor equals it, so per the VA rule this is a single-county confirmation, not a multi-county post footprint. VSP Area 40 Office (Division Six) carries Salem as its label town but its counties_served (Craig;Roanoke) does not include the city itself, so the ORI is ambiguous between ""the independent city of Salem"" and ""the VSP area office at Salem""; the conservative reading (independent city, anchor already correct) is taken per the VA rule."
VA080SP00,51,SP ROANOKE COUNTY,single_county_confirmed,post,51161,Roanoke County,51161,VSP Area 40 Office (Division Six),https://vsp.virginia.gov/sections-units-bureaus/office-locations/division-six-salem-roanoke/,"County-named VSP ORI (""State Police: Roanoke County""); footprint is the single county Roanoke County. VA_posts.csv corroborates via VSP Area 40 Office (Division Six)."
VA081S200,51,SP LEXINGTON,single_county_confirmed,post,51678,Lexington city,51678,VSP Area 39 Office (Division Six),https://vsp.virginia.gov/sections-units-bureaus/office-locations/division-six-salem-roanoke/,"VA independent city ORI (""State Police: Lexington""). Lexington city is a county-equivalent in county_names_2020 (51678) and the current anchor equals it, so per the VA rule this is a single-county confirmation, not a multi-county post footprint. VSP Area 39 Office (Division Six) carries Lexington as its label town but its counties_served (Botetourt;Rockbridge) does not include the city itself, so the ORI is ambiguous between ""the independent city of Lexington"" and ""the VSP area office at Lexington""; the conservative reading (independent city, anchor already correct) is taken per the VA rule."
VA081SP00,51,SP ROCKBRIDGE COUNTY,single_county_confirmed,post,51163,Rockbridge County,51163,VSP Area 39 Office (Division Six),https://vsp.virginia.gov/sections-units-bureaus/office-locations/division-six-salem-roanoke/,"County-named VSP ORI (""State Police: Rockbridge County""); footprint is the single county Rockbridge County. VA_posts.csv corroborates via VSP Area 39 Office (Division Six)."
VA082SP00,51,SP ROCKINGHAM COUNTY,single_county_confirmed,post,51165,Rockingham County,51165,VSP Area 16 Office (Division Two),https://vsp.virginia.gov/sections-units-bureaus/office-locations/division-two-culpeper/,"County-named VSP ORI (""State Police: Rockingham County""); footprint is the single county Rockingham County. VA_posts.csv corroborates via VSP Area 16 Office (Division Two)."
VA083SP00,51,SP RUSSELL COUNTY,single_county_confirmed,post,51167,Russell County,51167,VSP Area 28 Office (Division Four),https://vsp.virginia.gov/sections-units-bureaus/office-locations/division-four-wytheville/,"County-named VSP ORI (""State Police: Russell County""); footprint is the single county Russell County. VA_posts.csv corroborates via VSP Area 28 Office (Division Four)."
VA084SP00,51,SP SCOTT COUNTY,single_county_confirmed,post,51169,Scott County,51169,VSP Area 27 Office (Division Four),https://vsp.virginia.gov/sections-units-bureaus/office-locations/division-four-wytheville/,"County-named VSP ORI (""State Police: Scott County""); footprint is the single county Scott County. VA_posts.csv corroborates via VSP Area 27 Office (Division Four)."
VA085SP00,51,SP SHENANDOAH COUNTY,single_county_confirmed,post,51171,Shenandoah County,51171,VSP Area 14 Office (Division Two),https://vsp.virginia.gov/sections-units-bureaus/office-locations/division-two-culpeper/,"County-named VSP ORI (""State Police: Shenandoah County""); footprint is the single county Shenandoah County. VA_posts.csv corroborates via VSP Area 14 Office (Division Two)."
VA086SP00,51,SP SMYTH COUNTY,single_county_confirmed,post,51173,Smyth County,51173,VSP Area 26 Office (Division Four),https://vsp.virginia.gov/sections-units-bureaus/office-locations/division-four-wytheville/,"County-named VSP ORI (""State Police: Smyth County""); footprint is the single county Smyth County. VA_posts.csv corroborates via VSP Area 26 Office (Division Four)."
VA087SP00,51,SP SOUTHAMPTON COUNTY,single_county_confirmed,post,51175,Southampton County,51175,VSP Area 34 Office (Division Five),https://vsp.virginia.gov/sections-units-bureaus/office-locations/division-five-chesapeake/,"County-named VSP ORI (""State Police: Southampton County""); footprint is the single county Southampton County. VA_posts.csv corroborates via VSP Area 34 Office (Division Five)."
VA088SP00,51,SP SPOTSYLVANIA COUNTY,single_county_confirmed,post,51177,Spotsylvania County,51177,VSP Area 5 Office (Division Two),https://vsp.virginia.gov/sections-units-bureaus/office-locations/division-two-culpeper/,"County-named VSP ORI (""State Police: Spotsylvania County""); footprint is the single county Spotsylvania County. VA_posts.csv corroborates via VSP Area 5 Office (Division Two)."
VA089SP00,51,SP STAFFORD COUNTY,single_county_confirmed,post,51179,Stafford County,51179,VSP Area 5 Office (Division Two),https://vsp.virginia.gov/sections-units-bureaus/office-locations/division-two-culpeper/,"County-named VSP ORI (""State Police: Stafford County""); footprint is the single county Stafford County. VA_posts.csv corroborates via VSP Area 5 Office (Division Two)."
VA090SP00,51,SP SURRY COUNTY,single_county_confirmed,post,51181,Surry County,51181,VSP Area 35 Office (Division Five),https://vsp.virginia.gov/sections-units-bureaus/office-locations/division-five-chesapeake/,"County-named VSP ORI (""State Police: Surry County""); footprint is the single county Surry County. VA_posts.csv corroborates via VSP Area 35 Office (Division Five)."
VA091SP00,51,SP SUSSEX COUNTY,single_county_confirmed,post,51183,Sussex County,51183,VSP Area 35 Office (Division Five),https://vsp.virginia.gov/sections-units-bureaus/office-locations/division-five-chesapeake/,"County-named VSP ORI (""State Police: Sussex County""); footprint is the single county Sussex County. VA_posts.csv corroborates via VSP Area 35 Office (Division Five)."
VA092SP00,51,SP TAZEWELL COUNTY,single_county_confirmed,post,51185,Tazewell County,51185,VSP Area 28 Office (Division Four),https://vsp.virginia.gov/sections-units-bureaus/office-locations/division-four-wytheville/,"County-named VSP ORI (""State Police: Tazewell County""); footprint is the single county Tazewell County. VA_posts.csv corroborates via VSP Area 28 Office (Division Four)."
VA093SP00,51,SP WARREN COUNTY,single_county_confirmed,post,51187,Warren County,51187,VSP Area 13 Office (Division Two),https://vsp.virginia.gov/sections-units-bureaus/office-locations/division-two-culpeper/,"County-named VSP ORI (""State Police: Warren County""); footprint is the single county Warren County. VA_posts.csv corroborates via VSP Area 13 Office (Division Two)."
VA094SP00,51,SP WASHINGTON COUNTY,single_county_confirmed,post,51191,Washington County,51191,VSP Area 27 Office (Division Four),https://vsp.virginia.gov/sections-units-bureaus/office-locations/division-four-wytheville/,"County-named VSP ORI (""State Police: Washington County""); footprint is the single county Washington County. VA_posts.csv corroborates via VSP Area 27 Office (Division Four)."
VA095SP00,51,SP WESTMORELAND COUNTY,single_county_confirmed,post,51193,Westmoreland County,51193,VSP Area 2 Office (Division One),https://vsp.virginia.gov/sections-units-bureaus/office-locations/division-one-richmond/,"County-named VSP ORI (""State Police: Westmoreland County""); footprint is the single county Westmoreland County. VA_posts.csv corroborates via VSP Area 2 Office (Division One)."
VA096SP00,51,SP WISE COUNTY,single_county_confirmed,post,51195,Wise County,51195,VSP Area 30 Office (Division Four),https://vsp.virginia.gov/sections-units-bureaus/office-locations/division-four-wytheville/,"County-named VSP ORI (""State Police: Wise County""); footprint is the single county Wise County. VA_posts.csv corroborates via VSP Area 30 Office (Division Four). NOTE: VSP Area 30 Office (Division Four) also carries Wise as its label town; the ORI is read as the county unit, not the area office, per the VA conservatism rule."
VA097SP00,51,SP WYTHE COUNTY,single_county_confirmed,post,51197,Wythe County,51197,VSP Area 26 Office (Division Four),https://vsp.virginia.gov/sections-units-bureaus/office-locations/division-four-wytheville/,"County-named VSP ORI (""State Police: Wythe County""); footprint is the single county Wythe County. VA_posts.csv corroborates via VSP Area 26 Office (Division Four). NOTE: VSP Area 26 Office (Division Four) also carries Wythe as its label town; the ORI is read as the county unit, not the area office, per the VA conservatism rule."
VA098S100,51,SP POQUOSON,single_county_confirmed,post,51735,Poquoson city,51735,,,"VA independent city ORI (""State Police: Poquoson""). Poquoson city is a county-equivalent in county_names_2020 (51735) and the current anchor equals it, so per the VA rule this is a single-county confirmation, not a multi-county post footprint. No VSP area-office row names this city in counties_served or as its label town."
VA098SP00,51,SP YORK COUNTY,single_county_confirmed,post,51199,York County,51199,VSP Area 37 Office (Division Five),https://vsp.virginia.gov/sections-units-bureaus/office-locations/division-five-chesapeake/,"County-named VSP ORI (""State Police: York County""); footprint is the single county York County. VA_posts.csv corroborates via VSP Area 37 Office (Division Five)."
VA099SP00,51,SP ALEXANDRIA,single_county_confirmed,post,51510,Alexandria city,51510,VSP Area 45 Office (Division Seven),https://vsp.virginia.gov/sections-units-bureaus/office-locations/division-seven-fairfax/,"VA independent city ORI (""State Police: Alexandria""). Alexandria city is a county-equivalent in county_names_2020 (51510) and the current anchor equals it, so per the VA rule this is a single-county confirmation, not a multi-county post footprint. VA_posts.csv corroborates: VSP Area 45 Office (Division Seven) lists this city in counties_served."
VA100SP00,51,SP BRISTOL,single_county_confirmed,post,51520,Bristol city,51520,VSP Area 27 Office (Division Four),https://vsp.virginia.gov/sections-units-bureaus/office-locations/division-four-wytheville/,"VA independent city ORI (""State Police: Bristol""). Bristol city is a county-equivalent in county_names_2020 (51520) and the current anchor equals it, so per the VA rule this is a single-county confirmation, not a multi-county post footprint. VSP Area 27 Office (Division Four) carries Bristol as its label town but its counties_served (Scott;Washington) does not include the city itself, so the ORI is ambiguous between ""the independent city of Bristol"" and ""the VSP area office at Bristol""; the conservative reading (independent city, anchor already correct) is taken per the VA rule."
VA101SP00,51,SP BUENA VISTA,single_county_confirmed,post,51530,Buena Vista city,51530,,,"VA independent city ORI (""State Police: Buena Vista""). Buena Vista city is a county-equivalent in county_names_2020 (51530) and the current anchor equals it, so per the VA rule this is a single-county confirmation, not a multi-county post footprint. No VSP area-office row names this city in counties_served or as its label town."
VA102SP00,51,SP CHARLOTTESVILLE,single_county_confirmed,post,51540,Charlottesville city,51540,VSP Area 18 Office (Division Three),https://vsp.virginia.gov/sections-units-bureaus/office-locations/division-three-appomattox/,"VA independent city ORI (""State Police: Charlottesville""). Charlottesville city is a county-equivalent in county_names_2020 (51540) and the current anchor equals it, so per the VA rule this is a single-county confirmation, not a multi-county post footprint. VSP Area 18 Office (Division Three) carries Charlottesville as its label town but its counties_served (Albemarle;Greene;Nelson) does not include the city itself, so the ORI is ambiguous between ""the independent city of Charlottesville"" and ""the VSP area office at Charlottesville""; the conservative reading (independent city, anchor already correct) is taken per the VA rule."
VA103SP00,51,SP CHESAPEAKE,single_county_confirmed,post,51550,Chesapeake city,51550,VSP Area 47 Office (Division Five),https://vsp.virginia.gov/sections-units-bureaus/office-locations/division-five-chesapeake/,"VA independent city ORI (""State Police: Chesapeake""). Chesapeake city is a county-equivalent in county_names_2020 (51550) and the current anchor equals it, so per the VA rule this is a single-county confirmation, not a multi-county post footprint. VA_posts.csv corroborates: VSP Area 47 Office (Division Five) lists this city in counties_served."
VA104SP00,51,SP CLIFTON FORGE,unresolved,n/a,,,51005,VSP Area 38 Office (Division Six),https://vsp.virginia.gov/sections-units-bureaus/office-locations/division-six-salem-roanoke/,"Clifton Forge was an independent city that reverted to town status, so its ORI sits in VA's independent-city ORI block (VA1xx) but its anchor is the surrounding county (51005 Alleghany County), not a city FIPS - and it is absent from the FBI CDE roster (retired). The only matching directory row is VSP Area 38 Office (Division Six) (label town Clifton Forge), an AREA OFFICE listing Alleghany;Bath;Highland. Per the VA conservatism rule this ORI is not clearly that area office rather than a former-city reporting unit, so no footprint is emitted; pushing the area-office county list onto a town-level ORI would over-broaden it. 0 mass. SUPERVISOR CHECK."
VA105SP00,51,SP COLONIAL HEIGHTS,single_county_confirmed,post,51570,Colonial Heights city,51570,VSP Area 6 Office (Division One),https://vsp.virginia.gov/sections-units-bureaus/office-locations/division-one-richmond/,"VA independent city ORI (""State Police: Colonial Heights""). Colonial Heights city is a county-equivalent in county_names_2020 (51570) and the current anchor equals it, so per the VA rule this is a single-county confirmation, not a multi-county post footprint. VA_posts.csv corroborates: VSP Area 6 Office (Division One) lists this city in counties_served."
VA106SP00,51,SP COVINGTON,single_county_confirmed,post,51580,Covington city,51580,,,"VA independent city ORI (""State Police: Covington""). Covington city is a county-equivalent in county_names_2020 (51580) and the current anchor equals it, so per the VA rule this is a single-county confirmation, not a multi-county post footprint. No VSP area-office row names this city in counties_served or as its label town."
VA1075S00,51,SP FAIRFAX CITY,single_county_confirmed,post,51600,Fairfax city,51600,,,"VA independent city ORI (""State Police: Fairfax City""). Fairfax city is a county-equivalent in county_names_2020 (51600) and the current anchor equals it, so per the VA rule this is a single-county confirmation, not a multi-county post footprint. No VSP area-office row names this city in counties_served or as its label town."
VA107SP00,51,SP DANVILLE,single_county_confirmed,post,51590,Danville city,51590,,,"VA independent city ORI (""State Police: Danville""). Danville city is a county-equivalent in county_names_2020 (51590) and the current anchor equals it, so per the VA rule this is a single-county confirmation, not a multi-county post footprint. No VSP area-office row names this city in counties_served or as its label town."
VA1085S00,51,SP FRANKLIN,single_county_confirmed,post,51620,Franklin city,51620,VSP Area 34 Office (Division Five),https://vsp.virginia.gov/sections-units-bureaus/office-locations/division-five-chesapeake/,"VA independent city ORI (""State Police: Franklin""). Franklin city is a county-equivalent in county_names_2020 (51620) and the current anchor equals it, so per the VA rule this is a single-county confirmation, not a multi-county post footprint. VSP Area 34 Office (Division Five) carries Franklin as its label town but its counties_served (Isle of Wight;Southampton) does not include the city itself, so the ORI is ambiguous between ""the independent city of Franklin"" and ""the VSP area office at Franklin""; the conservative reading (independent city, anchor already correct) is taken per the VA rule."
VA108SP00,51,SP FALLS CHURCH,single_county_confirmed,post,51610,Falls Church city,51610,VSP Area 45 Office (Division Seven),https://vsp.virginia.gov/sections-units-bureaus/office-locations/division-seven-fairfax/,"VA independent city ORI (""State Police: Falls Church""). Falls Church city is a county-equivalent in county_names_2020 (51610) and the current anchor equals it, so per the VA rule this is a single-county confirmation, not a multi-county post footprint. VA_posts.csv corroborates: VSP Area 45 Office (Division Seven) lists this city in counties_served."
VA109SP00,51,SP FREDERICKSBURG,single_county_confirmed,post,51630,Fredericksburg city,51630,VSP Area 5 Office (Division Two),https://vsp.virginia.gov/sections-units-bureaus/office-locations/division-two-culpeper/,"VA independent city ORI (""State Police: Fredericksburg""). Fredericksburg city is a county-equivalent in county_names_2020 (51630) and the current anchor equals it, so per the VA rule this is a single-county confirmation, not a multi-county post footprint. VSP Area 5 Office (Division Two) carries Fredericksburg as its label town but its counties_served (Spotsylvania;Stafford) does not include the city itself, so the ORI is ambiguous between ""the independent city of Fredericksburg"" and ""the VSP area office at Fredericksburg""; the conservative reading (independent city, anchor already correct) is taken per the VA rule."
VA110SP00,51,SP GALAX,single_county_confirmed,post,51640,Galax city,51640,VSP Area 25 Office (Division Four),https://vsp.virginia.gov/sections-units-bureaus/office-locations/division-four-wytheville/,"VA independent city ORI (""State Police: Galax""). Galax city is a county-equivalent in county_names_2020 (51640) and the current anchor equals it, so per the VA rule this is a single-county confirmation, not a multi-county post footprint. VSP Area 25 Office (Division Four) carries Galax as its label town but its counties_served (Carroll;Grayson) does not include the city itself, so the ORI is ambiguous between ""the independent city of Galax"" and ""the VSP area office at Galax""; the conservative reading (independent city, anchor already correct) is taken per the VA rule."
VA111SP00,51,SP HAMPTON,single_county_confirmed,post,51650,Hampton city,51650,VSP Area 46 Office (Division Five),https://vsp.virginia.gov/sections-units-bureaus/office-locations/division-five-chesapeake/,"VA independent city ORI (""State Police: Hampton""). Hampton city is a county-equivalent in county_names_2020 (51650) and the current anchor equals it, so per the VA rule this is a single-county confirmation, not a multi-county post footprint. VA_posts.csv corroborates: VSP Area 46 Office (Division Five) lists this city in counties_served."
VA112SP00,51,SP HARRISONBURG,single_county_confirmed,post,51660,Harrisonburg city,51660,VSP Area 16 Office (Division Two),https://vsp.virginia.gov/sections-units-bureaus/office-locations/division-two-culpeper/,"VA independent city ORI (""State Police: Harrisonburg""). Harrisonburg city is a county-equivalent in county_names_2020 (51660) and the current anchor equals it, so per the VA rule this is a single-county confirmation, not a multi-county post footprint. VSP Area 16 Office (Division Two) carries Harrisonburg as its label town but its counties_served (Rockingham) does not include the city itself, so the ORI is ambiguous between ""the independent city of Harrisonburg"" and ""the VSP area office at Harrisonburg""; the conservative reading (independent city, anchor already correct) is taken per the VA rule."
VA113SP00,51,SP HOPEWELL,single_county_confirmed,post,51670,Hopewell city,51670,VSP Area 7 Office (Division One),https://vsp.virginia.gov/sections-units-bureaus/office-locations/division-one-richmond/,"VA independent city ORI (""State Police: Hopewell""). Hopewell city is a county-equivalent in county_names_2020 (51670) and the current anchor equals it, so per the VA rule this is a single-county confirmation, not a multi-county post footprint. VA_posts.csv corroborates: VSP Area 7 Office (Division One) lists this city in counties_served."
VA114SP00,51,SP LYNCHBURG,single_county_confirmed,post,51680,Lynchburg city,51680,,,"VA independent city ORI (""State Police: Lynchburg""). Lynchburg city is a county-equivalent in county_names_2020 (51680) and the current anchor equals it, so per the VA rule this is a single-county confirmation, not a multi-county post footprint. No VSP area-office row names this city in counties_served or as its label town."
VA115SP00,51,SP MARTINSVILLE,single_county_confirmed,post,51690,Martinsville city,51690,VSP Area 42 Office (Division Six),https://vsp.virginia.gov/sections-units-bureaus/office-locations/division-six-salem-roanoke/,"VA independent city ORI (""State Police: Martinsville""). Martinsville city is a county-equivalent in county_names_2020 (51690) and the current anchor equals it, so per the VA rule this is a single-county confirmation, not a multi-county post footprint. VSP Area 42 Office (Division Six) carries Martinsville as its label town but its counties_served (Henry;Patrick) does not include the city itself, so the ORI is ambiguous between ""the independent city of Martinsville"" and ""the VSP area office at Martinsville""; the conservative reading (independent city, anchor already correct) is taken per the VA rule."
VA116SP00,51,SP NEWPORT NEWS,single_county_confirmed,post,51700,Newport News city,51700,VSP Area 46 Office (Division Five),https://vsp.virginia.gov/sections-units-bureaus/office-locations/division-five-chesapeake/,"VA independent city ORI (""State Police: Newport News""). Newport News city is a county-equivalent in county_names_2020 (51700) and the current anchor equals it, so per the VA rule this is a single-county confirmation, not a multi-county post footprint. VA_posts.csv corroborates: VSP Area 46 Office (Division Five) lists this city in counties_served."
VA117SP00,51,SP NORFOLK,single_county_confirmed,post,51710,Norfolk city,51710,VSP Area 32 Office (Division Five),https://vsp.virginia.gov/sections-units-bureaus/office-locations/division-five-chesapeake/,"VA independent city ORI (""State Police: Norfolk""). Norfolk city is a county-equivalent in county_names_2020 (51710) and the current anchor equals it, so per the VA rule this is a single-county confirmation, not a multi-county post footprint. VA_posts.csv corroborates: VSP Area 32 Office (Division Five) lists this city in counties_served."
VA118SP00,51,SP NORTON,single_county_confirmed,post,51720,Norton city,51720,,,"VA independent city ORI (""State Police: Norton""). Norton city is a county-equivalent in county_names_2020 (51720) and the current anchor equals it, so per the VA rule this is a single-county confirmation, not a multi-county post footprint. No VSP area-office row names this city in counties_served or as its label town."
VA119SP00,51,SP PETERSBURG,single_county_confirmed,post,51730,Petersburg city,51730,VSP Area 7 Office (Division One),https://vsp.virginia.gov/sections-units-bureaus/office-locations/division-one-richmond/,"VA independent city ORI (""State Police: Petersburg""). Petersburg city is a county-equivalent in county_names_2020 (51730) and the current anchor equals it, so per the VA rule this is a single-county confirmation, not a multi-county post footprint. VA_posts.csv corroborates: VSP Area 7 Office (Division One) lists this city in counties_served."
VA120SP00,51,SP PORTSMOUTH,single_county_confirmed,post,51740,Portsmouth city,51740,VSP Area 47 Office (Division Five),https://vsp.virginia.gov/sections-units-bureaus/office-locations/division-five-chesapeake/,"VA independent city ORI (""State Police: Portsmouth""). Portsmouth city is a county-equivalent in county_names_2020 (51740) and the current anchor equals it, so per the VA rule this is a single-county confirmation, not a multi-county post footprint. VA_posts.csv corroborates: VSP Area 47 Office (Division Five) lists this city in counties_served."
VA121SP00,51,SP RADFORD,single_county_confirmed,post,51750,Radford city,51750,,,"VA independent city ORI (""State Police: Radford""). Radford city is a county-equivalent in county_names_2020 (51750) and the current anchor equals it, so per the VA rule this is a single-county confirmation, not a multi-county post footprint. No VSP area-office row names this city in counties_served or as its label town."
VA122SP00,51,SP RICHMOND,single_county_confirmed,post,51760,Richmond city,51760,VSP Area 8 Office (Division One),https://vsp.virginia.gov/sections-units-bureaus/office-locations/division-one-richmond/,"VA independent city ORI (""State Police: Richmond""). Richmond city is a county-equivalent in county_names_2020 (51760) and the current anchor equals it, so per the VA rule this is a single-county confirmation, not a multi-county post footprint. VA_posts.csv corroborates: VSP Area 8 Office (Division One) lists this city in counties_served."
VA123SP00,51,SP ROANOKE,single_county_confirmed,post,51770,Roanoke city,51770,,,"VA independent city ORI (""State Police: Roanoke""). Roanoke city is a county-equivalent in county_names_2020 (51770) and the current anchor equals it, so per the VA rule this is a single-county confirmation, not a multi-county post footprint. No VSP area-office row names this city in counties_served or as its label town."
VA124SP00,51,SP SOUTH BOSTON,unresolved,n/a,,,51083,VSP Area 23 Office (Division Three),https://vsp.virginia.gov/sections-units-bureaus/office-locations/division-three-appomattox/,"South Boston was an independent city that reverted to town status, so its ORI sits in VA's independent-city ORI block (VA1xx) but its anchor is the surrounding county (51083 Halifax County), not a city FIPS - and it is absent from the FBI CDE roster (retired). The only matching directory row is VSP Area 23 Office (Division Three) (label town South Boston), an AREA OFFICE listing Halifax;Charlotte. Per the VA conservatism rule this ORI is not clearly that area office rather than a former-city reporting unit, so no footprint is emitted; pushing the area-office county list onto a town-level ORI would over-broaden it. 0 mass. SUPERVISOR CHECK."
VA126SP00,51,SP STAUNTON,single_county_confirmed,post,51790,Staunton city,51790,,,"VA independent city ORI (""State Police: Staunton""). Staunton city is a county-equivalent in county_names_2020 (51790) and the current anchor equals it, so per the VA rule this is a single-county confirmation, not a multi-county post footprint. No VSP area-office row names this city in counties_served or as its label town."
VA127SP00,51,SP SUFFOLK,single_county_confirmed,post,51800,Suffolk city,51800,VSP Area 47 Office (Division Five),https://vsp.virginia.gov/sections-units-bureaus/office-locations/division-five-chesapeake/,"VA independent city ORI (""State Police: Suffolk""). Suffolk city is a county-equivalent in county_names_2020 (51800) and the current anchor equals it, so per the VA rule this is a single-county confirmation, not a multi-county post footprint. VA_posts.csv corroborates: VSP Area 47 Office (Division Five) lists this city in counties_served."
VA128SP00,51,SP VIRGINIA BEACH,single_county_confirmed,post,51810,Virginia Beach city,51810,VSP Area 32 Office (Division Five),https://vsp.virginia.gov/sections-units-bureaus/office-locations/division-five-chesapeake/,"VA independent city ORI (""State Police: Virginia Beach""). Virginia Beach city is a county-equivalent in county_names_2020 (51810) and the current anchor equals it, so per the VA rule this is a single-county confirmation, not a multi-county post footprint. VA_posts.csv corroborates: VSP Area 32 Office (Division Five) lists this city in counties_served."
VA129SP00,51,SP WAYNESBORO,single_county_confirmed,post,51820,Waynesboro city,51820,,,"VA independent city ORI (""State Police: Waynesboro""). Waynesboro city is a county-equivalent in county_names_2020 (51820) and the current anchor equals it, so per the VA rule this is a single-county confirmation, not a multi-county post footprint. No VSP area-office row names this city in counties_served or as its label town."
VA130SP00,51,SP WILLIAMSBURG,single_county_confirmed,post,51830,Williamsburg city,51830,VSP Area 37 Office (Division Five),https://vsp.virginia.gov/sections-units-bureaus/office-locations/division-five-chesapeake/,"VA independent city ORI (""State Police: Williamsburg""). Williamsburg city is a county-equivalent in county_names_2020 (51830) and the current anchor equals it, so per the VA rule this is a single-county confirmation, not a multi-county post footprint. VSP Area 37 Office (Division Five) carries Williamsburg as its label town but its counties_served (James City;York) does not include the city itself, so the ORI is ambiguous between ""the independent city of Williamsburg"" and ""the VSP area office at Williamsburg""; the conservative reading (independent city, anchor already correct) is taken per the VA rule."
VA131SP00,51,SP WINCHESTER,single_county_confirmed,post,51840,Winchester city,51840,VSP Area 13 Office (Division Two),https://vsp.virginia.gov/sections-units-bureaus/office-locations/division-two-culpeper/,"VA independent city ORI (""State Police: Winchester""). Winchester city is a county-equivalent in county_names_2020 (51840) and the current anchor equals it, so per the VA rule this is a single-county confirmation, not a multi-county post footprint. VSP Area 13 Office (Division Two) carries Winchester as its label town but its counties_served (Clarke;Frederick;Warren) does not include the city itself, so the ORI is ambiguous between ""the independent city of Winchester"" and ""the VSP area office at Winchester""; the conservative reading (independent city, anchor already correct) is taken per the VA rule."
WVWSP0000,54,STATE POLICE,route_statewide,n/a,,,54039,,,"WVSP agency-level/administrative ORI (""STATE POLICE""), not a detachment; no directory row applies."
WVWSP0100,54,SP BECKLEY,post_multi_county_footprint,district,54081;54109,Raleigh County;Wyoming County,54081,"WVSP Beckley Detachment (Troop 6, District 1)",https://www.wvsp.gov/contact/Pages/detachments.aspx,"Matched ORI town 'Beckley' to WVSP Beckley Detachment (Troop 6, District 1); per the supervisor ruling WV footprints are taken at DISTRICT granularity, and WV_posts.csv's notes give Troop 6 District 1 as covering 2 counties (Raleigh;Wyoming). Detachment-to-county attribution is not published by WVSP (ESCALATIONS.md), so detachments sharing a district legitimately share this county list. Matched to the Troop 6 District 1 field detachment at Beckley, not the separately-listed Troop 7 (Turnpike) Beckley HQ, which has its own county-named ORIs."
WVWSP0200,54,SP BERKELEY SPRINGS,post_multi_county_footprint,district,54027;54057;54065,Hampshire County;Mineral County;Morgan County,54065,"WVSP Berkeley Springs Detachment (Troop 2, District 2)",https://www.wvsp.gov/contact/Pages/detachments.aspx,"Matched ORI town 'Berkeley Springs' to WVSP Berkeley Springs Detachment (Troop 2, District 2); per the supervisor ruling WV footprints are taken at DISTRICT granularity, and WV_posts.csv's notes give Troop 2 District 2 as covering 3 counties (Hampshire;Mineral;Morgan). Detachment-to-county attribution is not published by WVSP (ESCALATIONS.md), so detachments sharing a district legitimately share this county list."
WVWSP0400,54,SP BUCKHANNON,post_multi_county_footprint,district,54001;54041;54097,Barbour County;Lewis County;Upshur County,54097,"WVSP Buckhannon Detachment (Troop 3, District 2)",https://www.wvsp.gov/contact/Pages/detachments.aspx,"Matched ORI town 'Buckhannon' to WVSP Buckhannon Detachment (Troop 3, District 2); per the supervisor ruling WV footprints are taken at DISTRICT granularity, and WV_posts.csv's notes give Troop 3 District 2 as covering 3 counties (Barbour;Lewis;Upshur). Detachment-to-county attribution is not published by WVSP (ESCALATIONS.md), so detachments sharing a district legitimately share this county list."
WVWSP0500,54,SP KEARNEYSVILLE,post_multi_county_footprint,district,54003;54037,Berkeley County;Jefferson County,54037,"WVSP Charles Town Detachment (Troop 2, District 1)",https://www.wvsp.gov/contact/Pages/detachments.aspx,"Matched ORI town 'Kearneysville' to WVSP Charles Town Detachment (Troop 2, District 1); per the supervisor ruling WV footprints are taken at DISTRICT granularity, and WV_posts.csv's notes give Troop 2 District 1 as covering 2 counties (Berkeley;Jefferson). Detachment-to-county attribution is not published by WVSP (ESCALATIONS.md), so detachments sharing a district legitimately share this county list. Matched via the detachment address town: the Charles Town detachment (Troop 2 HQ) address is 409 Industrial Boulevard, Kearneysville, WV."
WVWSP0600,54,SP QUINCY,single_county_confirmed,district,54039,Kanawha County,54039,"WVSP Quincy Detachment (Troop 4, District 1)",https://www.wvsp.gov/contact/Pages/detachments.aspx,"Matched ORI town 'Quincy' to WVSP Quincy Detachment (Troop 4, District 1); per the supervisor ruling WV footprints are taken at DISTRICT granularity, and WV_posts.csv's notes give Troop 4 District 1 as covering 1 county (Kanawha). Detachment-to-county attribution is not published by WVSP (ESCALATIONS.md), so detachments sharing a district legitimately share this county list."
WVWSP0700,54,SP BRIDGEPORT,post_multi_county_footprint,district,54017;54033;54049;54091,Doddridge County;Harrison County;Marion County;Taylor County,54033,"WVSP Bridgeport Detachment (Troop 1, District 1)",https://www.wvsp.gov/contact/Pages/detachments.aspx,"Matched ORI town 'Bridgeport' to WVSP Bridgeport Detachment (Troop 1, District 1); per the supervisor ruling WV footprints are taken at DISTRICT granularity, and WV_posts.csv's notes give Troop 1 District 1 as covering 4 counties (Doddridge;Harrison;Marion;Taylor). Detachment-to-county attribution is not published by WVSP (ESCALATIONS.md), so detachments sharing a district legitimately share this county list."
WVWSP0800,54,SP CLAY,post_multi_county_footprint,district,54013;54015;54087,Calhoun County;Clay County;Roane County,54015,"WVSP Clay Detachment (Troop 4, District 3)",https://www.wvsp.gov/contact/Pages/detachments.aspx,"Matched ORI town 'Clay' to WVSP Clay Detachment (Troop 4, District 3); per the supervisor ruling WV footprints are taken at DISTRICT granularity, and WV_posts.csv's notes give Troop 4 District 3 as covering 3 counties (Calhoun;Clay;Roane). Detachment-to-county attribution is not published by WVSP (ESCALATIONS.md), so detachments sharing a district legitimately share this county list."
WVWSP1000,54,SP ELKINS,post_multi_county_footprint,district,54075;54083;54093,Pocahontas County;Randolph County;Tucker County,54083,"WVSP Elkins Detachment (Troop 3, District 1)",https://www.wvsp.gov/contact/Pages/detachments.aspx,"Matched ORI town 'Elkins' to WVSP Elkins Detachment (Troop 3, District 1); per the supervisor ruling WV footprints are taken at DISTRICT granularity, and WV_posts.csv's notes give Troop 3 District 1 as covering 3 counties (Pocahontas;Randolph;Tucker). Detachment-to-county attribution is not published by WVSP (ESCALATIONS.md), so detachments sharing a district legitimately share this county list."
WVWSP1100,54,SP FAIRMONT,post_multi_county_footprint,district,54017;54033;54049;54091,Doddridge County;Harrison County;Marion County;Taylor County,54049,"WVSP Fairmont Detachment (Troop 1, District 1)",https://www.wvsp.gov/contact/Pages/detachments.aspx,"Matched ORI town 'Fairmont' to WVSP Fairmont Detachment (Troop 1, District 1); per the supervisor ruling WV footprints are taken at DISTRICT granularity, and WV_posts.csv's notes give Troop 1 District 1 as covering 4 counties (Doddridge;Harrison;Marion;Taylor). Detachment-to-county attribution is not published by WVSP (ESCALATIONS.md), so detachments sharing a district legitimately share this county list."
WVWSP1200,54,SP FRANKLIN,post_multi_county_footprint,district,54023;54031;54071,Grant County;Hardy County;Pendleton County,54071,"WVSP Franklin Detachment (Troop 2, District 3)",https://www.wvsp.gov/contact/Pages/detachments.aspx,"Matched ORI town 'Franklin' to WVSP Franklin Detachment (Troop 2, District 3); per the supervisor ruling WV footprints are taken at DISTRICT granularity, and WV_posts.csv's notes give Troop 2 District 3 as covering 3 counties (Grant;Hardy;Pendleton). Detachment-to-county attribution is not published by WVSP (ESCALATIONS.md), so detachments sharing a district legitimately share this county list."
WVWSP1300,54,SP GLENVILLE,post_multi_county_footprint,district,54007;54021;54101,Braxton County;Gilmer County;Webster County,54021,"WVSP Glenville Detachment (Troop 3, District 3)",https://www.wvsp.gov/contact/Pages/detachments.aspx,"Matched ORI town 'Glenville' to WVSP Glenville Detachment (Troop 3, District 3); per the supervisor ruling WV footprints are taken at DISTRICT granularity, and WV_posts.csv's notes give Troop 3 District 3 as covering 3 counties (Braxton;Gilmer;Webster). Detachment-to-county attribution is not published by WVSP (ESCALATIONS.md), so detachments sharing a district legitimately share this county list."
WVWSP1400,54,SP GRAFTON,post_multi_county_footprint,district,54017;54033;54049;54091,Doddridge County;Harrison County;Marion County;Taylor County,54091,"WVSP Grafton Detachment (Troop 1, District 1)",https://www.wvsp.gov/contact/Pages/detachments.aspx,"Matched ORI town 'Grafton' to WVSP Grafton Detachment (Troop 1, District 1); per the supervisor ruling WV footprints are taken at DISTRICT granularity, and WV_posts.csv's notes give Troop 1 District 1 as covering 4 counties (Doddridge;Harrison;Marion;Taylor). Detachment-to-county attribution is not published by WVSP (ESCALATIONS.md), so detachments sharing a district legitimately share this county list."
WVWSP1500,54,SP GRANTSVILLE,post_multi_county_footprint,district,54013;54015;54087,Calhoun County;Clay County;Roane County,54013,"WVSP Grantsville Detachment (Troop 4, District 3)",https://www.wvsp.gov/contact/Pages/detachments.aspx,"Matched ORI town 'Grantsville' to WVSP Grantsville Detachment (Troop 4, District 3); per the supervisor ruling WV footprints are taken at DISTRICT granularity, and WV_posts.csv's notes give Troop 4 District 3 as covering 3 counties (Calhoun;Clay;Roane). Detachment-to-county attribution is not published by WVSP (ESCALATIONS.md), so detachments sharing a district legitimately share this county list."
WVWSP1600,54,SP HAMLIN,post_multi_county_footprint,district,54005;54043,Boone County;Lincoln County,54043,"WVSP Hamlin Detachment (Troop 5, District 3)",https://www.wvsp.gov/contact/Pages/detachments.aspx,"Matched ORI town 'Hamlin' to WVSP Hamlin Detachment (Troop 5, District 3); per the supervisor ruling WV footprints are taken at DISTRICT granularity, and WV_posts.csv's notes give Troop 5 District 3 as covering 2 counties (Boone;Lincoln). Detachment-to-county attribution is not published by WVSP (ESCALATIONS.md), so detachments sharing a district legitimately share this county list."
WVWSP1700,54,SP HARRISVILLE,post_multi_county_footprint,district,54073;54085;54105;54107,Pleasants County;Ritchie County;Wirt County;Wood County,54085,"WVSP Harrisville Detachment (Troop 4, District 2)",https://www.wvsp.gov/contact/Pages/detachments.aspx,"Matched ORI town 'Harrisville' to WVSP Harrisville Detachment (Troop 4, District 2); per the supervisor ruling WV footprints are taken at DISTRICT granularity, and WV_posts.csv's notes give Troop 4 District 2 as covering 4 counties (Pleasants;Ritchie;Wirt;Wood). Detachment-to-county attribution is not published by WVSP (ESCALATIONS.md), so detachments sharing a district legitimately share this county list."
WVWSP1800,54,SP HINTON,post_multi_county_footprint,district,54025;54063;54089,Greenbrier County;Monroe County;Summers County,54089,"WVSP Hinton Detachment (Troop 6, District 3)",https://www.wvsp.gov/contact/Pages/detachments.aspx,"Matched ORI town 'Hinton' to WVSP Hinton Detachment (Troop 6, District 3); per the supervisor ruling WV footprints are taken at DISTRICT granularity, and WV_posts.csv's notes give Troop 6 District 3 as covering 3 counties (Greenbrier;Monroe;Summers). Detachment-to-county attribution is not published by WVSP (ESCALATIONS.md), so detachments sharing a district legitimately share this county list."
WVWSP1900,54,SP HUNTINGTON,post_multi_county_footprint,district,54011;54099,Cabell County;Wayne County,54011,"WVSP Huntington Detachment (Troop 5, District 2)",https://www.wvsp.gov/contact/Pages/detachments.aspx,"Matched ORI town 'Huntington' to WVSP Huntington Detachment (Troop 5, District 2); per the supervisor ruling WV footprints are taken at DISTRICT granularity, and WV_posts.csv's notes give Troop 5 District 2 as covering 2 counties (Cabell;Wayne). Detachment-to-county attribution is not published by WVSP (ESCALATIONS.md), so detachments sharing a district legitimately share this county list."
WVWSP2000,54,SP KEYSER,post_multi_county_footprint,district,54027;54057;54065,Hampshire County;Mineral County;Morgan County,54057,"WVSP Keyser Detachment (Troop 2, District 2)",https://www.wvsp.gov/contact/Pages/detachments.aspx,"Matched ORI town 'Keyser' to WVSP Keyser Detachment (Troop 2, District 2); per the supervisor ruling WV footprints are taken at DISTRICT granularity, and WV_posts.csv's notes give Troop 2 District 2 as covering 3 counties (Hampshire;Mineral;Morgan). Detachment-to-county attribution is not published by WVSP (ESCALATIONS.md), so detachments sharing a district legitimately share this county list."
WVWSP2100,54,SP KINGWOOD,post_multi_county_footprint,district,54061;54077,Monongalia County;Preston County,54077,"WVSP Kingwood Detachment (Troop 1, District 2)",https://www.wvsp.gov/contact/Pages/detachments.aspx,"Matched ORI town 'Kingwood' to WVSP Kingwood Detachment (Troop 1, District 2); per the supervisor ruling WV footprints are taken at DISTRICT granularity, and WV_posts.csv's notes give Troop 1 District 2 as covering 2 counties (Monongalia;Preston). Detachment-to-county attribution is not published by WVSP (ESCALATIONS.md), so detachments sharing a district legitimately share this county list."
WVWSP2200,54,SP LEWISBURG,post_multi_county_footprint,district,54025;54063;54089,Greenbrier County;Monroe County;Summers County,54025,"WVSP Lewisburg Detachment (Troop 6, District 3)",https://www.wvsp.gov/contact/Pages/detachments.aspx,"Matched ORI town 'Lewisburg' to WVSP Lewisburg Detachment (Troop 6, District 3); per the supervisor ruling WV footprints are taken at DISTRICT granularity, and WV_posts.csv's notes give Troop 6 District 3 as covering 3 counties (Greenbrier;Monroe;Summers). Detachment-to-county attribution is not published by WVSP (ESCALATIONS.md), so detachments sharing a district legitimately share this county list."
WVWSP2300,54,SP LOGAN,post_multi_county_footprint,district,54045;54059,Logan County;Mingo County,54045,"WVSP Logan Detachment (Troop 5, District 1)",https://www.wvsp.gov/contact/Pages/detachments.aspx,"Matched ORI town 'Logan' to WVSP Logan Detachment (Troop 5, District 1); per the supervisor ruling WV footprints are taken at DISTRICT granularity, and WV_posts.csv's notes give Troop 5 District 1 as covering 2 counties (Logan;Mingo). Detachment-to-county attribution is not published by WVSP (ESCALATIONS.md), so detachments sharing a district legitimately share this county list."
WVWSP2400,54,SP MADISON,post_multi_county_footprint,district,54005;54043,Boone County;Lincoln County,54005,"WVSP Madison Detachment (Troop 5, District 3)",https://www.wvsp.gov/contact/Pages/detachments.aspx,"Matched ORI town 'Madison' to WVSP Madison Detachment (Troop 5, District 3); per the supervisor ruling WV footprints are taken at DISTRICT granularity, and WV_posts.csv's notes give Troop 5 District 3 as covering 2 counties (Boone;Lincoln). Detachment-to-county attribution is not published by WVSP (ESCALATIONS.md), so detachments sharing a district legitimately share this county list."
WVWSP2500,54,SP MARLINTON,post_multi_county_footprint,district,54075;54083;54093,Pocahontas County;Randolph County;Tucker County,54075,"WVSP Marlinton Detachment (Troop 3, District 1)",https://www.wvsp.gov/contact/Pages/detachments.aspx,"Matched ORI town 'Marlinton' to WVSP Marlinton Detachment (Troop 3, District 1); per the supervisor ruling WV footprints are taken at DISTRICT granularity, and WV_posts.csv's notes give Troop 3 District 1 as covering 3 counties (Pocahontas;Randolph;Tucker). Detachment-to-county attribution is not published by WVSP (ESCALATIONS.md), so detachments sharing a district legitimately share this county list."
WVWSP2600,54,SP MARTINSBURG,post_multi_county_footprint,district,54003;54037,Berkeley County;Jefferson County,54003,"WVSP Martinsburg Detachment (Troop 2, District 1)",https://www.wvsp.gov/contact/Pages/detachments.aspx,"Matched ORI town 'Martinsburg' to WVSP Martinsburg Detachment (Troop 2, District 1); per the supervisor ruling WV footprints are taken at DISTRICT granularity, and WV_posts.csv's notes give Troop 2 District 1 as covering 2 counties (Berkeley;Jefferson). Detachment-to-county attribution is not published by WVSP (ESCALATIONS.md), so detachments sharing a district legitimately share this county list."
WVWSP2700,54,SP GAULEY BRIDGE,post_multi_county_footprint,district,54019;54067,Fayette County;Nicholas County,54019,"WVSP Gauley Bridge Detachment (Troop 6, District 2)",https://www.wvsp.gov/contact/Pages/detachments.aspx,"Matched ORI town 'Gauley Bridge' to WVSP Gauley Bridge Detachment (Troop 6, District 2); per the supervisor ruling WV footprints are taken at DISTRICT granularity, and WV_posts.csv's notes give Troop 6 District 2 as covering 2 counties (Fayette;Nicholas). Detachment-to-county attribution is not published by WVSP (ESCALATIONS.md), so detachments sharing a district legitimately share this county list."
WVWSP2800,54,SP MOOREFIELD,post_multi_county_footprint,district,54023;54031;54071,Grant County;Hardy County;Pendleton County,54031,"WVSP Moorefield / Petersburg Detachment (Troop 2, District 3)",https://www.wvsp.gov/contact/Pages/detachments.aspx,"Matched ORI town 'Moorefield' to WVSP Moorefield / Petersburg Detachment (Troop 2, District 3); per the supervisor ruling WV footprints are taken at DISTRICT granularity, and WV_posts.csv's notes give Troop 2 District 3 as covering 3 counties (Grant;Hardy;Pendleton). Detachment-to-county attribution is not published by WVSP (ESCALATIONS.md), so detachments sharing a district legitimately share this county list. The Detachments page names the site ""Moorefield""; the Annual Report calls the same slot ""Moorefield / Petersburg"" (shared with the SP PETERSBURG ORI)."
WVWSP2900,54,SP MORGANTOWN,post_multi_county_footprint,district,54061;54077,Monongalia County;Preston County,54061,"WVSP Morgantown Detachment (Troop 1, District 2)",https://www.wvsp.gov/contact/Pages/detachments.aspx,"Matched ORI town 'Morgantown' to WVSP Morgantown Detachment (Troop 1, District 2); per the supervisor ruling WV footprints are taken at DISTRICT granularity, and WV_posts.csv's notes give Troop 1 District 2 as covering 2 counties (Monongalia;Preston). Detachment-to-county attribution is not published by WVSP (ESCALATIONS.md), so detachments sharing a district legitimately share this county list."
WVWSP3000,54,SP MOUNDSVILLE,post_multi_county_footprint,district,54051;54095;54103,Marshall County;Tyler County;Wetzel County,54051,"WVSP Moundsville Detachment (Troop 1, District 3)",https://www.wvsp.gov/contact/Pages/detachments.aspx,"Matched ORI town 'Moundsville' to WVSP Moundsville Detachment (Troop 1, District 3); per the supervisor ruling WV footprints are taken at DISTRICT granularity, and WV_posts.csv's notes give Troop 1 District 3 as covering 3 counties (Marshall;Tyler;Wetzel). Detachment-to-county attribution is not published by WVSP (ESCALATIONS.md), so detachments sharing a district legitimately share this county list."
WVWSP3100,54,SP OAK HILL,post_multi_county_footprint,district,54019;54067,Fayette County;Nicholas County,54019,"WVSP Oak Hill Detachment (Troop 6, District 2)",https://www.wvsp.gov/contact/Pages/detachments.aspx,"Matched ORI town 'Oak Hill' to WVSP Oak Hill Detachment (Troop 6, District 2); per the supervisor ruling WV footprints are taken at DISTRICT granularity, and WV_posts.csv's notes give Troop 6 District 2 as covering 2 counties (Fayette;Nicholas). Detachment-to-county attribution is not published by WVSP (ESCALATIONS.md), so detachments sharing a district legitimately share this county list."
WVWSP3200,54,SP PADEN CITY,post_multi_county_footprint,district,54051;54095;54103,Marshall County;Tyler County;Wetzel County,54095,"WVSP Paden City Detachment (Troop 1, District 3)",https://www.wvsp.gov/contact/Pages/detachments.aspx,"Matched ORI town 'Paden City' to WVSP Paden City Detachment (Troop 1, District 3); per the supervisor ruling WV footprints are taken at DISTRICT granularity, and WV_posts.csv's notes give Troop 1 District 3 as covering 3 counties (Marshall;Tyler;Wetzel). Detachment-to-county attribution is not published by WVSP (ESCALATIONS.md), so detachments sharing a district legitimately share this county list."
WVWSP3300,54,SP PARKERSBURG,post_multi_county_footprint,district,54073;54085;54105;54107,Pleasants County;Ritchie County;Wirt County;Wood County,54107,"WVSP Parkersburg Detachment (Troop 4, District 2)",https://www.wvsp.gov/contact/Pages/detachments.aspx,"Matched ORI town 'Parkersburg' to WVSP Parkersburg Detachment (Troop 4, District 2); per the supervisor ruling WV footprints are taken at DISTRICT granularity, and WV_posts.csv's notes give Troop 4 District 2 as covering 4 counties (Pleasants;Ritchie;Wirt;Wood). Detachment-to-county attribution is not published by WVSP (ESCALATIONS.md), so detachments sharing a district legitimately share this county list."
WVWSP3400,54,SP PARSONS,post_multi_county_footprint,district,54075;54083;54093,Pocahontas County;Randolph County;Tucker County,54093,"WVSP Parsons Detachment (Troop 3, District 1)",https://www.wvsp.gov/contact/Pages/detachments.aspx,"Matched ORI town 'Parsons' to WVSP Parsons Detachment (Troop 3, District 1); per the supervisor ruling WV footprints are taken at DISTRICT granularity, and WV_posts.csv's notes give Troop 3 District 1 as covering 3 counties (Pocahontas;Randolph;Tucker). Detachment-to-county attribution is not published by WVSP (ESCALATIONS.md), so detachments sharing a district legitimately share this county list."
WVWSP3500,54,SP PETERSBURG,post_multi_county_footprint,district,54023;54031;54071,Grant County;Hardy County;Pendleton County,54023,"WVSP Moorefield / Petersburg Detachment (Troop 2, District 3)",https://www.wvsp.gov/contact/Pages/detachments.aspx,"Matched ORI town 'Petersburg' to WVSP Moorefield / Petersburg Detachment (Troop 2, District 3); per the supervisor ruling WV footprints are taken at DISTRICT granularity, and WV_posts.csv's notes give Troop 2 District 3 as covering 3 counties (Grant;Hardy;Pendleton). Detachment-to-county attribution is not published by WVSP (ESCALATIONS.md), so detachments sharing a district legitimately share this county list. Matched via the WV_posts.csv note: the Annual Report calls this district slot ""Moorefield / Petersburg"" and the note ties it to our zero-mass SP PETERSBURG ORI."
WVWSP3600,54,SP PHILIPPI,post_multi_county_footprint,district,54001;54041;54097,Barbour County;Lewis County;Upshur County,54001,"WVSP Philippi Detachment (Troop 3, District 2)",https://www.wvsp.gov/contact/Pages/detachments.aspx,"Matched ORI town 'Philippi' to WVSP Philippi Detachment (Troop 3, District 2); per the supervisor ruling WV footprints are taken at DISTRICT granularity, and WV_posts.csv's notes give Troop 3 District 2 as covering 3 counties (Barbour;Lewis;Upshur). Detachment-to-county attribution is not published by WVSP (ESCALATIONS.md), so detachments sharing a district legitimately share this county list."
WVWSP3700,54,SP JESSE,post_multi_county_footprint,district,54081;54109,Raleigh County;Wyoming County,54109,"WVSP Jesse Detachment (Troop 6, District 1)",https://www.wvsp.gov/contact/Pages/detachments.aspx,"Matched ORI town 'Jesse' to WVSP Jesse Detachment (Troop 6, District 1); per the supervisor ruling WV footprints are taken at DISTRICT granularity, and WV_posts.csv's notes give Troop 6 District 1 as covering 2 counties (Raleigh;Wyoming). Detachment-to-county attribution is not published by WVSP (ESCALATIONS.md), so detachments sharing a district legitimately share this county list."
WVWSP3800,54,SP POINT PLEASANT,post_multi_county_footprint,district,54035;54053;54079,Jackson County;Mason County;Putnam County,54053,"WVSP Mason County Detachment (Troop 4, District 4)",https://www.wvsp.gov/contact/Pages/detachments.aspx,"Matched ORI town 'Point Pleasant' to WVSP Mason County Detachment (Troop 4, District 4); per the supervisor ruling WV footprints are taken at DISTRICT granularity, and WV_posts.csv's notes give Troop 4 District 4 as covering 3 counties (Jackson;Mason;Putnam). Detachment-to-county attribution is not published by WVSP (ESCALATIONS.md), so detachments sharing a district legitimately share this county list. Matched via the WV_posts.csv note: the Detachments page names this detachment ""Mason County"" rather than a town and the note ties it to our SP POINT PLEASANT ORI."
WVWSP3900,54,SP PRINCETON,post_multi_county_footprint,district,54047;54055,McDowell County;Mercer County,54055,"WVSP Princeton Detachment (Troop 6, District 4)",https://www.wvsp.gov/contact/Pages/detachments.aspx,"Matched ORI town 'Princeton' to WVSP Princeton Detachment (Troop 6, District 4); per the supervisor ruling WV footprints are taken at DISTRICT granularity, and WV_posts.csv's notes give Troop 6 District 4 as covering 2 counties (McDowell;Mercer). Detachment-to-county attribution is not published by WVSP (ESCALATIONS.md), so detachments sharing a district legitimately share this county list."
WVWSP4000,54,SP RAINELLE,post_multi_county_footprint,district,54025;54063;54089,Greenbrier County;Monroe County;Summers County,54025,"WVSP Rainelle Detachment (Troop 6, District 3)",https://www.wvsp.gov/contact/Pages/detachments.aspx,"Matched ORI town 'Rainelle' to WVSP Rainelle Detachment (Troop 6, District 3); per the supervisor ruling WV footprints are taken at DISTRICT granularity, and WV_posts.csv's notes give Troop 6 District 3 as covering 3 counties (Greenbrier;Monroe;Summers). Detachment-to-county attribution is not published by WVSP (ESCALATIONS.md), so detachments sharing a district legitimately share this county list."
WVWSP4100,54,SP RICHWOOD,post_multi_county_footprint,district,54019;54067,Fayette County;Nicholas County,54067,"WVSP Richwood Detachment (Troop 6, District 2)",https://www.wvsp.gov/contact/Pages/detachments.aspx,"Matched ORI town 'Richwood' to WVSP Richwood Detachment (Troop 6, District 2); per the supervisor ruling WV footprints are taken at DISTRICT granularity, and WV_posts.csv's notes give Troop 6 District 2 as covering 2 counties (Fayette;Nicholas). Detachment-to-county attribution is not published by WVSP (ESCALATIONS.md), so detachments sharing a district legitimately share this county list."
WVWSP4200,54,SP RIPLEY,post_multi_county_footprint,district,54035;54053;54079,Jackson County;Mason County;Putnam County,54035,"WVSP Ripley Detachment (Troop 4, District 4)",https://www.wvsp.gov/contact/Pages/detachments.aspx,"Matched ORI town 'Ripley' to WVSP Ripley Detachment (Troop 4, District 4); per the supervisor ruling WV footprints are taken at DISTRICT granularity, and WV_posts.csv's notes give Troop 4 District 4 as covering 3 counties (Jackson;Mason;Putnam). Detachment-to-county attribution is not published by WVSP (ESCALATIONS.md), so detachments sharing a district legitimately share this county list."
WVWSP4300,54,SP ROMNEY,post_multi_county_footprint,district,54027;54057;54065,Hampshire County;Mineral County;Morgan County,54027,"WVSP Romney Detachment (Troop 2, District 2)",https://www.wvsp.gov/contact/Pages/detachments.aspx,"Matched ORI town 'Romney' to WVSP Romney Detachment (Troop 2, District 2); per the supervisor ruling WV footprints are taken at DISTRICT granularity, and WV_posts.csv's notes give Troop 2 District 2 as covering 3 counties (Hampshire;Mineral;Morgan). Detachment-to-county attribution is not published by WVSP (ESCALATIONS.md), so detachments sharing a district legitimately share this county list."
WVWSP4400,54,SP ST MARYS,post_multi_county_footprint,district,54073;54085;54105;54107,Pleasants County;Ritchie County;Wirt County;Wood County,54073,"WVSP St. Marys Detachment (Troop 4, District 2)",https://www.wvsp.gov/contact/Pages/detachments.aspx,"Matched ORI town 'St Marys' to WVSP St. Marys Detachment (Troop 4, District 2); per the supervisor ruling WV footprints are taken at DISTRICT granularity, and WV_posts.csv's notes give Troop 4 District 2 as covering 4 counties (Pleasants;Ritchie;Wirt;Wood). Detachment-to-county attribution is not published by WVSP (ESCALATIONS.md), so detachments sharing a district legitimately share this county list."
WVWSP4600,54,SP SOUTH CHARLESTON,single_county_confirmed,district,54039,Kanawha County,54039,"WVSP South Charleston Detachment (Troop 4, District 1)",https://www.wvsp.gov/contact/Pages/detachments.aspx,"Matched ORI town 'South Charleston' to WVSP South Charleston Detachment (Troop 4, District 1); per the supervisor ruling WV footprints are taken at DISTRICT granularity, and WV_posts.csv's notes give Troop 4 District 1 as covering 1 county (Kanawha). Detachment-to-county attribution is not published by WVSP (ESCALATIONS.md), so detachments sharing a district legitimately share this county list."
WVWSP4700,54,SP SPENCER,post_multi_county_footprint,district,54013;54015;54087,Calhoun County;Clay County;Roane County,54087,"WVSP Spencer Detachment (Troop 4, District 3)",https://www.wvsp.gov/contact/Pages/detachments.aspx,"Matched ORI town 'Spencer' to WVSP Spencer Detachment (Troop 4, District 3); per the supervisor ruling WV footprints are taken at DISTRICT granularity, and WV_posts.csv's notes give Troop 4 District 3 as covering 3 counties (Calhoun;Clay;Roane). Detachment-to-county attribution is not published by WVSP (ESCALATIONS.md), so detachments sharing a district legitimately share this county list. WV_posts.csv flags a source inconsistency for this row: the FY2024 Annual Report's Troop 4 District 3 list reads ""Clay, Roane, Grantsville"", using the county name ""Roane"" where every other entry uses a town; the Detachments page has no ""Roane"" station but does list Spencer (Roane County seat), which appears nowhere in the Annual Report district breakdown."
WVWSP4800,54,SP SUMMERSVILLE,post_multi_county_footprint,district,54019;54067,Fayette County;Nicholas County,54067,"WVSP Summersville Detachment (Troop 6, District 2)",https://www.wvsp.gov/contact/Pages/detachments.aspx,"Matched ORI town 'Summersville' to WVSP Summersville Detachment (Troop 6, District 2); per the supervisor ruling WV footprints are taken at DISTRICT granularity, and WV_posts.csv's notes give Troop 6 District 2 as covering 2 counties (Fayette;Nicholas). Detachment-to-county attribution is not published by WVSP (ESCALATIONS.md), so detachments sharing a district legitimately share this county list."
WVWSP4900,54,SP SUTTON,post_multi_county_footprint,district,54007;54021;54101,Braxton County;Gilmer County;Webster County,54007,"WVSP Sutton Detachment (Troop 3, District 3)",https://www.wvsp.gov/contact/Pages/detachments.aspx,"Matched ORI town 'Sutton' to WVSP Sutton Detachment (Troop 3, District 3); per the supervisor ruling WV footprints are taken at DISTRICT granularity, and WV_posts.csv's notes give Troop 3 District 3 as covering 3 counties (Braxton;Gilmer;Webster). Detachment-to-county attribution is not published by WVSP (ESCALATIONS.md), so detachments sharing a district legitimately share this county list."
WVWSP5000,54,SP WHEELING,post_multi_county_footprint,district,54009;54029;54069,Brooke County;Hancock County;Ohio County,54069,"WVSP Wheeling Detachment (Troop 1, District 4)",https://www.wvsp.gov/contact/Pages/detachments.aspx,"Matched ORI town 'Wheeling' to WVSP Wheeling Detachment (Troop 1, District 4); per the supervisor ruling WV footprints are taken at DISTRICT granularity, and WV_posts.csv's notes give Troop 1 District 4 as covering 3 counties (Brooke;Hancock;Ohio). Detachment-to-county attribution is not published by WVSP (ESCALATIONS.md), so detachments sharing a district legitimately share this county list."
WVWSP5100,54,SP UNION,post_multi_county_footprint,district,54025;54063;54089,Greenbrier County;Monroe County;Summers County,54063,"WVSP Union Detachment (Troop 6, District 3)",https://www.wvsp.gov/contact/Pages/detachments.aspx,"Matched ORI town 'Union' to WVSP Union Detachment (Troop 6, District 3); per the supervisor ruling WV footprints are taken at DISTRICT granularity, and WV_posts.csv's notes give Troop 6 District 3 as covering 3 counties (Greenbrier;Monroe;Summers). Detachment-to-county attribution is not published by WVSP (ESCALATIONS.md), so detachments sharing a district legitimately share this county list."
WVWSP5200,54,SP WAYNE,post_multi_county_footprint,district,54011;54099,Cabell County;Wayne County,54099,"WVSP Wayne Detachment (Troop 5, District 2)",https://www.wvsp.gov/contact/Pages/detachments.aspx,"Matched ORI town 'Wayne' to WVSP Wayne Detachment (Troop 5, District 2); per the supervisor ruling WV footprints are taken at DISTRICT granularity, and WV_posts.csv's notes give Troop 5 District 2 as covering 2 counties (Cabell;Wayne). Detachment-to-county attribution is not published by WVSP (ESCALATIONS.md), so detachments sharing a district legitimately share this county list."
WVWSP5300,54,SP UPPERGLADE,post_multi_county_footprint,district,54007;54021;54101,Braxton County;Gilmer County;Webster County,54101,"WVSP Webster Springs Detachment (Troop 3, District 3)",https://www.wvsp.gov/contact/Pages/detachments.aspx,"Matched ORI town 'Upperglade' to WVSP Webster Springs Detachment (Troop 3, District 3); per the supervisor ruling WV footprints are taken at DISTRICT granularity, and WV_posts.csv's notes give Troop 3 District 3 as covering 3 counties (Braxton;Gilmer;Webster). Detachment-to-county attribution is not published by WVSP (ESCALATIONS.md), so detachments sharing a district legitimately share this county list. Matched via the detachment address town: WV_posts.csv gives the Webster Springs detachment address as 5525 Webster Road, Upper Glade, WV."
WVWSP5500,54,SP WELCH,post_multi_county_footprint,district,54047;54055,McDowell County;Mercer County,54047,"WVSP Welch Detachment (Troop 6, District 4)",https://www.wvsp.gov/contact/Pages/detachments.aspx,"Matched ORI town 'Welch' to WVSP Welch Detachment (Troop 6, District 4); per the supervisor ruling WV footprints are taken at DISTRICT granularity, and WV_posts.csv's notes give Troop 6 District 4 as covering 2 counties (McDowell;Mercer). Detachment-to-county attribution is not published by WVSP (ESCALATIONS.md), so detachments sharing a district legitimately share this county list."
WVWSP5600,54,SP WELLSBURG,post_multi_county_footprint,district,54009;54029;54069,Brooke County;Hancock County;Ohio County,54009,"WVSP Wellsburg Detachment (Troop 1, District 4)",https://www.wvsp.gov/contact/Pages/detachments.aspx,"Matched ORI town 'Wellsburg' to WVSP Wellsburg Detachment (Troop 1, District 4); per the supervisor ruling WV footprints are taken at DISTRICT granularity, and WV_posts.csv's notes give Troop 1 District 4 as covering 3 counties (Brooke;Hancock;Ohio). Detachment-to-county attribution is not published by WVSP (ESCALATIONS.md), so detachments sharing a district legitimately share this county list."
WVWSP5700,54,SP WESTON,post_multi_county_footprint,district,54001;54041;54097,Barbour County;Lewis County;Upshur County,54041,"WVSP Weston Detachment (Troop 3, District 2)",https://www.wvsp.gov/contact/Pages/detachments.aspx,"Matched ORI town 'Weston' to WVSP Weston Detachment (Troop 3, District 2); per the supervisor ruling WV footprints are taken at DISTRICT granularity, and WV_posts.csv's notes give Troop 3 District 2 as covering 3 counties (Barbour;Lewis;Upshur). Detachment-to-county attribution is not published by WVSP (ESCALATIONS.md), so detachments sharing a district legitimately share this county list."
WVWSP5800,54,SP WEST UNION,post_multi_county_footprint,district,54017;54033;54049;54091,Doddridge County;Harrison County;Marion County;Taylor County,54017,"WVSP West Union Detachment (Troop 1, District 1)",https://www.wvsp.gov/contact/Pages/detachments.aspx,"Matched ORI town 'West Union' to WVSP West Union Detachment (Troop 1, District 1); per the supervisor ruling WV footprints are taken at DISTRICT granularity, and WV_posts.csv's notes give Troop 1 District 1 as covering 4 counties (Doddridge;Harrison;Marion;Taylor). Detachment-to-county attribution is not published by WVSP (ESCALATIONS.md), so detachments sharing a district legitimately share this county list."
WVWSP5900,54,SP WHITESVILLE,post_multi_county_footprint,district,54005;54043,Boone County;Lincoln County,54005,"WVSP Whitesville Detachment (Troop 5, District 3)",https://www.wvsp.gov/contact/Pages/detachments.aspx,"Matched ORI town 'Whitesville' to WVSP Whitesville Detachment (Troop 5, District 3); per the supervisor ruling WV footprints are taken at DISTRICT granularity, and WV_posts.csv's notes give Troop 5 District 3 as covering 2 counties (Boone;Lincoln). Detachment-to-county attribution is not published by WVSP (ESCALATIONS.md), so detachments sharing a district legitimately share this county list."
WVWSP6000,54,SP WILLIAMSON,post_multi_county_footprint,district,54045;54059,Logan County;Mingo County,54059,"WVSP Williamson Detachment (Troop 5, District 1)",https://www.wvsp.gov/contact/Pages/detachments.aspx,"Matched ORI town 'Williamson' to WVSP Williamson Detachment (Troop 5, District 1); per the supervisor ruling WV footprints are taken at DISTRICT granularity, and WV_posts.csv's notes give Troop 5 District 1 as covering 2 counties (Logan;Mingo). Detachment-to-county attribution is not published by WVSP (ESCALATIONS.md), so detachments sharing a district legitimately share this county list."
WVWSP6100,54,SP WINFIELD,post_multi_county_footprint,district,54035;54053;54079,Jackson County;Mason County;Putnam County,54079,"WVSP Winfield Detachment (Troop 4, District 4)",https://www.wvsp.gov/contact/Pages/detachments.aspx,"Matched ORI town 'Winfield' to WVSP Winfield Detachment (Troop 4, District 4); per the supervisor ruling WV footprints are taken at DISTRICT granularity, and WV_posts.csv's notes give Troop 4 District 4 as covering 3 counties (Jackson;Mason;Putnam). Detachment-to-county attribution is not published by WVSP (ESCALATIONS.md), so detachments sharing a district legitimately share this county list."
WVWSP6200,54,SP PKWY AUTH KANAWHA CO,single_county_confirmed,post,54039,Kanawha County,54039,"WVSP Turnpike/Parkways Troop 7 (Beckley HQ, Turnpike Authority)",https://www.wvsp.gov/contact/Pages/detachments.aspx,"Turnpike/Parkways (Troop 7) sub-station ORI named by county (Kanawha County). Troop 7's published coverage is the four Turnpike counties Fayette;Kanawha;Mercer;Raleigh, so the ORI's own county is inside the troop footprint. ESCALATIONS.md records the open gap: the Detachments page lists only three named Troop 7 locations (Beckley, Charleston South, Princeton) for four county-named ORIs, so sub-station-to-county attribution is not published; the county-named ORI is taken at face value."
WVWSP6600,54,SP NEW CUMBERLAND,post_multi_county_footprint,district,54009;54029;54069,Brooke County;Hancock County;Ohio County,54029,"WVSP New Cumberland Detachment (Troop 1, District 4)",https://www.wvsp.gov/contact/Pages/detachments.aspx,"Matched ORI town 'New Cumberland' to WVSP New Cumberland Detachment (Troop 1, District 4); per the supervisor ruling WV footprints are taken at DISTRICT granularity, and WV_posts.csv's notes give Troop 1 District 4 as covering 3 counties (Brooke;Hancock;Ohio). Detachment-to-county attribution is not published by WVSP (ESCALATIONS.md), so detachments sharing a district legitimately share this county list."
WVWSP6700,54,SP PKWY AUTH MERCER CO,single_county_confirmed,post,54055,Mercer County,54055,"WVSP Turnpike/Parkways Troop 7 (Beckley HQ, Turnpike Authority)",https://www.wvsp.gov/contact/Pages/detachments.aspx,"Turnpike/Parkways (Troop 7) sub-station ORI named by county (Mercer County). Troop 7's published coverage is the four Turnpike counties Fayette;Kanawha;Mercer;Raleigh, so the ORI's own county is inside the troop footprint. ESCALATIONS.md records the open gap: the Detachments page lists only three named Troop 7 locations (Beckley, Charleston South, Princeton) for four county-named ORIs, so sub-station-to-county attribution is not published; the county-named ORI is taken at face value."
WVWSP6800,54,SP PKWY AUTH FAYETTE CO,single_county_confirmed,post,54019,Fayette County,54019,"WVSP Turnpike/Parkways Troop 7 (Beckley HQ, Turnpike Authority)",https://www.wvsp.gov/contact/Pages/detachments.aspx,"Turnpike/Parkways (Troop 7) sub-station ORI named by county (Fayette County). Troop 7's published coverage is the four Turnpike counties Fayette;Kanawha;Mercer;Raleigh, so the ORI's own county is inside the troop footprint. ESCALATIONS.md records the open gap: the Detachments page lists only three named Troop 7 locations (Beckley, Charleston South, Princeton) for four county-named ORIs, so sub-station-to-county attribution is not published; the county-named ORI is taken at face value."
WVWSP6900,54,SP PKWY AUTH RALEIGH CO,single_county_confirmed,post,54081,Raleigh County,54081,"WVSP Turnpike/Parkways Troop 7 (Beckley HQ, Turnpike Authority)",https://www.wvsp.gov/contact/Pages/detachments.aspx,"Turnpike/Parkways (Troop 7) sub-station ORI named by county (Raleigh County). Troop 7's published coverage is the four Turnpike counties Fayette;Kanawha;Mercer;Raleigh, so the ORI's own county is inside the troop footprint. ESCALATIONS.md records the open gap: the Detachments page lists only three named Troop 7 locations (Beckley, Charleston South, Princeton) for four county-named ORIs, so sub-station-to-county attribution is not published; the county-named ORI is taken at face value."
WVWSP8500,54,SP BCI CHARLESTON,route_statewide,n/a,,,54039,WVSP Bureau of Criminal Investigation (BCI) regional offices,https://www.wvsp.gov/contact/Pages/detachments.aspx,"WVSP Bureau of Criminal Investigation regional office. The Detachments page lists BCI once under Troop 0 with no per-region address or coverage breakdown (ESCALATIONS.md records this as unresolved, and notes Bluefield matches no Troop HQ city); an investigative bureau office is not a county-patrol post, so it is routed statewide."
WVWSP8600,54,SP BCI FAIRMONT,route_statewide,n/a,,,54049,WVSP Bureau of Criminal Investigation (BCI) regional offices,https://www.wvsp.gov/contact/Pages/detachments.aspx,"WVSP Bureau of Criminal Investigation regional office. The Detachments page lists BCI once under Troop 0 with no per-region address or coverage breakdown (ESCALATIONS.md records this as unresolved, and notes Bluefield matches no Troop HQ city); an investigative bureau office is not a county-patrol post, so it is routed statewide."
WVWSP8700,54,SP BCI MARTINSBURG,route_statewide,n/a,,,54003,WVSP Bureau of Criminal Investigation (BCI) regional offices,https://www.wvsp.gov/contact/Pages/detachments.aspx,"WVSP Bureau of Criminal Investigation regional office. The Detachments page lists BCI once under Troop 0 with no per-region address or coverage breakdown (ESCALATIONS.md records this as unresolved, and notes Bluefield matches no Troop HQ city); an investigative bureau office is not a county-patrol post, so it is routed statewide."
WVWSP8800,54,SP BCI BECKLEY,route_statewide,n/a,,,54081,WVSP Bureau of Criminal Investigation (BCI) regional offices,https://www.wvsp.gov/contact/Pages/detachments.aspx,"WVSP Bureau of Criminal Investigation regional office. The Detachments page lists BCI once under Troop 0 with no per-region address or coverage breakdown (ESCALATIONS.md records this as unresolved, and notes Bluefield matches no Troop HQ city); an investigative bureau office is not a county-patrol post, so it is routed statewide."
WVWSP9300,54,SP BCI BLUEFIELD,route_statewide,n/a,,,54055,WVSP Bureau of Criminal Investigation (BCI) regional offices,https://www.wvsp.gov/contact/Pages/detachments.aspx,"WVSP Bureau of Criminal Investigation regional office. The Detachments page lists BCI once under Troop 0 with no per-region address or coverage breakdown (ESCALATIONS.md records this as unresolved, and notes Bluefield matches no Troop HQ city); an investigative bureau office is not a county-patrol post, so it is routed statewide."
WVWSP9800,54,SP INTRNT CRMS A CHLD U,route_statewide,n/a,,,54061,WVSP Crimes Against Children Unit (Internet Crimes Against Children Task Force),https://www.wvsp.gov/contact/Pages/detachments.aspx,"WVSP Internet Crimes Against Children Unit, listed under Troop 0 at a single Morgantown address; a statewide investigative unit by function, not a county-patrol post."
