case_id,case_class,state,oris,mass_hint,arm,verdict,confidence,kind,replicate_verdicts,downstream_action,packet_file,detail,rationale,resolved_by_cleanup,resolution
b2-MN0181100-pequot-lakes,published_zero,MN,MN0181100,37.0,opus,genuine_zero_year,medium,cross_class_same_ori_contradiction,"token_reporter:token_reporting_flag(sol,high) via c-MN0181100-pequot-lakes",reconcile_before_apply,batches/batch_001.json,"Keep 0 for 2024; EST2024 [observed x7] stands. Decisive fact: the immediately preceding year's baseline is 2 offenses (2023), so P(0 | rate=2/yr) = e^-2 = 13.5% — an ordinary outcome, not an anomaly. The SRS 0mo does NOT indicate non-submission for this ORI: post-transition the converted Return-A month count tracks months-with-a-record almost exactly (2020: 16 offenses/7mo, 2021: 6/6mo, 2022: 12/11mo, 2023: 2/2mo), so 0 offenses mechanically yields 0 months. SEPARATE FLAG for downstream: the 2019->2020 step from 62 to 16 falls exactly on nibrs_start 2020-01-01 — a 74% drop at the transition boundary. Review 2020-2024 as a block-level NIBRS-transition degradation candidate; that does not change the 2024 ruling but the whole block may sit below true level.","The 12-month NIBRS batch header is a real affirmative submission, and unlike CIUS it is the submission record itself rather than a derivative of it, so the BLANK-AS-ZERO artifact does not apply. The discriminator against the fake zeros in this same batch is the prior-year baseline: Pequot Lakes reached 2 before reaching 0, whereas Blountsville and Buchanan drop to 0 from baselines of 31 and 24. Confidence is capped at medium because the 2020 transition step is a textbook feed-degradation signature, so the 2018-2019 level of 62-94 may be the true one and the recent near-zeros may all be understated.",1,x-MN0181100-pequot-lakes:misread_missing(opus/high)
b2-TX2300300-ore-city,published_zero,TX,TX2300300,30.0,opus,genuine_zero_year,medium,cross_class_same_ori_contradiction,"token_reporter:token_reporting_flag(opus,high) via c-TX2300300-ore-city",reconcile_before_apply,batches/batch_002.json,"Accept the zero; EST2024=0 stands. Deciding fact: the 12-month NIBRS batch header — twelve monthly submissions including zero-reports — which is the only mechanism by which a genuine zero can be recorded, and which rules out BLANK-AS-ZERO explicitly (that artifact requires a 0-2 month submission record; here it is 12). The CIUS 0 is a derived echo of the same submission and supplies no independent corroboration. RESIDUAL DOUBT, record don't patch: the zero terminates a monotone annualized decline (31 / 16 / 16 / 10.5 / 6.9 / 0) and the all-zero vector makes the composition test inapplicable, so a phantom auto-zero-report feed cannot be excluded. Class-level follow-up: check whether municipal place 4854216 at w=1 exclusive is a coverage hole — a PD gone dark to the Upshur County sheriff produces a technically-true ORI zero plus a real geographic hole.","The 2024 FBI submission record shows 12 NIBRS months, not the 0-2 months that defines publication-without-submission, so the printed zero rests on a real full-year submission rather than a default label. Month coverage improved from 7mo (2023) to 12mo (2024) while content went to zero, which reads more like an agency that submitted more and found nothing than like a feed dying. For a town of 1,196 whose last two annualized levels were ~10.5 and ~6.9, a zero year is physically attainable, though it sits well below the 2021 full-12-month level of 16 — hence medium, not high.",1,x-TX2300300-ore-city:misread_missing(sol/high)
b2-MN0610200-starbuck,published_zero,MN,MN0610200,28.5,opus,genuine_zero_year,low,cross_class_same_ori_contradiction,"token_reporter:token_reporting_flag(sol,medium) via c-MN0610200-starbuck",reconcile_before_apply,batches/batch_002.json,"Accept the zero, but this is the weakest published_zero in the batch and I would not object to escalation. Deciding fact: TWO lanes show submission-with-zero — a 12-month NIBRS batch header AND SRS at 6 months with zero counts — so BLANK-AS-ZERO (which requires a 0-2 month submission record) is ruled out on the primary record; the CIUS 0 adds nothing, being a derived echo. RESIDUAL DOUBT driving the low confidence: unlike Ore City and Bogata this is a cliff, not a decline — three consecutive full 12-month NIBRS years at 5, 7, 9 then exactly 0, roughly a 1-in-1000 Poisson event at lambda~8 — and the two lanes disagree on months (12 vs 6). If escalated, the question to answer is whether Starbuck PD still fields officers or has effectively handed policing to the Pope County sheriff while its RMS keeps firing monthly zero-reports; that outcome makes the ORI zero true but leaves place 2762500 a coverage hole.","The 2024 submission record shows 12 NIBRS months plus 6 SRS months, both carrying zero counts, which is affirmative zero-reporting rather than publication without submission. The all-zero vector makes the composition test inapplicable, removing the usual discriminator between a real zero and a dark feed, so the submission record is the only evidence available and it points to accept. Against three stable immediately-prior full-year levels of 5, 7 and 9, an exact zero is the least plausible of the three zeros in this batch, and the earlier 68/48 levels in 2018-19 suggest the ORI's scope changed at some point — hence low confidence on an accept verdict.",1,x-MN0610200-starbuck:misread_missing(opus/medium)
b2-TX1940300-bogata,published_zero,TX,TX1940300,24.0,opus,genuine_zero_year,medium,cross_class_same_ori_contradiction,"token_reporter:token_reporting_flag(opus,high) via c-TX1940300-bogata",reconcile_before_apply,batches/batch_002.json,"Accept the zero; EST2024=0 stands. Deciding fact: the 12-month NIBRS batch header rules out BLANK-AS-ZERO, which requires a 0-2 month submission record, and the immediately prior year is 2 on an equally full 12-month header — a zero against lambda~2 is a ~13% event, entirely ordinary. The CIUS 0 is a derived echo of the same submission, not corroboration. RESIDUAL DOUBT to record: the genuinely unexplained step is 2022->2023 (21 -> 2 on unchanged 12-month headers), so if 2023 is itself a broken feed then 2024 is year two of the same break rather than a true zero. Worth checking whether Bogata PD (pop 1,102, Red River County) still operates or has handed policing to the county sheriff — that outcome makes the ORI zero true but leaves place 4809172 a coverage hole.","The 2024 submission record shows 12 NIBRS months, not the 0-2 months that defines publication-without-submission, so the printed zero rests on a real full-year submission. Of the three published_zero cases in this batch, this is the only one where the zero is a small step from the prior year rather than a cliff — 2023 was 2 offenses on a full 12-month header — so the Poisson objection that weakens Ore City and Starbuck does not apply here. For a town of 1,102 that is a physically attainable zero, and rejecting it would fabricate roughly 2 offenses; the doubt sits on 2023, not on 2024.",1,x-TX1940300-bogata:misread_missing(opus/high)
c-TX1940300-bogata,token_reporter,TX,TX1940300,24.0,opus,token_reporting_flag,high,cross_class_same_ori_contradiction,"published_zero:genuine_zero_year(opus,medium) via b2-TX1940300-bogata",reconcile_before_apply,batches/batch_021.json,"Sub-verdict: structural_zero_treat_as_missing. EST2024 = 0 observed is NOT defensible — it publishes a false zero onto Census place 4809172 ('Bogata city') at weight 1, exclusive. Repair: mark 2024 a non-report. Own-history fill is legal here (2022 is within the 2-year window): the last two clean 12-month years are 2021 (19, both lanes 12mo) and 2022 (21, NIB 12mo), median 20 — fill ~19-21. SPILLOVER: 2023 has the same defect and is currently accepted as a complete high-tier year. Its CIUS 2 sits on an SRS record of 2 reported months, and its composition is distorted exactly as a truncated year would be (aggravated assault 0% of a 3.8 baseline, burglary 10%, larceny 7.8%, aggregate 6.8%). 2023 should be restamped months_reported=2 (annualising to 12) or marked missing alongside 2024, otherwise it will be used as the neighbour that legitimises the 2024 zero.","This is BLANK-AS-ZERO in its purest form. Bogata reported 47, 27, 32, 19 and 21 Part-I offences in 2018-2022 from a town of ~1,100 — a baseline of 29.2/yr, roughly 4x the peer band median of 702.6/100k (~7.7/yr). A jurisdiction with an average of 9.6 burglaries and 12.8 larcenies a year does not reach exactly zero across all seven streams; the level is not a reachable crime outcome, it is the absence of a submission. The FBI's published CIUS zero is the frozen Return-A master for an agency whose Return-A record shows 0 reported months, so CIUS is the same non-report counted twice, not corroboration. The NIBRS 12-month batch header on a zero total cannot carry the year either: 12 zero-report compliance batches are indistinguishable from 12 genuinely crime-free months on the header alone, and when the same ORI has a 5-year positive history the zero-report reading is the only one consistent with the record. The collapse path 21 (2022, full) -> 2 (2023, 2 Return-A months) -> 0 (2024, 0 Return-A months) is a reporting wind-down, not a crime wind-down.",1,x-TX1940300-bogata:misread_missing(opus/high)
b2-IL0141300-germantown,published_zero,IL,IL0141300,20.0,opus,genuine_zero_year,medium,cross_class_same_ori_contradiction,"token_reporter:token_reporting_flag(opus,high) via c-IL0141300-germantown",reconcile_before_apply,batches/batch_003.json,"Accept 0 for 2024, but attach a watch flag rather than treating it as a settled structural fact: if 2025 also prints all-seven zeros, reclassify the 2022-2025 run as a decayed feed and refill from the pre-transition baseline (2018 20, 2019 28). Do not let this zero anchor any own-history fill for neighbouring agency-years.","The immediately preceding credible level makes a zero draw ordinary rather than extraordinary: 2023 was 2 at a 12-month NIBRS header (SRS 2 at 5mo annualizes to ~5), so P(0) is 3-14% — unremarkable for a 1,383-person village. The 12-month NIBRS batch header is an affirmative submission and the agency has filed 12-month NIBRS in 2022, 2023 and 2024. I explicitly do not treat the 28->7->6->2->0 slope as support (partial feeds decay smoothly); the ruling rests on the magnitude of the last measured level, and the pre-NIBRS baseline of 20-28 is the reason this is medium and not high.",1,x-IL0141300-germantown:misread_missing(sol/high)
c-IL0580100-blue-mound,token_reporter,IL,IL0580100,17.0,opus,token_reporting_flag,high,cross_class_same_ori_contradiction,"published_zero:genuine_zero_year(luna,high) via b2-IL0580100-blue-mound",reconcile_before_apply,batches/batch_028.json,"structural_zero_treat_as_missing. EST2024 = 0 observed is NOT a defensible repair — this agency-year must not enter the panel as an observed zero. Repair basis: own-history fill is barred by the 2-year rule (last real report is 2020, four years back), so drop the agency-year to missing and fill the footprint from peers: local_police, band (1000,2500], 702.6 per 100k x 1,076 = ~8 Part-I offenses, published as imputed. Recorded for the adjudication file: the own-history anchor, if the 2-year rule were relaxed on the strength of this ruling, is the 2019-2020 level of 5 and ~29-32 (median 17), which would put the fill at ~17 — roughly double the peer figure. I recommend the peer figure as the conservative choice and flag the divergence rather than resolving it silently. Also note the 2020 CIUS row for this ORI is a partial-offense total (larceny row absent, CIUS 11 vs SRS 29): the 2020 lane selection is a separate understatement defect.","The only case in this batch where a full-year zero is unreachable on the agency's own demonstrated level. Two real years exist: 2019 at 5 (12-month SRS) and 2020 at 29 on 11 months (~32 annualised), i.e. 465-2,975 per 100k for a 1,076-person village, with a baseline mix of 3 burglary, 2 larceny, 2 aggravated assault. P(0) under Poisson(5) is 0.7%; under the screen's own-history median of 17 it is 4e-8. Zero across all seven streams is not a crime outcome this agency can produce. The reporting mechanism confirms it: 2018 and 2021, 2022, 2023 carry no submission of any kind, and although the roster puts nibrs_start at 2022-01-01, the NIBRS lane carries NO row for 2022 or 2023 — a NIBRS row exists whenever the batch header claims >=1 month, so this ORI transmitted nothing at all for two years while nominally NIBRS-live. A 12-month all-zero row then appearing in 2024 is the signature of headers without content — an onboarded shell — not of an agency that resumed reporting and found nothing. This agency's own history shows it responds to non-reporting by being absent, not by filing zeros, which is the opposite of the Stanford pattern.",1,x-IL0580100-blue-mound:misread_missing(opus/high)
c-TX2300300-ore-city,token_reporter,TX,TX2300300,16.0,opus,token_reporting_flag,high,cross_class_same_ori_contradiction,"published_zero:genuine_zero_year(opus,medium) via b2-TX2300300-ore-city",reconcile_before_apply,batches/batch_029.json,"Sub-verdict: structural_zero_treat_as_missing. EST2024 = 0 observed is NOT defensible — it publishes a false zero onto Census place 4854216 ('Ore City city') at weight 1, exclusive. Repair: mark 2024 a non-report. Own-history fill is legal (2022 and 2023 are both real reports within the 2-year window): annualising them gives 10.5 (7 on 8 NIBRS months) and 6.9 (4 on 7 months), so ~7-10; anchoring instead on the last two fully-covered years, 2020 and 2021 at 16 each, gives 16. I would fill at ~8-10 and flag it low-confidence, since 2022-2023 are themselves degraded. SPILLOVER: 2018 is SRS 0/0mo — a non-report currently sitting as a zero — and 2022 (8 NIBRS months) and 2023 (7 NIBRS months) are genuinely partial years that should be annualised rather than read at face value.","The single most diagnostic movement in this record is that the NIBRS month count JUMPS UP as the data disappears. Coverage runs 12, 12, 12, then 8, then 7 as the total decays 30, 16, 16, 7, 4 — and then in 2024 the header returns to 12 while the total goes to 0 and the Return-A record goes to 0 months. An agency does not recover four months of coverage in the same year it loses all of its content; that pattern is the switch from filing thin real data to filing zero-report batches, and it is exactly why a 12-month batch header cannot be treated as a completeness certificate when the total is zero. Absolute plausibility independently rules out the zero: Ore City is a town of ~1,196 that logged 16 offences a year on full 12-month coverage in 2020 and 2021 — a baseline of 20.7/yr, about 2.7x the peer band median of 702.6/100k — and zero across all seven streams is not a reachable outcome for such a jurisdiction. The CIUS printed 0 adds nothing: it is the frozen Return-A master for an agency with 0 reported months, i.e. the same non-report counted twice, elevated to tier hi and weight 1.0 purely by the pipeline's months=12 assumption.",1,x-TX2300300-ore-city:misread_missing(sol/high)
c-MN0181100-pequot-lakes,token_reporter,MN,MN0181100,14.0,sol,token_reporting_flag,high,cross_class_same_ori_contradiction,"published_zero:genuine_zero_year(opus,medium) via b2-MN0181100-pequot-lakes",reconcile_before_apply,batches/batch_030.json,"Structurally missing; prefer validated state/local data, else repair around the 2022 total of 12 with peer rate ~17 as a check. EST2024=0 not defensible.","Full-year totals were 94, 62, 16, 6, 12 before the collapse, and the 2023-24 declines align with SRS coverage falling to two then zero months at pop ~2,486.",1,x-MN0181100-pequot-lakes:misread_missing(opus/high)
b2-NM0090400-hurley,published_zero,NM,NM0090400,14.0,opus,genuine_zero_year,high,cross_class_same_ori_contradiction,"token_reporter:token_reporting_flag(sol,high) via c-NM0090400-hurley",reconcile_before_apply,batches/batch_005.json,"Keep 0 as observed; do not fill and do not treat as missing. Downstream should record provenance as the 12-month NIBRS batch header, not the CIUS row, so the CIUS months_reported=12 assumption is never the load-bearing fact for this agency-year.","Single deciding fact: Hurley already has a full-year NIBRS zero on record (2021, NIB 0/12mo) plus a 7-month zero in 2023, so a zero year sits inside its own observed distribution rather than being a discontinuity. The 2024 zero rests on a real 12-month NIBRS submission, and SRS 0/0mo is the expected artifact for a NIBRS-transitioned agency (nibrs_start 2021-01-01), not a second non-report. At 1,221 population with a 2018-2023 range of 0-14 and a recent baseline near 0-8, a zero year is ordinary rather than improbable.",1,x-NM0090400-hurley:misread_missing(opus/high)
c-IL0141300-germantown,token_reporter,IL,IL0141300,13.0,opus,token_reporting_flag,high,cross_class_same_ori_contradiction,"published_zero:genuine_zero_year(opus,medium) via b2-IL0141300-germantown",reconcile_before_apply,batches/batch_031.json,"Packet vocabulary: structural_zero_treat_as_missing. Do not publish 0. Repair basis: the pre-NIBRS clean full years 2018 (20) and 2019 (28) at 12 Return-A months, median 24, in which larceny is 19 of 24 (79% of the agency's own mix). The 2021-2023 NIBRS series (7 on 11 months = 7.6 annualised, 6, 2) must NOT be used as a fill basis — it is the progressive loss of that larceny stream, with 2023 larceny at 1 against a baseline of 19 (5.3%) — yet the 'real report within 2 years' gate will reach 2023's 2 and reproduce the artifact. Recommended 2024: own pre-NIBRS level ~20-24 (population grew 1,278 -> 1,383 over the span), with the peer floor 702.6/100k x 1,383 = 9.7 as the conservative bound; publish ~10-24. EST2024 = 0 [observedx7] is not defensible.","COMPOSITION OVER SLOPE and ABSOLUTE PLAUSIBILITY both fail, and they fail together in a way that identifies the mechanism. The series 24 (2018-19 mean) -> 38 (2020 annualised) -> 7.6 -> 6 -> 2 -> 0 across 2020-2024 reads as a steep but continuous decline; the offence mix shows it is one stream leaving the record. Larceny carried 79% of this agency's baseline mix and is at 5.3% of its own baseline by 2023 and absent entirely by 2024 — the packet's own scorer flags 2023 as composition-distorted on exactly that ground (larceny 50% of the year's total against 79% across baseline years). The break lands at the 2021-01-01 NIBRS onboarding, which is the mechanism. On level alone, a 1,383-person Clinton County village with an own baseline mean of 24 recording zero across all seven streams for a full year has P(0) = 4e-11; that is not a reachable crime outcome. BLANK-AS-ZERO applies: the CIUS printed zero is the frozen Return-A master re-rendering the one NIBRS submission, so the 12-month 'complete' label that denies the year uplift rests entirely on the batch header and the pipeline's CIUS months=12 assumption. Uplift cannot rescue the 0-month Return-A zero. ORI succession ruled out: one ORI, continuously rostered, no twin, no lane change at a name/county break.",1,x-IL0141300-germantown:misread_missing(sol/high)
b2-KY0110200-junction-city,published_zero,KY,KY0110200,12.5,opus,genuine_zero_year,high,cross_class_same_ori_contradiction,"token_reporter:token_reporting_flag(sol,high) via c-KY0110200-junction-city",reconcile_before_apply,batches/batch_005.json,"Keep 0 as observed; do not fill. Record provenance as the NIBRS 12-month batch header rather than the CIUS row. Unrelated item for a different queue: 2022 carries CIUS/SRS 72 against NIB 40 for this same ORI — a lane divergence worth its own check, with no bearing on the 2024 ruling.","Single deciding fact: Junction City has submitted twelve NIBRS months in every year from 2018 through 2024 with no gap (nibrs_start 2009-01-01), so its batch header is a demonstrably reliable completeness signal rather than a returning-filer artifact. Its recent baseline is 3 offences a year (2021: 3, 2023: 3) at 2,294 population, which makes a zero year roughly a 1-in-20 outcome — unremarkable rather than a discontinuity. SRS 0/1mo is the expected residue for a long-standing NIBRS agency and is not a second non-report signal.",1,x-KY0110200-junction-city:misread_missing(opus/high)
b2-OH0070300-bridgeport,published_zero,OH,OH0070300,11.0,opus,misread_missing,medium,cross_class_same_ori_contradiction,"token_reporter:genuine_low_crime(sol,medium) via c-OH0070300-bridgeport",reconcile_before_apply,batches/batch_006.json,"The zero is unusable. The packet's 'DECISIVE PROVENANCE' overstates: the two FBI-side lanes CONTRADICT each other on 2024 coverage — NIBRS batch header says 12 months, SRS Return-A says 1 month. A batch header with zero incident content is a header, not a measurement; the SRS submission record (1 month) is the named BLANK-AS-ZERO condition (publication full-year zero sitting on a 0-2 month submission record). Set 2024 to missing and fillable. Fill basis: own history within 2 years — 2023 4 at NIB 11mo (~4.4 annualized), 2022 5 at 12mo, 2021 8 at 11mo (~8.7) — giving ~5-6 Part-I offences. EST2024=0 observed is not defensible; a printed zero cannot be rescued by uplift and silently deletes the agency. Cheap settling test for the reviewer: pull the NIBRS segment-level zero-report indicator — a genuine zero-crime year shows 12 explicit zero-report records; an auto-generated header shows none.","SRS month coverage decays in lockstep with the counts (2020: 12mo/10, 2021: 7mo/8, 2022: 7mo/5, 2023: 6mo/4, 2024: 1mo/0), which is the signature of a dying feed rather than falling crime — COMPOSITION OVER SLOPE applies, and the smoothness of the decline is not evidence. Crucially SRS months exceed offence counts in 2022 (7 months, 5 offences), so the months field is measuring submission coverage, not months-with-a-crime, and 1 month for 2024 means the agency effectively stopped submitting. A full year with zero larcenies for a 1,522-person Rust Belt village PD whose own recent full-coverage expectation is ~4-5 is a roughly 1% Poisson event. Medium confidence because the NIBRS 12-month header is a real field that I am choosing to discount on the strength of the contradicting SRS record.",1,x-OH0070300-bridgeport:misread_missing(opus/medium)
c-TX0980200-spearman,token_reporter,TX,TX0980200,11.0,opus,token_reporting_flag,high,cross_class_same_ori_contradiction,"published_zero:genuine_zero_year(luna,high) via b2-TX0980200-spearman",reconcile_before_apply,batches/batch_034.json,"Structural zero: treat 2024 as MISSING, not observed, and treat 2022 and 2023 the same way — all three years are the same defect and the fix must cover the whole stretch. The agency reported 15 (2018), 11 (2019), 21 (2020) and 8-on-8-months (2021, annualising to 12) with a tight own rate of about 490/100k, then SRS months collapsed from 11, 10, 9, 7 to exactly 0 for three straight years while the NIBRS lane kept claiming 12 months and emitting nothing. Recommended 2024 value: own-history median of the last real full-coverage years (15, 11, 21 gives median 15; adding the annualised 2021 gives a mean of 14.8, tightly identified), population-adjusted for the 3,267 to 3,002 decline, so about 13-14 offences, distributed on the baseline composition (agg assault 5.3, burglary 5.3, larceny 3, MVT 1.7). CRITICAL RULE INTERACTION: the new 'own-history fills require a real report within 2 years' guard BLOCKS this fill, because the last real year is 2021, three years back — and the fallback peer fill would insert 929.7/100k x 3,002 = 27.9 offences, nearly double this agency's own well-identified 490/100k level. The guard needs an exception for agencies with three or more consistent full-coverage years immediately preceding the gap; applied literally here it forces a fill that is worse than the own-history estimate, while publishing 0 is worse than either. Also: CIUS printed zeros for 2022, 2023 and 2024 on a 0-month Return-A submission — this is the BLANK-AS-ZERO artifact in its purest f","P(total=0) against this agency's own demonstrated mean of 15.7/yr is 1.5e-07, per year, for three consecutive years. That is not a reachable crime outcome for a 3,000-person city with a functioning police department under any calibration, and it is not rescuable as a partial year because the SRS lane records 0 received months and uplift is multiplicative. The break is joint and abrupt: the Return-A lane dies at exactly the year the totals go to zero, while the NIBRS batch header continues to claim full 12-month coverage — the header claim is unverifiable and is the only thing asserting completeness. Composition adds nothing (uniform zero) but is not needed; the level alone is decisive. This is the single largest defect in the batch by mass: roughly 14 offences a year x three years x weight 1.0 onto one municipal polygon.",1,x-TX0980200-spearman:misread_missing(opus/high)
c-OH0070300-bridgeport,token_reporter,OH,OH0070300,10.5,sol,genuine_low_crime,medium,cross_class_same_ori_contradiction,"published_zero:misread_missing(opus,medium) via b2-OH0070300-bridgeport",reconcile_before_apply,batches/batch_035.json,Keep 0; the NIBRS batch records 12 months so the SRS one-month metadata does not make the year partial. EST2024=0 defensible.,"Long-standing NIBRS reporter whose totals declined 27 to 4 before reaching zero; a zero year is attainable for ~1,522 residents.",1,x-OH0070300-bridgeport:misread_missing(opus/medium)
b2-KY1130300-uniontown,published_zero,KY,KY1130300,10.0,opus,genuine_zero_year,high,cross_class_same_ori_contradiction,"token_reporter:token_reporting_flag(sol,high) via c-KY1130300-uniontown",reconcile_before_apply,batches/batch_007.json,"Keep 0 and do not fill; EST2024 = 0 is defensible. The decisive fact is the 2023 row: NIB 2 at 12 months proves this ORI's NIBRS feed emits positive Part-I counts when they exist, so the 2024 zero is a measured zero rather than an inert feed. Filling this agency-year would fabricate crime for an 892-person city.","Uniontown has an unbroken 12-month NIBRS record since well before the panel window (nibrs_start 2009-01-01): 2021 = 0, 2022 = 0, 2023 = 2, 2024 = 0, all at full coverage — a settled level, not a one-year collapse. At the demonstrated recent intensity of about 0-2 offences a year in a town of ~890, P(0) is on the order of 15-40%, so a zero year is an ordinary draw rather than an anomaly. The CIUS printed zero adds nothing (it derives from the same submission), but it does not need to — the full-year NIBRS submission with a proven-live feed carries the ruling on its own.",1,x-KY1130300-uniontown:misread_missing(opus/high)
c-LA0190100-clinton,token_reporter,LA,LA0190100,9.5,sol,token_reporting_flag,high,cross_class_same_ori_contradiction,"published_zero:genuine_zero_year(luna,high) via b2-LA0190100-clinton",reconcile_before_apply,batches/batch_037.json,Structurally missing; 2 SRS months and zero cannot be annualized; replace from validated state/local source or a model anchored to 2022. EST2024=0 not defensible.,"BLANK-AS-ZERO: all-seven publication zero over two SRS months, following the same artifact on one month in 2023.",1,x-LA0190100-clinton:token_reporting_flag(sol/high)
c-IL0090100-ashland,token_reporter,IL,IL0090100,9.0,opus,token_reporting_flag,high,cross_class_same_ori_contradiction,"published_zero:genuine_zero_year(luna,high) via b2-IL0090100-ashland",reconcile_before_apply,batches/batch_037.json,"Packet vocabulary: structural_zero_treat_as_missing. Do not publish 0. Repair basis: the agency's own pre-gap full years, 2018 (5) and 2019 (28) at 12 Return-A months. The 2020 row must NOT be used as a 12-month baseline year — the CIUS total of 5 comes from a row carrying only 6 of 7 offence rows with larceny blank, and the same-year Return-A is 9 on 6 months (18 annualised); the pipeline currently admits it as 'via CIUS, 12 months, tier hi', which is wrong on both months and offence coverage. Recommended 2024: peer floor 702.6/100k x 1,164 = 8.2 up to the own 2018-2020 level of ~9-18; publish ~8-12. EST2024 = 0 [observedx7] is not defensible, and the 'real report within 2 years' gate blocks the correct own-history fill (last real report 2020), so this year needs either a widened gate or a peer fill.","ABSOLUTE PLAUSIBILITY fails. A 1,164-person Cass County village with its own PD and an own baseline mean of 12.7 offences a year — 28 as recently as 2019 — recording zero across all seven streams for a full year has P(0) = 3e-6 at that baseline. The provenance is the Illinois signature seen three times in this batch: total silence for 2021, 2022 and 2023 (zero SRS months each year), then a roster NIBRS start of 2024-01-01 whose very first NIBRS row is a 12-month all-zero. BLANK-AS-ZERO applies exactly as warned: the CIUS printed zero is the frozen Return-A master re-rendering that one NIBRS submission, not an independent corroboration, and CIUS lane standing then converts an unverified batch-header month count into tier hi / weight 1.0 / 12 months by assumption. Uplift cannot rescue the 0-month SRS zero. COMPOSITION gives no signal (uniform zero), so the level test decides. Worth recording as a batch-level defect rather than an Ashland-specific one: five of the seven Illinois agencies here (Ashland, Gifford, Assumption, Albers, Stone Park) have a 2020 CIUS row flagged NoF7 with the larceny row blank and a CIUS total materially below the same-year Return-A total — that is one systematic 2020 Illinois publication/parse defect, not five coincidences, and admitting those rows as 12-month tier-hi baseline years depresses every affected agency's own-history baseline and makes its later token zeros look less anomalous than they are. ORI succession ruled out.",1,x-IL0090100-ashland:misread_missing(opus/high)
c-MN0400600-cleveland,token_reporter,MN,MN0400600,9.0,sol,token_reporting_flag,medium,cross_class_same_ori_contradiction,"published_zero:genuine_zero_year(luna,high) via b2-MN0400600-cleveland",reconcile_before_apply,batches/batch_037.json,"Structural zero, treat missing; cautious repair from the 2021-23 median ~1, with a higher model estimate possibly justified. EST2024=0 not defensible.",Moved from ~9-12 offences to 1 then two all-stream zeros while SRS fell from three months to one then zero.,1,x-MN0400600-cleveland:misread_missing(opus/medium)
c-MN0610200-starbuck,token_reporter,MN,MN0610200,9.0,sol,token_reporting_flag,medium,cross_class_same_ori_contradiction,"published_zero:genuine_zero_year(opus,low) via b2-MN0610200-starbuck",reconcile_before_apply,batches/batch_037.json,"Zero covers at most 6 believable months; since 0x12/6 is still zero, mark missing and estimate ~7-9 from recent history. EST2024=0 not a defensible repair.",All three lanes repeat one submission; six months of Return-A coverage cannot substantiate a complete year and zero is an extreme collapse.,1,x-MN0610200-starbuck:misread_missing(opus/medium)
b2-MN0110700-pillager,published_zero,MN,MN0110700,8.5,opus,misread_missing,medium,cross_class_same_ori_contradiction,"token_reporter:genuine_low_crime(sol,medium) via c-MN0110700-pillager",reconcile_before_apply,batches/batch_009.json,"Treat the 2024 zero (and the identical 2023 zero) as non-reports rather than measurements; make the agency-year missing and fillable. Own-history fill from the last positive year, 2022 (=4), which sits exactly at the 2-year recency boundary — expected fill is ~4. Magnitude is immaterial (a 524-person village on an exclusive municipal footprint); the ruling exists so a printed zero is not recorded as an observed fact.","The only pro-zero evidence is the 12-month NIBRS batch header, and this same batch demonstrates that signal is unreliable — Fort Towson (OK0120500) carries 12-month NIBRS headers with zero for four straight years after a hard step down from 25, which cannot be a true zero. Pillager's series 28/13/5/5/4/0/0 is a smooth monotone decay beginning at nibrs_start 2019-02-01, which is exactly the partial-feed decay pattern, not evidence of a genuine floor; two consecutive exact zeros against a pre-death lambda of ~4.7 sits at roughly 1e-4. SRS records 0 months in both 2023 and 2024, so nothing independently corroborates coverage. I hold this at medium, not high: a 524-person village genuinely reaching zero is not absurd, and the trend-extrapolated lambda of 1-2 would make it merely unlikely.",1,x-MN0110700-pillager:unclear_escalate(opus/medium)
b2-IL0580100-blue-mound,published_zero,IL,IL0580100,8.0,luna,genuine_zero_year,high,cross_class_same_ori_contradiction,"token_reporter:token_reporting_flag(opus,high) via c-IL0580100-blue-mound",reconcile_before_apply,batches/batch_010.json,[raw:true_zero] 2024 is a genuine zero-year; retain 0 for all seven offenses.,The 2024 NIBRS batch header confirms complete 12-month reporting with zero offenses. The 0-month SRS lane is not the deciding evidence.,1,x-IL0580100-blue-mound:misread_missing(opus/high)
c-KY0470400-west-point,token_reporter,KY,KY0470400,8.0,sol,token_reporting_flag,high,cross_class_same_ori_contradiction,"published_zero:genuine_zero_year(luna,high) via b2-KY0470400-west-point",reconcile_before_apply,batches/batch_039.json,"0 believable months, treat missing; repair ~10 from 2018-21 central level with peers as guardrail. EST2024=0 not defensible.","7-14 offences in 2018-21 fell to 2 when SRS coverage hit two months, then zero in both 0-month years.",1,x-KY0470400-west-point:genuine_zero_year(sol/medium)
c-NM0090400-hurley,token_reporter,NM,NM0090400,8.0,sol,token_reporting_flag,high,cross_class_same_ori_contradiction,"published_zero:genuine_zero_year(opus,high) via b2-NM0090400-hurley",reconcile_before_apply,batches/batch_039.json,Treat missing rather than annualizing; replacement ~8-11 from recent credible reporting (2022 annualized ~8.7). EST2024=0 not defensible.,"Alternates meaningful reports with all-zero years including a 7-month zero in 2023 and a 0-month SRS record in 2024, against an own baseline near 11.",1,x-NM0090400-hurley:misread_missing(opus/high)
b2-IL0110500-assumption,published_zero,IL,IL0110500,7.5,luna,genuine_zero_year,high,cross_class_same_ori_contradiction,"token_reporter:token_reporting_flag(opus,high) via c-IL0110500-assumption",reconcile_before_apply,batches/batch_010.json,[raw:true_zero] 2024 is a genuine full-year zero.,"The 2024 NIBRS batch header records 12 months with zero Part-I offenses; this is a real full-year submission, not a 0-month non-report.",1,x-IL0110500-assumption:misread_missing(opus/medium)
b2-IL0920900-ridge-farm,published_zero,IL,IL0920900,7.5,luna,genuine_zero_year,high,cross_class_same_ori_contradiction,"token_reporter:token_reporting_flag(sol,high) via c-IL0920900-ridge-farm",reconcile_before_apply,batches/batch_011.json,[raw:true_zero] 2024 is a genuine full-year zero.,"A 12-month NIBRS batch header records a completed submission with zero offenses. The 1-month SRS zero cannot establish coverage, but it does not override the complete NIBRS report; the zero is plausible for this population.",1,x-IL0920900-ridge-farm:misread_missing(opus/medium)
c-IL0920900-ridge-farm,token_reporter,IL,IL0920900,7.5,sol,token_reporting_flag,high,cross_class_same_ori_contradiction,"published_zero:genuine_zero_year(luna,high) via b2-IL0920900-ridge-farm",reconcile_before_apply,batches/batch_041.json,Missing after token report; 1 believable month; repair ~8 from 2023 full year. EST2024=0 not defensible.,"2023 genuine 12mo NIBRS gave 8, then all 7 streams vanish with only 1 SRS month.",1,x-IL0920900-ridge-farm:misread_missing(opus/medium)
c-KY0110200-junction-city,token_reporter,KY,KY0110200,7.5,sol,token_reporting_flag,high,cross_class_same_ori_contradiction,"published_zero:genuine_zero_year(opus,high) via b2-KY0110200-junction-city",reconcile_before_apply,batches/batch_041.json,Missing; 1 believable month; do not multiply zero; repair from recent valid history or missing-data model. EST2024=0 not defensible.,BLANK-AS-ZERO: CIUS prints seven zeros while Return-A records 1 submitted month; identical vectors are one submission.,1,x-KY0110200-junction-city:misread_missing(opus/high)
c-KY1130300-uniontown,token_reporter,KY,KY1130300,7.5,sol,token_reporting_flag,high,cross_class_same_ori_contradiction,"published_zero:genuine_zero_year(opus,high) via b2-KY1130300-uniontown",reconcile_before_apply,batches/batch_041.json,Treat missing; no reliable report within two years so use a peer estimate ~4.5 with peer composition for allocation. EST2024=0 not defensible.,COMPOSITION: fell from 36/18/13 to zeros and a 2023 record where dominant larceny vanishes while only burglary and MVT remain.,1,x-KY1130300-uniontown:misread_missing(opus/high)
b2-GA1050200-eton,published_zero,GA,GA1050200,7.0,luna,genuine_zero_year,high,cross_class_same_ori_contradiction,"token_reporter:token_reporting_flag(opus,high) via c-GA1050200-eton",reconcile_before_apply,batches/batch_011.json,2024 CIUS zero is usable as a true zero.,The 2024 NIBRS batch header records a complete 12-month submission with all seven offenses at zero. Prior positive years do not override a complete zero submission.,1,x-GA1050200-eton:misread_missing(opus/medium)
c-NJ0191600-ogdensburg,token_reporter,NJ,NJ0191600,7.0,sol,token_reporting_flag,high,cross_class_same_ori_contradiction,"published_zero:genuine_zero_year(luna,high) via b2-NJ0191600-ogdensburg",reconcile_before_apply,batches/batch_042.json,"Structurally missing, not scalable; repair ~7 from the credible baseline with a peer-rate sensitivity bound ~16. EST2024=0 not defensible.","The apparent complete zero follows three years of zero records supported by only 0-3 submission months at pop 2,307.",1,x-NJ0191600-ogdensburg:token_reporting_flag(sol/high)
c-IL0900400-hopedale,token_reporter,IL,IL0900400,6.0,sol,token_reporting_flag,high,cross_class_same_ori_contradiction,"published_zero:genuine_zero_year(luna,high) via b2-IL0900400-hopedale",reconcile_before_apply,batches/batch_043.json,Structurally missing; 0 believable SRS months; repair from own pre-collapse history ~6-7. EST2024=0 not defensible.,BLANK-AS-ZERO: all-zero on 0-month SRS; CIUS/NIB derivative; 2022-24 zero run vs baseline 6.8.,1,x-IL0900400-hopedale:misread_missing(sol/high)
b2-IL1011000-durand,published_zero,IL,IL1011000,6.0,luna,genuine_zero_year,high,cross_class_same_ori_contradiction,"token_reporter:token_reporting_flag(sol,high) via c-IL1011000-durand",reconcile_before_apply,batches/batch_012.json,[raw:true_zero] 2024 is a genuine full-year zero.,"The decisive fact is the 12-month NIBRS batch header with zero Part-I offenses. The 1-month SRS zero cannot rescue or undermine coverage, and the complete NIBRS report supports retaining zero despite the agency's prior positive counts.",1,x-IL1011000-durand:misread_missing(opus/medium)
c-IL1011000-durand,token_reporter,IL,IL1011000,6.0,sol,token_reporting_flag,high,cross_class_same_ori_contradiction,"published_zero:genuine_zero_year(luna,high) via b2-IL1011000-durand",reconcile_before_apply,batches/batch_043.json,Missing after token report; 1 believable month; repair ~6 from recent stable history. EST2024=0 not defensible.,"Stable 5-6 through 2023, then uniform zero with only 1 SRS month; NIBRS/CIUS not independent.",1,x-IL1011000-durand:misread_missing(opus/medium)
c-KY1130200-sturgis,token_reporter,KY,KY1130200,6.0,sol,token_reporting_flag,high,cross_class_same_ori_contradiction,"published_zero:genuine_zero_year(luna,high) via b2-KY1130200-sturgis",reconcile_before_apply,batches/batch_043.json,"Treat missing; first verify whether the PD ceased reporting or was replaced, else repair ~3 from the 2021-23 median. EST2024=0 not a defensible repair.",ORI absent from the 2024 FBI roster while derived lanes carry an all-zero row — a structural contradiction about its reporting relationship.,1,x-KY1130200-sturgis:misread_missing(sol/high)
b2-MI7859600-morrice,published_zero,MI,MI7859600,6.0,opus,genuine_zero_year,high,cross_class_same_ori_contradiction,"token_reporter:token_reporting_flag(sol,high) via c-MI7859600-morrice",reconcile_before_apply,batches/batch_013.json,"true_zero — keep EST2024 = 0, no fill. The evidence is the NIBRS batch header, not the CIUS printed zero; the CIUS row should be treated as derivative and carry no independent weight in the ladder.","The single deciding fact is the 12-month 2024 NIBRS batch header at 0 Part-I — an affirmative full-year submission, not a publication default. SRS at 0mo is a red herring for this agency: Michigan runs MICR/NIBRS and SRS month counts are unusable for it in every prior year (9, 9, 7, 5, 7, 3 months) while NIB shows 12mo throughout. At 999 residents with own recent counts of 4, 3, 4, 2, expected 2024 is roughly 1-2 and a zero draw is statistically ordinary (P(0) around 20-25%). Rejecting this zero would fabricate crime for a village that plausibly had none.",1,x-MI7859600-morrice:genuine_zero_year(opus/low)
b2-VA0960400-pound,published_zero,VA,VA0960400,6.0,luna,genuine_zero_year,high,cross_class_same_ori_contradiction,"token_reporter:token_reporting_flag(opus,high) via c-VA0960400-pound",reconcile_before_apply,batches/batch_014.json,[raw:true_zero] 2024 is a genuine full-year zero; use the reported 0 Part-I offenses.,The decisive fact is the 12-month NIBRS batch header with zero counts. The agency's small population and prior low/zero years make the level absolutely plausible; partial-year uplift is not needed.,1,x-VA0960400-pound:misread_missing(opus/medium)
c-VA0960400-pound,token_reporter,VA,VA0960400,6.0,opus,token_reporting_flag,high,cross_class_same_ori_contradiction,"published_zero:genuine_zero_year(luna,high) via b2-VA0960400-pound",reconcile_before_apply,batches/batch_045.json,"Packet-native verdict: structural_zero_treat_as_missing. EST2024 = 0 observed is NOT defensible - it publishes a literal zero-crime municipality at weight 1.0. CRITICAL: do NOT repair by filling from own history. Externally verified, the Town of Pound eliminated its police department in May 2021 (council disbanded the force after a public hearing, dismissed the furloughed chief, and the Wise County Sheriff's Office took over policing the town as it polices unincorporated county). Pound town's crime is therefore recorded under the Wise County Sheriff's ORI, and any fill on VA0960400 double-counts it. The real defect is a FOOTPRINT defect: Census place 5164272 (Pound town) is assigned w=1 exclusive to a dead-or-skeletal ORI while Wise County SO is crosswalked to the Virginia nonmunicipal remainder, leaving the town polygon a coverage hole. Correct fix: retire/supersede VA0960400 for the Pound town footprint from 2021 onward and extend the Wise County Sheriff footprint to cover it. One residual ambiguity: a September 2022 report describes 'Pound PD' co-organizing neighborhood watch with the Wise County SO, and 2023 carries 1 offense on 4 NIBRS months, so a skeletal department may have partially re-formed. If so the 2024 row is a non-report rather than a structural zero - either way it must not stand as an observed complete year, but the footprint question must be settled before any fill.","The panel series is the shutdown, month for month: SRS/NIB coverage runs 12mo (2018) -> 10mo (2019) -> 7mo (2020) -> 1 NIBRS month (2021, the disbandment year) -> NO NIBRS row at all (2022) -> 4mo (2023) -> and then abruptly 12 batch-header months of uniform zero (2024). An agency that could not file more than 4 months in 2023 filing 12 months of nothing in 2024 is administrative zero-filing, not policing. BLANK-AS-ZERO applies in its purest form: the CIUS row is a printed zero labelled 12 months, but CIUS is the Return-A master frozen at publication and the underlying Return-A record holds ZERO reported months for 2024 - so the only completeness claim in the panel is a NIBRS batch-header count that 12 zero-report batches satisfy, and CIUS derives from that same submission rather than corroborating it. UPLIFT CANNOT RESCUE A ZERO: 2021, 2022 and 2024 SRS are all 0 on 0 months. The uniform zero across all seven streams carries no composition signal either way, so the ruling rests on the verified agency status plus the submission-coverage collapse.",1,x-VA0960400-pound:misread_missing(opus/medium)
c-GA1050200-eton,token_reporter,GA,GA1050200,5.5,opus,token_reporting_flag,high,cross_class_same_ori_contradiction,"published_zero:genuine_zero_year(luna,high) via b2-GA1050200-eton",reconcile_before_apply,batches/batch_045.json,"Packet-taxonomy sub-verdict: structural_zero_treat_as_missing. Own-history fill IS permitted (2023 = 4 on a full 12 months is a real report one year back). Basis: 2021-2023 median 4, 2018-2023 median 5.5, 2020-2023 mean 4.5, baseline-average composition 9.2/yr. Recommend ~4-5.5. EST2024=0 [observed] is not defensible. This is the strongest-evidence zero in the Georgia group because it is the only one with an unbroken six-year positive record immediately preceding the zero. CROSS-CASE FINDING FOR THE PARENT: Eton, Kingston (GA0080300), Buchanan (GA0710300) and Leary (GA0190300) are four Georgia small-agency ORIs in this batch alone whose established or nominal records land on an exact 0 or 1 sitting on a 12-month NIBRS zero-report, three of them in 2024, plus Bartow, Stapleton and Milner in the never-positive variant. That is 7 of 12 cases in one state. This should be characterised as a Georgia small-agency zero-report class and screened statewide, not adjudicated one ORI at a time.","2018-2023 runs 23, 14, 4, 3, 7, 4 — six consecutive positive years, never once zero — and then 2024 is an exact zero on all seven streams simultaneously. A crime decline does not clear every stream at once; it leaves ones and twos. Against the 2020-2023 mean of 4.5 a genuine zero year carries P = ~1%, and that understates it because the sweep is clean rather than thin, and because larceny alone averaged 7.2/yr. The submission record corroborates: unlike the never-positive Georgia towns in this batch, whose SRS month counts sit flat at 0 every year (a systematic state-level artifact that carries no information), Eton's Return-A back-conversion has tracked its own activity year to year at 9, 8, 6, 4, 8 and 4 months across 2018-2023, and reads 2 months in 2024 against a NIBRS header still claiming 12. Cluster evidence closes it: independent towns do not eliminate crime simultaneously, but a state program's small-agency submission path fails simultaneously, and that is what the Georgia cases in this batch show.",1,x-GA1050200-eton:misread_missing(opus/medium)
b2-MN0400600-cleveland,published_zero,MN,MN0400600,5.5,luna,genuine_zero_year,high,cross_class_same_ori_contradiction,"token_reporter:token_reporting_flag(sol,medium) via c-MN0400600-cleveland",reconcile_before_apply,batches/batch_014.json,[raw:true_zero] 2024 is a genuine full-year zero.,"The decisive fact is the 12-month NIBRS batch header with zero Part-I counts. The 0-month SRS record is irrelevant to completeness, and the full-year NIBRS submission is a real report.",1,x-MN0400600-cleveland:misread_missing(opus/medium)
c-OK0230700-shattuck,token_reporter,OK,OK0230700,5.5,sol,token_reporting_flag,high,cross_class_same_ori_contradiction,"published_zero:genuine_zero_year(luna,high) via b2-OK0230700-shattuck",reconcile_before_apply,batches/batch_045.json,"Missing with zero believable SRS months; if estimation is required use verified pre-collapse history through 2021 plus current peers, not the 2022-24 slope. EST2024=0 not defensible.","Two consecutive all-stream zeros for ~1,200 residents against a genuine baseline near 13; the 22-5-1-0 sequence coincides with collapsing submission coverage.",1,x-OK0230700-shattuck:misread_missing(sol/high)
b2-TX0980200-spearman,published_zero,TX,TX0980200,5.5,luna,genuine_zero_year,high,cross_class_same_ori_contradiction,"token_reporter:token_reporting_flag(opus,high) via c-TX0980200-spearman",reconcile_before_apply,batches/batch_014.json,[raw:true_zero] Accept the 2024 CIUS zero as a genuine full-year zero.,"A 12-month NIBRS batch header records zero Part-I offenses for a real full-year submission. Prior positive years do not establish a reporting gap; the level is reachable for a population of 3,002. The 0-month SRS cannot alter that conclusion.",1,x-TX0980200-spearman:misread_missing(opus/high)
c-TX0990100-chillicothe,token_reporter,TX,TX0990100,5.5,opus,token_reporting_flag,medium,cross_class_same_ori_contradiction,"published_zero:genuine_zero_year(luna,high) via b2-TX0990100-chillicothe",reconcile_before_apply,batches/batch_046.json,"Structural zero: treat 2024 as missing, not observed — and treat 2021, 2022 and 2023 the same way, since those are SRS rows at 0 reported months (outright non-submission) and must not be published as zeros either. The full published series 2020-2024 is almost entirely artifact: 2020 is 2 offences on 2 received months (a partial), 2021-2023 are non-reports, and 2024 is a debut 12-month all-zero NIBRS year beginning exactly at the roster nibrs_start of 2024-01-01, after three years in which the agency submitted nothing at all. Recommended 2024 basis: own-history median of the only real full-coverage years, 2018 (6) and 2019 (5), giving 5.5, population-adjusted by 538/675 = 0.80 to about 4.4, on the baseline composition (burglary 2.5, larceny 2.5, MVT 0.5). Same rule interaction as c-TX0980200-spearman and it bites harder: the 'real report within 2 years' guard blocks this fill because the last real year is 2019, five years back, and the fallback peer fill (503.4/100k x 538 = 2.7) actually UNDERSTATES the agency's own demonstrated 815/100k. Either fill is defensible; publishing 0 is not. Note also the county-level consequence — Chillicothe PD and Hardeman County SO (c-TX0990000) are both broken in 2024, so Hardeman County has no usable 2024 crime record, and if Chillicothe's crime is in fact being recorded by the sheriff it lands in the statewide non-municipal remainder rather than in the Chillicothe city polygon (4814680).","P(total=0) is 1.2% against the own 2018-2019 mean of 5.5 population-adjusted to 4.4, and about 5% even at the low end of a wide confidence interval on that two-year baseline — so the level is at best marginal and more likely excluded. The decisive context is the reporting apparatus rather than the level: three consecutive years of complete non-submission establish that this agency's reporting channel was not functioning, and 2024 is the same non-functioning channel now emitting 12 zero-report headers, with SRS still at 0 received months and CIUS printing the back-converted zero at an assumed 12 months and weight 1.0. Both offence streams that carry this agency's baseline mass (burglary 2.5, larceny 2.5) are exactly zero, a 0.7% joint event. A 21% population decline could genuinely reduce the count but cannot take it to zero across every stream, and if the department has in fact ceased to function as a recording agency that is a structural zero for the polygon, not a low-crime outcome.",1,x-TX0990100-chillicothe:genuine_zero_year(sol/medium)
b2-IL0090100-ashland,published_zero,IL,IL0090100,5.0,luna,genuine_zero_year,high,cross_class_same_ori_contradiction,"token_reporter:token_reporting_flag(opus,high) via c-IL0090100-ashland",reconcile_before_apply,batches/batch_014.json,2024 CIUS zero is usable as a true zero.,"The 2024 NIBRS batch header records a complete 12-month zero submission. The 2024 NIBRS start date is consistent with full-year coverage, so no partial-year rescue or missingness treatment applies.",1,x-IL0090100-ashland:misread_missing(opus/high)
c-IL0110500-assumption,token_reporter,IL,IL0110500,5.0,opus,token_reporting_flag,high,cross_class_same_ori_contradiction,"published_zero:genuine_zero_year(luna,high) via b2-IL0110500-assumption",reconcile_before_apply,batches/batch_046.json,"Packet vocabulary: structural_zero_treat_as_missing. Do not publish 0, and treat 2023 (identical signature) the same way. Repair basis: the pre-NIBRS full years 2018 (11) and 2019 (21) at 12 Return-A months, median 16; the 2020 CIUS 4 must be excluded as a 6-row partial with larceny blank (same-year Return-A is 7 on 5 months = 16.8 annualised). The whole post-2021 NIBRS series (0, 3, 0, 0) is contaminated by the same zero-report mechanism, so the fill must reach back past 2021 — but the 'real report within 2 years' gate will instead reach 2022's 3 and reproduce the artifact. Recommended 2024: own 2018-2020 level ~11-17, with the peer floor 702.6/100k x 1,103 = 7.8 as the conservative bound; publish ~8-16. EST2024 = 0 [observedx7] is not defensible.","ABSOLUTE PLAUSIBILITY fails. A 1,103-person Christian County village with its own PD and an own baseline mean of 12 offences a year — it recorded 11 and 21 on clean full years — posting zero across all seven streams gives P(0) = 6e-6 at that baseline. This agency was a diligent reporter at 1,000-1,900/100k before its NIBRS transition, which makes the zero a reporting event rather than a crime event. The provenance confirms it: three of the four NIBRS years since the 2021-01-01 onboarding are total zeros (2021, 2023, 2024) with one 3 in between, and the 2021 zero came with a 1-month Return-A that the packet itself flags as unrescuable by uplift. BLANK-AS-ZERO applies to both 2023 and 2024: the CIUS printed zero is the frozen Return-A master re-rendering the one NIBRS submission, and CIUS lane standing converts the unverified batch-header month count into tier hi / weight 1.0 / 12 months by assumption — so the 'COMPLETE 12-month' framing that denies the year uplift is itself manufactured. COMPOSITION is silent (uniform zero across all seven streams), so the level test decides. Same 2020 Illinois CIUS defect as Ashland/Gifford/Albers/Stone Park (NoF7, larceny blank, CIUS 4 versus Return-A 7). ORI succession ruled out: one ORI, continuously rostered, no twin.",1,x-IL0110500-assumption:misread_missing(opus/medium)
c-IL0320300-mazon,token_reporter,IL,IL0320300,5.0,opus,token_reporting_flag,medium,cross_class_same_ori_contradiction,"published_zero:genuine_zero_year(luna,high) via b2-IL0320300-mazon",reconcile_before_apply,batches/batch_046.json,"Not credible enough to publish as a measured zero; packet-vocabulary verdict: structural_zero_treat_as_missing. This is the weakest of the flags in this batch - flag it, but the honest repair is 'unknown', not a confident number. EST2024=0 observed is not defensible. If a fill is required, the peer band for local_police pop <=1,000 (503.4/100k x 981 = 4.9) and the agency's only clean 12-month pre-transition year (2019 = 5) converge on ~5. Do NOT fill from the two nearest years (2022 = 1 on 2 NIBRS months, 2023 = 1) - those are the years under suspicion. Also: the 2020 CIUS row (3) is a larceny-stripped 6-row publication preferred over the SRS submission (11) - 2020 under-published by ~73% for this ORI.","Distinguished from Tower Lakes and Grand Ridge in this same batch by one mechanism-grounded test: has the agency ever filed a verified zero? Mazon's other zero years (2018, 2021) are both 0-month non-reports, so it has never demonstrated that it files zero-report months - its zeros are absences, not measurements. Tower Lakes (2019) and Grand Ridge (2018) each have a zero sitting on 12 reported Return-A months, which is why their 2024 zeros stand and this one does not. BLANK-AS-ZERO applies squarely: the CIUS 0 is published as 12 months on a Return-A record of ZERO submitted months, and the only completeness claim is a NIBRS batch header that cannot be distinguished from an administrative default. Against the agency's only clean pre-transition full year (2019 = 5) a zero is a ~0.7% outcome; the 2020 SRS record (11 on 8 months) puts the pre-transition level higher still. The counterargument is real and is why confidence is medium rather than high: for a 981-person village the current-regime level looks like lambda ~ 1 (2022 and 2023 both filed 1), under which a zero is a 37% outcome - but that low regime begins exactly at the ISP NIBRS transition that produced 0-month non-reports across this entire batch, so it is the thing in question rather than evidence for the zero.",1,x-IL0320300-mazon:genuine_zero_year(sol/medium)
b2-IL0900400-hopedale,published_zero,IL,IL0900400,5.0,luna,genuine_zero_year,high,cross_class_same_ori_contradiction,"token_reporter:token_reporting_flag(sol,high) via c-IL0900400-hopedale",reconcile_before_apply,batches/batch_015.json,[raw:true_zero] 2024 is a genuine full-year zero.,"The 12-month NIBRS batch header confirms a real complete submission with zero Part-I offenses. The CIUS zero is not independent corroboration, but the NIBRS submission itself is sufficient; the population makes zero plausible.",1,x-IL0900400-hopedale:misread_missing(sol/high)
b2-KY0290100-burkesville,published_zero,KY,KY0290100,5.0,luna,genuine_zero_year,high,cross_class_same_ori_contradiction,"token_reporter:token_reporting_flag(sol,high) via c-KY0290100-burkesville",reconcile_before_apply,batches/batch_015.json,2024 is a genuine full-year zero for the Burkesville municipal footprint.,"Despite positive full-year history, the decisive fact is a completed 12-month NIBRS submission with zero Part-I offenses. CIUS contains literal zeros and wins the ladder; trend or composition cannot override the real submission.",1,x-KY0290100-burkesville:misread_missing(sol/high)
c-KY0290100-burkesville,token_reporter,KY,KY0290100,5.0,sol,token_reporting_flag,high,cross_class_same_ori_contradiction,"published_zero:genuine_zero_year(luna,high) via b2-KY0290100-burkesville",reconcile_before_apply,batches/batch_046.json,Missing; 0 believable Return-A months; repair from recent valid history or missing-data model; do not uplift zero. EST2024=0 not defensible.,All-zero publication coincides with explicit 0-month SRS non-report; same coupling in 2019 while positive years had positive coverage.,1,x-KY0290100-burkesville:misread_missing(sol/high)
b2-LA0190100-clinton,published_zero,LA,LA0190100,5.0,luna,genuine_zero_year,high,cross_class_same_ori_contradiction,"token_reporter:token_reporting_flag(sol,high) via c-LA0190100-clinton",reconcile_before_apply,batches/batch_015.json,[raw:true_zero] 2024 is a genuine full-year zero for Clinton.,"The decisive fact is the 12-month NIBRS batch header with all Part-I counts zero. The SRS 2-month zero cannot establish coverage, but the completed NIBRS submission does. The CIUS zero is usable as the preferred annual source.",1,x-LA0190100-clinton:token_reporting_flag(sol/high)
c-MN0110700-pillager,token_reporter,MN,MN0110700,5.0,sol,genuine_low_crime,medium,cross_class_same_ori_contradiction,"published_zero:misread_missing(opus,medium) via b2-MN0110700-pillager",reconcile_before_apply,batches/batch_046.json,Keep 0; EST2024=0 defensible.,NIBRS records 12 months in both 2023 and 2024; zero is reachable for a 524-person jurisdiction.,1,x-MN0110700-pillager:unclear_escalate(opus/medium)
c-TX1660300-thorndale,token_reporter,TX,TX1660300,5.0,opus,token_reporting_flag,high,cross_class_same_ori_contradiction,"published_zero:genuine_zero_year(luna,high) via b2-TX1660300-thorndale",reconcile_before_apply,batches/batch_047.json,"structural_zero_treat_as_missing. Mark 2024 unreported rather than zero. Recommended 2024 basis: own-history fill is licensed - 2022 is a real report inside the 2-year window and was clean (12 reported months in BOTH SRS and NIB, total 2). Anchors available: 2022 = 2 (most recent clean year), median of this agency's covered years 2018/2021/2022 = 8, peer band (1000,2500] at 702.6/100k on 1,399 gives ~9.8. Recommended fill ~8 (own covered-year median) with the imputation marked wide over 2-10, because the agency's own recent level and the peer expectation disagree by a factor of five. Pipeline EST2024 = 0 [observed x7] is NOT defensible. Also flag 2023 = 0 as the same defect - it is the same header-only structure - so an own-history fill must not be anchored on 2023.","This agency demonstrably records and submits incidents: 28 in 2018 (12 months in both lanes), 8 in 2021 (12-month NIB), and 2 in 2022 (12 months in both SRS and NIB). Then 2023 and 2024 are both exactly zero, and both are header-only years - SRS drops to 0 reported months in exactly the two years the count hits zero, while the last positive year, 2022, carried a full 12 Return-A months. The series 28 / 5 / 0 / 8 / 2 / 0 / 0 is not a decline with a slope; it is erratic in a way that tracks submission behaviour. Decisive internal precedent: 2020 is NIB 0 on 8 reported months, sitting between 5 in 2019 and 8 in 2021 - a town that logs 5 and 8 in adjacent years does not have eight consecutive months of literally nothing, so this agency has already produced one demonstrably spurious zero stretch. That makes the 2023-2024 zeros a repeat of a known failure mode rather than a new crime fact. Absolute plausibility: 1,399 residents, own baseline 18/yr, peer expectation ~9.8/yr, two consecutive years of exact zero across all seven streams. Composition gives no signal in 2024 (uniform zero), which is exactly why the header-only structure and the 2020 precedent have to carry the ruling.",1,x-TX1660300-thorndale:misread_missing(opus/high)
b2-KY0470400-west-point,published_zero,KY,KY0470400,4.5,luna,genuine_zero_year,high,cross_class_same_ori_contradiction,"token_reporter:token_reporting_flag(sol,high) via c-KY0470400-west-point",reconcile_before_apply,batches/batch_016.json,[raw:true_zero] Accept the 2024 CIUS zero for all seven offenses; no partial-year adjustment.,"Despite higher prior counts, the decisive provenance is a complete 12-month NIBRS submission with zero offenses. The zero is absolutely plausible for this population and is not a blank-as-zero artifact.",1,x-KY0470400-west-point:genuine_zero_year(sol/medium)
b2-KS0050400-claflin,published_zero,KS,KS0050400,4.0,luna,genuine_zero_year,high,cross_class_same_ori_contradiction,"token_reporter:token_reporting_flag(sol,medium) via c-KS0050400-claflin",reconcile_before_apply,batches/batch_018.json,[raw:true_zero] 2024 is a genuine full-year zero.,"The full-year NIBRS batch header establishes twelve months of real reporting with zero offenses. Partial-year historical zeros cannot rescue or disprove it, and the population and reported level are plausible.",1,x-KS0050400-claflin:genuine_zero_year(sol/medium)
c-MI7859600-morrice,token_reporter,MI,MI7859600,4.0,sol,token_reporting_flag,high,cross_class_same_ori_contradiction,"published_zero:genuine_zero_year(opus,high) via b2-MI7859600-morrice",reconcile_before_apply,batches/batch_049.json,0-month non-report so missing; zero cannot uplift; estimate ~3-4 from recent nonzero history with peers as guardrail. EST2024=0 not defensible.,"Return-A coverage declines alongside totals (9,9,7,5,7,3 then 0 months) culminating in an all-stream zero — the blank-as-zero pattern.",1,x-MI7859600-morrice:genuine_zero_year(opus/low)
b2-NJ0191600-ogdensburg,published_zero,NJ,NJ0191600,4.0,luna,genuine_zero_year,high,cross_class_same_ori_contradiction,"token_reporter:token_reporting_flag(sol,high) via c-NJ0191600-ogdensburg",reconcile_before_apply,batches/batch_019.json,2024 is a genuine full-year zero.,"The 12-month NIBRS submission records zero, while the one-month SRS row is not the deciding lane. The sharp decline is not sufficient evidence of missingness; zero remains reachable for population 2307.",1,x-NJ0191600-ogdensburg:token_reporting_flag(sol/high)
c-IA0820500-blue-grass,token_reporter,IA,IA0820500,3.5,opus,token_reporting_flag,high,cross_class_same_ori_contradiction,"published_zero:genuine_zero_year(luna,high) via b2-IA0820500-blue-grass",reconcile_before_apply,batches/batch_051.json,"Packet vocabulary: structural_zero_treat_as_missing. Do not publish 0. Mark 2024 missing-not-zero — and 2023, which carries the identical signature (CIUS 0/12mo + NIB 0/12mo + SRS 0/0mo), in the same pass. Repair basis: own history. The only clean 12-month year is 2022 (NIB 7); the 2018-2021 11-month rows annualize to 25.1 / 15.3 / 2.2 / 12.0, median ~13. Recommended 2024 value ~11-13 with 7 as a floor; peer cross-check 702.6/100k x 1,693 = 11.9, consistent. EST2024 = 0 [observedx7] is NOT defensible. Pipeline note: an own-history fill run against the current panel will find 2023 inside the 'real report within 2 years' window and draw a zero from it, reproducing the artifact — a 12-month NIBRS all-zero must not satisfy that gate.","ABSOLUTE PLAUSIBILITY fails outright. This is a 1,693-person Scott County town in the Davenport/Quad Cities metro with its own PD and a demonstrated level of ~7-13 Part-I offences a year, of which ~6 are larcenies. At a Poisson mean of 7, P(0) = 9e-4; two consecutive zero years (2023 and 2024) is ~8e-7. There is no mechanism by which a metro-fringe town records zero thefts for 24 straight months having recorded six a year in its baseline. BLANK-AS-ZERO applies: the CIUS printed zero is not corroboration — it is the FBI's frozen Return-A master rendering the same NIBRS all-zero submission, and the whole 12-month completeness claim rests on the NIBRS batch header, with CIUS lane standing then stamping it tier-hi/weight-1.0 by assumption. COMPOSITION carries no signal (uniform zero across all seven streams), so it can neither rescue nor condemn the year — the level test does the work. The reporting-mechanism break is coincident with the zeros: SRS carried 10/10/1/8/5 months through 2018-2022 and drops to 0 months exactly when the value goes to zero. Uplift cannot rescue the 0-month SRS zero, so the year must be repaired as missing rather than annualised. ORI succession checked and ruled out: one ORI throughout, continuously on the roster, no twin, no lane change at a name/county break.",1,x-IA0820500-blue-grass:misread_missing(sol/high)
c-KS0050400-claflin,token_reporter,KS,KS0050400,3.5,sol,token_reporting_flag,medium,cross_class_same_ori_contradiction,"published_zero:genuine_zero_year(luna,high) via b2-KS0050400-claflin",reconcile_before_apply,batches/batch_051.json,~1 believable SRS month; zero cannot uplift so set missing and repair from 2021-23 median ~3. EST2024=0 not defensible.,Publication assumes completeness while SRS shows 1 month; CIUS republishes the same submission.,1,x-KS0050400-claflin:genuine_zero_year(sol/medium)
b2-OK0230700-shattuck,published_zero,OK,OK0230700,3.5,luna,genuine_zero_year,high,cross_class_same_ori_contradiction,"token_reporter:token_reporting_flag(sol,high) via c-OK0230700-shattuck",reconcile_before_apply,batches/batch_020.json,[raw:true_zero] Accept the zero as a genuine complete-year zero.,"The decisive fact is the 12-month NIBRS batch header with all seven Part-I counts zero. The agency submitted a complete year, so the zero is not BLANK-AS-ZERO or partial coverage.",1,x-OK0230700-shattuck:misread_missing(sol/high)
b2-IL0320300-mazon,published_zero,IL,IL0320300,3.0,luna,genuine_zero_year,high,cross_class_same_ori_contradiction,"token_reporter:token_reporting_flag(opus,medium) via c-IL0320300-mazon",reconcile_before_apply,batches/batch_020.json,[raw:true_zero] 2024 is a genuine full-year zero.,The 2024 NIBRS batch header records 12 months with zero Part-I offenses. Partial-year issues in earlier years cannot invalidate this complete submission.,1,x-IL0320300-mazon:genuine_zero_year(sol/medium)
b2-KY1130200-sturgis,published_zero,KY,KY1130200,3.0,luna,genuine_zero_year,high,cross_class_same_ori_contradiction,"token_reporter:token_reporting_flag(sol,high) via c-KY1130200-sturgis",reconcile_before_apply,batches/batch_021.json,[raw:true_zero] 2024 is a genuine full-year zero for the Sturgis municipal footprint.,"The decisive fact is a 12-month NIBRS batch header with zero Part-I counts. The CIUS zero is therefore backed by a real full-year submission; the SRS 0-month row is irrelevant. A zero is absolutely plausible for a population of 1,654.",1,x-KY1130200-sturgis:misread_missing(sol/high)
c-MN0230100-chatfield,token_reporter,MN,MN0230100,3.0,sol,token_reporting_flag,high,cross_class_same_ori_contradiction,"published_zero:genuine_zero_year(luna,high) via b2-MN0230100-chatfield",reconcile_before_apply,batches/batch_052.json,"Structurally missing; seek a Minnesota or local publication, else use a peer estimate ~28. EST2024=0 not defensible.","Repeated complete-looking totals of three or zero confined entirely to larceny are not plausible for ~3,000 residents; 2024 SRS covers 2 months.",1,x-MN0230100-chatfield:misread_missing(opus/medium)
c-MN0640700-walnut-grove,token_reporter,MN,MN0640700,3.0,sol,token_reporting_flag,high,cross_class_same_ori_contradiction,"published_zero:genuine_zero_year(luna,high) via b2-MN0640700-walnut-grove",reconcile_before_apply,batches/batch_052.json,"Structural zero, treat missing with 0 believable SRS months; model on the 2022 total of 4 and preceding 3-offence years. EST2024=0 not defensible.",SRS records zero submitted months in both 2023 and 2024; a 0-month zero contains no crime information.,1,x-MN0640700-walnut-grove:misread_missing(opus/medium)
c-OK0241500-lahoma,token_reporter,OK,OK0241500,3.0,sol,token_reporting_flag,high,cross_class_same_ori_contradiction,"published_zero:genuine_zero_year(luna,high) via b2-OK0241500-lahoma",reconcile_before_apply,batches/batch_053.json,"Only 2 months believable and those contain zero offences, so annualization cannot repair it; treat missing and estimate from verified positive history plus comparable agencies. EST2024=0 not defensible.","BLANK-AS-ZERO: CIUS has no period field, SRS records only two months, and two consecutive zeros conflict with a baseline near six.",1,x-OK0241500-lahoma:misread_missing(opus/high)
c-TX2101600-tenaha,token_reporter,TX,TX2101600,3.0,opus,token_reporting_flag,high,cross_class_same_ori_contradiction,"published_zero:genuine_zero_year(luna,high) via b2-TX2101600-tenaha",reconcile_before_apply,batches/batch_054.json,"Sub-verdict: structural_zero_treat_as_missing, for 2022, 2023 AND 2024 — all three are CIUS 0 at assumed-12mo over an SRS record of 0 reported months. EST2024 = 0 observed is NOT defensible; it currently publishes a three-year false zero onto Census place 4872188 ('Tenaha town') at weight 1. Repair: the own-history fill rule blocks the better estimator here. The last real report is 2021 (3 on a 12-month NIBRS year), three years back, so the 'real report within 2 years' rule forces a peer fill of ~7/yr (702.6/100k x 1,021) even though the agency's own trajectory (13, 6, 3) points to ~3-6. Either beats 0. My recommendation is to relax the window when the only alternative is a peer fill that overshoots the agency's own last observed level, and to record the fill as ~4-7 with a low-confidence flag. Secondary data-quality note: the agency record carries plc<NA> yet the crosswalk assigns place 4872188 exclusively at weight 1 by 'first_pass' — the place binding for this ORI is unverified.","Tenaha is a US-59/I-69 corridor town of ~1,021 with its own PD, and the series is a textbook reporting wind-down rather than a crime wind-down: totals 13, 6, 3, 0, 0, 0 while the Return-A months run 8, 5, 4, 0, 0, 0 in perfect lockstep. Three consecutive years in which not one month of data reaches the Return-A record, against a baseline of 7.3/yr, is non-submission. The NIBRS 12-month header for 2022-2024 cannot certify the zero: on a zero total the header cannot distinguish 12 crime-free months from 12 zero-report compliance batches, and the agency's own positive history decides between them. Absolute plausibility rules out the alternative independently — zero Part-I offences across all seven streams for three straight years in a highway town that logged 13 in 2019 is not a reachable outcome. One honest caveat that does not change the ruling: from 2021 onward no agency submits Return-A, so an SRS 0/0mo on a zero total may be a mechanical artifact of back-conversion having nothing to convert. That means SRS months=0 must not be used as a standalone rule for zero-total NIBRS years; here the ruling rests on own-history contradiction and absolute plausibility, not on the months field.",1,x-TX2101600-tenaha:misread_missing(sol/high)
c-KY0900200-bloomfield,token_reporter,KY,KY0900200,2.5,sol,token_reporting_flag,high,cross_class_same_ori_contradiction,"published_zero:genuine_zero_year(luna,high) via b2-KY0900200-bloomfield",reconcile_before_apply,batches/batch_054.json,"1 believable month; 0x12/1 still 0, so treat missing and estimate from validated pre-collapse history plus peers. EST2024=0 not defensible.",Publication's 12-month status is unsupported by its own metadata while SRS identifies one submitted month; three consecutive all-stream zeros.,1,x-KY0900200-bloomfield:token_reporting_flag(sol/medium)
b2-ME0151700-milbridge,published_zero,ME,ME0151700,2.5,luna,genuine_zero_year,high,cross_class_same_ori_contradiction,"token_reporter:token_reporting_flag(sol,high) via c-ME0151700-milbridge",reconcile_before_apply,batches/batch_025.json,[raw:true_zero] 2024 is a genuine full-year zero for Milbridge.,"The decisive fact is the 12-month NIBRS batch header reporting zero Part-I counts. The SRS 0-month row is a non-report, while the full-year NIBRS submission supports retaining the CIUS annual zero.",1,x-ME0151700-milbridge:misread_missing(sol/high)
c-AL0060300-clio,token_reporter,AL,AL0060300,2.0,opus,token_reporting_flag,medium,cross_class_same_ori_contradiction,"published_zero:genuine_zero_year(luna,high) via b2-AL0060300-clio",reconcile_before_apply,batches/batch_055.json,"Do not publish 2024 as an observed complete-year zero for AL0060300. The only lane carrying the 'complete 12-month' label is the CIUS row, and per the packet's own artifact note the months_reported=12 / tier-high / weight-1.0 on any CIUS row is assigned by pipeline ASSUMPTION, not measured — while the underlying Return-A submission record for 2024 is 0 reported months, the exact shape of Clio's acknowledged 2020 and 2021 non-report years. CIUS is the Return-A master frozen at publication, so it cannot corroborate the submission it is derived from. That is the BLANK-AS-ZERO artifact precisely: a publication zero standing on a 0-month submission, selected by 'publication_lane_standing'. Recommended handling: mark 2024 not-observed for this ORI and fill from own history. The last real report is 2023 (4 offenses on 9 NIBRS months, ~5.3 annualized), inside the 2-year window the landed rule batch requires, and 2019 — the agency's only clean full year in seven — is 2. A defensible 2024 value sits in the 2-5 range, i.e. roughly 170-420 per 100k on FBIpop 1,194, still well under half the 702.6 peer-band median. The pipeline's current EST2024 = 0 [observed x7] is NOT a defensible repair: it inherits its completeness entirely from the fabricated CIUS 12-month label, and because it is published as complete it receives no uplift and lands as a hard national-floor zero on an exclusive w=1 footprint (Clio city, place 0115640). RESIDUAL THAT COULD FLIP THIS: the 2024 NIB row at 12 months. Pe","I deliberately discounted both screen arms, because both are weak here. The own-history arm fired on median 2 -> 0, which is a two-count difference and pure noise in a Poisson process at this level; and on ABSOLUTE PLAUSIBILITY a true zero IS a reachable outcome for a 1,194-person town whose own best full year was 2 offenses (P(0) under Poisson(2) is about 13%). The peer arm indicts Clio's entire seven-year record rather than 2024 specifically — even its best year, 2 offenses at ~167 per 100k, sits at roughly 24% of the 702.6 peer median, so peer collapse is not news about this year. What decides it is provenance, not level: the completeness claim that makes this a standing observed zero is manufactured by the pipeline on a lane that is derived from a 0-month submission, and an agency with exactly one clean full-year submission in seven years (2018 1/2mo, 2019 2/12mo, 2020 0/0mo, 2021 0/0mo, 2022 1/1mo, 2023 4/9mo) is nowhere near established as a reliable zero-reporter. Absolute plausibility says 0 is reachable; source provenance says 0 is not established. Flag rather than publish. I am at medium rather than high because the NIBRS 12-month header is a genuine counter-fact I cannot resolve from this packet, and it is the one thing that would make this a real zero.",1,x-AL0060300-clio:misread_missing(sol/high)
b2-IL0750400-pleasant-hill,published_zero,IL,IL0750400,2.0,luna,genuine_zero_year,high,cross_class_same_ori_contradiction,"token_reporter:token_reporting_flag(opus,high) via c-IL0750400-pleasant-hill",reconcile_before_apply,batches/batch_028.json,[raw:true_zero] 2024 is a genuine zero-year; retain 0 for all seven offenses.,The 2024 NIBRS batch header reports 12 months and zero Part-I offenses. The sharp historical composition changes are not sufficient to reject a verified full-year submission.,1,x-IL0750400-pleasant-hill:misread_missing(opus/high)
c-MN0250400-kenyon,token_reporter,MN,MN0250400,2.0,sol,token_reporting_flag,high,cross_class_same_ori_contradiction,"published_zero:genuine_zero_year(luna,high) via b2-MN0250400-kenyon",reconcile_before_apply,batches/batch_057.json,"Structurally missing; prefer validated state/local data, else peer estimate ~13 with the 2020-21 average 4.5 as a lower bound. EST2024=0 not defensible.","Three consecutive all-stream zeros at pop ~1,874 after positive full years, with SRS submitting zero months throughout the zero run.",1,x-MN0250400-kenyon:misread_missing(opus/high)
b2-MN0640700-walnut-grove,published_zero,MN,MN0640700,2.0,luna,genuine_zero_year,high,cross_class_same_ori_contradiction,"token_reporter:token_reporting_flag(sol,high) via c-MN0640700-walnut-grove",reconcile_before_apply,batches/batch_030.json,[raw:true_zero] 2024 is a genuine full-year zero.,"The decisive fact is the 12-month NIBRS batch header with zero Part-I counts. The 0-month SRS record is a non-report, but it does not invalidate the complete NIBRS zero.",1,x-MN0640700-walnut-grove:misread_missing(opus/medium)
b2-OK0241500-lahoma,published_zero,OK,OK0241500,2.0,luna,genuine_zero_year,high,cross_class_same_ori_contradiction,"token_reporter:token_reporting_flag(sol,high) via c-OK0241500-lahoma",reconcile_before_apply,batches/batch_032.json,[raw:true_zero] Accept the zero as a genuine complete-year zero.,"The decisive fact is the 12-month NIBRS batch header with all seven Part-I counts zero. The full-year NIBRS submission establishes genuine zero coverage, while the 2-month SRS lane is not independent corroboration.",1,x-OK0241500-lahoma:misread_missing(opus/high)
b2-TX1660300-thorndale,published_zero,TX,TX1660300,2.0,luna,genuine_zero_year,high,cross_class_same_ori_contradiction,"token_reporter:token_reporting_flag(opus,high) via c-TX1660300-thorndale",reconcile_before_apply,batches/batch_033.json,[raw:true_zero] Accept the 2024 CIUS zero as a genuine full-year zero.,"The 12-month NIBRS batch header confirms full-year reporting with zero Part-I offenses. Prior variation, including positive years, is not evidence of a publication gap; zero is reachable for a population of 1,399.",1,x-TX1660300-thorndale:misread_missing(opus/high)
b2-MN0230100-chatfield,published_zero,MN,MN0230100,1.5,luna,genuine_zero_year,high,cross_class_same_ori_contradiction,"token_reporter:token_reporting_flag(sol,high) via c-MN0230100-chatfield",reconcile_before_apply,batches/batch_034.json,[raw:true_zero] Keep 2024 as zero for all seven offenses.,"A full-year NIBRS submission reports zero Part-I-equivalent offenses, which is decisive over the two-month SRS record and prior positive years.",1,x-MN0230100-chatfield:misread_missing(opus/medium)
b2-MN0280100-caledonia,published_zero,MN,MN0280100,1.5,luna,genuine_zero_year,high,cross_class_same_ori_contradiction,"token_reporter:token_reporting_flag(sol,high) via c-MN0280100-caledonia",reconcile_before_apply,batches/batch_034.json,[raw:true_zero] Keep 2024 as zero for all seven offenses.,The completed NIBRS batch reports twelve months and zero offenses. Declining historical counts and flagged footprint review do not establish a publication gap.,1,x-MN0280100-caledonia:misread_missing(opus/high)
b2-IA0060400-urbana,published_zero,IA,IA0060400,1.0,luna,genuine_zero_year,high,cross_class_same_ori_contradiction,"token_reporter:token_reporting_flag(opus,medium) via c-IA0060400-urbana",reconcile_before_apply,batches/batch_035.json,2024 CIUS zero is usable as a true zero.,"Despite roster absence, the 2024 NIBRS batch header records 12 months with all seven offenses at zero; no supersession or footprint conflict is provided.",1,x-IA0060400-urbana:unclear_escalate(opus/medium)
c-IA0060400-urbana,token_reporter,IA,IA0060400,1.0,opus,token_reporting_flag,medium,cross_class_same_ori_contradiction,"published_zero:genuine_zero_year(luna,high) via b2-IA0060400-urbana",reconcile_before_apply,batches/batch_061.json,"structural_zero_treat_as_missing — this is the stronger sub-verdict, not a partial year. EST2024=0 (observed) is NOT a defensible repair and is the most damaging error shape in the batch: a published hard zero drives the Urbana city polygon (place 1979905, w=1 exclusive) to the floor of any block-group risk index. Do not fill from own history — the entire own record is a single larceny in 2023. Route the footprint through benchmark-constrained imputation for silent-agency territory: the (1000,2500] local_police peer median of 702.6/100k on population 1,649 gives ~11-12 offenses. Uplift cannot rescue this row (0 x anything = 0), so partial-year treatment is arithmetically useless here.","The controlling fact is roster absence: this ORI is NOT on the FBI's own CDE 2024 agency roster, yet CIUS and NIB both carry 12-month 2024 rows. The FBI's own list of 2024 reporting agencies does not contain it, which contradicts the 12-month labels and marks the row as a carried shell rather than an active submission. ABSOLUTE PLAUSIBILITY then settles it: 0 Part-I offenses for 1,649 residents with a police agency is not a reachable outcome — expected is ~11-12 at peer rates, and even the quietest towns of that size record larcenies. The whole-series record is one offense across five years (2020-2022 at zero SRS months, i.e. nothing submitted at all; 2023 at 1). The CIUS 12-month label is the BLANK-AS-ZERO shape exactly — a full-year publication sitting on a 0-month Return-A record — and CIUS cannot corroborate the NIBRS row because it IS the Return-A master file frozen at publication, the same submission counted twice. Most likely ground truth is that Benton County SO does the actual policing and its counts crosswalk to the Iowa nonmunicipal remainder, leaving the Urbana polygon uncovered; the recommended repair is robust to whether that or a plain reporting stop is the cause.",1,x-IA0060400-urbana:unclear_escalate(opus/medium)
c-IL0750400-pleasant-hill,token_reporter,IL,IL0750400,1.0,opus,token_reporting_flag,high,cross_class_same_ori_contradiction,"published_zero:genuine_zero_year(luna,high) via b2-IL0750400-pleasant-hill",reconcile_before_apply,batches/batch_061.json,"Sub-classification: structural zero, treat as missing — not a thin year and not a credible zero. All three lanes carry all-seven-zeros; the selected CIUS row is a literal printed zero but is assigned months=12 by assumption, and the underlying Return-A submission is 0 months. Note that SRS=0 months is mechanically implied by a zero count for a NIBRS back-converted agency, so it is NOT independent evidence here — the case rests on the break, not on the month field. RECOMMENDED 2024 VALUE: do not publish 0 for Census place 1760534. Own-history fill is BLOCKED by the 2-year recency rule (the last real positive report is 2019, five years back), so the repair must be a peer-based fill for local_police in the (0, 1000] population band, or better, route place 1760534 to the silent-agency-territory / benchmark-constrained imputation path already built for this situation. Current EST2024 (reported 0 -> estimated 0, all 7 offenses observed) is not a defensible repair: it publishes a populated municipal polygon at exactly zero risk. Same treatment should apply to 2020-2023, which are the same structural zero.","The disqualifying fact is the break, not the level. This agency reported 24 offenses in 2018 at 12 SRS months, 2 in 2019, and then FIVE consecutive years (2020-2024) of exact zero across all seven streams with zero Return-A months in every one of them. A stable population of ~900-930 does not change its underlying crime rate from 24/yr to a five-year run of true zeros; even taking the more conservative reading that 2018 was a burst (5 burglaries + 19 larcenies could be one spree) and the true rate is only ~2/yr, P(five consecutive zeros | mean 2) = e^-10 ~ 4.5e-5. The 2019 year already shows the records break beginning — the packet's own composition scorer flags it as distorted (burglary 0% of the year against 21% across baseline years). ABSOLUTE PLAUSIBILITY: a single zero year for a 900-person village is genuinely reachable, which is why a rate floor alone could not settle this — but a five-year uninterrupted run is a statement about the records system, not about crime. This is what separates it from Ruma and Cowden, which I escalated: those step down from a baseline of 3-4/yr, this one steps down from 24. Confidence is high on non-credibility of the published zero; the repair LEVEL is uncertain (peer-based, since own history is stale), which I have flagged in the detail rather than in the verdict.",1,x-IL0750400-pleasant-hill:misread_missing(opus/high)
b2-NH0074800-sutton,published_zero,NH,NH0074800,1.0,luna,genuine_zero_year,high,cross_class_same_ori_contradiction,"token_reporter:token_reporting_flag(sol,high) via c-NH0074800-sutton",reconcile_before_apply,batches/batch_038.json,2024 is a genuine full-year zero.,The 12-month NIBRS batch header records zero offenses; the one-month SRS zero cannot establish coverage but is irrelevant to the complete NIBRS report. Zero is plausible for population 2060.,1,x-NH0074800-sutton:genuine_zero_year(opus/medium)
c-NH0074800-sutton,token_reporter,NH,NH0074800,1.0,sol,token_reporting_flag,high,cross_class_same_ori_contradiction,"published_zero:genuine_zero_year(luna,high) via b2-NH0074800-sutton",reconcile_before_apply,batches/batch_063.json,"Missing after only 1 believable month; zero cannot annualize; provisional ~4 from the median of corrected recent submissions (2021 ~9, 2022 ~4, 2023 ~4). EST2024=0 not defensible.","Publication totals repeatedly equal short SRS submissions — four months 2021, three 2022-23, one 2024 — and a structural annual zero is implausible at pop 2,060.",1,x-NH0074800-sutton:genuine_zero_year(opus/medium)
b2-PA0542800-tower-city,published_zero,PA,PA0542800,1.0,luna,genuine_zero_year,high,cross_class_same_ori_contradiction,"token_reporter:token_reporting_flag(opus,medium) via c-PA0542800-tower-city",reconcile_before_apply,batches/batch_042.json,[raw:true_zero] Accept 2024 as a genuine full-year zero across all seven Part-I offenses.,"A 12-month NIBRS batch header confirms real full-year submission with zero Part-I counts. This is measured coverage, not a zero-month publication artifact.",1,x-PA0542800-tower-city:genuine_zero_year(opus/medium)
b2-TX2340200-edgewood,published_zero,TX,TX2340200,1.0,luna,genuine_zero_year,high,cross_class_same_ori_contradiction,"token_reporter:token_reporting_flag(opus,high) via c-TX2340200-edgewood",reconcile_before_apply,batches/batch_045.json,[raw:true_zero] 2024 is a genuine full-year zero; use the reported 0 Part-I offenses.,"The decisive fact is the 12-month NIBRS batch header with zero counts. Although historical reporting is sparse, the full-year NIBRS submission establishes coverage; the 0-month SRS cannot rescue or invalidate the zero.",1,x-TX2340200-edgewood:misread_missing(opus/medium)
c-TX2340200-edgewood,token_reporter,TX,TX2340200,1.0,opus,token_reporting_flag,high,cross_class_same_ori_contradiction,"published_zero:genuine_zero_year(luna,high) via b2-TX2340200-edgewood",reconcile_before_apply,batches/batch_066.json,"Sub-verdict: structural_zero_treat_as_missing, for 2023 AND 2024 (both CIUS 0 at assumed-12mo over SRS 0 reported months). EST2024 = 0 observed is NOT defensible on Census place 4822612 at weight 1. Repair is awkward and the packet's own baseline cannot be used: the only 12-month year in the record, 2022, reports 2 MURDERS AND ZERO OF EVERYTHING ELSE for a town of 1,649. That is a probable offence-column misalignment, not a crime record — a 121/100k murder rate with no larceny, no burglary and no assault is not a coherent vector — and it must be quarantined before any fill, because it is currently the agency's sole baseline year and would poison every own-history estimate. With 2022 quarantined the last usable anchor is 2021 (8 on 11 NIBRS months = 8.7/yr), three years back, so the 2-year rule forces a peer fill: 702.6/100k x 1,763 = ~12/yr. Fill ~9-12. SEPARATE HIGH-VALUE TICKET: the 2022 murder-only vector for TX2340200 should be pulled and re-parsed against the source table; it is a data_error independent of this 2024 ruling.","Edgewood's record contains exactly one real data point and one corrupt one. The real one is 2021: 8 offences on 11 NIBRS months, annualising to 8.7/yr, which is in the normal range for a 1,763-person local_police agency against a peer band median implying ~12/yr. Everything else is absence — 2018, 2019 and 2020 are SRS 0/0mo non-reports, and 2023 and 2024 are CIUS zeros over SRS records showing 0 reported months. A town whose one measured year produced 8 index offences, with a functioning PD and a population growing from 1,493 to 1,763, does not reach zero across all seven streams; the level is not a reachable crime outcome. The NIBRS 12-month headers for 2023-2024 are zero-report batches: on a zero total the header cannot distinguish twelve crime-free months from twelve compliance filings, and the agency's own 2021 output decides it. The corrupt 2022 vector matters to the ruling as well as being a defect in its own right, because it is what produces the misleadingly benign screen framing 'own full-year median 1, 2024 is 0.0% of it' — a median of 1 makes a zero look like a small step when the agency's real level is ~9.",1,x-TX2340200-edgewood:misread_missing(opus/medium)
c-KY0360400-wayland,token_reporter,KY,KY0360400,0.5,sol,token_reporting_flag,high,cross_class_same_ori_contradiction,"published_zero:genuine_zero_year(luna,high) via b2-KY0360400-wayland",reconcile_before_apply,batches/batch_066.json,Missing; 0 believable Return-A months; repair from valid history or small-agency peer model. EST2024=0 not defensible.,"Counts tightly coupled to status: positive years 12 SRS months, zero years 0 months including 2024.",1,x-KY0360400-wayland:genuine_zero_year(opus/medium)
b2-KY0430200-caneyville,published_zero,KY,KY0430200,0.5,luna,genuine_zero_year,high,cross_class_same_ori_contradiction,"token_reporter:token_reporting_flag(sol,high) via c-KY0430200-caneyville",reconcile_before_apply,batches/batch_045.json,[raw:true_zero] Accept the 2024 CIUS zero for all seven offenses; no partial-year adjustment.,"The 12-month NIBRS batch header independently establishes a real full-year submission with zero Part-I offenses. The 0-month SRS is irrelevant corroboration, not the basis for the decision.",1,x-KY0430200-caneyville:genuine_zero_year(sol/medium)
c-KY0430200-caneyville,token_reporter,KY,KY0430200,0.5,sol,token_reporting_flag,high,cross_class_same_ori_contradiction,"published_zero:genuine_zero_year(luna,high) via b2-KY0430200-caneyville",reconcile_before_apply,batches/batch_067.json,Missing; 0 believable Return-A months; use limited valid history plus matched peers; do not annualize zero. EST2024=0 not defensible.,Zero years coincide with 0 SRS months while the sole positive year reports 12 — the blank-as-zero signature.,1,x-KY0430200-caneyville:genuine_zero_year(sol/medium)
c-KY0430300-clarkson,token_reporter,KY,KY0430300,0.5,sol,token_reporting_flag,high,cross_class_same_ori_contradiction,"published_zero:genuine_zero_year(luna,high) via b2-KY0430300-clarkson",reconcile_before_apply,batches/batch_067.json,Missing; 0 believable Return-A months; replace via recent valid history or peer model. EST2024=0 not defensible.,2023 and 2024 zeros rest on 0-month SRS; CIUS has previously printed zero while NIBRS-equivalent was positive.,1,x-KY0430300-clarkson:genuine_zero_year(opus/medium)
b2-KY0900200-bloomfield,published_zero,KY,KY0900200,0.5,luna,genuine_zero_year,high,cross_class_same_ori_contradiction,"token_reporter:token_reporting_flag(sol,high) via c-KY0900200-bloomfield",reconcile_before_apply,batches/batch_046.json,[raw:true_zero] 2024 is a genuine full-year zero for the municipal Bloomfield Police Department footprint.,"A 12-month NIBRS batch header reports zero Part-I offenses, providing full-year submission evidence independent of the 1-month SRS artifact. Prior positive years and smoothness do not determine authenticity; composition is uniformly zero and therefore neutral. The CIUS zero is not BLANK-AS-ZERO.",1,x-KY0900200-bloomfield:token_reporting_flag(sol/medium)
c-PA0542800-tower-city,token_reporter,PA,PA0542800,0.5,opus,token_reporting_flag,medium,cross_class_same_ori_contradiction,"published_zero:genuine_zero_year(luna,high) via b2-PA0542800-tower-city",reconcile_before_apply,batches/batch_068.json,"Sub-ruling: structural_zero_treat_as_missing — but state explicitly that this is NOT a blank-as-zero artifact. NIB carries 12 reported months on the 2024 batch header, so under the current rules the completeness is a real measurement and the SRS 0-month row is only the back-conversion shadow. The flag therefore rests on ABSOLUTE PLAUSIBILITY across the whole span, not on the completeness label: over 2022-2024 this ORI filed three header-confirmed 12-month NIBRS years (0, 1, 0) totalling ONE Part-I offence for a borough of ~1,430, i.e. about 23 per 100k per year against a peer-band median of 702.6 and a national Part-I rate near 2,000. One offence in ~4,300 person-years is not a crime outcome, it is a recording outcome. The likely mechanism is structural rather than dishonest: the 2019 Schuylkill County coverage table lists Tower City Borough Police Dept (717-647-4367) as primary WITH PSP Schuylkill Haven as station coverage — the standard PA part-time-local / PSP-backup arrangement, in which most incidents and effectively all off-hours reports are recorded under the PSP station's ORI. So the ORI's nil returns can be honest while the borough polygon's exposure is nonzero and simply lives outside this ORI. Repair consequences: uplift cannot rescue a zero and an own-history fill reproduces ~0, so NEITHER standard route works — Tower City borough cousub 4210777184 needs PSP-localized counts (the pending PA state-police localization work) or an explicit peer floor, and 2024 should","Unlike the nine sub-12-month cases the submission here is real, so the flag is grounded in absolute plausibility rather than in a fabricated completeness label. The principled line against Freemansburg (which I escalated) is that a nonzero count proves the agency's record pipeline is live and measuring something, whereas a sustained exact zero across three consecutive full NIBRS years is the structural-zero signature; and a zero is the one value no ratio or uplift can ever repair, so leaving it 'observed' permanently hard-codes a false 0 exposure. Medium rather than high because I am overriding the strongest completeness evidence in the batch on plausibility grounds, and because the PSP-coverage mechanism is inferred from a 2019 county table rather than from 2024 records.",1,x-PA0542800-tower-city:genuine_zero_year(opus/medium)
b2-AL0060300-clio,published_zero,AL,AL0060300,0.0,luna,genuine_zero_year,high,cross_class_same_ori_contradiction,"token_reporter:token_reporting_flag(opus,medium) via c-AL0060300-clio",reconcile_before_apply,batches/batch_050.json,"[raw:true_zero] 2024 is a genuine full-year zero for Clio Police Department, ORI AL0060300, footprint Census place 0115640 (Clio city), population 1,194.",The decisive fact is the 12-month NIBRS batch header with zero Part-I offenses. This is a real full-year submission; CIUS/SRS agreement is not independent corroboration. The zero is absolutely plausible for this population.,1,x-AL0060300-clio:misread_missing(sol/high)
b2-AL0420400-hillsboro,published_zero,AL,AL0420400,0.0,luna,genuine_zero_year,high,cross_class_same_ori_contradiction,"token_reporter:token_reporting_flag(opus,medium) via c-AL0420400-hillsboro",reconcile_before_apply,batches/batch_051.json,"[raw:true_zero] 2024 is a genuine full-year zero for Hillsboro Police Department, ORI AL0420400, footprint Census place 0134816 (Hillsboro town), population 405.","The decisive fact is the 12-month NIBRS batch header with zero Part-I offenses. Despite SRS showing zero months, the full-year NIBRS submission is real; the zero is plausible and consistent with the agency's history.",1,x-AL0420400-hillsboro:misread_missing(sol/high)
c-AL0420400-hillsboro,token_reporter,AL,AL0420400,0.0,opus,token_reporting_flag,medium,cross_class_same_ori_contradiction,"published_zero:genuine_zero_year(luna,high) via b2-AL0420400-hillsboro",reconcile_before_apply,batches/batch_068.json,"Packet-level verdict: structural_zero_treat_as_missing. This ORI has never recorded a single Part-I offence in 2018-2024: 2018-2021 are 0-1-month non-reports and 2022/2023/2024 are all-zero CIUS+NIB rows. EST2024 = 0 [observedx7] is NOT defensible as a measured value — the defect is that a hard, exclusive, weight-1.0 zero is being published for Census place 0134816 (Hillsboro town) on the strength of an ORI that appears to be recording nothing rather than measuring nothing. Preferred repair is NOT a fabricated count: mark the agency-year (and 2022-2023) as unmeasured so the Hillsboro town polygon falls back to the Lawrence County / non-municipal remainder rate, rather than either publishing 0 or inventing a peer fill. If the architecture requires a value, the peer band gives 503.4 per 100k x 405 = ~2 offences, but that is a fabricated number for a place whose actual policing is elsewhere. No own-history fill is possible (no positive year exists).","Two things point the same way. First, seven consecutive years with zero Part-I offences is not a credible cumulative crime outcome even for 405 residents: at a peer-implied lambda of ~2 a year, three straight verified zeros alone is ~0.25 percent, and at a conservative lambda of 1 it is ~5 percent — while the four earlier years are 0-month non-reports, so the ORI has never demonstrated it can record anything. Second, the shape fits a nominal or inactive municipal PD: a tiny Alabama town carrying a police ORI that files zero-reports while the Lawrence County Sheriff answers actual calls. That reading makes the ORI's zeros faithful to the ORI and simultaneously makes the published zero wrong for the place, because the crime occurring inside Hillsboro town is booked under the sheriff's ORI, which this pipeline crosswalks to 'state_nonmunicipal_remainder' and smears statewide. So the town polygon gets a hard zero while its actual crime sits in a statewide pool. Note also that the c1 screen fired PEER-ONLY here — there is no own history to collapse — so the usual own-history test is unavailable and the ruling rests on absolute plausibility plus the footprint defect. Confidence is medium rather than high because I cannot distinguish, from this packet, an inactive PD from an auto-generated state zero-report stream, and both differ from a genuinely crime-free village; but all three readings agree that 0 should not be published as a measured value at weight 1 for this polygon.",1,x-AL0420400-hillsboro:misread_missing(sol/high)
b2-GA0190300-leary,published_zero,GA,GA0190300,0.0,luna,genuine_zero_year,high,cross_class_same_ori_contradiction,"token_reporter:token_reporting_flag(opus,medium) via c-GA0190300-leary",reconcile_before_apply,batches/batch_051.json,"[raw:true_zero] 2024 is a genuine full-year zero for Leary Police Department, ORI GA0190300, footprint Census place 1345600 (Leary city), population 495.","The decisive fact is the 12-month NIBRS batch header with zero Part-I offenses. Earlier CIUS years have BLANK-AS-ZERO risk, but the 2024 full-year NIBRS submission resolves that ambiguity for 2024.",1,x-GA0190300-leary:misread_missing(sol/high)
c-GA0190300-leary,token_reporter,GA,GA0190300,0.0,opus,token_reporting_flag,medium,cross_class_same_ori_contradiction,"published_zero:genuine_zero_year(luna,high) via b2-GA0190300-leary",reconcile_before_apply,batches/batch_069.json,"Packet-taxonomy sub-verdict: structural_zero_treat_as_missing — specifically, treat GA0190300 as SILENT-AGENCY TERRITORY and route it to the v20 benchmark-constrained imputation path rather than publishing 0 at weight 1.0 / tier high / exclusive on the Leary city polygon. There is no own-history basis of any kind (never a positive value in any lane in any year 2018-2024), so any fill must be external; 503.4/100k x 495 = ~2.5/yr is an upper anchor. EST2024=0 [observed] is not defensible as a MEASURED zero, although the fitted value may legitimately end up small. THE MECHANISM IS AMBIGUOUS AND BOTH BRANCHES REQUIRE THE SAME TREATMENT: either (a) Leary PD is a nominal department whose incidents are worked and reported by Calhoun County SO — the crime on that polygon is real but attributed to another ORI — or (b) the agency is roster-registered and non-reporting. Under (a) the correct fix is a footprint/crosswalk correction, and imputing on top of the sheriff would double-count. Resolve (a) vs (b) before applying any fill.","Seven consecutive years with not one Part-I offence in any lane. Against the peer band median (503.4/100k at ~500 population, ~2.5/yr, ~17 expected across the span) that is on the order of 1e-8; even against a deliberately conservative small-town floor of ~150/100k (~0.74/yr, ~5.2 expected) it is ~0.5%, so the absolute-plausibility test fails on level, not merely on trend. Leary sits in Calhoun County, among Georgia's poorest, where rural property crime is not near zero. The known artifacts are all present and all point the same way: the 2018 CIUS 0 is flagged BLANK-AS-ZERO (a 12-month label on a 0-month submission record, indistinguishable from an unfilled blank), and the 2022-2024 CIUS zeros are the same submission as the NIBRS zero-reports rendered a second time, so no independent corroboration exists anywhere in the series. The single datum pointing the other way — the 2019 Return-A at 10 reported months with a total of 0, an affirmative zero filing — is why the mechanism is left open even though the verdict is not, and why this is medium rather than high.",1,x-GA0190300-leary:misread_missing(sol/high)
b2-GA0810500-stapleton,published_zero,GA,GA0810500,0.0,luna,genuine_zero_year,high,cross_class_same_ori_contradiction,"token_reporter:token_reporting_flag(opus,medium) via c-GA0810500-stapleton",reconcile_before_apply,batches/batch_053.json,2024 CIUS zero is usable as a true zero.,The 2024 NIBRS batch header records 12 months with all seven offenses at zero; the 399-person agency has an all-zero history and a reachable zero-crime outcome.,1,x-GA0810500-stapleton:misread_missing(sol/high)
c-GA0810500-stapleton,token_reporter,GA,GA0810500,0.0,opus,token_reporting_flag,medium,cross_class_same_ori_contradiction,"published_zero:genuine_zero_year(luna,high) via b2-GA0810500-stapleton",reconcile_before_apply,batches/batch_069.json,"Packet-taxonomy sub-verdict: structural_zero_treat_as_missing — treat as silent-agency territory (v20 benchmark-constrained imputation) rather than a measured zero. No own-history basis exists (never a positive value in any lane, any year), so the anchor must be external: 503.4/100k x 399 = ~2.0/yr. EST2024=0 [observed] is not defensible as a measured zero. Same double-count caveat as Leary and Bartow: confirm Jefferson County SO does not already carry this town's incident reporting before applying any fill. FLAGGED AS THE WEAKEST-EVIDENCE RULING IN THIS BATCH — it rests entirely on absolute plausibility at population 399, and a reviewer who sets the small-town floor rate below ~100/100k should downgrade it to unclear_escalate.","Seven consecutive years with no Part-I offence in any lane, at a stable population of ~390-399. Against the band median (~2.0/yr, ~14 expected across the span) that is on the order of 1e-6; against a deliberately conservative ~150/100k floor (~0.6/yr, ~4.2 expected) it is ~1.5%. Failing both is what separates this case from Bartow (177) in the same county, where the conservative floor is survivable — that is the line I hold across the batch. Supporting evidence Bartow lacks: the submission record is irregular in an administrative way. NIBRS coverage runs 6 months in 2020 (consistent with a 2020-07-01 start), then 12, then 12, then drops to 4 months in 2023, then back to 12 in 2024, while the content never changes. A header that swings 12 -> 4 -> 12 with identical empty content is being set administratively, not measured. The CIUS 2022 and 2024 zeros are the same NIBRS submission rendered a second time and add nothing, and the SRS lane records 0 reported months in every year of the span, so no year in the series has a single month of substantive Return-A behind it.",1,x-GA0810500-stapleton:misread_missing(sol/high)
b2-GA0850200-milner,published_zero,GA,GA0850200,0.0,luna,genuine_zero_year,high,cross_class_same_ori_contradiction,"token_reporter:token_reporting_flag(opus,medium) via c-GA0850200-milner",reconcile_before_apply,batches/batch_053.json,2024 CIUS zero is usable as a true zero.,"The 2024 NIBRS batch header records 12 months with all seven offenses at zero. No positive history exists, but the zero is absolutely plausible for this 828-person agency.",1,x-GA0850200-milner:misread_missing(sol/high)
c-GA0850200-milner,token_reporter,GA,GA0850200,0.0,opus,token_reporting_flag,medium,cross_class_same_ori_contradiction,"published_zero:genuine_zero_year(luna,high) via b2-GA0850200-milner",reconcile_before_apply,batches/batch_069.json,"Packet-taxonomy sub-verdict: structural_zero_treat_as_missing — treat as a silent / newly-onboarded agency rather than a measured zero. No own-history basis exists (never a positive value in any lane, any year), so the anchor must be external: 503.4/100k x 828 = ~4.2/yr. EST2024=0 [observed] is not defensible as a measured zero, and the 2023 zero (NIBRS, 10 months) should get the same treatment. Same double-count caveat: confirm Lamar County SO does not already carry this town's reporting before filling.","The driver is the onboarding pattern, not the peer rate alone. The roster gives a NIBRS start of 2021-11-01, yet no NIBRS row exists until 2023 — a 14-month gap — and the five years 2018 through 2022 carry nothing at all: SRS at 0 reported months with no NIBRS row, i.e. the agency sat on the roster and submitted nothing. What follows is the textbook new-NIBRS compliance pattern: a 10-month zero-report in 2023, a 12-month zero-report in 2024, all seven streams empty, while the SRS lane still shows 0 months of substantive Return-A. Content-free full-coverage headers appearing immediately after a rocky onboarding is a vendor establishing compliance, not an agency measuring zero crime. Absolute plausibility supports but does not carry the ruling alone: Milner is a growing exurban-Atlanta town on US-41 (635 -> 828 across the span) whose police department is a highway-enforcement operation, and roughly 22 submitted months with zero larcenies and zero vehicle burglaries sits below any plausible floor (~7.7 expected at the band median, P = ~5e-4). But over only 22 submitted months a conservative ~150/100k floor would be survivable, which is why this is medium rather than high.",1,x-GA0850200-milner:misread_missing(sol/high)
b2-IA0540100-sigourney,published_zero,IA,IA0540100,0.0,luna,genuine_zero_year,high,cross_class_same_ori_contradiction,"token_reporter:token_reporting_flag(opus,high) via c-IA0540100-sigourney",reconcile_before_apply,batches/batch_053.json,2024 CIUS zero is usable as a true zero.,The 2024 NIBRS batch header records a complete 12-month zero submission. Prior positive years and roster absence do not establish a publication gap.,1,x-IA0540100-sigourney:misread_missing(sol/high)
c-IA0540100-sigourney,token_reporter,IA,IA0540100,0.0,opus,token_reporting_flag,high,cross_class_same_ori_contradiction,"published_zero:genuine_zero_year(luna,high) via b2-IA0540100-sigourney",reconcile_before_apply,batches/batch_070.json,"structural_zero_treat_as_missing — a three-year reporting stop, not a partial year and not a crime outcome. EST2024=0 (observed) is NOT a defensible repair, and the same ruling must be applied to 2022 and 2023, which are identical all-zero NIB-12mo / SRS-0mo rows. Uplift is arithmetically useless (0 x anything = 0). Own history is blocked by the within-2-years rule (last real report 2021), so route the Sigourney city polygon (place 1973110, w=1 exclusive) through benchmark-constrained imputation for silent-agency territory: (1000,2500] local_police median of 702.6/100k on population 1,980 gives ~14. This converges tightly with the agency's own pre-break level — 2018 annualizes to 13.2 and 2019 to 18.5 — so ~14 is well anchored from two independent bases. Recommended 2024 value ~14, same for 2022 and 2023.","The strongest case in the batch because every arm agrees. The agency has a real, ordinary reporting record through 2021 (11, 17, 7, 5 raw; ~13, ~18.5, ~10.5, 5 annualized), then stops dead: three consecutive years of exactly zero across all seven streams. A county-seat town of 2,000 that recorded 17 offenses in 2019 does not go to zero and stay there for three years — that is a reporting stop, not a crime movement, and 0/100k is not a reachable outcome for a functioning agency at this population. ROSTER ABSENCE corroborates independently: this ORI is not on the FBI's own CDE 2024 agency roster, so the FBI's own list of 2024 reporting agencies excludes it while CIUS and NIB still carry 12-month rows for it. Return-A shows zero months submitted in all three zero years. The 12-month NIBRS batch headers are the only thing arguing the other way, and I read them as administrative — empty headers generated by the state program or a records vendor after the agency stopped forwarding data — because the alternative is 36 consecutive deliberate monthly zero-reports from a department that had been filing normally. Whether the underlying cause is a reporting stop or an outright disbandment with Keokuk County SO absorbing the territory, the correct output is identical: do not publish 0 for this polygon.",1,x-IA0540100-sigourney:misread_missing(sol/high)
b2-IA0820500-blue-grass,published_zero,IA,IA0820500,0.0,luna,genuine_zero_year,high,cross_class_same_ori_contradiction,"token_reporter:token_reporting_flag(opus,high) via c-IA0820500-blue-grass",reconcile_before_apply,batches/batch_054.json,2024 CIUS zero is usable as a true zero.,"The 2024 NIBRS batch header records 12 months with all seven offenses at zero; the zero is supported by another complete NIBRS year and remains plausible for the 1,693-person footprint.",1,x-IA0820500-blue-grass:misread_missing(sol/high)
b2-IA0820800-princeton,published_zero,IA,IA0820800,0.0,luna,genuine_zero_year,high,cross_class_same_ori_contradiction,"token_reporter:token_reporting_flag(opus,medium) via c-IA0820800-princeton",reconcile_before_apply,batches/batch_054.json,2024 CIUS zero is usable as a true zero.,"The 2024 NIBRS batch header records 12 months with all seven offenses at zero. No positive baseline contradicts the zero, and the agency footprint is specific and consistent.",1,x-IA0820800-princeton:misread_missing(sol/high)
c-IA0820800-princeton,token_reporter,IA,IA0820800,0.0,opus,token_reporting_flag,medium,cross_class_same_ori_contradiction,"published_zero:genuine_zero_year(luna,high) via b2-IA0820800-princeton",reconcile_before_apply,batches/batch_070.json,"Packet vocabulary: structural_zero_treat_as_missing — but the operative defect is footprint coverage, not token filing. This ORI has never filed a positive Part-I count anywhere in 2018-2024: four years at zero SRS months (2018-2021), a 4-month NIBRS zero (2022), then 12-month NIBRS zeros in 2023 and 2024. Own-history fill is structurally unusable here — it returns 0 by construction, and the 'real report within 2 years' gate is satisfied by a zero-report that should not count as a report. Repair must be external: peer band 503.4/100k x 913 = 4.6, so ~4-5 offences; better still, mark Census place 1964740 as uncovered rather than assigning it exclusively at weight 1.0 to a dormant ORI, and let it inherit Scott County non-municipal coverage. EST2024 = 0 [observedx7] is not defensible as a place-level value.","The determinative question is not whether crime in a 913-person river village could be low — it is whether this ORI has ever demonstrated that it takes reports. It has not, in seven years. The roster gives a NIBRS start of 2011-04-01 yet the NIBRS lane carries no panel row until 2022, i.e. a decade of silence from a certified agency; that is a dormant ORI, and a dormant ORI's zero is a non-report by definition, not a measurement. BLANK-AS-ZERO applies in its purest form: the only 2024 evidence is one NIBRS submission whose batch header claims 12 months, with CIUS re-rendering it and the pipeline assigning tier hi / weight 1.0 / 12 months by assumption. Uplift cannot rescue either the 0-month SRS zeros or the 2022 4-month zero. I hold this at medium rather than high because the magnitude of the repair is genuinely uncertain — a 913-person village's true level is plausibly only 2-5 offences, so the absolute error in the published zero is small even though the zero is not evidence; what is not uncertain is that the value is unearned. Distinguish this from Albers, which did file a substantive 12-month Return-A once and therefore is escalated rather than flagged.",1,x-IA0820800-princeton:misread_missing(sol/high)
b2-KS0350300-montezuma,published_zero,KS,KS0350300,0.0,luna,genuine_zero_year,high,cross_class_same_ori_contradiction,"token_reporter:token_reporting_flag(sol,medium) via c-KS0350300-montezuma",reconcile_before_apply,batches/batch_059.json,2024 is a genuine full-year zero for the Montezuma municipal footprint.,"The 12-month NIBRS batch header records zero Part-I offenses, confirming a real full-year submission. The CIUS zero is literal and source-preferred; the 0-month SRS is merely non-reporting in that lane.",1,x-KS0350300-montezuma:misread_missing(opus/medium)
c-KS0350300-montezuma,token_reporter,KS,KS0350300,0.0,sol,token_reporting_flag,medium,cross_class_same_ori_contradiction,"published_zero:genuine_zero_year(luna,high) via b2-KS0350300-montezuma",reconcile_before_apply,batches/batch_072.json,"Structural zero, treat missing; no usable positive history so peer repair ~5 at pop 977. EST2024=0 not defensible.",Repeated all-zero 12mo headers 2018-20 and 2024 with 0-month SRS in between; recurring no-incident/token headers.,1,x-KS0350300-montezuma:misread_missing(opus/medium)
b2-KY0110300-perryville,published_zero,KY,KY0110300,0.0,luna,genuine_zero_year,high,cross_class_same_ori_contradiction,"token_reporter:token_reporting_flag(sol,high) via c-KY0110300-perryville",reconcile_before_apply,batches/batch_061.json,2024 is a genuine full-year zero for the Perryville municipal footprint.,"The 12-month NIBRS batch header reports zero offenses, while the competing SRS has only one reported month and is not used to establish completeness. The literal CIUS zero therefore remains valid.",1,x-KY0110300-perryville:genuine_zero_year(opus/medium)
c-KY0110300-perryville,token_reporter,KY,KY0110300,0.0,sol,token_reporting_flag,high,cross_class_same_ori_contradiction,"published_zero:genuine_zero_year(luna,high) via b2-KY0110300-perryville",reconcile_before_apply,batches/batch_073.json,Missing rather than genuine annual zero; 1 evidenced month; repair via missing-data estimate from sparse history plus matched peers. EST2024=0 not defensible.,Zero years repeatedly coincide with 0-1 SRS months while the sole positive year has 12; zero cannot be annualized.,1,x-KY0110300-perryville:genuine_zero_year(opus/medium)
b2-KY0360200-wheelwright,published_zero,KY,KY0360200,0.0,luna,genuine_zero_year,high,cross_class_same_ori_contradiction,"token_reporter:token_reporting_flag(sol,high) via c-KY0360200-wheelwright",reconcile_before_apply,batches/batch_061.json,2024 is a genuine full-year zero for the Wheelwright municipal footprint.,The FBI NIBRS batch header confirms 12 months and zero Part-I offenses. The CIUS zero is literal and source-preferred; the 0-month SRS is not evidence that the agency failed to report overall.,1,x-KY0360200-wheelwright:misread_missing(opus/medium)
c-KY0360200-wheelwright,token_reporter,KY,KY0360200,0.0,sol,token_reporting_flag,high,cross_class_same_ori_contradiction,"published_zero:genuine_zero_year(luna,high) via b2-KY0360200-wheelwright",reconcile_before_apply,batches/batch_073.json,Missing; 0 believable Return-A months; estimate via explicit missing-data method. EST2024=0 not defensible as observed.,Every annual zero pairs with 0-1 SRS months; seven consecutive all-zero equivalents point to structural token reporting at pop 464.,1,x-KY0360200-wheelwright:misread_missing(opus/medium)
b2-KY0360400-wayland,published_zero,KY,KY0360400,0.0,luna,genuine_zero_year,high,cross_class_same_ori_contradiction,"token_reporter:token_reporting_flag(sol,high) via c-KY0360400-wayland",reconcile_before_apply,batches/batch_061.json,2024 is a genuine full-year zero for the Wayland municipal footprint.,A real 12-month NIBRS submission reports zero across all offenses. The literal CIUS zero is therefore usable; prior positive years do not invalidate a reachable zero outcome for this population.,1,x-KY0360400-wayland:genuine_zero_year(opus/medium)
b2-KY0360500-allen,published_zero,KY,KY0360500,0.0,luna,genuine_zero_year,high,cross_class_same_ori_contradiction,"token_reporter:token_reporting_flag(sol,high) via c-KY0360500-allen",reconcile_before_apply,batches/batch_062.json,2024 is a genuine full-year zero for the Allen municipal footprint.,"The 12-month NIBRS batch header establishes a completed submission with zero Part-I offenses. The CIUS row is a literal printed zero, and the very small population makes the outcome absolutely plausible.",1,x-KY0360500-allen:genuine_zero_year(opus/medium)
c-KY0360500-allen,token_reporter,KY,KY0360500,0.0,sol,token_reporting_flag,high,cross_class_same_ori_contradiction,"published_zero:genuine_zero_year(luna,high) via b2-KY0360500-allen",reconcile_before_apply,batches/batch_073.json,Missing; 0 believable Return-A months; no usable history so use a carefully matched small-agency model. EST2024=0 not defensible as observed.,Zero SRS months in every year and 2024 is its first NIBRS-equivalent appearance; cannot distinguish zero crime from total non-reporting.,1,x-KY0360500-allen:genuine_zero_year(opus/medium)
b2-KY0430300-clarkson,published_zero,KY,KY0430300,0.0,luna,genuine_zero_year,high,cross_class_same_ori_contradiction,"token_reporter:token_reporting_flag(sol,high) via c-KY0430300-clarkson",reconcile_before_apply,batches/batch_062.json,[raw:true_zero] Accept the 2024 CIUS zero for all seven offenses; no partial-year adjustment.,The decisive fact is the 12-month NIBRS batch header reporting zero Part-I offenses. The earlier 2022 lane disagreement is a vintage/rendering issue and does not negate the complete 2024 submission.,1,x-KY0430300-clarkson:genuine_zero_year(opus/medium)
c-ME0151700-milbridge,token_reporter,ME,ME0151700,0.0,sol,token_reporting_flag,high,cross_class_same_ori_contradiction,"published_zero:genuine_zero_year(luna,high) via b2-ME0151700-milbridge",reconcile_before_apply,batches/batch_075.json,"Structural missingness; 0 believable SRS months; last positive report is 2019 and too stale, so use verified state/local data or a peer-based estimate. EST2024=0 not defensible.","SRS records 0 submitted months every year 2021-24 while CIUS republishes zeros; four consecutive all-stream zeros for an active rostered agency serving ~1,400.",1,x-ME0151700-milbridge:misread_missing(sol/high)
b2-MI3266600-pigeon,published_zero,MI,MI3266600,0.0,luna,genuine_zero_year,high,cross_class_same_ori_contradiction,"token_reporter:token_reporting_flag(sol,medium) via c-MI3266600-pigeon",reconcile_before_apply,batches/batch_067.json,[raw:true_zero] Keep 2024 as zero for all seven offenses.,"The 12-month NIBRS batch header records a genuine full-year zero. The partial SRS record cannot corroborate it, but it also does not negate the completed NIBRS submission.",1,x-MI3266600-pigeon:misread_missing(opus/high)
c-MI3266600-pigeon,token_reporter,MI,MI3266600,0.0,sol,token_reporting_flag,medium,cross_class_same_ori_contradiction,"published_zero:genuine_zero_year(luna,high) via b2-MI3266600-pigeon",reconcile_before_apply,batches/batch_075.json,"At most a 4-month zero, so treat missing; no usable positive history means a validated peer model or state data. Peer rate implies ~8 as a model input, not an observation. EST2024=0 not defensible.","Six consecutive apparent all-stream zeros at pop ~1,200 with no positive baseline; Return-A supports only 4 months.",1,x-MI3266600-pigeon:misread_missing(opus/high)
b2-MN0230500-rushford,published_zero,MN,MN0230500,0.0,luna,genuine_zero_year,high,cross_class_same_ori_contradiction,"token_reporter:token_reporting_flag(sol,high) via c-MN0230500-rushford",reconcile_before_apply,batches/batch_068.json,[raw:true_zero] Keep 2024 as zero for all seven offenses.,"Although the 2018 CIUS zero has blank-as-zero risk, 2024 has a completed 12-month NIBRS batch reporting zero. That is direct full-year submission evidence.",1,x-MN0230500-rushford:misread_missing(opus/high)
c-MN0230500-rushford,token_reporter,MN,MN0230500,0.0,sol,token_reporting_flag,high,cross_class_same_ori_contradiction,"published_zero:genuine_zero_year(luna,high) via b2-MN0230500-rushford",reconcile_before_apply,batches/batch_076.json,Structurally missing; no usable positive history so use a validated state/local source or peer estimate ~13. EST2024=0 not defensible.,"No Part-I offence in any year shown for pop ~1,861, with the 2018 CIUS zero showing explicit blank-as-zero risk.",1,x-MN0230500-rushford:misread_missing(opus/high)
b2-MN0250400-kenyon,published_zero,MN,MN0250400,0.0,luna,genuine_zero_year,high,cross_class_same_ori_contradiction,"token_reporter:token_reporting_flag(sol,high) via c-MN0250400-kenyon",reconcile_before_apply,batches/batch_068.json,[raw:true_zero] Keep 2024 as zero for all seven offenses.,The 12-month NIBRS batch header confirms a genuine full-year zero. Partial SRS coverage and prior positive years do not override it.,1,x-MN0250400-kenyon:misread_missing(opus/high)
c-MN0280100-caledonia,token_reporter,MN,MN0280100,0.0,sol,token_reporting_flag,high,cross_class_same_ori_contradiction,"published_zero:genuine_zero_year(luna,high) via b2-MN0280100-caledonia",reconcile_before_apply,batches/batch_076.json,Treat missing; no trustworthy recent positive report so use a peer model — peer median implies ~26. EST2024=0 not a defensible repair.,"Five consecutive all-stream zeros for ~2,775 residents fail absolute plausibility; SRS records zero submitted months and CIUS's 12-month status is assumed.",1,x-MN0280100-caledonia:misread_missing(opus/high)
b2-NH0057400-warren,published_zero,NH,NH0057400,0.0,luna,genuine_zero_year,high,cross_class_same_ori_contradiction,"token_reporter:token_reporting_flag(sol,medium) via c-NH0057400-warren",reconcile_before_apply,batches/batch_073.json,2024 is a genuine full-year zero.,"A complete 12-month NIBRS submission reports zero. Repeated prior zeros and population 835 support, rather than undermine, the zero.",1,x-NH0057400-warren:misread_missing(opus/medium)
c-NH0057400-warren,token_reporter,NH,NH0057400,0.0,sol,token_reporting_flag,medium,cross_class_same_ori_contradiction,"published_zero:genuine_zero_year(luna,high) via b2-NH0057400-warren",reconcile_before_apply,batches/batch_078.json,Structural zero with 0 believable SRS months; cannot uplift; no credible positive history so use a matched small-jurisdiction peer estimate. EST2024=0 not defensible.,Every SRS year records zero submitted months while the post-2021 series prints four consecutive all-offence zeros at pop ~835 with no observed offence ever.,1,x-NH0057400-warren:misread_missing(opus/medium)
b2-SC0130400-mcbee,published_zero,SC,SC0130400,0.0,luna,genuine_zero_year,high,cross_class_same_ori_contradiction,"token_reporter:token_reporting_flag(opus,medium) via c-SC0130400-mcbee",reconcile_before_apply,batches/batch_082.json,[raw:true_zero] Retain 0 for all seven Part-I offenses in 2024.,"The 12-month NIBRS batch header records zero Part-I offenses. This is full-year reporting, not a zero-month gap; lack of prior positive history does not invalidate the measured zero.",1,x-SC0130400-mcbee:genuine_zero_year(sol/medium)
c-SC0130400-mcbee,token_reporter,SC,SC0130400,0.0,opus,token_reporting_flag,medium,cross_class_same_ori_contradiction,"published_zero:genuine_zero_year(luna,high) via b2-SC0130400-mcbee",reconcile_before_apply,batches/batch_083.json,"Packet-vocabulary disposition: structural_zero_treat_as_missing for the McBee town polygon, with the repair path being a footprint/attribution check rather than a value fill. This case is genuinely closer than the PA cluster and I want the countervailing evidence on record: unlike the PA zeros, the 2024 row is NOT bare CIUS — the NIBRS lane carries 12 reported months, and under the landed rule that NIBRS completion is keyed on the batch header, that is an affirmative twelve-month zero-report, the standard mechanism by which a quiet agency says 'nothing happened'. What defeats it is the seven-year record, not the single year. The agency has NEVER recorded a positive Part-I year in 2018-2024, and five of those seven years contain no submission of any kind (SRS 0 months and no NIBRS row at all in 2018, 2019, 2020, 2021, 2023). NIBRS rows exist in only 2022 and 2024 despite a roster NIBRS start of 1991-01-01. So the '12 header months' claim appears in exactly the two years the agency engaged at all, and is otherwise unsupported by any pattern of participation. ABSOLUTE PLAUSIBILITY, which is the decisive test here: at the (0,1000] band peer median of 503 per 100k, a population of 793 implies ~4.0 Part-I offences a year; P(zero in a year) = 0.019, and seven consecutive zeros ≈ 7e-13. Even at half the peer rate (2/yr) seven straight zeros is ~8e-7. To make this record likely you need a true rate below roughly 0.3 offences a year — under 40 per 100k, sustained, for a town that maint","The NIBRS batch header is real evidence and I weight it — it is what separates this from the PA blank-as-zero rows — but it cannot outweigh a seven-year all-zero series for a town with its own PD, because the header attests that months were submitted, not that incidents were looked for. Composition is unscoreable (no positive full year anywhere in the span), so the level test carries the ruling, and the level test is decisive at the seven-year horizon in a way it is not for any single year. I hold this at medium rather than high because two quite different mechanisms fit the same rows — a genuine near-zero-crime town whose few incidents are reported by the county, versus an ORI that files empty headers — and they imply different repairs (footprint reassignment versus imputation). The flag itself is safe under either; the repair is not, so I name it as an open question instead of choosing.",1,x-SC0130400-mcbee:genuine_zero_year(sol/medium)
b2-TX0990100-chillicothe,published_zero,TX,TX0990100,0.0,luna,genuine_zero_year,high,cross_class_same_ori_contradiction,"token_reporter:token_reporting_flag(opus,medium) via c-TX0990100-chillicothe",reconcile_before_apply,batches/batch_086.json,[raw:true_zero] Accept the 2024 CIUS zero as a genuine full-year zero.,The 12-month NIBRS batch header confirms full-year reporting with zero Part-I offenses. Earlier positive counts show the agency can report crime but do not prove underreporting in 2024; zero is plausible for a population of 538.,1,x-TX0990100-chillicothe:genuine_zero_year(sol/medium)
b2-TX1410600-lometa,published_zero,TX,TX1410600,0.0,luna,genuine_zero_year,high,cross_class_same_ori_contradiction,"token_reporter:token_reporting_flag(opus,medium) via c-TX1410600-lometa",reconcile_before_apply,batches/batch_086.json,[raw:true_zero] Accept the 2024 CIUS zero as a genuine full-year zero.,"A complete 12-month NIBRS submission records zero Part-I offenses. The 0-month SRS is only a blank-as-zero/non-report signal, while zero remains plausible for a population of 816.",1,x-TX1410600-lometa:genuine_zero_year(sol/medium)
c-TX1410600-lometa,token_reporter,TX,TX1410600,0.0,opus,token_reporting_flag,medium,cross_class_same_ori_contradiction,"published_zero:genuine_zero_year(luna,high) via b2-TX1410600-lometa",reconcile_before_apply,batches/batch_085.json,"structural_zero_treat_as_missing. The 2024 zero should not stand as an observed complete year; mark the agency-year unreported (coverage unknown) rather than zero. Recommended 2024 basis: peer fill only - own-history fill is impossible because this ORI has never filed a real report of any kind, so the 'real report within 2 years' precondition cannot be met. Peer band (0,1000] local_police median 503.4/100k on 816 population served gives ~4 Part-I offenses. Pipeline EST2024 = 0 [observed x7] is NOT a defensible output, because the pipeline is treating a first-year batch header as an attestation of twelve months of zero crime. If the parent prefers not to impute into an agency with no history at all, the defensible alternative is to drop the agency-year and let the place fall to whatever the non-reporting-coverage path does - but publishing a hard 0 for a town of 816 is the one option that is not defensible.","There is no positive evidence anywhere in this record that this agency has ever submitted an incident. 2018 through 2023 are all SRS at 0 reported months - arithmetically identical to submitting nothing, seven straight years. Roster NIBRS start is 2024-01-01, so 2024 is the agency's first NIBRS year, and it arrives as an all-zero 12-month batch header. Strip the non-independent lanes and nothing remains: CIUS is the frozen Return-A master (so its printed zero is the same submission re-rendered), SRS carries 0 months, and the entire 12-month completeness claim reduces to one first-year header. This is the BLANK-AS-ZERO pattern in its clearest form - a publication zero standing on a 0-month submission. Absolute plausibility also fails: 816 residents at the peer-band rate expects ~4.1/yr, making a true zero roughly a 1-in-60 outcome, and a town with its own PD does not record zero larcenies for a full year. Composition cannot be scored (uniform zero, no baseline year at all). The contrast with Hawley in this same batch is the principled split: Hawley has a pre-NIBRS 12-month affirmative zero proving it submits, Lometa has never submitted anything, so its zero carries no demonstrated capability behind it.",1,x-TX1410600-lometa:genuine_zero_year(sol/medium)
b2-TX1521100-ransom-canyon,published_zero,TX,TX1521100,0.0,luna,genuine_zero_year,high,cross_class_same_ori_contradiction,"token_reporter:token_reporting_flag(opus,medium) via c-TX1521100-ransom-canyon",reconcile_before_apply,batches/batch_087.json,[raw:true_zero] Accept the 2024 CIUS zero as a genuine full-year zero.,"The decisive evidence is the 12-month NIBRS batch header with zero Part-I offenses. The earlier 3-month NIBRS zero and 0-month SRS do not invalidate the complete 2024 submission; zero is plausible for a population of 1,149.",1,x-TX1521100-ransom-canyon:misread_missing(sol/high)
c-TX1521100-ransom-canyon,token_reporter,TX,TX1521100,0.0,opus,token_reporting_flag,medium,cross_class_same_ori_contradiction,"published_zero:genuine_zero_year(luna,high) via b2-TX1521100-ransom-canyon",reconcile_before_apply,batches/batch_085.json,"structural_zero_treat_as_missing. Mark 2024 unreported rather than zero. Recommended 2024 basis: peer fill, since no own-history fill is available (no real report ever filed). Peer band (1000,2500] local_police median 702.6/100k on 1,149 population served gives ~8 Part-I offenses. Flag that figure as an upper-leaning estimate: Ransom Canyon is an affluent low-density lakeside residential town outside Lubbock and its true level is plausibly well under the band median, so a defensible fill range is roughly 3-8 and the imputation should be marked wide. Pipeline EST2024 = 0 [observed x7] is NOT defensible. Also note the 2023 NIB 0 on 3 months is a partial-year zero that uplift cannot rescue (0 x 4 = 0) and must not be used as own-history support for the 2024 zero.","Same structure as Lometa but with a larger denominator and one more zero period. 2018-2022 are SRS at 0 reported months (never submitted); 2023 is the first NIBRS period, 3 months at the roster start of 2023-10-01, and it is all-zero; 2024 is an all-zero 12-month header. Across seven years this agency has never submitted a single Part-I incident, so there is no demonstrated content-bearing submission capability behind the zero. The 12-month label again reduces to a batch header: CIUS is the non-independent frozen Return-A master and SRS carries 0 months, which is the named publication-zero-on-a-0-month-submission artifact. Absolute plausibility is the harder failure here: 1,149 residents at the peer-band rate expects ~8.1/yr, and even at a very low true rate of 200/100k you expect ~2.3/yr. A town of 1,150 with its own police department producing zero larcenies, zero burglaries and zero motor vehicle thefts across a full year is not a reachable crime outcome regardless of how quiet the town is - petty theft does not go to exact zero. Composition carries no signal (uniform zero, no baseline year).",1,x-TX1521100-ransom-canyon:misread_missing(sol/high)
b2-TX1701800-woodbranch,published_zero,TX,TX1701800,0.0,luna,genuine_zero_year,high,cross_class_same_ori_contradiction,"token_reporter:token_reporting_flag(opus,high) via c-TX1701800-woodbranch",reconcile_before_apply,batches/batch_087.json,[raw:true_zero] Accept the 2024 CIUS zero as a genuine full-year zero.,"The 12-month NIBRS batch header confirms a genuine complete-year zero. The historical low counts and the 0-month SRS rows do not indicate missingness, and zero is plausible for a population of 1,603.",1,x-TX1701800-woodbranch:misread_missing(sol/high)
c-TX1701800-woodbranch,token_reporter,TX,TX1701800,0.0,opus,token_reporting_flag,high,cross_class_same_ori_contradiction,"published_zero:genuine_zero_year(luna,high) via b2-TX1701800-woodbranch",reconcile_before_apply,batches/batch_085.json,"structural_zero_treat_as_missing, and this is the strongest zero-rejection in the batch. Mark 2024 unreported rather than zero. Recommended 2024 basis: peer fill - own-history fill fails the precondition, because the only positive this ORI has ever filed is 1 burglary inside a 5-month 2018 partial, with no real report within 2 years of 2024. Peer band (1000,2500] local_police median 702.6/100k on 1,603 population served gives ~11 Part-I offenses. Pipeline EST2024 = 0 [observed x7] is NOT defensible. 2022 and 2023 are the same defect and should be flagged with 2024 rather than used as history.","Absolute plausibility fails by the widest margin here. Population served is 1,603 and growing (1,379 to 1,603 over the window) - Woodbranch Village is a Houston-metro exurb in Montgomery County with its own police department. At the peer-band rate the expectation is ~11.3 Part-I offenses a year, so a single true zero year is on the order of 1-in-10^5, and the record shows three consecutive all-zero years (2022, 2023, 2024). Larceny and motor vehicle theft in a growing Houston exurb do not go to exact zero for three years running. The submission record confirms there is nothing behind the zeros: 2019-2021 are SRS at 0 reported months (nothing submitted), the only content this agency has ever filed is 1 offense inside a 5-month 2018 partial, and every year since the 2022-01-01 NIBRS onboarding is an all-zero 12-month batch header with SRS at 0 months. So the 12-month completeness claim rests entirely on headers from an agency that has never filed a substantive year, with CIUS adding no independent information as the frozen Return-A master. Composition is uniformly zero and carries no signal; uplift is irrelevant since 0 scales to 0.",1,x-TX1701800-woodbranch:misread_missing(sol/high)
b2-TX1750700-blooming-grove,published_zero,TX,TX1750700,0.0,luna,genuine_zero_year,high,cross_class_same_ori_contradiction,"token_reporter:token_reporting_flag(opus,medium) via c-TX1750700-blooming-grove",reconcile_before_apply,batches/batch_087.json,[raw:true_zero] Accept the 2024 CIUS zero as a genuine full-year zero.,"Despite the 1-month SRS, the 12-month NIBRS batch header establishes a real full-year submission with zero Part-I offenses. The agency's changing population field does not negate the 2024 submission; zero is plausible for a population of 874.",1,x-TX1750700-blooming-grove:genuine_zero_year(sol/medium)
c-TX1750700-blooming-grove,token_reporter,TX,TX1750700,0.0,opus,token_reporting_flag,medium,cross_class_same_ori_contradiction,"published_zero:genuine_zero_year(luna,high) via b2-TX1750700-blooming-grove",reconcile_before_apply,batches/batch_085.json,"structural_zero_treat_as_missing. Mark 2024 unreported rather than zero. Recommended 2024 basis: peer fill only - this ORI has never filed a real report, so own-history fill has nothing to draw on and fails the 'real report within 2 years' precondition. Peer band (0,1000] local_police median 503.4/100k on 874 population served gives ~4 Part-I offenses. Pipeline EST2024 = 0 [observed x7] is NOT defensible: the pipeline is reading a 12-month batch header from an intermittent participant as an attestation of a crime-free year. The 2022 NIB 0 on 1 month is a partial-year zero and cannot be used as supporting history (0 x 12 = 0).","The agency's NIBRS participation is visibly intermittent, which directly undercuts the 12-month claim. Roster NIBRS start is 2022-01-01; 2022 carries a NIBRS row of 1 reported month (zero content), 2023 carries no NIBRS row at all, and then 2024 arrives as a 12-month all-zero header. An agency that filed one month in 2022, skipped 2023 entirely, and then claims full-year coverage in 2024 is not making a credible completeness attestation, and it has never in any year submitted a single Part-I incident. Everything else in 2024 is non-independent: CIUS is the frozen Return-A master re-rendering the same submission, and SRS carries 1 month - the named publication-zero-on-a-0-to-2-month-submission artifact. Absolute plausibility also fails: 874 residents at the peer-band rate expects ~4.4/yr, so a true zero is roughly a 1-in-80 outcome, and a town with its own PD does not log zero larcenies across twelve months. Composition cannot be scored (uniform zero, no baseline year exists). Same principled split as Lometa versus Hawley: no demonstrated content-bearing submission capability means the zero has nothing behind it.",1,x-TX1750700-blooming-grove:genuine_zero_year(sol/medium)
b2-TX2101600-tenaha,published_zero,TX,TX2101600,0.0,luna,genuine_zero_year,high,cross_class_same_ori_contradiction,"token_reporter:token_reporting_flag(opus,high) via c-TX2101600-tenaha",reconcile_before_apply,batches/batch_088.json,[raw:true_zero] 2024 is a genuine full-year zero; use the reported 0 Part-I offenses.,"The decisive fact is the 12-month NIBRS batch header with zero counts, confirming a real full-year submission. The 0-month SRS is irrelevant and cannot corroborate it; CIUS is a duplicate publication, not independent evidence.",1,x-TX2101600-tenaha:misread_missing(sol/high)
b2-WA0380900-palouse,published_zero,WA,WA0380900,0.0,luna,genuine_zero_year,high,cross_class_same_ori_contradiction,"token_reporter:token_reporting_flag(opus,high) via c-WA0380900-palouse",reconcile_before_apply,batches/batch_088.json,[raw:true_zero] 2024 is a genuine full-year zero; use the reported 0 Part-I offenses.,"The decisive fact is the 12-month NIBRS batch header with zero counts. Despite absent positive history and 0-month SRS rows, this is a real full-year submission for a population of about 1,050, so the zero is not a publication gap.",1,x-WA0380900-palouse:misread_missing(sol/high)
c-WA0380900-palouse,token_reporter,WA,WA0380900,0.0,opus,token_reporting_flag,high,cross_class_same_ori_contradiction,"published_zero:genuine_zero_year(luna,high) via b2-WA0380900-palouse",reconcile_before_apply,batches/batch_086.json,"Structural zero - treat 2024 as MISSING, not as an observed zero. Palouse PD (pop 1,050) has never put a positive number in any lane in any year 2018-2024: NIB 0/11mo (2019), 0/12mo (2020), 0/1mo (2021), 0/12mo (2024), and SRS 0 months in all seven years. The 2024 CIUS 0 and NIB 0 are one zero-report submission rendered twice, not two sources agreeing. No partial-year uplift can help - every candidate row is a zero. EST2024 = 0 observed is NOT defensible: it stamps a hard zero on municipal polygon 5352950 for a 1,050-person town with its own PD. Repair: drop the observation and impute. Peer band (1000,2500] local_police at 702.6/100k gives ~7 Part-I/yr; the agency has no own-history to fill from. Before imputing, check whether Whitman County SO or WSU PD actually books Palouse incidents - if so the town's crime is real but recorded under another ORI, and the fix is a footprint/coverage fix rather than a fill.","Absolute plausibility is decisive and does not depend on trend shape. Larceny is the volume stream everywhere; a town of ~1,050 with a police department producing literally zero larcenies for seven consecutive years is not a reachable crime outcome. Against even the depressed peer expectation of ~7/yr, seven straight true zeros is astronomically unlikely. The zero is a property of the submission, not of Palouse.",1,x-WA0380900-palouse:misread_missing(sol/high)
c-DCVA00000-united-states-department,token_reporter,DC,DCVA00000,705.0,opus,unclear_escalate,medium,explicit_escalate,,escalate_hold,batches/batch_002.json,"Interim: keep 291 as observed — no repair is defensible. Do NOT apply partial-year uplift (SRS records 12 MEASURED months, not an assumed 12) and do NOT fill from own history (the 'baseline' is effectively the single year 2023). Escalate the ORI's identity and footprint instead, which is the real defect: roster-absent in 2024, no FBI population, agency_type 'unknown', name truncated to 'UNITED STATES DEPARTMENT', no county or place, and an 11:statewide_overlap_layer footprint at w=1 smearing a federal agency's mass across all of DC. Hypothesis to test (hedged, not established): the 'VA' ORI stem suggests Dept. of Veterans Affairs police filing under one DC ORI — if that composite spans facilities outside DC, the footprint is wrong at national scale and the 996->291 step likely reflects which facilities fed the composite, not crime.","Both 2023 (996) and 2024 (291) are SRS at 12 measured months, so none of the known artifacts fires: not BLANK-AS-ZERO (no publication lane involved, months are measured), not partial-month, not composition. The 2024 mix 0/6/0/13/10/252/10 is coherent and complete for a federal medical/campus force at 87% larceny with no missing stream, so the change is a uniform level shift rather than a feed gap. But the baseline is one usable year (2022 was 6mo, 2021 1mo, 2020 0mo) and the ORI's coverage is unresolved, so I cannot certify that 996 and 291 measure the same footprint — that underdetermination, not the count, is what needs a human.",1,c-DCVA00000-united-states-department:unclear_escalate(sol/medium)
c-GA0650000-grady,token_reporter,GA,GA0650000,157.0,opus,unclear_escalate,medium,explicit_escalate,,escalate_hold,batches/batch_005.json,"Do not repair and do not certify. Hold the agency-year as low-confidence pending Grady's 2024 NIBRS monthly detail — specifically whether all twelve submitted months carry Group A incidents, or whether incidents cluster in roughly four months. If the months are populated, 63 stands as observed; if they cluster, treat as a ~4-month partial and uplift to ~180. Do not apply a peer fill either way: the peer arm did not fire.","The two decisive tests disagree and neither dominates. Composition passes — all seven categories are populated in proportions normal for a rural Georgia sheriff (burglary 19 / larceny 20 / MVT 11) — and the peer-rate arm did not fire at 399/100k, so against same-type same-size peers 63 is not an outlier. Against that, coverage broke and returned (12mo 2021 → 5mo 2022 → 0mo 2023 → 12mo 2024) and 63 is almost exactly 4/12 of the last comparable full year (182 x 4/12 = 61). A first year back after a total blackout is precisely where the 12mo label is least trustworthy, and nothing in the packet separates a truncated feed from a real decline.",1,c-GA0650000-grady:genuine_low_crime(sol/high)
c-ME0140000-waldo,token_reporter,ME,ME0140000,67.0,sol,unclear_escalate,high,explicit_escalate,,escalate_hold,batches/batch_009.json,Retain 23 only as a flagged reported value; do not uplift since both lanes claim 12 months. No defensible replacement follows from the packet.,"Decline is broadly proportional across streams, arguing against a token subset, yet 23 offences for a stated pop above 30,000 is extremely low and the nonmunicipal-remainder footprint muddies the denominator.",1,c-ME0140000-waldo:genuine_low_crime(sol/medium)
c-OH0140100-blanchester,token_reporter,OH,OH0140100,67.0,sol,unclear_escalate,medium,explicit_escalate,,escalate_hold,batches/batch_010.json,"Verify the incident/offence extract, especially agg assault and MVT, before accepting 35; if those streams are incomplete replace from authenticated offence history rather than treating it as partial. EST2024=35 provisional.","All lanes report 12 months so no months-based explanation, but MVT falls from a 10.5 baseline to zero and agg assault from 4.3 to zero while rape rises and larceny remains.",1,c-OH0140100-blanchester:misread_missing(sol/medium)
c-MN0520000-nicollet,token_reporter,MN,MN0520000,52.0,sol,unclear_escalate,medium,explicit_escalate,,escalate_hold,batches/batch_011.json,Verify monthly NIBRS contents or a state/local total first; if incompleteness is confirmed use the 2021-23 median ~44 rather than the nine-month uplift to ~13.3. EST2024=10 not settled.,"10 offences for an 8,039-person sheriff footprint is exceptionally low versus a 32-83 history, but the decline is broadly distributed without a selective-stream signature.",1,c-MN0520000-nicollet:misread_missing(opus/medium)
c-MO0770000-ozark,token_reporter,MO,MO0770000,52.0,sol,unclear_escalate,high,explicit_escalate,,escalate_hold,batches/batch_011.json,Do not infer a four-month period from the 20-to-baseline ratio; preserve 20 as raw but quarantine as unresolved pending external corroboration. EST2024=20 not defensible unqualified.,"NIBRS 12 months and SRS 11 both carry 20, yet the mix is distorted — burglary 1 vs a 15.4 baseline while rape and MVT retain ~56%.",1,c-MO0770000-ozark:misread_missing(opus/low)
c-OH0253400-perry-township,token_reporter,OH,OH0253400,31.0,sol,unclear_escalate,medium,explicit_escalate,,escalate_hold,batches/batch_017.json,"Confirm whether service footprint, policing responsibility or NIBRS offence coverage changed 2022-24; do not apply a 7-month uplift against a complete 12-month batch; treat 7 as uncertain. EST2024=7 not yet defensible.","Level collapsed from ~37 to 17, 9, 7 with the historically dominant larceny stream disappearing — possibly a real operational or footprint change, possibly token filing.",1,c-OH0253400-perry-township:genuine_low_crime(opus/medium)
c-NY0559900-shawangunk-town,token_reporter,NY,NY0559900,21.0,sol,unclear_escalate,medium,explicit_escalate,,escalate_hold,batches/batch_024.json,Do not auto-retain 5 or apply a mechanical uplift; verify 2024 agency/state records and whether the service footprint or submission scope changed; mark uncertain meanwhile. EST2024=5 not sufficiently defensible.,"NIBRS records 12 months and NY SPUB independently publishes 6, and composition declines broadly — yet 5-6 offences for 13,981 residents against stable 21-26 totals is extraordinarily low.",1,c-NY0559900-shawangunk-town:misread_missing(opus/high)
c-MI6616600-ontonagon,token_reporter,MI,MI6616600,17.5,sol,unclear_escalate,low,explicit_escalate,,escalate_hold,batches/batch_027.json,"Verify monthly NIBRS contents or Michigan UCR first. If only Return-A is accepted, 10 months believable and 4x12/10=4.8 (~5); if the 12mo header is substantive, keep 4. EST2024=4 retainable only provisionally.","Main streams fall proportionally and the low level persists from 2023, but the 10-vs-12-month conflict is unresolved for a sheriff serving ~6,000.",1,c-MI6616600-ontonagon:misread_missing(opus/low)
c-MI1161100-new-buffalo,token_reporter,MI,MI1161100,14.5,sol,unclear_escalate,low,explicit_escalate,,escalate_hold,batches/batch_030.json,"Cannot adjudicate: NIBRS labels 12 months, Return-A shows 7. Verify monthly NIBRS batch contents or Michigan UCR; flag EST2024=2 provisional rather than accepting or auto-uplifting.","89% historical collapse is suspicious but the offence base is too small to discriminate authenticity, and cross-lane agreement cannot resolve the coverage conflict.",1,c-MI1161100-new-buffalo:misread_missing(opus/medium)
c-MO0492100-oronogo,token_reporter,MO,MO0492100,13.5,sol,unclear_escalate,medium,explicit_escalate,,escalate_hold,batches/batch_031.json,"Do not auto-replace 6, but do not certify it without incident-level or state review; usable only with an unresolved-quality flag.","6 offences for 3,014 residents is exceptionally low and whole historic streams vanish, yet NIBRS reports 12 months, SRS 10, and 2021 was similarly low; 10-month uplift only reaches 7.2.",1,c-MO0492100-oronogo:misread_missing(opus/low)
b2-AL0340400-slocomb,published_zero,AL,AL0340400,11.0,opus,unclear_escalate,medium,explicit_escalate,,escalate_hold,batches/batch_005.json,"Do not certify the zero and do not fill from it. Hold as low-confidence pending Slocomb's 2024 NIBRS monthly detail: if the twelve submitted months carry zero Group A incidents of ANY type (including non-Part-I drug, vandalism, simple assault), the feed is dead and the year should become missing and fillable from the 2021-2022 level (~11-15); if non-Part-I Group A incidents are present, the Part-I zero is real and stands. Mass at stake is only ~11-15 offences on a 2,149 footprint, so this is a provenance question rather than a national-total risk.","The batch-header evidence and the base rate point in opposite directions and the packet cannot separate them. Unlike Hurley and Junction City, Slocomb has no prior full-period zero — its 2019 and 2023 zeros are 3-month and 2-month windows — while its last two genuine full years are 15 (2021) and 11 (2022), so a true zero requires the underlying rate to have collapsed rather than continued down. Coverage also broke and returned (12mo 2022 → 2mo 2023 → 12mo 2024), and a returning filer posting twelve empty months is equally consistent with an export that resumed sending headers without incidents. Nothing here distinguishes an affirmative twelve-month zero-report from a revived-but-empty feed.",1,b2-AL0340400-slocomb:misread_missing(opus/high)
b2-MO0600500-goodman,published_zero,MO,MO0600500,10.5,opus,unclear_escalate,medium,explicit_escalate,,escalate_hold,batches/batch_007.json,"Hold the agency-year out of the observed / weight-1.0 set and mark it needs-verification; do not silently keep 0 and do not peer-fill yet. The CIUS zero itself is worthless here (CIUS derives from the submission, never corroborates it) — the whole question is the 12-month NIBRS header. Own-history fill is unavailable regardless: the last positive count anywhere is 2020, which fails the within-2-years rule. Resolve by checking whether Goodman PD still operates or whether McDonald County SO absorbed its calls; if absorbed, the correct treatment is footprint reassignment, not a peer fill.","The 12-month 2024 NIBRS batch header is a real submission, so this is not a Smethport-style publication-without-submission artifact — but the feed has never emitted a single positive Part-I count since NIBRS onboarding (2023-06-01 gave 0 at 8 months, itself a partial-year zero and therefore uninformative), so there is no evidence it is capable of carrying one. Against the agency's own pre-transition level of 10-11 offences/year in a 1,311-person city, a full-year zero is a roughly 5e-5 Poisson event, which rules out 'the town simply had no crime' as a comfortable reading. That leaves two live hypotheses I cannot separate from the panel — a defunct or absorbed PD filing formal zero-reports (zero is then correct for the ORI but the city's crime sits under the sheriff) versus an inert vendor feed behind a compliant header — and both failure directions are costly.",1,x-MO0600500-goodman:misread_missing(sol/high)
c-MO0600500-goodman,token_reporter,MO,MO0600500,10.5,sol,unclear_escalate,medium,explicit_escalate,,escalate_hold,batches/batch_035.json,No defensible replacement or month count determinable; preserve 0 as raw only and quarantine it pending state/agency confirmation. EST2024 not defensible unqualified.,"Zero for 1,311 residents is an extreme collapse from a 10-11 baseline, and the 2023 timing (eight NIBRS months despite a June start) adds provenance doubt.",1,x-MO0600500-goodman:misread_missing(sol/high)
c-IL0240000-edwards,token_reporter,IL,IL0240000,10.0,opus,unclear_escalate,medium,explicit_escalate,genuine_low_crime;unclear_escalate,escalate_hold,batches/batch_035.json,"Genuinely underdetermined; do not rule from this packet and do not fabricate a fill. What would resolve it: (a) the Edwards County Sheriff's own 2024 monthly incident counts, or an ISP / ICJIA agency-level 2024 extract, and (b) verification of the 2023 rape count (5), which single-handedly drives the entire baseline this case is being judged against. Interim handling: leave EST2024=3 observed in place under a low-confidence flag. A fill computed off one anomalous baseline year would be worse than the observation - the pipeline's own-history route has only 2023 to work with, and the peer route (522.7/100k x 2,783 = 14.5) would be fabricating a 5x increase off a peer median for an agency with no established level of its own.","The own-history arm rests on exactly ONE baseline year and that year is itself anomalous. 2018-2021 are all 0-month non-reports - the agency was simply absent from UCR - so there is no pre-transition level to compare against. The only 12-month year is 2023 (13), whose composition is 5 rapes in a ~2,752-population sheriff jurisdiction (~180/100k, roughly 4x the national rate); a baseline built on that is not a stable reference, and the 'larceny 0 vs baseline 2, MVT 0 vs baseline 3' comparisons are one year's counts dressed as a baseline. The agency is a brand-new NIBRS reporter (start 2022-07) whose entire record is 2, 13, 3 - the volatility of a reporter standing up the system, not a measurable level. On absolute plausibility, 3 Part-I offenses for ~2,783 rural unincorporated residents (101/100k) is low but not outside reach for a county of Edwards' size, and 9 of 12 Return-A months are on record, so there is no month-coverage story either. Neither credible_low_crime nor a token flag is supportable on this evidence; the peer-rate floor is the only arm firing cleanly and a rate floor alone cannot make this call.",1,c-IL0240000-edwards:genuine_low_crime(opus/medium)
c-MO1050500-kimberling-city,token_reporter,MO,MO1050500,10.0,sol,unclear_escalate,medium,explicit_escalate,,escalate_hold,batches/batch_036.json,Do not auto-replace 3 or annualize from the 9-month SRS field; verify monthly NIBRS coverage or a local/state annual total before deciding.,"12mo NIBRS header supports completeness and 3 is reachable for 2,410 people, but the severe collapse and changed mix support token concern; lanes are derivative.",1,c-MO1050500-kimberling-city:misread_missing(opus/high)
b2-IL0970300-norris-city,published_zero,IL,IL0970300,9.5,opus,unclear_escalate,medium,explicit_escalate,,escalate_hold,batches/batch_008.json,"Do not resolve on this packet. Two live hypotheses give opposite verdicts: (a) an operating 1,094-person village PD that genuinely recorded no Part-I offence in 2023 and 2024 (true zero), or (b) an Illinois NIBRS onboarding that registered 12-month batch headers while carrying no incident data (hollow feed). Resolving evidence needed: whether the 2023-2024 NIBRS submissions contain ANY Group A/Group B incidents of any type (drug, DUI, simple assault, vandalism). A feed with non-Part-I incidents but zero Part-I is a genuine zero; a feed with literally no incidents of any kind is hollow. Meanwhile: do NOT fill from own history — the last real report is 2020 and it fails the within-2-years rule, so any fill would be fabrication off a 2018 value.","The agency is NOT dormant — ROSTER2024 carries it as an active City agency with is_nibrs True, and a disbanded department does not file 12-month NIBRS batch headers, which rules out the structural-zero reading. But unlike the Hamilton Village case in this same batch, Norris City has NO independent lane to test the zero against: its NIBRS feed has never once carried a positive count (first row 2023, zero; 2024, zero), SRS has shown 0 months for four straight years (2021-2024), and the last positive anywhere is 2020. The 2018 full year of 19 argues against a true zero, but it predates a complete two-year submission blackout and a 10% population decline, so it cannot settle 2024. This is precisely the 'genuinely low-crime small village versus token filer' ambiguity the class exists for, and the packet contains no fact that separates them.",1,b2-IL0970300-norris-city:misread_missing(sol/high)
c-NY0262500-hamilton-village,token_reporter,NY,NY0262500,8.0,sol,unclear_escalate,medium,explicit_escalate,,escalate_hold,batches/batch_039.json,"Verify the 12 monthly NIBRS batch submissions or obtain the state/local annual table; retain 0 if genuine zero-incident submissions, else mark missing and estimate ~6-8 from recent full-year history. EST2024=0 only conditionally defensible.","NIBRS records 12 reported months but CIUS/SRS can derive from it; an all-stream zero for 4,099 residents after a stable 6-10 history strains absolute plausibility.",1,c-NY0262500-hamilton-village:misread_missing(sol/high)
c-PA0483100-freemansburg,token_reporter,PA,PA0483100,8.0,opus,unclear_escalate,medium,explicit_escalate,,escalate_hold,batches/batch_040.json,"Do not rule without the NIBRS submission inventory; the two candidate mechanisms imply 3 versus ~11 and nothing in the packet separates them. FOR keeping the value: NIB carries 12 reported months on the batch header for 2024, which under the current rule set is a measurement and not a default; all three lanes (CIUS 3, NIB 3, SRS 3) agree, so the ladder did NOT discard a larger equally complete submission — the multi-lane warning resolves clean here; and the composition screen does not flag distortion (the one surviving stream is larceny, the largest baseline stream, which is exactly what Poisson thinning on a base of 11 also produces). AGAINST: the level break sits exactly on the lane change. Roster nibrs_start is 2023-04-01, and the annualized series runs 11 (2018 CIUS) / 6.5 (2019) / 21.6 (2020) / 0-month 2021 / 12 (2022) / 2.7 (2023 NIB) / 3 (2024 NIB) — the 4.4x step down happens at the SRS-to-NIBRS boundary, which is the signature of an RMS-to-NIBRS mapping that stopped emitting some offence categories, not of a crime decline. Absolute plausibility is weak but not decisive: 3 offences for 2,903 residents in the Bethlehem metro is 103.3 per 100k, roughly 5% of the national Part-I rate. Discriminating checks, in order: (a) whether the 2023-2024 NIBRS Group-A inventory covers burglary, MVT and assault at all or only larceny; (b) PA state-side counts for Freemansburg borough; (c) whether the borough PD is part-time with PSP or Bethlehem PD absorbing a share of incidents. If ","This is the one case in the batch with genuinely conflicting first-class evidence: a batch-header-confirmed 12 real months (the strongest completeness signal the pipeline recognises, and the reason it cannot be lumped with the blank-as-zero cases) against an exact coincidence of the level break with the NIBRS transition date. Composition cannot arbitrate at a base of 11. Escalation is productive rather than a punt because the discriminating fact — the NIBRS Group-A category inventory — is a determinate lookup.",1,c-PA0483100-freemansburg:genuine_low_crime(sol/medium)
c-MN0640400-morgan,token_reporter,MN,MN0640400,6.5,sol,unclear_escalate,medium,explicit_escalate,,escalate_hold,batches/batch_042.json,No definitive replacement without state or agency confirmation; hold the zero as disputed and if unconfirmable treat missing using recent history rather than annualizing zero. EST2024=0 plausible but not established.,"1-month SRS raises strong blank-as-zero concern, yet pop ~874 with one offence over nine months in 2023 makes a genuine zero reachable.",1,x-MN0640400-morgan:genuine_zero_year(sol/medium)
b2-TX1100400-south-plains-college,published_zero,TX,TX1100400,6.0,opus,unclear_escalate,medium,explicit_escalate,,escalate_hold,batches/batch_013.json,"Hold 2024 out of the panel — neither accept the 0 nor fabricate a fill. Resolve with the Clery Act Annual Security Report for South Plains College (2023 and 2024): it is published independently of UCR and is the only channel available that is not derived from the same submission. If Clery shows on-campus burglary/MVT/larceny while NIBRS shows zero, rule publication_gap / zero-report artifact and fill; if Clery is also near zero, rule true_zero. Note the downstream stake is small and diffuse — FBIpop is 0 and the footprint is 48:statewide_overlap_layer.","The 12-month NIBRS batch header is affirmative, but a NIBRS Zero Report month is indistinguishable on the wire from a month of real submission with no Part-I, so the header cannot settle whether the agency measured zero or administratively zero-reported. The statistics cut the other way: two consecutive absolute zeros (2023 and 2024) against a 2021-2022 level of 3 and 6 is roughly a 0.03% Poisson event, so the underlying rate changed — and at a ~9,500-student college with residence halls, a change to literal zero larceny is more consistent with a records or reporting change than with crime vanishing. FBIpop is 0 for this ORI, which the packet states makes any peer-rate cross-check structurally impossible, and no third channel in the packet breaks the tie. This is deliberately not the Morrice call: Morrice's zero sits inside Poisson noise of its own recent level (4, 3, 4, 2); this one does not.",1,b2-TX1100400-south-plains-college:misread_missing(sol/high)
c-AL0320200-berry,token_reporter,AL,AL0320200,4.5,opus,unclear_escalate,medium,explicit_escalate,,escalate_hold,batches/batch_047.json,"Genuinely underdetermined; escalate rather than guess. What is established: 2024 = 1 burglary, all lanes agree (CIUS 1, NIB 1, SRS 1), so the ladder discarded nothing. What cannot be resolved with the evidence in this packet: whether 1 is a low-but-real outcome for an 1,183-person town whose own verified full years are only 6 and 5 (2022, 2023), or the leading edge of the reporting decay its Return-A coverage suggests (SRS months 6 -> 10 -> 8 -> 1 across 2021-2024, with matching totals 6 -> 7 -> 5 -> 1). If it is a token, the repair basis would be the own-history median of 2022-2023 CIUS (~5.5), which is licensed by the within-2-years rule; EST2024 = 1 would then be indefensible. If it is real, EST2024 = 1 should stand. What would settle it: the Alabama ALEA/NIBRS monthly batch-header detail for AL0320200 in 2024 (whether the 11 non-reporting months are affirmative zero-reports or absent), or the 2025 value — a return to 5-7 in 2025 would confirm 2024 as a lapse.","This case sits inside the zone where absolute plausibility genuinely cannot adjudicate, so escalation is the correct answer rather than a confident one. At lambda 5.5 (the agency's own verified level), P(1 or fewer) is about 2.7 percent — unlikely but reachable for a town of 1,183, unlike Blountsville or Linden where the equivalent probability is 1e-12. Every secondary test comes back empty: composition carries no signal at n=1 (the single offence is a burglary against a burglary baseline of 0.5 and a larceny baseline of 4, which is neither the 'one-stream-holds' signature nor evidence of normality); the peer arm implies only 8.3 expected offences, so the rate floor is weak at this population; and the SRS 1-month reading, which would otherwise be the tiebreaker, is not usable for this ORI because its own 2022 row shows an identical total of 7 at SRS 10mo and NIB 12mo, proving the Return-A month field is a back-conversion artifact rather than a coverage measure. I decline to lean on the 2019-2020 0-month non-reports either, since those establish that this agency has lapsed before but not that it lapsed in 2024. The decision is also consequential rather than cosmetic — flag-and-fill moves Berry town from 85 to ~465 per 100k — so a coin-flip ruling would propagate into the published rate for a real place.",1,c-AL0320200-berry:genuine_low_crime(sol/medium)
c-IA0620200-new-sharon,token_reporter,IA,IA0620200,4.0,opus,unclear_escalate,medium,explicit_escalate,token_reporting_flag;unclear_escalate,escalate_hold,batches/batch_048.json,"Genuinely underdetermined between ordinary small-town noise and a thin filing; I decline to name a 2024 value. What escalation should resolve: obtain Mahaska County SO coverage for New Sharon, or the agency's actual 2024 monthly NIBRS incident dates, to establish whether the year was truly covered. If it must be decided without that, accepting EST2024=1 (observed) is the lower-risk error — the dispute is a 4-count difference on a 1,243-person polygon (observed 1 versus an own-baseline fill of 5 or a peer-basis ~9), which is immaterial to any downstream block-group index. Do NOT fabricate a peer fill of ~9 here: that would be nearly double the agency's only real full-year observation.","I initially leaned to flag this on the Return-A coverage collapse from 5 months in 2023 to 1 month in 2024, then checked that field against the agency's own series and it does not survive: 2018 = 3 offenses on 3 SRS months, 2019 = 6 on 6, 2023 = 5 on 5, 2024 = 1 on 1. Four exact matches means the Return-A month count for this filer is a deterministic function of the offense count — it is counting months in which a nonzero form was generated — so it carries NO independent coverage information and cannot be used as evidence of a thin year. (I verified this reading is filer-specific: for the sheriffs in this batch, months exceed Part-I counts, so there the field is a real coverage measure.) That removes the structural arm entirely. What remains is 1 against an own full-year baseline of 5, which is a P(X<=1 | lambda=5) = 4% tail — suggestive but not sufficient to overturn an observation. ABSOLUTE PLAUSIBILITY does not reject it either: 1 index offense in an isolated rural town of 1,243 is a reachable outcome, unlike the 1,600-6,500-population cases elsewhere in this batch. Composition cannot discriminate at n=1 versus n=5 (a burglary where the baseline held larceny and MVT is pure small-number churn). The agency's chronically intermittent filing history is a real concern but cuts both ways — it is equally consistent with a small department that genuinely has little to report. Correct escalation beats a confident guess on a case this finely balanced.",1,c-IA0620200-new-sharon:genuine_low_crime(sol/medium)
c-KS0160300-lebo,token_reporter,KS,KS0160300,4.0,sol,unclear_escalate,low,explicit_escalate,,escalate_hold,batches/batch_049.json,Escalate for Kansas submission-level or local confirmation; do not annualize; carry 2024 uncertain/missing. No reliable replacement point supported.,"12mo NIBRS header vs 0 SRS months; zero reachable at pop 871 with baseline ~4, but fragmented 2020-23 reporting raises real token concern.",1,x-KS0160300-lebo:genuine_zero_year(opus/medium)
c-SD0310000-harding,token_reporter,SD,SD0310000,4.0,opus,unclear_escalate,medium,explicit_escalate,,escalate_hold,batches/batch_050.json,"Genuinely underdetermined - do not publish 0 as authoritative and do not fabricate a fill until resolved. Resolution is cheap and specific: query the per-agency Group A offense detail for SD0310000 for 2024 (and 2021-2023) at sdcrime.nibrs.com, which will show directly whether any of the 18 submitted incidents was a Part-I offence. Pending that, prefer excluding the ORI-year from the SD nonmunicipal-remainder pool over either a zero or a fill: a false zero adds 1,321 population to that pool's denominator with no numerator and depresses the whole state-remainder rate, whereas exclusion removes it from both. Own-history fill is in any case unavailable under the landed within-2-years rule (last real report 2020).","I initially read the four-year zero run (2021-2024) against a 2018-2020 record of 2/9/4 as decisive, but that argument does not survive scrutiny: 2021-2023 are partial-coverage non-reports (NIBRS 6, 5, 5 months, and the packet itself notes uplift cannot rescue those zeros), so they cannot be counted as three independent genuine zeros. Stripped of them, the only clean observation is 2024, and one zero year at lambda of roughly 2.5-5 is a 1-8% event - inside the plausible range for the emptiest county in South Dakota at 1,321 people. Evidence cuts both ways. For a capture gap: the SD DCI tracker shows Part-I output invariant to activity, 0 Part-I on 3 incidents in 2023 and 0 Part-I on 18 incidents in 2024, and the zero run began exactly when NIBRS month coverage broke in 2021. For a genuine zero: the tracker confirms 2024 is a real 12-month filing (8 active months plus 4 NIBRS zero-report months), so this is not a submission failure, and Faulk in this same batch demonstrates that a small SD agency can genuinely post 0 Part-I on comparable incident volume. Composition is uniformly zero and so carries no signal. Escalation is the correct answer rather than a coin-flip.",1,c-SD0310000-harding:misread_missing(sol/high)
c-TX0910100-collinsville,token_reporter,TX,TX0910100,4.0,opus,unclear_escalate,medium,explicit_escalate,,escalate_hold,batches/batch_050.json,"Gray, and the repair is material (0 vs 3-4), so it is worth resolving rather than accepting. If it is ruled a non-report, 2024 should be filled from own history — full-coverage years 2019/2020/2021/2022/2023 give 3, 3, 5, 4, 3, so median 3 (2021-2023 median 4), with the baseline composition (rape 0.6, agg assault 1, burglary 1.8, larceny 2.2, MVT 0.6). The pipeline's EST2024=0 [observed] is not defensible as an OBSERVATION regardless of which way this lands, because the 12-month label comes from CIUS, which carries no months field and inherits the NIBRS batch header; the SRS lane shows only 5 received months. Resolving test: whether the 2024 NIBRS submission contains any incident or Group B content at all, versus 12 empty zero-report headers; and whether Grayson County SO logged offences inside the Collinsville town polygon (4816036) in 2024. Note the CIUS defect generally: for six of the twelve cases in this batch the 2024 lane selected is cius_publication_annual under publication_lane_standing, and in every one of those the CIUS row is a re-render of the same submission promoted to tier 'hi' and weight 1.0 with an assumed months_reported=12 — CIUS should not be permitted to supply months_reported=12 for an agency-year whose SRS lane shows fewer than 12 received months.","P(total=0) is 2.7% against the 2019-2023 own mean of 3.6 and about 5% against the full-series mean of 3.0, i.e. inside the gray band rather than clearly excluded — and seeing one zero year somewhere in a six-year window at that rate is roughly a 15% event. The agency is already a chronic sub-peer reporter (3-5/yr against 14.6 expected at the peer median for pop 2,076), which makes a zero year less surprising than the peer floor implies, but its own full-coverage series (16, 3, 3, 5, 4, 3) has a five-fold spread so the true mean is poorly identified. The 2024 year is uniformly zero across all seven streams, so composition can neither support nor undercut it, and the largest single stream at risk (larceny 2.2/yr, P(0)=11%) is too small to be damning on its own. Against that: four consecutive years of 12-month NIBRS coverage produced 3, 5, 4, 3 with never a zero, and a town of 2,076 recording no larceny at all for a full year is on the edge of reachable. The evidence does not resolve to either side.",1,x-TX0910100-collinsville:misread_missing(opus/medium)
c-IL0790900-ruma,token_reporter,IL,IL0790900,3.0,opus,unclear_escalate,medium,explicit_escalate,token_reporting_flag;unclear_escalate,escalate_hold,batches/batch_052.json,"Genuinely underdetermined between (a) a truly crime-free year for a 309-person village and (b) a state-filed zero-report standing in for an agency that produces no records. WHAT WOULD RESOLVE IT — a single checkable fact, not more panel data: whether the Illinois NIBRS program files 12 monthly zero-reports on behalf of small agencies that lack a NIBRS-capable RMS. If it does, the 12-month NIBRS batch header on an all-zero vector is a certification-of-participation artifact and this ORI (plus Cowden, Ellis Grove, and by extension Pleasant Hill and Bluffs) is silent-agency territory requiring imputation. If it does not, the zero stands. That one determination settles the whole zero-case class in this batch at once, which is why escalating beats guessing here. DO NOT rely on SRS=0 months as evidence either way: for a NIBRS back-converted agency a zero count mechanically produces zero Return-A records, so it is implied by the zero rather than independent of it. Pending resolution, I would not overturn EST2024 (reported 0 -> estimated 0); if the state-zero-report mechanism is confirmed, route place 1766287 to the silent-agency-territory imputation path rather than publishing a hard zero.","ABSOLUTE PLAUSIBILITY does NOT fail here, which is the crux: for a village of 309 people, zero Part-I offenses in a year is a reachable outcome, and the agency's own baseline is only 3/yr, so a single zero year has P = e^-3 ~ 5%. Unlike Pleasant Hill (24 -> 0) the step is small: 4, 3, 2, 3, then zeros. The break also does NOT coincide with the lane change — NIBRS started 2021-01-01 and the first NIBRS year (2021) was positive at 3 with a 12-month header, so the transition-artifact story that carries Bluffs does not apply cleanly. Against that: three consecutive all-stream zeros at a rate of 3/yr would be P ~ 1e-4, which is decisive only if the rate is really still 3 — for a village this small the rate is unstable, and at a plausible true rate of 1/yr three zeros is ~5%. The two readings are close enough in likelihood that the panel evidence cannot separate them, and the deciding fact is external to the panel. Confidence is medium: I am reasonably sure this is genuinely underdetermined rather than a case I am failing to crack, because I identified the specific external fact that resolves it and confirmed that every in-panel discriminator (composition, months, break location, absolute level) is either silent or non-decisive.",1,x-IL0790900-ruma:misread_missing(opus/medium)
c-IL0870600-cowden,token_reporter,IL,IL0870600,3.0,opus,unclear_escalate,medium,explicit_escalate,token_reporting_flag;unclear_escalate,escalate_hold,batches/batch_052.json,"Genuinely underdetermined, and it is the case in this batch where the COMPOSITION-OVER-SLOPE warning cuts in the awkward direction. Same resolving question as Ruma: whether the Illinois NIBRS program files 12 monthly zero-reports on behalf of small agencies lacking a NIBRS-capable RMS, which would make the 12-month batch header on an all-zero vector a certification artifact rather than an observation. That single external determination settles this ORI, Ruma and Ellis Grove together. DO NOT treat SRS=0 months as corroborating evidence — for a NIBRS back-converted agency it is implied by the zero count. Pending resolution I would not overturn EST2024 (reported 0 -> estimated 0). If the state-zero-report mechanism is confirmed, route place 1717055 to the silent-agency-territory imputation path; own-history fill would be blocked anyway (last positive report 2021, three years back, outside the 2-year recency window), so any count-level repair would have to be peer-based for the (0, 1000] band and should be floored at the agency's own demonstrated ~1-4/yr rather than at the 503.4 per 100k peer median.","The series is 5, 4, 3, 1, 0, 0, 0 against a population falling 575 -> 497. I am explicitly NOT treating the smooth monotone decline as evidence of authenticity — that is the trap the COMPOSITION-OVER-SLOPE instruction names, and a records system winding down produces exactly this shape. But composition cannot adjudicate here either: every all-zero year is uniformly zero across all seven streams, so there is no internal mix signal in any direction, and the packet's scorer says so. What is left is a two-sided balance. Against credibility: three consecutive all-stream zeros against a six-year baseline of 4/yr would be P ~ 6e-6. For credibility: at the 2021 level of 1/yr, three zeros is ~5%; a village of 497 producing zero Part-I offenses in a year is a reachable outcome in absolute terms; and crucially the break does NOT coincide with the lane change — NIBRS started 2020-01-01 and both 2020 (3) and 2021 (1) were positive under NIBRS, so the transition-artifact mechanism that carries Bluffs does not apply, and the decline runs continuously across the lane boundary. That combination leaves the genuine-fade and records-wind-down readings close to evenly matched on in-panel evidence. Confidence is medium: I am fairly sure this is truly underdetermined rather than unresolved through insufficient effort, because I checked each discriminator individually (break location, composition, month fields, absolute level, peer comparison) and none of them separates the two readings.",1,x-IL0870600-cowden:misread_missing(opus/medium)
c-OK0120300-boswell,token_reporter,OK,OK0120300,3.0,sol,unclear_escalate,medium,explicit_escalate,,escalate_hold,batches/batch_053.json,Do not automatically accept or replace the zero; verify NIBRS monthly batch coverage or obtain Oklahoma UCR data. EST2024=0 not a robust repair and no exact alternative is justified.,0-month SRS and dependent CIUS show the blank-as-zero artifact while NIBRS claims 12 months; zero is reachable at pop 583 after totals of 3 and 1 but the older baseline is higher.,1,x-OK0120300-boswell:genuine_zero_year(opus/medium)
c-KY0920400-centertown,token_reporter,KY,KY0920400,2.0,sol,unclear_escalate,high,explicit_escalate,,escalate_hold,batches/batch_056.json,Treat missing pending ORI-status and succession review; check whether KY0920400 was inactive/dissolved/replaced and identify any successor covering place 2113870. EST2024=0 not defensible as observed.,ORI absent from the 2024 FBI roster while stale-looking CIUS/NIBRS rows still publish an all-stream zero and SRS records 0 months.,1,x-KY0920400-centertown:misread_missing(opus/medium)
c-MN0470200-eden-valley,token_reporter,MN,MN0470200,2.0,sol,unclear_escalate,medium,explicit_escalate,,escalate_hold,batches/batch_057.json,Do not auto-retain or replace; verify 2024 monthly NIBRS batch contents or Minnesota/local records and mark uncertain meanwhile. EST2024=0 not sufficiently supported.,"Follows full-year totals of 2, 9, 4 and coincides with only six SRS months, yet the NIBRS header reports 12 and the baseline gives no composition test at pop ~1,072.",1,x-MN0470200-eden-valley:misread_missing(opus/medium)
c-OK0310800-mccurtain,token_reporter,OK,OK0310800,2.0,sol,unclear_escalate,low,explicit_escalate,,escalate_hold,batches/batch_058.json,"Do not accept 0 as verified or assign a fabricated replacement; treat unresolved/missing pending Oklahoma UCR or agency confirmation, with a flagged provisional peer estimate ~2 if a numeric panel is required. EST2024=0 not a defensible repair.","Zero is reachable at pop 368, but three consecutive all-zero years begin exactly when SRS reporting falls to zero months after positives through 2021.",1,x-OK0310800-mccurtain:misread_missing(opus/medium)
c-NY0025600-willing-town,token_reporter,NY,NY0025600,1.0,sol,unclear_escalate,medium,explicit_escalate,,escalate_hold,batches/batch_063.json,"Do not accept EST2024=0 as conclusively observed nor replace it from the packet; verify the NY publication's period/blank conventions or obtain monthly state records, then treat missing or retain zero accordingly.","CIUS rests on a one-month zero, but SPUB is a separate state publication also printing zero and a genuine zero is plausible for a 1,256-person town that recorded one offence in 2023.",1,c-NY0025600-willing-town:misread_missing(sol/high)
c-IL0140600-albers,token_reporter,IL,IL0140600,0.5,opus,unclear_escalate,medium,explicit_escalate,,escalate_hold,batches/batch_066.json,"Genuinely underdetermined — do not rule, and do not let this be swept into the batch's flag verdict. Interim handling: leave EST2024 at 0 rather than fabricate a peer fill, because 702.6/100k x 1,111 = 7.8 would be roughly an 8x overstatement of this agency's only demonstrated full-year level; but mark the agency-year low-confidence so it does not read as a verified zero, and correct the 2020 baseline entry either way. Resolving evidence needed, none of which is in the packet: (1) whether Albers PD was a staffed report-taker in 2022-2024 or a name on a roster; (2) whether Clinton County Sheriff or Illinois State Police records incidents inside Census place 1700555, which would make the village polygon's zero a footprint artifact rather than an agency one; (3) the monthly submission detail behind the 2020 Return-A fragment. If (1) resolves to 'staffed', credible_low_crime near 0-2 is the answer; if it resolves to 'nominal', structural_zero_treat_as_missing with a peer or county basis is.","This is the one case in the batch where ABSOLUTE PLAUSIBILITY does not fail. The single clean full-year filing this ORI has ever made is 2021 — Return-A 1 at 12 months, tier hi, with NIBRS agreeing — so a level near 1/year is demonstrated rather than assumed, and at a Poisson mean of 1 three consecutive zeros carry P = 0.05. Zero IS a reachable crime outcome for 1,111 people at that level, which is precisely what is not true of Ashland (baseline 12.7), Assumption (12), Germantown (24), Blue Grass (7-13) or Brown County (12.5). Against that reading stands one fact I cannot dismiss: the 2020 Return-A fragment is 3 offences on 3 reported months, which annualises to about 12/year and is flatly incompatible with a 1/year level. And the pipeline's own characterisation of 2020 as 'uniformly zero' is simply wrong — that reading comes from a CIUS row carrying only 6 of 7 offence rows with larceny blank (the same systematic 2020 Illinois defect as Ashland, Gifford, Assumption and Stone Park), while the same-year Return-A shows 3. So the two available readings of this agency's true level differ by an order of magnitude (~1/yr versus ~12/yr) and the evidence does not choose between them. I note that the SRS 0-month rows for 2022-2024 are weaker evidence here than they look: across this batch, back-converted NIBRS agencies routinely show Return-A month counts below the NIBRS 12 that track activity rather than filing (Blue Grass 2022: NIB 7/12mo but SRS 5mo; Germantown 2023: NIB 2/12mo but SRS 5mo), so an all-zero NIBRS year mechanically yields SRS 0 months and cannot be cited as independent proof of non-submission. Correct escalation beats a wrong confident answer in both directions here — flagging would fabricate an 8x uplift, and confirming would certify a zero I cannot verify.",1,x-IL0140600-albers:misread_missing(sol/high)
b2-IL0190600-waterman,published_zero,IL,IL0190600,,gold,unclear_escalate,medium,explicit_escalate,,escalate_hold,analysis_scratch/stage1_pilot_result.json,"Escalate. The level is reachable but the record backing it is too thin to rule, and the evidence points in opposite directions. AGAINST the zero: 2024 is the agency's first year of any coverage (2018-2023 are 0 declared months and literally 0 NIBRS incidents — absent, not observed-zero); the declared NIBRS start is 2023-01-01 yet nothing was transmitted in 2023; the 12-month figure is a batch-header self-declaration while the per-month Group A/B submitted flags fire in only 3 of 12 months (April, May, August); the entire year's incident stream is 2 incidents (2024-04-30 counterfeiting/forgery, 2024-08-03 animal cruelty), neither Part-I; same-county same-size peers published Part-I of 7 (Kingston), 7 (Somonauk), 3 (Kirkland, 9 months), 19 (Hinckley), 23 (Cortland); the first-year-onboarder base rate is damning — among pop 1,000-2,000 city agencies declaring 12 NIBRS months in 2024, first-year onboarders (n=57) have median 13 total incidents with 28.1% at <=2 and 22.8% at exactly 0, versus established reporters (n=838) at median 34 with only 3.7% at <=2, a ~7.6x enrichment of near-empty submissions; Illinois is worse than national (pop 1,000-2,000 median 19, 17.8% at <=2) and contains a proven hollow 12-month declaration in IL0141300 (16 incidents in 2022, 13 in 2023, 0 in 2024, still declaring 12 months); and Waterman PD is a real operating department with its own officers and 3 patrol vehicles (dispatched by DeKalb County Sheriff), so 'the sheriff handles everything' does not","This is the one case in the batch where ABSOLUTE PLAUSIBILITY passes: unlike Elko (5,126, own baseline 21/yr, county peers 34-56) and Castleton (4,441, 5 officers, state peers 115-149), a zero-index year for 1,417 people is inside the observed peer distribution, so the level cannot be rejected on its face. Every other test is simply unavailable — no full-year history means no baseline and no composition check, and the two lanes that agree are one submission rendered twice, so lane agreement carries zero weight. That leaves the first-year-onboarder base rate and the 2-incident volume, which tilt toward an incomplete onboarding but do not settle it against a demonstrably functioning submission path. Ruling misread_missing would impute over what may be a real floor in a genuinely quiet village; ruling genuine_zero_year would bless a tier-'high' observed zero resting on 2 transmitted incidents in an agency's first year. Both are confident answers the evidence does not support, and the case is cheaply resolvable with one independent lane (Illinois I-UCR) that has not been consulted. Escalation is the correct call; confidence is medium because I lean toward incomplete and would not be surprised if the state lane confirms it.",1,b2-IL0190600-waterman:misread_missing(opus/medium)
c-GA0810400-bartow,token_reporter,GA,GA0810400,0.0,opus,unclear_escalate,medium,explicit_escalate,,escalate_hold,batches/batch_069.json,"Genuinely underdetermined on the substantive question — do not rule either way from this packet. ONE FINDING STANDS REGARDLESS OF HOW IT RESOLVES: the 2024 value is carried at tier 'high', weight 1.0, exclusive on the Bartow town polygon, and the only things behind it are a NIBRS 12-month zero-report and the CIUS months=12 default (artifact 2), where the CIUS row is the same submission as the NIBRS row rather than corroboration. Even if the zero is genuine it is not a tier-high measurement, and its confidence should be demoted either way. WHAT WOULD RESOLVE IT: (i) whether Bartow PD is an operating department or a nominal part-time/one-officer agency; (ii) whether Jefferson County SO's footprint already covers the town's actual incident reporting; (iii) the GBI / Georgia UCR agency-level table for 2024, which is the only lane not already derived from the same FBI submission. DO NOT FILL until (i) and (ii) are answered — if the town's incidents are worked by the sheriff, a peer fill on the town polygon double-counts.","At a 2024 population of 177 the peer floor cannot discriminate. Seven straight zero years is ~0.2% against the band median (503.4/100k = ~0.9/yr), but the band is (0, 1000] and its median is set by towns five to ten times larger, so the median is the wrong yardstick at 177 people. Against a deliberately conservative small-town floor of ~150/100k (~0.27/yr, ~1.9 expected over seven years) seven zeros carries P = ~15%, entirely reachable. This is precisely the genuinely-low-crime-village versus token-filer discrimination the task warns a rate floor cannot make. Nothing else speaks: the agency has never had a positive value, so there is no own-history and no composition signal in any year, and the CIUS and SRS lanes are not independent of the NIBRS submission. Unlike Milner in this same batch, Bartow's submission record is clean and internally consistent — NIBRS onboarding dated 2020-01-01 matching a first row in 2020 at 11 months, then four straight 12-month years — so there is no onboarding irregularity to lean on either. I apply one conservative-floor test consistently across this batch's never-positive Georgia towns: it fails at Leary (495) and Stapleton (399) and passes at Bartow (177). I would rather hold the line at 177 than rule confidently on the wrong side of it.",1,x-GA0810400-bartow:genuine_zero_year(sol/medium)
c-GA1061900-muscogee-county-schools,token_reporter,GA,GA1061900,,gold,unclear_escalate,medium,explicit_escalate,,escalate_hold,analysis_scratch/stage1_pilot_result.json,unclear_escalate,"The two hypotheses the case poses are both live and the evidence does not separate them. Against a reporting failure: both lanes show near-full submission (NIB 12mo, SRS 11mo), unlike the true token cases in this batch where SRS collapses to 1 month, and the 2024 mix is agg-assault-led (14) rather than the larceny-led shape a truncated school-district feed would show — that pattern fits a referral/handling policy change or an SRO transfer to Columbus PD. Against a real level: the whole series is erratic (7, 97, 517, 495, 956) so the 2021-2023 median of 517 is not a trustworthy anchor either, and FBIpop 0 blinds the peer arm entirely with no CIUS/SPUB lane to arbitrate. Panel should carry: do not fill toward 517 under either hypothesis, keep 30 recorded with a flag, and resolve by checking the 2024 GA state submission and whether the district still fields sworn officers — the mass sits on the statewide overlay so the cost of leaving it pending is low.",1,c-GA1061900-muscogee-county-schools:token_reporting_flag(opus/medium)
c-IL0440200-goreville,token_reporter,IL,IL0440200,0.0,opus,unclear_escalate,high,explicit_escalate,,escalate_hold,batches/batch_070.json,"Genuinely undecidable from this packet - this is the exact case the brief names as unresolvable by a rate floor. Do not rule and do not fill. What would resolve it: the Goreville PD or Johnson County 2024 incident log, or an ISP 2024 agency-level extract, to establish whether the single reported burglary is the whole year's caseload or the visible fraction of a first-year NIBRS submission. Interim handling: leave EST2024=1 observed in place under a low-confidence flag. A peer-band fill (702.6/100k x 1,059 = 7.4) would be fabricating a 7x value for an agency with literally no history to anchor it, which is worse than carrying the observation with a flag.","There is no evidence base to rule on. 2018-2023 are ALL 0-month non-reports - this ORI was not in UCR at all for six years - so there is no own-history arm, no baseline composition, and nothing to test a collapse against; the packet itself states the own-history arm is blind. 2024 is the agency's first NIBRS year (roster start 2024-01-01) and the entire year's record is a single burglary, so composition carries no signal either. The only arm that fires is the peer-rate floor at 11.9% of the peer median, and the brief states directly that a rate floor alone cannot separate a genuinely low-crime village from a token filer. Both readings are live and neither is supported by anything in the packet: 1 Part-I offense is a reachable outcome for a 1,059-person village in rural Johnson County (P(X<=1 | lambda=3) = 20%), and first-year NIBRS reporters are also a well-documented under-reporting population - but that is a prior about reporters in general, not evidence about this agency. Ruling either way would be a guess.",1,c-IL0440200-goreville:genuine_low_crime(sol/low)
c-IL0601000-livingston,token_reporter,IL,IL0601000,0.0,opus,unclear_escalate,low,explicit_escalate,,escalate_hold,batches/batch_071.json,"Genuinely underdetermined; do not publish 0 as observed and do not fabricate a fill either — hold the agency-year as unresolved pending the checks below. This is the thinnest record in the batch: a single row in the entire 2018-2024 panel. 2018-2023 carry no submission of any kind, roster nibrs_start is 2024-01-01, and 2024 is the ORI's first-ever appearance — a 12-month NIBRS batch header with all seven streams at zero. There is no second reporting period, no positive count ever, no own-history baseline, and no composition signal (uniform zero). The peer-rate floor is the sole accuser, and the packet correctly states a rate floor cannot separate a low-crime village from a token filer. To resolve, three checks would settle it: (1) whether the 2024 NIBRS batch headers carry explicit zero-report segments for all twelve months or merely empty content; (2) whether Livingston PD took any Part-I reports in 2024 per village or Madison County records, and whether Madison County SO / ISP is the de facto responding agency for the village; (3) whether Illinois' ILUCR onboarding batch-loaded this ORI in 2024 alongside other never-reporting village PDs. Footprint note: exclusive w=1 to place 1744160 means the village polygon reads entirely off this one unresolved row.","Escalating rather than guessing, because the evidence is symmetric. For genuine: 739 residents makes zero Part-I offenses a reachable outcome, and a 12-month NIBRS batch header is a real affirmative reporting act. For token: a first-ever submission that is all-zero across all seven streams, arriving after six years of total absence, is also the exact signature of an ILUCR/vendor onboarding shell. Nothing in the record breaks the tie. I ruled Bull Valley and Patoka genuine on the same population logic, and the difference is deliberate and load-bearing: Bull Valley has two consecutive 12-month zero-report years (24 months) plus place characteristics that independently favour near-zero, and Patoka has two separate reporting blocks whose month counts validate against its onboarding date (9 months in 2023 matching a 2023-04 start). Livingston has exactly one period, its first, with no internal consistency check available. Correct escalation on the one case with no corroborating fact beats extending a medium-confidence pattern to a record that cannot support it.",1,x-IL0601000-livingston:unclear_escalate(sol/medium)
c-IL0792100-ellis-grove,token_reporter,IL,IL0792100,0.0,opus,unclear_escalate,medium,explicit_escalate,,escalate_hold,batches/batch_071.json,"Underdetermined, and for a different reason than Ruma and Cowden: this ORI has NO positive year anywhere in 2018-2024, so there is no own-history anchor to test the 2024 zero against and no baseline against which composition can be scored. The screen fired PEER-ONLY for exactly this reason. WHAT WOULD RESOLVE IT: (1) whether Ellis Grove Police Department is an operating agency or a nominal roster entry with a part-time marshal and no records output, and (2) whether calls in Ellis Grove village are in practice handled by the Randolph County Sheriff — in which case this ORI's zero is CORRECT as an agency count and the defect is entirely in the footprint, not the report. Note the crosswalk here is weaker than elsewhere in this batch: place 1723503 was assigned by the 'first_pass' method and the ORI line carries no census_name, unlike the provisional_auto assignments on the other village cases. ACTIONABLE REGARDLESS OF MECHANISM: under either reading the pipeline output is wrong at the place level — publishing Census place 1723503 at exactly zero risk on a weight-1 exclusive assignment is not defensible whether the agency is truly zero or merely silent. Route the place to the silent-agency-territory / benchmark-constrained imputation path. Own-history fill is impossible (no positive report ever), so any count-level repair must be peer-based for the (0, 1000] band.","I am declining to call the mechanism because the two candidate mechanisms are observationally identical in this panel and they imply different fixes. Reading A: a 325-person village genuinely has no Part-I crime that its own PD records — reachable in absolute terms, and the peer median of 503 per 100k implies only ~1.6 offenses/yr at this population, so a five-year zero run is unlikely (e^-8 at that rate) but not impossible at a lower true rate. Reading B: the ORI is a roster entry with no records output and the sheriff is the real responding agency, making the zero a true agency fact and a false place fact. The one in-panel hint that leans toward B is comparative: Ruma, a near-identical village in the SAME county (309 people vs 325), sustained 2-4 offenses a year through 2021, so a permanent zero at Ellis Grove is anomalous relative to its closest possible peer. That is suggestive but not sufficient to assert a mechanism. Escalation is the right call rather than the safe call because the resolving evidence is a specific external fact about agency operational status, and because I can still hand back an actionable conclusion (do not publish a hard zero for the place) without pretending to know why the zero is there.",1,x-IL0792100-ellis-grove:genuine_zero_year(sol/medium)
c-KS0290200-bucklin,token_reporter,KS,KS0290200,0.0,sol,unclear_escalate,low,explicit_escalate,,escalate_hold,batches/batch_072.json,"Escalate for submission-level validation; keep 0 only as literal published count. If validation fails, treat missing and use peer repair ~4.",Repeated all-zero 12mo headers amid years with no or minimal reporting; no positive baseline to resolve pop-700 ambiguity.,1,x-KS0290200-bucklin:misread_missing(sol/medium)
c-KS0290300-spearville,token_reporter,KS,KS0290300,0.0,sol,unclear_escalate,low,explicit_escalate,,escalate_hold,batches/batch_072.json,"Escalate for monthly incident or state confirmation; do not uplift zero. If 12mo header invalid, treat missing and repair from recent positives or peers.","Zero possible at pop 783 and occurred in a prior full NIBRS year, but agency also logged 5,11,2,2 in partial windows; SRS 0mo in 2024.",1,c-KS0290300-spearville:genuine_zero_year(sol/medium)
c-KY0480400-lynch,token_reporter,KY,KY0480400,0.0,sol,unclear_escalate,high,explicit_escalate,,escalate_hold,batches/batch_073.json,"Do not accept 0 as fact or fabricate a replacement; hold unresolved pending KY UCR, local records, or proof of twelve substantive months. EST2024=0 unsupported.",Zero reachable at pop ~600 but the ORI has no positive observation and no SRS submission month anywhere in the series.,1,x-KY0480400-lynch:genuine_zero_year(sol/medium)
c-KY0520400-campbellsburg,token_reporter,KY,KY0520400,0.0,sol,unclear_escalate,high,explicit_escalate,,escalate_hold,batches/batch_073.json,Treat unresolved rather than assigning a value; seek state/local confirmation of operational status and substantive monthly NIBRS coverage. EST2024=0 unsupported.,Zero plausible at pop 852 but no usable positive history and nearly the whole record is 0-month SRS non-submissions.,1,x-KY0520400-campbellsburg:unclear_escalate(sol/medium)
c-KY0690300-crab-orchard,token_reporter,KY,KY0690300,0.0,sol,unclear_escalate,medium,explicit_escalate,,escalate_hold,batches/batch_074.json,"Escalate for state submission records, incident counts, agency activity status and whether another agency policed place 2117956; treat 2024 missing meanwhile. EST2024=0 not a defensible repair.",Seven consecutive nominally full-year all-stream zeros at pop 761 are indistinguishable from a structurally empty NIBRS feed; SRS 0 months.,1,x-KY0690300-crab-orchard:misread_missing(sol/high)
c-KY0960200-butler,token_reporter,KY,KY0960200,0.0,sol,unclear_escalate,high,explicit_escalate,,escalate_hold,batches/batch_074.json,"Do not confidently replace or bless the zero; hold pending KY UCR or local confirmation. If a value is forced, use a documented peer estimate ~3.2, not observed zero.",First NIBRS row in the period so no usable history or composition baseline; only adverse evidence is a peer-rate floor at pop 640.,1,x-KY0960200-butler:unclear_escalate(opus/high)
c-MA0022500-savoy,token_reporter,MA,MA0022500,0.0,sol,unclear_escalate,high,explicit_escalate,,escalate_hold,batches/batch_075.json,Do not certify the zero or substitute a point estimate; verify the 2024 NIBRS submission with Massachusetts or local records and carry the year unresolved. EST2024=0 unsupported as verified.,Zero possible at pop ~647 but there is no usable prior reporting history and SRS shows 0 submitted months.,1,x-MA0022500-savoy:genuine_zero_year(opus/medium)
c-MA0071400-montgomery,token_reporter,MA,MA0071400,0.0,sol,unclear_escalate,high,explicit_escalate,,escalate_hold,batches/batch_075.json,Do not certify zero or invent a replacement; verify the first-year NIBRS return against state/local records and carry 2024 unresolved. EST2024=0 unsupported.,"First observed year, SRS 0 submitted months, CIUS derived; only the peer floor argues against the value at pop ~828.",1,x-MA0071400-montgomery:genuine_zero_year(opus/medium)
c-MN0720500-henderson,token_reporter,MN,MN0720500,0.0,sol,unclear_escalate,medium,explicit_escalate,,escalate_hold,batches/batch_076.json,Seek Minnesota UCR or agency confirmation; treat zero as disputed and do not annualize. EST2024=0 plausible but not defensible as confirmed observed data.,"0-month SRS creates a structural-zero warning, yet pop under 1,000 with only one offence across the series makes zero absolutely plausible.",1,c-MN0720500-henderson:genuine_zero_year(opus/medium)
c-MN0800200-sebeka,token_reporter,MN,MN0800200,0.0,sol,unclear_escalate,medium,explicit_escalate,,escalate_hold,batches/batch_076.json,Require state-program or agency confirmation that the NIBRS batches held genuine monthly submissions; hold 2024 disputed/missing meanwhile. EST2024=0 not a defensible confirmed repair.,"Zero submitted SRS months for six consecutive years is a strong structural warning, but pop ~740 with a near-zero record makes genuine zero possible.",1,c-MN0800200-sebeka:genuine_zero_year(opus/medium)
c-MT0060000-carter,token_reporter,MT,MT0060000,0.0,sol,unclear_escalate,medium,explicit_escalate,,escalate_hold,batches/batch_078.json,"Do not retain or replace without monthly NIBRS detail or state/local corroboration; if the all-zero batches prove administrative, classify missing and use a sheriff peer estimate.","Seven consecutive 12-month all-zero NIBRS years are exceptionally implausible against the assigned population and peers, yet no positive baseline or composition signal exists.",1,c-MT0060000-carter:misread_missing(opus/high)
c-OH0530200-pomeroy,token_reporter,OH,OH0530200,0.0,sol,unclear_escalate,medium,explicit_escalate,,escalate_hold,batches/batch_079.json,Neither auto-uplift nor fabricated replacement pending state or agency verification; EST2024=2 conditionally usable only if the NIBRS 12-month header is confirmed.,"2 could be reachable for a village of ~1,500, but NIBRS labels 12 months while SRS records 7 and there is no reliable full-year history or composition baseline.",1,c-OH0530200-pomeroy:genuine_low_crime(opus/medium)
c-PA0033100-southern-armstrong-regio,token_reporter,PA,PA0033100,0.0,sol,unclear_escalate,medium,explicit_escalate,,escalate_hold,batches/batch_080.json,Retain 15 provisionally as the reported 12-month agency total with no partial-year correction; verify Return-A monthly coverage and offence-stream transmission. Separately repair the footprint — statewide-overlap is not acceptable for this regional department's Armstrong County service area.,"Positive SRS count with an explicit 12-month header and multi-offence composition; 15 for ~6,761 people is unusually low but reachable, and no baseline or independent publication resolves it.",1,c-PA0033100-southern-armstrong-regio:token_reporting_flag(opus/medium)
c-TX0730300-rosebud,token_reporter,TX,TX0730300,0.0,opus,unclear_escalate,medium,explicit_escalate,,escalate_hold,batches/batch_084.json,"Genuinely underdetermined between credible_low_crime and structural_zero_treat_as_missing; do not rule from this packet. Population 1,354 with a municipal PD sits exactly on the boundary where a full-year all-seven zero flips from reachable to implausible (peer median 702.6 per 100k implies ~9.5 expected), and there is NO own-rate evidence in either direction: SRS carries 0 reported months in every year 2018-2023 and no NIB row exists before 2024, so 2024 is this agency's first submission of any kind. Do not fill from own history (there is nothing to fill from) and do not silently publish the zero while the case is open. What would resolve it, in order of value: (1) whether the 2024 NIBRS batch headers are affirmative zero-report months or bare headers, and whether the 2024 feed carries ANY Group-B / Part-II content -- real Part-II activity with zero Part-I is genuine, an entirely empty 12-month feed is a broken onboarding feed; (2) any Falls County or City of Rosebud published 2024 incident/arrest counts; (3) staffing -- whether Rosebud PD actually operated in 2024 or whether Falls County SO covers the city. Interim handling: hold the agency-year as missing rather than as a published zero, since the zero here is asserted by an assumption, not observed.","A first-ever NIBRS year (roster start 2024-01-01) with a 12-month header and zero content is simultaneously the highest-base-rate population for empty-header onboarding artifacts and a population where a genuine zero cannot be excluded. Both evidence channels that would normally break the tie are unavailable: composition carries no signal (uniform zero across all seven streams), and the SRS 1-month figure is the Return-A back-conversion artifact rather than evidence of non-submission (across this batch SRS months track content volume, not coverage). That leaves only the peer floor, which by construction cannot separate a crimeless 1,350-person town from an empty filer -- precisely the situation this review class exists for. The nearest same-size in-batch comparator cuts against the zero (De Kalb, population 1,442-1,623, ran 16-31 in its real years), but a single comparator is not a ruling, and escalating one 1,354-person place is far cheaper than either publishing a false zero or fabricating ~9 offences.",1,x-TX0730300-rosebud:misread_missing(opus/medium)
c-TX0740400-savoy,token_reporter,TX,TX0740400,0.0,opus,unclear_escalate,medium,explicit_escalate,,escalate_hold,batches/batch_084.json,"Genuinely underdetermined; the discriminating datum is in the packet but is two-sided. Savoy filed positive content in five consecutive years (2019: 2, 2020: 2, 2021: 5, 2022: 6, 2023: 1 -- pooled ~3.2/yr over 42 covered months) and then published an all-seven zero in 2024, and 2024 is the FIRST year its NIBRS batch header reaches 12 months (prior headers 7, 7, 10, 11, 7). That header change reads both ways and the packet cannot choose between them: (a) the agency cleaned up monthly compliance and genuinely had a zero year, in which case the 12-month header is an affirmative zero-report and EST2024=0 is right; or (b) the agency moved to an automated monthly feed that files headers/zero-reports but stopped transmitting incident content, in which case 2024 is a broken feed and should be treated as missing. Resolving test: whether the 2024 12-month feed carries any Group-B / Part-II NIBRS content. Real Part-II activity with zero Part-I => rule credible_low_crime and keep the observed 0. A completely empty 12-month feed => structural_zero_treat_as_missing, and the repair basis is then the agency's own recent level (2023: 1, 2022: 6, i.e. ~1-3 Part-I offences), NOT the peer median -- do not publish a ~4-offence peer fill into a 766-person place on the current evidence.","The Poisson answer depends entirely on which recent level is taken as this agency's true rate, and the packet gives no way to choose: against the most recent year alone (2023: 1 on 7 months, i.e. 1-1.7/yr) P(0) is 18-37% and the zero is ordinary; against the 2021-2022 level (5-6/yr) it is a 0.2-0.7% event; against the 5-year pool (3.2/yr) it is 4%, right on the borderline. Absolute plausibility does not settle it either -- zero Part-I in a year is reachable at population 766. Composition is explicitly not scorable at a 6/yr baseline, and the SRS 0-month figure is the back-conversion artifact, so neither known-artifact test discriminates. The one novel fact is the header jump to 12 in exactly the year content went to zero, and that is the crux: it is equally the signature of improved compliance and of a header-only automated feed. This is the definition of underdetermined.",1,c-TX0740400-savoy:misread_missing(opus/low)
c-TX0891000-smiley,token_reporter,TX,TX0891000,0.0,opus,unclear_escalate,medium,explicit_escalate,,escalate_hold,batches/batch_084.json,"Do NOT publish 0 as an observed value; carry 2024 as unverified/low-weight, and do NOT apply a peer fill either (peer median 503.4/100k x 490 would insert ~2.5 offences into a town that may genuinely have 0-1). The panel contains no information about this agency's crime level at any point 2018-2024: 2020-2022 are SRS rows carried at 0 reported months (non-submission), and the agency's entire substantive record is 17 consecutive monthly NIBRS zero-reports (5 in 2023 from the 2023-08 start, 12 in 2024). CIUS 0 for 2024 is the frozen Return-A master re-rendering the same back-converted NIBRS submission, so the three lanes are one submission counted three times, not corroboration. Resolving test to name in the escalation: (a) does Smiley PD's 2024 NIBRS submission contain ANY non-Group-A content (Group B arrestee segments, property segments, recovered-property records) — an agency that files Group B arrests but zero Group A offences is live and quiet, one that files nothing but zero-report headers is a compliance shell; (b) does Gonzales County SO's incident record show offences inside the Smiley city polygon (4868300). This case belongs to a CLASS with c-TX0912200-southmayd and c-TX1100500-anton — previously-silent agency, debut-or-near-debut uniformly-zero NIBRS year, no own baseline — which needs a rule rather than three separate adjudications.","Only the peer-rate floor fired, and the packet itself states a rate floor cannot separate a genuinely quiet village from a token filer. Absolute plausibility is indeterminate at this population: at the band peer median (503.4/100k) expected is 2.46/yr, P(0)=8.5%; at the rate demonstrated by live low-crime filers in this same batch (Tom Bean, 0.75/yr at pop 953 = 79/100k) expected is 0.4/yr, P(0)=67%; at Log Cabin's demonstrated 1,300/100k expected is 6.4/yr, P(0)=0.2%. The plausible mean spans implausible-to-modal, so the level cannot decide it. The 2023-08 NIBRS start shared with Estelline and Anton in this batch marks a Texas wave onboarding, and 'onboard then emit nothing but zero-reports' is simultaneously the genuine-quiet-town signature and the compliance-shell signature. No composition signal exists (uniform zero across all seven streams) and there is no own history to test coverage against. Genuinely underdetermined.",1,x-TX0891000-smiley:genuine_zero_year(opus/medium)
c-TX0912200-southmayd,token_reporter,TX,TX0912200,0.0,opus,unclear_escalate,medium,explicit_escalate,,escalate_hold,batches/batch_084.json,"Do NOT publish 0 as observed and do NOT peer-fill. The peer fill is the specific danger here: 702.6/100k x 1,114 = 7.8 offences, while the local calibration from live filers in the same county (Tom Bean 0.75/yr at pop 953; Tioga 1.33/yr at pop ~1,150; Collinsville 3.6/yr at pop ~2,000, i.e. roughly 80-190/100k) implies 1-2 offences. A blind peer fill would overstate by four- to eightfold; a published 0 makes the polygon (4869104) a false rate-floor outlier. Carry 2024 as unverified pending the class test. This agency has NO information in the panel before 2024: 2018-2023 are all SRS rows at 0 reported months, i.e. six straight years of non-submission, and its first and only substantive year is a debut 12-month all-zero NIBRS year beginning exactly at the roster nibrs_start of 2024-01-01, with the SRS lane showing just 2 received months. CIUS 0 is that same submission re-rendered. Same class as c-TX0891000-smiley and c-TX1100500-anton, same resolving test: does the 2024 NIBRS submission contain any Group B arrestee or property segments (live-but-quiet) or only zero-report headers (shell), and does Grayson County SO record offences inside the Southmayd city polygon.","A debut agency-year that is uniformly zero across all seven streams, from an agency with no prior positive report anywhere in the window, carries no evidentiary weight in either direction — it is exactly what a genuinely quiet 1,100-person town looks like on joining NIBRS and exactly what a compliance-only filer looks like. There is no own baseline to test composition or coverage against, the only firing screen arm is the peer floor that the packet declares insufficient, and the two available rate calibrations disagree by nearly an order of magnitude (P(total=0) is 0.04% at the band peer median but roughly 13-40% at the rate live small Grayson County agencies actually demonstrate). Nothing in the packet separates the hypotheses, and unlike Tioga or Tom Bean the stakes are not inside the noise floor, so accepting the observed 0 by default is not a safe fallback.",1,x-TX0912200-southmayd:misread_missing(opus/low)
c-TX1100500-anton,token_reporter,TX,TX1100500,0.0,opus,unclear_escalate,medium,explicit_escalate,,escalate_hold,batches/batch_085.json,"Do NOT publish 0 as observed and do NOT peer-fill. Same class and same resolving test as c-TX0891000-smiley and c-TX0912200-southmayd; all three should be settled by one rule, not three adjudications. The panel holds no information about this agency at any point: 2018-2023 are all SRS rows at 0 reported months (seven years of non-submission), and although the roster gives nibrs_start 2023-08-01, NO NIBRS row exists for 2023 at all — the agency was enrolled but submitted no batch headers that year — so its entire substantive record is a single debut 12-month all-zero NIBRS year in 2024, with SRS still at 0 received months and CIUS re-rendering the same back-converted zero at an assumed 12 months and weight 1.0. Fill danger, stated explicitly because it cuts both ways: a peer fill would insert 702.6/100k x 912 = 6.4 offences, while live small agencies in this batch demonstrate 79-190/100k, implying 0.7-1.7 — so a blind peer fill overstates by roughly fourfold, and a published 0 makes the Anton city polygon (4803540) a false rate-floor outlier. Carry as unverified until the class test resolves it: does the 2024 submission contain any Group B arrestee or property segments (live but quiet) or only zero-report headers (shell), and does Hockley County SO record offences inside the Anton city limits. Note that Anton shares the 2023-08-01 nibrs_start with Smiley and Estelline, marking all three as part of one Texas onboarding wave.","P(total=0) is 0.16% at the band peer median (expected 6.4 for pop 912) but roughly 20-50% at the rates live small Texas agencies in this batch actually demonstrate, so absolute plausibility spans excluded-to-likely and cannot decide the case. Only the peer-rate floor fired, and the packet declares it unable to separate a quiet village from a token filer; the own-history arm is blind because there is no history to be blind about. The enrolled-but-silent 2023 is genuinely ambiguous evidence — it shows the submission channel was not working the year before, which weakens the 2024 header's credibility, but an agency that starts filing correctly in its second enrolled year looks the same. No composition signal exists (uniform zero across all seven streams). Unlike Tioga and Tom Bean, accepting the observed 0 is not a safe default here, because there is no own median to bound the error: the repair could plausibly be anything from 0 to 6 offences.",1,x-TX1100500-anton:misread_missing(opus/low)
c-TX2220000-terrell,token_reporter,TX,TX2220000,0.0,opus,unclear_escalate,medium,explicit_escalate,,escalate_hold,batches/batch_086.json,"Genuinely underdetermined; do not rule either way on the evidence in this packet. EST2024 = 0 is not demonstrably wrong, but it should not be published as an OBSERVED zero at weight 1 — mark it low-information pending resolution. Three checks resolve it, in order of decisiveness: (1) the ORI's NIBRS non-index volume for 2021-2024 (Group B offences, arrests, drug/DUI/simple assault/criminal mischief) — an agency that files non-index activity but zero index offences is a genuine low-crime jurisdiction, whereas an agency with literally no records behind twelve batch headers is a zero-report-only filer, and this single test separates the two hypotheses cleanly; (2) the Texas DPS/CJIS county-level UCR table for Terrell County 2018-2024; (3) operational status and deputy headcount of the SO. Mass impact of getting this wrong is negligible (674 people smeared into the statewide non-municipal remainder), but this ORI is the template for the whole class of micro-county sheriffs, so the ruling should be made once, properly, on evidence.","This is the batch's strongest candidate for a genuine zero and still not decidable. In favour: Terrell County has no incorporated municipality (Sanderson is a CDP), so the SO covers ~674 residents in one of the least-populous counties in Texas; at the sheriff band median of 356/100k the expectation is ~2.4 offences/yr, making a single zero year entirely reachable; and 2018 and 2019 are affirmative 12-month Return-A zero filings at tier hi, from the era when months_reported was agency-supplied — the strongest form in which an agency can assert a real zero year, and structurally different from the 0/0mo non-reports elsewhere in this batch. Against: seven consecutive zeros with no variance is ~2% likely even at a quarter of the already-suppressed peer median, and that peer median is itself depressed by other token filers, so the comparison is partly circular; 2020 is a total non-report (SRS 0/0mo) in the middle of the SRS era, so the agency's filing is not continuous; and a clerk filing '12 months, all zeros' as routine is not distinguishable from an audited zero on this record. Nothing in the packet arbitrates: no state publication, no local publication, no non-index volume, no arrest data. Ruling either way here would be a confident guess on a template case.",1,c-TX2220000-terrell:genuine_zero_year(opus/medium)
c-WY0070400-shoshoni,token_reporter,WY,WY0070400,0.0,opus,unclear_escalate,low,explicit_escalate,,escalate_hold,batches/batch_086.json,"Genuinely underdetermined - do not decide this from the panel. Shoshoni PD (pop 504) publishes an all-zero 12-month 2024 across all seven offenses, with SRS at 0 reported months and no usable history (0 months in every lane-year 2018-2023). What makes it different from the Palouse zero in this same batch: (a) it is a SINGLE year, not a repeated pattern - the roster NIBRS start is 2024-01-01 and 2024 is the agency's first NIBRS row ever, so a first-year onboarding zero-report is a live explanation; and (b) at 504 people the peer expectation is only 503.4/100k x 504 = ~2.5 offenses/yr, and a true zero year is roughly an 8% outcome - not implausible. The CIUS 0 adds nothing: it is the same submission re-published, not corroboration. Cheap resolvers, in order: pull Wyoming DCI / state UCR published figures for Shoshoni PD 2024; check the 2025 submission - a second all-zero year makes it structural; and confirm whether Fremont County SO or WHP books incidents inside Shoshoni town. Until then, do not publish 0 as an observed value on polygon 5670570 and do not impute over it either - hold it as unresolved.","The two arms disagree and neither is strong enough to override. Absolute plausibility says a zero year for 504 people is reachable; the onboarding pattern says first-year all-zero NIBRS records are usually zero-report artifacts. I could also argue the peer band median is itself biased low because it is contaminated by the token reporters this screen is finding, which would push the expectation up and the zero down - but that is an argument from a contaminated benchmark, not evidence. One external check settles it in minutes, so a confident guess here would be worse than an escalation.",1,x-WY0070400-shoshoni:genuine_zero_year(opus/medium)
c-ME0051300-gouldsboro,token_reporter,ME,ME0051300,-2.0,sol,unclear_escalate,high,explicit_escalate,,escalate_hold,batches/batch_087.json,"Do not replace mechanically; verify monthly NIBRS coverage or Maine/local records before choosing between 2, a one-month uplift, and missingness. EST2024=2 provisional.","Full-NIBRS zeros while SRS records only 1-3 months, and 2024 carries person offences rather than the historic property mix; annualizing one month to 24 is unstable.",1,c-ME0051300-gouldsboro:token_reporting_flag(opus/medium)
c-CA0130300-calipatria,token_reporter,CA,CA0130300,-18.0,opus,unclear_escalate,medium,explicit_escalate,genuine_low_crime;unclear_escalate,escalate_hold,batches/batch_088.json,"Genuinely underdetermined; do not rule on this packet. Interim handling: retain EST2024 = 18 observed pending resolution — it is a positively-reported count with a coherent mix, and the peer-fill alternative (6,020 x 1096.9/100k => ~66) would fabricate roughly 48 offenses on a hypothesis I cannot verify. Two specific checks resolve it. (1) DENOMINATOR: Calipatria hosts Calipatria State Prison, and CDCR facilities are counted in the host place's census population while being policed by their own ORI, not the city PD. If a large share of FBIpop 6,020 is group-quarters inmate population, the true policed denominator may be ~2,000-2,700, which moves the rate from 299/100k to ~670-900/100k — at or near the band peer median of 1,096.9, and the single screen arm that fired disappears. Verify the group-quarters share of place 0609878 against the FBI population-served figure. (2) COVERAGE: roster NIBRS start is 2024-01-01, so 2024 is the agency's first NIBRS year, and the Return-A record shows only 9 months against a 12-month batch header. Confirm whether all 12 months and all seven offense streams were actually onboarded, since first-year NIBRS agencies commonly go live with incomplete stream coverage. If the prison share is confirmed and 12-month coverage holds, this becomes credible_low_crime; if coverage is 9 months with streams missing, it becomes a partial year at 9 believable months.","Escalating because every discriminator available in this packet is either absent or compromised, and the two hypotheses that survive point in opposite directions on the repair. Own-history is unusable by construction: 2018 is SRS 0/1mo, 2019 SRS 0/12mo, and 2020-2023 are all SRS 0/0mo, so the agency has no positive full year to baseline against and composition cannot be scored at all — the screen itself fired as c1 PEER-ONLY. The peer-rate arm is therefore the sole evidence, and a rate test is exactly the instrument that a prison-inflated denominator breaks; I can identify that mechanism but cannot quantify it from the packet, and guessing the group-quarters share would be fabricating the number that decides the case. Against a token-report reading: the 2024 value is a positive count with a plausible internal structure for a small Imperial County city (4 aggravated assault, 8 burglary, 4 larceny, 2 MVT, zero murder/rape/robbery), burglary-weighted as expected, so this is not a shell submission or a blank-as-zero artifact — CIUS printed a real positive rather than a zero. Against a fully credible reading: the 12-month NIBRS batch header is contradicted by a 9-month Return-A record, and a 2024-01 NIBRS start means the '12 months / high tier / weight 1.0' standing is an assumption applied to an agency's very first year in the lane, with no prior year to check it against. Correct escalation beats a confident ruling in either direction here.",1,c-CA0130300-calipatria:genuine_low_crime(sol/medium)
c-CA0479945-highway-patrol-yreka-area,token_reporter,CA,CA0479945,52.0,opus,token_reporting_flag,medium,intra_arm_replication_conflict,genuine_low_crime;token_reporting_flag,flag_review,batches/batch_011.json,"Packet-taxonomy sub-verdict: token_report_treat_as_partial / incomplete-submission. The 2024 NIBRS row (16 on a claimed 12-month batch header) must not stand as a measured full year. Do NOT fabricate a month count from the collapse ratio — deriving 'about 3 months' from the baseline and then annualising by it just reproduces the baseline, which is a result-fitted knob. The honest repair is to demote the 2024 row to unknown-coverage and fill from own history: 2022=77 and 2023=59 give hist_median 68; a log-linear trend through 77->59 gives ~45-48. Anything in the 45-70 band is defensible; 16 is not. EST2024=16 [observed] is NOT a defensible repair. Materiality note: this ORI is crosswalked at w=1 to the California statewide overlap layer, so its mass is smeared over the whole state and the block-group impact of either choice is negligible — the correct action is to record the flag and, if a fill is applied, mark it fabricated rather than observed.","(a) 16 is 23.5% of the agency's own 2022-2023 full-year median of 68 — arithmetically about three months of its own workload under a header claiming twelve. (b) The packet's 'composition NOT distorted' finding does not support authenticity and should not be read as if it did: a uniform 15-29% retention across every stream against a 24% aggregate is precisely the signature of multiplicative coverage loss (month truncation scales all streams equally), whereas a genuine change in crime moves streams differentially. COMPOSITION OVER SLOPE cuts against credibility here, not for it. (c) Absolute plausibility is the reason this is medium and not high: 12 MVT + 3 larceny + 1 aggravated assault is a reachable annual level in isolation for a CHP area office, so the level alone does not condemn it — but a 4.25x single-year drop has no California analogue (statewide MVT fell on the order of 15-20% in 2024, not 71%). (d) The peer arm is structurally blind (FBIpop 0 in every year), so own history is the only arm speaking, and it rests on just two clean baseline years (2022, 2023) after a 2021-11 NIBRS onboarding. (e) The shape 13(2mo) -> 77 -> 59 -> 16 is an instance of the state-police post/area-office sawtooth already characterised in this repo as a national multi-state reporting-instability artifact, not a crime pattern.",1,c-CA0479945-highway-patrol-yreka-area:genuine_low_crime(sol/medium)
a3-CO-durango-vs-fort-lewis-college,ambiguous_twin,CO,CO034019E|CO0340500,29.0,opus,superseded_ori,high,intra_arm_replication_conflict,same_agency_merge;superseded_ori,merge_dedupe,batches/batch_027.json,"One agency — Fort Lewis College Police Department — filing under two ORI keys, with the panel's name fields crossed, which is what makes this look like ""Durango vs Fort Lewis College"". CO034019E shows as ""DURANGO"" only because its ORI7 block is CO03401 (Durango PD's numeric block) and the 9E campus suffix inherited the block's name; the 2024 roster names CO034019E ""Fort Lewis College"" (University or College, La Plata County, NIBRS start 2004-07-01). CO0340500 is the legacy La Plata-block ORI whose own crosswalk name is already ""fort lewis college police department"" and which is ABSENT from the 2024 roster. CANONICAL / SURVIVOR: CO034019E. The single deciding fact: CO0340500's SRS total equals CO034019E's NIBRS total in every single year — 25, 32, 12, 18, 23, 24, 29 across 2018-2024 — while CO0340500's SRS month labels are partial (10, 11, 10, 10, 11, 12, 11) and CO034019E's NIBRS is 12 months throughout. That is one NIBRS submission back-converted into Return-A under a second ORI key, with month counts derived from which months carried incidents; two agencies do not match to the unit for seven consecutive years. Note the scope: this is NOT a 2024-only or post-break duplicate — the same 12-32 counts have been double-published every year 2018-2024 on the Colorado statewide overlap layer, so the fix is retrospective across the whole window. Correct 2024 mass: 29, once, under CO034019E (the 2018 CIUS 27 vs NIBRS 25 gap is a publication-vintage difference in the same submission, n","Same county, same institution (once the crossed name fields are untangled by the roster and the crosswalk name), same footprint, and identical non-zero vectors in six of seven years. The mechanism is visible in the month labels: a NIBRS submission at 12 months in one lane, back-converted into Return-A at 10-11 months under the other key, with totals equal to the unit — the packet's own lane-independence note says the FBI back-converts NIBRS into Return-A, and this is that artefact split across two ORIs. Roster presence gives the direction (CO034019E listed and NIBRS-active since 2004; CO0340500 absent). Absolute plausibility also rules out the surface reading of the names: Durango PD serves ~19,000 people and would report hundreds of Part-I offenses, whereas CO034019E reports 12-32 a year on population-served 0 with a rape-and-larceny campus mix — it is the college, not the city.",0,still open - see supervisor_escalations.csv
c-IL0240000-edwards,token_reporter,IL,IL0240000,10.0,opus,unclear_escalate,medium,intra_arm_replication_conflict,genuine_low_crime;unclear_escalate,escalate_hold,batches/batch_035.json,"Genuinely underdetermined; do not rule from this packet and do not fabricate a fill. What would resolve it: (a) the Edwards County Sheriff's own 2024 monthly incident counts, or an ISP / ICJIA agency-level 2024 extract, and (b) verification of the 2023 rape count (5), which single-handedly drives the entire baseline this case is being judged against. Interim handling: leave EST2024=3 observed in place under a low-confidence flag. A fill computed off one anomalous baseline year would be worse than the observation - the pipeline's own-history route has only 2023 to work with, and the peer route (522.7/100k x 2,783 = 14.5) would be fabricating a 5x increase off a peer median for an agency with no established level of its own.","The own-history arm rests on exactly ONE baseline year and that year is itself anomalous. 2018-2021 are all 0-month non-reports - the agency was simply absent from UCR - so there is no pre-transition level to compare against. The only 12-month year is 2023 (13), whose composition is 5 rapes in a ~2,752-population sheriff jurisdiction (~180/100k, roughly 4x the national rate); a baseline built on that is not a stable reference, and the 'larceny 0 vs baseline 2, MVT 0 vs baseline 3' comparisons are one year's counts dressed as a baseline. The agency is a brand-new NIBRS reporter (start 2022-07) whose entire record is 2, 13, 3 - the volatility of a reporter standing up the system, not a measurable level. On absolute plausibility, 3 Part-I offenses for ~2,783 rural unincorporated residents (101/100k) is low but not outside reach for a county of Edwards' size, and 9 of 12 Return-A months are on record, so there is no month-coverage story either. Neither credible_low_crime nor a token flag is supportable on this evidence; the peer-rate floor is the only arm firing cleanly and a rate floor alone cannot make this call.",1,c-IL0240000-edwards:genuine_low_crime(opus/medium)
c-IL0320300-mazon,token_reporter,IL,IL0320300,5.0,opus,token_reporting_flag,medium,intra_arm_replication_conflict,genuine_low_crime;token_reporting_flag,flag_review,batches/batch_046.json,"Not credible enough to publish as a measured zero; packet-vocabulary verdict: structural_zero_treat_as_missing. This is the weakest of the flags in this batch - flag it, but the honest repair is 'unknown', not a confident number. EST2024=0 observed is not defensible. If a fill is required, the peer band for local_police pop <=1,000 (503.4/100k x 981 = 4.9) and the agency's only clean 12-month pre-transition year (2019 = 5) converge on ~5. Do NOT fill from the two nearest years (2022 = 1 on 2 NIBRS months, 2023 = 1) - those are the years under suspicion. Also: the 2020 CIUS row (3) is a larceny-stripped 6-row publication preferred over the SRS submission (11) - 2020 under-published by ~73% for this ORI.","Distinguished from Tower Lakes and Grand Ridge in this same batch by one mechanism-grounded test: has the agency ever filed a verified zero? Mazon's other zero years (2018, 2021) are both 0-month non-reports, so it has never demonstrated that it files zero-report months - its zeros are absences, not measurements. Tower Lakes (2019) and Grand Ridge (2018) each have a zero sitting on 12 reported Return-A months, which is why their 2024 zeros stand and this one does not. BLANK-AS-ZERO applies squarely: the CIUS 0 is published as 12 months on a Return-A record of ZERO submitted months, and the only completeness claim is a NIBRS batch header that cannot be distinguished from an administrative default. Against the agency's only clean pre-transition full year (2019 = 5) a zero is a ~0.7% outcome; the 2020 SRS record (11 on 8 months) puts the pre-transition level higher still. The counterargument is real and is why confidence is medium rather than high: for a 981-person village the current-regime level looks like lambda ~ 1 (2022 and 2023 both filed 1), under which a zero is a 37% outcome - but that low regime begins exactly at the ISP NIBRS transition that produced 0-month non-reports across this entire batch, so it is the thing in question rather than evidence for the zero.",1,x-IL0320300-mazon:genuine_zero_year(sol/medium)
c-AL0380900-taylor,token_reporter,AL,AL0380900,4.0,opus,genuine_low_crime,medium,intra_arm_replication_conflict,genuine_low_crime;unclear_escalate,accept_observed,batches/batch_048.json,"Packet-level verdict: credible_low_crime. EST2024 = 0 [observedx7] is defensible and should stand; no fill. This agency's level is verified at ~2 offences a year across four separate well-covered NIBRS years — 2019 SRS 1/12mo, 2021 NIB 2/11mo, 2022 NIB 3/9mo, 2023 NIB 2/11mo — so a zero year is expected roughly one year in eight. The single 7-offence year (2018) that the screen uses as the sole baseline is six years stale and is what makes the own-history arm fire. Materiality note: even under the opposite reading the correct value is ~2, so the published 0 understates Taylor town by at most two offences (0 vs ~86 per 100k), which does not change the substantive picture for the place.","ABSOLUTE PLAUSIBILITY clears it. Unlike Blountsville and Slocomb — same state, same class, similar population — Taylor has no recent history of double-digit counts to collapse from. Its verified recent level is 1-3 offences a year, i.e. lambda ~2.4, giving P(zero) about 9 percent. A town of 2,324 with a small PD adjacent to Dothan, where the Geneva/Houston county sheriffs carry much of the call volume, is a plausible zero-year jurisdiction. Composition carries no signal (uniform zero), and the packet itself notes the 7-offence baseline is too small a base to score. I weighed the contrary evidence and found it insufficient to overturn: the 2024 CIUS 0/12mo row has the BLANK-AS-ZERO shape (SRS 2 months; CIUS is the frozen Return-A master file, not independent; NIB back-converted from the same submission), the agency has never posted a verified 12-month zero, and it has lapsed before (2020: 0 on 2 months in both lanes). Those keep confidence at medium rather than high — but they bear on the completeness label, not on the number, since every candidate repair returns 0-3. Escalating a case whose repair cannot move the published count by more than two offences would be over-escalation.",1,x-AL0380900-taylor:misread_missing(opus/medium)
c-IA0620200-new-sharon,token_reporter,IA,IA0620200,4.0,opus,unclear_escalate,medium,intra_arm_replication_conflict,token_reporting_flag;unclear_escalate,escalate_hold,batches/batch_048.json,"Genuinely underdetermined between ordinary small-town noise and a thin filing; I decline to name a 2024 value. What escalation should resolve: obtain Mahaska County SO coverage for New Sharon, or the agency's actual 2024 monthly NIBRS incident dates, to establish whether the year was truly covered. If it must be decided without that, accepting EST2024=1 (observed) is the lower-risk error — the dispute is a 4-count difference on a 1,243-person polygon (observed 1 versus an own-baseline fill of 5 or a peer-basis ~9), which is immaterial to any downstream block-group index. Do NOT fabricate a peer fill of ~9 here: that would be nearly double the agency's only real full-year observation.","I initially leaned to flag this on the Return-A coverage collapse from 5 months in 2023 to 1 month in 2024, then checked that field against the agency's own series and it does not survive: 2018 = 3 offenses on 3 SRS months, 2019 = 6 on 6, 2023 = 5 on 5, 2024 = 1 on 1. Four exact matches means the Return-A month count for this filer is a deterministic function of the offense count — it is counting months in which a nonzero form was generated — so it carries NO independent coverage information and cannot be used as evidence of a thin year. (I verified this reading is filer-specific: for the sheriffs in this batch, months exceed Part-I counts, so there the field is a real coverage measure.) That removes the structural arm entirely. What remains is 1 against an own full-year baseline of 5, which is a P(X<=1 | lambda=5) = 4% tail — suggestive but not sufficient to overturn an observation. ABSOLUTE PLAUSIBILITY does not reject it either: 1 index offense in an isolated rural town of 1,243 is a reachable outcome, unlike the 1,600-6,500-population cases elsewhere in this batch. Composition cannot discriminate at n=1 versus n=5 (a burglary where the baseline held larceny and MVT is pure small-number churn). The agency's chronically intermittent filing history is a real concern but cuts both ways — it is equally consistent with a small department that genuinely has little to report. Correct escalation beats a confident guess on a case this finely balanced.",1,c-IA0620200-new-sharon:genuine_low_crime(sol/medium)
c-IL0790900-ruma,token_reporter,IL,IL0790900,3.0,opus,unclear_escalate,medium,intra_arm_replication_conflict,token_reporting_flag;unclear_escalate,escalate_hold,batches/batch_052.json,"Genuinely underdetermined between (a) a truly crime-free year for a 309-person village and (b) a state-filed zero-report standing in for an agency that produces no records. WHAT WOULD RESOLVE IT — a single checkable fact, not more panel data: whether the Illinois NIBRS program files 12 monthly zero-reports on behalf of small agencies that lack a NIBRS-capable RMS. If it does, the 12-month NIBRS batch header on an all-zero vector is a certification-of-participation artifact and this ORI (plus Cowden, Ellis Grove, and by extension Pleasant Hill and Bluffs) is silent-agency territory requiring imputation. If it does not, the zero stands. That one determination settles the whole zero-case class in this batch at once, which is why escalating beats guessing here. DO NOT rely on SRS=0 months as evidence either way: for a NIBRS back-converted agency a zero count mechanically produces zero Return-A records, so it is implied by the zero rather than independent of it. Pending resolution, I would not overturn EST2024 (reported 0 -> estimated 0); if the state-zero-report mechanism is confirmed, route place 1766287 to the silent-agency-territory imputation path rather than publishing a hard zero.","ABSOLUTE PLAUSIBILITY does NOT fail here, which is the crux: for a village of 309 people, zero Part-I offenses in a year is a reachable outcome, and the agency's own baseline is only 3/yr, so a single zero year has P = e^-3 ~ 5%. Unlike Pleasant Hill (24 -> 0) the step is small: 4, 3, 2, 3, then zeros. The break also does NOT coincide with the lane change — NIBRS started 2021-01-01 and the first NIBRS year (2021) was positive at 3 with a 12-month header, so the transition-artifact story that carries Bluffs does not apply cleanly. Against that: three consecutive all-stream zeros at a rate of 3/yr would be P ~ 1e-4, which is decisive only if the rate is really still 3 — for a village this small the rate is unstable, and at a plausible true rate of 1/yr three zeros is ~5%. The two readings are close enough in likelihood that the panel evidence cannot separate them, and the deciding fact is external to the panel. Confidence is medium: I am reasonably sure this is genuinely underdetermined rather than a case I am failing to crack, because I identified the specific external fact that resolves it and confirmed that every in-panel discriminator (composition, months, break location, absolute level) is either silent or non-decisive.",1,x-IL0790900-ruma:misread_missing(opus/medium)
c-IL0870600-cowden,token_reporter,IL,IL0870600,3.0,opus,unclear_escalate,medium,intra_arm_replication_conflict,token_reporting_flag;unclear_escalate,escalate_hold,batches/batch_052.json,"Genuinely underdetermined, and it is the case in this batch where the COMPOSITION-OVER-SLOPE warning cuts in the awkward direction. Same resolving question as Ruma: whether the Illinois NIBRS program files 12 monthly zero-reports on behalf of small agencies lacking a NIBRS-capable RMS, which would make the 12-month batch header on an all-zero vector a certification artifact rather than an observation. That single external determination settles this ORI, Ruma and Ellis Grove together. DO NOT treat SRS=0 months as corroborating evidence — for a NIBRS back-converted agency it is implied by the zero count. Pending resolution I would not overturn EST2024 (reported 0 -> estimated 0). If the state-zero-report mechanism is confirmed, route place 1717055 to the silent-agency-territory imputation path; own-history fill would be blocked anyway (last positive report 2021, three years back, outside the 2-year recency window), so any count-level repair would have to be peer-based for the (0, 1000] band and should be floored at the agency's own demonstrated ~1-4/yr rather than at the 503.4 per 100k peer median.","The series is 5, 4, 3, 1, 0, 0, 0 against a population falling 575 -> 497. I am explicitly NOT treating the smooth monotone decline as evidence of authenticity — that is the trap the COMPOSITION-OVER-SLOPE instruction names, and a records system winding down produces exactly this shape. But composition cannot adjudicate here either: every all-zero year is uniformly zero across all seven streams, so there is no internal mix signal in any direction, and the packet's scorer says so. What is left is a two-sided balance. Against credibility: three consecutive all-stream zeros against a six-year baseline of 4/yr would be P ~ 6e-6. For credibility: at the 2021 level of 1/yr, three zeros is ~5%; a village of 497 producing zero Part-I offenses in a year is a reachable outcome in absolute terms; and crucially the break does NOT coincide with the lane change — NIBRS started 2020-01-01 and both 2020 (3) and 2021 (1) were positive under NIBRS, so the transition-artifact mechanism that carries Bluffs does not apply, and the decline runs continuously across the lane boundary. That combination leaves the genuine-fade and records-wind-down readings close to evenly matched on in-panel evidence. Confidence is medium: I am fairly sure this is truly underdetermined rather than unresolved through insufficient effort, because I checked each discriminator individually (break location, composition, month fields, absolute level, peer comparison) and none of them separates the two readings.",1,x-IL0870600-cowden:misread_missing(opus/medium)
c-AL0480300-thomaston,token_reporter,AL,AL0480300,1.0,opus,genuine_low_crime,medium,intra_arm_replication_conflict,genuine_low_crime;unclear_escalate,accept_observed,batches/batch_060.json,"credible_low_crime. EST2024 = 0 observed is defensible and should stand. No repair, no fill. Flag for the record only: two consecutive all-stream zero years (2023 NIB 0/10mo, 2024 NIB 0/12mo) for an agency whose entire 7-year history totals 9 offenses.","ABSOLUTE PLAUSIBILITY decides this one. FBIpop 316. The peer band floor (503.4/100k) implies an expected 1.6 offenses/yr; the agency's own raw series is 1,1,0,4,3,0,0 (mean 1.3). Poisson(1.6) gives P(0)=20%, and two consecutive zeros ~4% — ordinary variation, not a structural impossibility. The rate-floor arm fires here only because any rate test is uninformative at n=316. BLANK-AS-ZERO checked and does not apply: the 2024 zero rests on a NIBRS batch header reporting 12 months, which under the landed batch-header rule is an affirmative 12-month zero-report, not an unfilled blank. CIUS 0/12mo is not corroboration (Return-A master frozen at publication, back-converted from that same NIBRS submission) and SRS 0/0mo is not evidence of non-reporting for a NIBRS-only filer — a year with no incidents produces nothing for the back-conversion to render. Cross-lane consistency in the years it did report (2022: NIB 3 = SRS 3) shows the feed transmits counts when counts exist, so there is no internal contradiction of the Tulelake kind. Composition carries no signal (uniform zero on a base of 1/yr). Residual risk acknowledged: a 316-person part-time PD that is functionally inactive is indistinguishable from a genuinely quiet one at an expected count of 1-2, and a fill would fabricate ~2 offenses onto a 316-person polygon — retaining the observation is the lower-harm action.",1,x-AL0480300-thomaston:genuine_zero_year(opus/medium)
c-IA0090100-sumner,token_reporter,IA,IA0090100,0.0,opus,token_reporting_flag,medium,intra_arm_replication_conflict,token_reporting_flag;unclear_escalate,partial_year_uplift,batches/batch_070.json,"token_report_treat_as_partial. Believable coverage ~2-3 months against the labelled 12. EST2024=3 (observed) is NOT a defensible repair. No own history exists (2024 is the ORI's first and only panel year), so the fill must come from peers: the (1000,2500] local_police median of 702.6/100k on population 2,032 gives ~14 offenses. Annualizing on the 2-month SRS row (3 x 6 = 18) lands in the same neighbourhood and is an acceptable alternative basis; the two agree, which is why I am comfortable naming a value. Do not publish 3 as a complete year.","Two independent signals, neither of which is the peer floor on its own. First, this is a first-year onboarder: roster NIBRS start is 2020-01-01 but the NIBRS lane carries its first row only in 2024, and Return-A shows just 2 months. A 12-month batch-header label on an agency's first-ever submission is precisely where the default label, rather than a measurement, is most likely — and CIUS cannot corroborate it, being the frozen Return-A master file. Second, the offense mix is inverted: 2 aggravated assaults and 1 larceny with zero burglary and zero MVT. In small-town Part-I records larceny normally runs 55-70% of the total and dominates agg assault several-fold; a record where the arrest-generating violent offense outnumbers larceny 2:1 and no property stream except one larceny appears at all is the signature of a thin submission carrying only the incidents that generated cases. ABSOLUTE PLAUSIBILITY: 147.6/100k for a 2,032-person town is roughly a fifth of what a real Sumner would record. Held at medium because with only 3 counts the composition argument is statistically thin — the packet's own generator declines to score mixes on bases this small — so the mix is corroboration for the coverage evidence rather than proof on its own.",1,c-IA0090100-sumner:token_reporting_flag(sol/medium)
c-IA0520600-university-heights,token_reporter,IA,IA0520600,0.0,opus,token_reporting_flag,medium,intra_arm_replication_conflict,token_reporting_flag;unclear_escalate,partial_year_uplift,batches/batch_070.json,"token_report_treat_as_partial. Believable coverage ~3 months against the labelled 12, per the Return-A record. EST2024=1 (observed) is NOT a defensible repair. No own history exists to fill from — 2018-2023 are all zero-month non-submissions, so the ORI has never filed before 2024. Use the peer basis: (1000,2500] local_police median of 702.6/100k on population 1,175 gives ~8 offenses; recommended 2024 value ~8. Annualizing the 3-month row (1 x 4 = 4) is NOT sufficient as a repair — it remains below the plausible floor for a 1,175-person municipality with its own police department.","Structurally this is a first-ever submission: six consecutive years at zero Return-A months (nothing submitted at all), roster NIBRS start 2022-07-01, and the NIBRS lane's first panel row appearing only in 2024 at 3 Return-A months. A 12-month batch-header label on an agency's debut filing is the highest-risk place for the label to be a default rather than a measurement, and CIUS provides no independent check, being the same Return-A master file frozen at publication. On ABSOLUTE PLAUSIBILITY, University Heights is a residential enclave wholly surrounded by Iowa City and adjacent to the university — a setting that generates vehicle break-ins and larcenies even when it is affluent and quiet — so 1 total index offense for 1,175 residents is not a reachable annual outcome. The mix (a single rape, zero property crime across all four property streams) is inverted relative to any small-municipality profile. I discounted that mix argument substantially, and it is why this is medium rather than high: over a genuine 3-month window a quiet enclave could plausibly record no property index crime, so the composition is weak on its own and functions as corroboration for the coverage evidence, not as proof. The verdict rests on the debut-partial structure plus the implausible annual level.",1,c-IA0520600-university-heights:token_reporting_flag(sol/high)
c-IA0820800-princeton,token_reporter,IA,IA0820800,0.0,opus,token_reporting_flag,medium,intra_arm_replication_conflict,token_reporting_flag;unclear_escalate,treat_missing_repair,batches/batch_070.json,"Packet vocabulary: structural_zero_treat_as_missing — but the operative defect is footprint coverage, not token filing. This ORI has never filed a positive Part-I count anywhere in 2018-2024: four years at zero SRS months (2018-2021), a 4-month NIBRS zero (2022), then 12-month NIBRS zeros in 2023 and 2024. Own-history fill is structurally unusable here — it returns 0 by construction, and the 'real report within 2 years' gate is satisfied by a zero-report that should not count as a report. Repair must be external: peer band 503.4/100k x 913 = 4.6, so ~4-5 offences; better still, mark Census place 1964740 as uncovered rather than assigning it exclusively at weight 1.0 to a dormant ORI, and let it inherit Scott County non-municipal coverage. EST2024 = 0 [observedx7] is not defensible as a place-level value.","The determinative question is not whether crime in a 913-person river village could be low — it is whether this ORI has ever demonstrated that it takes reports. It has not, in seven years. The roster gives a NIBRS start of 2011-04-01 yet the NIBRS lane carries no panel row until 2022, i.e. a decade of silence from a certified agency; that is a dormant ORI, and a dormant ORI's zero is a non-report by definition, not a measurement. BLANK-AS-ZERO applies in its purest form: the only 2024 evidence is one NIBRS submission whose batch header claims 12 months, with CIUS re-rendering it and the pipeline assigning tier hi / weight 1.0 / 12 months by assumption. Uplift cannot rescue either the 0-month SRS zeros or the 2022 4-month zero. I hold this at medium rather than high because the magnitude of the repair is genuinely uncertain — a 913-person village's true level is plausibly only 2-5 offences, so the absolute error in the published zero is small even though the zero is not evidence; what is not uncertain is that the value is unearned. Distinguish this from Albers, which did file a substantive 12-month Return-A once and therefore is escalated rather than flagged.",1,x-IA0820800-princeton:misread_missing(sol/high)
c-IL0562500-bull-valley,token_reporter,IL,IL0562500,0.0,opus,genuine_low_crime,medium,intra_arm_replication_conflict,genuine_low_crime;unclear_escalate,accept_observed,batches/batch_070.json,"credible_low_crime. EST2024 = 0 observed is defensible; leave the zero standing. Two consecutive independent 12-month NIBRS zero-report years (2023 and 2024), both consistent with roster nibrs_start 2023-01-01, and no positive count anywhere in the 2018-2024 record to contradict. The accuser here is the peer-rate floor and nothing else — the own-history arm found no full-year baseline at all — and the packet's own framing concedes a rate floor cannot separate a genuinely low-crime village from a token filer. Footprint caveat to carry forward separately: exclusive w=1 to place 1709531 means the Bull Valley village polygon's index is this ORI alone, so any incidents inside the polygon worked by McHenry County SO are attributed elsewhere.","Absolute plausibility favours the zero for this specific place. Bull Valley is a very low-density, affluent, almost entirely residential McHenry County village of ~1,111 with essentially no commercial frontage — no retail base to generate the shoplifting and larceny-from-business volume that drives the peer band (1000,2500], which is populated by ordinary small towns with commercial strips. The peer median of 702.6 per 100k (7.8 expected offenses) is therefore an overstated reference. Twenty-four months of zero-report batch headers across two separate years is an affirmative, repeated reporting act, and the 2024 SRS 0/0mo is the expected Return-A back-conversion rendering of a zero-incident year, not a non-report. Held at medium, not high: this ORI has never produced a positive count in the panel, so I have never observed its reporting pipeline carrying content — reporting-works-and-crime-is-zero cannot be fully separated from reporting-never-carries-content. What tips it to genuine rather than escalate is the two-year repetition plus the place-character plausibility, both absent in the thinner cases in this batch.",1,x-IL0562500-bull-valley:misread_missing(sol/high)
c-IL0610900-patoka,token_reporter,IL,IL0610900,0.0,opus,genuine_low_crime,medium,intra_arm_replication_conflict,genuine_low_crime;unclear_escalate,accept_observed,batches/batch_071.json,"credible_low_crime. EST2024 = 0 observed is defensible; leave the zero standing. Two consecutive zero-report periods totalling 21 months: 2023 NIB 0 on 9 reported months and 2024 NIB 0 on 12. The 9-month figure is a useful authenticity check — it matches roster nibrs_start 2023-04-01 exactly (April through December = 9 months), which shows the batch-header month counts for this ORI are measured rather than defaulted, and by extension gives real weight to the 2024 12-month claim. The 2024 SRS 1-month row is a content artifact, not a submission window. No own-history baseline exists (2018-2022 carry no submission), so the peer-rate floor is the sole accuser.","Population 503, the second smallest in the batch, and zero Part-I offenses for 503 residents is plainly a reachable crime outcome. The peer median of 503.4 per 100k implies only 2.5 expected offenses, so P(0) under Poisson(2.5) is 8% — the screen's '0.0% of peers' reads as far more extreme than the underlying count arithmetic warrants at this population. Uniform zero across all seven streams gives no composition signal, so the ruling rests on level plausibility plus the reporting act, and both point the same way. Held at medium because this ORI has never produced a positive count in the panel, so I have not observed its pipeline carrying content. What separates it from Livingston — which I escalated on similar thinness — is the independently validated 2023 nine-month block: two distinct reporting periods with an internal consistency check, versus Livingston's single unverifiable first-year row.",1,x-IL0610900-patoka:genuine_zero_year(sol/medium)
c-CA0130300-calipatria,token_reporter,CA,CA0130300,-18.0,opus,unclear_escalate,medium,intra_arm_replication_conflict,genuine_low_crime;unclear_escalate,escalate_hold,batches/batch_088.json,"Genuinely underdetermined; do not rule on this packet. Interim handling: retain EST2024 = 18 observed pending resolution — it is a positively-reported count with a coherent mix, and the peer-fill alternative (6,020 x 1096.9/100k => ~66) would fabricate roughly 48 offenses on a hypothesis I cannot verify. Two specific checks resolve it. (1) DENOMINATOR: Calipatria hosts Calipatria State Prison, and CDCR facilities are counted in the host place's census population while being policed by their own ORI, not the city PD. If a large share of FBIpop 6,020 is group-quarters inmate population, the true policed denominator may be ~2,000-2,700, which moves the rate from 299/100k to ~670-900/100k — at or near the band peer median of 1,096.9, and the single screen arm that fired disappears. Verify the group-quarters share of place 0609878 against the FBI population-served figure. (2) COVERAGE: roster NIBRS start is 2024-01-01, so 2024 is the agency's first NIBRS year, and the Return-A record shows only 9 months against a 12-month batch header. Confirm whether all 12 months and all seven offense streams were actually onboarded, since first-year NIBRS agencies commonly go live with incomplete stream coverage. If the prison share is confirmed and 12-month coverage holds, this becomes credible_low_crime; if coverage is 9 months with streams missing, it becomes a partial year at 9 believable months.","Escalating because every discriminator available in this packet is either absent or compromised, and the two hypotheses that survive point in opposite directions on the repair. Own-history is unusable by construction: 2018 is SRS 0/1mo, 2019 SRS 0/12mo, and 2020-2023 are all SRS 0/0mo, so the agency has no positive full year to baseline against and composition cannot be scored at all — the screen itself fired as c1 PEER-ONLY. The peer-rate arm is therefore the sole evidence, and a rate test is exactly the instrument that a prison-inflated denominator breaks; I can identify that mechanism but cannot quantify it from the packet, and guessing the group-quarters share would be fabricating the number that decides the case. Against a token-report reading: the 2024 value is a positive count with a plausible internal structure for a small Imperial County city (4 aggravated assault, 8 burglary, 4 larceny, 2 MVT, zero murder/rape/robbery), burglary-weighted as expected, so this is not a shell submission or a blank-as-zero artifact — CIUS printed a real positive rather than a zero. Against a fully credible reading: the 12-month NIBRS batch header is contradicted by a 9-month Return-A record, and a 2024-01 NIBRS start means the '12 months / high tier / weight 1.0' standing is an assumption applied to an agency's very first year in the lane, with no prior year to check it against. Correct escalation beats a confident ruling in either direction here.",1,c-CA0130300-calipatria:genuine_low_crime(sol/medium)
c-PA0140100-bellefonte,token_reporter,PA,PA0140100,31.0,,,,unadjudicated_no_ruling,"b2-PA0140100-bellefonte(published_zero,gold):misread_missing",same_ori_ruled_in_other_class,batches/batch_017.json,no ruling for this case_id; the same ORI is adjudicated under another case_id/class framing (see replicate_verdicts),,0,outside the cleanup population; this ORI does carry a live ruling under another case_id: b2-PA0140100-bellefonte(published_zero):misread_missing
c-MN0701000-elko-new-market,token_reporter,MN,MN0701000,21.5,,,,unadjudicated_no_ruling,"b2-MN0701000-elko-new-market(published_zero,gold):misread_missing",same_ori_ruled_in_other_class,batches/batch_023.json,no ruling for this case_id; the same ORI is adjudicated under another case_id/class framing (see replicate_verdicts),,0,outside the cleanup population; this ORI does carry a live ruling under another case_id: b2-MN0701000-elko-new-market(published_zero):misread_missing
c-VT0110300-castleton,token_reporter,VT,VT0110300,14.0,,,,unadjudicated_no_ruling,"b2-VT0110300-castleton(published_zero,gold):misread_missing",same_ori_ruled_in_other_class,batches/batch_031.json,no ruling for this case_id; the same ORI is adjudicated under another case_id/class framing (see replicate_verdicts),,0,outside the cleanup population; this ORI does carry a live ruling under another case_id: b2-VT0110300-castleton(published_zero):misread_missing
a2-CA04099-highway-patrol-templeton,ambiguous_twin,CA,CA0409940|CA0409945|CA0409901,9.0,,,,unadjudicated_no_ruling,,dispatch_again,batches/batch_060.json,case present in case_index.csv but no ruling returned by any arm,,0,still open - see supervisor_escalations.csv
c-NY0355800-highlands-town,token_reporter,NY,NY0355800,1.0,,,,unadjudicated_no_ruling,"b2-NY0355800-highlands-town(published_zero,gold):misread_missing",same_ori_ruled_in_other_class,batches/batch_063.json,no ruling for this case_id; the same ORI is adjudicated under another case_id/class framing (see replicate_verdicts),,0,outside the cleanup population; this ORI does carry a live ruling under another case_id: b2-NY0355800-highlands-town(published_zero):misread_missing
b2-MA0060500-colrain,published_zero,MA,MA0060500,0.0,,,,unadjudicated_no_ruling,"c-MA0060500-colrain(token_reporter,gold):token_reporting_flag",same_ori_ruled_in_other_class,batches/batch_066.json,no ruling for this case_id; the same ORI is adjudicated under another case_id/class framing (see replicate_verdicts),,0,outside the cleanup population; this ORI does carry a live ruling under another case_id: c-MA0060500-colrain(token_reporter):token_reporting_flag
c-AR063019E-ar063019e,token_reporter,AR,AR063019E,0.0,,,,unadjudicated_no_ruling,"a2-AR06301-benton(ambiguous_twin,gold):distinct_agencies",same_ori_ruled_in_other_class,batches/batch_069.json,no ruling for this case_id; the same ORI is adjudicated under another case_id/class framing (see replicate_verdicts),,0,outside the cleanup population; this ORI does carry a live ruling under another case_id: a2-AR06301-benton(ambiguous_twin):distinct_agencies
c-IL0190600-waterman,token_reporter,IL,IL0190600,0.0,,,,unadjudicated_no_ruling,"b2-IL0190600-waterman(published_zero,gold):unclear_escalate",same_ori_ruled_in_other_class,batches/batch_070.json,no ruling for this case_id; the same ORI is adjudicated under another case_id/class framing (see replicate_verdicts),,1,b2-IL0190600-waterman:misread_missing(opus/medium)
c-NY0132800-millbrook-village,token_reporter,NY,NY0132800,0.0,,,,unadjudicated_no_ruling,"b2-NY0132800-millbrook-village(published_zero,gold):misread_missing",same_ori_ruled_in_other_class,batches/batch_079.json,no ruling for this case_id; the same ORI is adjudicated under another case_id/class framing (see replicate_verdicts),,0,outside the cleanup population; this ORI does carry a live ruling under another case_id: b2-NY0132800-millbrook-village(published_zero):misread_missing
c-PA0450100-delaware-water-gap,token_reporter,PA,PA0450100,0.0,,,,unadjudicated_no_ruling,"b2-PA0450100-delaware-water-gap(published_zero,gold):misread_missing",same_ori_ruled_in_other_class,batches/batch_082.json,no ruling for this case_id; the same ORI is adjudicated under another case_id/class framing (see replicate_verdicts),,0,outside the cleanup population; this ORI does carry a live ruling under another case_id: b2-PA0450100-delaware-water-gap(published_zero):misread_missing
