case_id,kind,state,oris,mass_hint,original_class,cleanup_reason,verdict,confidence,arm,agent,downstream_action,alt_rulings,settling_record,ruling_detail,ruling_rationale,evidence_summary,packet_file
a3-CO-durango-vs-fort-lewis-college,cleanup_case_unruled,CO,CO034019E;CO0340500,29.0,ambiguous_twin,replicate_conflict,,,,,dispatch_again,dispatched in the cleanup pass; no ruling returned by any arm,,,,"SITUATION: 2 ORIs in CO from DIFFERENT ORI7 blocks report the byte-identical 2024 7-offense vector 0/5/0/3/1/19/1 (total 29 each). Either one physical agency is filing under two ORIs (both masses then land in the national panel) or two different agencies coincidentally match. The identity is corroborated ACROSS YEARS: the same ORIs also carry identical non-zero vectors in 2019, 2020, 2021, 2022, 2023, which is very hard to reach by coincidence. County FIPS: CO034019E=067, CO0340500=067 (SAME county). Crosswalk footprints: CO034019E->08:statewide_overlap_layer, CO0340500->08:statewide_overlap_layer (SAME footprint, so the masses add on one geography). 2024 selected lane per ORI: CO034019E=['nibrs_srs_equivalent_annual']; CO0340500=['cius_publication_annual']. A cross-lane split (one ORI arriving via SRS/CIUS, the twin via NIBRS) is the known duplication mechanism. FBI 2024 roster: 1/2 listed — CO034019E=""Fort Lewis College"" (University or College, counties LA PLATA).

PANEL EVIDENCE:
ORI CO034019E ""DURANGO"" special_jurisdiction | CO cty067 plc<NA> | FBIpop 18:0 19:0 20:0 21:0 22:0 23:0 24:0
  YR: 18: NIB 25/12mo/hi; 19: NIB 32/12mo/hi; 20: NIB 12/12mo/hi; 21: NIB 18/12mo/hi; 22: NIB 23/12mo/hi; 23: NIB 24/12mo/hi; 24: NIB 29/12mo/hi
  2024 offenses: NIB 0/5/0/3/1/19/1
  CW: 08:statewide_overlap_layer (""Colorado statewide overlap layer"") w=1 overlap [deterministic_baseline/auto]
  ROSTER2024: ""Fort Lewis College"" | University or College | counties LA PLATA | is_nibrs True | nibrs_start 2004-07-01
  EST2024: reported 29 -> estimated 29 [observedx7]
  LANE_SELECTED_2024: ['nibrs_srs_equivalent_annual'] reason ['only_lane_present']

ORI CO0340500 ""FORT LEWIS COLLEGE"" special_jurisdiction | CO cty067 plc22035 | census_name ""state of colorado"" | crosswalk name ""fort lewis college police department"" | FBIpop 18:0 19:0 20:0 21:0 22:0 23:0 24:0
  YR: 18: CIUS 27/12mo/hi + SRS 25/10mo/md; 19: CIUS 32/12mo/hi + SRS 32/11mo/md; 20: SRS 12/10mo/md; 21: SRS 18/10mo/md; 22: CIUS 23/12mo/hi + SRS 23/11mo/md; 23: CIUS 24/12mo/hi + SRS 24/12mo/hi; 24: CIUS 29/12mo/hi + SRS 29/11mo/md
  2024 offenses: CIUS 0/5/0/3/1/19/1; SRS=same as CIUS
  CW: 08:statewide_overlap_layer (""Colorado statewide overlap layer"") w=1 overlap [deterministic_baseline/auto]
  ROSTER2024: ABSENT (not on the FBI CDE 2024 agency roster)
  EST2024: reported 29 -> estimated 29 [observedx7]
  LANE_SELECTED_2024: ['cius_publication_annual'] reason ['publication_lane_standing']

COMPUTED SIGNALS (computed from the underlying agency-year panel that the rows above are rendered from; plain facts, no conclusions):

CO034019E ""DURANGO"":
  Publication lanes vs submission months:
  - No publication lane (CIUS, state publication or local publication) carries a row for this ORI in any year 2018-2024; every value in the series comes from an FBI submission lane (Return-A and/or NIBRS).
  Offense composition vs this agency's own baseline:
  - Baseline years (12 reported months, total at or above half this agency's own median full-year total of 24): 2018 via NIB, 2019 via NIB, 2020 via NIB, 2021 via NIB, 2022 via NIB and 2023 via NIB. Baseline-year average composition - murder 0; rape 2.7; robbery 0; aggravated assault 0.3; burglary 4.2; larceny 15; motor vehicle theft 0.2; total 22.3 a year.
  - 2024 NIB composition: total 29 against a baseline-year average of 22.3 (130% of baseline). Per offense - murder 0 vs baseline 0 (no baseline); rape 5 vs baseline 2.7 (188%); robbery 0 vs baseline 0 (no baseline); aggravated assault 3 vs baseline 0.3 (900%); burglary 1 vs baseline 4.2 (24%); larceny 19 vs baseline 15 (127%); motor vehicle theft 1 vs baseline 0.2 (600%).
  - 2024 NIB composition: composition is NOT distorted in the one-stream-holds sense - every offense stream with a baseline of 3 or more retains between 24% and 127% of its own baseline against an aggregate of 130%, i.e. the change is spread evenly across streams rather than concentrated in which streams are present.
  Partial-year zeros:
  - No partial-year zero appears anywhere in this ORI's 2018-2024 series: there is no lane-year that reports a total of 0 on fewer than 12 reported months.
  Roster and lane provenance:
  - Roster presence: this ORI IS on the FBI CDE 2024 agency roster, named ""Fort Lewis College"", agency type University or College, county/counties LA PLATA. The roster gives a NIBRS start date of 2004-07-01.
  - NIBRS timing: roster NIBRS start 2004-07-01; the NIBRS lane first carries a panel row for this ORI in 2018 at 12 reported months, and carries rows for 2018, 2019, 2020, 2021, 2022, 2023 and 2024.
  - Lane provenance 2024: 1 lane carries a 2024 row - NIB total 29 at 12 months, tier hi.
  - Footprint: this ORI's counts are crosswalked at weight 1 to the statewide overlap layer, i.e. its counts are smeared across the whole state rather than landed on a specific place, as an 'overlap' assignment produced by the 'deterministic_baseline' method with review status 'auto'.
  - Pipeline 2024 output: the pipeline read 29 as reported and published 29 - 7 of the 7 offenses carried through as observed.
  - Population: the FBI population-served field is 0 for every year 2018-2024, so no per-capita rate can be formed for this ORI from the panel.

CO0340500 ""FORT LEWIS COLLEGE"":
  Publication lanes vs submission months:
  - 2018 CIUS: the FBI's published CIUS/RCN agency table publishes 27 Part-I offenses for 2018, labelled 12 months. The underlying FBI submission record for 2018 is: SRS at 10 reported months (total 25) and no NIB row at all.
  - 2019 CIUS: the FBI's published CIUS/RCN agency table publishes 32 Part-I offenses for 2019, labelled 12 months. The underlying FBI submission record for 2019 is: SRS at 11 reported months (total 32) and no NIB row at all.
  - 2022 CIUS: the FBI's published CIUS/RCN agency table publishes 23 Part-I offenses for 2022, labelled 12 months. The underlying FBI submission record for 2022 is: SRS at 11 reported months (total 23) and no NIB row at all.
  - 2023 CIUS: the FBI's published CIUS/RCN agency table publishes 24 Part-I offenses for 2023, labelled 12 months. The underlying FBI submission record for 2023 is: SRS at 12 reported months (total 24) and no NIB row at all.
  - 2024 CIUS: the FBI's published CIUS/RCN agency table publishes 29 Part-I offenses for 2024, labelled 12 months. The underlying FBI submission record for 2024 is: SRS at 11 reported months (total 29) and no NIB row at all.
  Offense composition vs this agency's own baseline:
  - Baseline years (12 reported months, total at or above half this agency's own median full-year total of 27): 2018 via CIUS, 2019 via CIUS, 2022 via CIUS and 2023 via CIUS. Baseline-year average composition - murder 0; rape 3; robbery 0; aggravated assault 0.5; burglary 4.5; larceny 18.2; motor vehicle theft 0.2; total 26.5 a year.
  - 2024 CIUS composition: total 29 against a baseline-year average of 26.5 (109% of baseline). Per offense - murder 0 vs baseline 0 (no baseline); rape 5 vs baseline 3 (167%); robbery 0 vs baseline 0 (no baseline); aggravated assault 3 vs baseline 0.5 (600%); burglary 1 vs baseline 4.5 (22%); larceny 19 vs baseline 18.2 (104%); motor vehicle theft 1 vs baseline 0.2 (400%).
  - 2024 CIUS composition: composition is NOT distorted in the one-stream-holds sense - every offense stream with a baseline of 3 or more retains between 22% and 167% of its own baseline against an aggregate of 109%, i.e. the change is spread evenly across streams rather than concentrated in which streams are present.
  - 2020 SRS composition (partial year: 12 on 10 reported months, shown annualised at x1.20): total 14.4 against a baseline-year average of 26.5 (54% of baseline). Per offense - murder 0 vs baseline 0 (no baseline); rape 1.2 vs baseline 3 (40%); robbery 0 vs baseline 0 (no baseline); aggravated assault 0 vs baseline 0.5 (0.00%); burglary 1.2 vs baseline 4.5 (27%); larceny 12 vs baseline 18.2 (66%); motor vehicle theft 0 vs baseline 0.2 (0.00%).
  - 2020 SRS composition (partial year: 12 on 10 reported months, shown annualised at x1.20): composition is NOT distorted in the one-stream-holds sense - every offense stream with a baseline of 3 or more retains between 27% and 66% of its own baseline against an aggregate of 54%, i.e. the change is spread evenly across streams rather than concentrated in which streams are present.
  - 2021 SRS composition (partial year: 18 on 10 reported months, shown annualised at x1.20): total 21.6 against a baseline-year average of 26.5 (82% of baseline). Per offense - murder 0 vs baseline 0 (no baseline); rape 3.6 vs baseline 3 (120%); robbery 0 vs baseline 0 (no baseline); aggravated assault 2.4 vs baseline 0.5 (480%); burglary 7.2 vs baseline 4.5 (160%); larceny 8.4 vs baseline 18.2 (46%); motor vehicle theft 0 vs baseline 0.2 (0.00%).
  - 2021 SRS composition (partial year: 18 on 10 reported months, shown annualised at x1.20): COMPOSITION IS DISTORTED relative to this agency's own baseline (retention across offenses with a baseline of 3 or more ranges from 46% to 160% while the aggregate sits at 82%). Specifically: the mix itself moves - larceny is 39% of the year's total against 69% across baseline years. A uniform change in the level of crime moves all seven streams together; a spread this wide is a change in which offense streams are present in the record, not in how much crime the streams describe.
  Partial-year zeros:
  - No partial-year zero appears anywhere in this ORI's 2018-2024 series: there is no lane-year that reports a total of 0 on fewer than 12 reported months.
  Roster and lane provenance:
  - Roster presence: this ORI is ABSENT from the FBI CDE 2024 agency roster - the roster is the FBI's own list of agencies for the 2024 data year, so absence is a statement about that list and about the agency's 2024 reporting relationship.
  - Lane provenance 2024: 2 lanes carry a 2024 row - CIUS total 29 at 12 months, tier hi and SRS total 29 at 11 months, tier md.
  - Lane independence: CIUS is not an independent count. The CIUS/RCN 'Offenses Known' agency table is the FBI's Return-A master file frozen at publication (verified in this repo at 99.88% cell agreement with the master file for 2023 and 2024), so CIUS agreeing with SRS for a 2024 agency-year is the same submission counted twice, not corroboration by a second source.
  - Footprint: this ORI's counts are crosswalked at weight 1 to the statewide overlap layer, i.e. its counts are smeared across the whole state rather than landed on a specific place, as an 'overlap' assignment produced by the 'deterministic_baseline' method with review status 'auto'.
  - Pipeline 2024 output: the pipeline read 29 as reported and published 29 - 7 of the 7 offenses carried through as observed.
  - Population: the FBI population-served field is 0 for every year 2018-2024, so no per-capita rate can be formed for this ORI from the panel.",cleanup_batches/batch_026.json
a2-CA04099-highway-patrol-templeton,cleanup_case_unruled,CA,CA0409940;CA0409945;CA0409901,9.0,ambiguous_twin,coverage_gap,,,,,dispatch_again,dispatched in the cleanup pass; no ruling returned by any arm,,,,"SITUATION: 3 ORI9s share ORI7 block CA04099 in CA with 2024 usable rows; group total 34, largest member 25 (CA0409940), so 9 counts ride on top of the largest member if they are one agency. All members are crosswalked to the SAME jurisdiction (06:statewide_overlap_layer), so every member's mass ADDS on that footprint. No …00 stem ORI (CA0409900) reports in 2024, so there is no obvious parent/rollup member; the members are peers in the same block. 3 of the 3 members carry positive 2024 counts, so a wrong 'distinct' call leaves real double counting on the footprint. FBI 2024 roster lists 3 of the 3 as separate named agencies: CA0409940=""Highway Patrol: Templeton Area Office""; CA0409945=""Highway Patrol: San Luis Obispo Area Office""; CA0409901=""Highway Patrol: Coastal Division"".

PANEL EVIDENCE:
ORI CA0409940 ""HIGHWAY PATROL TEMPLETON AREA OFFICE"" state_law_enforcement | CA cty079 plc<NA> | FBIpop 18:- 19:- 20:- 21:0 22:0 23:0 24:0
  YR: 18:none; 19:none; 20:none; 21: NIB 6/2mo/sp; 22: NIB 42/12mo/hi; 23: NIB 14/12mo/hi; 24: NIB 25/12mo/hi
  2024 offenses: NIB 0/0/0/6/0/2/17
  CW: 06:statewide_overlap_layer (""California statewide overlap layer"") w=1 overlap [auto_default/auto]
  ROSTER2024: ""Highway Patrol: Templeton Area Office"" | State Police | counties SAN LUIS OBISPO | is_nibrs True | nibrs_start 2021-11-01
  EST2024: reported 25 -> estimated 25 [observedx7]
  LANE_SELECTED_2024: ['nibrs_srs_equivalent_annual'] reason ['only_lane_present']

ORI CA0409945 ""HIGHWAY PATROL SAN LUIS OBISPO AREA OFFICE"" state_law_enforcement | CA cty079 plc<NA> | FBIpop 18:- 19:- 20:- 21:0 22:0 23:0 24:0
  YR: 18:none; 19:none; 20:none; 21: NIB 18/2mo/sp; 22: NIB 102/12mo/hi; 23: NIB 101/12mo/hi; 24: NIB 8/12mo/hi
  2024 offenses: NIB 0/0/0/4/0/2/2
  CW: 06:statewide_overlap_layer (""California statewide overlap layer"") w=1 overlap [auto_default/auto]
  ROSTER2024: ""Highway Patrol: San Luis Obispo Area Office"" | State Police | counties SAN LUIS OBISPO | is_nibrs True | nibrs_start 2021-11-01
  EST2024: reported 8 -> estimated 8 [observedx7]
  LANE_SELECTED_2024: ['nibrs_srs_equivalent_annual'] reason ['only_lane_present']

ORI CA0409901 ""(blank)"" state_law_enforcement | CA cty079 plc<NA> | FBIpop 18:- 19:- 20:- 21:0 22:0 23:0 24:0
  YR: 18:none; 19:none; 20:none; 21: NIB 0/2mo/sp; 22: NIB 2/12mo/hi; 23: NIB 0/12mo/hi; 24: NIB 1/12mo/hi
  2024 offenses: NIB 0/0/0/0/0/0/1
  CW: 06:statewide_overlap_layer (""California statewide overlap layer"") w=1 overlap [auto_default/flagged_auto]
  ROSTER2024: ""Highway Patrol: Coastal Division"" | State Police | counties SAN LUIS OBISPO | is_nibrs True | nibrs_start 2021-11-01
  EST2024: reported 1 -> estimated 1 [observedx7]
  LANE_SELECTED_2024: ['nibrs_srs_equivalent_annual'] reason ['only_lane_present']

COMPUTED SIGNALS (computed from the underlying agency-year panel that the rows above are rendered from; plain facts, no conclusions):

CA0409940 ""HIGHWAY PATROL TEMPLETON AREA OFFICE"":
  Publication lanes vs submission months:
  - No publication lane (CIUS, state publication or local publication) carries a row for this ORI in any year 2018-2024; every value in the series comes from an FBI submission lane (Return-A and/or NIBRS).
  Offense composition vs this agency's own baseline:
  - Baseline years (12 reported months, total at or above half this agency's own median full-year total of 25): 2022 via NIB and 2023 via NIB. Baseline-year average composition - murder 0; rape 0; robbery 0; aggravated assault 7.5; burglary 0.5; larceny 2; motor vehicle theft 18; total 28 a year.
  - 2024 NIB composition: total 25 against a baseline-year average of 28 (89% of baseline). Per offense - murder 0 vs baseline 0 (no baseline); rape 0 vs baseline 0 (no baseline); robbery 0 vs baseline 0 (no baseline); aggravated assault 6 vs baseline 7.5 (80%); burglary 0 vs baseline 0.5 (0.00%); larceny 2 vs baseline 2 (100%); motor vehicle theft 17 vs baseline 18 (94%).
  - 2024 NIB composition: composition is NOT distorted in the one-stream-holds sense - every offense stream with a baseline of 3 or more retains between 80% and 94% of its own baseline against an aggregate of 89%, i.e. the change is spread evenly across streams rather than concentrated in which streams are present.
  - 2021 NIB composition (a low/zero year for this agency): total 6 against a baseline-year average of 28 (21% of baseline). Per offense - murder 0 vs baseline 0 (no baseline); rape 0 vs baseline 0 (no baseline); robbery 0 vs baseline 0 (no baseline); aggravated assault 0 vs baseline 7.5 (0.00%); burglary 0 vs baseline 0.5 (0.00%); larceny 1 vs baseline 2 (50%); motor vehicle theft 5 vs baseline 18 (28%).
  - 2021 NIB composition (a low/zero year for this agency): COMPOSITION IS DISTORTED relative to this agency's own baseline (retention across offenses with a baseline of 3 or more ranges from 0.00% to 28% while the aggregate sits at 21%). Specifically: the mix itself moves - aggravated assault is 0.00% of the year's total against 27% across baseline years. A uniform change in the level of crime moves all seven streams together; a spread this wide is a change in which offense streams are present in the record, not in how much crime the streams describe.
  Partial-year zeros:
  - No partial-year zero appears anywhere in this ORI's 2018-2024 series: there is no lane-year that reports a total of 0 on fewer than 12 reported months.
  Roster and lane provenance:
  - Roster presence: this ORI IS on the FBI CDE 2024 agency roster, named ""Highway Patrol: Templeton Area Office"", agency type State Police, county/counties SAN LUIS OBISPO. The roster gives a NIBRS start date of 2021-11-01.
  - NIBRS timing: roster NIBRS start 2021-11-01; the NIBRS lane first carries a panel row for this ORI in 2021 at 2 reported months, and carries rows for 2021, 2022, 2023 and 2024.
  - Lane provenance 2024: 1 lane carries a 2024 row - NIB total 25 at 12 months, tier hi.
  - Footprint: this ORI's counts are crosswalked at weight 1 to the statewide overlap layer, i.e. its counts are smeared across the whole state rather than landed on a specific place, as an 'overlap' assignment produced by the 'auto_default' method with review status 'auto'.
  - Pipeline 2024 output: the pipeline read 25 as reported and published 25 - 7 of the 7 offenses carried through as observed.
  - Population: the FBI population-served field is 0 for every year 2018-2024, so no per-capita rate can be formed for this ORI from the panel.

CA0409945 ""HIGHWAY PATROL SAN LUIS OBISPO AREA OFFICE"":
  Publication lanes vs submission months:
  - No publication lane (CIUS, state publication or local publication) carries a row for this ORI in any year 2018-2024; every value in the series comes from an FBI submission lane (Return-A and/or NIBRS).
  Offense composition vs this agency's own baseline:
  - Baseline years (12 reported months, total at or above half this agency's own median full-year total of 101): 2022 via NIB and 2023 via NIB. Baseline-year average composition - murder 0; rape 0; robbery 0; aggravated assault 5; burglary 0.5; larceny 16.5; motor vehicle theft 79.5; total 101.5 a year.
  - 2024 NIB composition: total 8 against a baseline-year average of 101.5 (7.9% of baseline). Per offense - murder 0 vs baseline 0 (no baseline); rape 0 vs baseline 0 (no baseline); robbery 0 vs baseline 0 (no baseline); aggravated assault 4 vs baseline 5 (80%); burglary 0 vs baseline 0.5 (0.00%); larceny 2 vs baseline 16.5 (12%); motor vehicle theft 2 vs baseline 79.5 (2.5%).
  - 2024 NIB composition: COMPOSITION IS DISTORTED relative to this agency's own baseline (retention across offenses with a baseline of 3 or more ranges from 2.5% to 80% while the aggregate sits at 7.9%). Specifically: one or more streams hold while the aggregate collapses - aggravated assault at 80% of its own baseline, against an agency total at only 7.9% of baseline; the mix itself moves - aggravated assault is 50% of the year's total against 4.9% across baseline years and motor vehicle theft is 25% of the year's total against 78% across baseline years. A uniform change in the level of crime moves all seven streams together; a spread this wide is a change in which offense streams are present in the record, not in how much crime the streams describe.
  - 2021 NIB composition (a low/zero year for this agency): total 18 against a baseline-year average of 101.5 (18% of baseline). Per offense - murder 0 vs baseline 0 (no baseline); rape 0 vs baseline 0 (no baseline); robbery 0 vs baseline 0 (no baseline); aggravated assault 1 vs baseline 5 (20%); burglary 0 vs baseline 0.5 (0.00%); larceny 0 vs baseline 16.5 (0.00%); motor vehicle theft 17 vs baseline 79.5 (21%).
  - 2021 NIB composition (a low/zero year for this agency): COMPOSITION IS DISTORTED relative to this agency's own baseline (retention across offenses with a baseline of 3 or more ranges from 0.00% to 21% while the aggregate sits at 18%). Specifically: one or more streams are exactly 0 rather than merely reduced - larceny 0 against a baseline of 16.5. A uniform change in the level of crime moves all seven streams together; a spread this wide is a change in which offense streams are present in the record, not in how much crime the streams describe.
  Partial-year zeros:
  - No partial-year zero appears anywhere in this ORI's 2018-2024 series: there is no lane-year that reports a total of 0 on fewer than 12 reported months.
  Roster and lane provenance:
  - Roster presence: this ORI IS on the FBI CDE 2024 agency roster, named ""Highway Patrol: San Luis Obispo Area Office"", agency type State Police, county/counties SAN LUIS OBISPO. The roster gives a NIBRS start date of 2021-11-01.
  - NIBRS timing: roster NIBRS start 2021-11-01; the NIBRS lane first carries a panel row for this ORI in 2021 at 2 reported months, and carries rows for 2021, 2022, 2023 and 2024.
  - Lane provenance 2024: 1 lane carries a 2024 row - NIB total 8 at 12 months, tier hi.
  - Footprint: this ORI's counts are crosswalked at weight 1 to the statewide overlap layer, i.e. its counts are smeared across the whole state rather than landed on a specific place, as an 'overlap' assignment produced by the 'auto_default' method with review status 'auto'.
  - Pipeline 2024 output: the pipeline read 8 as reported and published 8 - 7 of the 7 offenses carried through as observed.
  - Population: the FBI population-served field is 0 for every year 2018-2024, so no per-capita rate can be formed for this ORI from the panel.

CA0409901 ""(blank)"":
  Publication lanes vs submission months:
  - No publication lane (CIUS, state publication or local publication) carries a row for this ORI in any year 2018-2024; every value in the series comes from an FBI submission lane (Return-A and/or NIBRS).
  Offense composition vs this agency's own baseline:
  - Baseline years (12 reported months, total at or above half this agency's own median full-year total of 1.5): 2022 via NIB. Baseline-year average composition - murder 0; rape 0; robbery 0; aggravated assault 0; burglary 0; larceny 1; motor vehicle theft 1; total 2 a year.
  - 2024 NIB composition: total 1 against a baseline-year average of 2 (50% of baseline). Per offense - murder 0 vs baseline 0 (no baseline); rape 0 vs baseline 0 (no baseline); robbery 0 vs baseline 0 (no baseline); aggravated assault 0 vs baseline 0 (no baseline); burglary 0 vs baseline 0 (no baseline); larceny 0 vs baseline 1 (0.00%); motor vehicle theft 1 vs baseline 1 (100%).
  - 2024 NIB composition: this agency's baseline-year average is only 2 offenses a year, which is too small a base for offense composition to carry a usable signal - one or two counts move any share or ratio, so composition is not scored here.
  - 2021 (NIB) and 2023 (NIB): total 0 with all seven offense streams at 0, against a baseline-year average of 2 a year. A year that is uniformly zero across every stream carries no internal composition signal at all.
  Partial-year zeros:
  - PARTIAL-YEAR ZERO, 2021 NIB: total 0 on 2 reported months. Partial-year uplift is multiplicative (count x 12/2 = x6.0, and 0 x 6.0 is still 0), so no uplift, fill ratio or annualisation applied to such a row can return anything other than 0 - UPLIFT CANNOT RESCUE A ZERO. Treating such a row as a scalable partial year publishes the same zero it started from; a zero observed over 2 months also carries very little information about the other 10.
  Roster and lane provenance:
  - Roster presence: this ORI IS on the FBI CDE 2024 agency roster, named ""Highway Patrol: Coastal Division"", agency type State Police, county/counties SAN LUIS OBISPO. The roster gives a NIBRS start date of 2021-11-01.
  - NIBRS timing: roster NIBRS start 2021-11-01; the NIBRS lane first carries a panel row for this ORI in 2021 at 2 reported months, and carries rows for 2021, 2022, 2023 and 2024.
  - Lane provenance 2024: 1 lane carries a 2024 row - NIB total 1 at 12 months, tier hi.
  - Footprint: this ORI's counts are crosswalked at weight 1 to the statewide overlap layer, i.e. its counts are smeared across the whole state rather than landed on a specific place, as an 'overlap' assignment produced by the 'auto_default' method with review status 'flagged_auto'.
  - Pipeline 2024 output: the pipeline read 1 as reported and published 1 - 7 of the 7 offenses carried through as observed.
  - Population: the FBI population-served field is 0 for every year 2018-2024, so no per-capita rate can be formed for this ORI from the panel.",cleanup_batches/batch_026.json
c-DCVA00000-united-states-department,cleanup_explicit_escalate,DC,DCVA00000,705.0,token_reporter,explicit_escalate,unclear_escalate,medium,sol,a3243bba2ca64a660,escalate_hold,,Provisionally retain 291 without uplift; obtain the FBI ORI master and 2023–2024 Return-A contributor or facility mapping for DCVA00000 to identify the canonical agency coverage and geographic footprint.,Provisionally retain 291 without uplift; obtain the FBI ORI master and 2023–2024 Return-A contributor or facility mapping for DCVA00000 to identify the canonical agency coverage and geographic footprint.,"The 2024 offense streams all retain approximately the same share of 2023, but the roster-absent ORI's underlying facilities and footprint are unidentified, so comparability of the two complete years cannot be established.","FACTS:
UNITED STATES DEPARTMENT (unknown, population served NOT PUBLISHED by the FBI for this ORI (0/null -- normal for special-jurisdiction, campus and state agencies; it makes any peer-rate comparison structurally impossible)) is published as a COMPLETE 12-month 2024 with 291 total Part-I offences, on lane(s) ['srs_return_a_annual'] (selection reason ['only_lane_present']). Because it is published as complete, no partial-year uplift applies. Screen arms that fired: c2 own-history collapse vs 2021-2023 baseline. Own 2018-2023 FULL-YEAR median: 996 (2024 is 29.2% of it). 2021-2023 baseline median: 996 (2024 is 29.2% of it). The FBI publishes NO population for this ORI (0/null), so the peer-rate arm is structurally blind to it — do not read its absence as evidence either way. 4,133 of the 18,728 2024 ORIs are in this position. All 2024 lane rows on record: SRS 291 at 12mo.

PANEL EVIDENCE:
ORI DCVA00000 ""UNITED STATES DEPARTMENT"" unknown | DC cty<NA> plc<NA> | FBIpop 18:- 19:- 20:0 21:0 22:0 23:0 24:0
  YR: 18:none; 19:none; 20: SRS 0/0mo/un; 21: SRS 0/1mo/sp; 22: SRS 413/6mo/lo; 23: SRS 996/12mo/hi; 24: SRS 291/12mo/hi
  2024 offenses: SRS 0/6/0/13/10/252/10
  CW: 11:statewide_overlap_layer (""District of Columbia statewide overlap layer"") w=1 overlap [agency_master_fallback/fallback]
  ROSTER2024: ABSENT (not on the FBI CDE 2024 agency roster)
  EST2024: reported 291 -> estimated 291 [observedx7]
  LANE_SELECTED_2024: ['srs_return_a_annual'] reason ['only_lane_present']

COMPUTED SIGNALS (computed from the underlying agency-year panel that the rows above are rendered from; plain facts, no conclusions):

DCVA00000 ""UNITED STATES DEPARTMENT"":
  Publication lanes vs submission months:
  - No publication lane (CIUS, state publication or local publication) carries a row for this ORI in any year 2018-2024; every value in the series comes from an FBI submission lane (Return-A and/or NIBRS).
  Offense composition vs this agency's own baseline:
  - Baseline years (12 reported months, total at or above half this agency's own median full-year total of 643.5): 2023 via SRS. Baseline-year average composition - murder 1; rape 19; robbery 1; aggravated assault 41; burglary 41; larceny 854; motor vehicle theft 39; total 996 a year.
  - 2024 SRS composition: total 291 against a baseline-year average of 996 (29% of baseline). Per offense - murder 0 vs baseline 1 (0.00%); rape 6 vs baseline 19 (32%); robbery 0 vs baseline 1 (0.00%); aggravated assault 13 vs baseline 41 (32%); burglary 10 vs baseline 41 (24%); larceny 252 vs baseline 854 (30%); motor vehicle theft 10 vs baseline 39 (26%).
  - 2024 SRS composition: composition is NOT distorted in the one-stream-holds sense - every offense stream with a baseline of 3 or more retains between 24% and 32% of its own baseline against an aggregate of 29%, i.e. the change is spread evenly across streams rather than concentrated in which streams are present.
  - 2020 (SRS) and 2021 (SRS): total 0 with all seven offense streams at 0, against a baseline-year average of 996 a year. A year that is uniformly zero across every stream carries no internal composition signal at all.
  - 2022 SRS composition (partial year: 413 on 6 reported months, shown annualised at x2.00): total 826 against a baseline-year average of 996 (83% of baseline). Per offense - murder 2 vs baseline 1 (200%); rape 4 vs baseline 19 (21%); robbery 0 vs baseline 1 (0.00%); aggravated assault 28 vs baseline 41 (68%); burglary 54 vs baseline 41 (132%); larceny 694 vs baseline 854 (81%); motor vehicle theft 44 vs baseline 39 (113%).
  - 2022 SRS composition (partial year: 413 on 6 reported months, shown annualised at x2.00): composition is NOT distorted in the one-stream-holds sense - every offense stream with a baseline of 3 or more retains between 21% and 132% of its own baseline against an aggregate of 83%, i.e. the change is spread evenly across streams rather than concentrated in which streams are present.
  Partial-year zeros:
  - PARTIAL-YEAR ZERO, 2020 SRS: total 0 on 0 reported months, i.e. no month of data was submitted in that lane at all. There is nothing to scale up. Partial-year uplift is multiplicative (count x 12/months), so no uplift, fill ratio or annualisation applied to such a row can return anything other than 0 - UPLIFT CANNOT RESCUE A ZERO. A 0-month zero is arithmetically identical to the agency having submitted nothing.
  - PARTIAL-YEAR ZERO, 2021 SRS: total 0 on 1 reported month. Same point - count x 12/1 = x12.0, and 0 x 12.0 is still 0; UPLIFT CANNOT RESCUE A ZERO.
  Roster and lane provenance:
  - Roster presence: this ORI is ABSENT from the FBI CDE 2024 agency roster - the roster is the FBI's own list of agencies for the 2024 data year, so absence is a statement about that list and about the agency's 2024 reporting relationship.
  - Lane provenance 2024: 1 lane carries a 2024 row - SRS total 291 at 12 months, tier hi.
  - Footprint: this ORI's counts are crosswalked at weight 1 to the statewide overlap layer, i.e. its counts are smeared across the whole state rather than landed on a specific place, as an 'overlap' assignment produced by the 'agency_master_fallback' method with review status 'fallback'.
  - Pipeline 2024 output: the pipeline read 291 as reported and published 291 - 7 of the 7 offenses carried through as observed.
  - Population: the FBI population-served field is 0 for every year 2018-2024, so no per-capita rate can be formed for this ORI from the panel.",cleanup_batches/batch_021.json
x-MN0110700-pillager,cleanup_explicit_escalate,MN,MN0110700,8.5,published_zero+token_reporter,merged_contradiction,unclear_escalate,medium,opus,a387ade5bdd4d2b1d,escalate_hold,genuine_zero_year(sol/medium): Carry the 2024 zero as observed for twelve months.,"WHAT WOULD SETTLE IT, in order of decisiveness: (1) whether Pillager PD was operationally active in 2023-2024 -- the MN BCA 'Minnesota Uniform Crime Report' agency table, or any MN BCA/POST roster carrying sworn-officer counts for MN0110700; (2) the Cass County Sheriff's ORI (MN0110000) totals for 2022 -> 2024 -- a compensating step up in the sheriff's counts would establish a contract/dissolution and make this structural_zero_treat_as_missing with NO own-history fill; (3) the 2023 agency-year, which carries the identical signature and should be ruled in the same motion rather than separately.","Escalating rather than guessing -- this is the one case in the batch where the record genuinely does not separate the hypotheses, and the per-capita stakes are the highest in the batch (either direction moves a 524-person place by roughly 800-2,000 per 100k). WHAT WOULD SETTLE IT, in order of decisiveness: (1) whether Pillager PD was operationally active in 2023-2024 -- the MN BCA 'Minnesota Uniform Crime Report' agency table, or any MN BCA/POST roster carrying sworn-officer counts for MN0110700; (2) the Cass County Sheriff's ORI (MN0110000) totals for 2022 -> 2024 -- a compensating step up in the sheriff's counts would establish a contract/dissolution and make this structural_zero_treat_as_missing with NO own-history fill; (3) the 2023 agency-year, which carries the identical signature and should be ruled in the same motion rather than separately. SECONDARY DEFECT worth logging regardless of verdict: the panel line for this ORI carries plc<NA> while the crosswalk assigns place 2750902 (Pillager city) at w=1 exclusive -- the place field is null in the panel rendering but populated in the crosswalk.","Every discriminator this pass relies on either fails to fire or fires weakly. BLANK-AS-ZERO is ruled out (12-month NIBRS header). COMPOSITION carries no signal at all: 2023 and 2024 are both uniformly zero across all seven streams, and the 11/yr baseline is below the threshold at which offence shares mean anything. ABSOLUTE PLAUSIBILITY does not reach: FBIpop 524 is below the 1,500 floor and below the 1,000 line, the peer band is (0,1000] with a median of 503.4/100k implying only ~2.6 offences a year, and the agency's own recent full-year level is 4-5 -- so a genuinely offence-free year at this size is a reachable outcome, unlike at Pequot Lakes or Junction City. What pulls the other way is real but not conclusive: capacity-then-zero fired (2022 full 12-month year at 4), the series 28, 13, 5, 5, 4, 0, 0 is a monotone decay of the kind record attrition produces, larceny is 9.8 of an 11/yr baseline and vanished entirely, the population grew 467 -> 524 rather than shrinking, and there are now two consecutive all-lane zero years, which is what a single break produces more readily than two independent quiet years. Provenance and composition therefore point in opposite directions with neither able to overrule the other, and nothing in the packet distinguishes a genuinely quiet micro-municipality from a dissolved or contracted department whose ORI keeps filing zeros.","FACTS, PART 1 -- publication lane, submission record and own-history levels:
The CIUS (the FBI's own published agency table) lane publishes PILLAGER (local_police, population served 524) as a COMPLETE 2024 with a literal printed 0 in all seven Part-I cells, recorded at months_reported=12 / tier high / weight 1.0. That published zero wins the source-preference ladder over both FBI submission lanes. SUBMISSION PROVENANCE: the FBI NIBRS lane carries a 12-month 2024 batch header for this ORI with total 0 Part-I counts (SRS shows 0 at 0 months). Own history in the CIUS lane, 2018-2023: 2018:28, 2019:13, 2022:4, 2023:0 (median 8.5). Best value from ANY lane by year 2018-2023: 2018:28, 2019:13, 2020:5, 2021:5, 2022:4, 2023:0; last year with any positive count anywhere: 2022.

FACTS, PART 2 -- screen arms, own-history baselines, offence composition and peer comparison:
PILLAGER (local_police, population served 524) is published as a COMPLETE 12-month 2024 with 0 total Part-I offences, on lane(s) ['cius_publication_annual'] (selection reason ['publication_lane_standing']). Because it is published as complete, no partial-year uplift applies. Screen arms that fired: c1 DUAL (own-history collapse AND peer-rate floor both fired). Own 2018-2023 FULL-YEAR median: 5 (2024 is 0.0% of it). 2021-2023 baseline median: 4 (2024 is 0.0% of it). All-offence rate 0.0 per 100k against a peer median of 503.4 for local_police agencies in population band (0.0, 1000.0] (0.0% of peers). All 2024 lane rows on record: CIUS 0 at 12mo; NIB 0 at 12mo; SRS 0 at 0mo. Every one of the seven offences is zero in 2024 — this is an outright published zero, not a thin year.

NOTE ON THE 12-MONTH BATCH HEADER, stated in both directions because neither is settled: a 12-month NIBRS batch header records twelve monthly submissions, which does rule out the blank-cell-parsed-as-zero ingestion artifact (that artifact needs a 0-2 month submission record). It does NOT by itself separate an agency that submitted twelve months and had no Part-I offence from an agency whose records system emits automatic monthly zero-reports after the agency stopped producing records, nor from an agency that has handed policing to a county sheriff while its ORI keeps filing. Both failure directions cost something real: accepting a false zero silently deletes a live agency's crime from the national panel, and rejecting a true zero fabricates crime for an agency that genuinely had none.

STRUCTURAL PLAUSIBILITY, recomputed for this cleanup pass straight from the agency-year panel (plain facts; the screen is a routing device and implies no direction):
  - Never-positive history did NOT fire: the ORI's highest prior-year total from any lane is 28 (last year with any positive count anywhere: 2022).
  - DEMONSTRATED-CAPACITY-THEN-ZERO fired: this ORI filed a FULL 12-month year with a positive Part-I total as recently as 2022 (4 offences), with 5 such full-year positive years on record 2018-2023. Whatever produced those counts existed; the 2024 record is zero.
  - Population floor did NOT fire: FBI population served for 2024 is 524, at or below 1,500.
  - Consecutive all-lane zero years ending in 2024: 2.

PANEL EVIDENCE:
ORI MN0110700 ""PILLAGER"" local_police | MN cty021 plc<NA> | FBIpop 18:467 19:482 20:485 21:488 22:513 23:521 24:524
  YR: 18: CIUS 28/12mo/hi + SRS 28/12mo/hi; 19: CIUS 13/12mo/hi + NIB 12/11mo/md + SRS 13/10mo/md; 20: NIB 5/12mo/hi + SRS 5/6mo/lo; 21: NIB 5/12mo/hi + SRS 5/4mo/sp; 22: CIUS 4/12mo/hi + NIB 4/12mo/hi + SRS 4/4mo/sp; 23: CIUS 0/12mo/hi + NIB 0/12mo/hi + SRS 0/0mo/un; 24: CIUS 0/12mo/hi + NIB 0/12mo/hi + SRS 0/0mo/un
  2024 offenses: CIUS 0/0/0/0/0/0/0; NIB=same as CIUS; SRS=same as CIUS
  CW: 27:municipal:place:2750902 (""Pillager city"") w=1 exclusive [first_pass/auto]
  ROSTER2024: ""Pillager Police Department"" | City | counties CASS | is_nibrs True | nibrs_start 2019-02-01
  EST2024: reported 0 -> estimated 0 [observedx7]
  LANE_SELECTED_2024: ['cius_publication_annual'] reason ['publication_lane_standing']

COMPUTED SIGNALS (computed from the underlying agency-year panel that the rows above are rendered from; plain facts, no conclusions):

MN0110700 ""PILLAGER"":
  Publication lanes vs submission months:
  - 2018 CIUS: the FBI's published CIUS/RCN agency table publishes 28 Part-I offenses for 2018, labelled 12 months. The underlying FBI submission record for 2018 is: SRS at 12 reported months (total 28) and no NIB row at all.
  - 2019 CIUS: the FBI's published CIUS/RCN agency table publishes 13 Part-I offenses for 2019, labelled 12 months. The underlying FBI submission record for 2019 is: SRS at 10 reported months (total 13) and NIB at 11 reported months (total 12).
  - 2022 CIUS: the FBI's published CIUS/RCN agency table publishes 4 Part-I offenses for 2022, labelled 12 months. The underlying FBI submission record for 2022 is: SRS at 4 reported months (total 4) and NIB at 12 reported months (total 4).
  - 2023 CIUS: the FBI's published CIUS/RCN agency table publishes 0 Part-I offenses for 2023, labelled 12 months. The underlying FBI submission record for 2023 is: SRS at 0 reported months (total 0) and NIB at 12 reported months (total 0).
  - 2024 CIUS: the FBI's published CIUS/RCN agency table publishes 0 Part-I offenses for 2024, labelled 12 months. The underlying FBI submission record for 2024 is: SRS at 0 reported months (total 0) and NIB at 12 reported months (total 0).
  Offense composition vs this agency's own baseline:
  - Baseline years (12 reported months, total at or above half this agency's own median full-year total of 5): 2018 via CIUS, 2019 via CIUS, 2020 via NIB, 2021 via NIB and 2022 via CIUS. Baseline-year average composition - murder 0; rape 0; robbery 0; aggravated assault 0; burglary 0.8; larceny 9.8; motor vehicle theft 0.4; total 11 a year.
  - 2024 CIUS composition: total 0 against a baseline-year average of 11 a year. Every one of the seven offense streams is 0, so the year carries no internal composition signal at all - the zero is uniform across all streams rather than concentrated in any of them, and composition can neither support nor undercut it.
  - 2023 (CIUS): total 0 with all seven offense streams at 0, against a baseline-year average of 11 a year. A year that is uniformly zero across every stream carries no internal composition signal at all.
  Partial-year zeros:
  - PARTIAL-YEAR ZERO, 2023 and 2024 SRS: total 0 on 0 reported months, i.e. no month of data was submitted in that lane at all. There is nothing to scale up. Partial-year uplift is multiplicative (count x 12/months), so no uplift, fill ratio or annualisation applied to such a row can return anything other than 0 - UPLIFT CANNOT RESCUE A ZERO. A 0-month zero is arithmetically identical to the agency having submitted nothing.
  Roster and lane provenance:
  - Roster presence: this ORI IS on the FBI CDE 2024 agency roster, named ""Pillager Police Department"", agency type City, county/counties CASS. The roster gives a NIBRS start date of 2019-02-01.
  - NIBRS timing: roster NIBRS start 2019-02-01; the NIBRS lane first carries a panel row for this ORI in 2019 at 11 reported months, and carries rows for 2019, 2020, 2021, 2022, 2023 and 2024.
  - Lane provenance 2024: 3 lanes carry a 2024 row - CIUS total 0 at 12 months, tier hi, SRS total 0 at 0 months, tier un and NIB total 0 at 12 months, tier hi.
  - Lane independence: CIUS is not an independent count. The CIUS/RCN 'Offenses Known' agency table is the FBI's Return-A master file frozen at publication (verified in this repo at 99.88% cell agreement with the master file for 2023 and 2024), so CIUS agreeing with SRS for a 2024 agency-year is the same submission counted twice, not corroboration by a second source.
  - Lane independence: SRS and NIBRS are not independent either for a NIBRS reporter. The FBI back-converts NIBRS into Return-A, so 86% of 2024 local agencies appear in both lanes off one submission; identical SRS and NIBRS values for the same agency-year normally mean one submission rendered twice.
  - Footprint: this ORI's counts are crosswalked at weight 1 to Census place 2750902 (""Pillager city"") (a specific municipal polygon), as an 'exclusive' assignment produced by the 'first_pass' method with review status 'auto'.
  - Pipeline 2024 output: the pipeline read 0 as reported and published 0 - 7 of the 7 offenses carried through as observed.
  - Population: FBI population served moves from 467 in 2018 to 524 in 2024.",cleanup_batches/batch_001.json
b2-SC0231900-bob-jones-university,cleanup_explicit_escalate,SC,SC0231900,6.5,published_zero,structural_plausibility_residue,unclear_escalate,medium,sol,ad718dc2cf2676257,escalate_hold,,The 2024 Clery crime log/annual security report identifying incidents and campus policing responsibility would settle it.,The panel cannot distinguish a genuine zero from automatic zero-reporting. The 2024 Clery crime log/annual security report identifying incidents and campus policing responsibility would settle it.,"The decisive fact is five consecutive all-lane zero years after demonstrated reporting capacity, with no published population or composition evidence capable of testing whether those zero submissions reflect continuing police activity.","FACTS:
The CIUS (the FBI's own published agency table) lane publishes BOB JONES UNIVERSITY (special_jurisdiction, population served NOT PUBLISHED by the FBI for this ORI (0/null -- normal for special-jurisdiction, campus and state agencies; it makes any peer-rate comparison structurally impossible)) as a COMPLETE 2024 with a literal printed 0 in all seven Part-I cells, recorded at months_reported=12 / tier high / weight 1.0. That published zero wins the source-preference ladder over both FBI submission lanes. SUBMISSION PROVENANCE: the FBI NIBRS lane carries a 12-month 2024 batch header for this ORI with total 0 Part-I counts (SRS shows 0 at 0 months). Own history in the CIUS lane, 2018-2023: 2018:13, 2022:0 (median 6.5). Best value from ANY lane by year 2018-2023: 2018:13, 2019:1, 2020:0, 2021:0, 2022:0, 2023:0; last year with any positive count anywhere: 2019.

NOTE ON THE 12-MONTH BATCH HEADER, stated in both directions because neither is settled: a 12-month NIBRS batch header records twelve monthly submissions, which does rule out the blank-cell-parsed-as-zero ingestion artifact (that artifact needs a 0-2 month submission record). It does NOT by itself separate an agency that submitted twelve months and had no Part-I offence from an agency whose records system emits automatic monthly zero-reports after the agency stopped producing records, nor from an agency that has handed policing to a county sheriff while its ORI keeps filing. Both failure directions cost something real: accepting a false zero silently deletes a live agency's crime from the national panel, and rejecting a true zero fabricates crime for an agency that genuinely had none.

STRUCTURAL PLAUSIBILITY, recomputed for this cleanup pass straight from the agency-year panel (plain facts; the screen is a routing device and implies no direction):
  - Never-positive history did NOT fire: the ORI's highest prior-year total from any lane is 13 (last year with any positive count anywhere: 2019).
  - DEMONSTRATED-CAPACITY-THEN-ZERO fired: this ORI filed a FULL 12-month year with a positive Part-I total as recently as 2019 (1 offences), with 2 such full-year positive years on record 2018-2023. Whatever produced those counts existed; the 2024 record is zero.
  - Population floor did NOT fire: FBI population served for 2024 is 0, at or below 1,500.
  - Consecutive all-lane zero years ending in 2024: 5.

PANEL EVIDENCE:
ORI SC0231900 ""BOB JONES UNIVERSITY"" special_jurisdiction | SC cty045 plc30850 | census_name ""state of south carolina"" | crosswalk name ""bob jones university"" | FBIpop 18:0 19:0 20:0 21:0 22:0 23:0 24:0
  YR: 18: CIUS 13/12mo/hi + NIB 13/12mo/hi + SRS 13/7mo/lo; 19: NIB 1/12mo/hi + SRS 1/12mo/hi; 20: NIB 0/12mo/hi + SRS 0/0mo/un; 21: NIB 0/12mo/hi + SRS 0/0mo/un; 22: CIUS 0/12mo/hi + NIB 0/12mo/hi + SRS 0/0mo/un; 23: NIB 0/11mo/md + SRS 0/0mo/un; 24: CIUS 0/12mo/hi + NIB 0/12mo/hi + SRS 0/0mo/un
  2024 offenses: CIUS 0/0/0/0/0/0/0; NIB=same as CIUS; SRS=same as CIUS
  CW: 45:statewide_overlap_layer (""South Carolina statewide overlap layer"") w=1 overlap [deterministic_baseline/auto]
  ROSTER2024: ""Bob Jones University"" | University or College | counties GREENVILLE | is_nibrs True | nibrs_start 1998-04-01
  EST2024: reported 0 -> estimated 0 [observedx7]
  LANE_SELECTED_2024: ['cius_publication_annual'] reason ['publication_lane_standing']

COMPUTED SIGNALS (computed from the underlying agency-year panel that the rows above are rendered from; plain facts, no conclusions):

SC0231900 ""BOB JONES UNIVERSITY"":
  Publication lanes vs submission months:
  - 2018 CIUS: the FBI's published CIUS/RCN agency table publishes 13 Part-I offenses for 2018, labelled 12 months. The underlying FBI submission record for 2018 is: SRS at 7 reported months (total 13) and NIB at 12 reported months (total 13).
  - 2022 CIUS: the FBI's published CIUS/RCN agency table publishes 0 Part-I offenses for 2022, labelled 12 months. The underlying FBI submission record for 2022 is: SRS at 0 reported months (total 0) and NIB at 12 reported months (total 0).
  - 2024 CIUS: the FBI's published CIUS/RCN agency table publishes 0 Part-I offenses for 2024, labelled 12 months. The underlying FBI submission record for 2024 is: SRS at 0 reported months (total 0) and NIB at 12 reported months (total 0).
  Offense composition vs this agency's own baseline:
  - Baseline years (12 reported months, total at or above half this agency's own median full-year total of 7): 2018 via CIUS. Baseline-year average composition - murder 0; rape 0; robbery 0; aggravated assault 0; burglary 0; larceny 13; motor vehicle theft 0; total 13 a year.
  - 2024 CIUS composition: total 0 against a baseline-year average of 13 a year. Every one of the seven offense streams is 0, so the year carries no internal composition signal at all - the zero is uniform across all streams rather than concentrated in any of them, and composition can neither support nor undercut it.
  - 2020 (NIB), 2021 (NIB), 2022 (CIUS) and 2023 (NIB): total 0 with all seven offense streams at 0, against a baseline-year average of 13 a year. A year that is uniformly zero across every stream carries no internal composition signal at all.
  - 2019 SRS composition (a low/zero year for this agency): total 1 against a baseline-year average of 13 (7.7% of baseline). Per offense - murder 0 vs baseline 0 (no baseline); rape 0 vs baseline 0 (no baseline); robbery 0 vs baseline 0 (no baseline); aggravated assault 0 vs baseline 0 (no baseline); burglary 0 vs baseline 0 (no baseline); larceny 1 vs baseline 13 (7.7%); motor vehicle theft 0 vs baseline 0 (no baseline).
  - 2019 SRS composition (a low/zero year for this agency): this agency's baseline-year average is only 13 offenses a year, which is too small a base for offense composition to carry a usable signal - one or two counts move any share or ratio, so composition is not scored here.
  Partial-year zeros:
  - PARTIAL-YEAR ZERO, 2020, 2021, 2022, 2023 and 2024 SRS: total 0 on 0 reported months, i.e. no month of data was submitted in that lane at all. There is nothing to scale up. Partial-year uplift is multiplicative (count x 12/months), so no uplift, fill ratio or annualisation applied to such a row can return anything other than 0 - UPLIFT CANNOT RESCUE A ZERO. A 0-month zero is arithmetically identical to the agency having submitted nothing.
  - PARTIAL-YEAR ZERO, 2023 NIB: total 0 on 11 reported months. Same point - count x 12/11 = x1.1, and 0 x 1.1 is still 0; UPLIFT CANNOT RESCUE A ZERO.
  Roster and lane provenance:
  - Roster presence: this ORI IS on the FBI CDE 2024 agency roster, named ""Bob Jones University"", agency type University or College, county/counties GREENVILLE. The roster gives a NIBRS start date of 1998-04-01.
  - NIBRS timing: roster NIBRS start 1998-04-01; the NIBRS lane first carries a panel row for this ORI in 2018 at 12 reported months, and carries rows for 2018, 2019, 2020, 2021, 2022, 2023 and 2024.
  - Lane provenance 2024: 3 lanes carry a 2024 row - CIUS total 0 at 12 months, tier hi, SRS total 0 at 0 months, tier un and NIB total 0 at 12 months, tier hi.
  - Lane independence: CIUS is not an independent count. The CIUS/RCN 'Offenses Known' agency table is the FBI's Return-A master file frozen at publication (verified in this repo at 99.88% cell agreement with the master file for 2023 and 2024), so CIUS agreeing with SRS for a 2024 agency-year is the same submission counted twice, not corroboration by a second source.
  - Lane independence: SRS and NIBRS are not independent either for a NIBRS reporter. The FBI back-converts NIBRS into Return-A, so 86% of 2024 local agencies appear in both lanes off one submission; identical SRS and NIBRS values for the same agency-year normally mean one submission rendered twice.
  - Footprint: this ORI's counts are crosswalked at weight 1 to the statewide overlap layer, i.e. its counts are smeared across the whole state rather than landed on a specific place, as an 'overlap' assignment produced by the 'deterministic_baseline' method with review status 'auto'.
  - Pipeline 2024 output: the pipeline read 0 as reported and published 0 - 7 of the 7 offenses carried through as observed.
  - Population: the FBI population-served field is 0 for every year 2018-2024, so no per-capita rate can be formed for this ORI from the panel.",cleanup_batches/batch_011.json
b2-IL0451900-waubonsee-comm-college,cleanup_explicit_escalate,IL,IL0451900,4.5,published_zero,structural_plausibility_residue,unclear_escalate,medium,sol,ad718dc2cf2676257,escalate_hold,,The college's 2024 Clery crime log/annual security report identifying incidents and the responsible police agency would settle it.,The panel cannot distinguish genuine zero crime from discontinued or transferred campus policing. The college's 2024 Clery crime log/annual security report identifying incidents and the responsible police agency would settle it.,"The decisive fact is three consecutive 12-month NIBRS zero years after prior positive capacity, while the missing population and uniformly zero composition provide no test of whether the ORI remained operational.","FACTS:
The CIUS (the FBI's own published agency table) lane publishes WAUBONSEE COMM COLLEGE (special_jurisdiction, population served NOT PUBLISHED by the FBI for this ORI (0/null -- normal for special-jurisdiction, campus and state agencies; it makes any peer-rate comparison structurally impossible)) as a COMPLETE 2024 with a literal printed 0 in all seven Part-I cells, recorded at months_reported=12 / tier high / weight 1.0. That published zero wins the source-preference ladder over both FBI submission lanes. SUBMISSION PROVENANCE: the FBI NIBRS lane carries a 12-month 2024 batch header for this ORI with total 0 Part-I counts (SRS shows 0 at 0 months). Own history in the CIUS lane, 2018-2023: 2018:9, 2019:10, 2020:0, 2023:0 (median 4.5). Best value from ANY lane by year 2018-2023: 2018:9, 2019:10, 2020:2, 2021:1, 2022:0, 2023:0; last year with any positive count anywhere: 2021.

NOTE ON THE 12-MONTH BATCH HEADER, stated in both directions because neither is settled: a 12-month NIBRS batch header records twelve monthly submissions, which does rule out the blank-cell-parsed-as-zero ingestion artifact (that artifact needs a 0-2 month submission record). It does NOT by itself separate an agency that submitted twelve months and had no Part-I offence from an agency whose records system emits automatic monthly zero-reports after the agency stopped producing records, nor from an agency that has handed policing to a county sheriff while its ORI keeps filing. Both failure directions cost something real: accepting a false zero silently deletes a live agency's crime from the national panel, and rejecting a true zero fabricates crime for an agency that genuinely had none.

STRUCTURAL PLAUSIBILITY, recomputed for this cleanup pass straight from the agency-year panel (plain facts; the screen is a routing device and implies no direction):
  - Never-positive history did NOT fire: the ORI's highest prior-year total from any lane is 10 (last year with any positive count anywhere: 2021).
  - DEMONSTRATED-CAPACITY-THEN-ZERO fired: this ORI filed a FULL 12-month year with a positive Part-I total as recently as 2019 (10 offences), with 2 such full-year positive years on record 2018-2023. Whatever produced those counts existed; the 2024 record is zero.
  - Population floor did NOT fire: FBI population served for 2024 is 0, at or below 1,500.
  - Consecutive all-lane zero years ending in 2024: 3.

PANEL EVIDENCE:
ORI IL0451900 ""WAUBONSEE COMM COLLEGE"" special_jurisdiction | IL cty089 plc73391 | census_name ""waubonsee community college"" | crosswalk name ""waubonsee college public safety"" | FBIpop 18:0 19:0 20:0 21:0 22:0 23:0 24:0
  YR: 18: CIUS 9/12mo/hi + SRS 9/12mo/hi; 19: CIUS 10/12mo/hi + SRS 10/12mo/hi; 20: CIUS 0/12mo/hi,NoF7(6rows) + NIB 1/9mo/lo + SRS 2/2mo/sp; 21: NIB 1/11mo/md + SRS 1/1mo/sp; 22: NIB 0/12mo/hi + SRS 0/0mo/un; 23: CIUS 0/12mo/hi + NIB 0/12mo/hi + SRS 0/0mo/un; 24: CIUS 0/12mo/hi + NIB 0/12mo/hi + SRS 0/0mo/un
  2024 offenses: CIUS 0/0/0/0/0/0/0; NIB=same as CIUS; SRS=same as CIUS
  CW: 17:statewide_overlap_layer (""Illinois statewide overlap layer"") w=1 overlap [deterministic_baseline/auto]
  ROSTER2024: ""Waubonsee Community College"" | University or College | counties KANE | is_nibrs True | nibrs_start 2020-04-01
  EST2024: reported 0 -> estimated 0 [observedx7]
  LANE_SELECTED_2024: ['cius_publication_annual'] reason ['publication_lane_standing']

COMPUTED SIGNALS (computed from the underlying agency-year panel that the rows above are rendered from; plain facts, no conclusions):

IL0451900 ""WAUBONSEE COMM COLLEGE"":
  Publication lanes vs submission months:
  - 2018 CIUS: the FBI's published CIUS/RCN agency table publishes 9 Part-I offenses for 2018, labelled 12 months. The underlying FBI submission record for 2018 is: SRS at 12 reported months (total 9) and no NIB row at all.
  - 2019 CIUS: the FBI's published CIUS/RCN agency table publishes 10 Part-I offenses for 2019, labelled 12 months. The underlying FBI submission record for 2019 is: SRS at 12 reported months (total 10) and no NIB row at all.
  - 2020 CIUS: the FBI's published CIUS/RCN agency table publishes 0 Part-I offenses for 2020, labelled 12 months. The underlying FBI submission record for 2020 is: SRS at 2 reported months (total 2) and NIB at 9 reported months (total 1). This CIUS row carries only 6 of the 7 Part-I offense rows (larceny absent). An absent offense row is a missing cell, not a zero, and the row total is therefore a partial-offense total. LANE DIVERGENCE: the CIUS published total (0) and the same-year NIB submission total (1) differ by more than 20%. CIUS is the Return-A master file frozen at publication time while the master file keeps being revised afterwards, so a CIUS-vs-submission gap in the same year is a vintage or coverage fact about the two renderings of one submission - not two independent measurements of crime.
  - 2023 CIUS: the FBI's published CIUS/RCN agency table publishes 0 Part-I offenses for 2023, labelled 12 months. The underlying FBI submission record for 2023 is: SRS at 0 reported months (total 0) and NIB at 12 reported months (total 0).
  - 2024 CIUS: the FBI's published CIUS/RCN agency table publishes 0 Part-I offenses for 2024, labelled 12 months. The underlying FBI submission record for 2024 is: SRS at 0 reported months (total 0) and NIB at 12 reported months (total 0).
  Offense composition vs this agency's own baseline:
  - Baseline years (12 reported months, total at or above half this agency's own median full-year total of 9.5): 2018 via CIUS and 2019 via CIUS. Baseline-year average composition - murder 0; rape 0; robbery 0; aggravated assault 0; burglary 0; larceny 9.5; motor vehicle theft 0; total 9.5 a year.
  - 2024 CIUS composition: total 0 against a baseline-year average of 9.5 a year. Every one of the seven offense streams is 0, so the year carries no internal composition signal at all - the zero is uniform across all streams rather than concentrated in any of them, and composition can neither support nor undercut it.
  - 2022 (NIB) and 2023 (CIUS): total 0 with all seven offense streams at 0, against a baseline-year average of 9.5 a year. A year that is uniformly zero across every stream carries no internal composition signal at all.
  - 2020 (CIUS): total 0 with all seven offense streams at 0, against a baseline-year average of 9.5 a year. A year that is uniformly zero across every stream carries no internal composition signal at all (other lanes disagree for 2020: SRS 2 at 2 months and NIB 1 at 9 months, so this year's reading depends on which lane is read).
  - 2021 NIB composition (a low/zero year for this agency): total 1 against a baseline-year average of 9.5 (11% of baseline). Per offense - murder 0 vs baseline 0 (no baseline); rape 0 vs baseline 0 (no baseline); robbery 0 vs baseline 0 (no baseline); aggravated assault 0 vs baseline 0 (no baseline); burglary 0 vs baseline 0 (no baseline); larceny 1 vs baseline 9.5 (11%); motor vehicle theft 0 vs baseline 0 (no baseline).
  - 2021 NIB composition (a low/zero year for this agency): this agency's baseline-year average is only 9.5 offenses a year, which is too small a base for offense composition to carry a usable signal - one or two counts move any share or ratio, so composition is not scored here.
  Partial-year zeros:
  - PARTIAL-YEAR ZERO, 2022, 2023 and 2024 SRS: total 0 on 0 reported months, i.e. no month of data was submitted in that lane at all. There is nothing to scale up. Partial-year uplift is multiplicative (count x 12/months), so no uplift, fill ratio or annualisation applied to such a row can return anything other than 0 - UPLIFT CANNOT RESCUE A ZERO. A 0-month zero is arithmetically identical to the agency having submitted nothing.
  Roster and lane provenance:
  - Roster presence: this ORI IS on the FBI CDE 2024 agency roster, named ""Waubonsee Community College"", agency type University or College, county/counties KANE. The roster gives a NIBRS start date of 2020-04-01.
  - NIBRS timing: roster NIBRS start 2020-04-01; the NIBRS lane first carries a panel row for this ORI in 2020 at 9 reported months, and carries rows for 2020, 2021, 2022, 2023 and 2024.
  - Lane provenance 2024: 3 lanes carry a 2024 row - CIUS total 0 at 12 months, tier hi, SRS total 0 at 0 months, tier un and NIB total 0 at 12 months, tier hi.
  - Lane independence: CIUS is not an independent count. The CIUS/RCN 'Offenses Known' agency table is the FBI's Return-A master file frozen at publication (verified in this repo at 99.88% cell agreement with the master file for 2023 and 2024), so CIUS agreeing with SRS for a 2024 agency-year is the same submission counted twice, not corroboration by a second source.
  - Lane independence: SRS and NIBRS are not independent either for a NIBRS reporter. The FBI back-converts NIBRS into Return-A, so 86% of 2024 local agencies appear in both lanes off one submission; identical SRS and NIBRS values for the same agency-year normally mean one submission rendered twice.
  - Footprint: this ORI's counts are crosswalked at weight 1 to the statewide overlap layer, i.e. its counts are smeared across the whole state rather than landed on a specific place, as an 'overlap' assignment produced by the 'deterministic_baseline' method with review status 'auto'.
  - Pipeline 2024 output: the pipeline read 0 as reported and published 0 - 7 of the 7 offenses carried through as observed.
  - Population: the FBI population-served field is 0 for every year 2018-2024, so no per-capita rate can be formed for this ORI from the panel.",cleanup_batches/batch_011.json
b2-IL0501600-tonica,cleanup_explicit_escalate,IL,IL0501600,1.0,published_zero,structural_plausibility_residue,unclear_escalate,medium,opus,a990d813dacb3c62e,escalate_hold,,"What would resolve it: (a) the Illinois State Police ILUCR published agency-level 2024 table for Tonica (an independent state-publication lane the panel does not currently carry for IL), or (b) the all-offence-type incident count in Tonica's twelve 2024 NIBRS monthly batches — any non-Part-I incident proves the RMS was live and the Part-I zero is genuine; twelve literally empty batches prove an automated zero-filer.","Do not settle from this packet. What would resolve it: (a) the Illinois State Police ILUCR published agency-level 2024 table for Tonica (an independent state-publication lane the panel does not currently carry for IL), or (b) the all-offence-type incident count in Tonica's twelve 2024 NIBRS monthly batches — any non-Part-I incident proves the RMS was live and the Part-I zero is genuine; twelve literally empty batches prove an automated zero-filer. Until then the 2024 published zero should be held out of the observed lane rather than either carried as measured or filled.","Provenance is clean on its face (12-month NIBRS batch header, blank-as-zero out) and the 2021-2023 silence is explained systemically by the Illinois NIBRS transition, so it is not agency-specific evidence of death — the same gap appears on Tower Lakes in this batch. What cannot be resolved is the level, and the level is what decides reachability. The last genuinely submitted full year is 2020 at 1 offence on 12 SRS months (4 years stale, and its CIUS row printed only 6 of 7 offences); before that the agency ran 6 (2018, 12 months) and 5 on 11 months (2019) at the same population. Zero is a 37% draw at a level of 1 and a 0.4% draw at a level of 5.5, and nothing in the packet chooses between them: there is no measured full-year zero anywhere in its own record to precedent the 2024 value, and its NIBRS lane has only one full year of exposure ever, so 'the lane has never emitted a positive' carries almost no information. Composition cannot break the tie — the 2024 zero is uniform across all seven streams. I decline both the accept and the misread: carrying 0 asserts a level the record does not support, and marking it missing hands the pipeline a peer fill of ~3.7 (503/100k x 731) that is equally undefendable from this packet, since the own-history fill is barred by the 2-year rule.","FACTS, PART 1 -- publication lane, submission record and own-history levels:
The CIUS (the FBI's own published agency table) lane publishes TONICA (local_police, population served 736) as a COMPLETE 2024 with a literal printed 0 in all seven Part-I cells, recorded at months_reported=12 / tier high / weight 1.0. That published zero wins the source-preference ladder over both FBI submission lanes. SUBMISSION PROVENANCE: the FBI NIBRS lane carries a 12-month 2024 batch header for this ORI with total 0 Part-I counts (SRS shows 0 at 0 months). Own history in the CIUS lane, 2018-2023: 2020:1 (median 1). Best value from ANY lane by year 2018-2023: 2018:6, 2019:5, 2020:1, 2021:0, 2022:0, 2023:0; last year with any positive count anywhere: 2020.

FACTS, PART 2 -- screen arms, own-history baselines, offence composition and peer comparison:
TONICA (local_police, population served 736) is published as a COMPLETE 12-month 2024 with 0 total Part-I offences, on lane(s) ['cius_publication_annual'] (selection reason ['publication_lane_standing']). Because it is published as complete, no partial-year uplift applies. Screen arms that fired: c1 DUAL (own-history collapse AND peer-rate floor both fired). Own 2018-2023 FULL-YEAR median: 3.5 (2024 is 0.0% of it). All-offence rate 0.0 per 100k against a peer median of 503.4 for local_police agencies in population band (0.0, 1000.0] (0.0% of peers). All 2024 lane rows on record: CIUS 0 at 12mo; NIB 0 at 12mo; SRS 0 at 0mo. Every one of the seven offences is zero in 2024 — this is an outright published zero, not a thin year.

NOTE ON THE 12-MONTH BATCH HEADER, stated in both directions because neither is settled: a 12-month NIBRS batch header records twelve monthly submissions, which does rule out the blank-cell-parsed-as-zero ingestion artifact (that artifact needs a 0-2 month submission record). It does NOT by itself separate an agency that submitted twelve months and had no Part-I offence from an agency whose records system emits automatic monthly zero-reports after the agency stopped producing records, nor from an agency that has handed policing to a county sheriff while its ORI keeps filing. Both failure directions cost something real: accepting a false zero silently deletes a live agency's crime from the national panel, and rejecting a true zero fabricates crime for an agency that genuinely had none.

STRUCTURAL PLAUSIBILITY, recomputed for this cleanup pass straight from the agency-year panel (plain facts; the screen is a routing device and implies no direction):
  - Never-positive history did NOT fire: the ORI's highest prior-year total from any lane is 6 (last year with any positive count anywhere: 2020).
  - DEMONSTRATED-CAPACITY-THEN-ZERO fired: this ORI filed a FULL 12-month year with a positive Part-I total as recently as 2020 (1 offences), with 2 such full-year positive years on record 2018-2023. Whatever produced those counts existed; the 2024 record is zero.
  - Population floor did NOT fire: FBI population served for 2024 is 731, at or below 1,500.
  - Consecutive all-lane zero years ending in 2024: 4.

PANEL EVIDENCE:
ORI IL0501600 ""TONICA"" local_police | IL cty099 plc75718 | census_name ""tonica village"" | crosswalk name ""tonica police dept"" | FBIpop 18:723 19:717 20:709 21:699 22:736 23:730 24:731
  YR: 18: SRS 6/12mo/hi; 19: SRS 5/11mo/md; 20: CIUS 1/12mo/hi,NoF7(6rows) + SRS 1/12mo/hi; 21: SRS 0/0mo/un; 22: SRS 0/0mo/un; 23: NIB 0/1mo/sp + SRS 0/0mo/un; 24: CIUS 0/12mo/hi + NIB 0/12mo/hi + SRS 0/0mo/un
  2024 offenses: CIUS 0/0/0/0/0/0/0; NIB=same as CIUS; SRS=same as CIUS
  CW: 17:municipal:place:1775718 (""Tonica village"") w=1 exclusive [provisional_auto/auto]
  ROSTER2024: ""Tonica Police Department"" | City | counties LA SALLE | is_nibrs True | nibrs_start 2024-01-01
  EST2024: reported 0 -> estimated 0 [observedx7]
  LANE_SELECTED_2024: ['cius_publication_annual'] reason ['publication_lane_standing']

COMPUTED SIGNALS (computed from the underlying agency-year panel that the rows above are rendered from; plain facts, no conclusions):

IL0501600 ""TONICA"":
  Publication lanes vs submission months:
  - 2020 CIUS: the FBI's published CIUS/RCN agency table publishes 1 Part-I offense for 2020, labelled 12 months. The underlying FBI submission record for 2020 is: SRS at 12 reported months (total 1) and no NIB row at all. This CIUS row carries only 6 of the 7 Part-I offense rows (larceny absent). An absent offense row is a missing cell, not a zero, and the row total is therefore a partial-offense total.
  - 2024 CIUS: the FBI's published CIUS/RCN agency table publishes 0 Part-I offenses for 2024, labelled 12 months. The underlying FBI submission record for 2024 is: SRS at 0 reported months (total 0) and NIB at 12 reported months (total 0).
  Offense composition vs this agency's own baseline:
  - Baseline years (12 reported months, total at or above half this agency's own median full-year total of 3.5): 2018 via SRS. Baseline-year average composition - murder 0; rape 0; robbery 0; aggravated assault 0; burglary 2; larceny 4; motor vehicle theft 0; total 6 a year.
  - 2024 CIUS composition: total 0 against a baseline-year average of 6 a year. Every one of the seven offense streams is 0, so the year carries no internal composition signal at all - the zero is uniform across all streams rather than concentrated in any of them, and composition can neither support nor undercut it.
  - 2021 (SRS), 2022 (SRS) and 2023 (NIB): total 0 with all seven offense streams at 0, against a baseline-year average of 6 a year. A year that is uniformly zero across every stream carries no internal composition signal at all.
  - 2019 SRS composition (partial year: 5 on 11 reported months, shown annualised at x1.09): total 5.5 against a baseline-year average of 6 (91% of baseline). Per offense - murder 0 vs baseline 0 (no baseline); rape 0 vs baseline 0 (no baseline); robbery 0 vs baseline 0 (no baseline); aggravated assault 0 vs baseline 0 (no baseline); burglary 0 vs baseline 2 (0.00%); larceny 5.5 vs baseline 4 (136%); motor vehicle theft 0 vs baseline 0 (no baseline).
  - 2019 SRS composition (partial year: 5 on 11 reported months, shown annualised at x1.09): this agency's baseline-year average is only 6 offenses a year, which is too small a base for offense composition to carry a usable signal - one or two counts move any share or ratio, so composition is not scored here.
  Partial-year zeros:
  - PARTIAL-YEAR ZERO, 2021, 2022, 2023 and 2024 SRS: total 0 on 0 reported months, i.e. no month of data was submitted in that lane at all. There is nothing to scale up. Partial-year uplift is multiplicative (count x 12/months), so no uplift, fill ratio or annualisation applied to such a row can return anything other than 0 - UPLIFT CANNOT RESCUE A ZERO. A 0-month zero is arithmetically identical to the agency having submitted nothing.
  - PARTIAL-YEAR ZERO, 2023 NIB: total 0 on 1 reported month. Same point - count x 12/1 = x12.0, and 0 x 12.0 is still 0; UPLIFT CANNOT RESCUE A ZERO.
  Roster and lane provenance:
  - Roster presence: this ORI IS on the FBI CDE 2024 agency roster, named ""Tonica Police Department"", agency type City, county/counties LA SALLE. The roster gives a NIBRS start date of 2024-01-01.
  - NIBRS timing: roster NIBRS start 2024-01-01; the NIBRS lane first carries a panel row for this ORI in 2023 at 1 reported month, and carries rows for 2023 and 2024.
  - NIBRS timing arithmetic: a start date of 2024-01 leaves at most 12 months of 2024 inside NIBRS coverage, while the 2024 NIBRS row is labelled 12 months.
  - Lane provenance 2024: 3 lanes carry a 2024 row - CIUS total 0 at 12 months, tier hi, SRS total 0 at 0 months, tier un and NIB total 0 at 12 months, tier hi.
  - Lane independence: CIUS is not an independent count. The CIUS/RCN 'Offenses Known' agency table is the FBI's Return-A master file frozen at publication (verified in this repo at 99.88% cell agreement with the master file for 2023 and 2024), so CIUS agreeing with SRS for a 2024 agency-year is the same submission counted twice, not corroboration by a second source.
  - Lane independence: SRS and NIBRS are not independent either for a NIBRS reporter. The FBI back-converts NIBRS into Return-A, so 86% of 2024 local agencies appear in both lanes off one submission; identical SRS and NIBRS values for the same agency-year normally mean one submission rendered twice.
  - Footprint: this ORI's counts are crosswalked at weight 1 to Census place 1775718 (""Tonica village"") (a specific municipal polygon), as an 'exclusive' assignment produced by the 'provisional_auto' method with review status 'auto'.
  - Pipeline 2024 output: the pipeline read 0 as reported and published 0 - 7 of the 7 offenses carried through as observed.
  - Population: FBI population served moves from 723 in 2018 to 731 in 2024.",cleanup_batches/batch_014.json
b2-MN0340200-atwater,cleanup_explicit_escalate,MN,MN0340200,1.0,published_zero,structural_plausibility_residue,unclear_escalate,medium,opus,a990d813dacb3c62e,escalate_hold,,"What would resolve it: (a) the Minnesota BCA published agency-level 2024 Uniform Crime Report table for Atwater PD — an independent state-publication lane the panel does not currently carry for MN, and the only genuinely non-FBI measurement available for this ORI; or (b) the all-offence-type incident count in Atwater's twelve 2024 NIBRS monthly batches (any non-Part-I incident settles it as a genuine Part-I zero; twelve empty batches settle it as RMS zero-filing after policing consolidation).","Do not settle from this packet. What would resolve it: (a) the Minnesota BCA published agency-level 2024 Uniform Crime Report table for Atwater PD — an independent state-publication lane the panel does not currently carry for MN, and the only genuinely non-FBI measurement available for this ORI; or (b) the all-offence-type incident count in Atwater's twelve 2024 NIBRS monthly batches (any non-Part-I incident settles it as a genuine Part-I zero; twelve empty batches settle it as RMS zero-filing after policing consolidation). Hold the 2024 zero out of the observed lane pending one of those; do not fill from peers in the meantime, since the defendable range spans 0 to ~4.","Provenance gives no grounds to reject: 2024 is a 12-month NIBRS batch header — this ORI's most complete NIBRS year ever (2020: 8mo, 2021: 12, 2022: 12, 2023: 11) — so blank-as-zero is out, and the lane emitted a positive as recently as 2023, which weakens the automatic-zero-filer story. What blocks a ruling is absolute plausibility of the level. This is the one case in the batch that satisfies the structural test squarely: population served 1,073 is above the 1,000 floor, there is no measured zero anywhere in its seven-year record, and the immediately preceding measured years are 6 (2021, 12mo), 2 (2022, 12mo) and 3 on 11 months (2023) — a recent mean of 3.8 that makes zero a 2.3% draw. The full-record mean of 2.47 gives 8.5% and the median of 1.75 gives 17%, so the decisive statistic flips with the window chosen, and there is no in-packet fact that selects the window. Composition cannot arbitrate: the 2024 zero is uniform across all seven streams, and while the baseline is larceny-dominated (2.2/yr) the 2023 year already added rape and MVT, so the streams are not purely elastic property counts. Contrast with Meadow Vale in this same batch, which I accepted: there the immediately preceding measured year was 1 and the population is below the floor, whereas here the preceding window never drops below 2.","FACTS, PART 1 -- publication lane, submission record and own-history levels:
The CIUS (the FBI's own published agency table) lane publishes ATWATER (local_police, population served 1117) as a COMPLETE 2024 with a literal printed 0 in all seven Part-I cells, recorded at months_reported=12 / tier high / weight 1.0. That published zero wins the source-preference ladder over both FBI submission lanes. SUBMISSION PROVENANCE: the FBI NIBRS lane carries a 12-month 2024 batch header for this ORI with total 0 Part-I counts (SRS shows 0 at 2 months). Own history in the CIUS lane, 2018-2023: 2018:1, 2019:1, 2022:2 (median 1). Best value from ANY lane by year 2018-2023: 2018:1, 2019:1, 2020:1, 2021:6, 2022:2, 2023:3; last year with any positive count anywhere: 2023.

FACTS, PART 2 -- screen arms, own-history baselines, offence composition and peer comparison:
ATWATER (local_police, population served 1117) is published as a COMPLETE 12-month 2024 with 0 total Part-I offences, on lane(s) ['cius_publication_annual'] (selection reason ['publication_lane_standing']). Because it is published as complete, no partial-year uplift applies. Screen arms that fired: c1 DUAL (own-history collapse AND peer-rate floor both fired). Own 2018-2023 FULL-YEAR median: 1.5 (2024 is 0.0% of it). 2021-2023 baseline median: 4 (2024 is 0.0% of it). All-offence rate 0.0 per 100k against a peer median of 702.6 for local_police agencies in population band (1000.0, 2500.0] (0.0% of peers). All 2024 lane rows on record: CIUS 0 at 12mo; NIB 0 at 12mo; SRS 0 at 2mo. Every one of the seven offences is zero in 2024 — this is an outright published zero, not a thin year.

NOTE ON THE 12-MONTH BATCH HEADER, stated in both directions because neither is settled: a 12-month NIBRS batch header records twelve monthly submissions, which does rule out the blank-cell-parsed-as-zero ingestion artifact (that artifact needs a 0-2 month submission record). It does NOT by itself separate an agency that submitted twelve months and had no Part-I offence from an agency whose records system emits automatic monthly zero-reports after the agency stopped producing records, nor from an agency that has handed policing to a county sheriff while its ORI keeps filing. Both failure directions cost something real: accepting a false zero silently deletes a live agency's crime from the national panel, and rejecting a true zero fabricates crime for an agency that genuinely had none.

STRUCTURAL PLAUSIBILITY, recomputed for this cleanup pass straight from the agency-year panel (plain facts; the screen is a routing device and implies no direction):
  - Never-positive history did NOT fire: the ORI's highest prior-year total from any lane is 6 (last year with any positive count anywhere: 2023).
  - DEMONSTRATED-CAPACITY-THEN-ZERO fired: this ORI filed a FULL 12-month year with a positive Part-I total as recently as 2022 (2 offences), with 4 such full-year positive years on record 2018-2023. Whatever produced those counts existed; the 2024 record is zero.
  - Population floor did NOT fire: FBI population served for 2024 is 1,073, at or below 1,500.
  - Consecutive all-lane zero years ending in 2024: 1.

PANEL EVIDENCE:
ORI MN0340200 ""ATWATER"" local_police | MN cty067 plc02692 | crosswalk name ""atwater village police department"" | FBIpop 18:1115 19:1110 20:1117 21:1111 22:1108 23:1084 24:1073
  YR: 18: CIUS 1/12mo/hi + SRS 1/2mo/sp; 19: CIUS 1/12mo/hi + SRS 1/12mo/hi; 20: NIB 1/8mo/lo + SRS 1/1mo/sp; 21: NIB 6/12mo/hi + SRS 6/7mo/lo; 22: CIUS 2/12mo/hi + NIB 2/12mo/hi + SRS 2/12mo/hi; 23: NIB 3/11mo/md + SRS 3/4mo/sp; 24: CIUS 0/12mo/hi + NIB 0/12mo/hi + SRS 0/2mo/sp
  2024 offenses: CIUS 0/0/0/0/0/0/0; NIB=same as CIUS; SRS=same as CIUS
  CW: 27:municipal:cousub:2706702692 (""Atwater city"") w=1 exclusive [first_pass/auto]
  ROSTER2024: ""Atwater Police Department"" | City | counties KANDIYOHI | is_nibrs True | nibrs_start 2020-05-01
  EST2024: reported 0 -> estimated 0 [observedx7]
  LANE_SELECTED_2024: ['cius_publication_annual'] reason ['publication_lane_standing']

COMPUTED SIGNALS (computed from the underlying agency-year panel that the rows above are rendered from; plain facts, no conclusions):

MN0340200 ""ATWATER"":
  Publication lanes vs submission months:
  - 2018 CIUS: the FBI's published CIUS/RCN agency table publishes 1 Part-I offense for 2018, labelled 12 months. The underlying FBI submission record for 2018 is: SRS at 2 reported months (total 1) and no NIB row at all. BLANK-AS-ZERO RISK: a full-year (12-month) publication is sitting on a 2-month submission record. Twelve months could not have been measured from 2 months of submitted data, so the '12 months' label here is a default, not a measurement. Where the published value is 0, such a cell is exactly as consistent with an unfilled blank rendered as a zero as it is with a measured zero; the two are not distinguishable from the row alone. The published value here is 1 rather than 0, so this cell is not itself blank, but its full-year claim still rests on a 2-month submission.
  - 2019 CIUS: the FBI's published CIUS/RCN agency table publishes 1 Part-I offense for 2019, labelled 12 months. The underlying FBI submission record for 2019 is: SRS at 12 reported months (total 1) and no NIB row at all.
  - 2022 CIUS: the FBI's published CIUS/RCN agency table publishes 2 Part-I offenses for 2022, labelled 12 months. The underlying FBI submission record for 2022 is: SRS at 12 reported months (total 2) and NIB at 12 reported months (total 2).
  - 2024 CIUS: the FBI's published CIUS/RCN agency table publishes 0 Part-I offenses for 2024, labelled 12 months. The underlying FBI submission record for 2024 is: SRS at 2 reported months (total 0) and NIB at 12 reported months (total 0).
  Offense composition vs this agency's own baseline:
  - Baseline years (12 reported months, total at or above half this agency's own median full-year total of 1.5): 2018 via CIUS, 2019 via CIUS, 2021 via NIB and 2022 via CIUS. Baseline-year average composition - murder 0; rape 0; robbery 0; aggravated assault 0; burglary 0; larceny 2.2; motor vehicle theft 0.2; total 2.5 a year.
  - 2024 CIUS composition: total 0 against a baseline-year average of 2.5 a year. Every one of the seven offense streams is 0, so the year carries no internal composition signal at all - the zero is uniform across all streams rather than concentrated in any of them, and composition can neither support nor undercut it.
  - 2020 NIB composition (partial year: 1 on 8 reported months, shown annualised at x1.50): total 1.5 against a baseline-year average of 2.5 (60% of baseline). Per offense - murder 0 vs baseline 0 (no baseline); rape 0 vs baseline 0 (no baseline); robbery 0 vs baseline 0 (no baseline); aggravated assault 0 vs baseline 0 (no baseline); burglary 0 vs baseline 0 (no baseline); larceny 1.5 vs baseline 2.2 (67%); motor vehicle theft 0 vs baseline 0.2 (0.00%).
  - 2020 NIB composition (partial year: 1 on 8 reported months, shown annualised at x1.50): this agency's baseline-year average is only 2.5 offenses a year, which is too small a base for offense composition to carry a usable signal - one or two counts move any share or ratio, so composition is not scored here.
  - 2023 NIB composition (partial year: 3 on 11 reported months, shown annualised at x1.09): total 3.3 against a baseline-year average of 2.5 (131% of baseline). Per offense - murder 0 vs baseline 0 (no baseline); rape 1.1 vs baseline 0 (baseline 0); robbery 0 vs baseline 0 (no baseline); aggravated assault 0 vs baseline 0 (no baseline); burglary 0 vs baseline 0 (no baseline); larceny 1.1 vs baseline 2.2 (48%); motor vehicle theft 1.1 vs baseline 0.2 (436%).
  - 2023 NIB composition (partial year: 3 on 11 reported months, shown annualised at x1.09): this agency's baseline-year average is only 2.5 offenses a year, which is too small a base for offense composition to carry a usable signal - one or two counts move any share or ratio, so composition is not scored here.
  Partial-year zeros:
  - PARTIAL-YEAR ZERO, 2024 SRS: total 0 on 2 reported months. Partial-year uplift is multiplicative (count x 12/2 = x6.0, and 0 x 6.0 is still 0), so no uplift, fill ratio or annualisation applied to such a row can return anything other than 0 - UPLIFT CANNOT RESCUE A ZERO. Treating such a row as a scalable partial year publishes the same zero it started from; a zero observed over 2 months also carries very little information about the other 10.
  Roster and lane provenance:
  - Roster presence: this ORI IS on the FBI CDE 2024 agency roster, named ""Atwater Police Department"", agency type City, county/counties KANDIYOHI. The roster gives a NIBRS start date of 2020-05-01.
  - NIBRS timing: roster NIBRS start 2020-05-01; the NIBRS lane first carries a panel row for this ORI in 2020 at 8 reported months, and carries rows for 2020, 2021, 2022, 2023 and 2024.
  - Lane provenance 2024: 3 lanes carry a 2024 row - CIUS total 0 at 12 months, tier hi, SRS total 0 at 2 months, tier sp and NIB total 0 at 12 months, tier hi.
  - Lane independence: CIUS is not an independent count. The CIUS/RCN 'Offenses Known' agency table is the FBI's Return-A master file frozen at publication (verified in this repo at 99.88% cell agreement with the master file for 2023 and 2024), so CIUS agreeing with SRS for a 2024 agency-year is the same submission counted twice, not corroboration by a second source.
  - Lane independence: SRS and NIBRS are not independent either for a NIBRS reporter. The FBI back-converts NIBRS into Return-A, so 86% of 2024 local agencies appear in both lanes off one submission; identical SRS and NIBRS values for the same agency-year normally mean one submission rendered twice.
  - Footprint: this ORI's counts are crosswalked at weight 1 to Census cousub 2706702692 (""Atwater city"") (a specific municipal polygon), as an 'exclusive' assignment produced by the 'first_pass' method with review status 'auto'.
  - Pipeline 2024 output: the pipeline read 0 as reported and published 0 - 7 of the 7 offenses carried through as observed.
  - Population: FBI population served moves from 1,115 in 2018 to 1,073 in 2024.",cleanup_batches/batch_014.json
b2-SC0019E00-erskine-college,cleanup_explicit_escalate,SC,SC0019E00,1.0,published_zero,structural_plausibility_residue,unclear_escalate,medium,sol,a1f38e9f9fe0dc7de,escalate_hold,,The settling record is Erskine College's 2024 campus-police incident/UCR extract or documentation that policing responsibility transferred to another agency; retain for supervisor review meanwhile.,The settling record is Erskine College's 2024 campus-police incident/UCR extract or documentation that policing responsibility transferred to another agency; retain for supervisor review meanwhile.,Six consecutive zeros cannot be tested for absolute plausibility because this special-jurisdiction ORI has no published population or service-volume denominator.,"FACTS:
The CIUS (the FBI's own published agency table) lane publishes ERSKINE COLLEGE (special_jurisdiction, population served NOT PUBLISHED by the FBI for this ORI (0/null -- normal for special-jurisdiction, campus and state agencies; it makes any peer-rate comparison structurally impossible)) as a COMPLETE 2024 with a literal printed 0 in all seven Part-I cells, recorded at months_reported=12 / tier high / weight 1.0. That published zero wins the source-preference ladder over both FBI submission lanes. SUBMISSION PROVENANCE: the FBI NIBRS lane carries a 12-month 2024 batch header for this ORI with total 0 Part-I counts (SRS shows 0 at 0 months). Own history in the CIUS lane, 2018-2023: 2018:1 (median 1). Best value from ANY lane by year 2018-2023: 2018:1, 2019:0, 2020:0, 2021:0, 2022:0, 2023:0; last year with any positive count anywhere: 2018.

NOTE ON THE 12-MONTH BATCH HEADER, stated in both directions because neither is settled: a 12-month NIBRS batch header records twelve monthly submissions, which does rule out the blank-cell-parsed-as-zero ingestion artifact (that artifact needs a 0-2 month submission record). It does NOT by itself separate an agency that submitted twelve months and had no Part-I offence from an agency whose records system emits automatic monthly zero-reports after the agency stopped producing records, nor from an agency that has handed policing to a county sheriff while its ORI keeps filing. Both failure directions cost something real: accepting a false zero silently deletes a live agency's crime from the national panel, and rejecting a true zero fabricates crime for an agency that genuinely had none.

STRUCTURAL PLAUSIBILITY, recomputed for this cleanup pass straight from the agency-year panel (plain facts; the screen is a routing device and implies no direction):
  - Never-positive history did NOT fire: the ORI's highest prior-year total from any lane is 1 (last year with any positive count anywhere: 2018).
  - DEMONSTRATED-CAPACITY-THEN-ZERO fired: this ORI filed a FULL 12-month year with a positive Part-I total as recently as 2018 (1 offences), with 1 such full-year positive year on record 2018-2023. Whatever produced those counts existed; the 2024 record is zero.
  - Population floor did NOT fire: FBI population served for 2024 is 0, at or below 1,500.
  - Consecutive all-lane zero years ending in 2024: 6.

PANEL EVIDENCE:
ORI SC0019E00 ""ERSKINE COLLEGE"" special_jurisdiction | SC cty001 plc21040 | census_name ""state of south carolina"" | crosswalk name ""erskine college"" | FBIpop 18:0 19:0 20:0 21:0 22:0 23:0 24:0
  YR: 18: CIUS 1/12mo/hi + NIB 1/12mo/hi + SRS 1/1mo/sp; 19: NIB 0/12mo/hi + SRS 0/0mo/un; 20: NIB 0/9mo/lo + SRS 0/0mo/un; 21: NIB 0/12mo/hi + SRS 0/0mo/un; 22: NIB 0/11mo/md + SRS 0/0mo/un; 23: NIB 0/5mo/sp + SRS 0/0mo/un; 24: CIUS 0/12mo/hi + NIB 0/12mo/hi + SRS 0/0mo/un
  2024 offenses: CIUS 0/0/0/0/0/0/0; NIB=same as CIUS; SRS=same as CIUS
  CW: 45:statewide_overlap_layer (""South Carolina statewide overlap layer"") w=1 overlap [deterministic_baseline/auto]
  ROSTER2024: ""Erskine College"" | University or College | counties ABBEVILLE | is_nibrs True | nibrs_start 1996-01-01
  EST2024: reported 0 -> estimated 0 [observedx7]
  LANE_SELECTED_2024: ['cius_publication_annual'] reason ['publication_lane_standing']

COMPUTED SIGNALS (computed from the underlying agency-year panel that the rows above are rendered from; plain facts, no conclusions):

SC0019E00 ""ERSKINE COLLEGE"":
  Publication lanes vs submission months:
  - 2018 CIUS: the FBI's published CIUS/RCN agency table publishes 1 Part-I offense for 2018, labelled 12 months. The underlying FBI submission record for 2018 is: SRS at 1 reported month (total 1) and NIB at 12 reported months (total 1).
  - 2024 CIUS: the FBI's published CIUS/RCN agency table publishes 0 Part-I offenses for 2024, labelled 12 months. The underlying FBI submission record for 2024 is: SRS at 0 reported months (total 0) and NIB at 12 reported months (total 0).
  Offense composition vs this agency's own baseline:
  - Baseline years (12 reported months, total at or above half this agency's own median full-year total of 1): 2018 via CIUS. Baseline-year average composition - murder 0; rape 0; robbery 0; aggravated assault 0; burglary 0; larceny 1; motor vehicle theft 0; total 1 a year.
  - 2024 CIUS composition: total 0 against a baseline-year average of 1 a year. Every one of the seven offense streams is 0, so the year carries no internal composition signal at all - the zero is uniform across all streams rather than concentrated in any of them, and composition can neither support nor undercut it.
  - 2019 (NIB), 2020 (NIB), 2021 (NIB), 2022 (NIB) and 2023 (NIB): total 0 with all seven offense streams at 0, against a baseline-year average of 1 a year. A year that is uniformly zero across every stream carries no internal composition signal at all.
  Partial-year zeros:
  - PARTIAL-YEAR ZERO, 2019, 2020, 2021, 2022, 2023 and 2024 SRS: total 0 on 0 reported months, i.e. no month of data was submitted in that lane at all. There is nothing to scale up. Partial-year uplift is multiplicative (count x 12/months), so no uplift, fill ratio or annualisation applied to such a row can return anything other than 0 - UPLIFT CANNOT RESCUE A ZERO. A 0-month zero is arithmetically identical to the agency having submitted nothing.
  - PARTIAL-YEAR ZERO, 2020 NIB: total 0 on 9 reported months. Same point - count x 12/9 = x1.3, and 0 x 1.3 is still 0; UPLIFT CANNOT RESCUE A ZERO.
  - PARTIAL-YEAR ZERO, 2022 NIB: total 0 on 11 reported months. Same point - count x 12/11 = x1.1, and 0 x 1.1 is still 0; UPLIFT CANNOT RESCUE A ZERO.
  - PARTIAL-YEAR ZERO, 2023 NIB: total 0 on 5 reported months. Same point - count x 12/5 = x2.4, and 0 x 2.4 is still 0; UPLIFT CANNOT RESCUE A ZERO.
  Roster and lane provenance:
  - Roster presence: this ORI IS on the FBI CDE 2024 agency roster, named ""Erskine College"", agency type University or College, county/counties ABBEVILLE. The roster gives a NIBRS start date of 1996-01-01.
  - NIBRS timing: roster NIBRS start 1996-01-01; the NIBRS lane first carries a panel row for this ORI in 2018 at 12 reported months, and carries rows for 2018, 2019, 2020, 2021, 2022, 2023 and 2024.
  - Lane provenance 2024: 3 lanes carry a 2024 row - CIUS total 0 at 12 months, tier hi, SRS total 0 at 0 months, tier un and NIB total 0 at 12 months, tier hi.
  - Lane independence: CIUS is not an independent count. The CIUS/RCN 'Offenses Known' agency table is the FBI's Return-A master file frozen at publication (verified in this repo at 99.88% cell agreement with the master file for 2023 and 2024), so CIUS agreeing with SRS for a 2024 agency-year is the same submission counted twice, not corroboration by a second source.
  - Lane independence: SRS and NIBRS are not independent either for a NIBRS reporter. The FBI back-converts NIBRS into Return-A, so 86% of 2024 local agencies appear in both lanes off one submission; identical SRS and NIBRS values for the same agency-year normally mean one submission rendered twice.
  - Footprint: this ORI's counts are crosswalked at weight 1 to the statewide overlap layer, i.e. its counts are smeared across the whole state rather than landed on a specific place, as an 'overlap' assignment produced by the 'deterministic_baseline' method with review status 'auto'.
  - Pipeline 2024 output: the pipeline read 0 as reported and published 0 - 7 of the 7 offenses carried through as observed.
  - Population: the FBI population-served field is 0 for every year 2018-2024, so no per-capita rate can be formed for this ORI from the panel.",cleanup_batches/batch_015.json
x-IA0060400-urbana,cleanup_explicit_escalate,IA,IA0060400,1.0,published_zero+token_reporter,merged_contradiction,unclear_escalate,medium,opus,a3927b1b82333f3fa,escalate_hold,,"Two records would settle it: (a) whether IA0060400 appears on a later vintage of the FBI's 2024 agency roster - it is ABSENT from the roster in hand while CIUS, NIBRS (12-month header) and SRS all carry 2024 rows for it, and the FBI records population served as 0 for 2020-2022 before 1,642/1,649 in 2023-24, with no place code on the ORI's own panel row; and (b) whether Benton County SO rather than this ORI holds policing for Urbana city in 2024, which would put the polygon's crime under a different ORI.","Do not let the 2024 zero stand unexamined and do not fill it blind. Two records would settle it: (a) whether IA0060400 appears on a later vintage of the FBI's 2024 agency roster - it is ABSENT from the roster in hand while CIUS, NIBRS (12-month header) and SRS all carry 2024 rows for it, and the FBI records population served as 0 for 2020-2022 before 1,642/1,649 in 2023-24, with no place code on the ORI's own panel row; and (b) whether Benton County SO rather than this ORI holds policing for Urbana city in 2024, which would put the polygon's crime under a different ORI. If the year is then ruled unusable, the only fill this packet supports is the agency's own 2023 value (1 offence, inside the 2-year window); a peer-band fill would insert ~12 offences (702.6/100k x 1,649) against an ORI whose entire recorded history is one larceny.","The record contradicts itself on whether this ORI had a 2024 reporting relationship at all - absent from the FBI's own 2024 roster, yet carrying a 12-month NIBRS batch header and a printed CIUS row for that year - and it is the only case in the batch with that defect. The level evidence points the other way: the ORI's single informative year (2023: 1 offence, corroborated at 12 NIBRS months) makes a zero the modal draw, so a thin genuine zero is entirely consistent with its history, and the 2020-2022 SRS 0-month rows are non-reports that carry no information either way. With one offence of history I cannot weigh 'quiet town reported zero' against 'ORI with no 2024 standing', and the two branches route to fills an order of magnitude apart (1 vs ~12) depending on which fill source the pipeline reaches for. That is a genuine supervisor call, not a ruling I can defend from the packet.","FACTS, PART 1 -- publication lane, submission record and own-history levels:
The CIUS (the FBI's own published agency table) lane publishes URBANA (local_police, population served 1649) as a COMPLETE 2024 with a literal printed 0 in all seven Part-I cells, recorded at months_reported=12 / tier high / weight 1.0. That published zero wins the source-preference ladder over both FBI submission lanes. SUBMISSION PROVENANCE: the FBI NIBRS lane carries a 12-month 2024 batch header for this ORI with total 0 Part-I counts (SRS shows 0 at 0 months). Own history in the CIUS lane, 2018-2023: 2023:1 (median 1). Best value from ANY lane by year 2018-2023: 2020:0, 2021:0, 2022:0, 2023:1; last year with any positive count anywhere: 2023.

FACTS, PART 2 -- screen arms, own-history baselines, offence composition and peer comparison:
URBANA (local_police, population served 1649) is published as a COMPLETE 12-month 2024 with 0 total Part-I offences, on lane(s) ['cius_publication_annual'] (selection reason ['publication_lane_standing']). Because it is published as complete, no partial-year uplift applies. Screen arms that fired: c1 DUAL (own-history collapse AND peer-rate floor both fired). Own 2018-2023 FULL-YEAR median: 1 (2024 is 0.0% of it). 2021-2023 baseline median: 1 (2024 is 0.0% of it). All-offence rate 0.0 per 100k against a peer median of 702.6 for local_police agencies in population band (1000.0, 2500.0] (0.0% of peers). All 2024 lane rows on record: CIUS 0 at 12mo; NIB 0 at 12mo; SRS 0 at 0mo. Every one of the seven offences is zero in 2024 — this is an outright published zero, not a thin year.

NOTE ON THE 12-MONTH BATCH HEADER, stated in both directions because neither is settled: a 12-month NIBRS batch header records twelve monthly submissions, which does rule out the blank-cell-parsed-as-zero ingestion artifact (that artifact needs a 0-2 month submission record). It does NOT by itself separate an agency that submitted twelve months and had no Part-I offence from an agency whose records system emits automatic monthly zero-reports after the agency stopped producing records, nor from an agency that has handed policing to a county sheriff while its ORI keeps filing. Both failure directions cost something real: accepting a false zero silently deletes a live agency's crime from the national panel, and rejecting a true zero fabricates crime for an agency that genuinely had none.

STRUCTURAL PLAUSIBILITY, recomputed for this cleanup pass straight from the agency-year panel (plain facts; the screen is a routing device and implies no direction):
  - Never-positive history did NOT fire: the ORI's highest prior-year total from any lane is 1 (last year with any positive count anywhere: 2023).
  - DEMONSTRATED-CAPACITY-THEN-ZERO fired: this ORI filed a FULL 12-month year with a positive Part-I total as recently as 2023 (1 offences), with 1 such full-year positive year on record 2018-2023. Whatever produced those counts existed; the 2024 record is zero.
  - POPULATION FLOOR fired: FBI population served for 2024 is 1,649, above the 1,500 line below which a genuinely crime-free year is unremarkable.
  - Consecutive all-lane zero years ending in 2024: 1.

PANEL EVIDENCE:
ORI IA0060400 ""URBANA"" local_police | IA cty011 plc<NA> | FBIpop 18:- 19:- 20:0 21:0 22:0 23:1642 24:1649
  YR: 18:none; 19:none; 20: SRS 0/0mo/un; 21: SRS 0/0mo/un; 22: SRS 0/1mo/sp; 23: CIUS 1/12mo/hi + NIB 1/12mo/hi + SRS 1/3mo/sp; 24: CIUS 0/12mo/hi + NIB 0/12mo/hi + SRS 0/0mo/un
  2024 offenses: CIUS 0/0/0/0/0/0/0; NIB=same as CIUS; SRS=same as CIUS
  CW: 19:municipal:place:1979905 (""Urbana city"") w=1 exclusive [first_pass/auto]
  ROSTER2024: ABSENT (not on the FBI CDE 2024 agency roster)
  EST2024: reported 0 -> estimated 0 [observedx7]
  LANE_SELECTED_2024: ['cius_publication_annual'] reason ['publication_lane_standing']

COMPUTED SIGNALS (computed from the underlying agency-year panel that the rows above are rendered from; plain facts, no conclusions):

IA0060400 ""URBANA"":
  Publication lanes vs submission months:
  - 2023 CIUS: the FBI's published CIUS/RCN agency table publishes 1 Part-I offense for 2023, labelled 12 months. The underlying FBI submission record for 2023 is: SRS at 3 reported months (total 1) and NIB at 12 reported months (total 1).
  - 2024 CIUS: the FBI's published CIUS/RCN agency table publishes 0 Part-I offenses for 2024, labelled 12 months. The underlying FBI submission record for 2024 is: SRS at 0 reported months (total 0) and NIB at 12 reported months (total 0).
  Offense composition vs this agency's own baseline:
  - Baseline years (12 reported months, total at or above half this agency's own median full-year total of 1): 2023 via CIUS. Baseline-year average composition - murder 0; rape 0; robbery 0; aggravated assault 0; burglary 0; larceny 1; motor vehicle theft 0; total 1 a year.
  - 2024 CIUS composition: total 0 against a baseline-year average of 1 a year. Every one of the seven offense streams is 0, so the year carries no internal composition signal at all - the zero is uniform across all streams rather than concentrated in any of them, and composition can neither support nor undercut it.
  - 2020 (SRS), 2021 (SRS) and 2022 (SRS): total 0 with all seven offense streams at 0, against a baseline-year average of 1 a year. A year that is uniformly zero across every stream carries no internal composition signal at all.
  Partial-year zeros:
  - PARTIAL-YEAR ZERO, 2020, 2021 and 2024 SRS: total 0 on 0 reported months, i.e. no month of data was submitted in that lane at all. There is nothing to scale up. Partial-year uplift is multiplicative (count x 12/months), so no uplift, fill ratio or annualisation applied to such a row can return anything other than 0 - UPLIFT CANNOT RESCUE A ZERO. A 0-month zero is arithmetically identical to the agency having submitted nothing.
  - PARTIAL-YEAR ZERO, 2022 SRS: total 0 on 1 reported month. Same point - count x 12/1 = x12.0, and 0 x 12.0 is still 0; UPLIFT CANNOT RESCUE A ZERO.
  Roster and lane provenance:
  - Roster presence: this ORI is ABSENT from the FBI CDE 2024 agency roster - the roster is the FBI's own list of agencies for the 2024 data year, so absence is a statement about that list and about the agency's 2024 reporting relationship.
  - Lane provenance 2024: 3 lanes carry a 2024 row - CIUS total 0 at 12 months, tier hi, SRS total 0 at 0 months, tier un and NIB total 0 at 12 months, tier hi.
  - Lane independence: CIUS is not an independent count. The CIUS/RCN 'Offenses Known' agency table is the FBI's Return-A master file frozen at publication (verified in this repo at 99.88% cell agreement with the master file for 2023 and 2024), so CIUS agreeing with SRS for a 2024 agency-year is the same submission counted twice, not corroboration by a second source.
  - Lane independence: SRS and NIBRS are not independent either for a NIBRS reporter. The FBI back-converts NIBRS into Return-A, so 86% of 2024 local agencies appear in both lanes off one submission; identical SRS and NIBRS values for the same agency-year normally mean one submission rendered twice.
  - Footprint: this ORI's counts are crosswalked at weight 1 to Census place 1979905 (""Urbana city"") (a specific municipal polygon), as an 'exclusive' assignment produced by the 'first_pass' method with review status 'auto'.
  - Pipeline 2024 output: the pipeline read 0 as reported and published 0 - 7 of the 7 offenses carried through as observed.
  - Population: FBI population served moves from 0 in 2018 to 1,649 in 2024.",cleanup_batches/batch_004.json
b2-GA0290900-athens-technical-college,cleanup_explicit_escalate,GA,GA0290900,0.0,published_zero,structural_plausibility_residue,unclear_escalate,low,sol,afdb43e7bd70a91fa,escalate_hold,,Obtain the college police department's 2024 jurisdiction/incident record or Georgia UCR certification showing whether the twelve monthly zero returns represented active police reporting.,Obtain the college police department's 2024 jurisdiction/incident record or Georgia UCR certification showing whether the twelve monthly zero returns represented active police reporting.,Seven consecutive all-lane zero years with no demonstrated positive reporting capacity cannot distinguish genuine campus inactivity from automated structural zero-reporting.,"FACTS:
The CIUS (the FBI's own published agency table) lane publishes ATHENS TECHNICAL COLLEGE (special_jurisdiction, population served NOT PUBLISHED by the FBI for this ORI (0/null -- normal for special-jurisdiction, campus and state agencies; it makes any peer-rate comparison structurally impossible)) as a COMPLETE 2024 with a literal printed 0 in all seven Part-I cells, recorded at months_reported=12 / tier high / weight 1.0. That published zero wins the source-preference ladder over both FBI submission lanes. SUBMISSION PROVENANCE: the FBI NIBRS lane carries a 12-month 2024 batch header for this ORI with total 0 Part-I counts (SRS shows 0 at 0 months). Own history in the CIUS lane, 2018-2023: 2018:0, 2022:0, 2023:0 (median 0). Best value from ANY lane by year 2018-2023: 2018:0, 2019:0, 2020:0, 2021:0, 2022:0, 2023:0; no positive count in any year.

NOTE ON THE 12-MONTH BATCH HEADER, stated in both directions because neither is settled: a 12-month NIBRS batch header records twelve monthly submissions, which does rule out the blank-cell-parsed-as-zero ingestion artifact (that artifact needs a 0-2 month submission record). It does NOT by itself separate an agency that submitted twelve months and had no Part-I offence from an agency whose records system emits automatic monthly zero-reports after the agency stopped producing records, nor from an agency that has handed policing to a county sheriff while its ORI keeps filing. Both failure directions cost something real: accepting a false zero silently deletes a live agency's crime from the national panel, and rejecting a true zero fabricates crime for an agency that genuinely had none.

STRUCTURAL PLAUSIBILITY, recomputed for this cleanup pass straight from the agency-year panel (plain facts; the screen is a routing device and implies no direction):
  - NEVER-POSITIVE HISTORY fired: this ORI has no positive Part-I count in any lane in any year 2018-2023. The 2024 zero is the 7th consecutive all-lane zero year.
  - Demonstrated-capacity-then-zero did NOT fire: no year 2018-2023 pairs a 12-month reporting record with a positive Part-I total, so the ORI has never demonstrated full-year reporting capacity in the panel window.
  - Population floor did NOT fire: FBI population served for 2024 is 0, at or below 1,500.
  - Consecutive all-lane zero years ending in 2024: 7.

PANEL EVIDENCE:
ORI GA0290900 ""ATHENS TECHNICAL COLLEGE"" special_jurisdiction | GA cty059 plc<NA> | FBIpop 18:0 19:0 20:0 21:0 22:0 23:0 24:0
  YR: 18: CIUS 0/12mo/hi + SRS 0/7mo/lo; 19: NIB 0/11mo/md + SRS 0/0mo/un; 20: NIB 0/12mo/hi + SRS 0/0mo/un; 21: NIB 0/12mo/hi + SRS 0/0mo/un; 22: CIUS 0/12mo/hi + NIB 0/12mo/hi + SRS 0/0mo/un; 23: CIUS 0/12mo/hi + NIB 0/12mo/hi + SRS 0/0mo/un; 24: CIUS 0/12mo/hi + NIB 0/12mo/hi + SRS 0/0mo/un
  2024 offenses: CIUS 0/0/0/0/0/0/0; NIB=same as CIUS; SRS=same as CIUS
  CW: 13:statewide_overlap_layer (""Georgia statewide overlap layer"") w=1 overlap [deterministic_baseline/flagged_auto]
  ROSTER2024: ""Athens Technical College"" | University or College | counties CLARKE | is_nibrs True | nibrs_start 2019-01-01
  EST2024: reported 0 -> estimated 0 [observedx7]
  LANE_SELECTED_2024: ['cius_publication_annual'] reason ['publication_lane_standing']

COMPUTED SIGNALS (computed from the underlying agency-year panel that the rows above are rendered from; plain facts, no conclusions):

GA0290900 ""ATHENS TECHNICAL COLLEGE"":
  Publication lanes vs submission months:
  - 2018 CIUS: the FBI's published CIUS/RCN agency table publishes 0 Part-I offenses for 2018, labelled 12 months. The underlying FBI submission record for 2018 is: SRS at 7 reported months (total 0) and no NIB row at all.
  - 2022 CIUS: the FBI's published CIUS/RCN agency table publishes 0 Part-I offenses for 2022, labelled 12 months. The underlying FBI submission record for 2022 is: SRS at 0 reported months (total 0) and NIB at 12 reported months (total 0).
  - 2023 CIUS: the FBI's published CIUS/RCN agency table publishes 0 Part-I offenses for 2023, labelled 12 months. The underlying FBI submission record for 2023 is: SRS at 0 reported months (total 0) and NIB at 12 reported months (total 0).
  - 2024 CIUS: the FBI's published CIUS/RCN agency table publishes 0 Part-I offenses for 2024, labelled 12 months. The underlying FBI submission record for 2024 is: SRS at 0 reported months (total 0) and NIB at 12 reported months (total 0).
  Offense composition vs this agency's own baseline:
  - This ORI has no full-year baseline year of its own outside 2024 to compare composition against (no other 2018-2023 year reaches 12 reported months with a positive total), so offense composition cannot be scored against its own past.
  Partial-year zeros:
  - PARTIAL-YEAR ZERO, 2018 SRS: total 0 on 7 reported months. Partial-year uplift is multiplicative (count x 12/7 = x1.7, and 0 x 1.7 is still 0), so no uplift, fill ratio or annualisation applied to such a row can return anything other than 0 - UPLIFT CANNOT RESCUE A ZERO. Treating such a row as a scalable partial year publishes the same zero it started from; a zero observed over 7 months also carries very little information about the other 5.
  - PARTIAL-YEAR ZERO, 2019 NIB: total 0 on 11 reported months. Same point - count x 12/11 = x1.1, and 0 x 1.1 is still 0; UPLIFT CANNOT RESCUE A ZERO.
  - PARTIAL-YEAR ZERO, 2019, 2020, 2021, 2022, 2023 and 2024 SRS: total 0 on 0 reported months, i.e. no month of data was submitted in that lane at all. There is nothing to scale up. Same point - count x 12/months; UPLIFT CANNOT RESCUE A ZERO.
  Roster and lane provenance:
  - Roster presence: this ORI IS on the FBI CDE 2024 agency roster, named ""Athens Technical College"", agency type University or College, county/counties CLARKE. The roster gives a NIBRS start date of 2019-01-01.
  - NIBRS timing: roster NIBRS start 2019-01-01; the NIBRS lane first carries a panel row for this ORI in 2019 at 11 reported months, and carries rows for 2019, 2020, 2021, 2022, 2023 and 2024.
  - Lane provenance 2024: 3 lanes carry a 2024 row - CIUS total 0 at 12 months, tier hi, SRS total 0 at 0 months, tier un and NIB total 0 at 12 months, tier hi.
  - Lane independence: CIUS is not an independent count. The CIUS/RCN 'Offenses Known' agency table is the FBI's Return-A master file frozen at publication (verified in this repo at 99.88% cell agreement with the master file for 2023 and 2024), so CIUS agreeing with SRS for a 2024 agency-year is the same submission counted twice, not corroboration by a second source.
  - Lane independence: SRS and NIBRS are not independent either for a NIBRS reporter. The FBI back-converts NIBRS into Return-A, so 86% of 2024 local agencies appear in both lanes off one submission; identical SRS and NIBRS values for the same agency-year normally mean one submission rendered twice.
  - Footprint: this ORI's counts are crosswalked at weight 1 to the statewide overlap layer, i.e. its counts are smeared across the whole state rather than landed on a specific place, as an 'overlap' assignment produced by the 'deterministic_baseline' method with review status 'flagged_auto'.
  - Pipeline 2024 output: the pipeline read 0 as reported and published 0 - 7 of the 7 offenses carried through as observed.
  - Population: the FBI population-served field is 0 for every year 2018-2024, so no per-capita rate can be formed for this ORI from the panel.",cleanup_batches/batch_017.json
b2-KY1140400-woodburn,cleanup_explicit_escalate,KY,KY1140400,0.0,published_zero,structural_plausibility_residue,unclear_escalate,low,sol,aaba35d02640d0762,escalate_hold,,Obtain Woodburn Police Department's 2024 incident-level RMS/UCR extract or an official Warren County policing-transfer agreement showing whether incidents were reported under the sheriff's ORI.,Obtain Woodburn Police Department's 2024 incident-level RMS/UCR extract or an official Warren County policing-transfer agreement showing whether incidents were reported under the sheriff's ORI.,"The agency recorded 8 offenses in 2019 but then produced five consecutive uniform zero years, while the 2024 twelve-month NIBRS header cannot distinguish genuine inactivity from automated zero-reporting.","FACTS, PART 1 -- publication lane, submission record and own-history levels:
The CIUS (the FBI's own published agency table) lane publishes WOODBURN (local_police, population served 381) as a COMPLETE 2024 with a literal printed 0 in all seven Part-I cells, recorded at months_reported=12 / tier high / weight 1.0. That published zero wins the source-preference ladder over both FBI submission lanes. SUBMISSION PROVENANCE: the FBI NIBRS lane carries a 12-month 2024 batch header for this ORI with total 0 Part-I counts (SRS shows 0 at 0 months). Own history in the CIUS lane, 2018-2023: 2018:0, 2019:8, 2022:0, 2023:0 (median 0). Best value from ANY lane by year 2018-2023: 2018:0, 2019:8, 2020:0, 2021:0, 2022:0, 2023:0; last year with any positive count anywhere: 2019.

FACTS, PART 2 -- screen arms, own-history baselines, offence composition and peer comparison:
WOODBURN (local_police, population served 381) is published as a COMPLETE 12-month 2024 with 0 total Part-I offences, on lane(s) ['cius_publication_annual'] (selection reason ['publication_lane_standing']). Because it is published as complete, no partial-year uplift applies. Screen arms that fired: c1 PEER-ONLY (no usable full-year history; fails the peer-rate floor alone). Own 2018-2023 full-year median is 0 — this agency has never published a positive full year in the span. All-offence rate 0.0 per 100k against a peer median of 503.4 for local_police agencies in population band (0.0, 1000.0] (0.0% of peers). All 2024 lane rows on record: CIUS 0 at 12mo; NIB 0 at 12mo; SRS 0 at 0mo. Every one of the seven offences is zero in 2024 — this is an outright published zero, not a thin year.

NOTE ON THE 12-MONTH BATCH HEADER, stated in both directions because neither is settled: a 12-month NIBRS batch header records twelve monthly submissions, which does rule out the blank-cell-parsed-as-zero ingestion artifact (that artifact needs a 0-2 month submission record). It does NOT by itself separate an agency that submitted twelve months and had no Part-I offence from an agency whose records system emits automatic monthly zero-reports after the agency stopped producing records, nor from an agency that has handed policing to a county sheriff while its ORI keeps filing. Both failure directions cost something real: accepting a false zero silently deletes a live agency's crime from the national panel, and rejecting a true zero fabricates crime for an agency that genuinely had none.

STRUCTURAL PLAUSIBILITY, recomputed for this cleanup pass straight from the agency-year panel (plain facts; the screen is a routing device and implies no direction):
  - Never-positive history did NOT fire: the ORI's highest prior-year total from any lane is 8 (last year with any positive count anywhere: 2019).
  - DEMONSTRATED-CAPACITY-THEN-ZERO fired: this ORI filed a FULL 12-month year with a positive Part-I total as recently as 2019 (8 offences), with 1 such full-year positive year on record 2018-2023. Whatever produced those counts existed; the 2024 record is zero.
  - Population floor did NOT fire: FBI population served for 2024 is 321, at or below 1,500.
  - Consecutive all-lane zero years ending in 2024: 5.

PANEL EVIDENCE:
ORI KY1140400 ""WOODBURN"" local_police | KY cty227 plc84414 | crosswalk name ""woodburn police department"" | FBIpop 18:375 19:381 20:370 21:377 22:316 23:317 24:321
  YR: 18: CIUS 0/12mo/hi + NIB 0/12mo/hi + SRS 0/0mo/un; 19: CIUS 8/12mo/hi + NIB 8/12mo/hi + SRS 8/5mo/sp; 20: NIB 0/12mo/hi + SRS 0/0mo/un; 21: NIB 0/12mo/hi + SRS 0/0mo/un; 22: CIUS 0/12mo/hi + NIB 0/12mo/hi + SRS 0/0mo/un; 23: CIUS 0/12mo/hi + NIB 0/12mo/hi + SRS 0/0mo/un; 24: CIUS 0/12mo/hi + NIB 0/12mo/hi + SRS 0/0mo/un
  2024 offenses: CIUS 0/0/0/0/0/0/0; NIB=same as CIUS; SRS=same as CIUS
  CW: 21:municipal:place:2184414 (""Woodburn city"") w=1 exclusive [first_pass/auto]
  ROSTER2024: ""Woodburn Police Department"" | City | counties WARREN | is_nibrs True | nibrs_start 2015-05-01
  EST2024: reported 0 -> estimated 0 [observedx7]
  LANE_SELECTED_2024: ['cius_publication_annual'] reason ['publication_lane_standing']

COMPUTED SIGNALS (computed from the underlying agency-year panel that the rows above are rendered from; plain facts, no conclusions):

KY1140400 ""WOODBURN"":
  Publication lanes vs submission months:
  - 2018 CIUS: the FBI's published CIUS/RCN agency table publishes 0 Part-I offenses for 2018, labelled 12 months. The underlying FBI submission record for 2018 is: SRS at 0 reported months (total 0) and NIB at 12 reported months (total 0).
  - 2019 CIUS: the FBI's published CIUS/RCN agency table publishes 8 Part-I offenses for 2019, labelled 12 months. The underlying FBI submission record for 2019 is: SRS at 5 reported months (total 8) and NIB at 12 reported months (total 8).
  - 2022 CIUS: the FBI's published CIUS/RCN agency table publishes 0 Part-I offenses for 2022, labelled 12 months. The underlying FBI submission record for 2022 is: SRS at 0 reported months (total 0) and NIB at 12 reported months (total 0).
  - 2023 CIUS: the FBI's published CIUS/RCN agency table publishes 0 Part-I offenses for 2023, labelled 12 months. The underlying FBI submission record for 2023 is: SRS at 0 reported months (total 0) and NIB at 12 reported months (total 0).
  - 2024 CIUS: the FBI's published CIUS/RCN agency table publishes 0 Part-I offenses for 2024, labelled 12 months. The underlying FBI submission record for 2024 is: SRS at 0 reported months (total 0) and NIB at 12 reported months (total 0).
  Offense composition vs this agency's own baseline:
  - Baseline years (12 reported months, total at or above half this agency's own median full-year total of 8): 2019 via CIUS. Baseline-year average composition - murder 0; rape 0; robbery 0; aggravated assault 0; burglary 4; larceny 4; motor vehicle theft 0; total 8 a year.
  - 2024 CIUS composition: total 0 against a baseline-year average of 8 a year. Every one of the seven offense streams is 0, so the year carries no internal composition signal at all - the zero is uniform across all streams rather than concentrated in any of them, and composition can neither support nor undercut it.
  - 2018 (CIUS), 2020 (NIB), 2021 (NIB), 2022 (CIUS) and 2023 (CIUS): total 0 with all seven offense streams at 0, against a baseline-year average of 8 a year. A year that is uniformly zero across every stream carries no internal composition signal at all.
  Partial-year zeros:
  - PARTIAL-YEAR ZERO, 2018, 2020, 2021, 2022, 2023 and 2024 SRS: total 0 on 0 reported months, i.e. no month of data was submitted in that lane at all. There is nothing to scale up. Partial-year uplift is multiplicative (count x 12/months), so no uplift, fill ratio or annualisation applied to such a row can return anything other than 0 - UPLIFT CANNOT RESCUE A ZERO. A 0-month zero is arithmetically identical to the agency having submitted nothing.
  Roster and lane provenance:
  - Roster presence: this ORI IS on the FBI CDE 2024 agency roster, named ""Woodburn Police Department"", agency type City, county/counties WARREN. The roster gives a NIBRS start date of 2015-05-01.
  - NIBRS timing: roster NIBRS start 2015-05-01; the NIBRS lane first carries a panel row for this ORI in 2018 at 12 reported months, and carries rows for 2018, 2019, 2020, 2021, 2022, 2023 and 2024.
  - Lane provenance 2024: 3 lanes carry a 2024 row - CIUS total 0 at 12 months, tier hi, SRS total 0 at 0 months, tier un and NIB total 0 at 12 months, tier hi.
  - Lane independence: CIUS is not an independent count. The CIUS/RCN 'Offenses Known' agency table is the FBI's Return-A master file frozen at publication (verified in this repo at 99.88% cell agreement with the master file for 2023 and 2024), so CIUS agreeing with SRS for a 2024 agency-year is the same submission counted twice, not corroboration by a second source.
  - Lane independence: SRS and NIBRS are not independent either for a NIBRS reporter. The FBI back-converts NIBRS into Return-A, so 86% of 2024 local agencies appear in both lanes off one submission; identical SRS and NIBRS values for the same agency-year normally mean one submission rendered twice.
  - Footprint: this ORI's counts are crosswalked at weight 1 to Census place 2184414 (""Woodburn city"") (a specific municipal polygon), as an 'exclusive' assignment produced by the 'first_pass' method with review status 'auto'.
  - Pipeline 2024 output: the pipeline read 0 as reported and published 0 - 7 of the 7 offenses carried through as observed.
  - Population: FBI population served moves from 375 in 2018 to 321 in 2024.",cleanup_batches/batch_019.json
b2-LA0190300-wilson,cleanup_explicit_escalate,LA,LA0190300,0.0,published_zero,structural_plausibility_residue,unclear_escalate,low,sol,aaba35d02640d0762,escalate_hold,,Obtain Wilson Police Department's 2024 incident-level RMS/UCR extract or an official East Feliciana Parish service agreement identifying the ORI under which village incidents were reported.,Obtain Wilson Police Department's 2024 incident-level RMS/UCR extract or an official East Feliciana Parish service agreement identifying the ORI under which village incidents were reported.,"The ORI has seven consecutive all-lane zero years and has never demonstrated a positive report, leaving genuine low incidence and structural non-reporting unresolved.","FACTS, PART 1 -- publication lane, submission record and own-history levels:
The CIUS (the FBI's own published agency table) lane publishes WILSON (local_police, population served 564) as a COMPLETE 2024 with a literal printed 0 in all seven Part-I cells, recorded at months_reported=12 / tier high / weight 1.0. That published zero wins the source-preference ladder over both FBI submission lanes. SUBMISSION PROVENANCE: the FBI NIBRS lane carries a 12-month 2024 batch header for this ORI with total 0 Part-I counts (SRS shows 0 at 0 months). Own history in the CIUS lane, 2018-2023: 2018:0, 2022:0, 2023:0 (median 0). Best value from ANY lane by year 2018-2023: 2018:0, 2019:0, 2020:0, 2021:0, 2022:0, 2023:0; no positive count in any year.

FACTS, PART 2 -- screen arms, own-history baselines, offence composition and peer comparison:
WILSON (local_police, population served 564) is published as a COMPLETE 12-month 2024 with 0 total Part-I offences, on lane(s) ['cius_publication_annual'] (selection reason ['publication_lane_standing']). Because it is published as complete, no partial-year uplift applies. Screen arms that fired: c1 PEER-ONLY (no usable full-year history; fails the peer-rate floor alone). Own 2018-2023 full-year median is 0 — this agency has never published a positive full year in the span. All-offence rate 0.0 per 100k against a peer median of 503.4 for local_police agencies in population band (0.0, 1000.0] (0.0% of peers). All 2024 lane rows on record: CIUS 0 at 12mo; NIB 0 at 12mo; SRS 0 at 0mo. Every one of the seven offences is zero in 2024 — this is an outright published zero, not a thin year.

NOTE ON THE 12-MONTH BATCH HEADER, stated in both directions because neither is settled: a 12-month NIBRS batch header records twelve monthly submissions, which does rule out the blank-cell-parsed-as-zero ingestion artifact (that artifact needs a 0-2 month submission record). It does NOT by itself separate an agency that submitted twelve months and had no Part-I offence from an agency whose records system emits automatic monthly zero-reports after the agency stopped producing records, nor from an agency that has handed policing to a county sheriff while its ORI keeps filing. Both failure directions cost something real: accepting a false zero silently deletes a live agency's crime from the national panel, and rejecting a true zero fabricates crime for an agency that genuinely had none.

STRUCTURAL PLAUSIBILITY, recomputed for this cleanup pass straight from the agency-year panel (plain facts; the screen is a routing device and implies no direction):
  - NEVER-POSITIVE HISTORY fired: this ORI has no positive Part-I count in any lane in any year 2018-2023. The 2024 zero is the 7th consecutive all-lane zero year.
  - Demonstrated-capacity-then-zero did NOT fire: no year 2018-2023 pairs a 12-month reporting record with a positive Part-I total, so the ORI has never demonstrated full-year reporting capacity in the panel window.
  - Population floor did NOT fire: FBI population served for 2024 is 357, at or below 1,500.
  - Consecutive all-lane zero years ending in 2024: 7.

PANEL EVIDENCE:
ORI LA0190300 ""WILSON"" local_police | LA cty037 plc82215 | census_name ""wilson village"" | crosswalk name ""wilson police dept"" | FBIpop 18:552 19:548 20:564 21:542 22:354 23:353 24:357
  YR: 18: CIUS 0/12mo/hi + SRS 0/10mo/md; 19: SRS 0/9mo/lo; 20: SRS 0/0mo/un; 21: NIB 0/12mo/hi + SRS 0/0mo/un; 22: CIUS 0/12mo/hi + NIB 0/12mo/hi + SRS 0/0mo/un; 23: CIUS 0/12mo/hi + NIB 0/12mo/hi + SRS 0/0mo/un; 24: CIUS 0/12mo/hi + NIB 0/12mo/hi + SRS 0/0mo/un
  2024 offenses: CIUS 0/0/0/0/0/0/0; NIB=same as CIUS; SRS=same as CIUS
  CW: 22:municipal:place:2282215 (""Wilson village"") w=1 exclusive [provisional_auto/auto]
  ROSTER2024: ""Wilson Police Department"" | City | counties EAST FELICIANA | is_nibrs True | nibrs_start 2021-01-01
  EST2024: reported 0 -> estimated 0 [observedx7]
  LANE_SELECTED_2024: ['cius_publication_annual'] reason ['publication_lane_standing']

COMPUTED SIGNALS (computed from the underlying agency-year panel that the rows above are rendered from; plain facts, no conclusions):

LA0190300 ""WILSON"":
  Publication lanes vs submission months:
  - 2018 CIUS: the FBI's published CIUS/RCN agency table publishes 0 Part-I offenses for 2018, labelled 12 months. The underlying FBI submission record for 2018 is: SRS at 10 reported months (total 0) and no NIB row at all.
  - 2022 CIUS: the FBI's published CIUS/RCN agency table publishes 0 Part-I offenses for 2022, labelled 12 months. The underlying FBI submission record for 2022 is: SRS at 0 reported months (total 0) and NIB at 12 reported months (total 0).
  - 2023 CIUS: the FBI's published CIUS/RCN agency table publishes 0 Part-I offenses for 2023, labelled 12 months. The underlying FBI submission record for 2023 is: SRS at 0 reported months (total 0) and NIB at 12 reported months (total 0).
  - 2024 CIUS: the FBI's published CIUS/RCN agency table publishes 0 Part-I offenses for 2024, labelled 12 months. The underlying FBI submission record for 2024 is: SRS at 0 reported months (total 0) and NIB at 12 reported months (total 0).
  Offense composition vs this agency's own baseline:
  - This ORI has no full-year baseline year of its own outside 2024 to compare composition against (no other 2018-2023 year reaches 12 reported months with a positive total), so offense composition cannot be scored against its own past.
  Partial-year zeros:
  - PARTIAL-YEAR ZERO, 2018 SRS: total 0 on 10 reported months. Partial-year uplift is multiplicative (count x 12/10 = x1.2, and 0 x 1.2 is still 0), so no uplift, fill ratio or annualisation applied to such a row can return anything other than 0 - UPLIFT CANNOT RESCUE A ZERO. Treating such a row as a scalable partial year publishes the same zero it started from; a zero observed over 10 months also carries very little information about the other 2.
  - PARTIAL-YEAR ZERO, 2019 SRS: total 0 on 9 reported months. Same point - count x 12/9 = x1.3, and 0 x 1.3 is still 0; UPLIFT CANNOT RESCUE A ZERO.
  - PARTIAL-YEAR ZERO, 2020, 2021, 2022, 2023 and 2024 SRS: total 0 on 0 reported months, i.e. no month of data was submitted in that lane at all. There is nothing to scale up. Same point - count x 12/months; UPLIFT CANNOT RESCUE A ZERO.
  Roster and lane provenance:
  - Roster presence: this ORI IS on the FBI CDE 2024 agency roster, named ""Wilson Police Department"", agency type City, county/counties EAST FELICIANA. The roster gives a NIBRS start date of 2021-01-01.
  - NIBRS timing: roster NIBRS start 2021-01-01; the NIBRS lane first carries a panel row for this ORI in 2021 at 12 reported months, and carries rows for 2021, 2022, 2023 and 2024.
  - Lane provenance 2024: 3 lanes carry a 2024 row - CIUS total 0 at 12 months, tier hi, SRS total 0 at 0 months, tier un and NIB total 0 at 12 months, tier hi.
  - Lane independence: CIUS is not an independent count. The CIUS/RCN 'Offenses Known' agency table is the FBI's Return-A master file frozen at publication (verified in this repo at 99.88% cell agreement with the master file for 2023 and 2024), so CIUS agreeing with SRS for a 2024 agency-year is the same submission counted twice, not corroboration by a second source.
  - Lane independence: SRS and NIBRS are not independent either for a NIBRS reporter. The FBI back-converts NIBRS into Return-A, so 86% of 2024 local agencies appear in both lanes off one submission; identical SRS and NIBRS values for the same agency-year normally mean one submission rendered twice.
  - Footprint: this ORI's counts are crosswalked at weight 1 to Census place 2282215 (""Wilson village"") (a specific municipal polygon), as an 'exclusive' assignment produced by the 'provisional_auto' method with review status 'auto'.
  - Pipeline 2024 output: the pipeline read 0 as reported and published 0 - 7 of the 7 offenses carried through as observed.
  - Population: FBI population served moves from 552 in 2018 to 357 in 2024.",cleanup_batches/batch_019.json
b2-MN0010200-mcgregor,cleanup_explicit_escalate,MN,MN0010200,0.0,published_zero,structural_plausibility_residue,unclear_escalate,low,sol,aaba35d02640d0762,escalate_hold,,Obtain McGregor Police Department's 2024 incident-level RMS/UCR extract or an official Aitkin County service agreement identifying where McGregor incidents were reported.,Obtain McGregor Police Department's 2024 incident-level RMS/UCR extract or an official Aitkin County service agreement identifying where McGregor incidents were reported.,"The ORI has never recorded a positive offense across seven consecutive years, and the FBI-derived publication cannot establish whether its recurring monthly zero submissions represent active policing.","FACTS, PART 1 -- publication lane, submission record and own-history levels:
The CIUS (the FBI's own published agency table) lane publishes MCGREGOR (local_police, population served 385) as a COMPLETE 2024 with a literal printed 0 in all seven Part-I cells, recorded at months_reported=12 / tier high / weight 1.0. That published zero wins the source-preference ladder over both FBI submission lanes. SUBMISSION PROVENANCE: the FBI NIBRS lane carries a 12-month 2024 batch header for this ORI with total 0 Part-I counts (SRS shows 0 at 0 months). Own history in the CIUS lane, 2018-2023: 2018:0, 2019:0, 2022:0, 2023:0 (median 0). Best value from ANY lane by year 2018-2023: 2018:0, 2019:0, 2020:0, 2021:0, 2022:0, 2023:0; no positive count in any year.

FACTS, PART 2 -- screen arms, own-history baselines, offence composition and peer comparison:
MCGREGOR (local_police, population served 385) is published as a COMPLETE 12-month 2024 with 0 total Part-I offences, on lane(s) ['cius_publication_annual'] (selection reason ['publication_lane_standing']). Because it is published as complete, no partial-year uplift applies. Screen arms that fired: c1 PEER-ONLY (no usable full-year history; fails the peer-rate floor alone). Own 2018-2023 full-year median is 0 — this agency has never published a positive full year in the span. All-offence rate 0.0 per 100k against a peer median of 503.4 for local_police agencies in population band (0.0, 1000.0] (0.0% of peers). All 2024 lane rows on record: CIUS 0 at 12mo; NIB 0 at 12mo; SRS 0 at 0mo. Every one of the seven offences is zero in 2024 — this is an outright published zero, not a thin year.

NOTE ON THE 12-MONTH BATCH HEADER, stated in both directions because neither is settled: a 12-month NIBRS batch header records twelve monthly submissions, which does rule out the blank-cell-parsed-as-zero ingestion artifact (that artifact needs a 0-2 month submission record). It does NOT by itself separate an agency that submitted twelve months and had no Part-I offence from an agency whose records system emits automatic monthly zero-reports after the agency stopped producing records, nor from an agency that has handed policing to a county sheriff while its ORI keeps filing. Both failure directions cost something real: accepting a false zero silently deletes a live agency's crime from the national panel, and rejecting a true zero fabricates crime for an agency that genuinely had none.

STRUCTURAL PLAUSIBILITY, recomputed for this cleanup pass straight from the agency-year panel (plain facts; the screen is a routing device and implies no direction):
  - NEVER-POSITIVE HISTORY fired: this ORI has no positive Part-I count in any lane in any year 2018-2023. The 2024 zero is the 7th consecutive all-lane zero year.
  - Demonstrated-capacity-then-zero did NOT fire: no year 2018-2023 pairs a 12-month reporting record with a positive Part-I total, so the ORI has never demonstrated full-year reporting capacity in the panel window.
  - Population floor did NOT fire: FBI population served for 2024 is 379, at or below 1,500.
  - Consecutive all-lane zero years ending in 2024: 7.

PANEL EVIDENCE:
ORI MN0010200 ""MCGREGOR"" local_police | MN cty001 plc39014 | crosswalk name ""mcgregor police department"" | FBIpop 18:364 19:363 20:360 21:357 22:379 23:385 24:379
  YR: 18: CIUS 0/12mo/hi + SRS 0/12mo/hi; 19: CIUS 0/12mo/hi + NIB 0/11mo/md + SRS 0/1mo/sp; 20: NIB 0/12mo/hi + SRS 0/0mo/un; 21: NIB 0/12mo/hi + SRS 0/0mo/un; 22: CIUS 0/12mo/hi + NIB 0/12mo/hi + SRS 0/0mo/un; 23: CIUS 0/12mo/hi + NIB 0/12mo/hi + SRS 0/0mo/un; 24: CIUS 0/12mo/hi + NIB 0/12mo/hi + SRS 0/0mo/un
  2024 offenses: CIUS 0/0/0/0/0/0/0; NIB=same as CIUS; SRS=same as CIUS
  CW: 27:municipal:place:2739014 (""McGregor city"") w=1 exclusive [first_pass/auto]
  ROSTER2024: ""McGregor Police Department"" | City | counties AITKIN | is_nibrs True | nibrs_start 2019-02-01
  EST2024: reported 0 -> estimated 0 [observedx7]
  LANE_SELECTED_2024: ['cius_publication_annual'] reason ['publication_lane_standing']

COMPUTED SIGNALS (computed from the underlying agency-year panel that the rows above are rendered from; plain facts, no conclusions):

MN0010200 ""MCGREGOR"":
  Publication lanes vs submission months:
  - 2018 CIUS: the FBI's published CIUS/RCN agency table publishes 0 Part-I offenses for 2018, labelled 12 months. The underlying FBI submission record for 2018 is: SRS at 12 reported months (total 0) and no NIB row at all.
  - 2019 CIUS: the FBI's published CIUS/RCN agency table publishes 0 Part-I offenses for 2019, labelled 12 months. The underlying FBI submission record for 2019 is: SRS at 1 reported month (total 0) and NIB at 11 reported months (total 0).
  - 2022 CIUS: the FBI's published CIUS/RCN agency table publishes 0 Part-I offenses for 2022, labelled 12 months. The underlying FBI submission record for 2022 is: SRS at 0 reported months (total 0) and NIB at 12 reported months (total 0).
  - 2023 CIUS: the FBI's published CIUS/RCN agency table publishes 0 Part-I offenses for 2023, labelled 12 months. The underlying FBI submission record for 2023 is: SRS at 0 reported months (total 0) and NIB at 12 reported months (total 0).
  - 2024 CIUS: the FBI's published CIUS/RCN agency table publishes 0 Part-I offenses for 2024, labelled 12 months. The underlying FBI submission record for 2024 is: SRS at 0 reported months (total 0) and NIB at 12 reported months (total 0).
  Offense composition vs this agency's own baseline:
  - This ORI has no full-year baseline year of its own outside 2024 to compare composition against (no other 2018-2023 year reaches 12 reported months with a positive total), so offense composition cannot be scored against its own past.
  Partial-year zeros:
  - PARTIAL-YEAR ZERO, 2019 NIB: total 0 on 11 reported months. Partial-year uplift is multiplicative (count x 12/11 = x1.1, and 0 x 1.1 is still 0), so no uplift, fill ratio or annualisation applied to such a row can return anything other than 0 - UPLIFT CANNOT RESCUE A ZERO. Treating such a row as a scalable partial year publishes the same zero it started from; a zero observed over 11 months also carries very little information about the other 1.
  - PARTIAL-YEAR ZERO, 2019 SRS: total 0 on 1 reported month. Same point - count x 12/1 = x12.0, and 0 x 12.0 is still 0; UPLIFT CANNOT RESCUE A ZERO.
  - PARTIAL-YEAR ZERO, 2020, 2021, 2022, 2023 and 2024 SRS: total 0 on 0 reported months, i.e. no month of data was submitted in that lane at all. There is nothing to scale up. Same point - count x 12/months; UPLIFT CANNOT RESCUE A ZERO.
  Roster and lane provenance:
  - Roster presence: this ORI IS on the FBI CDE 2024 agency roster, named ""McGregor Police Department"", agency type City, county/counties AITKIN. The roster gives a NIBRS start date of 2019-02-01.
  - NIBRS timing: roster NIBRS start 2019-02-01; the NIBRS lane first carries a panel row for this ORI in 2019 at 11 reported months, and carries rows for 2019, 2020, 2021, 2022, 2023 and 2024.
  - Lane provenance 2024: 3 lanes carry a 2024 row - CIUS total 0 at 12 months, tier hi, SRS total 0 at 0 months, tier un and NIB total 0 at 12 months, tier hi.
  - Lane independence: CIUS is not an independent count. The CIUS/RCN 'Offenses Known' agency table is the FBI's Return-A master file frozen at publication (verified in this repo at 99.88% cell agreement with the master file for 2023 and 2024), so CIUS agreeing with SRS for a 2024 agency-year is the same submission counted twice, not corroboration by a second source.
  - Lane independence: SRS and NIBRS are not independent either for a NIBRS reporter. The FBI back-converts NIBRS into Return-A, so 86% of 2024 local agencies appear in both lanes off one submission; identical SRS and NIBRS values for the same agency-year normally mean one submission rendered twice.
  - Footprint: this ORI's counts are crosswalked at weight 1 to Census place 2739014 (""McGregor city"") (a specific municipal polygon), as an 'exclusive' assignment produced by the 'first_pass' method with review status 'auto'.
  - Pipeline 2024 output: the pipeline read 0 as reported and published 0 - 7 of the 7 offenses carried through as observed.
  - Population: FBI population served moves from 364 in 2018 to 379 in 2024.",cleanup_batches/batch_019.json
b2-TX0191400-texarkana-college,cleanup_explicit_escalate,TX,TX0191400,0.0,published_zero,structural_plausibility_residue,unclear_escalate,medium,sol,a3243bba2ca64a660,escalate_hold,,"Obtain the college's 2024 incident log or Clery statistics and confirmation that its police department, rather than another agency, retained primary policing responsibility; these would determine whether to carry 0 observed or mark the year missing and fillable.","Obtain the college's 2024 incident log or Clery statistics and confirmation that its police department, rather than another agency, retained primary policing responsibility; these would determine whether to carry 0 observed or mark the year missing and fillable.","The 2024 NIBRS zero covers 12 submitted months, but every earlier zero represents only 0–4 months and the packet supplies neither demonstrated reporting capacity nor a population denominator.","FACTS:
The CIUS (the FBI's own published agency table) lane publishes TEXARKANA COLLEGE (special_jurisdiction, population served NOT PUBLISHED by the FBI for this ORI (0/null -- normal for special-jurisdiction, campus and state agencies; it makes any peer-rate comparison structurally impossible)) as a COMPLETE 2024 with a literal printed 0 in all seven Part-I cells, recorded at months_reported=12 / tier high / weight 1.0. That published zero wins the source-preference ladder over both FBI submission lanes. SUBMISSION PROVENANCE: the FBI NIBRS lane carries a 12-month 2024 batch header for this ORI with total 0 Part-I counts (SRS shows 0 at 0 months). No earlier row in the CIUS lane, so there is no same-lane history to compare against. Best value from ANY lane by year 2018-2023: 2020:0, 2021:0, 2022:0, 2023:0; no positive count in any year.

NOTE ON THE 12-MONTH BATCH HEADER, stated in both directions because neither is settled: a 12-month NIBRS batch header records twelve monthly submissions, which does rule out the blank-cell-parsed-as-zero ingestion artifact (that artifact needs a 0-2 month submission record). It does NOT by itself separate an agency that submitted twelve months and had no Part-I offence from an agency whose records system emits automatic monthly zero-reports after the agency stopped producing records, nor from an agency that has handed policing to a county sheriff while its ORI keeps filing. Both failure directions cost something real: accepting a false zero silently deletes a live agency's crime from the national panel, and rejecting a true zero fabricates crime for an agency that genuinely had none.

STRUCTURAL PLAUSIBILITY, recomputed for this cleanup pass straight from the agency-year panel (plain facts; the screen is a routing device and implies no direction):
  - NEVER-POSITIVE HISTORY fired: this ORI has no positive Part-I count in any lane in any year 2018-2023. The 2024 zero is the 5th consecutive all-lane zero year.
  - Demonstrated-capacity-then-zero did NOT fire: no year 2018-2023 pairs a 12-month reporting record with a positive Part-I total, so the ORI has never demonstrated full-year reporting capacity in the panel window.
  - Population floor did NOT fire: FBI population served for 2024 is 0, at or below 1,500.
  - Consecutive all-lane zero years ending in 2024: 5.

PANEL EVIDENCE:
ORI TX0191400 ""TEXARKANA COLLEGE"" special_jurisdiction | TX cty037 plc72368 | crosswalk name ""texarkana community college police"" | FBIpop 18:- 19:- 20:0 21:0 22:0 23:0 24:0
  YR: 18:none; 19:none; 20: SRS 0/0mo/un; 21: SRS 0/0mo/un; 22: SRS 0/0mo/un; 23: NIB 0/4mo/sp + SRS 0/0mo/un; 24: CIUS 0/12mo/hi + NIB 0/12mo/hi + SRS 0/0mo/un
  2024 offenses: CIUS 0/0/0/0/0/0/0; NIB=same as CIUS; SRS=same as CIUS
  CW: 48:statewide_overlap_layer (""Texas statewide overlap layer"") w=1 overlap [deterministic_baseline/flagged_auto]
  ROSTER2024: ""Texarkana College"" | University or College | counties BOWIE | is_nibrs True | nibrs_start 2023-09-01
  EST2024: reported 0 -> estimated 0 [observedx7]
  LANE_SELECTED_2024: ['cius_publication_annual'] reason ['publication_lane_standing']

COMPUTED SIGNALS (computed from the underlying agency-year panel that the rows above are rendered from; plain facts, no conclusions):

TX0191400 ""TEXARKANA COLLEGE"":
  Publication lanes vs submission months:
  - 2024 CIUS: the FBI's published CIUS/RCN agency table publishes 0 Part-I offenses for 2024, labelled 12 months. The underlying FBI submission record for 2024 is: SRS at 0 reported months (total 0) and NIB at 12 reported months (total 0).
  Offense composition vs this agency's own baseline:
  - This ORI has no full-year baseline year of its own outside 2024 to compare composition against (no other 2018-2023 year reaches 12 reported months with a positive total), so offense composition cannot be scored against its own past.
  Partial-year zeros:
  - PARTIAL-YEAR ZERO, 2020, 2021, 2022, 2023 and 2024 SRS: total 0 on 0 reported months, i.e. no month of data was submitted in that lane at all. There is nothing to scale up. Partial-year uplift is multiplicative (count x 12/months), so no uplift, fill ratio or annualisation applied to such a row can return anything other than 0 - UPLIFT CANNOT RESCUE A ZERO. A 0-month zero is arithmetically identical to the agency having submitted nothing.
  - PARTIAL-YEAR ZERO, 2023 NIB: total 0 on 4 reported months. Same point - count x 12/4 = x3.0, and 0 x 3.0 is still 0; UPLIFT CANNOT RESCUE A ZERO.
  Roster and lane provenance:
  - Roster presence: this ORI IS on the FBI CDE 2024 agency roster, named ""Texarkana College"", agency type University or College, county/counties BOWIE. The roster gives a NIBRS start date of 2023-09-01.
  - NIBRS timing: roster NIBRS start 2023-09-01; the NIBRS lane first carries a panel row for this ORI in 2023 at 4 reported months, and carries rows for 2023 and 2024.
  - NIBRS timing arithmetic: a start date of 2023-09 leaves at most 4 months of 2023 inside NIBRS coverage, while the 2023 NIBRS row is labelled 4 months.
  - Lane provenance 2024: 3 lanes carry a 2024 row - CIUS total 0 at 12 months, tier hi, SRS total 0 at 0 months, tier un and NIB total 0 at 12 months, tier hi.
  - Lane independence: CIUS is not an independent count. The CIUS/RCN 'Offenses Known' agency table is the FBI's Return-A master file frozen at publication (verified in this repo at 99.88% cell agreement with the master file for 2023 and 2024), so CIUS agreeing with SRS for a 2024 agency-year is the same submission counted twice, not corroboration by a second source.
  - Lane independence: SRS and NIBRS are not independent either for a NIBRS reporter. The FBI back-converts NIBRS into Return-A, so 86% of 2024 local agencies appear in both lanes off one submission; identical SRS and NIBRS values for the same agency-year normally mean one submission rendered twice.
  - Footprint: this ORI's counts are crosswalked at weight 1 to the statewide overlap layer, i.e. its counts are smeared across the whole state rather than landed on a specific place, as an 'overlap' assignment produced by the 'deterministic_baseline' method with review status 'flagged_auto'.
  - Pipeline 2024 output: the pipeline read 0 as reported and published 0 - 7 of the 7 offenses carried through as observed.
  - Population: the FBI population-served field is 0 for every year 2018-2024, so no per-capita rate can be formed for this ORI from the panel.",cleanup_batches/batch_021.json
b2-TX0201700-alvin-community-college,cleanup_explicit_escalate,TX,TX0201700,0.0,published_zero,structural_plausibility_residue,unclear_escalate,medium,sol,a3243bba2ca64a660,escalate_hold,,"Obtain the college's 2024 incident or Clery record and its policing-service arrangement; carry 0 only if those records confirm an active department with no Part-I offenses, otherwise carry missing and fillable.","Obtain the college's 2024 incident or Clery record and its policing-service arrangement; carry 0 only if those records confirm an active department with no Part-I offenses, otherwise carry missing and fillable.",Six consecutive zeros after the 2018 positive year are compatible with either genuine campus outcomes or an ORI continuing automatic zero submissions after policing responsibility changed.,"FACTS:
The CIUS (the FBI's own published agency table) lane publishes ALVIN COMMUNITY COLLEGE (special_jurisdiction, population served NOT PUBLISHED by the FBI for this ORI (0/null -- normal for special-jurisdiction, campus and state agencies; it makes any peer-rate comparison structurally impossible)) as a COMPLETE 2024 with a literal printed 0 in all seven Part-I cells, recorded at months_reported=12 / tier high / weight 1.0. That published zero wins the source-preference ladder over both FBI submission lanes. SUBMISSION PROVENANCE: the FBI NIBRS lane carries a 12-month 2024 batch header for this ORI with total 0 Part-I counts (SRS shows 0 at 0 months). Own history in the CIUS lane, 2018-2023: 2018:5, 2022:0, 2023:0 (median 0). Best value from ANY lane by year 2018-2023: 2018:5, 2019:0, 2020:0, 2021:0, 2022:0, 2023:0; last year with any positive count anywhere: 2018.

NOTE ON THE 12-MONTH BATCH HEADER, stated in both directions because neither is settled: a 12-month NIBRS batch header records twelve monthly submissions, which does rule out the blank-cell-parsed-as-zero ingestion artifact (that artifact needs a 0-2 month submission record). It does NOT by itself separate an agency that submitted twelve months and had no Part-I offence from an agency whose records system emits automatic monthly zero-reports after the agency stopped producing records, nor from an agency that has handed policing to a county sheriff while its ORI keeps filing. Both failure directions cost something real: accepting a false zero silently deletes a live agency's crime from the national panel, and rejecting a true zero fabricates crime for an agency that genuinely had none.

STRUCTURAL PLAUSIBILITY, recomputed for this cleanup pass straight from the agency-year panel (plain facts; the screen is a routing device and implies no direction):
  - Never-positive history did NOT fire: the ORI's highest prior-year total from any lane is 5 (last year with any positive count anywhere: 2018).
  - DEMONSTRATED-CAPACITY-THEN-ZERO fired: this ORI filed a FULL 12-month year with a positive Part-I total as recently as 2018 (5 offences), with 1 such full-year positive year on record 2018-2023. Whatever produced those counts existed; the 2024 record is zero.
  - Population floor did NOT fire: FBI population served for 2024 is 0, at or below 1,500.
  - Consecutive all-lane zero years ending in 2024: 6.

PANEL EVIDENCE:
ORI TX0201700 ""ALVIN COMMUNITY COLLEGE"" special_jurisdiction | TX cty039 plc02272 | census_name ""alvin community college"" | crosswalk name ""alvin community college police dept."" | FBIpop 18:0 19:0 20:0 21:0 22:0 23:0 24:0
  YR: 18: CIUS 5/12mo/hi + SRS 5/12mo/hi; 19: SRS 0/12mo/hi; 20: SRS 0/0mo/un; 21: NIB 0/12mo/hi + SRS 0/0mo/un; 22: CIUS 0/12mo/hi + NIB 0/12mo/hi + SRS 0/0mo/un; 23: CIUS 0/12mo/hi + NIB 0/12mo/hi + SRS 0/0mo/un; 24: CIUS 0/12mo/hi + NIB 0/12mo/hi + SRS 0/0mo/un
  2024 offenses: CIUS 0/0/0/0/0/0/0; NIB=same as CIUS; SRS=same as CIUS
  CW: 48:statewide_overlap_layer (""Texas statewide overlap layer"") w=1 overlap [deterministic_baseline/auto]
  ROSTER2024: ""Alvin Community College"" | University or College | counties BRAZORIA | is_nibrs True | nibrs_start 2021-01-01
  EST2024: reported 0 -> estimated 0 [observedx7]
  LANE_SELECTED_2024: ['cius_publication_annual'] reason ['publication_lane_standing']

COMPUTED SIGNALS (computed from the underlying agency-year panel that the rows above are rendered from; plain facts, no conclusions):

TX0201700 ""ALVIN COMMUNITY COLLEGE"":
  Publication lanes vs submission months:
  - 2018 CIUS: the FBI's published CIUS/RCN agency table publishes 5 Part-I offenses for 2018, labelled 12 months. The underlying FBI submission record for 2018 is: SRS at 12 reported months (total 5) and no NIB row at all.
  - 2022 CIUS: the FBI's published CIUS/RCN agency table publishes 0 Part-I offenses for 2022, labelled 12 months. The underlying FBI submission record for 2022 is: SRS at 0 reported months (total 0) and NIB at 12 reported months (total 0).
  - 2023 CIUS: the FBI's published CIUS/RCN agency table publishes 0 Part-I offenses for 2023, labelled 12 months. The underlying FBI submission record for 2023 is: SRS at 0 reported months (total 0) and NIB at 12 reported months (total 0).
  - 2024 CIUS: the FBI's published CIUS/RCN agency table publishes 0 Part-I offenses for 2024, labelled 12 months. The underlying FBI submission record for 2024 is: SRS at 0 reported months (total 0) and NIB at 12 reported months (total 0).
  Offense composition vs this agency's own baseline:
  - Baseline years (12 reported months, total at or above half this agency's own median full-year total of 5): 2018 via CIUS. Baseline-year average composition - murder 0; rape 0; robbery 0; aggravated assault 0; burglary 0; larceny 5; motor vehicle theft 0; total 5 a year.
  - 2024 CIUS composition: total 0 against a baseline-year average of 5 a year. Every one of the seven offense streams is 0, so the year carries no internal composition signal at all - the zero is uniform across all streams rather than concentrated in any of them, and composition can neither support nor undercut it.
  - 2019 (SRS), 2020 (SRS), 2021 (NIB), 2022 (CIUS) and 2023 (CIUS): total 0 with all seven offense streams at 0, against a baseline-year average of 5 a year. A year that is uniformly zero across every stream carries no internal composition signal at all.
  Partial-year zeros:
  - PARTIAL-YEAR ZERO, 2020, 2021, 2022, 2023 and 2024 SRS: total 0 on 0 reported months, i.e. no month of data was submitted in that lane at all. There is nothing to scale up. Partial-year uplift is multiplicative (count x 12/months), so no uplift, fill ratio or annualisation applied to such a row can return anything other than 0 - UPLIFT CANNOT RESCUE A ZERO. A 0-month zero is arithmetically identical to the agency having submitted nothing.
  Roster and lane provenance:
  - Roster presence: this ORI IS on the FBI CDE 2024 agency roster, named ""Alvin Community College"", agency type University or College, county/counties BRAZORIA. The roster gives a NIBRS start date of 2021-01-01.
  - NIBRS timing: roster NIBRS start 2021-01-01; the NIBRS lane first carries a panel row for this ORI in 2021 at 12 reported months, and carries rows for 2021, 2022, 2023 and 2024.
  - Lane provenance 2024: 3 lanes carry a 2024 row - CIUS total 0 at 12 months, tier hi, SRS total 0 at 0 months, tier un and NIB total 0 at 12 months, tier hi.
  - Lane independence: CIUS is not an independent count. The CIUS/RCN 'Offenses Known' agency table is the FBI's Return-A master file frozen at publication (verified in this repo at 99.88% cell agreement with the master file for 2023 and 2024), so CIUS agreeing with SRS for a 2024 agency-year is the same submission counted twice, not corroboration by a second source.
  - Lane independence: SRS and NIBRS are not independent either for a NIBRS reporter. The FBI back-converts NIBRS into Return-A, so 86% of 2024 local agencies appear in both lanes off one submission; identical SRS and NIBRS values for the same agency-year normally mean one submission rendered twice.
  - Footprint: this ORI's counts are crosswalked at weight 1 to the statewide overlap layer, i.e. its counts are smeared across the whole state rather than landed on a specific place, as an 'overlap' assignment produced by the 'deterministic_baseline' method with review status 'auto'.
  - Pipeline 2024 output: the pipeline read 0 as reported and published 0 - 7 of the 7 offenses carried through as observed.
  - Population: the FBI population-served field is 0 for every year 2018-2024, so no per-capita rate can be formed for this ORI from the panel.",cleanup_batches/batch_021.json
x-IL0601000-livingston,cleanup_explicit_escalate,IL,IL0601000,0.0,published_zero+token_reporter,merged_same_ori_pair,unclear_escalate,medium,sol,ad711e3334b9637d1,escalate_hold,,Obtain the Illinois UCR monthly zero-report records or village/Madison County incident-and-coverage records to determine whether the feed was substantive or an onboarding shell.,"Deciding fact: 2024 is the ORI's first and only substantive panel appearance, consisting solely of a 12-month all-zero NIBRS feed. Obtain the Illinois UCR monthly zero-report records or village/Madison County incident-and-coverage records to determine whether the feed was substantive or an onboarding shell.","A zero is reachable for 739 residents, but one first-year uniform-zero submission provides neither demonstrated reporting capacity nor composition evidence. The publication and submission lanes share provenance, so they cannot separate genuine zero crime from automated empty reporting.","FACTS, PART 1 -- publication lane, submission record and own-history levels:
The CIUS (the FBI's own published agency table) lane publishes LIVINGSTON (local_police, population served 815) as a COMPLETE 2024 with a literal printed 0 in all seven Part-I cells, recorded at months_reported=12 / tier high / weight 1.0. That published zero wins the source-preference ladder over both FBI submission lanes. SUBMISSION PROVENANCE: the FBI NIBRS lane carries a 12-month 2024 batch header for this ORI with total 0 Part-I counts (SRS shows 0 at 0 months). No earlier row in the CIUS lane, so there is no same-lane history to compare against. Best value from ANY lane by year 2018-2023: 2018:0, 2019:0, 2020:0, 2021:0, 2022:0, 2023:0; no positive count in any year.

FACTS, PART 2 -- screen arms, own-history baselines, offence composition and peer comparison:
LIVINGSTON (local_police, population served 815) is published as a COMPLETE 12-month 2024 with 0 total Part-I offences, on lane(s) ['cius_publication_annual'] (selection reason ['publication_lane_standing']). Because it is published as complete, no partial-year uplift applies. Screen arms that fired: c1 PEER-ONLY (no usable full-year history; fails the peer-rate floor alone). No usable full-year history 2018-2023 at all, so the own-history arm is blind here and only the peer floor speaks. All-offence rate 0.0 per 100k against a peer median of 503.4 for local_police agencies in population band (0.0, 1000.0] (0.0% of peers). All 2024 lane rows on record: CIUS 0 at 12mo; NIB 0 at 12mo; SRS 0 at 0mo. Every one of the seven offences is zero in 2024 — this is an outright published zero, not a thin year.

NOTE ON THE 12-MONTH BATCH HEADER, stated in both directions because neither is settled: a 12-month NIBRS batch header records twelve monthly submissions, which does rule out the blank-cell-parsed-as-zero ingestion artifact (that artifact needs a 0-2 month submission record). It does NOT by itself separate an agency that submitted twelve months and had no Part-I offence from an agency whose records system emits automatic monthly zero-reports after the agency stopped producing records, nor from an agency that has handed policing to a county sheriff while its ORI keeps filing. Both failure directions cost something real: accepting a false zero silently deletes a live agency's crime from the national panel, and rejecting a true zero fabricates crime for an agency that genuinely had none.

STRUCTURAL PLAUSIBILITY, recomputed for this cleanup pass straight from the agency-year panel (plain facts; the screen is a routing device and implies no direction):
  - NEVER-POSITIVE HISTORY fired: this ORI has no positive Part-I count in any lane in any year 2018-2023. The 2024 zero is the 7th consecutive all-lane zero year.
  - Demonstrated-capacity-then-zero did NOT fire: no year 2018-2023 pairs a 12-month reporting record with a positive Part-I total, so the ORI has never demonstrated full-year reporting capacity in the panel window.
  - Population floor did NOT fire: FBI population served for 2024 is 739, at or below 1,500.
  - Consecutive all-lane zero years ending in 2024: 7.

PANEL EVIDENCE:
ORI IL0601000 ""LIVINGSTON"" local_police | IL cty119 plc44160 | census_name ""livingston village"" | crosswalk name ""livingston police dept"" | FBIpop 18:815 19:808 20:798 21:791 22:761 23:748 24:739
  YR: 18: SRS 0/0mo/un; 19: SRS 0/0mo/un; 20: SRS 0/0mo/un; 21: SRS 0/0mo/un; 22: SRS 0/0mo/un; 23: SRS 0/0mo/un; 24: CIUS 0/12mo/hi + NIB 0/12mo/hi + SRS 0/0mo/un
  2024 offenses: CIUS 0/0/0/0/0/0/0; NIB=same as CIUS; SRS=same as CIUS
  CW: 17:municipal:place:1744160 (""Livingston village"") w=1 exclusive [provisional_auto/auto]
  ROSTER2024: ""Livingston Police Department"" | City | counties MADISON | is_nibrs True | nibrs_start 2024-01-01
  EST2024: reported 0 -> estimated 0 [observedx7]
  LANE_SELECTED_2024: ['cius_publication_annual'] reason ['publication_lane_standing']

COMPUTED SIGNALS (computed from the underlying agency-year panel that the rows above are rendered from; plain facts, no conclusions):

IL0601000 ""LIVINGSTON"":
  Publication lanes vs submission months:
  - 2024 CIUS: the FBI's published CIUS/RCN agency table publishes 0 Part-I offenses for 2024, labelled 12 months. The underlying FBI submission record for 2024 is: SRS at 0 reported months (total 0) and NIB at 12 reported months (total 0).
  Offense composition vs this agency's own baseline:
  - This ORI has no full-year baseline year of its own outside 2024 to compare composition against (no other 2018-2023 year reaches 12 reported months with a positive total), so offense composition cannot be scored against its own past.
  Partial-year zeros:
  - PARTIAL-YEAR ZERO, 2018, 2019, 2020, 2021, 2022, 2023 and 2024 SRS: total 0 on 0 reported months, i.e. no month of data was submitted in that lane at all. There is nothing to scale up. Partial-year uplift is multiplicative (count x 12/months), so no uplift, fill ratio or annualisation applied to such a row can return anything other than 0 - UPLIFT CANNOT RESCUE A ZERO. A 0-month zero is arithmetically identical to the agency having submitted nothing.
  Roster and lane provenance:
  - Roster presence: this ORI IS on the FBI CDE 2024 agency roster, named ""Livingston Police Department"", agency type City, county/counties MADISON. The roster gives a NIBRS start date of 2024-01-01.
  - NIBRS timing: roster NIBRS start 2024-01-01; the NIBRS lane first carries a panel row for this ORI in 2024 at 12 reported months, and carries rows for 2024.
  - NIBRS timing arithmetic: a start date of 2024-01 leaves at most 12 months of 2024 inside NIBRS coverage, while the 2024 NIBRS row is labelled 12 months.
  - Lane provenance 2024: 3 lanes carry a 2024 row - CIUS total 0 at 12 months, tier hi, SRS total 0 at 0 months, tier un and NIB total 0 at 12 months, tier hi.
  - Lane independence: CIUS is not an independent count. The CIUS/RCN 'Offenses Known' agency table is the FBI's Return-A master file frozen at publication (verified in this repo at 99.88% cell agreement with the master file for 2023 and 2024), so CIUS agreeing with SRS for a 2024 agency-year is the same submission counted twice, not corroboration by a second source.
  - Lane independence: SRS and NIBRS are not independent either for a NIBRS reporter. The FBI back-converts NIBRS into Return-A, so 86% of 2024 local agencies appear in both lanes off one submission; identical SRS and NIBRS values for the same agency-year normally mean one submission rendered twice.
  - Footprint: this ORI's counts are crosswalked at weight 1 to Census place 1744160 (""Livingston village"") (a specific municipal polygon), as an 'exclusive' assignment produced by the 'provisional_auto' method with review status 'auto'.
  - Pipeline 2024 output: the pipeline read 0 as reported and published 0 - 7 of the 7 offenses carried through as observed.
  - Population: FBI population served moves from 815 in 2018 to 739 in 2024.",cleanup_batches/batch_009.json
x-KY0520400-campbellsburg,cleanup_explicit_escalate,KY,KY0520400,0.0,published_zero+token_reporter,merged_same_ori_pair,unclear_escalate,medium,sol,ad711e3334b9637d1,escalate_hold,,Obtain Kentucky UCR monthly submission detail or local/Henry County operational and incident records.,Deciding fact: the 2024 all-zero feed is the first full-year submission after only one reported month in 2018 and five years with no submitted months. Obtain Kentucky UCR monthly submission detail or local/Henry County operational and incident records.,"Zero is reachable for 852 residents, but the isolated full-year row is equally compatible with a substantive return and an automated reactivation shell. CIUS derives from the same feed, and there is no composition or demonstrated-capacity evidence to break the tie.","FACTS, PART 1 -- publication lane, submission record and own-history levels:
The CIUS (the FBI's own published agency table) lane publishes CAMPBELLSBURG (local_police, population served 852) as a COMPLETE 2024 with a literal printed 0 in all seven Part-I cells, recorded at months_reported=12 / tier high / weight 1.0. That published zero wins the source-preference ladder over both FBI submission lanes. SUBMISSION PROVENANCE: the FBI NIBRS lane carries a 12-month 2024 batch header for this ORI with total 0 Part-I counts (SRS shows 0 at 0 months). No earlier row in the CIUS lane, so there is no same-lane history to compare against. Best value from ANY lane by year 2018-2023: 2018:0, 2019:0, 2020:0, 2021:0, 2022:0, 2023:0; no positive count in any year.

FACTS, PART 2 -- screen arms, own-history baselines, offence composition and peer comparison:
CAMPBELLSBURG (local_police, population served 852) is published as a COMPLETE 12-month 2024 with 0 total Part-I offences, on lane(s) ['cius_publication_annual'] (selection reason ['publication_lane_standing']). Because it is published as complete, no partial-year uplift applies. Screen arms that fired: c1 PEER-ONLY (no usable full-year history; fails the peer-rate floor alone). No usable full-year history 2018-2023 at all, so the own-history arm is blind here and only the peer floor speaks. All-offence rate 0.0 per 100k against a peer median of 503.4 for local_police agencies in population band (0.0, 1000.0] (0.0% of peers). All 2024 lane rows on record: CIUS 0 at 12mo; NIB 0 at 12mo; SRS 0 at 0mo. Every one of the seven offences is zero in 2024 — this is an outright published zero, not a thin year.

NOTE ON THE 12-MONTH BATCH HEADER, stated in both directions because neither is settled: a 12-month NIBRS batch header records twelve monthly submissions, which does rule out the blank-cell-parsed-as-zero ingestion artifact (that artifact needs a 0-2 month submission record). It does NOT by itself separate an agency that submitted twelve months and had no Part-I offence from an agency whose records system emits automatic monthly zero-reports after the agency stopped producing records, nor from an agency that has handed policing to a county sheriff while its ORI keeps filing. Both failure directions cost something real: accepting a false zero silently deletes a live agency's crime from the national panel, and rejecting a true zero fabricates crime for an agency that genuinely had none.

STRUCTURAL PLAUSIBILITY, recomputed for this cleanup pass straight from the agency-year panel (plain facts; the screen is a routing device and implies no direction):
  - NEVER-POSITIVE HISTORY fired: this ORI has no positive Part-I count in any lane in any year 2018-2023. The 2024 zero is the 7th consecutive all-lane zero year.
  - Demonstrated-capacity-then-zero did NOT fire: no year 2018-2023 pairs a 12-month reporting record with a positive Part-I total, so the ORI has never demonstrated full-year reporting capacity in the panel window.
  - Population floor did NOT fire: FBI population served for 2024 is 852, at or below 1,500.
  - Consecutive all-lane zero years ending in 2024: 7.

PANEL EVIDENCE:
ORI KY0520400 ""CAMPBELLSBURG"" local_police | KY cty103 plc12142 | census_name ""campbellsburg city"" | crosswalk name ""campbellsburg police department"" | FBIpop 18:792 19:793 20:792 21:786 22:835 23:839 24:852
  YR: 18: NIB 0/1mo/sp + SRS 0/0mo/un; 19: SRS 0/0mo/un; 20: SRS 0/0mo/un; 21: SRS 0/0mo/un; 22: SRS 0/0mo/un; 23: SRS 0/0mo/un; 24: CIUS 0/12mo/hi + NIB 0/12mo/hi + SRS 0/0mo/un
  2024 offenses: CIUS 0/0/0/0/0/0/0; NIB=same as CIUS; SRS=same as CIUS
  CW: 21:municipal:place:2112142 (""Campbellsburg city"") w=1 exclusive [provisional_auto/auto]
  ROSTER2024: ""Campbellsburg Police Department"" | City | counties HENRY | is_nibrs True | nibrs_start 2015-05-01
  EST2024: reported 0 -> estimated 0 [observedx7]
  LANE_SELECTED_2024: ['cius_publication_annual'] reason ['publication_lane_standing']

COMPUTED SIGNALS (computed from the underlying agency-year panel that the rows above are rendered from; plain facts, no conclusions):

KY0520400 ""CAMPBELLSBURG"":
  Publication lanes vs submission months:
  - 2024 CIUS: the FBI's published CIUS/RCN agency table publishes 0 Part-I offenses for 2024, labelled 12 months. The underlying FBI submission record for 2024 is: SRS at 0 reported months (total 0) and NIB at 12 reported months (total 0).
  Offense composition vs this agency's own baseline:
  - This ORI has no full-year baseline year of its own outside 2024 to compare composition against (no other 2018-2023 year reaches 12 reported months with a positive total), so offense composition cannot be scored against its own past.
  Partial-year zeros:
  - PARTIAL-YEAR ZERO, 2018 NIB: total 0 on 1 reported month. Partial-year uplift is multiplicative (count x 12/1 = x12.0, and 0 x 12.0 is still 0), so no uplift, fill ratio or annualisation applied to such a row can return anything other than 0 - UPLIFT CANNOT RESCUE A ZERO. Treating such a row as a scalable partial year publishes the same zero it started from; a zero observed over 1 month also carries very little information about the other 11.
  - PARTIAL-YEAR ZERO, 2018, 2019, 2020, 2021, 2022, 2023 and 2024 SRS: total 0 on 0 reported months, i.e. no month of data was submitted in that lane at all. There is nothing to scale up. Same point - count x 12/months; UPLIFT CANNOT RESCUE A ZERO.
  Roster and lane provenance:
  - Roster presence: this ORI IS on the FBI CDE 2024 agency roster, named ""Campbellsburg Police Department"", agency type City, county/counties HENRY. The roster gives a NIBRS start date of 2015-05-01.
  - NIBRS timing: roster NIBRS start 2015-05-01; the NIBRS lane first carries a panel row for this ORI in 2018 at 1 reported month, and carries rows for 2018 and 2024.
  - Lane provenance 2024: 3 lanes carry a 2024 row - CIUS total 0 at 12 months, tier hi, SRS total 0 at 0 months, tier un and NIB total 0 at 12 months, tier hi.
  - Lane independence: CIUS is not an independent count. The CIUS/RCN 'Offenses Known' agency table is the FBI's Return-A master file frozen at publication (verified in this repo at 99.88% cell agreement with the master file for 2023 and 2024), so CIUS agreeing with SRS for a 2024 agency-year is the same submission counted twice, not corroboration by a second source.
  - Lane independence: SRS and NIBRS are not independent either for a NIBRS reporter. The FBI back-converts NIBRS into Return-A, so 86% of 2024 local agencies appear in both lanes off one submission; identical SRS and NIBRS values for the same agency-year normally mean one submission rendered twice.
  - Footprint: this ORI's counts are crosswalked at weight 1 to Census place 2112142 (""Campbellsburg city"") (a specific municipal polygon), as an 'exclusive' assignment produced by the 'provisional_auto' method with review status 'auto'.
  - Pipeline 2024 output: the pipeline read 0 as reported and published 0 - 7 of the 7 offenses carried through as observed.
  - Population: FBI population served moves from 792 in 2018 to 852 in 2024.",cleanup_batches/batch_009.json
x-KY0960200-butler,cleanup_explicit_escalate,KY,KY0960200,0.0,published_zero+token_reporter,merged_same_ori_pair,unclear_escalate,high,opus,a2e03862055418271,escalate_hold,,"Two repo-internal checks settle it: (1) does the panel carry ANY 2018-2023 NIBRS rows for other small KY local_police ORIs? If yes, Butler's nine-year NIBRS silence under a 2015-05-01 enrollment is agency-side and the 2024 header is a fresh feed of unproven content (then misread_missing); if no, the absence is KY panel coverage and the zero is a long-quiet record becoming visible (then genuine_zero_year).","Hold 2024 unresolved: do not carry 0 at tier-high/weight-1.0 and do not peer-fill (~3.2 at pop 640). Two repo-internal checks settle it: (1) does the panel carry ANY 2018-2023 NIBRS rows for other small KY local_police ORIs? If yes, Butler's nine-year NIBRS silence under a 2015-05-01 enrollment is agency-side and the 2024 header is a fresh feed of unproven content (then misread_missing); if no, the absence is KY panel coverage and the zero is a long-quiet record becoming visible (then genuine_zero_year). (2) KSP / Kentucky UCR published 2024 figure for Butler PD. Failing both, a second all-zero 12-month year in 2025 makes it structural.","Roster nibrs_start is 2015-05-01 yet the NIBRS lane carries no panel row until 2024, so the 2024 appearance is a demonstrated change in the RECORD, not demonstrably in the agency -- and unlike every other debut case here (nibrs_start 2024-01-01, or Smiley's 2023-08 start with a matching 5-month 2023 row) there is no cohort comparator to separate agency silence from panel coverage. Provenance otherwise excludes blank-as-zero (12-month NIBRS batch header; CIUS is the same submission re-rendered at 99.88% Return-A agreement, not corroboration). Composition carries no signal (uniform zero across all seven streams) and the six prior all-zero years are 0-month non-submissions that say nothing about the level. Plausibility does not decide: band median implies 3.2 expected (P(0)=4.0%), rising to ~30% at the 190/100k rate live small filers demonstrate. Confidence high refers to the escalation being correct, not to either hypothesis.","FACTS, PART 1 -- publication lane, submission record and own-history levels:
The CIUS (the FBI's own published agency table) lane publishes BUTLER (local_police, population served 640) as a COMPLETE 2024 with a literal printed 0 in all seven Part-I cells, recorded at months_reported=12 / tier high / weight 1.0. That published zero wins the source-preference ladder over both FBI submission lanes. SUBMISSION PROVENANCE: the FBI NIBRS lane carries a 12-month 2024 batch header for this ORI with total 0 Part-I counts (SRS shows 0 at 0 months). No earlier row in the CIUS lane, so there is no same-lane history to compare against. Best value from ANY lane by year 2018-2023: 2018:0, 2019:0, 2020:0, 2021:0, 2022:0, 2023:0; no positive count in any year.

FACTS, PART 2 -- screen arms, own-history baselines, offence composition and peer comparison:
BUTLER (local_police, population served 640) is published as a COMPLETE 12-month 2024 with 0 total Part-I offences, on lane(s) ['cius_publication_annual'] (selection reason ['publication_lane_standing']). Because it is published as complete, no partial-year uplift applies. Screen arms that fired: c1 PEER-ONLY (no usable full-year history; fails the peer-rate floor alone). No usable full-year history 2018-2023 at all, so the own-history arm is blind here and only the peer floor speaks. All-offence rate 0.0 per 100k against a peer median of 503.4 for local_police agencies in population band (0.0, 1000.0] (0.0% of peers). All 2024 lane rows on record: CIUS 0 at 12mo; NIB 0 at 12mo; SRS 0 at 0mo. Every one of the seven offences is zero in 2024 — this is an outright published zero, not a thin year.

NOTE ON THE 12-MONTH BATCH HEADER, stated in both directions because neither is settled: a 12-month NIBRS batch header records twelve monthly submissions, which does rule out the blank-cell-parsed-as-zero ingestion artifact (that artifact needs a 0-2 month submission record). It does NOT by itself separate an agency that submitted twelve months and had no Part-I offence from an agency whose records system emits automatic monthly zero-reports after the agency stopped producing records, nor from an agency that has handed policing to a county sheriff while its ORI keeps filing. Both failure directions cost something real: accepting a false zero silently deletes a live agency's crime from the national panel, and rejecting a true zero fabricates crime for an agency that genuinely had none.

STRUCTURAL PLAUSIBILITY, recomputed for this cleanup pass straight from the agency-year panel (plain facts; the screen is a routing device and implies no direction):
  - NEVER-POSITIVE HISTORY fired: this ORI has no positive Part-I count in any lane in any year 2018-2023. The 2024 zero is the 7th consecutive all-lane zero year.
  - Demonstrated-capacity-then-zero did NOT fire: no year 2018-2023 pairs a 12-month reporting record with a positive Part-I total, so the ORI has never demonstrated full-year reporting capacity in the panel window.
  - Population floor did NOT fire: FBI population served for 2024 is 640, at or below 1,500.
  - Consecutive all-lane zero years ending in 2024: 7.

PANEL EVIDENCE:
ORI KY0960200 ""BUTLER"" local_police | KY cty191 plc11530 | census_name ""butler city"" | crosswalk name ""butler police department"" | FBIpop 18:582 19:578 20:580 21:576 22:626 23:639 24:640
  YR: 18: SRS 0/0mo/un; 19: SRS 0/0mo/un; 20: SRS 0/0mo/un; 21: SRS 0/0mo/un; 22: SRS 0/0mo/un; 23: SRS 0/0mo/un; 24: CIUS 0/12mo/hi + NIB 0/12mo/hi + SRS 0/0mo/un
  2024 offenses: CIUS 0/0/0/0/0/0/0; NIB=same as CIUS; SRS=same as CIUS
  CW: 21:municipal:place:2111530 (""Butler city"") w=1 exclusive [provisional_auto/auto]
  ROSTER2024: ""Butler Police Department"" | City | counties PENDLETON | is_nibrs True | nibrs_start 2015-05-01
  EST2024: reported 0 -> estimated 0 [observedx7]
  LANE_SELECTED_2024: ['cius_publication_annual'] reason ['publication_lane_standing']

COMPUTED SIGNALS (computed from the underlying agency-year panel that the rows above are rendered from; plain facts, no conclusions):

KY0960200 ""BUTLER"":
  Publication lanes vs submission months:
  - 2024 CIUS: the FBI's published CIUS/RCN agency table publishes 0 Part-I offenses for 2024, labelled 12 months. The underlying FBI submission record for 2024 is: SRS at 0 reported months (total 0) and NIB at 12 reported months (total 0).
  Offense composition vs this agency's own baseline:
  - This ORI has no full-year baseline year of its own outside 2024 to compare composition against (no other 2018-2023 year reaches 12 reported months with a positive total), so offense composition cannot be scored against its own past.
  Partial-year zeros:
  - PARTIAL-YEAR ZERO, 2018, 2019, 2020, 2021, 2022, 2023 and 2024 SRS: total 0 on 0 reported months, i.e. no month of data was submitted in that lane at all. There is nothing to scale up. Partial-year uplift is multiplicative (count x 12/months), so no uplift, fill ratio or annualisation applied to such a row can return anything other than 0 - UPLIFT CANNOT RESCUE A ZERO. A 0-month zero is arithmetically identical to the agency having submitted nothing.
  Roster and lane provenance:
  - Roster presence: this ORI IS on the FBI CDE 2024 agency roster, named ""Butler Police Department"", agency type City, county/counties PENDLETON. The roster gives a NIBRS start date of 2015-05-01.
  - NIBRS timing: roster NIBRS start 2015-05-01; the NIBRS lane first carries a panel row for this ORI in 2024 at 12 reported months, and carries rows for 2024.
  - Lane provenance 2024: 3 lanes carry a 2024 row - CIUS total 0 at 12 months, tier hi, SRS total 0 at 0 months, tier un and NIB total 0 at 12 months, tier hi.
  - Lane independence: CIUS is not an independent count. The CIUS/RCN 'Offenses Known' agency table is the FBI's Return-A master file frozen at publication (verified in this repo at 99.88% cell agreement with the master file for 2023 and 2024), so CIUS agreeing with SRS for a 2024 agency-year is the same submission counted twice, not corroboration by a second source.
  - Lane independence: SRS and NIBRS are not independent either for a NIBRS reporter. The FBI back-converts NIBRS into Return-A, so 86% of 2024 local agencies appear in both lanes off one submission; identical SRS and NIBRS values for the same agency-year normally mean one submission rendered twice.
  - Footprint: this ORI's counts are crosswalked at weight 1 to Census place 2111530 (""Butler city"") (a specific municipal polygon), as an 'exclusive' assignment produced by the 'provisional_auto' method with review status 'auto'.
  - Pipeline 2024 output: the pipeline read 0 as reported and published 0 - 7 of the 7 offenses carried through as observed.
  - Population: FBI population served moves from 582 in 2018 to 640 in 2024.",cleanup_batches/batch_010.json
x-MN0610200-starbuck,cleanup_replicate_conflict,MN,MN0610200,28.5,published_zero+token_reporter,merged_contradiction,misread_missing,medium,opus,a387ade5bdd4d2b1d,treat_missing_repair,token_reporting_flag(sol/high): Treat 2024 as six believable months with zero recorded offenses; do not annualize the zero or retain it as a complete year.,,"2024 should go MISSING and fillable for MN0610200. token_reporting_flag is arithmetically void here even though a partial record exists: the Return-A lane carries 6 submitted months and all six are zero, so uplift x2.0 republishes 0. Fill should NOT come from 2021-2023 own history (median 7), which is post-NIBRS-transition degraded; prefer a size-band peer fill, or an own-history fill anchored on the pre-transition full years (2018 CIUS 68, 2019 CIUS 48) discounted for the population band. No succession issue: on the 2024 roster, single exclusive w=1 footprint (place 2762500, Starbuck city).","Reconciling both halves: PROVENANCE shows a split 2024 record -- NIBRS claims a 12-month header while Return-A records only 6 submitted months, all zero -- so the 'complete year' standing rests entirely on the NIBRS header, and a zero observed over 6 submitted months carries almost no information about the other 6. COMPOSITION OVER SLOPE is what decides it: the apparent recent baseline of 7-9 (2021-2023) is not a crime level, it is the post-NIBRS-transition record (nibrs_start 2020-08-01) of an agency that reported 68 and 48 under SRS in 2018-2019 with a 27.4/yr baseline mix dominated by larceny 18 and burglary 5.6. Judging 2024 against 7-9 mistakes an artefact for a baseline; judged against the agency's real 27.4/yr mix, a uniform zero across all seven streams at a population that grew 1,246 -> 1,420 is a record state. ABSOLUTE PLAUSIBILITY: pop 1,420 is under the 1,500 floor but over 1,000 with capacity-then-zero fired (2023 full 12-month year at 9); medium rather than high because the step from 9 to 0 is small in absolute terms.","FACTS, PART 1 -- publication lane, submission record and own-history levels:
The CIUS (the FBI's own published agency table) lane publishes STARBUCK (local_police, population served 1435) as a COMPLETE 2024 with a literal printed 0 in all seven Part-I cells, recorded at months_reported=12 / tier high / weight 1.0. That published zero wins the source-preference ladder over both FBI submission lanes. SUBMISSION PROVENANCE: the FBI NIBRS lane carries a 12-month 2024 batch header for this ORI with total 0 Part-I counts (SRS shows 0 at 6 months). Own history in the CIUS lane, 2018-2023: 2018:68, 2019:48, 2022:7, 2023:9 (median 28.5). Best value from ANY lane by year 2018-2023: 2018:68, 2019:48, 2020:12, 2021:5, 2022:7, 2023:9; last year with any positive count anywhere: 2023.

FACTS, PART 2 -- screen arms, own-history baselines, offence composition and peer comparison:
STARBUCK (local_police, population served 1435) is published as a COMPLETE 12-month 2024 with 0 total Part-I offences, on lane(s) ['cius_publication_annual'] (selection reason ['publication_lane_standing']). Because it is published as complete, no partial-year uplift applies. Screen arms that fired: c1 DUAL (own-history collapse AND peer-rate floor both fired). Own 2018-2023 FULL-YEAR median: 9 (2024 is 0.0% of it). 2021-2023 baseline median: 7 (2024 is 0.0% of it). All-offence rate 0.0 per 100k against a peer median of 702.6 for local_police agencies in population band (1000.0, 2500.0] (0.0% of peers). All 2024 lane rows on record: CIUS 0 at 12mo; NIB 0 at 12mo; SRS 0 at 6mo. Every one of the seven offences is zero in 2024 — this is an outright published zero, not a thin year.

NOTE ON THE 12-MONTH BATCH HEADER, stated in both directions because neither is settled: a 12-month NIBRS batch header records twelve monthly submissions, which does rule out the blank-cell-parsed-as-zero ingestion artifact (that artifact needs a 0-2 month submission record). It does NOT by itself separate an agency that submitted twelve months and had no Part-I offence from an agency whose records system emits automatic monthly zero-reports after the agency stopped producing records, nor from an agency that has handed policing to a county sheriff while its ORI keeps filing. Both failure directions cost something real: accepting a false zero silently deletes a live agency's crime from the national panel, and rejecting a true zero fabricates crime for an agency that genuinely had none.

STRUCTURAL PLAUSIBILITY, recomputed for this cleanup pass straight from the agency-year panel (plain facts; the screen is a routing device and implies no direction):
  - Never-positive history did NOT fire: the ORI's highest prior-year total from any lane is 68 (last year with any positive count anywhere: 2023).
  - DEMONSTRATED-CAPACITY-THEN-ZERO fired: this ORI filed a FULL 12-month year with a positive Part-I total as recently as 2023 (9 offences), with 5 such full-year positive years on record 2018-2023. Whatever produced those counts existed; the 2024 record is zero.
  - Population floor did NOT fire: FBI population served for 2024 is 1,420, at or below 1,500.
  - Consecutive all-lane zero years ending in 2024: 1.

PANEL EVIDENCE:
ORI MN0610200 ""STARBUCK"" local_police | MN cty121 plc62500 | crosswalk name ""starbuck police department"" | FBIpop 18:1246 19:1255 20:1267 21:1264 22:1382 23:1435 24:1420
  YR: 18: CIUS 68/12mo/hi + SRS 68/12mo/hi; 19: CIUS 48/12mo/hi + SRS 48/12mo/hi; 20: NIB 8/5mo/sp + SRS 12/8mo/lo; 21: NIB 5/12mo/hi + SRS 5/3mo/sp; 22: CIUS 7/12mo/hi + NIB 7/12mo/hi + SRS 7/5mo/sp; 23: CIUS 9/12mo/hi + NIB 9/12mo/hi + SRS 9/9mo/lo; 24: CIUS 0/12mo/hi + NIB 0/12mo/hi + SRS 0/6mo/lo
  2024 offenses: CIUS 0/0/0/0/0/0/0; NIB=same as CIUS; SRS=same as CIUS
  CW: 27:municipal:place:2762500 (""Starbuck city"") w=1 exclusive [first_pass/auto]
  ROSTER2024: ""Starbuck Police Department"" | City | counties POPE | is_nibrs True | nibrs_start 2020-08-01
  EST2024: reported 0 -> estimated 0 [observedx7]
  LANE_SELECTED_2024: ['cius_publication_annual'] reason ['publication_lane_standing']

COMPUTED SIGNALS (computed from the underlying agency-year panel that the rows above are rendered from; plain facts, no conclusions):

MN0610200 ""STARBUCK"":
  Publication lanes vs submission months:
  - 2018 CIUS: the FBI's published CIUS/RCN agency table publishes 68 Part-I offenses for 2018, labelled 12 months. The underlying FBI submission record for 2018 is: SRS at 12 reported months (total 68) and no NIB row at all.
  - 2019 CIUS: the FBI's published CIUS/RCN agency table publishes 48 Part-I offenses for 2019, labelled 12 months. The underlying FBI submission record for 2019 is: SRS at 12 reported months (total 48) and no NIB row at all.
  - 2022 CIUS: the FBI's published CIUS/RCN agency table publishes 7 Part-I offenses for 2022, labelled 12 months. The underlying FBI submission record for 2022 is: SRS at 5 reported months (total 7) and NIB at 12 reported months (total 7).
  - 2023 CIUS: the FBI's published CIUS/RCN agency table publishes 9 Part-I offenses for 2023, labelled 12 months. The underlying FBI submission record for 2023 is: SRS at 9 reported months (total 9) and NIB at 12 reported months (total 9).
  - 2024 CIUS: the FBI's published CIUS/RCN agency table publishes 0 Part-I offenses for 2024, labelled 12 months. The underlying FBI submission record for 2024 is: SRS at 6 reported months (total 0) and NIB at 12 reported months (total 0).
  Offense composition vs this agency's own baseline:
  - Baseline years (12 reported months, total at or above half this agency's own median full-year total of 9): 2018 via CIUS, 2019 via CIUS, 2021 via NIB, 2022 via CIUS and 2023 via CIUS. Baseline-year average composition - murder 0; rape 0.4; robbery 0; aggravated assault 2.6; burglary 5.6; larceny 18; motor vehicle theft 0.8; total 27.4 a year.
  - 2024 CIUS composition: total 0 against a baseline-year average of 27.4 a year. Every one of the seven offense streams is 0, so the year carries no internal composition signal at all - the zero is uniform across all streams rather than concentrated in any of them, and composition can neither support nor undercut it.
  - 2020 SRS composition (partial year: 12 on 8 reported months, shown annualised at x1.50): total 18 against a baseline-year average of 27.4 (66% of baseline). Per offense - murder 0 vs baseline 0 (no baseline); rape 0 vs baseline 0.4 (0.00%); robbery 0 vs baseline 0 (no baseline); aggravated assault 6 vs baseline 2.6 (231%); burglary 1.5 vs baseline 5.6 (27%); larceny 9 vs baseline 18 (50%); motor vehicle theft 1.5 vs baseline 0.8 (188%).
  - 2020 SRS composition (partial year: 12 on 8 reported months, shown annualised at x1.50): COMPOSITION IS DISTORTED relative to this agency's own baseline (retention across offenses with a baseline of 3 or more ranges from 27% to 50% while the aggregate sits at 66%). Specifically: the mix itself moves - aggravated assault is 33% of the year's total against 9.5% across baseline years. A uniform change in the level of crime moves all seven streams together; a spread this wide is a change in which offense streams are present in the record, not in how much crime the streams describe.
  Partial-year zeros:
  - PARTIAL-YEAR ZERO, 2024 SRS: total 0 on 6 reported months. Partial-year uplift is multiplicative (count x 12/6 = x2.0, and 0 x 2.0 is still 0), so no uplift, fill ratio or annualisation applied to such a row can return anything other than 0 - UPLIFT CANNOT RESCUE A ZERO. Treating such a row as a scalable partial year publishes the same zero it started from; a zero observed over 6 months also carries very little information about the other 6.
  Roster and lane provenance:
  - Roster presence: this ORI IS on the FBI CDE 2024 agency roster, named ""Starbuck Police Department"", agency type City, county/counties POPE. The roster gives a NIBRS start date of 2020-08-01.
  - NIBRS timing: roster NIBRS start 2020-08-01; the NIBRS lane first carries a panel row for this ORI in 2020 at 5 reported months, and carries rows for 2020, 2021, 2022, 2023 and 2024.
  - Lane provenance 2024: 3 lanes carry a 2024 row - CIUS total 0 at 12 months, tier hi, SRS total 0 at 6 months, tier lo and NIB total 0 at 12 months, tier hi.
  - Lane independence: CIUS is not an independent count. The CIUS/RCN 'Offenses Known' agency table is the FBI's Return-A master file frozen at publication (verified in this repo at 99.88% cell agreement with the master file for 2023 and 2024), so CIUS agreeing with SRS for a 2024 agency-year is the same submission counted twice, not corroboration by a second source.
  - Lane independence: SRS and NIBRS are not independent either for a NIBRS reporter. The FBI back-converts NIBRS into Return-A, so 86% of 2024 local agencies appear in both lanes off one submission; identical SRS and NIBRS values for the same agency-year normally mean one submission rendered twice.
  - Footprint: this ORI's counts are crosswalked at weight 1 to Census place 2762500 (""Starbuck city"") (a specific municipal polygon), as an 'exclusive' assignment produced by the 'first_pass' method with review status 'auto'.
  - Pipeline 2024 output: the pipeline read 0 as reported and published 0 - 7 of the 7 offenses carried through as observed.
  - Population: FBI population served moves from 1,246 in 2018 to 1,420 in 2024.",cleanup_batches/batch_001.json
x-KY0110200-junction-city,cleanup_replicate_conflict,KY,KY0110200,12.5,published_zero+token_reporter,merged_contradiction,misread_missing,high,opus,a387ade5bdd4d2b1d,treat_missing_repair,token_reporting_flag(sol/high): Treat 2024 as one believable month with zero recorded offenses; do not annualize the zero or retain it as a complete year.,,"2024 should go MISSING and fillable for KY0110200. Do not use trend_log_linear or hist_median naively -- this ORI's own history is wildly unstable (3, 72, 3) and the 2022 lane divergence (CIUS 72 vs NIB 40) means even the peak year has two vintages; a size-band peer fill for local_police in (1000,2500] is the defensible route. No succession issue: on the 2024 roster (NIBRS since 2009-01-01), unbroken panel rows 2018-2024, single exclusive w=1 footprint (place 2141338, Junction City city). Note the roster lists two counties (BOYLE, LINCOLN) while the footprint is one place at w=1 -- worth a Stage-2 check but it does not affect this verdict.","ABSOLUTE PLAUSIBILITY is decisive and provenance does not rescue the row. FBIpop 2,294 is above the 1,500 floor; peer median 702.6/100k implies ~16 offences; the agency filed a positive 12-month year in every single year 2018-2023 (7, 18, 8, 3, 72, 3) with a baseline mix of 26.2/yr dominated by burglary 18.8. Zero in all seven streams is not a reachable crime outcome for a 2,294-person city with a functioning police department, and the population is flat (2,300 -> 2,294), so there is no shrinkage story. PROVENANCE corroborates rather than contradicts: the Return-A lane records only 1 submitted month for 2024 against a 12-month NIBRS header, and that single month is itself zero, so the 'complete year' standing rests on the header alone. BLANK-AS-ZERO ruled out (12-month header, not a 0-2 month record). Not token_reporting_flag: uplifting a zero over 1 month (x12) still publishes 0.","FACTS, PART 1 -- publication lane, submission record and own-history levels:
The CIUS (the FBI's own published agency table) lane publishes JUNCTION CITY (local_police, population served 2347) as a COMPLETE 2024 with a literal printed 0 in all seven Part-I cells, recorded at months_reported=12 / tier high / weight 1.0. That published zero wins the source-preference ladder over both FBI submission lanes. SUBMISSION PROVENANCE: the FBI NIBRS lane carries a 12-month 2024 batch header for this ORI with total 0 Part-I counts (SRS shows 0 at 1 months). Own history in the CIUS lane, 2018-2023: 2018:7, 2019:18, 2022:72, 2023:3 (median 12.5). Best value from ANY lane by year 2018-2023: 2018:7, 2019:18, 2020:8, 2021:3, 2022:72, 2023:3; last year with any positive count anywhere: 2023.

FACTS, PART 2 -- screen arms, own-history baselines, offence composition and peer comparison:
JUNCTION CITY (local_police, population served 2347) is published as a COMPLETE 12-month 2024 with 0 total Part-I offences, on lane(s) ['cius_publication_annual'] (selection reason ['publication_lane_standing']). Because it is published as complete, no partial-year uplift applies. Screen arms that fired: c1 DUAL (own-history collapse AND peer-rate floor both fired). Own 2018-2023 FULL-YEAR median: 7.5 (2024 is 0.0% of it). 2021-2023 baseline median: 3 (2024 is 0.0% of it). All-offence rate 0.0 per 100k against a peer median of 702.6 for local_police agencies in population band (1000.0, 2500.0] (0.0% of peers). All 2024 lane rows on record: CIUS 0 at 12mo; NIB 0 at 12mo; SRS 0 at 1mo. Every one of the seven offences is zero in 2024 — this is an outright published zero, not a thin year.

NOTE ON THE 12-MONTH BATCH HEADER, stated in both directions because neither is settled: a 12-month NIBRS batch header records twelve monthly submissions, which does rule out the blank-cell-parsed-as-zero ingestion artifact (that artifact needs a 0-2 month submission record). It does NOT by itself separate an agency that submitted twelve months and had no Part-I offence from an agency whose records system emits automatic monthly zero-reports after the agency stopped producing records, nor from an agency that has handed policing to a county sheriff while its ORI keeps filing. Both failure directions cost something real: accepting a false zero silently deletes a live agency's crime from the national panel, and rejecting a true zero fabricates crime for an agency that genuinely had none.

STRUCTURAL PLAUSIBILITY, recomputed for this cleanup pass straight from the agency-year panel (plain facts; the screen is a routing device and implies no direction):
  - Never-positive history did NOT fire: the ORI's highest prior-year total from any lane is 72 (last year with any positive count anywhere: 2023).
  - DEMONSTRATED-CAPACITY-THEN-ZERO fired: this ORI filed a FULL 12-month year with a positive Part-I total as recently as 2023 (3 offences), with 6 such full-year positive years on record 2018-2023. Whatever produced those counts existed; the 2024 record is zero.
  - POPULATION FLOOR fired: FBI population served for 2024 is 2,294, above the 1,500 line below which a genuinely crime-free year is unremarkable.
  - Consecutive all-lane zero years ending in 2024: 1.

PANEL EVIDENCE:
ORI KY0110200 ""JUNCTION CITY"" local_police | KY cty021 plc41338 | census_name ""junction city city"" | crosswalk name ""junction city police department"" | FBIpop 18:2300 19:2315 20:2312 21:2347 22:2259 23:2297 24:2294
  YR: 18: CIUS 7/12mo/hi + NIB 7/12mo/hi + SRS 7/6mo/lo; 19: CIUS 18/12mo/hi + NIB 18/12mo/hi + SRS 18/8mo/lo; 20: NIB 8/12mo/hi + SRS 8/7mo/lo; 21: NIB 3/12mo/hi + SRS 3/5mo/sp; 22: CIUS 72/12mo/hi + NIB 40/12mo/hi + SRS 72/9mo/lo; 23: CIUS 3/12mo/hi + NIB 3/12mo/hi + SRS 3/5mo/sp; 24: CIUS 0/12mo/hi + NIB 0/12mo/hi + SRS 0/1mo/sp
  2024 offenses: CIUS 0/0/0/0/0/0/0; NIB=same as CIUS; SRS=same as CIUS
  CW: 21:municipal:place:2141338 (""Junction City city"") w=1 exclusive [provisional_auto/auto]
  ROSTER2024: ""Junction City Police Department"" | City | counties BOYLE, LINCOLN | is_nibrs True | nibrs_start 2009-01-01
  EST2024: reported 0 -> estimated 0 [observedx7]
  LANE_SELECTED_2024: ['cius_publication_annual'] reason ['publication_lane_standing']

COMPUTED SIGNALS (computed from the underlying agency-year panel that the rows above are rendered from; plain facts, no conclusions):

KY0110200 ""JUNCTION CITY"":
  Publication lanes vs submission months:
  - 2018 CIUS: the FBI's published CIUS/RCN agency table publishes 7 Part-I offenses for 2018, labelled 12 months. The underlying FBI submission record for 2018 is: SRS at 6 reported months (total 7) and NIB at 12 reported months (total 7).
  - 2019 CIUS: the FBI's published CIUS/RCN agency table publishes 18 Part-I offenses for 2019, labelled 12 months. The underlying FBI submission record for 2019 is: SRS at 8 reported months (total 18) and NIB at 12 reported months (total 18).
  - 2022 CIUS: the FBI's published CIUS/RCN agency table publishes 72 Part-I offenses for 2022, labelled 12 months. The underlying FBI submission record for 2022 is: SRS at 9 reported months (total 72) and NIB at 12 reported months (total 40). LANE DIVERGENCE: the CIUS published total (72) and the same-year NIB submission total (40) differ by more than 20%. CIUS is the Return-A master file frozen at publication time while the master file keeps being revised afterwards, so a CIUS-vs-submission gap in the same year is a vintage or coverage fact about the two renderings of one submission - not two independent measurements of crime.
  - 2023 CIUS: the FBI's published CIUS/RCN agency table publishes 3 Part-I offenses for 2023, labelled 12 months. The underlying FBI submission record for 2023 is: SRS at 5 reported months (total 3) and NIB at 12 reported months (total 3).
  - 2024 CIUS: the FBI's published CIUS/RCN agency table publishes 0 Part-I offenses for 2024, labelled 12 months. The underlying FBI submission record for 2024 is: SRS at 1 reported month (total 0) and NIB at 12 reported months (total 0).
  Offense composition vs this agency's own baseline:
  - Baseline years (12 reported months, total at or above half this agency's own median full-year total of 7.5): 2018 via CIUS, 2019 via CIUS, 2020 via NIB and 2022 via CIUS. Baseline-year average composition - murder 0; rape 0; robbery 0; aggravated assault 0.5; burglary 18.8; larceny 5.5; motor vehicle theft 1.5; total 26.2 a year.
  - 2024 CIUS composition: total 0 against a baseline-year average of 26.2 a year. Every one of the seven offense streams is 0, so the year carries no internal composition signal at all - the zero is uniform across all streams rather than concentrated in any of them, and composition can neither support nor undercut it.
  Partial-year zeros:
  - PARTIAL-YEAR ZERO, 2024 SRS: total 0 on 1 reported month. Partial-year uplift is multiplicative (count x 12/1 = x12.0, and 0 x 12.0 is still 0), so no uplift, fill ratio or annualisation applied to such a row can return anything other than 0 - UPLIFT CANNOT RESCUE A ZERO. Treating such a row as a scalable partial year publishes the same zero it started from; a zero observed over 1 month also carries very little information about the other 11.
  Roster and lane provenance:
  - Roster presence: this ORI IS on the FBI CDE 2024 agency roster, named ""Junction City Police Department"", agency type City, county/counties BOYLE, LINCOLN. The roster gives a NIBRS start date of 2009-01-01.
  - NIBRS timing: roster NIBRS start 2009-01-01; the NIBRS lane first carries a panel row for this ORI in 2018 at 12 reported months, and carries rows for 2018, 2019, 2020, 2021, 2022, 2023 and 2024.
  - Lane provenance 2024: 3 lanes carry a 2024 row - CIUS total 0 at 12 months, tier hi, SRS total 0 at 1 month, tier sp and NIB total 0 at 12 months, tier hi.
  - Lane independence: CIUS is not an independent count. The CIUS/RCN 'Offenses Known' agency table is the FBI's Return-A master file frozen at publication (verified in this repo at 99.88% cell agreement with the master file for 2023 and 2024), so CIUS agreeing with SRS for a 2024 agency-year is the same submission counted twice, not corroboration by a second source.
  - Lane independence: SRS and NIBRS are not independent either for a NIBRS reporter. The FBI back-converts NIBRS into Return-A, so 86% of 2024 local agencies appear in both lanes off one submission; identical SRS and NIBRS values for the same agency-year normally mean one submission rendered twice.
  - Footprint: this ORI's counts are crosswalked at weight 1 to Census place 2141338 (""Junction City city"") (a specific municipal polygon), as an 'exclusive' assignment produced by the 'provisional_auto' method with review status 'auto'.
  - Pipeline 2024 output: the pipeline read 0 as reported and published 0 - 7 of the 7 offenses carried through as observed.
  - Population: FBI population served moves from 2,300 in 2018 to 2,294 in 2024.",cleanup_batches/batch_001.json
x-OH0070300-bridgeport,cleanup_replicate_conflict,OH,OH0070300,11.0,published_zero+token_reporter,merged_contradiction,misread_missing,medium,opus,a387ade5bdd4d2b1d,treat_missing_repair,token_reporting_flag(sol/high): Treat 2024 as one believable month with zero recorded offenses; do not annualize the zero or retain it as a complete year.,,"2024 should go MISSING and fillable for OH0070300. This is the weakest misread ruling in the batch and the counter-evidence deserves to travel with it: OH0070300 is a 26-year NIBRS reporter (start 1998-04-01) with 11-12 month NIBRS coverage in every year on record and a smooth monotone decline (27, 11, 10, 8, 5, 4) that tracks a 13% population loss (1,756 -> 1,522) -- the most genuine-looking decline in the batch. If a supervisor re-opens any single case here, make it this one. Fill: anchor on the recent credible full years (2022 CIUS 5, 2023 NIB 4 on 11mo -> level ~4-6) rather than the 16/yr baseline, since part of the decline is probably real. No succession issue: on the 2024 roster, single exclusive w=1 footprint (place 3908560, Bridgeport village).","Two facts push it over the line despite the clean reporting history. First, ABSOLUTE PLAUSIBILITY: FBIpop 1,522 is above the 1,500 floor and capacity-then-zero fired (full 12-month positive years through 2022), so per doctrine a capacity-then-zero at this population reads as structural non-reporting; peer median 702.6/100k implies ~11 offences and the agency's own baseline mix is 16/yr with larceny 10.3, which cannot go to absolute zero as a level change. Second, PROVENANCE breaks in 2024 in a way it never had before: Return-A submitted months run 11, 11, 12, 7, 7, 6 for 2018-2023 and then collapse to 1 in 2024, so the only support for a complete year is the NIBRS header while the other rendering of the same submission says the record stopped. COMPOSITION cannot arbitrate (2024 is uniformly zero, and the packet notes the 16/yr base is too small to score), which is why this is medium and not high -- the hypothesis that a shrinking Rust Belt village genuinely stepped from 4 to 0 is not excluded, only outweighed.","FACTS, PART 1 -- publication lane, submission record and own-history levels:
The CIUS (the FBI's own published agency table) lane publishes BRIDGEPORT (local_police, population served 1756) as a COMPLETE 2024 with a literal printed 0 in all seven Part-I cells, recorded at months_reported=12 / tier high / weight 1.0. That published zero wins the source-preference ladder over both FBI submission lanes. SUBMISSION PROVENANCE: the FBI NIBRS lane carries a 12-month 2024 batch header for this ORI with total 0 Part-I counts (SRS shows 0 at 1 months). Own history in the CIUS lane, 2018-2023: 2018:27, 2019:11, 2022:5 (median 11). Best value from ANY lane by year 2018-2023: 2018:27, 2019:11, 2020:10, 2021:8, 2022:5, 2023:4; last year with any positive count anywhere: 2023.

FACTS, PART 2 -- screen arms, own-history baselines, offence composition and peer comparison:
BRIDGEPORT (local_police, population served 1756) is published as a COMPLETE 12-month 2024 with 0 total Part-I offences, on lane(s) ['cius_publication_annual'] (selection reason ['publication_lane_standing']). Because it is published as complete, no partial-year uplift applies. Screen arms that fired: c1 DUAL (own-history collapse AND peer-rate floor both fired). Own 2018-2023 FULL-YEAR median: 10.5 (2024 is 0.0% of it). 2021-2023 baseline median: 5 (2024 is 0.0% of it). All-offence rate 0.0 per 100k against a peer median of 702.6 for local_police agencies in population band (1000.0, 2500.0] (0.0% of peers). All 2024 lane rows on record: CIUS 0 at 12mo; NIB 0 at 12mo; SRS 0 at 1mo. Every one of the seven offences is zero in 2024 — this is an outright published zero, not a thin year.

NOTE ON THE 12-MONTH BATCH HEADER, stated in both directions because neither is settled: a 12-month NIBRS batch header records twelve monthly submissions, which does rule out the blank-cell-parsed-as-zero ingestion artifact (that artifact needs a 0-2 month submission record). It does NOT by itself separate an agency that submitted twelve months and had no Part-I offence from an agency whose records system emits automatic monthly zero-reports after the agency stopped producing records, nor from an agency that has handed policing to a county sheriff while its ORI keeps filing. Both failure directions cost something real: accepting a false zero silently deletes a live agency's crime from the national panel, and rejecting a true zero fabricates crime for an agency that genuinely had none.

STRUCTURAL PLAUSIBILITY, recomputed for this cleanup pass straight from the agency-year panel (plain facts; the screen is a routing device and implies no direction):
  - Never-positive history did NOT fire: the ORI's highest prior-year total from any lane is 27 (last year with any positive count anywhere: 2023).
  - DEMONSTRATED-CAPACITY-THEN-ZERO fired: this ORI filed a FULL 12-month year with a positive Part-I total as recently as 2022 (5 offences), with 4 such full-year positive years on record 2018-2023. Whatever produced those counts existed; the 2024 record is zero.
  - POPULATION FLOOR fired: FBI population served for 2024 is 1,522, above the 1,500 line below which a genuinely crime-free year is unremarkable.
  - Consecutive all-lane zero years ending in 2024: 1.

PANEL EVIDENCE:
ORI OH0070300 ""BRIDGEPORT"" local_police | OH cty013 plc08560 | census_name ""bridgeport village"" | crosswalk name ""bridgeport police department"" | FBIpop 18:1756 19:1741 20:1716 21:1691 22:1559 23:1539 24:1522
  YR: 18: CIUS 27/12mo/hi + NIB 27/12mo/hi + SRS 27/11mo/md; 19: CIUS 11/12mo/hi + NIB 11/12mo/hi + SRS 11/11mo/md; 20: NIB 10/12mo/hi + SRS 10/12mo/hi; 21: NIB 8/11mo/md + SRS 8/7mo/lo; 22: CIUS 5/12mo/hi + NIB 5/12mo/hi + SRS 5/7mo/lo; 23: NIB 4/11mo/md + SRS 4/6mo/lo; 24: CIUS 0/12mo/hi + NIB 0/12mo/hi + SRS 0/1mo/sp
  2024 offenses: CIUS 0/0/0/0/0/0/0; NIB=same as CIUS; SRS=same as CIUS
  CW: 39:municipal:place:3908560 (""Bridgeport village"") w=1 exclusive [provisional_auto/auto]
  ROSTER2024: ""Bridgeport Police Department"" | City | counties BELMONT | is_nibrs True | nibrs_start 1998-04-01
  EST2024: reported 0 -> estimated 0 [observedx7]
  LANE_SELECTED_2024: ['cius_publication_annual'] reason ['publication_lane_standing']

COMPUTED SIGNALS (computed from the underlying agency-year panel that the rows above are rendered from; plain facts, no conclusions):

OH0070300 ""BRIDGEPORT"":
  Publication lanes vs submission months:
  - 2018 CIUS: the FBI's published CIUS/RCN agency table publishes 27 Part-I offenses for 2018, labelled 12 months. The underlying FBI submission record for 2018 is: SRS at 11 reported months (total 27) and NIB at 12 reported months (total 27).
  - 2019 CIUS: the FBI's published CIUS/RCN agency table publishes 11 Part-I offenses for 2019, labelled 12 months. The underlying FBI submission record for 2019 is: SRS at 11 reported months (total 11) and NIB at 12 reported months (total 11).
  - 2022 CIUS: the FBI's published CIUS/RCN agency table publishes 5 Part-I offenses for 2022, labelled 12 months. The underlying FBI submission record for 2022 is: SRS at 7 reported months (total 5) and NIB at 12 reported months (total 5).
  - 2024 CIUS: the FBI's published CIUS/RCN agency table publishes 0 Part-I offenses for 2024, labelled 12 months. The underlying FBI submission record for 2024 is: SRS at 1 reported month (total 0) and NIB at 12 reported months (total 0).
  Offense composition vs this agency's own baseline:
  - Baseline years (12 reported months, total at or above half this agency's own median full-year total of 10.5): 2018 via CIUS, 2019 via CIUS and 2020 via SRS. Baseline-year average composition - murder 0.3; rape 1; robbery 0; aggravated assault 0.7; burglary 2.7; larceny 10.3; motor vehicle theft 1; total 16 a year.
  - 2024 CIUS composition: total 0 against a baseline-year average of 16 a year. Every one of the seven offense streams is 0, so the year carries no internal composition signal at all - the zero is uniform across all streams rather than concentrated in any of them, and composition can neither support nor undercut it.
  - 2021 NIB composition (partial year: 8 on 11 reported months, shown annualised at x1.09): total 8.7 against a baseline-year average of 16 (55% of baseline). Per offense - murder 0 vs baseline 0.3 (0.00%); rape 0 vs baseline 1 (0.00%); robbery 0 vs baseline 0 (no baseline); aggravated assault 1.1 vs baseline 0.7 (164%); burglary 0 vs baseline 2.7 (0.00%); larceny 7.6 vs baseline 10.3 (74%); motor vehicle theft 0 vs baseline 1 (0.00%).
  - 2021 NIB composition (partial year: 8 on 11 reported months, shown annualised at x1.09): this agency's baseline-year average is only 16 offenses a year, which is too small a base for offense composition to carry a usable signal - one or two counts move any share or ratio, so composition is not scored here.
  - 2023 NIB composition (partial year: 4 on 11 reported months, shown annualised at x1.09): total 4.4 against a baseline-year average of 16 (27% of baseline). Per offense - murder 0 vs baseline 0.3 (0.00%); rape 0 vs baseline 1 (0.00%); robbery 0 vs baseline 0 (no baseline); aggravated assault 1.1 vs baseline 0.7 (164%); burglary 0 vs baseline 2.7 (0.00%); larceny 3.3 vs baseline 10.3 (32%); motor vehicle theft 0 vs baseline 1 (0.00%).
  - 2023 NIB composition (partial year: 4 on 11 reported months, shown annualised at x1.09): this agency's baseline-year average is only 16 offenses a year, which is too small a base for offense composition to carry a usable signal - one or two counts move any share or ratio, so composition is not scored here.
  Partial-year zeros:
  - PARTIAL-YEAR ZERO, 2024 SRS: total 0 on 1 reported month. Partial-year uplift is multiplicative (count x 12/1 = x12.0, and 0 x 12.0 is still 0), so no uplift, fill ratio or annualisation applied to such a row can return anything other than 0 - UPLIFT CANNOT RESCUE A ZERO. Treating such a row as a scalable partial year publishes the same zero it started from; a zero observed over 1 month also carries very little information about the other 11.
  Roster and lane provenance:
  - Roster presence: this ORI IS on the FBI CDE 2024 agency roster, named ""Bridgeport Police Department"", agency type City, county/counties BELMONT. The roster gives a NIBRS start date of 1998-04-01.
  - NIBRS timing: roster NIBRS start 1998-04-01; the NIBRS lane first carries a panel row for this ORI in 2018 at 12 reported months, and carries rows for 2018, 2019, 2020, 2021, 2022, 2023 and 2024.
  - Lane provenance 2024: 3 lanes carry a 2024 row - CIUS total 0 at 12 months, tier hi, SRS total 0 at 1 month, tier sp and NIB total 0 at 12 months, tier hi.
  - Lane independence: CIUS is not an independent count. The CIUS/RCN 'Offenses Known' agency table is the FBI's Return-A master file frozen at publication (verified in this repo at 99.88% cell agreement with the master file for 2023 and 2024), so CIUS agreeing with SRS for a 2024 agency-year is the same submission counted twice, not corroboration by a second source.
  - Lane independence: SRS and NIBRS are not independent either for a NIBRS reporter. The FBI back-converts NIBRS into Return-A, so 86% of 2024 local agencies appear in both lanes off one submission; identical SRS and NIBRS values for the same agency-year normally mean one submission rendered twice.
  - Footprint: this ORI's counts are crosswalked at weight 1 to Census place 3908560 (""Bridgeport village"") (a specific municipal polygon), as an 'exclusive' assignment produced by the 'provisional_auto' method with review status 'auto'.
  - Pipeline 2024 output: the pipeline read 0 as reported and published 0 - 7 of the 7 offenses carried through as observed.
  - Population: FBI population served moves from 1,756 in 2018 to 1,522 in 2024.",cleanup_batches/batch_001.json
x-KY1130300-uniontown,cleanup_replicate_conflict,KY,KY1130300,10.0,published_zero+token_reporter,merged_contradiction,misread_missing,high,opus,a387ade5bdd4d2b1d,treat_missing_repair,genuine_zero_year(sol/medium): Carry the 2024 zero as observed for twelve months.,,"2024 should go MISSING for KY1130300, but the fill decision needs one extra check the panel can answer: whether Uniontown PD is still the policing agency. If it is, fill from the pre-collapse full years (2018 CIUS 36, 2019 CIUS 18, 2020 NIB 13 -> level ~13-22) or a size-band peer fill for (0,1000] (peer median 503.4/100k). If policing has passed to the Union County Sheriff or KSP, the year should be missing WITHOUT an own-history fill, so the county/remainder lane carries the exposure and the city is not double-counted. Do NOT use hist_median across 2018-2023 either way -- it averages in the 2021, 2022 and 2024 zeros this ruling holds to be non-reports. 2021, 2022 and 2023 carry the same signature and should be re-examined in the same pass. No succession issue on the ORI itself: on the 2024 roster (NIBRS since 2009), single exclusive w=1 footprint (place 2178492, Uniontown city).","The published zero fails under every live hypothesis, which is why confidence is high even though pop 892 sits below every plausibility floor. Provenance and composition reconcile against it. PROVENANCE: 2022 published exactly this signature -- CIUS a literal printed 0, NIBRS 0 on a 12-month header, Return-A 0 on 0 months -- and 2023 then produced 2 offences, so a 12-month zero header for this ORI is a demonstrated non-report state. COMPOSITION: the one positive year in the 2021-2024 block is itself only partially populated -- 2023 has larceny at 0 against a baseline of 14 (63% of the baseline mix) with retention spread 0%-17% against a 9.0% aggregate -- so even the 'live' year is a broken record, not a low year. Against a 22.3/yr baseline established over 2018-2020 (36, 18, 13) at a flat population (943 -> 892), a 0/0/2/0 four-year block is over-dispersed far beyond any crime process: the zeros are reporting states. The only branch on which the published 0 is usable is a genuinely crime-free 892-person town, which the 2018-2020 record excludes; both surviving branches (broken RMS feed, or a defunct department still zero-filing) route to misread_missing.","FACTS, PART 1 -- publication lane, submission record and own-history levels:
The CIUS (the FBI's own published agency table) lane publishes UNIONTOWN (local_police, population served 943) as a COMPLETE 2024 with a literal printed 0 in all seven Part-I cells, recorded at months_reported=12 / tier high / weight 1.0. That published zero wins the source-preference ladder over both FBI submission lanes. SUBMISSION PROVENANCE: the FBI NIBRS lane carries a 12-month 2024 batch header for this ORI with total 0 Part-I counts (SRS shows 0 at 0 months). Own history in the CIUS lane, 2018-2023: 2018:36, 2019:18, 2022:0, 2023:2 (median 10). Best value from ANY lane by year 2018-2023: 2018:36, 2019:18, 2020:13, 2021:0, 2022:0, 2023:2; last year with any positive count anywhere: 2023.

FACTS, PART 2 -- screen arms, own-history baselines, offence composition and peer comparison:
UNIONTOWN (local_police, population served 943) is published as a COMPLETE 12-month 2024 with 0 total Part-I offences, on lane(s) ['cius_publication_annual'] (selection reason ['publication_lane_standing']). Because it is published as complete, no partial-year uplift applies. Screen arms that fired: c1 DUAL (own-history collapse AND peer-rate floor both fired). Own 2018-2023 FULL-YEAR median: 7.5 (2024 is 0.0% of it). All-offence rate 0.0 per 100k against a peer median of 503.4 for local_police agencies in population band (0.0, 1000.0] (0.0% of peers). All 2024 lane rows on record: CIUS 0 at 12mo; NIB 0 at 12mo; SRS 0 at 0mo. Every one of the seven offences is zero in 2024 — this is an outright published zero, not a thin year.

NOTE ON THE 12-MONTH BATCH HEADER, stated in both directions because neither is settled: a 12-month NIBRS batch header records twelve monthly submissions, which does rule out the blank-cell-parsed-as-zero ingestion artifact (that artifact needs a 0-2 month submission record). It does NOT by itself separate an agency that submitted twelve months and had no Part-I offence from an agency whose records system emits automatic monthly zero-reports after the agency stopped producing records, nor from an agency that has handed policing to a county sheriff while its ORI keeps filing. Both failure directions cost something real: accepting a false zero silently deletes a live agency's crime from the national panel, and rejecting a true zero fabricates crime for an agency that genuinely had none.

STRUCTURAL PLAUSIBILITY, recomputed for this cleanup pass straight from the agency-year panel (plain facts; the screen is a routing device and implies no direction):
  - Never-positive history did NOT fire: the ORI's highest prior-year total from any lane is 36 (last year with any positive count anywhere: 2023).
  - DEMONSTRATED-CAPACITY-THEN-ZERO fired: this ORI filed a FULL 12-month year with a positive Part-I total as recently as 2023 (2 offences), with 4 such full-year positive years on record 2018-2023. Whatever produced those counts existed; the 2024 record is zero.
  - Population floor did NOT fire: FBI population served for 2024 is 892, at or below 1,500.
  - Consecutive all-lane zero years ending in 2024: 1.

PANEL EVIDENCE:
ORI KY1130300 ""UNIONTOWN"" local_police | KY cty225 plc78492 | census_name ""uniontown city"" | crosswalk name ""uniontown police department"" | FBIpop 18:943 19:930 20:922 21:923 22:847 23:897 24:892
  YR: 18: CIUS 36/12mo/hi + NIB 36/12mo/hi + SRS 36/12mo/hi; 19: CIUS 18/12mo/hi + NIB 18/12mo/hi + SRS 18/11mo/md; 20: NIB 13/12mo/hi + SRS 13/6mo/lo; 21: NIB 0/12mo/hi + SRS 0/0mo/un; 22: CIUS 0/12mo/hi + NIB 0/12mo/hi + SRS 0/0mo/un; 23: CIUS 2/12mo/hi + NIB 2/12mo/hi + SRS 2/3mo/sp; 24: CIUS 0/12mo/hi + NIB 0/12mo/hi + SRS 0/0mo/un
  2024 offenses: CIUS 0/0/0/0/0/0/0; NIB=same as CIUS; SRS=same as CIUS
  CW: 21:municipal:place:2178492 (""Uniontown city"") w=1 exclusive [provisional_auto/auto]
  ROSTER2024: ""Uniontown Police Department"" | City | counties UNION | is_nibrs True | nibrs_start 2009-01-01
  EST2024: reported 0 -> estimated 0 [observedx7]
  LANE_SELECTED_2024: ['cius_publication_annual'] reason ['publication_lane_standing']

COMPUTED SIGNALS (computed from the underlying agency-year panel that the rows above are rendered from; plain facts, no conclusions):

KY1130300 ""UNIONTOWN"":
  Publication lanes vs submission months:
  - 2018 CIUS: the FBI's published CIUS/RCN agency table publishes 36 Part-I offenses for 2018, labelled 12 months. The underlying FBI submission record for 2018 is: SRS at 12 reported months (total 36) and NIB at 12 reported months (total 36).
  - 2019 CIUS: the FBI's published CIUS/RCN agency table publishes 18 Part-I offenses for 2019, labelled 12 months. The underlying FBI submission record for 2019 is: SRS at 11 reported months (total 18) and NIB at 12 reported months (total 18).
  - 2022 CIUS: the FBI's published CIUS/RCN agency table publishes 0 Part-I offenses for 2022, labelled 12 months. The underlying FBI submission record for 2022 is: SRS at 0 reported months (total 0) and NIB at 12 reported months (total 0).
  - 2023 CIUS: the FBI's published CIUS/RCN agency table publishes 2 Part-I offenses for 2023, labelled 12 months. The underlying FBI submission record for 2023 is: SRS at 3 reported months (total 2) and NIB at 12 reported months (total 2).
  - 2024 CIUS: the FBI's published CIUS/RCN agency table publishes 0 Part-I offenses for 2024, labelled 12 months. The underlying FBI submission record for 2024 is: SRS at 0 reported months (total 0) and NIB at 12 reported months (total 0).
  Offense composition vs this agency's own baseline:
  - Baseline years (12 reported months, total at or above half this agency's own median full-year total of 15.5): 2018 via CIUS, 2019 via CIUS and 2020 via NIB. Baseline-year average composition - murder 0; rape 0.3; robbery 0; aggravated assault 0.7; burglary 6; larceny 14; motor vehicle theft 1.3; total 22.3 a year.
  - 2024 CIUS composition: total 0 against a baseline-year average of 22.3 a year. Every one of the seven offense streams is 0, so the year carries no internal composition signal at all - the zero is uniform across all streams rather than concentrated in any of them, and composition can neither support nor undercut it.
  - 2021 (NIB) and 2022 (CIUS): total 0 with all seven offense streams at 0, against a baseline-year average of 22.3 a year. A year that is uniformly zero across every stream carries no internal composition signal at all.
  - 2023 CIUS composition (a low/zero year for this agency): total 2 against a baseline-year average of 22.3 (9.0% of baseline). Per offense - murder 0 vs baseline 0 (no baseline); rape 0 vs baseline 0.3 (0.00%); robbery 0 vs baseline 0 (no baseline); aggravated assault 0 vs baseline 0.7 (0.00%); burglary 1 vs baseline 6 (17%); larceny 0 vs baseline 14 (0.00%); motor vehicle theft 1 vs baseline 1.3 (75%).
  - 2023 CIUS composition (a low/zero year for this agency): COMPOSITION IS DISTORTED relative to this agency's own baseline (retention across offenses with a baseline of 3 or more ranges from 0.00% to 17% while the aggregate sits at 9.0%). Specifically: one or more streams are exactly 0 rather than merely reduced - larceny 0 against a baseline of 14; the mix itself moves - burglary is 50% of the year's total against 27% across baseline years and larceny is 0.00% of the year's total against 63% across baseline years. A uniform change in the level of crime moves all seven streams together; a spread this wide is a change in which offense streams are present in the record, not in how much crime the streams describe.
  Partial-year zeros:
  - PARTIAL-YEAR ZERO, 2021, 2022 and 2024 SRS: total 0 on 0 reported months, i.e. no month of data was submitted in that lane at all. There is nothing to scale up. Partial-year uplift is multiplicative (count x 12/months), so no uplift, fill ratio or annualisation applied to such a row can return anything other than 0 - UPLIFT CANNOT RESCUE A ZERO. A 0-month zero is arithmetically identical to the agency having submitted nothing.
  Roster and lane provenance:
  - Roster presence: this ORI IS on the FBI CDE 2024 agency roster, named ""Uniontown Police Department"", agency type City, county/counties UNION. The roster gives a NIBRS start date of 2009-01-01.
  - NIBRS timing: roster NIBRS start 2009-01-01; the NIBRS lane first carries a panel row for this ORI in 2018 at 12 reported months, and carries rows for 2018, 2019, 2020, 2021, 2022, 2023 and 2024.
  - Lane provenance 2024: 3 lanes carry a 2024 row - CIUS total 0 at 12 months, tier hi, SRS total 0 at 0 months, tier un and NIB total 0 at 12 months, tier hi.
  - Lane independence: CIUS is not an independent count. The CIUS/RCN 'Offenses Known' agency table is the FBI's Return-A master file frozen at publication (verified in this repo at 99.88% cell agreement with the master file for 2023 and 2024), so CIUS agreeing with SRS for a 2024 agency-year is the same submission counted twice, not corroboration by a second source.
  - Lane independence: SRS and NIBRS are not independent either for a NIBRS reporter. The FBI back-converts NIBRS into Return-A, so 86% of 2024 local agencies appear in both lanes off one submission; identical SRS and NIBRS values for the same agency-year normally mean one submission rendered twice.
  - Footprint: this ORI's counts are crosswalked at weight 1 to Census place 2178492 (""Uniontown city"") (a specific municipal polygon), as an 'exclusive' assignment produced by the 'provisional_auto' method with review status 'auto'.
  - Pipeline 2024 output: the pipeline read 0 as reported and published 0 - 7 of the 7 offenses carried through as observed.
  - Population: FBI population served moves from 943 in 2018 to 892 in 2024.",cleanup_batches/batch_001.json
c-CA0409945-chp-san-luis-obispo,partial_ori_overlap_not_superseded,CA,CA0169940;CA0409945;CA0479945,,token_reporter,,token_reporting_flag,high,gold,,reconcile_before_apply,"pre-cleanup row left standing: only CA0479945 of its ORIs were re-adjudicated in the cleanup pass, so superseding it would drop the rest; the cleanup ruling for the shared ORI is authoritative for that ORI only",,,"The agency's own startup rate calibrates it: 18 counts in the 2 months after the 2021-11-01 start is ~9/month, which annualizes to ~108 and matches 2022 (102) and 2023 (101) exactly, so the real level is ~100/year and 8 is roughly one month of output. The family pattern is decisive against a crime explanation — Hanford 88 to 1 and Yreka 59 to 16 in the same year as SLO 101 to 8; three area offices do not simultaneously lose 85-99% of highway Part-I incidents, but they do share one central CHP submission path. Carry: ~1 believable month for CA0409945, and yes, treat the CHP area-office family under a single rule keyed to the shared submitter — detect the 2024 family-wide drop once and apply a common disposition, since with FBIpop 0 the per-ORI peer arm is blind but the family gives a within-family benchmark that works. Cross-check against a2-CA03499 before fixing the family roster.",,analysis_scratch/stage1_pilot_result.json
x-KY0470400-west-point,qc_flagged_for_reread,KY,KY0470400,4.5,published_zero+token_reporter,merged_contradiction,genuine_zero_year,medium,sol,ac8ae3b7911a12bf9,retain_zero,,"QC: verdict likely WRONG. The ruling anchors 'zero is plausible' on 2022 (2 offences) and 2023 (0), but the panel is 10, 7, 14, 9, 2, 0, 0 — five consecutive 12-month positive years at 7-14 through 2021, then the cliff. Using the already-degraded 2022-23 tail as the base rate is the own-history-launders-the-artefact error this same pass refuses elsewhere, and SRS months degrade 7/10/9/6/2/0/0 under an unchanged 12-month NIBRS header. Re-read; the likely correct verdict is misread_missing anchored on the 2018-2021 level.",carry as observed,"For a population of 922, the recent full-year sequence of 2 offenses in 2022 followed by zero in 2023 makes another zero an absolutely plausible outcome.","FACTS, PART 1 -- publication lane, submission record and own-history levels:
The CIUS (the FBI's own published agency table) lane publishes WEST POINT (local_police, population served 942) as a COMPLETE 2024 with a literal printed 0 in all seven Part-I cells, recorded at months_reported=12 / tier high / weight 1.0. That published zero wins the source-preference ladder over both FBI submission lanes. SUBMISSION PROVENANCE: the FBI NIBRS lane carries a 12-month 2024 batch header for this ORI with total 0 Part-I counts (SRS shows 0 at 0 months). Own history in the CIUS lane, 2018-2023: 2018:10, 2019:7, 2022:2, 2023:0 (median 4.5). Best value from ANY lane by year 2018-2023: 2018:10, 2019:7, 2020:14, 2021:9, 2022:2, 2023:0; last year with any positive count anywhere: 2022.

FACTS, PART 2 -- screen arms, own-history baselines, offence composition and peer comparison:
WEST POINT (local_police, population served 942) is published as a COMPLETE 12-month 2024 with 0 total Part-I offences, on lane(s) ['cius_publication_annual'] (selection reason ['publication_lane_standing']). Because it is published as complete, no partial-year uplift applies. Screen arms that fired: c1 DUAL (own-history collapse AND peer-rate floor both fired). Own 2018-2023 FULL-YEAR median: 8 (2024 is 0.0% of it). 2021-2023 baseline median: 2 (2024 is 0.0% of it). All-offence rate 0.0 per 100k against a peer median of 503.4 for local_police agencies in population band (0.0, 1000.0] (0.0% of peers). All 2024 lane rows on record: CIUS 0 at 12mo; NIB 0 at 12mo; SRS 0 at 0mo. Every one of the seven offences is zero in 2024 — this is an outright published zero, not a thin year.

NOTE ON THE 12-MONTH BATCH HEADER, stated in both directions because neither is settled: a 12-month NIBRS batch header records twelve monthly submissions, which does rule out the blank-cell-parsed-as-zero ingestion artifact (that artifact needs a 0-2 month submission record). It does NOT by itself separate an agency that submitted twelve months and had no Part-I offence from an agency whose records system emits automatic monthly zero-reports after the agency stopped producing records, nor from an agency that has handed policing to a county sheriff while its ORI keeps filing. Both failure directions cost something real: accepting a false zero silently deletes a live agency's crime from the national panel, and rejecting a true zero fabricates crime for an agency that genuinely had none.

STRUCTURAL PLAUSIBILITY, recomputed for this cleanup pass straight from the agency-year panel (plain facts; the screen is a routing device and implies no direction):
  - Never-positive history did NOT fire: the ORI's highest prior-year total from any lane is 14 (last year with any positive count anywhere: 2022).
  - DEMONSTRATED-CAPACITY-THEN-ZERO fired: this ORI filed a FULL 12-month year with a positive Part-I total as recently as 2022 (2 offences), with 5 such full-year positive years on record 2018-2023. Whatever produced those counts existed; the 2024 record is zero.
  - Population floor did NOT fire: FBI population served for 2024 is 922, at or below 1,500.
  - Consecutive all-lane zero years ending in 2024: 2.

PANEL EVIDENCE:
ORI KY0470400 ""WEST POINT"" local_police | KY cty093 plc81930 | census_name ""west point city"" | crosswalk name ""west point police department"" | FBIpop 18:858 19:870 20:870 21:870 22:942 23:939 24:922
  YR: 18: CIUS 10/12mo/hi + NIB 10/12mo/hi + SRS 10/7mo/lo; 19: CIUS 7/12mo/hi + NIB 7/12mo/hi + SRS 7/10mo/md; 20: NIB 14/12mo/hi + SRS 14/9mo/lo; 21: NIB 9/12mo/hi + SRS 9/6mo/lo; 22: CIUS 2/12mo/hi + NIB 2/12mo/hi + SRS 2/2mo/sp; 23: CIUS 0/12mo/hi + NIB 0/12mo/hi + SRS 0/0mo/un; 24: CIUS 0/12mo/hi + NIB 0/12mo/hi + SRS 0/0mo/un
  2024 offenses: CIUS 0/0/0/0/0/0/0; NIB=same as CIUS; SRS=same as CIUS
  CW: 21:municipal:place:2181930 (""West Point city"") w=1 exclusive [provisional_auto/auto]
  ROSTER2024: ""West Point Police Department"" | City | counties HARDIN | is_nibrs True | nibrs_start 2009-01-01
  EST2024: reported 0 -> estimated 0 [observedx7]
  LANE_SELECTED_2024: ['cius_publication_annual'] reason ['publication_lane_standing']

COMPUTED SIGNALS (computed from the underlying agency-year panel that the rows above are rendered from; plain facts, no conclusions):

KY0470400 ""WEST POINT"":
  Publication lanes vs submission months:
  - 2018 CIUS: the FBI's published CIUS/RCN agency table publishes 10 Part-I offenses for 2018, labelled 12 months. The underlying FBI submission record for 2018 is: SRS at 7 reported months (total 10) and NIB at 12 reported months (total 10).
  - 2019 CIUS: the FBI's published CIUS/RCN agency table publishes 7 Part-I offenses for 2019, labelled 12 months. The underlying FBI submission record for 2019 is: SRS at 10 reported months (total 7) and NIB at 12 reported months (total 7).
  - 2022 CIUS: the FBI's published CIUS/RCN agency table publishes 2 Part-I offenses for 2022, labelled 12 months. The underlying FBI submission record for 2022 is: SRS at 2 reported months (total 2) and NIB at 12 reported months (total 2).
  - 2023 CIUS: the FBI's published CIUS/RCN agency table publishes 0 Part-I offenses for 2023, labelled 12 months. The underlying FBI submission record for 2023 is: SRS at 0 reported months (total 0) and NIB at 12 reported months (total 0).
  - 2024 CIUS: the FBI's published CIUS/RCN agency table publishes 0 Part-I offenses for 2024, labelled 12 months. The underlying FBI submission record for 2024 is: SRS at 0 reported months (total 0) and NIB at 12 reported months (total 0).
  Offense composition vs this agency's own baseline:
  - Baseline years (12 reported months, total at or above half this agency's own median full-year total of 9): 2018 via CIUS, 2019 via CIUS, 2020 via NIB and 2021 via NIB. Baseline-year average composition - murder 0; rape 0; robbery 0.2; aggravated assault 0.5; burglary 1; larceny 5.8; motor vehicle theft 2.5; total 10 a year.
  - 2024 CIUS composition: total 0 against a baseline-year average of 10 a year. Every one of the seven offense streams is 0, so the year carries no internal composition signal at all - the zero is uniform across all streams rather than concentrated in any of them, and composition can neither support nor undercut it.
  - 2023 (CIUS): total 0 with all seven offense streams at 0, against a baseline-year average of 10 a year. A year that is uniformly zero across every stream carries no internal composition signal at all.
  - 2022 CIUS composition (a low/zero year for this agency): total 2 against a baseline-year average of 10 (20% of baseline). Per offense - murder 0 vs baseline 0 (no baseline); rape 0 vs baseline 0 (no baseline); robbery 0 vs baseline 0.2 (0.00%); aggravated assault 0 vs baseline 0.5 (0.00%); burglary 0 vs baseline 1 (0.00%); larceny 2 vs baseline 5.8 (35%); motor vehicle theft 0 vs baseline 2.5 (0.00%).
  - 2022 CIUS composition (a low/zero year for this agency): this agency's baseline-year average is only 10 offenses a year, which is too small a base for offense composition to carry a usable signal - one or two counts move any share or ratio, so composition is not scored here.
  Partial-year zeros:
  - PARTIAL-YEAR ZERO, 2023 and 2024 SRS: total 0 on 0 reported months, i.e. no month of data was submitted in that lane at all. There is nothing to scale up. Partial-year uplift is multiplicative (count x 12/months), so no uplift, fill ratio or annualisation applied to such a row can return anything other than 0 - UPLIFT CANNOT RESCUE A ZERO. A 0-month zero is arithmetically identical to the agency having submitted nothing.
  Roster and lane provenance:
  - Roster presence: this ORI IS on the FBI CDE 2024 agency roster, named ""West Point Police Department"", agency type City, county/counties HARDIN. The roster gives a NIBRS start date of 2009-01-01.
  - NIBRS timing: roster NIBRS start 2009-01-01; the NIBRS lane first carries a panel row for this ORI in 2018 at 12 reported months, and carries rows for 2018, 2019, 2020, 2021, 2022, 2023 and 2024.
  - Lane provenance 2024: 3 lanes carry a 2024 row - CIUS total 0 at 12 months, tier hi, SRS total 0 at 0 months, tier un and NIB total 0 at 12 months, tier hi.
  - Lane independence: CIUS is not an independent count. The CIUS/RCN 'Offenses Known' agency table is the FBI's Return-A master file frozen at publication (verified in this repo at 99.88% cell agreement with the master file for 2023 and 2024), so CIUS agreeing with SRS for a 2024 agency-year is the same submission counted twice, not corroboration by a second source.
  - Lane independence: SRS and NIBRS are not independent either for a NIBRS reporter. The FBI back-converts NIBRS into Return-A, so 86% of 2024 local agencies appear in both lanes off one submission; identical SRS and NIBRS values for the same agency-year normally mean one submission rendered twice.
  - Footprint: this ORI's counts are crosswalked at weight 1 to Census place 2181930 (""West Point city"") (a specific municipal polygon), as an 'exclusive' assignment produced by the 'provisional_auto' method with review status 'auto'.
  - Pipeline 2024 output: the pipeline read 0 as reported and published 0 - 7 of the 7 offenses carried through as observed.
  - Population: FBI population served moves from 858 in 2018 to 922 in 2024.",cleanup_batches/batch_003.json
x-GA0850200-milner,qc_flagged_for_reread,GA,GA0850200,0.0,published_zero+token_reporter,merged_contradiction,misread_missing,high,sol,ade9752acb5395a2e,treat_missing_repair,,"QC: verdict defensible, CONFIDENCE OVERSTATED. 'No positive count in its seven-year history' counts five years (2018-2022) in which the ORI submitted nothing at all (SRS 0 months, no NIBRS row) — real exposure is 22 filed months (2023 NIB 10mo + 2024 12mo). Population 828 is below the 1,000 line at which this pass treats never-positive as structural, and other rulings in the same pass call that arm vacuous on 0-month years. Downgrade to medium or re-read.",missing and fillable,The ORI has no positive Part-I count anywhere in its seven-year history and no demonstrated full-year positive reporting capacity.,"FACTS, PART 1 -- publication lane, submission record and own-history levels:
The CIUS (the FBI's own published agency table) lane publishes MILNER (local_police, population served 828) as a COMPLETE 2024 with a literal printed 0 in all seven Part-I cells, recorded at months_reported=12 / tier high / weight 1.0. That published zero wins the source-preference ladder over both FBI submission lanes. SUBMISSION PROVENANCE: the FBI NIBRS lane carries a 12-month 2024 batch header for this ORI with total 0 Part-I counts (SRS shows 0 at 0 months). No earlier row in the CIUS lane, so there is no same-lane history to compare against. Best value from ANY lane by year 2018-2023: 2018:0, 2019:0, 2020:0, 2021:0, 2022:0, 2023:0; no positive count in any year.

FACTS, PART 2 -- screen arms, own-history baselines, offence composition and peer comparison:
MILNER (local_police, population served 828) is published as a COMPLETE 12-month 2024 with 0 total Part-I offences, on lane(s) ['cius_publication_annual'] (selection reason ['publication_lane_standing']). Because it is published as complete, no partial-year uplift applies. Screen arms that fired: c1 PEER-ONLY (no usable full-year history; fails the peer-rate floor alone). No usable full-year history 2018-2023 at all, so the own-history arm is blind here and only the peer floor speaks. All-offence rate 0.0 per 100k against a peer median of 503.4 for local_police agencies in population band (0.0, 1000.0] (0.0% of peers). All 2024 lane rows on record: CIUS 0 at 12mo; NIB 0 at 12mo; SRS 0 at 0mo. Every one of the seven offences is zero in 2024 — this is an outright published zero, not a thin year.

NOTE ON THE 12-MONTH BATCH HEADER, stated in both directions because neither is settled: a 12-month NIBRS batch header records twelve monthly submissions, which does rule out the blank-cell-parsed-as-zero ingestion artifact (that artifact needs a 0-2 month submission record). It does NOT by itself separate an agency that submitted twelve months and had no Part-I offence from an agency whose records system emits automatic monthly zero-reports after the agency stopped producing records, nor from an agency that has handed policing to a county sheriff while its ORI keeps filing. Both failure directions cost something real: accepting a false zero silently deletes a live agency's crime from the national panel, and rejecting a true zero fabricates crime for an agency that genuinely had none.

STRUCTURAL PLAUSIBILITY, recomputed for this cleanup pass straight from the agency-year panel (plain facts; the screen is a routing device and implies no direction):
  - NEVER-POSITIVE HISTORY fired: this ORI has no positive Part-I count in any lane in any year 2018-2023. The 2024 zero is the 7th consecutive all-lane zero year.
  - Demonstrated-capacity-then-zero did NOT fire: no year 2018-2023 pairs a 12-month reporting record with a positive Part-I total, so the ORI has never demonstrated full-year reporting capacity in the panel window.
  - Population floor did NOT fire: FBI population served for 2024 is 828, at or below 1,500.
  - Consecutive all-lane zero years ending in 2024: 7.

PANEL EVIDENCE:
ORI GA0850200 ""MILNER"" local_police | GA cty171 plc51604 | census_name ""milner city"" | crosswalk name ""milner police department"" | FBIpop 18:635 19:647 20:658 21:644 22:784 23:806 24:828
  YR: 18: SRS 0/0mo/un; 19: SRS 0/0mo/un; 20: SRS 0/0mo/un; 21: SRS 0/0mo/un; 22: SRS 0/0mo/un; 23: NIB 0/10mo/md + SRS 0/0mo/un; 24: CIUS 0/12mo/hi + NIB 0/12mo/hi + SRS 0/0mo/un
  2024 offenses: CIUS 0/0/0/0/0/0/0; NIB=same as CIUS; SRS=same as CIUS
  CW: 13:municipal:place:1351604 (""Milner city"") w=1 exclusive [provisional_auto/auto]
  ROSTER2024: ""Milner Police Department"" | City | counties LAMAR | is_nibrs True | nibrs_start 2021-11-01
  EST2024: reported 0 -> estimated 0 [observedx7]
  LANE_SELECTED_2024: ['cius_publication_annual'] reason ['publication_lane_standing']

COMPUTED SIGNALS (computed from the underlying agency-year panel that the rows above are rendered from; plain facts, no conclusions):

GA0850200 ""MILNER"":
  Publication lanes vs submission months:
  - 2024 CIUS: the FBI's published CIUS/RCN agency table publishes 0 Part-I offenses for 2024, labelled 12 months. The underlying FBI submission record for 2024 is: SRS at 0 reported months (total 0) and NIB at 12 reported months (total 0).
  Offense composition vs this agency's own baseline:
  - This ORI has no full-year baseline year of its own outside 2024 to compare composition against (no other 2018-2023 year reaches 12 reported months with a positive total), so offense composition cannot be scored against its own past.
  Partial-year zeros:
  - PARTIAL-YEAR ZERO, 2018, 2019, 2020, 2021, 2022, 2023 and 2024 SRS: total 0 on 0 reported months, i.e. no month of data was submitted in that lane at all. There is nothing to scale up. Partial-year uplift is multiplicative (count x 12/months), so no uplift, fill ratio or annualisation applied to such a row can return anything other than 0 - UPLIFT CANNOT RESCUE A ZERO. A 0-month zero is arithmetically identical to the agency having submitted nothing.
  - PARTIAL-YEAR ZERO, 2023 NIB: total 0 on 10 reported months. Same point - count x 12/10 = x1.2, and 0 x 1.2 is still 0; UPLIFT CANNOT RESCUE A ZERO.
  Roster and lane provenance:
  - Roster presence: this ORI IS on the FBI CDE 2024 agency roster, named ""Milner Police Department"", agency type City, county/counties LAMAR. The roster gives a NIBRS start date of 2021-11-01.
  - NIBRS timing: roster NIBRS start 2021-11-01; the NIBRS lane first carries a panel row for this ORI in 2023 at 10 reported months, and carries rows for 2023 and 2024.
  - Lane provenance 2024: 3 lanes carry a 2024 row - CIUS total 0 at 12 months, tier hi, SRS total 0 at 0 months, tier un and NIB total 0 at 12 months, tier hi.
  - Lane independence: CIUS is not an independent count. The CIUS/RCN 'Offenses Known' agency table is the FBI's Return-A master file frozen at publication (verified in this repo at 99.88% cell agreement with the master file for 2023 and 2024), so CIUS agreeing with SRS for a 2024 agency-year is the same submission counted twice, not corroboration by a second source.
  - Lane independence: SRS and NIBRS are not independent either for a NIBRS reporter. The FBI back-converts NIBRS into Return-A, so 86% of 2024 local agencies appear in both lanes off one submission; identical SRS and NIBRS values for the same agency-year normally mean one submission rendered twice.
  - Footprint: this ORI's counts are crosswalked at weight 1 to Census place 1351604 (""Milner city"") (a specific municipal polygon), as an 'exclusive' assignment produced by the 'provisional_auto' method with review status 'auto'.
  - Pipeline 2024 output: the pipeline read 0 as reported and published 0 - 7 of the 7 offenses carried through as observed.
  - Population: FBI population served moves from 635 in 2018 to 828 in 2024.",cleanup_batches/batch_005.json
b2-PA0100400-zelienople + c-PA0100400-zelienople,same_ori_double_framing_outside_cleanup,PA,PA0100400,74.0,published_zero+token_reporter,,misread_missing;token_reporting_flag,,,,dedupe_identical_action,b2-PA0100400-zelienople(published_zero/gold/high): misread_missing -> treat_missing_repair || c-PA0100400-zelienople(token_reporter/opus/high): token_reporting_flag -> treat_missing_repair,"both_reject_same_repair: repairs agree, so this is pure duplication of one ORI across two framings and either row can be dropped"," || Structural non-report: set 2024 to MISSING, not zero, and make it fillable. Fill from own history — annualized recent level is ~31-37 (2019: 31/10mo=37, 2020: 28/11mo=31, 2022: 13/5mo=31, 2023: 24/8mo=36), so ~33; the last real report (2023) is inside the 2-year recency rule. EST2024=0 observed is indefensible: the footprint is municipal:cousub Zelienople borough at w=1 EXCLUSIVE, so the printed zero deletes the entire borough's crime from the national panel.","The agency reported 13 counts in 5 months of 2022 and 24 in 8 months of 2023; a genuine 12-month zero the next year is arithmetically untenable for a 3,754-person borough with its own department (Poisson probability of zero at that rate is effectively nil). The 2024 SRS row shows months_reported = 0, so CIUS's '12 months' is a default label applied to a blank rather than a verified full year of returns. The eroding coverage sequence 12/10/11/absent/5/8 is the signature of a failing reporting relationship terminating in non-submission, which is exactly the generative process for a false published zero — the shrinking months make the zero less credible, not more. || This is the BLANK-AS-ZERO artifact in its cleanest form: SRS records months_reported = 0 for 2024 — the agency submitted nothing — while CIUS prints a full-year zero across all seven cells. CIUS is derived from the FBI submission, so it cannot corroborate it; publication without submission is not a measurement. The agency is is_nibrs False with no NIBRS lane at all, so there is no third source and nothing rescues the zero, and a 2-month or 0-month zero cannot be repaired by uplift. The borough PD was demonstrably live and filing in 2023 (24 offenses over 8 months), and the identical 2021 pattern (SRS 0 at 0 months) confirms this ORI's zeros are non-reports.",,analysis_scratch/stage1_pilot_result.json;batches/batch_009.json
b2-AL0080200-blountsville + c-AL0080200-blountsville,same_ori_double_framing_outside_cleanup,AL,AL0080200,31.5,published_zero+token_reporter,,misread_missing;token_reporting_flag,,,,reconcile_before_apply,b2-AL0080200-blountsville(published_zero/opus/high): misread_missing -> treat_missing_repair || c-AL0080200-blountsville(token_reporter/opus/high): token_reporting_flag -> partial_year_uplift,both_reject_DIFFERENT_repair: the two framings imply DIFFERENT repairs for the same agency-year; needs one merged-packet ruling like the cleanup pass,"The printed 0 means 'did not report'. Set AL0080200 2024 to missing and fill. Own-history fill is permitted and well-anchored: 2022 and 2023 are both full 12-month NIBRS years, CIUS-corroborated, at 32 and 31, both within the 2-year window — fill at ~31.5 with the 2023 offense split. Do not treat the NIBRS 12-month batch header as decisive for this ORI: its own record shows the NIBRS lane printing 0 while real crime occurred (2019 NIB 0/1mo against a true 20; 2020 NIB 0/1mo against a true 12), so a NIBRS zero here has demonstrated precedent as a false zero. || Packet-level verdict: structural_zero_treat_as_missing (not token_report_treat_as_partial — no month count can rescue this). Believable months of 2024 content: zero. EST2024 = 0 [observedx7] is NOT a defensible repair; it publishes a non-report as a measured zero at a weight-1 exclusive municipal polygon (place 0107456, Blountsville town). Correct handling: void the 2024 agency-year as unmeasured and fill from own history, which is licensed here (real 12-month report in 2023). Recommended basis: own-history median of the three most recent credible full years — 2021 NIB 20, 2022 all-lane 32, 2023 CIUS/NIB 31 — giving ~31 (or 25.5 on the full 2018-2023 full-year median). Composition for the fill should follow the agency's own baseline mix (larceny ~14.5, MVT ~4.5, burglary ~3.5, agg assault ~2.2).","The single decisive fact is the prior-year baseline: 32 in 2022 and 31 in 2023, both full 12-month years, make P(observing exactly 0 | rate ~31/yr) = e^-31 = 3e-14 — statistically impossible as a genuine outcome. The history is flat, not decaying (30, 20, 12, 20, 32, 31), so this is a cliff rather than the endpoint of a trajectory, which is precisely what separates it from the Pequot Lakes zero in the same batch where the 2023 baseline was 2. If the fill looks wrong on inspection, check whether Blountsville PD disbanded and Blount County SO absorbed the footprint — but even under that branch the correct handling is supersession, not keeping 0 as a measurement. || ABSOLUTE PLAUSIBILITY decides this outright. The agency's established level over 2021-2023 is 20/32/31 offenses a year, i.e. lambda ~28 for a town of 1,816 with a real PD. A true zero across all seven streams is a ~1e-12 outcome; it is not a reachable crime result, independent of trend shape. BLANK-AS-ZERO is the mechanism: SRS records 0 months submitted, and CIUS is the Return-A master file frozen at publication, so the 'printed zero' in CIUS is a rendering of the non-submission, not an independent corroboration — the pipeline's assumption (2) (every CIUS row = 12 months, tier hi, weight 1.0, outranks the submission lanes) is what promoted a nothing-submitted year into a published complete zero via selection reason 'publication_lane_standing'. NIB 0/12mo is not corroboration either: the FBI back-converts one submission into both lanes, and this ORI's own record shows the SRS month field",,batches/batch_001.json;batches/batch_020.json
b2-GA0710300-buchanan + c-GA0710300-buchanan,same_ori_double_framing_outside_cleanup,GA,GA0710300,30.0,published_zero+token_reporter,,misread_missing;token_reporting_flag,,,,reconcile_before_apply,b2-GA0710300-buchanan(published_zero/opus/high): misread_missing -> treat_missing_repair || c-GA0710300-buchanan(token_reporter/opus/high): token_reporting_flag -> flag_review,disposition_conflict_FLAG/REJECT: the two framings imply DIFFERENT repairs for the same agency-year; needs one merged-packet ruling like the cleanup pass,"The printed 0 is not a measurement. Set GA0710300 2024 to missing. Fill is less clean than Blountsville because the immediately preceding year is itself a non-report (2023 SRS 0/0mo) and 2022 is only a 3-4 month partial (5 offenses): annualize 2022 first (5 x 12/3.5 = ~17-20) and cross-check against the last real full year 2021 (24), giving a defensible fill of ~20, or use GA small-town local_police peers. PRECONDITION on the fill: check whether Buchanan PD went dark and Haralson County SO absorbed the footprint — if so the correct handling is supersession under the existing dead-ORI rule rather than a fill. Either way 0 must not survive as an observed value. || Packet-taxonomy sub-verdict: structural_zero_treat_as_missing, applied to 2023 and 2024. Own-history fill IS permitted here (nearest real report is 2022 = 5 on 4 months, exactly two years back, and 2021 = 24 on a full 12 months). Basis: clean full years 2020 = 12 and 2021 = 24 -> median 18; including 2018 = 48 -> median 24; baseline-average composition 28/yr. Recommend ~18-24. Prefer own history over peers here: this county-seat department runs roughly 3x its peer band (702.6/100k x 966 = ~7/yr), so a peer fill would materially understate it. EST2024=0 [observed] is not defensible. DATA HYGIENE DEFECT: the SITUATION line quotes 'population served 1205', which is this ORI's 2021 FBIpop; the 2024 FBIpop is 966, below the (1000, 2500] band the peer comparison was drawn from. The peer band assignment for this case is off by one band and the screen should be re-run against the (0, 1000] band.","The decisive fact is that the 2024 'complete 12-month zero report' emerges from a reporting vacuum: 2021 was the last full year (24), 2022 collapsed to a 3-4 month partial (5), and 2023 was a total non-report — a feed that decayed to nothing does not spontaneously produce a clean full-year submission, and P(0 | rate ~24/yr) = 4e-11 rules out a genuine zero. This ORI's NIBRS lane is demonstrably intermittent (NIB 4mo in 2019, 12mo in 2020-21, 4mo in 2022, none in 2023, then 12mo in 2024), so the 12-month batch header is far more likely a vendor or state auto-generated zero-month series than a real submission improvement. Contrast Pequot Lakes in this same batch, where a 12-month NIBRS zero follows an unbroken submission record and a prior-year baseline of 2 — Buchanan has neither. || The submission record documents a two-stage failure, not a crime collapse: normal reporting through 2021 (48 full-year, 22 on 10 months, 12, 24 full-year), degraded to a 4-month submission in 2022 (total 5), complete disappearance in 2023 (no NIBRS row at all, 0 SRS months), then a 12-month NIBRS zero-report in 2024 with 0 months of substantive Return-A behind it. The single-stream deficit settles absolute plausibility: larceny averaged 17/yr across the baseline years and is zero for two consecutive years, and motor vehicle theft averaged 4.3/yr and is likewise zero — a county-seat police department does not stop having larcenies. The 2022 partial is independently informative and was already distorted a full year before the zero: the packet's own composition test flags burglary retaining 67% and aggravated assault 60% while larceny retains 5.9% against an 18% aggregate, which is the sele",,batches/batch_001.json;batches/batch_021.json
b2-PA0032200-east-franklin-township + c-PA0032200-east-franklin-township,same_ori_double_framing_outside_cleanup,PA,PA0032200,30.0,published_zero+token_reporter,,misread_missing;token_reporting_flag,,,,dedupe_identical_action,b2-PA0032200-east-franklin-township(published_zero/opus/high): misread_missing -> treat_missing_repair || c-PA0032200-east-franklin-township(token_reporter/sol/high): token_reporting_flag -> treat_missing_repair,"both_reject_same_repair: repairs agree, so this is pure duplication of one ORI across two framings and either row can be dropped","Cleanest BLANK-AS-ZERO case in the batch. Set PA0032200 2024 to missing and fill. Fill guidance: do NOT use the raw recent values (2021:1, 2022:7, 2023:3) — those are themselves partial years at 3mo, 7mo and 5mo. Annualize first (2021 -> 4, 2022 -> 12, 2023 -> 7.2) and take the median for a fill of ~7, or use the 2018-2020 full-year level (33, 27, 31 at 11mo -> 33.8) if the pipeline judges the 2021+ decline to be feed degradation rather than real. The gap between those two answers (~7 versus ~31) is genuine and I am not confident which is right; flag it for the fill step rather than hard-coding. PIPELINE GAP: the same partials-used-as-baseline error will affect every PA small-township ORI, since PA's SRS participation is chronically partial. || Structurally missing, not zero and not a partial-year zero; model from older valid full years, screened recent positive partials and peers; do not extrapolate the sparse-report decline. EST2024=0 indefensible.","The single decisive fact is that the CIUS printed zero sits on a 2024 SRS row with months_reported=0 and no NIBRS row at all (is_nibrs False) — the agency submitted nothing to the FBI, and CIUS derives from that submission, so the printed 0 is the same nothing rendered as a number rather than independent corroboration. That is the BLANK-AS-ZERO artifact in its textbook form: publication without submission, then assigned months_reported=12 / tier high / weight 1.0 by pipeline assumption. Unlike Pequot Lakes there is no affirmative NIBRS batch header to weigh against it, and unlike a genuine zero the agency's own record shows 33, 27 and 31 in its last three full years. || CIUS's assumed full year sits on an SRS record with zero submitted months while valid full years were near 30 offences.",,batches/batch_001.json;batches/batch_018.json
b2-IL0170200-palestine + c-IL0170200-palestine,same_ori_double_framing_outside_cleanup,IL,IL0170200,25.0,published_zero+token_reporter,,misread_missing;token_reporting_flag,,,,dedupe_identical_action,b2-IL0170200-palestine(published_zero/opus/medium): misread_missing -> treat_missing_repair || c-IL0170200-palestine(token_reporter/opus/high): token_reporting_flag -> treat_missing_repair,"both_reject_same_repair: repairs agree, so this is pure duplication of one ORI across two framings and either row can be dropped","Void the zero; set 2024 missing and fill from own history, which is live and within the 2-year window: 2022 NIB 7/12mo and 2023 NIB 8/12mo give a fill near 8. Absolute stakes are small; the point is to stop a false structural zero being written onto the Palestine village place footprint. If the escalation budget allows, the confirming check is whether the 2024 NIBRS submission carries twelve explicit zero-report month flags or twelve headers with no incident segments. || Not credible; packet-vocabulary verdict: structural_zero_treat_as_missing. The 2024 all-seven-zero is a non-report rendered as a complete year, not a measured zero. EST2024=0 [observed x7] is NOT a defensible repair - it publishes a non-report as a fact. Recommended basis: drop the 2024 row as a non-report and fill from the agency's own NIBRS-era filed full years (2022=7 at 12mo, 2023=8 at 12mo -> ~7-8), which independently agrees with the peer-band expectation (702.6/100k x 1,194 = 8.4). Do NOT fill from the 2018-19 SRS-era level (39/25); that regime ended at the ISP NIBRS transition. BATCH-WIDE DEFECT, surfaced here because it recurs in 8 of the 12 cases: the 2020 CIUS row for this ORI (14) is a 6-row publication with the LARCENY row absent, and because CIUS outranks SRS in the ladder the pipeline publishes it over the SRS submission (32) - 2020 under-published by ~56%. Same larceny-st","Unlike the decaying cases, Palestine's post-transition level was flat and credible — 7 then 8 (about 600/100k for ~1,200 people) — and then stepped to exactly zero in all seven categories. From a stable lambda of 7.5 a zero year is a P=0.0006 event, roughly 1 in 1,800; against that, a header-continues/incidents-stop feed break is a mechanism this very batch demonstrates repeatedly. The 12-month NIBRS header is a submission envelope and cannot distinguish twelve zero-reports from twelve empty batches, and SRS offers nothing (0 at 1 month, statistically uninformative). || Three arms converge. (1) ABSOLUTE PLAUSIBILITY fails outright: the agency's own NIBRS-era filed full years are 7 and 8, so P(0) ~ e^-7.5 ~ 5e-4; against the pre-transition baseline of 18.6/yr it is ~1e-8. A 1,194-person village with its own PD does not record zero larcenies, zero burglaries and zero assaults in a calendar year. (2) BLANK-AS-ZERO: the 12-month label on the CIUS 0 is a pipeline assumption (CIUS carries no months column) and the underlying Return-A record shows ONE reported month. CIUS is the Return-A master frozen at publication, so CIUS 0 = SRS 0 is one submission counted twice, never corroboration; the NIBRS 12-month batch header is the only completeness claim on record and it contradicts the 1-month Return-A record. (3) NO VERIFIED FILED ZERO: this agency's other zero year (2021) is a 0-month non-report, so it has never demonstrated that it files zero-report months - un",,batches/batch_003.json;batches/batch_020.json
b2-PA0021H00-crescent-township + c-PA0021H00-crescent-township,same_ori_double_framing_outside_cleanup,PA,PA0021H00,23.0,published_zero+token_reporter,,misread_missing;token_reporting_flag,,,,dedupe_identical_action,b2-PA0021H00-crescent-township(published_zero/opus/high): misread_missing -> treat_missing_repair || c-PA0021H00-crescent-township(token_reporter/sol/high): token_reporting_flag -> treat_missing_repair,"both_reject_same_repair: repairs agree, so this is pure duplication of one ORI across two framings and either row can be dropped","Void the CIUS zero; set 2024 missing and fillable. Fill from annualized own history: the partial-year submissions annualize to 2019 30, 2020 18, 2022 18, 2023 20 — a fill of roughly 20 Part-I, or a PA sub-3,000 township-police peer rate. The last real report (2023, 3mo) is within 2 years so the own-history path is open. Downstream must also stop treating a CIUS row as evidence of submission when SRS months=0. || Structurally missing, neither genuine zero nor scalable partial; only evidence is SRS at 0 months; replace with a model estimate from eligible positive recent submissions plus local-police peers. EST2024=0 not defensible.","This is the BLANK-AS-ZERO artifact in its pure form: the FBI SRS Return-A lane carries this ORI for 2024 at months_reported=0 and there is no NIBRS row at all, so the agency submitted nothing, yet the published table prints 0 in all seven cells. CIUS derives from the submission and is never independent corroboration of it, and the months=12/tier-high/weight-1.0 label is a pipeline assumption, not a measurement. The department is live on the 2024 roster and reported every prior year (23, 15, 12, 9, 5), so accepting the zero silently deletes a real agency. One fact decided it: zero months submitted underneath the printed zero. || A complete year cannot be inferred from zero submitted months, and zero crimes for ~2,368 people conflicts with both the agency's positive history and peers.",,batches/batch_003.json;batches/batch_022.json
b2-VT0141000-norwich + c-VT0141000-norwich,same_ori_double_framing_outside_cleanup,VT,VT0141000,21.5,published_zero+token_reporter,,misread_missing;token_reporting_flag,,,,dedupe_identical_action,b2-VT0141000-norwich(published_zero/opus/high): misread_missing -> treat_missing_repair || c-VT0141000-norwich(token_reporter/opus/high): token_reporting_flag -> treat_missing_repair,"both_reject_same_repair: repairs agree, so this is pure duplication of one ORI across two framings and either row can be dropped","The printed zero is unusable; mark 2024 missing and fillable. Fill from own history — 2023 = 20 at 12mo in BOTH lanes (a clean, unambiguous full year, well inside the within-2-years rule); the 2018-2023 median is 21.5. Recommend ~20-21. EST2024=0 observed deletes a real agency's full year from a w=1 exclusive municipal footprint. || Packet-native verdict: structural_zero_treat_as_missing - a non-report published as a complete zero. This is the cleanest and most damaging case in the batch. EST2024 = 0 observed is NOT defensible and is actively harmful: it publishes a literal zero-crime municipality at weight 1.0 onto the Norwich town polygon (cousub 5002752900). Recommended basis: treat 2024 as missing and fill from own history - the last real report (2023 = 20 on a full 12 SRS months) is inside the 2-year gate and the 2020-2023 level is stable at 20-29, so a hist_median fill of roughly 20-26 is sound and well supported. Multi-lane warning resolves negative (CIUS 0, NIB 0, SRS 0 - one submission).","The deciding fact is the lane-month contradiction: NIB claims a 12-month 2024 while SRS — the only lane that can record months — records ZERO months, which is the signature of twelve NIBRS zero-report headers filed without any Return-A data, not of twelve measured months. Norwich's own record has no precedent for it: 2018-2023 run 15/14/23/29/28/20 with the SRS lane recording 10-12 months of actual data every single year, and 2023 specifically shows NIB 20/12mo + SRS 20/12mo. Against the agency's own lambda of ~20, a genuine full-year zero has probability e^-20, about 2e-9. The packet's 'DECISIVE PROVENANCE' claim that a 12-month NIBRS header proves a real submission is exactly the trap — a batch header can be twelve zero reports. || BLANK-AS-ZERO in textbook form against a clean prior record. This ORI reported every year 2018-2023 (15, 14, 23, 29, 26/28, 20) with 2023 at a full 12 SRS months, and then in 2024 SRS reported months drop 12 -> 0 while all seven offence streams read exactly zero. The Return-A master holds no month at all for 2024, so the sole assertion of a complete year is a NIBRS batch header of 12 (satisfiable by 12 zero-report batches) plus a CIUS row that is that same submission frozen at publication - not corroboration. Externally verified that the agency is fully operational: Norwich PD fields a full-time chief, a full-time sergeant, three full-time patrol officers, a full-time community safety officer and an administrative assistant. ABSOLUTE PLAUSIBILITY is then arithmetic rather than judgement: a seven-person department in a 3,653-person town recording zero larcenies in a year against its own b",,batches/batch_004.json;batches/batch_024.json
b2-MN0120200-montevideo + c-MN0120200-montevideo,same_ori_double_framing_outside_cleanup,MN,MN0120200,17.5,published_zero+token_reporter,,misread_missing;token_reporting_flag,,,,dedupe_identical_action,b2-MN0120200-montevideo(published_zero/opus/high): misread_missing -> treat_missing_repair || c-MN0120200-montevideo(token_reporter/sol/high): token_reporting_flag -> treat_missing_repair,"both_reject_same_repair: repairs agree, so this is pure duplication of one ORI across two framings and either row can be dropped","Void the zero and treat 2023 the same way; set both years missing. Do NOT use the own-history fill — the in-window values (2022: 2, 2023: 0) are themselves the degraded feed, so the recency rule would launder the artifact into a fill of ~2. Fill from peers instead: local_police 5-10k band at 1,096.9/100k x 5,180 = ~57, trimmed toward MN-specific peer rates (~40-60). Downstream rule to add: block own-history fills when the in-window history is itself sub-peer-floor. The crosswalk is already flagged_auto. || Structurally missing; replace from a validated state source or a peer estimate ~57, not stale/distorted 2021-23 history. EST2024=0 not defensible.","A county-seat regional centre of 5,180 with retail and a hospital cannot record zero larcenies, zero burglaries and zero of everything else for a full year; peer expectation is ~57 offences and P(0) is effectively zero. More decisively, the feed was already demonstrably broken before 2024: 66 and 33 pre-NIBRS, then 2, 2, 0, 0 after the 2020-12 onboarding — a post-transition level of 39/100k proves the RMS is exporting a fraction, so the 12-month NIBRS header is transmitting envelopes, not incidents. Two consecutive printed zeros on a live, rostered department is publication without measurement. || Zero is not plausible for pop ~5,200 given 66 and 33 in 2018-19; the post-transition 2,2,0,0 sequence loses major property streams.",,batches/batch_003.json;batches/batch_057.json
b2-AL0530100-marion + c-AL0530100-marion,same_ori_double_framing_outside_cleanup,AL,AL0530100,17.0,published_zero+token_reporter,,misread_missing;token_reporting_flag,,,,dedupe_identical_action,b2-AL0530100-marion(published_zero/opus/medium): misread_missing -> treat_missing_repair || c-AL0530100-marion(token_reporter/opus/high): token_reporting_flag -> treat_missing_repair,"both_reject_same_repair: repairs agree, so this is pure duplication of one ORI across two framings and either row can be dropped","The zero is unusable; mark 2024 missing and fillable. Fill from own history, annualizing the partial years first: 2023 = 6 at 6mo -> 12, 2022 = 15 at 10mo -> 18, 2021 = 15 at 11mo -> 16; scaling for the 20% population loss (3,265 -> 2,610) gives ~12-14. Recommend ~13. SECOND READING that downstream must resolve: Marion PD may have ceased operating and been absorbed by the Perry County SO — if so the fix is a footprint reassignment, not a fill, because the SO sits on state_nonmunicipal_remainder and would exclude Marion city entirely. Either reading forbids publishing a hard zero on this w=1 exclusive municipal footprint. || structural_zero_treat_as_missing. EST2024 = 0 observed is NOT defensible. Mark 2024 missing and fill from OWN history, which is permissible here because a real report exists within 2 years (2023, 6 offenses on 6 months). Basis: last clean 12-month year 2020 = 17; 2021 annualised 16.4; 2022 annualised 18.0; 2023 annualised 12.0 — a stable own-history level of 12-18, so ~14-17 total Part-I with the offense mix of the 2020 baseline (agg assault 5 / burglary 8 / larceny 3 / MVT 1). Peer cross-check: local_police band (2500,5000] at 929.7/100k on FBIpop 2,610 => ~24, so the own-history fill sits conservatively below the peer floor and is the safer anchor. Do not use the trend_log_linear path: the 2023->2024 'slope' is record decay, not crime decline.","Same lane-month contradiction as the other 2024 zeros: NIB claims 12 months while SRS records ZERO months, the twelve-zero-report-headers signature rather than a measurement. The trajectory is decisive against a real zero — months coverage fell 11, 10, 6 across 2021-2023 while counts ran 15/15/6, and then 2024 claims coverage JUMPED from 6 months to 12 while output fell to zero; an agency that doubles its month coverage does not stop recording crime. Against a declining lambda of roughly 6-15, a genuine full-year zero runs between e^-6 (0.25%) and e^-15. I hold this at medium rather than high because Marion's lambda is small and its history is chaotic (2019 was a legitimate 5 at 12 months), and because the defunct-department alternative changes the correct repair even though it does not change the verdict. || ABSOLUTE PLAUSIBILITY: a county-seat municipal PD serving 2,610 people published an outright zero across all seven streams while its own annualised record ran 16-23 in every year 2018-2022 and 12 in 2023. Poisson(17) gives P(0)=4.1e-08. Zero is not a reachable outcome at this population and baseline. Mechanism is legible and matches a records-interface failure rather than a crime change: the 2024 SRS lane has 0 reported months (no Return-A submitted at all), the NIBRS lane carries a 12-month batch header with no incidents, and CIUS prints 0 because it renders the Return-A master file that was back-converted from that empty NIBRS feed. All three '12-month high-tier' signals therefore trace to one empty submission — the BLANK-AS-ZERO/derived-corroboration trap stated in the packet, with CIUS explicitly not independent. COMPOSITION OVER SLOPE: the apparent 2022(15) -> 2023(6) -> 2024(0) gli",,batches/batch_004.json;batches/batch_033.json
b2-OK0340800-ringling + c-OK0340800-ringling,same_ori_double_framing_outside_cleanup,OK,OK0340800,17.0,published_zero+token_reporter,,misread_missing;token_reporting_flag,,,,dedupe_identical_action,b2-OK0340800-ringling(published_zero/opus/medium): misread_missing -> treat_missing_repair || c-OK0340800-ringling(token_reporter/sol/high): token_reporting_flag -> treat_missing_repair,"both_reject_same_repair: repairs agree, so this is pure duplication of one ORI across two framings and either row can be dropped","The zero is not usable as a crime level for Ringling town; mark 2024 missing. But the fill is genuinely blocked and the real question is coverage, not value: the last positive count anywhere is 2020, four years back, so the within-2-years own-history rule bars a fill, and the packet supplies no peer median for the sub-1,000 band. ESCALATE to a coverage check on whether Ringling PD still functions — Oklahoma towns under 1,000 routinely lose their department to the county sheriff / OHP while the ORI keeps filing zero-report months. If the PD is defunct, reassign the Ringling town footprint rather than fabricating a value; if it is alive with a dead feed, fill at ~15-20 (own 2018-2020 level of 25/17/~12, pop-scaled 977 -> 871). || Structural zero, treat missing (zero credible months in 2024); leave missing or use a labelled model estimate ~4-5 from the peer rate rather than zero. EST2024=0 not defensible.","Same fingerprint as the other 2024 zeros — NIB 12mo against SRS 0mo — and here it is visibly the terminal stage of a four-year decay: counts and months ran 25/12mo, 17/10mo, 8/5-8mo, then 0/0mo (2021), 0/2mo (2022), and finally 12-month zero headers in 2023 and 2024. The step from 2 zero-report months in 2022 to 12 in 2023 is a compliance filing pattern, not a return to measurement. Against the agency's own reporting-era lambda of ~17, four consecutive genuine zeros run to roughly e^-68; even at the peer-implied lambda of ~6 for an 871-person town, four straight zeros is about 4e-10. I hold this at medium because the verdict is solid but the mechanism (dead department versus dead feed) is unresolved and changes the correct repair entirely. || Previously ~17-25 offences annually, then an absent 2021 record and a two-month zero in 2022 before publication began presenting structural all-zero years at pop 871.",,batches/batch_004.json;batches/batch_028.json
b2-PA0071000-williamsburg + c-PA0071000-williamsburg,same_ori_double_framing_outside_cleanup,PA,PA0071000,11.0,published_zero+token_reporter,,misread_missing;token_reporting_flag,,,,dedupe_identical_action,b2-PA0071000-williamsburg(published_zero/opus/high): misread_missing -> treat_missing_repair || c-PA0071000-williamsburg(token_reporter/sol/high): token_reporting_flag -> treat_missing_repair,"both_reject_same_repair: repairs agree, so this is pure duplication of one ORI across two framings and either row can be dropped","The printed zero is unusable and must not stand. Set 2024 to missing and fillable. Fill basis: own history with a real report inside 2 years — 2023 is 8 at SRS 8mo (~12 annualized) and CIUS 8; 2019 is 16 at 12mo; 2018 is 11. A fill of ~8-12 Part-I offences is defensible for a 1,188-person borough PD. EST2024=0 observed is not defensible: 0 x any uplift is still 0, so leaving it as observed permanently deletes the agency from the panel. Also note the agency is is_nibrs=False with no NIBRS row at all, so there is no second FBI lane that could ever corroborate this zero — the CIUS row is the only thing asserting a full year. || Structurally missing with 0 believable reporting months; do not attempt to uplift zero; model from recent genuine history and/or peers with uncertainty. EST2024=0 not defensible.","This is the textbook BLANK-AS-ZERO case and the single decisive fact is unambiguous: the SRS Return-A lane records months_reported = 0 for 2024, and there is no NIBRS row whatsoever, so NO submission exists behind the CIUS printed zero. CIUS derives from the FBI submission and is never independent corroboration of it, and its 12mo/high/weight-1.0 stamp here is the pipeline's default assumption (artifact 2), not a measurement. The agency's own record shows the same pattern already occurred in 2021 (0 at 0 months) with real counts either side, confirming that zero-month years for this ORI mean non-report rather than crime-free. Publication without submission — publication_lane_standing should never let a 12mo-by-assumption zero outrank an explicit zero-month submission record. || The CIUS zero sits on a zero-month SRS record, exposing the blank-as-zero artifact, while the recent nonzero history makes missingness more credible.",,batches/batch_006.json;batches/batch_034.json
b2-SD0290100-miller + c-SD0290100-miller,same_ori_double_framing_outside_cleanup,SD,SD0290100,11.0,published_zero+token_reporter,,misread_missing;token_reporting_flag,,,,dedupe_identical_action,b2-SD0290100-miller(published_zero/opus/medium): misread_missing -> treat_missing_repair || c-SD0290100-miller(token_reporter/opus/medium): token_reporting_flag -> treat_missing_repair,"both_reject_same_repair: repairs agree, so this is pure duplication of one ORI across two framings and either row can be dropped","Treat the 2024 zero as missing and fillable. Fill basis: own history within 2 years — 2023 is 4 at NIB 9mo (~5.3 annualized), 2020 is 5 at 12mo, 2019 is 5 at 9mo (~6.7) — giving ~4-6 Part-I offences for this 1,319-person town. EST2024=0 observed is not defensible. Do NOT treat the 2022 zero as supporting evidence: it sits on NIB 4 months and SRS 0 months, i.e. it is a partial-year zero and statistically uninformative by the standing rule. Same settling test as Bridgeport: pull the NIBRS segment-level zero-report indicator — twelve explicit zero-report records would flip this to genuine_zero_year, their absence confirms an auto-populated header. || Treat 2024 as MISSING rather than as a zero (packet vocabulary: structural_zero_treat_as_missing). EST2024=0 is NOT defensible, and it is the highest-stakes zero of the four SD zero cases because it lands on a specific municipal polygon (Census place 4642460, Miller city, w=1 exclusive, tier high) rather than a pooled remainder. Own-history fill IS permitted under the landed within-2-years rule (2023's 4 is a real report), giving about 3-4. Also correct the standing artifact: the CIUS lane prints a literal 0 that the pipeline labels 12 months and tier high purely by assumption (artifact 2) while Return-A shows 1 month - so the 'published as a complete full year' status that blocks uplift here is manufactured by the pipeline, not read from any published field. That circularity applies to every CIUS-lane case in this batch.","The published zero rests on a CIUS row whose 12mo/high/weight-1.0 is assumed rather than measured, plus a NIBRS batch header of 12 months containing no incident content, against an SRS Return-A record of just 1 MONTH — the named 0-2 month submission condition for BLANK-AS-ZERO. The coverage pattern is the auto-zero-report signature rather than a decay: NIBRS months jump from 9 (2023) to 12 (2024), the best in four years, at exactly the moment content falls to zero, while the agency's own SRS submissions collapse to a single month. Against a full-year expectation of ~5 from its own record, a true zero is roughly a 1% event. Medium confidence because at this population a genuine crime-free year is not absurd, and the 12-month NIBRS header is a real field I am discounting on the strength of the contradicting 1-month SRS record. || The SD DCI Agency Monthly Tracker rules out the non-report reading but not the under-capture reading. Miller PD submitted all 12 months in both years with essentially flat activity - 19 incident reports in 2023, 17 in 2024 - yet FBI Part-I went 4 to 0. At the 2023 yield (4/19 = 21%) expected 2024 Part-I is about 3.6, so P(0) is roughly 2.7%; measured against the agency's clean-full-year baseline of 8 it is a 0.03% event, and against a declining recent level (2021 annualised 6, 2023 annualised 5.3) roughly 0.7%. Because activity did not fall, 'the town went quiet' is excluded, and a total of exactly 0 across all seven streams - against an own baseline of 5.5 larcenies and 2 burglaries a year - reads as a capture gap. Aggravating history: 2022 was already an empty 4-month year. I hold this at medium rather than high because SD's report gives per-agency monthly incident counts but no per-ag",,batches/batch_006.json;batches/batch_040.json
b2-PA0420800-smethport + c-PA0420800-smethport,same_ori_double_framing_outside_cleanup,PA,PA0420800,10.0,published_zero+token_reporter,,misread_missing;token_reporting_flag,,,,dedupe_identical_action,b2-PA0420800-smethport(published_zero/opus/high): misread_missing -> treat_missing_repair || c-PA0420800-smethport(token_reporter/opus/high): token_reporting_flag -> treat_missing_repair,"both_reject_same_repair: repairs agree, so this is pure duplication of one ORI across two framings and either row can be dropped","Drop the CIUS zero and mark 2024 missing and fillable; EST2024 = 0 is NOT defensible. Own-history fill is unavailable: 2023 is 1 offence at 1 month (statistically uninformative and unusable as an anchor) and the last real full year is 2019, five years stale, which fails the within-2-years rule. The fill must therefore be peer-based for a ~1,370-person PA borough with a municipal PD. Before filling, check whether Smethport's PD is part-time or disbanded with PA State Police covering the borough — if so the correct treatment is footprint reassignment to the PSP layer, and a peer fill would double count against it. || Packet sub-verdict: structural_zero_treat_as_missing. BLANK-AS-ZERO: CIUS prints 0 for 2024 at an assumed 12 months over a ZERO-month submission record. Nothing was measured and uplift cannot rescue a zero, so drop the 2024 agency-year as a non-report and carry the Smethport borough polygon as MISSING, not 0. Unlike the other zero cases in this batch, the fill target here is well determined, because Smethport has a genuine full year: 2019 is SRS at 12 reported months with 12 Part-I offences (784 per 100k, essentially at the peer band median of 702.6), and 2018's 10 offences on a 10-month record annualises to 12 as well. So ~10-12 Part-I/yr is this borough's established level and that is what 2024 should be filled at. The own-history fill is also permissible under the current rule requiring a real report within 2 years: 2023 carries a real 1-month submission with 1 offence. Flag 2023 too ","The single decisive fact is that the SRS Return-A lane records months_reported = 0 for 2024 with no NIBRS row at all (is_nibrs False) — the agency submitted nothing to the FBI, so the printed zero is the pipeline's 12-month/tier-high/weight-1.0 default applied to a blank publication row, the textbook BLANK-AS-ZERO artifact. CIUS cannot rescue it because CIUS derives from the submission and is never independent corroboration of it. The surrounding record is the same failure repeated: 2021 and 2022 are both 0 at 0 months, and 2020 and 2023 are 3-month and 1-month scraps, so this is an agency that stopped submitting after 2019 rather than one whose crime went to zero. || This is the most clear-cut of the four published zeros because the counterfactual is measured rather than inferred. Where Mayfield and Little Beaver have never filed a real year (so their true level has to be argued from neighbours or peers), Smethport filed a complete 12-month 2019 at 12 offences and a 10-month 2018 at 10. A borough of 1,370-1,541 residents that demonstrably books ~12 Part-I offences a year did not reach zero in 2024 — it stopped submitting, which the record states outright at 0 reported months. The trajectory 12 (2019) -> 2 on 3mo -> 0mo -> 0mo -> 1 on 1mo -> 0mo is a reporting collapse with a clean signature: months submitted falls monotonically to zero while the CIUS lane keeps printing a full-year label over it.",,batches/batch_007.json;batches/batch_036.json
b2-OK0120500-fort-towson + c-OK0120500-fort-towson,same_ori_double_framing_outside_cleanup,OK,OK0120500,8.5,published_zero+token_reporter,,misread_missing;token_reporting_flag,,,,reconcile_before_apply,b2-OK0120500-fort-towson(published_zero/opus/high): misread_missing -> treat_missing_repair || c-OK0120500-fort-towson(token_reporter/sol/high): token_reporting_flag -> partial_year_uplift,both_reject_DIFFERENT_repair: the two framings imply DIFFERENT repairs for the same agency-year; needs one merged-packet ruling like the cleanup pass,"The printed zero is a non-report; 2021-2024 should all be missing, not zero. Own-history fill is blocked for 2024 by the 2-year recency rule (last real report 2020), so the value must come from peer-rate imputation for the town footprint. Before imputing, resolve the structural question: if Fort Towson PD is in fact dormant or dissolved, the correct repair is reassigning the municipal:place:4027400 footprint (currently w=1 EXCLUSIVE on this ORI) to Choctaw County SO, not fabricating counts under a dead ORI. Leaving the zero in place silently zeroes the town. || Missing with zero believable reported months; if an estimate is required use the 2018-20 median of 25 tempered by current comparable-agency rates; do not uplift zero. EST2024=0 indefensible.","The decisive fact is the shape of the break: 28/18/25 through 2020 — with SRS carrying a real 12 months in 2020 — then an abrupt step to exactly 0 sustained for four consecutive years, with SRS recording 0 months submitted in every one of them. A true zero at that pre-break level is on the order of 1e-11 per year, let alone four in a row, so the agency went dark rather than the town going crimeless. The 12-month NIBRS headers in 2021-2024 are therefore auto-carried zero-report shells for a silent agency, which is precisely the artifact class that a batch-header completeness test cannot see. || Four consecutive all-stream zeros for ~500 residents after genuine totals of 28, 17 and 25, every zero coinciding with 0 SRS months.",,batches/batch_009.json;batches/batch_038.json
b2-MN0540100-ada + c-MN0540100-ada,same_ori_double_framing_outside_cleanup,MN,MN0540100,6.5,published_zero+token_reporter,,misread_missing;token_reporting_flag,,,,dedupe_identical_action,b2-MN0540100-ada(published_zero/opus/medium): misread_missing -> treat_missing_repair || c-MN0540100-ada(token_reporter/sol/medium): token_reporting_flag -> treat_missing_repair,"both_reject_same_repair: repairs agree, so this is pure duplication of one ORI across two framings and either row can be dropped","Drop the 2024 CIUS/NIB zero; mark MN0540100 2024 missing and fillable. Own-history fill is licensed (real report in 2023, within 2 years): best-any-lane 2020-2023 = 8/5/2/11, median ~6.5, so a fill of 6-7 Part-I with a normal small-town mix. Do NOT carry 0 forward. || Token/structural non-report covering at most 2 SRS months; zero cannot annualize so set missing and repair ~6-7 from the 2022-23 median with that allocation. EST2024=0 not defensible.","The CIUS row is the BLANK-AS-ZERO signature exactly as specified: a full-year printed zero for an agency whose SRS submission record shows 2 months, and CIUS here is not independent — it derives from the same FBI submission that NIB and SRS report (all three vectors are identical). The agency has never recorded a zero in six years (8, 5, 2, 11) at a served population of ~1,690, so a categorical zero across all seven offense classes is a ~1-in-400 event under its own rate, and the case was selected on the outcome, which makes the feed-failure explanation dominant. The 12-month NIBRS batch header is real submission machinery but a zero-report shell is indistinguishable from it at this resolution. Failure cost is symmetric and small (~6 offenses), so the selection-bias argument decides it. || BLANK-AS-ZERO: publication's assumed 12-month status conflicts with 2 SRS months while the total collapses from a recent median of 6.5.",,batches/batch_012.json;batches/batch_042.json
b2-CA0470700-tulelake + c-CA0470700-tulelake,same_ori_double_framing_outside_cleanup,CA,CA0470700,6.0,published_zero+token_reporter,,misread_missing;token_reporting_flag,,,,dedupe_identical_action,b2-CA0470700-tulelake(published_zero/opus/high): misread_missing -> treat_missing_repair || c-CA0470700-tulelake(token_reporter/opus/high): token_reporting_flag -> treat_missing_repair,"both_reject_same_repair: repairs agree, so this is pure duplication of one ORI across two framings and either row can be dropped","Drop the 2024 zero; mark CA0470700 2024 missing and fillable. Own-history fill is licensed (real report 2023, within 2 years): CIUS-lane median 6 across 2018/2019/2022/2023, so fill ~6 Part-I. Also correct the 2021 panel value — SRS 0 at 0 months is a non-report being carried as a literal zero, which is depressing this agency's own baseline. || structural_zero_treat_as_missing. EST2024 = 0 observed is NOT defensible. Mark 2024 missing and fill from own history — permitted, since a real report exists within 2 years (2023, 6 offenses at 12 NIBRS months). Basis: own 2018-2023 full-year series 6, 7, 11, -, 4, 6 (median 6, recent 2022-2023 = 4 and 6) => ~5-6 total Part-I on the baseline mix (rape 0.8 / agg assault 2 / burglary 0.8 / larceny 1.8 / MVT 0.5). Peer cross-check: 503.4/100k on FBIpop 856 => ~4.3, so own-history and peer paths agree closely and the fill is well constrained. Do NOT treat this as a partial year: the 2024 SRS row is 0 on 1 reported month and UPLIFT CANNOT RESCUE A ZERO (0 x 12 = 0), so annualisation would republish the same zero.","This ORI has a documented history of the exact failure mode in question: in 2022 the NIBRS lane reported 0 across a 7-month header while the CIUS-published value for the same agency-year was 4. That is direct, agency-specific proof that a NIBRS zero from Tulelake does not mean zero crime, which disposes of the 'decisive provenance' framing of the 12-month 2024 header. Against that, 2024 shows the full BLANK-AS-ZERO signature — printed full-year zero, SRS submission record of 1 month, and CIUS/NIB/SRS carrying one identical vector rather than three independent confirmations. A stable positive history (6, 7, 11, 4, 6) in an 856-person town makes a categorical seven-class zero a sub-1% event on its own terms. || The decisive evidence is an internal contradiction inside this agency's own record, which distinguishes it from the small-town zeros retained elsewhere in this batch. In 2022 the NIBRS lane reported 0 offenses on a 7-month batch header while the Return-A/CIUS record for the same agency-year carried 4 — direct, same-ORI proof that this agency's NIBRS feed claims coverage and delivers no incidents even in years when offenses demonstrably occurred. In 2024 that same feed is the ONLY source of the 12-month completeness claim (SRS has just 1 month), and CIUS 0/12mo/hi is merely the Return-A master back-converted from it, so all three high-tier lanes reduce to the one feed already known to emit false zeros. That is the BLANK-AS-ZERO/derived-corroboration trap in its sharpest form. ABSOLUTE PLAUSIBILITY agrees independently: FBIpop 856 against a baseline of 5.8/yr gives Poisson(5.8) P(0)=0.3%, ",,batches/batch_012.json;batches/batch_043.json
b2-PA0100800-mars + c-PA0100800-mars,same_ori_double_framing_outside_cleanup,PA,PA0100800,6.0,published_zero+token_reporter,,misread_missing;token_reporting_flag,,,,reconcile_before_apply,b2-PA0100800-mars(published_zero/opus/high): misread_missing -> treat_missing_repair || c-PA0100800-mars(token_reporter/opus/high): token_reporting_flag -> partial_year_uplift,both_reject_DIFFERENT_repair: the two framings imply DIFFERENT repairs for the same agency-year; needs one merged-packet ruling like the cleanup pass,"publication_gap_treat_as_missing — discard the printed zero and make 2024 missing and fillable. Do not fill from own history: no year 2018-2023 is complete (best coverage is 11 months in 2019) and the nearest years are 2-month stubs, so the within-2-years own-history path would be building on 2-month fragments. Fill from the local_police peer band at pop ~1,400, with annualized 2019 (3 x 12/11 = ~3) as a floor, and flag the year low-confidence. || Sub-verdict: structural_zero_treat_as_missing. Believable months in 2024: ZERO. SRS 2024 is 0 on 0 reported months; the CIUS 0/12mo row is the same empty Return-A submission with an assumed month count. BLANK-AS-ZERO on a 0-month record; uplift is arithmetically incapable of moving it. EST2024 = 'observed 0' is NOT defensible. Unlike Ivyland, own-history fill IS available here under the landed 2-year rule: 2023 SRS is a real report (1 on 2 months) and 2022 (3 on 2 months). The agency's annualised full-year equivalents run 2018 14.4, 2019 3.3, 2020 16.0, 2022 18.0, 2023 6.0, with a genuine CIUS full-year print of 6 in 2018. Recommend marking 2024 missing and filling from own history in the 6-14 range (median-of-annualised ~14 = 991/100k at pop 1,413, just above the 702.6 peer median, so it is not an inflated fill). Do not carry 0 to cousub 4201947672 (Mars borough).","The single deciding fact is SRS months_reported = 0 for 2024 with no NIBRS row at all (is_nibrs False) — the agency submitted nothing to the FBI for the year, yet CIUS prints 0 in all seven cells. That is BLANK-AS-ZERO exactly: publication without submission, and CIUS derives from the FBI submission so it can never corroborate it. Mars is a chronic non-submitter across the whole window (5, 11, 6, 0, 2, 2 months for 2018-2023), so the zero continues a reporting gap rather than measuring anything. Accepting it silently deletes a real borough PD's crime from the national panel. || Mars is not a quiet agency — it is an intermittent filer that has never submitted a clean 12 months in the span (2018 5mo, 2019 11mo, 2020 6mo, 2021 0mo, 2022 2mo, 2023 2mo, 2024 0mo) yet posts positive counts whenever it does file. A zero on zero months from an agency with that profile is a non-report, not a crime outcome.",,batches/batch_013.json;batches/batch_044.json
b2-NY0195100-durham-town + c-NY0195100-durham-town,same_ori_double_framing_outside_cleanup,NY,NY0195100,5.0,published_zero+token_reporter,,misread_missing;token_reporting_flag,,,,dedupe_identical_action,b2-NY0195100-durham-town(published_zero/luna/high): misread_missing -> treat_missing_repair || c-NY0195100-durham-town(token_reporter/sol/high): token_reporting_flag -> treat_missing_repair,"both_reject_same_repair: repairs agree, so this is pure duplication of one ORI across two framings and either row can be dropped","[raw:publication_gap_treat_as_missing] 2024 CIUS zero rests on 0 reported SRS months, so the claimed full-year coverage is absent. || Structural zero, treat missing: 0 reported months; repair ~4-5 from recent credible state-publication history with peer shrinkage. EST2024=0 not defensible.",The publication zero is a BLANK-AS-ZERO risk and CIUS is not independent of SRS. Use own-history filling from the real 2023 reported value of 4. || The CIUS row derives from a non-submission and its 12-month label is only a pipeline default; uplift cannot recover unobserved months.,,batches/batch_016.json;batches/batch_050.json
b2-NY0502900-wayland-village + c-NY0502900-wayland-village,same_ori_double_framing_outside_cleanup,NY,NY0502900,4.5,published_zero+token_reporter,,misread_missing;token_reporting_flag,,,,reconcile_before_apply,b2-NY0502900-wayland-village(published_zero/luna/high): misread_missing -> partial_year_uplift || c-NY0502900-wayland-village(token_reporter/sol/high): token_reporting_flag -> treat_missing_repair,both_reject_DIFFERENT_repair: the two framings imply DIFFERENT repairs for the same agency-year; needs one merged-packet ruling like the cleanup pass,[raw:partial_year_coverage] Only 5 months are believable; the 12-month publication zero is unusable as a full-year value. || At most 5 believable months; zero cannot be rescued by 12/5 so mark missing and fill from the 2022-23 state totals (4 and 5). EST2024=0 not defensible.,"The decisive fact is the 2024 SRS record with 5 reported months. Uplift cannot rescue a zero, and CIUS/SPUB provide no independent full-year measurement. Use the 5-month SRS zero as partial coverage, not a completed annual zero. || CIUS and SPUB full-year labels conflict with the only measured period, SRS at 5 months; 2024 lane agreement reflects one reporting process.",,batches/batch_017.json;batches/batch_058.json
b2-NY0192200-coxsackie-village + c-NY0192200-coxsackie-village,same_ori_double_framing_outside_cleanup,NY,NY0192200,4.0,published_zero+token_reporter,,misread_missing;token_reporting_flag,,,,reconcile_before_apply,b2-NY0192200-coxsackie-village(published_zero/luna/high): misread_missing -> partial_year_uplift || c-NY0192200-coxsackie-village(token_reporter/sol/high): token_reporting_flag -> treat_missing_repair,both_reject_DIFFERENT_repair: the two framings imply DIFFERENT repairs for the same agency-year; needs one merged-packet ruling like the cleanup pass,"[raw:partial_year_coverage] Only 1 month is believable in 2024; the CIUS/SPUB 12-month zero is not a measured annual zero. || Structural zero, treat missing: only 1 month evidenced and annualizing zero yields nothing; estimate ~4 from credible own history with peer shrinkage. EST2024=0 not defensible.",Both publication lanes rest on a 1-month SRS submission. Do not uplift the zero; treat the annual value as missing/fillable from the real 2023 full-year report of 1. || CIUS and SPUB both repeat a one-month zero; neither establishes the other eleven months and the all-zero vector has no composition signal.,,batches/batch_019.json;batches/batch_050.json
b2-NY0353600-tuxedo-park-village + c-NY0353600-tuxedo-park-village,same_ori_double_framing_outside_cleanup,NY,NY0353600,3.0,published_zero+token_reporter,,misread_missing;token_reporting_flag,,,,reconcile_before_apply,b2-NY0353600-tuxedo-park-village(published_zero/luna/high): misread_missing -> partial_year_uplift || c-NY0353600-tuxedo-park-village(token_reporter/sol/high): token_reporting_flag -> treat_missing_repair,both_reject_DIFFERENT_repair: the two framings imply DIFFERENT repairs for the same agency-year; needs one merged-packet ruling like the cleanup pass,"[raw:partial_year_coverage] Only 1 month is believable in 2024; the published 12-month zero is not a measured annual zero. || Structural zero, treat missing and not scalable; recent-history repair ~3 anchored to the genuine 12-month 2023 report. EST2024=0 not defensible.",CIUS and SPUB both rest on a 1-month SRS submission. Do not uplift the zero; fill the annual value from the real 2023 full-year report of 3. || The published zero rests on one submitted SRS month; CIUS is the same submission and SPUB's period is assumed.,,batches/batch_022.json;batches/batch_053.json
b2-PA0095200-ivyland + c-PA0095200-ivyland,same_ori_double_framing_outside_cleanup,PA,PA0095200,3.0,published_zero+token_reporter,,misread_missing;token_reporting_flag,,,,dedupe_identical_action,b2-PA0095200-ivyland(published_zero/luna/high): misread_missing -> treat_missing_repair || c-PA0095200-ivyland(token_reporter/opus/high): token_reporting_flag -> treat_missing_repair,"both_reject_same_repair: repairs agree, so this is pure duplication of one ORI across two framings and either row can be dropped","[raw:publication_gap_treat_as_missing] 2024 is missing and fillable under pipeline rules; do not retain the observed zero. || Sub-verdict: structural_zero_treat_as_missing. Believable months in 2024: ZERO. The 2024 SRS row is 0 total on 0 reported months — the agency submitted no month of Return-A data at all. The CIUS 0/12mo row is not a second source: CIUS is the frozen Return-A master (99.88% cell agreement), so it is the same empty submission re-rendered with months_reported=12 supplied by pipeline assumption. This is textbook BLANK-AS-ZERO: a printed zero on a 0-month submission is indistinguishable from an unfilled cell, and uplift cannot rescue it (0 x 12/0). EST2024 = 'observed 0' is NOT a defensible repair — it is the worst available outcome, publishing a hard zero-crime year for a municipal polygon (cousub 4201737304, Ivyland borough, w=1 exclusive) on the strength of no data. Correct handling: mark 2024 missing/imputed, not observed. Fill basis is constrained: the agency's only genuine full year is 2","The 2024 zero-month SRS submission makes the CIUS zero a BLANK-AS-ZERO publication artifact. || 2020-2024 are five consecutive years of 0 reported months; the agency stopped filing after 2019. The only question the row can answer is whether data exists, and it does not. Absolute plausibility is beside the point here — 0 Part-I is a reachable outcome for a 945-person borough, but nothing in the 2024 record measures it. Determinate on the flag; the fill choice is the only soft part.",,batches/batch_023.json;batches/batch_054.json
b2-PA0200500-cochranton + c-PA0200500-cochranton,same_ori_double_framing_outside_cleanup,PA,PA0200500,3.0,published_zero+token_reporter,,misread_missing;token_reporting_flag,,,,dedupe_identical_action,b2-PA0200500-cochranton(published_zero/luna/high): misread_missing -> treat_missing_repair || c-PA0200500-cochranton(token_reporter/opus/high): token_reporting_flag -> treat_missing_repair,"both_reject_same_repair: repairs agree, so this is pure duplication of one ORI across two framings and either row can be dropped","[raw:publication_gap_treat_as_missing] 2024 is missing and fillable under pipeline rules; do not retain the CIUS zero as observed. || Structural non-report — treat 2024 as MISSING, not as an observed zero. The pipeline's EST2024=0 [observedx7] is NOT a defensible repair: it publishes a number the agency never submitted, at tier 'high'/weight 1.0. Partial-year uplift is also unavailable (0 months x anything = 0). Fill basis: own-history is blocked by the 2-year-recency rule (last real submission 2020, 3 months), so the fill falls to the peer band — 702.6/100k x 1,093 = ~7.7/yr. But this agency has exactly one genuine 12-month submission in the span (2019 SRS, 12 months, total 3), so a bare peer fill overstates its measured level by ~2.5x; recommend a peer fill damped toward that single measured full year, i.e. ~3-8 Part-I/yr, flagged imputed. Also correct 2023, which carries the identical defect (CIUS 0 at '12mo' over a 0-month submission).","The SRS lane recorded 0 reported months, so the published 12-month zero has no measured annual coverage. || BLANK-AS-ZERO, unambiguous. The only 2024 lane rows are CIUS 0 at a *defaulted* 12 months and SRS 0 at 0 reported months. CIUS is not independent corroboration — it is the Return-A master file frozen at publication (99.88% cell agreement in-repo), so the two rows are one submission counted twice, and that submission is empty. The agency has submitted zero months in 2021, 2022, 2023 and 2024. Composition carries no signal (uniform zero across all seven streams), so nothing supports the zero from inside the row. Absolute plausibility does not rescue it either way: for 1,093 people a true zero year is reachable (own measured full year 2019 = 3, so lambda~3, P(0)~5%), but plausibility of the level is not evidence that a level was measured. External check: Cochranton Borough PD is still operating in 2024 (department listed with a serving chief), so this is a four-year reporting failure by a l",,batches/batch_023.json;batches/batch_054.json
b2-PA0221800-wiconisco-township + c-PA0221800-wiconisco-township,same_ori_double_framing_outside_cleanup,PA,PA0221800,3.0,published_zero+token_reporter,,misread_missing;token_reporting_flag,,,,dedupe_identical_action,b2-PA0221800-wiconisco-township(published_zero/luna/high): misread_missing -> treat_missing_repair || c-PA0221800-wiconisco-township(token_reporter/opus/high): token_reporting_flag -> treat_missing_repair,"both_reject_same_repair: repairs agree, so this is pure duplication of one ORI across two framings and either row can be dropped","[raw:publication_gap_treat_as_missing] 2024 zero is unusable; leave 2024 missing/fillable, with no valid full-year observed value. || Structural non-report — treat 2024 as MISSING. EST2024=0 [observedx7] is NOT defensible; 0 submitted months means uplift returns 0 no matter what ratio is applied. Four consecutive years with zero submitted months (2021-2024). Fill ~3-8 Part-I/yr: own-history is blocked by the 2-year-recency rule (last real submission 2020, 3 months), so the peer band governs — 702.6/100k x 1,152 = 8.1 — with the agency's own annualized history spanning 1.7 (2019, 1 on 7 months) to 8 (2020, 2 on 3 months) and its nominal 2018 'baseline' of 3 actually resting on a 3-month submission. Recommend a peer fill in the 3-8 range, marked imputed, and the same correction applied to 2023 (SRS 0 at 0 months, currently in the panel as a zero year).","The published 12-month zero rests on an SRS record with 0 months reported. The CIUS row is the same FBI submission, not independent evidence. || BLANK-AS-ZERO with no offsetting evidence: the only 2024 rows are a CIUS 0 at a defaulted 12 months and an SRS 0 at 0 reported months, and those are one submission, not two. Uniform zero across all seven streams means composition can neither support nor undercut the row. Absolute plausibility does not settle it in either direction for 1,152 people (peer-implied lambda ~8 makes a true zero unlikely at ~0.03%, but this township's own measured level is 2-3/yr, where a zero year is perfectly reachable) — which is precisely why the provenance test decides it: there is no submission behind the number. This agency has no genuine 12-month submission anywhere in 2018-2024; its panel baseline year (2018 CIUS 3 at '12mo') is a default label over a 3-month Return-A submission, so once months_reported is keyed to the primary record this ORI has no valid full-year history at all and any own-history fi",,batches/batch_024.json;batches/batch_054.json
b2-PA0482100-portland + c-PA0482100-portland,same_ori_double_framing_outside_cleanup,PA,PA0482100,3.0,published_zero+token_reporter,,misread_missing;token_reporting_flag,,,,dedupe_identical_action,b2-PA0482100-portland(published_zero/luna/high): misread_missing -> treat_missing_repair || c-PA0482100-portland(token_reporter/opus/high): token_reporting_flag -> treat_missing_repair,"both_reject_same_repair: repairs agree, so this is pure duplication of one ORI across two framings and either row can be dropped","[raw:publication_gap_treat_as_missing] 2024 zero is unusable; leave 2024 missing/fillable, with no valid full-year observed value. || Sub-ruling: structural_zero_treat_as_missing. 2024 must be treated as missing, not as an observed 0. CIUS prints 0 for 2024 carrying the pipeline's DEFAULTED 12-month label, while the only FBI submission record for 2024 is SRS at 0 reported months — the agency submitted nothing. Because CIUS is the frozen Return-A master (99.88% cell agreement), the CIUS 0 and the SRS 0 are one non-submission rendered twice, not corroboration. Uplift is arithmetically useless (0 x 12/0 months is still 0), so the partial-year route cannot repair it. Correct handling: extend the existing _drop_state_publication_non_reports logic to CIUS all-zero rows whose SRS months = 0, drop the 2024 CIUS row as a non-report, mark 2024 missing, then own-history fill — the most recent real report is 2023 (SRS 3 on 2 months), inside the 2-year window, and the own full-year-equivalent median is ~3. A repaired value near 3 o","The CIUS zero is derived from a 0-month SRS submission. Prior positive years make accepting the zero especially risky, while CIUS provides no independent corroboration. || Textbook BLANK-AS-ZERO: a full-year publication label sitting on a 0-month submission record, so the '12 months' is a default rather than a measurement. No lane independence exists to corroborate it (CIUS derives from the same Return-A file), and a zero-month zero cannot be rescued by any multiplicative uplift. The verdict rests on record status, not on level — at 479 residents the corrected value is small either way.",,batches/batch_024.json;batches/batch_054.json
b2-PA0092500-hulmeville + c-PA0092500-hulmeville,same_ori_double_framing_outside_cleanup,PA,PA0092500,2.5,published_zero+token_reporter,,misread_missing;token_reporting_flag,,,,dedupe_identical_action,b2-PA0092500-hulmeville(published_zero/luna/high): misread_missing -> treat_missing_repair || c-PA0092500-hulmeville(token_reporter/sol/high): token_reporting_flag -> treat_missing_repair,"both_reject_same_repair: repairs agree, so this is pure duplication of one ORI across two framings and either row can be dropped","[raw:publication_gap_treat_as_missing] 2024 is missing; no believable months. Use an allowed fill based on real recent history, not observed zero. || Structurally missing with 0 believable reporting months; do not uplift zero; use an explicit peer/history model with substantial uncertainty given incomplete recent years. EST2024=0 not defensible.",The CIUS zero rests on an SRS submission with 0 reported months; its 12-month label is a default and BLANK-AS-ZERO cannot establish coverage. || Both 2023 and 2024 CIUS zeros rest on zero-month SRS records — a repeated blank-as-zero pattern rather than measured full-year zeros.,,batches/batch_026.json;batches/batch_055.json
b2-PA0543400-ryan-township + c-PA0543400-ryan-township,same_ori_double_framing_outside_cleanup,PA,PA0543400,2.5,published_zero+token_reporter,,misread_missing;token_reporting_flag,,,,dedupe_identical_action,b2-PA0543400-ryan-township(published_zero/luna/high): misread_missing -> treat_missing_repair || c-PA0543400-ryan-township(token_reporter/opus/high): token_reporting_flag -> treat_missing_repair,"both_reject_same_repair: repairs agree, so this is pure duplication of one ORI across two framings and either row can be dropped","[raw:publication_gap_treat_as_missing] 2024 is missing; replace via eligible own-history fill using the real 2023 report, not observed zero. || Sub-ruling: structural_zero_treat_as_missing. CIUS prints 0 at a defaulted 12 months while the only 2024 submission record is SRS at 0 reported months — nothing was submitted, and since CIUS is the frozen Return-A master the two zeros are one non-submission rendered twice. Uplift cannot rescue a zero. The fill is genuinely contested and should be surfaced, not silently chosen: the last real full-year submission is 2019 (4 offences on 12 real months), five years stale and failing the within-2-years own-history rule; the only in-window reports are 2023 (1 on 1 month) and 2020 (1 on 1 month); the peer band (2500-5000) median of 929.7 per 100k on 2,853 population implies ~27. That is a 6x spread between the own-history anchor (~4) and the peer floor (~27), and the choice should be a decision rather than a default. SEPARATE, VERIFIED FOOTPRINT DEFECT: Ryan Township Police Dept (36 N 5th Ave, ","The CIUS zero is a BLANK-AS-ZERO artifact: its supposed 12-month publication rests on an SRS submission with 0 months. CIUS is not independent corroboration. || Zero months submitted makes the published zero a non-measurement, which settles the verdict. Two things are then flagged rather than guessed: the own-history and peer anchors disagree 6x so the fill needs an explicit ruling, and the joint Ryan/Delano department means the weight-1 exclusive footprint is wrong independent of the count.",,batches/batch_026.json;batches/batch_055.json
b2-PA0580300-lanesboro + c-PA0580300-lanesboro,same_ori_double_framing_outside_cleanup,PA,PA0580300,2.5,published_zero+token_reporter,,misread_missing;token_reporting_flag,,,,reconcile_before_apply,b2-PA0580300-lanesboro(published_zero/luna/high): misread_missing -> treat_missing_repair || c-PA0580300-lanesboro(token_reporter/opus/high): token_reporting_flag -> flag_review,disposition_conflict_FLAG/REJECT: the two framings imply DIFFERENT repairs for the same agency-year; needs one merged-packet ruling like the cleanup pass,"[raw:publication_gap_treat_as_missing] Treat 2024 as missing; the last positive report is outside the two-year own-history window, so no replacement value is justified from this evidence. || Packet-vocabulary sub-verdict: structural_zero_treat_as_missing. 2024 = CIUS 0 at assumed 12 months on SRS 0 at 0 reported months, and 2020-2023 are all 0-month years with CIUS printing a placeholder zero for 2023. So the agency has submitted nothing for five consecutive years. Its last real data is 2019 (2 offenses on 11 reported months) and 2018 (5 offenses on 7 reported months — 4 aggravated assaults plus 1 burglary, so a real violent-crime record, not a nuisance-only footprint). Pooled own reported-month rate = 7 offenses over 18 reported months = 4.67/yr, against a peer-implied 2.5/yr at pop 492 — this agency reported ABOVE its band when it reported. EST2024 = 0 [observedx7] is NOT defensible. Recommended 2024 value ~2.5-4.7 (peer-band lower anchor, own-rate upper anchor); own-history fill is blocked by the two-year-recency rule (last real report 2019) so a peer-band fill of ~2.5 is","The 2024 CIUS zero sits on a 0-month SRS submission and cannot be treated as a measured full-year zero. || Provenance is dispositive: five straight years with zero months submitted, and the disputed cell is one of them. The own-history evidence points the opposite way from the published zero — 4 aggravated assaults in 7 reported months in 2018 for a 465-person borough is a materially non-trivial record, so the 0.0 per 100k now published is not a low-crime finding but the erasure of a small agency that had above-band reported crime. Composition is uninformative for 2024 (uniform zero across all seven streams), which is itself the placeholder signature.",,batches/batch_026.json;batches/batch_055.json
b2-PA0640300-waymart + c-PA0640300-waymart,same_ori_double_framing_outside_cleanup,PA,PA0640300,2.5,published_zero+token_reporter,,misread_missing;token_reporting_flag,,,,reconcile_before_apply,b2-PA0640300-waymart(published_zero/luna/high): misread_missing -> treat_missing_repair || c-PA0640300-waymart(token_reporter/opus/high): token_reporting_flag -> partial_year_uplift,both_reject_DIFFERENT_repair: the two framings imply DIFFERENT repairs for the same agency-year; needs one merged-packet ruling like the cleanup pass,"[raw:publication_gap_treat_as_missing] 2024 should be missing/fillable; no valid 2024 full-year count exists. || Packet-vocabulary disposition: structural_zero_treat_as_missing. Believable months for 2024: ZERO. Stronger version of the same defect as West Pike Run: this agency has submitted nothing to the FBI for five consecutive years — SRS 0 total on 0 reported months in 2020, 2021, 2022, 2023 and 2024, no NIBRS row ever. Its last real submission is 2019 (1 offence on 10 months) and its last positive year is 2018 (5 on 7 months, all larceny). The 2023 and 2024 CIUS zeros are full-year publications sitting on 0-month submission records; CIUS is not independent of SRS, so there is no second lane. EST2024 = 0 [observedx7] is NOT defensible. Correct handling: mark 2020-2024 as non-reports and hand cousub 4212781712 (Waymart borough) to the fill layer as missing, not as a zero-crime polygon. No uplift (0 x 12/0). Own-history fill would also fail the landed 'real report within 2 years' rule — the last ","The CIUS zero sits on a zero-month SRS submission, making it a BLANK-AS-ZERO publication gap rather than a measured zero. || BLANK-AS-ZERO with the longest non-reporting run in the batch. Five straight years of 0 submitted months means the FBI has no measurement of this borough since 2019; the CIUS 12-month label is a default applied by the pipeline, and the CIUS/SRS agreement is one absent submission counted twice. Composition is uniformly zero and scores nothing. Note the own-history median the screen used (2.5) is itself built from partial-year rows, so the '2024 is 0.0% of history' arm is weak — the decisive evidence is the submission-months record, not the ratio. As with West Pike Run, a genuine zero year IS reachable for a 1,300-person Wayne County borough; the objection is that no year of data was submitted, not that the level is impossible.",,batches/batch_027.json;batches/batch_055.json
b2-NY0222300-brownville-village + c-NY0222300-brownville-village,same_ori_double_framing_outside_cleanup,NY,NY0222300,2.0,published_zero+token_reporter,,misread_missing;token_reporting_flag,,,,dedupe_identical_action,b2-NY0222300-brownville-village(published_zero/luna/high): misread_missing -> treat_missing_repair || c-NY0222300-brownville-village(token_reporter/sol/high): token_reporting_flag -> treat_missing_repair,"both_reject_same_repair: repairs agree, so this is pure duplication of one ORI across two framings and either row can be dropped","[raw:publication_gap_treat_as_missing] 2024 CIUS zero rests on 0 reported months and cannot establish a genuine annual zero. || Structural zero, treat missing: no 2024 month submitted; estimate ~1-2 from the credible low-count history rather than retaining zero. EST2024=0 not defensible.","The 12-month publication label is unsupported by submission coverage. Use an own-history fill anchored to the real 2022 full-year report of 2. || Genuine zero is plausible at pop ~937, but CIUS sits on a 0-month submission so the repeated 2023-24 publication zeros indicate structural missingness.",,batches/batch_031.json;batches/batch_060.json
b2-NY0492000-interlaken-village + c-NY0492000-interlaken-village,same_ori_double_framing_outside_cleanup,NY,NY0492000,2.0,published_zero+token_reporter,,misread_missing;token_reporting_flag,,,,reconcile_before_apply,b2-NY0492000-interlaken-village(published_zero/luna/high): misread_missing -> partial_year_uplift || c-NY0492000-interlaken-village(token_reporter/sol/high): token_reporting_flag -> treat_missing_repair,both_reject_DIFFERENT_repair: the two framings imply DIFFERENT repairs for the same agency-year; needs one merged-packet ruling like the cleanup pass,"[raw:partial_year_coverage] Only 1 month is believable in 2024; the published 12-month zero cannot establish a full-year zero. || One-month zero, not a measured full-year zero; zero cannot annualize so set missing and estimate from recent genuine history or peers. EST2024=0 not a defensible repair.",The CIUS/SPUB zeros rest on a 1-month SRS submission. Do not annualize the zero; fill the annual value from the real 2023 full-year report of 3. || Both publication lanes inherit an unsupported 12-month label while SRS contains only 1 reported month; cannot distinguish a genuine zero from blank-as-zero at pop 626.,,batches/batch_031.json;batches/batch_064.json
b2-PA0094100-langhorne-manor + c-PA0094100-langhorne-manor,same_ori_double_framing_outside_cleanup,PA,PA0094100,2.0,published_zero+token_reporter,,misread_missing;token_reporting_flag,,,,dedupe_identical_action,b2-PA0094100-langhorne-manor(published_zero/luna/high): misread_missing -> treat_missing_repair || c-PA0094100-langhorne-manor(token_reporter/sol/high): token_reporting_flag -> treat_missing_repair,"both_reject_same_repair: repairs agree, so this is pure duplication of one ORI across two framings and either row can be dropped","[raw:publication_gap_treat_as_missing] 2024 is missing and should be filled only through an allowed history/peer method, not published as observed zero. || Structurally missing with 0 believable reporting months; do not annualize; if a complete panel is mandatory use an explicitly modelled estimate recognizing the genuinely low baseline. EST2024=0 not defensible.","The underlying 2024 SRS record has 0 reported months, so the CIUS 12-month zero is unsupported publication coverage. || The 2024 and similar 2023 CIUS rows rest on zero SRS submission months, invalidating the assumed 12-month completeness.",,batches/batch_032.json;batches/batch_058.json
b2-PA0211000-shiremanstown + c-PA0211000-shiremanstown,same_ori_double_framing_outside_cleanup,PA,PA0211000,2.0,published_zero+token_reporter,,misread_missing;token_reporting_flag,,,,reconcile_before_apply,b2-PA0211000-shiremanstown(published_zero/luna/high): misread_missing -> partial_year_uplift || c-PA0211000-shiremanstown(token_reporter/opus/high): token_reporting_flag -> treat_missing_repair,both_reject_DIFFERENT_repair: the two framings imply DIFFERENT repairs for the same agency-year; needs one merged-packet ruling like the cleanup pass,"[raw:partial_year_coverage] Only 1 month is believable: SRS reports zero for 1 month. Do not treat the CIUS value as a complete-year zero or annualize it. || Treat 2024 as MISSING. EST2024=0 [observedx7] is NOT defensible, and uplift cannot rescue it (0 x 12/1 = 0). The published zero rests on a single submitted month; the CIUS 12-month label is a default. Fill ~11-14 Part-I/yr, and note that three independent bases converge on that range: own 2023 (6 offenses on 5 months -> 14.4 annualized), own 2019 (8 on 11 months -> 8.7), and the peer band (702.6/100k x 1,652 = 11.6). Own-history fill is permitted — 2023 is a real report inside the 2-year window. This agency has NO genuine 12-month submission anywhere in 2018-2024 (best is 2019 at 11 months), so its panel 'full-year' history is entirely CIUS default labels and its baseline set needs rebuilding once months_reported is keyed to the submission record.","The agency submitted one month, establishing only one month of zero observations; a full-year zero is unsupported. || An agency that recorded 6 Part-I offences across 5 submitted months of 2023 did not produce zero across 12 months of 2024; it produced one submitted month with nothing in it. BLANK-AS-ZERO applies directly — a full-year publication sitting on a 1-month submission record, where a printed 0 is exactly as consistent with an unfilled blank as with a measurement. CIUS agreeing with SRS is not corroboration (same Return-A file). Composition gives no internal signal (uniform zero), so the case turns on provenance plus absolute plausibility, and both point the same way: 0/100k for a 1,652-person Cumberland County borough with an active department in a Harrisburg-suburban setting is not a reachable outcome, and the agency's own recent activity level is ~9-14/yr. The 2021-2022 double zero here is the national SRS-suspension artifact (FBI accepted NIBRS only for data year 2021; this ORI is is_nibrs",,batches/batch_032.json;batches/batch_059.json
b2-PA0600600-new-berlin + c-PA0600600-new-berlin,same_ori_double_framing_outside_cleanup,PA,PA0600600,2.0,published_zero+token_reporter,,misread_missing;token_reporting_flag,,,,reconcile_before_apply,b2-PA0600600-new-berlin(published_zero/luna/high): misread_missing -> partial_year_uplift || c-PA0600600-new-berlin(token_reporter/opus/high): token_reporting_flag -> treat_missing_repair,both_reject_DIFFERENT_repair: the two framings imply DIFFERENT repairs for the same agency-year; needs one merged-packet ruling like the cleanup pass,"[raw:partial_year_coverage] Only 2 months are believable. Retain the 2-month SRS zero as partial coverage; do not treat the CIUS row as a measured full-year zero or annualize zero into a full-year observation. || Packet-vocabulary sub-verdict: token_report_treat_as_partial — 2 months are believable, not 12. Unlike the other zero cases this one is not a total non-report: SRS 2024 shows 2 reported months with 0 offenses, while CIUS publishes 0 labelled 12 months. So the pipeline is publishing a two-month submission as a complete year. Uplift cannot rescue it (0 x 12/2 = 0), which is exactly why the partial-year machinery must not be the repair. The own-history basis is strong and current: 2022 (SRS 2 at 12mo) and 2023 (CIUS 2 + SRS 2 at 12mo) are both genuine full years at 2 offenses, and 2018 CIUS 2 rests on a 5-month record. Pooled own reported-month rate = 7 offenses over 42 reported months = 2.0/yr; peer-implied at pop 782 is 3.9/yr. EST2024 = 0 [observedx7] is NOT defensible. Correct repair: set months_reported=2 for the 2024 agency-year, recognise that a zero partial cannot be annualised, and","The underlying SRS submission has 2 reported months, so this is partial observed coverage rather than a zero-month publication gap. Uplift cannot rescue a zero. || This is the batch's clearest demonstration that the defect is the months-reported assumption rather than any judgement about crime levels: the source record itself states 2 months, the CIUS row is the same file frozen at publication, and the pipeline nonetheless labels it 12 and marks 0 as observed. The agency measured 2 offenses in each of the two preceding audited full years, so the honest 2024 value is 2 and the published 0.0 per 100k is an artifact of a two-month filing. Composition is uninformative (uniform zero), consistent with a short partial rather than a real change in offense mix.",,batches/batch_033.json;batches/batch_059.json
b2-NY0223300-sackets-harbor-village + c-NY0223300-sackets-harbor-village,same_ori_double_framing_outside_cleanup,NY,NY0223300,1.0,published_zero+token_reporter,,misread_missing;token_reporting_flag,,,,reconcile_before_apply,b2-NY0223300-sackets-harbor-village(published_zero/luna/high): misread_missing -> partial_year_uplift || c-NY0223300-sackets-harbor-village(token_reporter/sol/high): token_reporting_flag -> treat_missing_repair,both_reject_DIFFERENT_repair: the two framings imply DIFFERENT repairs for the same agency-year; needs one merged-packet ruling like the cleanup pass,"[raw:partial_year_coverage] Only 1 month is believable in 2024; the CIUS/SPUB 12-month zero cannot be accepted as a full-year zero. || Structural zero, treat missing rather than annualizing; own-history repair ~1 anchored to the genuine 12-month 2023 report. EST2024=0 not defensible.",The state and FBI publications rest on a 1-month SRS submission. Do not annualize the zero; fill the annual value from the real 2023 full-year report of 1. || The all-zero row rests on only one SRS month; CIUS is the same submission and SPUB's 12-month status is a period default.,,batches/batch_039.json;batches/batch_063.json
b2-NY0294700-centre-island-village + c-NY0294700-centre-island-village,same_ori_double_framing_outside_cleanup,NY,NY0294700,1.0,published_zero+token_reporter,,misread_missing;token_reporting_flag,,,,dedupe_identical_action,b2-NY0294700-centre-island-village(published_zero/luna/high): misread_missing -> treat_missing_repair || c-NY0294700-centre-island-village(token_reporter/sol/high): token_reporting_flag -> treat_missing_repair,"both_reject_same_repair: repairs agree, so this is pure duplication of one ORI across two framings and either row can be dropped","[raw:publication_gap_treat_as_missing] 2024 CIUS zero rests on 0 reported months, so the annual zero is unsupported. || Structural zero, mark missing; no qualifying recent own-history report so use a peer estimate ~2. EST2024=0 not defensible.","BLANK-AS-ZERO applies, and CIUS is the Return-A publication rather than independent evidence. No qualifying own-history report exists within two years; leave missing pending external or peer evidence. || The CIUS zero sits on an SRS record with zero submitted months — the blank-as-zero/non-report pattern; no 2024 exposure was measured.",,batches/batch_063.json;batches/batch_074.json
b2-PA0032500-worthington + c-PA0032500-worthington,same_ori_double_framing_outside_cleanup,PA,PA0032500,1.0,published_zero+token_reporter,,misread_missing;token_reporting_flag,,,,dedupe_identical_action,b2-PA0032500-worthington(published_zero/luna/high): misread_missing -> treat_missing_repair || c-PA0032500-worthington(token_reporter/sol/high): token_reporting_flag -> treat_missing_repair,"both_reject_same_repair: repairs agree, so this is pure duplication of one ORI across two framings and either row can be dropped","2024 should be missing, not zero; no eligible own-history fill is available because the last positive report was 2020. || Structurally missing because no month was submitted; use a very-small-agency peer model informed cautiously by the genuine 2019 full-year zero and sparse positive partials. EST2024=0 not defensible.",The 2024 CIUS zero is paired with zero-month SRS coverage and no NIBRS row. The 12-month publication label is therefore not measured coverage; uplift cannot rescue it. || A true zero is reachable for ~572 residents but the 2024 record measures no months and CIUS derives from that non-submission.,,batches/batch_041.json;batches/batch_064.json
b2-PA0063200-bernville + c-PA0063200-bernville,same_ori_double_framing_outside_cleanup,PA,PA0063200,1.0,published_zero+token_reporter,,misread_missing;token_reporting_flag,,,,dedupe_identical_action,b2-PA0063200-bernville(published_zero/luna/high): misread_missing -> treat_missing_repair || c-PA0063200-bernville(token_reporter/sol/high): token_reporting_flag -> treat_missing_repair,"both_reject_same_repair: repairs agree, so this is pure duplication of one ORI across two framings and either row can be dropped","2024 should be missing, not zero; no eligible own-history fill is available because the last positive report was 2018. || Structurally missing with 0 believable reporting months; do not annualize zero; the last genuine report is too old so use an explicitly modelled peer estimate with high uncertainty. EST2024=0 not defensible.","The CIUS zero is based on zero-month SRS coverage with no NIBRS row. It is a publication gap/blank-as-zero artifact, not a measured full-year zero. || The CIUS 12-month status is a default resting on an SRS record with zero submitted months — the blank-as-zero artifact.",,batches/batch_041.json;batches/batch_064.json
b2-PA0131600-weissport + c-PA0131600-weissport,same_ori_double_framing_outside_cleanup,PA,PA0131600,1.0,published_zero+token_reporter,,misread_missing;token_reporting_flag,,,,dedupe_identical_action,b2-PA0131600-weissport(published_zero/luna/high): misread_missing -> treat_missing_repair || c-PA0131600-weissport(token_reporter/opus/high): token_reporting_flag -> treat_missing_repair,"both_reject_same_repair: repairs agree, so this is pure duplication of one ORI across two framings and either row can be dropped","[raw:publication_gap_treat_as_missing] 2024 is missing and should be filled under permitted rules rather than retained as observed zero. || Packet vocabulary: structural_zero_treat_as_missing. Believable months for 2024 = 0. Both 2023 and 2024 are CIUS printed zeros sitting on 0-month Return-A records, so neither is a measurement; only 2018 and 2019 are genuine 12-month submissions, each totalling 1. Set 2024 missing rather than observed-0. Fill: last real full year is 2019, outside the 2-year own-history window, so a missing-mark routes to the peer floor at 418 x 503.4/100k = 2.1/yr — same order as the agency's measured 1/yr, so the hazard here is mild and either route is tolerable. SEPARATE CHECK WORTH RUNNING: the crosswalk name for this ORI is 'weissport pd lehighton', which is consistent with Weissport borough's police coverage having transferred to Lehighton borough PD after 2019. If that is right, the 2020-2024 blanks are a coverage transfer rather than a reporting lapse, and cousub 4202582080 should be attached to th","The underlying 2024 SRS record has 0 reported months; the CIUS 12-month label cannot rescue that absence. || BLANK-AS-ZERO: 12-month publication label over a 0-month submission, with CIUS being the same Return-A master and therefore no corroboration. Uniform zero across all seven streams gives no composition signal, and uplift cannot rescue a zero. The LEVEL is entirely credible for a 418-person borough (its two genuine full years measured 1 each; Poisson P(0) at 1/yr is ~37%) — the defect is that the 2024 cell claims to have measured that zero when no month was submitted.",,batches/batch_041.json;batches/batch_064.json
b2-PA0221600-halifax + c-PA0221600-halifax,same_ori_double_framing_outside_cleanup,PA,PA0221600,1.0,published_zero+token_reporter,,misread_missing;token_reporting_flag,,,,dedupe_identical_action,b2-PA0221600-halifax(published_zero/luna/high): misread_missing -> treat_missing_repair || c-PA0221600-halifax(token_reporter/opus/high): token_reporting_flag -> treat_missing_repair,"both_reject_same_repair: repairs agree, so this is pure duplication of one ORI across two framings and either row can be dropped","[raw:publication_gap_treat_as_missing] 2024 zero is unusable; leave 2024 missing/fillable, with no valid full-year observed value. || Structural non-report — treat 2024 as MISSING. EST2024=0 [observedx7] is NOT defensible; uplift is arithmetically impossible (0 months). Zero submitted months in 2021, 2022, 2023 and 2024. Fill ~2-4 Part-I/yr: own-history is blocked (last real submission 2020, 1 month) so the peer band governs — 503.4/100k x 808 = 4.1 — and the agency's own annualized history agrees (2019: 2 on 10 months -> 2.4). 2023 carries the identical defect and needs the same correction. SECOND, SEPARATE DEFECT worth routing to Stage 2 footprint review: this ORI carries the placeholder place code plc99991 (no Census place match) yet is crosswalked w=1 EXCLUSIVE to cousub 4204332032 'Halifax borough', while the crosswalk name is 'halifax area regional police department' against roster name 'Halifax Police Department'. If this ORI is or was the Halifax Area Regional PD, its true footprint is Halifax Borough plus Hali","The CIUS zero is derived from an SRS submission with 0 months reported; CIUS is not independent corroboration. BLANK-AS-ZERO applies, and uplift cannot rescue a zero-month record. || BLANK-AS-ZERO: full-year publication on a 0-month submission record, with CIUS and SRS being one and the same Return-A submission rather than two sources. Composition carries no signal (uniform zero). Absolute plausibility genuinely cuts the other way on level — for 808 residents a true zero-Part-I year is reachable (peer-implied lambda ~4, own-implied ~2.4) — but the flag here is about provenance, not magnitude: the row is not a measurement and must not carry tier 'high'/weight 1.0/'observed'. The numerical correction is only ~2-4 offences, so panel impact is small; the impact that matters is that this ORI is currently counted as a complete, high-quality reporter for four straight years in which it submitted nothing. Note this agency has no genuine 12-month submission anywhere in 2018-2024 (best is 2019 at 10 months), so its 'baseline year' 2018 (CIUS 2 at '12mo') is itself a default la",,batches/batch_041.json;batches/batch_064.json
b2-PA0261100-everson + c-PA0261100-everson,same_ori_double_framing_outside_cleanup,PA,PA0261100,1.0,published_zero+token_reporter,,misread_missing;token_reporting_flag,,,,dedupe_identical_action,b2-PA0261100-everson(published_zero/luna/high): misread_missing -> treat_missing_repair || c-PA0261100-everson(token_reporter/opus/high): token_reporting_flag -> treat_missing_repair,"both_reject_same_repair: repairs agree, so this is pure duplication of one ORI across two framings and either row can be dropped","[raw:publication_gap_treat_as_missing] 2024 zero is unusable; leave 2024 missing/fillable, with no valid full-year observed value. || Structural non-report — treat 2024 as MISSING. EST2024=0 [observedx7] is NOT defensible. This ORI has submitted ZERO months for five consecutive data years (2020-2024); the last month of any data was 2019, and those 5 months were themselves all zero. Fill ~2-4 Part-I/yr: own-history is blocked (last real submission 2019), so the peer band governs — 503.4/100k x 731 = 3.7 — and the only other basis, 2018 (2 offences on a 3-month submission, annualizing to 8), is too thin to prefer. 2023 carries the identical CIUS-0-on-0-months defect and needs the same correction. Do NOT supersede the ORI: external check confirms Everson Borough Police Department is still the borough's police provider on the borough's own site, so this is a live agency that has stopped reporting, not a dissolved one.","The CIUS zero is backed only by a 0-month SRS submission. BLANK-AS-ZERO risk is decisive; the smooth historical zero pattern cannot establish a genuine full-year zero. || BLANK-AS-ZERO, and the most extreme non-reporting record in the batch: five straight years with no submitted month, published as five complete zero years via the CIUS 12-month default (2023 and 2024 both). CIUS is the frozen Return-A file, so it adds nothing independent. Composition is uniformly zero and carries no signal. On absolute plausibility the level is genuinely reachable for 731 residents (peer-implied lambda ~3.7 gives P(0)~2.5%; the agency's own implied level ~2/yr gives ~14%), so I am not claiming the number is far wrong — I am ruling that it is not a measurement. The distinction matters for the panel because the row currently carries tier 'high', weight 1.0 and 'observed' provenance, and because five consecutive fabricated zero years anchor any downstream own-history baseline for this ORI at zero. Sources: https://eversonborough.org/about-our-town/",,batches/batch_042.json;batches/batch_065.json
b2-PA0371800-new-beaver + c-PA0371800-new-beaver,same_ori_double_framing_outside_cleanup,PA,PA0371800,1.0,published_zero+token_reporter,,misread_missing;token_reporting_flag,,,,dedupe_identical_action,b2-PA0371800-new-beaver(published_zero/luna/high): misread_missing -> treat_missing_repair || c-PA0371800-new-beaver(token_reporter/opus/high): token_reporting_flag -> treat_missing_repair,"both_reject_same_repair: repairs agree, so this is pure duplication of one ORI across two framings and either row can be dropped","[raw:publication_gap_treat_as_missing] 2024 zero is unusable; leave 2024 missing/fillable, with no valid full-year observed value. || Packet sub-verdict: structural_zero_treat_as_missing. BLANK-AS-ZERO: CIUS prints 0 for 2024 at an assumed 12 months over a submission record of ZERO reported months. Nothing was measured; uplift cannot rescue a zero. Correct handling: drop the 2024 agency-year as a non-report and carry the New Beaver borough polygon as MISSING, not 0. On the FILL TARGET I differ from the rest of the zero cases in this batch, and this matters: New Beaver has one piece of genuine low-crime evidence — 2019 is 0 offences on EIGHT reported months, a real eight-month zero, not an empty cell. Combined with 2 offences in 2 months (2020) and 1 in 1 month (2022), the true level for this 1,334-person borough looks like roughly 1-4 Part-I/yr, well under the peer-implied ~9.4/yr (702.6 per 100k). So the fill should be own-history-anchored and LOW, not peer-anchored; a peer fill would overstate this polygon. EST2024 =","The apparent 12-month CIUS zero rests on a 0-month SRS submission. CIUS is a frozen Return-A publication, not independent corroboration. || Two separate questions have to be kept apart here, and conflating them is how this row survived. Question one, is the 2024 zero a measurement? No — 0 reported months, so the cell is empty and the '12 months' is a default. That is decided. Question two, is New Beaver genuinely near-zero-crime? Probably yes, and unusually for this batch there is real evidence for it: a full eight months of submitted data in 2019 containing zero Part-I offences. That is exactly the case the packet says a rate floor cannot adjudicate, and it is why the ruling is 'treat as missing then fill low' rather than 'treat as missing then fill at peers'. Confidence is high on the verdict (the zero is unmeasured) and lower on the replacement value, which I have stated as a range rather than a point.",,batches/batch_042.json;batches/batch_065.json
b2-PA0545000-reilly-township + c-PA0545000-reilly-township,same_ori_double_framing_outside_cleanup,PA,PA0545000,1.0,published_zero+token_reporter,,misread_missing;token_reporting_flag,,,,reconcile_before_apply,b2-PA0545000-reilly-township(published_zero/luna/high): misread_missing -> treat_missing_repair || c-PA0545000-reilly-township(token_reporter/opus/high): token_reporting_flag -> flag_review,disposition_conflict_FLAG/REJECT: the two framings imply DIFFERENT repairs for the same agency-year; needs one merged-packet ruling like the cleanup pass,"[raw:publication_gap_treat_as_missing] Treat 2024 as missing; no eligible recent positive own-history replacement is supported. || Packet-vocabulary sub-verdict: structural_zero_treat_as_missing. The 2024 cell is not a measurement. The only 2024 lane rows are CIUS 0 (months_reported=12 assigned by pipeline assumption, not read from the source) and SRS 0 at 0 reported months. Since CIUS is the Return-A master frozen at publication (repo-verified 99.88% cell agreement), the CIUS row IS the SRS row, and the SRS row says nothing was submitted for any month of 2024. A published zero on a zero-month submission record is a blank-as-zero placeholder; there is no independent corroboration because there is no second source. EST2024 = 0 [observedx7] is NOT a defensible repair: it labels an unsubmitted year 'observed' and hands this block group a hard 0.0 per 100k, the single most extreme value the index can display. Correct handling: drop the 2024 CIUS row as a non-report and mark the agency-year missing. Magnitude of the repa","The claimed complete-year zero rests on 0 submitted SRS months and is therefore unusable under BLANK-AS-ZERO. || Dispositive fact is provenance, not trend shape: months_reported=0 in the source lane means no Return A was received, and zero-report months would themselves have counted as reported months had they been filed. Absolute plausibility is secondary but does not rescue the cell either way — at pop 640 a true annual zero has P~4%, i.e. conceivable, so the level is not absurd; what is not defensible is calling an unsubmitted year a measured zero. Note also that this agency's 'own-history median of 1' is itself partly built from placeholder-style rows, so any check of the form 'the zero is consistent with its own history of zeros' is circular here.",,batches/batch_043.json;batches/batch_065.json
b2-PA0580400-montrose + c-PA0580400-montrose,same_ori_double_framing_outside_cleanup,PA,PA0580400,1.0,published_zero+token_reporter,,misread_missing;token_reporting_flag,,,,reconcile_before_apply,b2-PA0580400-montrose(published_zero/luna/high): misread_missing -> treat_missing_repair || c-PA0580400-montrose(token_reporter/opus/high): token_reporting_flag -> flag_review,disposition_conflict_FLAG/REJECT: the two framings imply DIFFERENT repairs for the same agency-year; needs one merged-packet ruling like the cleanup pass,"[raw:publication_gap_treat_as_missing] 2024 should be missing/fillable; use a valid real report if later obtained, otherwise the permitted own-history fill. || Packet-vocabulary sub-verdict: structural_zero_treat_as_missing. This is the cleanest repairable case in the batch. Montrose has THREE genuine 12-reported-month submissions immediately before the disputed year — 2020 (SRS 2 at 12mo), 2022 (SRS 1 at 12mo) and 2023 (CIUS 1 + SRS 1 at 12mo) — and then in 2024 submits 0 months while CIUS prints a zero labelled 12 months. There is no ambiguity about what the agency's own full-year level is: 1-2 offenses/yr, median 1. EST2024 = 0 [observedx7] is NOT defensible. Correct repair: drop the 2024 CIUS row as a non-report and fill from own history — hist_median = 1 (or trend on 2,1,1 = 1). Own-history fill is AVAILABLE here because 2023 is a real report inside the two-year recency window, so no rule change is needed to fix this ORI; only the CIUS months-reported assumption is. Peer-implied at pop 1,274 would be 9.0/yr, which would be a ~7x over-corre","The CIUS printed zero rests on an SRS submission with 0 months reported. CIUS is not independent corroboration, and BLANK-AS-ZERO makes the zero indistinguishable from nonreporting. || Provenance is dispositive and unusually clean: an agency with three consecutive audited full years does not go to zero months and zero offenses simultaneously as a crime event. The published zero is a blank rendered as zero at exactly the point the submission stream stops. This case also demonstrates the general fix: the only thing standing between the pipeline and the right answer is the CIUS row being assigned months_reported=12 by assumption and thereby outranking its own source record, which shows 0 months. Composition is uninformative (uniform zero).",,batches/batch_049.json;batches/batch_065.json
b2-PA0635000-west-pike-run + c-PA0635000-west-pike-run,same_ori_double_framing_outside_cleanup,PA,PA0635000,1.0,published_zero+token_reporter,,misread_missing;token_reporting_flag,,,,dedupe_identical_action,b2-PA0635000-west-pike-run(published_zero/luna/high): misread_missing -> treat_missing_repair || c-PA0635000-west-pike-run(token_reporter/opus/high): token_reporting_flag -> treat_missing_repair,"both_reject_same_repair: repairs agree, so this is pure duplication of one ORI across two framings and either row can be dropped","[raw:publication_gap_treat_as_missing] 2024 should be missing/fillable; the CIUS zero is unusable because no months were submitted. || Packet-vocabulary disposition: structural_zero_treat_as_missing. Believable months for 2024: ZERO. The 2024 zero rests on no submitted data at all — SRS 0 total at 0 reported months, no NIBRS row in any year, and the only 'complete' label comes from the CIUS row whose months_reported=12 is a pipeline assumption (artifact 2), not a field in the FBI's table. CIUS is the Return-A master frozen at publication, so CIUS 0 + SRS 0 is one non-submission rendered twice, not two sources agreeing. EST2024 = 0 [observedx7] is NOT a defensible repair: it converts an unobserved agency-year into a measured zero-crime polygon. Correct handling: drop the 2024 (and 2023, and 2021) agency-year as a non-report — the same treatment _drop_state_publication_non_reports already applies to SPUB all-zero rows sitting on 0 SRS months, extended to the CIUS lane — leaving cousub 4212583840 (West Pike Run township) a","The decisive fact is the 0-month SRS submission underlying the printed CIUS zero; the full-year label cannot represent measured coverage. || Textbook BLANK-AS-ZERO. A 12-month publication label cannot be a measurement when the underlying submission record is 0 months; where the published value is 0, the cell is exactly as consistent with an unfilled blank as with a measured zero, and nothing else in the row distinguishes them. The agency has never reached 12 submitted months in 2018-2024 (max 8), so no year in the span demonstrates it can produce a full-year zero-report. Composition is uniformly zero across all seven streams and therefore carries no signal in either direction, which is precisely why the submission-months record must decide — and it says nothing was submitted. ABSOLUTE PLAUSIBILITY cuts the other way here and I state it explicitly: 0-2 Part-I offences a year IS a reachable outcome for a 1,500-person rural Washington County township, so I am not claiming the true level is high; I am claiming there is no observa",,batches/batch_043.json;batches/batch_065.json
b2-PA0654200-west-leechburg + c-PA0654200-west-leechburg,same_ori_double_framing_outside_cleanup,PA,PA0654200,1.0,published_zero+token_reporter,,misread_missing;token_reporting_flag,,,,reconcile_before_apply,b2-PA0654200-west-leechburg(published_zero/luna/high): misread_missing -> treat_missing_repair || c-PA0654200-west-leechburg(token_reporter/opus/high): token_reporting_flag -> partial_year_uplift,both_reject_DIFFERENT_repair: the two framings imply DIFFERENT repairs for the same agency-year; needs one merged-packet ruling like the cleanup pass,"[raw:publication_gap_treat_as_missing] 2024 should be missing/fillable; the CIUS zero is unusable. || Packet-vocabulary disposition: structural_zero_treat_as_missing, PLUS a footprint-coverage escalation. Believable months for 2024: ZERO. Three facts converge: (a) SRS 0 total on 0 reported months, no NIBRS row ever; (b) the ORI is ABSENT from the FBI CDE 2024 agency roster; (c) despite (b), the CIUS lane carries a 2024 row for it, printed as 0 and labelled 12 months by pipeline assumption. A CIUS row for an off-roster ORI with no submission behind it is a carrier/blank artifact, not a measurement. The same artifact is visible in 2018 (CIUS 0 at '12 months' over a 1-month SRS submission). The agency's only genuine full year in the span is 2019 (SRS 2 at 12 reported months, CIUS agreeing) — one real 12-month year in seven. EST2024 = 0 [observedx7] is NOT defensible. Immediate handling: drop 2024 (and 2018, 2020-2023) as non-reports. ESCALATION — the part I cannot resolve and will not guess","The 2024 SRS record has 0 months reported, and the ORI is absent from the 2024 FBI roster, reinforcing that the publication row is not evidence of measured full-year coverage. || BLANK-AS-ZERO compounded by an ORI-lifecycle question. The submission side is unambiguous — 0 months, no NIBRS, and the 12-month label is a default the pipeline supplied — so the published zero cannot stand as a measured zero, and that part I am confident about. What roster absence means for the footprint is a separate question the packet cannot answer: absence is a statement about the FBI's 2024 agency list and about the agency's reporting relationship, and it is strong circumstantial evidence of a dead department, but it is not proof, and the successor is not identifiable from these rows. Splitting the ruling this way follows the doctrine that correct escalation on the undetermined half beats a confident wrong answer on both. Composition scores nothing (uniform zeros). Level plausibility again does not save the row: 2 offences a year is the agency's only real measurement, so the true l",,batches/batch_043.json;batches/batch_065.json
b2-NY0022200-andover-village + c-NY0022200-andover-village,same_ori_double_framing_outside_cleanup,NY,NY0022200,0.5,published_zero+token_reporter,,misread_missing;token_reporting_flag,,,,reconcile_before_apply,b2-NY0022200-andover-village(published_zero/luna/high): misread_missing -> treat_missing_repair || c-NY0022200-andover-village(token_reporter/sol/high): token_reporting_flag -> partial_year_uplift,both_reject_DIFFERENT_repair: the two framings imply DIFFERENT repairs for the same agency-year; needs one merged-packet ruling like the cleanup pass,"[raw:publication_gap_treat_as_missing] 2024 CIUS zero is unusable because it rests on an SRS record with 0 reported months; the CIUS 12-month label is a default, not measurement. || Missing with zero believable submitted months; do not uplift; nearest genuine report is 1 offence in 2022 as an own-history replacement. EST2024=0 not defensible as observed.","BLANK-AS-ZERO: CIUS is the same Return-A submission, not independent corroboration. Use an own-history fill anchored to the real 2022 12-month report of 1; do not uplift the 0-month zero. || BLANK-AS-ZERO: CIUS's assumed complete-year zero sits on an SRS record with zero months submitted, so no 2024 month was measured.",,batches/batch_067.json;batches/batch_073.json
b2-PA0031100-rural-valley + c-PA0031100-rural-valley,same_ori_double_framing_outside_cleanup,PA,PA0031100,0.5,published_zero+token_reporter,,misread_missing;token_reporting_flag,,,,dedupe_identical_action,b2-PA0031100-rural-valley(published_zero/luna/high): misread_missing -> treat_missing_repair || c-PA0031100-rural-valley(token_reporter/sol/high): token_reporting_flag -> treat_missing_repair,"both_reject_same_repair: repairs agree, so this is pure duplication of one ORI across two framings and either row can be dropped","2024 should be missing, not zero; no eligible own-history fill is available because the last positive report was 2019. || Structurally missing (zero reported months); do not annualize zero; estimate from a low-population peer model plus the sparse positive history with substantial uncertainty. EST2024=0 not a defensible repair.","The CIUS zero sits on a zero-month SRS submission with no NIBRS row, so the apparent complete-year zero is indistinguishable from a blank rendered as zero. Partial-year uplift cannot rescue it. || Zero is plausible for ~802 residents but plausibility is not evidence; CIUS derives from a zero-month submission and the artifact recurs in 2023.",,batches/batch_048.json;batches/batch_068.json
b2-PA0544500-walker-township + c-PA0544500-walker-township,same_ori_double_framing_outside_cleanup,PA,PA0544500,0.5,published_zero+token_reporter,,misread_missing;token_reporting_flag,,,,dedupe_identical_action,b2-PA0544500-walker-township(published_zero/luna/high): misread_missing -> treat_missing_repair || c-PA0544500-walker-township(token_reporter/opus/high): token_reporting_flag -> treat_missing_repair,"both_reject_same_repair: repairs agree, so this is pure duplication of one ORI across two framings and either row can be dropped","[raw:publication_gap_treat_as_missing] Treat 2024 as missing; no eligible recent positive own-history replacement is supported by the evidence. || Sub-ruling: structural_zero_treat_as_missing. Same signature as its neighbours: CIUS 0 at a defaulted 12 months on an SRS record of 0 reported months, with 0-month years in 2020, 2021, 2022, 2023 and 2024 and only 5 months (2018) and 3 months (2019) submitted before that. Nothing was measured, so the zero is a non-report and uplift cannot rescue it; 2023 (CIUS 0 on a 0-month record) should be dropped by the same rule. State the magnitude honestly: at 1,008 residents even a peer-floor repair is only ~7 offences (702.6 per 100k) and the own-history anchor is ~1 (2018: 1 on 5 months), so panel impact is negligible — and at this population a genuine low single-digit year IS plausible in a way it is not for the 2,000-3,000 population cases in this batch. The ruling is about record status, not level: publishing an unsubmitted year as an observed zero is still wrong, and the fix is to mark 2024","The published 12-month zero is backed by 0 SRS months, making it BLANK-AS-ZERO rather than a measured annual zero. || Zero months submitted means there is no measurement to defend, which decides the verdict on mechanical grounds. Unlike Walnutport or Pine Grove I do NOT rest any weight on the peer-rate floor here, because at ~1,000 population a very low true count is reachable — the flag is purely about a non-report being rendered as an observed zero.",,batches/batch_048.json;batches/batch_068.json
b2-PA0561100-jennerstown + c-PA0561100-jennerstown,same_ori_double_framing_outside_cleanup,PA,PA0561100,0.5,published_zero+token_reporter,,misread_missing;token_reporting_flag,,,,reconcile_before_apply,b2-PA0561100-jennerstown(published_zero/luna/high): misread_missing -> treat_missing_repair || c-PA0561100-jennerstown(token_reporter/opus/high): token_reporting_flag -> flag_review,disposition_conflict_FLAG/REJECT: the two framings imply DIFFERENT repairs for the same agency-year; needs one merged-packet ruling like the cleanup pass,"[raw:publication_gap_treat_as_missing] Treat 2024 as missing; no eligible recent own-history replacement is supported. || Packet-vocabulary sub-verdict: structural_zero_treat_as_missing. 2024 = CIUS 0 at assumed 12 months on SRS 0 at 0 reported months; 2023 is the identical placeholder. The roster gives nibrs_start 2025-11-01 with no NIBRS row in any year 2018-2024 — this pins the mechanism exactly: the agency stopped filing Return A and had not yet onboarded to NIBRS, so 2023-2024 fall in a transition gap where no lane could have measured anything. EST2024 = 0 [observedx7] is NOT defensible. Basis for the repair: pooled own reported-month rate = 8 offenses over 15 reported months = 6.4/yr (2018: 1 in 2mo; 2019: 4 in 11mo; 2020: 3 in 2mo), against a peer-implied 3.3/yr at pop 662. So the honest 2024 value is ~3-6, not 0. Own-history fill is currently blocked by the two-year-recency rule (last real report 2020), leaving only a peer fill — which here happens to be the conservative end rather than an over-corr","The CIUS zero is printed as a full year despite 0 SRS months. The later NIBRS start date does not corroborate 2024. || The 0-month submission record is dispositive on provenance. The NIBRS start date of 2025-11-01 is the strongest single piece of corroboration in this batch that the zero is an infrastructure gap and not a crime outcome: it dates the agency's exit from SRS and its entry into NIBRS on either side of the zero years. Level plausibility is weakly permissive (P(true zero) ~3.6% at pop 662) so it neither confirms nor refutes; what settles it is that the agency demonstrably recorded 8 offenses in its last 15 reported months, i.e. a real, non-zero underlying rate. Composition is uninformative (uniform zero across all seven streams).",,batches/batch_049.json;batches/batch_068.json
b2-PA0652900-avonmore-boro + c-PA0652900-avonmore-boro,same_ori_double_framing_outside_cleanup,PA,PA0652900,0.5,published_zero+token_reporter,,misread_missing;token_reporting_flag,,,,reconcile_before_apply,b2-PA0652900-avonmore-boro(published_zero/luna/high): misread_missing -> treat_missing_repair || c-PA0652900-avonmore-boro(token_reporter/opus/high): token_reporting_flag -> partial_year_uplift,both_reject_DIFFERENT_repair: the two framings imply DIFFERENT repairs for the same agency-year; needs one merged-packet ruling like the cleanup pass,"[raw:publication_gap_treat_as_missing] 2024 should be missing/fillable; no valid 2024 full-year count exists. || Packet-vocabulary disposition: structural_zero_treat_as_missing. Believable months for 2024: ZERO. This agency has submitted 3 months of data in seven years — 2018 only (1 offence on 3 months) — and 0 reported months in every year 2019 through 2024, with no NIBRS row ever. The 2023 and 2024 CIUS zeros are 12-month publications sitting on 0-month submission records; CIUS is not independent of SRS, so there is no corroborating lane. EST2024 = 0 [observedx7] is NOT defensible. Correct handling: mark 2019-2024 as non-reports and carry cousub 4212903688 (Avonmore borough) as a coverage hole. No uplift possible. Own-history fill is also unavailable and should not be forced — the last real report is 2018, six years back, failing the landed 2-year recency rule. I want to be explicit about what I am NOT saying: for an 879-person Westmoreland County borough, a true 0-1 Part-I offences a year is en","The underlying SRS record has 0 months reported, so the printed CIUS zero cannot establish a complete-year zero. || BLANK-AS-ZERO in its cleanest form: six consecutive years of 0 submitted months with a printed CIUS zero on top for the two years CIUS covers. The screen's own-history arm is degenerate here (median 0.5, so '2024 is 0.0% of it' is arithmetically empty) and the peer-rate arm cannot distinguish a genuinely quiet sub-1000 village from a non-filer — which is exactly the discrimination the packet says a rule cannot make. The submission-months record makes it: nothing was submitted, so there is nothing to certify. Composition is uniformly zero and scores nothing.",,batches/batch_049.json;batches/batch_068.json
b2-GA1100400-braswell + c-GA1100400-braswell,same_ori_double_framing_outside_cleanup,GA,GA1100400,0.0,published_zero+token_reporter,,genuine_low_crime;genuine_zero_year,,,,reconcile_before_apply,b2-GA1100400-braswell(published_zero/luna/high): genuine_zero_year -> retain_zero || c-GA1100400-braswell(token_reporter/opus/medium): genuine_low_crime -> accept_observed,both_accept: the two framings imply DIFFERENT repairs for the same agency-year; needs one merged-packet ruling like the cleanup pass,"2024 CIUS zero is usable as a true zero. || credible_low_crime. EST2024=0 (observed) is defensible; leave as published. Population served is 370; at the (0,1000] local_police peer median of 503.4/100k the EXPECTED count is 1.9 offenses/year, so a zero year is an ordinary Poisson outcome (P(0)|lambda=1.9 = 15%), not an anomaly. The peer-rate floor is the only screen arm that fired and it is arithmetically incapable of discriminating here: the entire discriminable range between 'genuine zero' and 'token filer' is about two offenses. No repair, no fill, no uplift. Do NOT let the c1 PEER-ONLY arm fire on band (0,1000] agencies where peer-median-times-population is under ~3 — the arm has no resolving power there.","The 2024 NIBRS batch header records 12 months with all seven offenses at zero. The earlier 2018 blank-as-zero risk concerns 2018, not the complete 2024 NIBRS record. || ABSOLUTE PLAUSIBILITY is decisive and points to credible: 0 Part-I offenses for 370 residents is plainly a reachable crime outcome. The affirmative evidence for the zero is a 12-month NIBRS batch header in 2024, and the same 12-month zero-report pattern in 2021 and 2022 (plus 11mo in 2023) — four consecutive years of the agency actively telling the FBI 'no incidents', which is a statement, not a blank. BLANK-AS-ZERO does apply to the 2018 CIUS row (12-month label sitting on a 2-month Return-A record) and I discount 2018 entirely, but it does not reach 2024, where the NIBRS batch header independently carries 12 months. The SRS 1mo/CIUS 12mo mismatch is the known back-conversion artifact for zero-reporting agencies, not evidence of a 1-month year. Composition is silent (uniform zero across all seven streams). The one positive year (2020: 3 offenses, 2 agg assault + 1 MVT on 11 NIB months) ",,batches/batch_053.json;batches/batch_069.json
b2-KS0160400-waverly + c-KS0160400-waverly,same_ori_double_framing_outside_cleanup,KS,KS0160400,0.0,published_zero+token_reporter,,genuine_low_crime;genuine_zero_year,,,,reconcile_before_apply,b2-KS0160400-waverly(published_zero/luna/high): genuine_zero_year -> retain_zero || c-KS0160400-waverly(token_reporter/sol/medium): genuine_low_crime -> accept_observed,both_accept: the two framings imply DIFFERENT repairs for the same agency-year; needs one merged-packet ruling like the cleanup pass,2024 is a genuine full-year zero for the Waverly municipal footprint. || Keep 0; EST2024=0 defensible for Waverly city.,The FBI NIBRS batch header reports 12 months with zero Part-I offenses; the CIUS zeros are literal printed zeros and win the ladder. The 0-month SRS is not the basis for the decision. A zero is plausible for this population. || Pop ~555; zeros also on full/near-full 2019-20 NIBRS windows; positive years only a few incidents.,,batches/batch_059.json;batches/batch_072.json
b2-KS0440300-meriden + c-KS0440300-meriden,same_ori_double_framing_outside_cleanup,KS,KS0440300,0.0,published_zero+token_reporter,,genuine_low_crime;genuine_zero_year,,,,reconcile_before_apply,b2-KS0440300-meriden(published_zero/luna/high): genuine_zero_year -> retain_zero || c-KS0440300-meriden(token_reporter/sol/low): genuine_low_crime -> accept_observed,both_accept: the two framings imply DIFFERENT repairs for the same agency-year; needs one merged-packet ruling like the cleanup pass,2024 is a genuine full-year zero for the Meriden municipal footprint. || Keep 0; EST2024=0 defensible for Meriden city.,A completed 12-month NIBRS submission reports zero across all Part-I offenses. That resolves the ambiguity despite sparse prior history; the CIUS value is a literal printed zero. || Observed level only ~1 offence at pop 719; sparse prior reporting but no affirmative evidence the 12mo header is false.,,batches/batch_060.json;batches/batch_072.json
b2-KS0720100-delphos + c-KS0720100-delphos,same_ori_double_framing_outside_cleanup,KS,KS0720100,0.0,published_zero+token_reporter,,genuine_low_crime;genuine_zero_year,,,,reconcile_before_apply,b2-KS0720100-delphos(published_zero/luna/high): genuine_zero_year -> retain_zero || c-KS0720100-delphos(token_reporter/sol/medium): genuine_low_crime -> accept_observed,both_accept: the two framings imply DIFFERENT repairs for the same agency-year; needs one merged-packet ruling like the cleanup pass,2024 is a genuine full-year zero for the Delphos municipal footprint. || Keep 0; EST2024=0 defensible for Delphos city.,The decisive evidence is the 12-month NIBRS batch header with total zero. The CIUS zero is literal and wins source preference; the 0-month SRS cannot convert this into missingness. || Pop ~301 with one observed Part-I offence ever; peer floor and derivative CIUS duplication prove nothing.,,batches/batch_060.json;batches/batch_073.json
b2-KY1000300-eubank + c-KY1000300-eubank,same_ori_double_framing_outside_cleanup,KY,KY1000300,0.0,published_zero+token_reporter,,genuine_low_crime;genuine_zero_year,,,,reconcile_before_apply,b2-KY1000300-eubank(published_zero/luna/high): genuine_zero_year -> retain_zero || c-KY1000300-eubank(token_reporter/sol/high): genuine_low_crime -> accept_observed,both_accept: the two framings imply DIFFERENT repairs for the same agency-year; needs one merged-packet ruling like the cleanup pass,[raw:true_zero] 2024 is a genuine full-year zero for the municipal Eubank Police Department footprint. || Keep 0; EST2024=0 observed is defensible.,"The 2024 NIBRS batch header confirms twelve months of reporting with zero Part-I offenses. The agency's small population makes an absolute zero reachable, and the earlier one-offense year does not contradict it. The 0-month SRS lane is not used to validate the zero. || Pop ~329; apart from one offence in an 11-month 2018 submission every examined NIBRS year is zero.",,batches/batch_064.json;batches/batch_074.json
b2-MO0270400-prairie-home + c-MO0270400-prairie-home,same_ori_double_framing_outside_cleanup,MO,MO0270400,0.0,published_zero+token_reporter,,genuine_low_crime;genuine_zero_year,,,,reconcile_before_apply,b2-MO0270400-prairie-home(published_zero/luna/high): genuine_zero_year -> retain_zero || c-MO0270400-prairie-home(token_reporter/sol/high): genuine_low_crime -> accept_observed,both_accept: the two framings imply DIFFERENT repairs for the same agency-year; needs one merged-packet ruling like the cleanup pass,"2024 is a genuine full-year zero for Prairie Home Police Department, ORI MO0270400. || Keep 0; EST2024=0 defensible.","The decisive fact is the 12-month FBI NIBRS batch header with zero Part-I offenses. This is a complete submission, not a blank-as-zero or 0-month SRS artifact. A zero is absolutely plausible for a population of 263. || Pop ~263 with full-year NIBRS zeros 2022-24; the lone positive baseline came from only three NIBRS months.",,batches/batch_070.json;batches/batch_077.json
b2-MO0540700-waverly + c-MO0540700-waverly,same_ori_double_framing_outside_cleanup,MO,MO0540700,0.0,published_zero+token_reporter,,genuine_low_crime;genuine_zero_year,,,,reconcile_before_apply,b2-MO0540700-waverly(published_zero/luna/high): genuine_zero_year -> retain_zero || c-MO0540700-waverly(token_reporter/sol/medium): genuine_low_crime -> accept_observed,both_accept: the two framings imply DIFFERENT repairs for the same agency-year; needs one merged-packet ruling like the cleanup pass,"2024 is a genuine full-year zero for Waverly Police Department, ORI MO0540700. || Keep 0; EST2024=0 observed is defensible.","The decisive fact is the 12-month NIBRS batch header reporting zero Part-I offenses. The 2-month SRS zero is partial and cannot rescue or disprove the year, but NIBRS establishes full-year coverage. Despite higher prior counts, zero remains a reachable outcome for a population of 804. || Pop ~800 with several prior very low or zero periods; the 2024 NIBRS batch reports 12 months and the 2-month SRS zero does not shrink it.",,batches/batch_070.json;batches/batch_077.json
b2-MO0830300-platte-woods + c-MO0830300-platte-woods,same_ori_double_framing_outside_cleanup,MO,MO0830300,0.0,published_zero+token_reporter,,genuine_low_crime;genuine_zero_year,,,,reconcile_before_apply,b2-MO0830300-platte-woods(published_zero/luna/high): genuine_zero_year -> retain_zero || c-MO0830300-platte-woods(token_reporter/sol/high): genuine_low_crime -> accept_observed,both_accept: the two framings imply DIFFERENT repairs for the same agency-year; needs one merged-packet ruling like the cleanup pass,"2024 is a genuine full-year zero for Platte Woods Police Department, ORI MO0830300. || Keep 0; EST2024=0 observed is defensible.","The decisive fact is the 12-month NIBRS batch header with zero Part-I offenses. Earlier partial NIBRS/SRS zeros do not establish 2024 coverage, but the 2024 NIBRS submission does. Zero is plausible for a population of 393. || Pop ~400 with a complete 12-month zero in 2019 and a 12-month 2024 NIBRS batch; peer floor alone cannot establish token reporting.",,batches/batch_071.json;batches/batch_077.json
b2-MO1050300-reeds-spring + c-MO1050300-reeds-spring,same_ori_double_framing_outside_cleanup,MO,MO1050300,0.0,published_zero+token_reporter,,genuine_low_crime;genuine_zero_year,,,,reconcile_before_apply,b2-MO1050300-reeds-spring(published_zero/luna/high): genuine_zero_year -> retain_zero || c-MO1050300-reeds-spring(token_reporter/sol/medium): genuine_low_crime -> accept_observed,both_accept: the two framings imply DIFFERENT repairs for the same agency-year; needs one merged-packet ruling like the cleanup pass,"2024 is a genuine full-year zero. || Keep 0; controlling evidence is the 12-month NIBRS batch coverage, not CIUS. EST2024=0 defensible.","The 12-month NIBRS batch header is a real submission reporting zero. The earlier positive years do not invalidate a reachable zero outcome; composition provides no contrary signal. || Pop 1,278 with several recent low or zero NIBRS years; peer floor alone cannot invalidate it.",,batches/batch_072.json;batches/batch_077.json
b2-NY0082000-afton-village + c-NY0082000-afton-village,same_ori_double_framing_outside_cleanup,NY,NY0082000,0.0,published_zero+token_reporter,,misread_missing;token_reporting_flag,,,,dedupe_identical_action,b2-NY0082000-afton-village(published_zero/luna/high): misread_missing -> treat_missing_repair || c-NY0082000-afton-village(token_reporter/sol/high): token_reporting_flag -> treat_missing_repair,"both_reject_same_repair: repairs agree, so this is pure duplication of one ORI across two framings and either row can be dropped","[raw:publication_gap_treat_as_missing] 2024 CIUS zero rests on 0 reported SRS months, so no 2024 coverage is established. || Structural zero, treat missing: 0 SRS months in 2024 and CIUS's 12-month status is false; use a peer estimate ~4 since there is no recent credible full year. EST2024=0 not defensible.","The printed zero is consistent with an unfilled publication blank, and CIUS merely republishes Return-A. No valid own-history report exists within two years; leave 2024 missing pending external or peer evidence. || BLANK-AS-ZERO is decisive — no 2024 month was submitted, CIUS is not independent, and zero cannot be rescued by uplift.",,batches/batch_074.json;batches/batch_078.json
b2-NY0182500-corfu-village + c-NY0182500-corfu-village,same_ori_double_framing_outside_cleanup,NY,NY0182500,0.0,published_zero+token_reporter,,misread_missing;token_reporting_flag,,,,dedupe_identical_action,b2-NY0182500-corfu-village(published_zero/luna/high): misread_missing -> treat_missing_repair || c-NY0182500-corfu-village(token_reporter/sol/high): token_reporting_flag -> treat_missing_repair,"both_reject_same_repair: repairs agree, so this is pure duplication of one ORI across two framings and either row can be dropped","[raw:publication_gap_treat_as_missing] 2024 CIUS zero rests on 0 reported months; the available evidence cannot distinguish genuine zero from nonreporting. || Structural zero, treat missing: no 2024 month submitted; use a peer estimate ~3-4. EST2024=0 not defensible.","BLANK-AS-ZERO and absent submission coverage make the annual zero unusable. There is no positive own-history report, so leave 2024 missing pending external or peer evidence. || The CIUS zero rests on a 0-month SRS record; zero is reachable at pop 686 but the record cannot distinguish it from non-reporting.",,batches/batch_074.json;batches/batch_079.json
b2-NY0222500-glen-park-village + c-NY0222500-glen-park-village,same_ori_double_framing_outside_cleanup,NY,NY0222500,0.0,published_zero+token_reporter,,misread_missing;token_reporting_flag,,,,dedupe_identical_action,b2-NY0222500-glen-park-village(published_zero/luna/high): misread_missing -> treat_missing_repair || c-NY0222500-glen-park-village(token_reporter/sol/high): token_reporting_flag -> treat_missing_repair,"both_reject_same_repair: repairs agree, so this is pure duplication of one ORI across two framings and either row can be dropped","[raw:publication_gap_treat_as_missing] 2024 CIUS zero rests on 0 reported months; no annual 2024 coverage is believable. || Structural zero, treat missing: no 2024 month submitted; use a peer/history-shrunk estimate ~2-3. EST2024=0 not defensible.",The zero is indistinguishable from a missing submission and CIUS is not independent corroboration. No qualifying own-history report exists within two years; leave missing pending external or peer evidence. || Zero is reachable for 445 people but the 2024 CIUS value rests on a 0-month SRS record; earlier publication zeros also sit on one or a few months.,,batches/batch_074.json;batches/batch_079.json
b2-NY0503400-north-hornell-village + c-NY0503400-north-hornell-village,same_ori_double_framing_outside_cleanup,NY,NY0503400,0.0,published_zero+token_reporter,,misread_missing;token_reporting_flag,,,,dedupe_identical_action,b2-NY0503400-north-hornell-village(published_zero/luna/high): misread_missing -> treat_missing_repair || c-NY0503400-north-hornell-village(token_reporter/sol/medium): token_reporting_flag -> treat_missing_repair,"both_reject_same_repair: repairs agree, so this is pure duplication of one ORI across two framings and either row can be dropped","[raw:publication_gap_treat_as_missing] The 2024 zero is missing data, not a genuine annual zero. || Structural non-report with 0 believable submitted months; treat missing and use a carefully matched peer or broader-area estimate since no history exists. EST2024=0 not defensible.","The decisive fact is SRS months_reported=0; the CIUS 12-month label is a default publication value sitting on a zero-month submission. Leave 2024 missing unless a verified report becomes available; do not fabricate a fill. || The purported complete CIUS zero sits directly on an SRS record showing zero months submitted, and CIUS is that submission's publication rendering.",,batches/batch_075.json;batches/batch_079.json
b2-NY0582100-wolcott-village + c-NY0582100-wolcott-village,same_ori_double_framing_outside_cleanup,NY,NY0582100,0.0,published_zero+token_reporter,,misread_missing;token_reporting_flag,,,,dedupe_identical_action,b2-NY0582100-wolcott-village(published_zero/luna/high): misread_missing -> treat_missing_repair || c-NY0582100-wolcott-village(token_reporter/sol/medium): token_reporting_flag -> treat_missing_repair,"both_reject_same_repair: repairs agree, so this is pure duplication of one ORI across two framings and either row can be dropped","[raw:publication_gap_treat_as_missing] The 2024 zero is missing data, not a genuine annual zero. || Structural zero with 0 believable submitted months; set missing and use a peer-based estimate or another verified source since the last positive report is too old. EST2024=0 not defensible.","The decisive fact is SRS months_reported=0. This is BLANK-AS-ZERO risk, and the CIUS 12-month label cannot establish coverage. Leave 2024 missing pending a verified report; do not use the printed zero or an unsupported fill. || The 2022-24 CIUS zeros all sit on SRS records with zero months submitted, repeating blank-as-zero conditions rather than measuring zero crime.",,batches/batch_075.json;batches/batch_079.json
b2-PA0031000-parks-township + c-PA0031000-parks-township,same_ori_double_framing_outside_cleanup,PA,PA0031000,0.0,published_zero+token_reporter,,misread_missing;token_reporting_flag,,,,dedupe_identical_action,b2-PA0031000-parks-township(published_zero/luna/high): misread_missing -> treat_missing_repair || c-PA0031000-parks-township(token_reporter/sol/high): token_reporting_flag -> treat_missing_repair,"both_reject_same_repair: repairs agree, so this is pure duplication of one ORI across two framings and either row can be dropped","2024 should be missing, not zero; no eligible own-history fill is available because the last positive report was 2020. || Structurally missing: zero months believable, not twelve; do not uplift zero; use a peer/small-area model with wide uncertainty informed by isolated positive partial submissions. EST2024=0 not defensible.","The CIUS 12-month zero sits on an SRS record with zero months and no NIBRS row. This is BLANK-AS-ZERO: the publication label is a default, not measured coverage. A partial-year uplift cannot rescue zero months. || The CIUS zero rests on a zero-month SRS record; a genuine zero is reachable but no 2024 month was observed.",,batches/batch_076.json;batches/batch_080.json
b2-PA0032000-west-kittanning + c-PA0032000-west-kittanning,same_ori_double_framing_outside_cleanup,PA,PA0032000,0.0,published_zero+token_reporter,,misread_missing;token_reporting_flag,,,,dedupe_identical_action,b2-PA0032000-west-kittanning(published_zero/luna/high): misread_missing -> treat_missing_repair || c-PA0032000-west-kittanning(token_reporter/sol/high): token_reporting_flag -> treat_missing_repair,"both_reject_same_repair: repairs agree, so this is pure duplication of one ORI across two framings and either row can be dropped","2024 should be missing, not zero; there is no eligible own-history fill because no positive report exists. || Structurally missing with zero believable submitted months; use a peer-based small-area estimate since no usable positive history exists. EST2024=0 not defensible.","The CIUS zero rests on zero-month SRS coverage with no NIBRS row. This is BLANK-AS-ZERO, and there is no full-year evidence or positive history establishing a genuine zero. || The genuine 12-month zero in 2019 shows zero is reachable but does not validate 2024, whose CIUS row rests on a 0-month SRS record.",,batches/batch_076.json;batches/batch_080.json
b2-PA0044900-south-heights + c-PA0044900-south-heights,same_ori_double_framing_outside_cleanup,PA,PA0044900,0.0,published_zero+token_reporter,,misread_missing;token_reporting_flag,,,,dedupe_identical_action,b2-PA0044900-south-heights(published_zero/luna/high): misread_missing -> treat_missing_repair || c-PA0044900-south-heights(token_reporter/sol/high): token_reporting_flag -> treat_missing_repair,"both_reject_same_repair: repairs agree, so this is pure duplication of one ORI across two framings and either row can be dropped","2024 should be missing, not zero; no eligible own-history fill is available because there is no positive historical report. || Structurally missing with zero believable submitted months; use a very-small-area model permitting substantial probability of zero rather than forcing a positive. EST2024=0 not defensible because it is presented as measured.","The CIUS zero sits on a zero-month SRS submission with no NIBRS row, creating definitive BLANK-AS-ZERO ambiguity. The published 12-month label cannot establish a genuine zero. || Absolute plausibility supports zero as possible (pop ~374, valid 12-month zero in 2019) but the 2024 submission observed no months.",,batches/batch_076.json;batches/batch_080.json
b2-PA0102900-harrisville + c-PA0102900-harrisville,same_ori_double_framing_outside_cleanup,PA,PA0102900,0.0,published_zero+token_reporter,,misread_missing;token_reporting_flag,,,,reconcile_before_apply,b2-PA0102900-harrisville(published_zero/luna/high): misread_missing -> partial_year_uplift || c-PA0102900-harrisville(token_reporter/opus/high): token_reporting_flag -> treat_missing_repair,both_reject_DIFFERENT_repair: the two framings imply DIFFERENT repairs for the same agency-year; needs one merged-packet ruling like the cleanup pass,"[raw:partial_year_coverage] Only 1 month is believable: SRS reports zero for 1 month. Do not annualize it into a complete-year zero. || Sub-verdict: structural_zero_treat_as_missing (uplift impossible). Believable months: 1, containing zero offences — which carries almost no information about the other 11. This is the named BLANK-AS-ZERO artifact: a printed CIUS zero labelled 12 months on a 1-month Return-A submission, and 0 x 12/1 is still 0, so no annualisation can repair it. EST2024 = 'observed 0' is NOT defensible as an observation; the year should be marked missing/imputed. Own-history fill IS permitted here (2023 is a real report, 3 offences on 5 months, annualised 7.2, within the 2-year window). The honest anchor for a 793-person borough is low: the peer band (0, 1000] median 503.4/100k gives ~4.0, and the agency's own thin history gives 1 (2019, 10 months) to 7.2 (2023 annualised). Recommend ~3-4, flagged imputed. The numeric stake is small; the provenance stake is not — cousub 4201932896 currently shows a hard z","The agency submitted for 1 month, so this is measured partial-year coverage rather than a zero-month publication gap. || The level really is very low for this agency, so I am not claiming the published value is far wrong. I am claiming the record does not measure 2024 at all: one submitted month, zero in it, dressed as a complete year. Under the stated doctrine a partial-year zero cannot be rescued and must not be carried as observed, so the flag is determinate even where the repair is nearly a no-op.",,batches/batch_077.json;batches/batch_080.json
b2-PA0103000-prospect + c-PA0103000-prospect,same_ori_double_framing_outside_cleanup,PA,PA0103000,0.0,published_zero+token_reporter,,misread_missing;token_reporting_flag,,,,reconcile_before_apply,b2-PA0103000-prospect(published_zero/luna/high): misread_missing -> treat_missing_repair || c-PA0103000-prospect(token_reporter/opus/high): token_reporting_flag -> partial_year_uplift,both_reject_DIFFERENT_repair: the two framings imply DIFFERENT repairs for the same agency-year; needs one merged-packet ruling like the cleanup pass,"[raw:publication_gap_treat_as_missing] 2024 is missing; use an allowed fill from qualifying history or peers rather than observed zero. || Sub-verdict: structural_zero_treat_as_missing. Believable months in 2024: ZERO. SRS is 0 on 0 reported months; CIUS 0/12mo is the same empty submission with an assumed month count. 2023 is the identical artifact (CIUS 0/12mo on a 0-month SRS) and should be flagged in the same pass — the pipeline is currently publishing two consecutive manufactured zero years. EST2024 = 'observed 0' is NOT defensible. Fill basis: the agency's only genuine full year is 2019 (CIUS 2 = SRS 2 on a real 12 months), so the measured level is ~2/yr at pop ~1,116 (179/100k) — genuinely a very quiet borough. That stale full year is five years back and blocked by the 2-year own-history rule, but a peer-band fill (702.6/100k x 1,082 = ~7.6) would overstate this agency by ~4x against its own only measurement. Recommend: mark 2024 (and 2023) missing; if a value is required, use the 2019 measured full year of ~2 with an","The CIUS zero is backed by 0 reported SRS months, so no 2024 coverage was measured. || Zero months submitted means there is no observation to assess, independent of how plausible a near-zero level is for a 1,082-person borough. Determinate on the flag. I flag the fill as contested rather than asserting one, because own-history (2, stale) and peer-band (~8, current) disagree by 4x and the landed rules pick the one that contradicts the agency's own measurement.",,batches/batch_077.json;batches/batch_080.json
b2-PA0111900-blacklick-township + c-PA0111900-blacklick-township,same_ori_double_framing_outside_cleanup,PA,PA0111900,0.0,published_zero+token_reporter,,misread_missing;token_reporting_flag,,,,reconcile_before_apply,b2-PA0111900-blacklick-township(published_zero/luna/high): misread_missing -> partial_year_uplift || c-PA0111900-blacklick-township(token_reporter/opus/medium): token_reporting_flag -> treat_missing_repair,both_reject_DIFFERENT_repair: the two framings imply DIFFERENT repairs for the same agency-year; needs one merged-packet ruling like the cleanup pass,"[raw:partial_year_coverage] Only 1 month is believable: SRS reports zero for 1 month. Treat the annual CIUS zero as incomplete and do not uplift it. || Sub-verdict: token_report_treat_as_partial in provenance, near-zero in value. Believable months: 1, containing zero — no information about the other 11, and 0 x 12/1 = 0 so uplift cannot move it. This case is genuinely different from the other zeros in the batch in ONE respect that cuts toward the value being right: 2019 is a real 12-month SRS submission totalling 0, i.e. this agency has a measured full-year zero on the record. For a rural 1,865-person Cambria County township, an authentic zero Part-I year is a reachable outcome, and 2019 shows it happening. So my ruling separates the two questions. The value: probably correct, ~0-2. The provenance: false — 2024 is a 1-month submission carried as an observed complete 12-month year, and 5 of 7 years in the span have 0-2 reported months, so this is a near-non-filer. Recommend re-labelling 2024 as partial/imputed with a near-zero fill (0-2)","The decisive fact is the positive one-month submission; it supports only one month of zero observations, not a full-year zero. || I am deliberately not calling this genuine_low_crime: the 2024 row is by definition the BLANK-AS-ZERO artifact (printed zero, 1-month submission), and a value happening to be plausible does not make the record a measurement. But the 2019 12-month zero is real corroboration that the level is near zero, which is why I rate confidence medium rather than high — the flag is about data quality here, with little or no numeric consequence.",,batches/batch_077.json;batches/batch_081.json
b2-PA0113500-loretto + c-PA0113500-loretto,same_ori_double_framing_outside_cleanup,PA,PA0113500,0.0,published_zero+token_reporter,,misread_missing;token_reporting_flag,,,,reconcile_before_apply,b2-PA0113500-loretto(published_zero/luna/high): misread_missing -> treat_missing_repair || c-PA0113500-loretto(token_reporter/opus/high): token_reporting_flag -> partial_year_uplift,both_reject_DIFFERENT_repair: the two framings imply DIFFERENT repairs for the same agency-year; needs one merged-packet ruling like the cleanup pass,"[raw:publication_gap_treat_as_missing] 2024 is missing with no believable months; fill only through an allowed external/model procedure. || Sub-verdict: structural_zero_treat_as_missing. Believable months in 2024: ZERO. SRS is 0 on 0 reported months and the CIUS 0/12mo row is that empty submission with an assumed month count — note this ORI has NO CIUS row at all in 2018-2023, so 2024's 'complete full year' is the pipeline's first and only full-year claim for an agency that has never filed a 12-month return in the span (1mo, 8mo, 0, 0, 0, 0, 0) and has never reported a single positive Part-I offence. EST2024 = 'observed 0' is NOT defensible; mark 2024 missing. Own-history fill is blocked (last submission with any months is 2019). The one substantive signal is 2019: zero offences across 8 reported months, which is real if weak evidence of a genuinely near-zero level, so a peer-band fill (702.6/100k x 1,161 = ~8.2) would likely overstate by a wide margin. Recommend explicit missing, or a low-side fill of 0-2 with an imputed fl","The SRS lane recorded 0 reported months, making the CIUS 12-month printed zero indistinguishable from blank-as-zero nonreporting. || Zero submitted months makes 2024 unmeasured, full stop. The flag is determinate. The fill is the contested part and I have flagged rather than guessed it, because the agency's own 8-month 2019 zero and the peer band disagree by roughly 8x and a possible university-ORI overlap could make the low reading correct for structural rather than data-quality reasons.",,batches/batch_078.json;batches/batch_081.json
b2-PA0131200-beaver-meadows + c-PA0131200-beaver-meadows,same_ori_double_framing_outside_cleanup,PA,PA0131200,0.0,published_zero+token_reporter,,misread_missing;token_reporting_flag,,,,dedupe_identical_action,b2-PA0131200-beaver-meadows(published_zero/luna/high): misread_missing -> treat_missing_repair || c-PA0131200-beaver-meadows(token_reporter/opus/high): token_reporting_flag -> treat_missing_repair,"both_reject_same_repair: repairs agree, so this is pure duplication of one ORI across two framings and either row can be dropped","[raw:publication_gap_treat_as_missing] 2024 is missing; use an allowed fill based on qualifying recent history, not observed zero. || Packet vocabulary: structural_zero_treat_as_missing. Believable months for 2024 = 0. The only 2024 record is a CIUS printed zero whose 12-month label is the pipeline's own default (artifact 2); the underlying Return-A submission is 0 months, and CIUS is that same master frozen at publication, so there is no second source and nothing was measured. Do not publish 0 as observed at weight 1.0 — set 2024 missing/unmeasured. FILL HAZARD: last real report is 2022 (1 offense on 1 month), so own-history is thin, and the peer floor would impute 913 x 503.4/100k = 4.6 offenses/yr against an agency whose entire measured 2018-2023 record is 0-1/yr; cap any fill at the own-history level (0-1), do not peer-fill. EST2024 = 0 [observed x7] is not defensible AS OBSERVED (it launders a non-report into a weight-1 measured zero), even though 0 is probably close to the truth. BATCH-LEVEL FINDING: all 12 cases","The CIUS zero sits on a zero-month SRS submission, so no 2024 data was measured. || BLANK-AS-ZERO in its pure form, twice: a full-year publication sitting on a 1-month submission (2018) and on a 0-month submission (2024). Composition can neither support nor undercut it (uniform zero across all seven streams) and uplift cannot rescue a zero (0 x 12/0 months is still 0). Absolute plausibility does not settle it either way: a 913-person Carbon County borough can genuinely run a zero Part-I year, but nothing in the 2024 record measured one — the cell is unmeasured, not low.",,batches/batch_078.json;batches/batch_081.json
b2-PA0155300-west-nottingham-township + c-PA0155300-west-nottingham-township,same_ori_double_framing_outside_cleanup,PA,PA0155300,0.0,published_zero+token_reporter,,misread_missing;token_reporting_flag,,,,reconcile_before_apply,b2-PA0155300-west-nottingham-township(published_zero/luna/high): misread_missing -> treat_missing_repair || c-PA0155300-west-nottingham-township(token_reporter/opus/high): token_reporting_flag -> partial_year_uplift,both_reject_DIFFERENT_repair: the two framings imply DIFFERENT repairs for the same agency-year; needs one merged-packet ruling like the cleanup pass,"[raw:publication_gap_treat_as_missing] 2024 is missing; use an allowed fill from history or peers, not observed zero. || Packet vocabulary: structural_zero_treat_as_missing — on PROVENANCE only. Believable months = 0: the 2024 CIUS zero rests on a 0-month Return-A record, so it is not a measured zero and must not carry tier 'high' / weight 1.0 as observed. CRITICAL FILL HAZARD, and the main point of this ruling: this ORI's one genuine full submission — 2019 at 12 reported months — measured a TRUE zero, and 2020 measured 2 on a single month, so its real level is 0-2/yr. The peer floor for band (2500,5000] would impute 2,875 x 929.7/100k = 26.7 offenses/yr, a 13-27x overstatement. Mark 2024 unmeasured but constrain any fill to own history (0-2); do NOT let it route to a peer fill. If the pipeline's only available options are publish-0-as-observed or peer-fill-27, publish-0 is by far the less wrong — the thing to fix is the fabricated completeness and weight, not the number. EST2024's value (0) is fine; its p","The CIUS zero is based on 0 reported SRS months, a direct BLANK-AS-ZERO risk. || BLANK-AS-ZERO fires on provenance: a 12-month publication label over a 0-month submission, with CIUS being the same Return-A master and so no independent corroboration. But ABSOLUTE PLAUSIBILITY cuts the other way on the level — a measured 12-month zero already exists for this exact ORI in 2019, which demonstrates that a zero Part-I year is a reachable outcome for a 2,875-person southern Chester County farm township with its own small department. So the verdict is that the 2024 cell is unmeasured, not that the level is wrong; the danger in this case is over-repair, not under-repair.",,batches/batch_078.json;batches/batch_081.json
b2-PA0261500-luzerne-township + c-PA0261500-luzerne-township,same_ori_double_framing_outside_cleanup,PA,PA0261500,0.0,published_zero+token_reporter,,misread_missing;token_reporting_flag,,,,reconcile_before_apply,b2-PA0261500-luzerne-township(published_zero/luna/high): misread_missing -> partial_year_uplift || c-PA0261500-luzerne-township(token_reporter/opus/high): token_reporting_flag -> treat_missing_repair,both_reject_DIFFERENT_repair: the two framings imply DIFFERENT repairs for the same agency-year; needs one merged-packet ruling like the cleanup pass,"[raw:partial_year_coverage] Only 1 submitted month is believable; do not publish a full-year zero or annualize it. Use the 1-month SRS observation only as partial coverage, otherwise leave annual 2024 missing. || Structural zero — treat 2024 as MISSING and fill from peers, ~56 Part-I/yr (1096.9/100k x 5,127). EST2024=0 [observedx7] is NOT defensible, and neither uplift nor own-history can repair it: the 2024 row is 0 on 1 submitted month, and this agency's own history is itself all zeros. The decisive fact is 2019 — SRS at 12 REPORTED MONTHS with a total of 0 for a township of 5,896. That is a fully submitted, genuinely complete year that still produced zero, at an expected count of ~65 under the peer rate (P(0) effectively nil). So for this ORI months_reported is not a reliability signal at all: it zero-fills Return-A months, and a 12-month submission from it is as empty as a 0-month one. CAVEAT ON THE MAGNITUDE, which should be routed rather than filled blind: a Fayette County township of this size next to Brownsville almost certainly has its Part-I incidents worked and reported under a PSP sta","The SRS lane records a submission with 1 month and zero offenses, contradicting the CIUS row's assumed 12-month coverage. A zero observed for 1 month cannot be rescued by uplift. || ABSOLUTE PLAUSIBILITY is decisive here in a way it is not for the sub-1000 boroughs in this batch: zero Part-I offences across a full year for 5,127 residents is not a reachable crime outcome, independent of any trend shape. The screen fired PEER-ONLY because the agency has never published a positive full year — but that is the finding, not a mitigating fact. Note the two distinct defects stacked in this ORI: (a) 2018 and 2024 are CIUS 0 at a defaulted 12 months sitting on 1-month submissions (BLANK-AS-ZERO, uplift cannot rescue a zero), and (b) 2019 is a real 12-month zero, which proves zero-filling. Because (b) exists, correcting months_reported — the fix that resolves most of this batch — does NOT resolve this case; only an external count or a coverage reassignment can. Composition is uniformly zero and carries no signal; the one non-zero year (2022, 1 offence on 1 month) is too thin ",,batches/batch_078.json;batches/batch_081.json
b2-PA0320200-homer-city + c-PA0320200-homer-city,same_ori_double_framing_outside_cleanup,PA,PA0320200,0.0,published_zero+token_reporter,,misread_missing;token_reporting_flag,,,,dedupe_identical_action,b2-PA0320200-homer-city(published_zero/luna/high): misread_missing -> treat_missing_repair || c-PA0320200-homer-city(token_reporter/opus/high): token_reporting_flag -> treat_missing_repair,"both_reject_same_repair: repairs agree, so this is pure duplication of one ORI across two framings and either row can be dropped","[raw:publication_gap_treat_as_missing] 2024 zero is unusable; leave 2024 missing/fillable, with no valid full-year observed value. || Structural non-report — treat 2024 as MISSING; EST2024=0 [observedx7] is NOT defensible (0 submitted months, CIUS 12-month label is a default, uplift cannot rescue a zero). Zero submitted months 2021-2024. The MAGNITUDE is genuinely forked and I recommend escalating it rather than filling blind: own-history implies ~1/yr (2019 is a near-complete 11-month submission totalling 1 offence for 1,591 people, 63/100k; 2018 and 2020 are zeros on 3- and 1-month submissions), while the peer band implies 702.6/100k x 1,713 = ~12/yr — a 12x spread. Own-history fill is blocked anyway by the 2-year-recency rule (last real report 2019/2020). External evidence explains the fork rather than resolving it: Homer City eliminated its only full-time police position in the 2025 borough budget, retaining three part-timers, and its council formally asked the Pennsylvania State Police for increased patrols — so i","The CIUS zero sits on a 0-month SRS submission. CIUS repeats the same FBI source, so there is no independent full-year corroboration. || BLANK-AS-ZERO on the provenance question, which is determinate: full-year publication over a 0-month submission record, CIUS being the same frozen Return-A file rather than a second source, uniform zero across streams so no internal signal. What is not determinate is the level, and I am declining to guess it. The 2019 11-month submission is the only near-complete year in the span and it says 1 offence — that is a real measurement of a real, nearly-nonexistent department, and taking it as the borough's crime level would understate the polygon by an order of magnitude, while taking the peer floor would attribute PSP-worked crime to an agency that did not work it. The 2021-2022 zeros are the national SRS-suspension artifact (FBI took NIBRS only for data year 2021; PA sat at ~2% NIBRS that year and this ORI is is_nibrs=False), so they are not evidence of anything local. Sources: https://www.",,batches/batch_079.json;batches/batch_081.json
b2-PA0320500-cherry-tree + c-PA0320500-cherry-tree,same_ori_double_framing_outside_cleanup,PA,PA0320500,0.0,published_zero+token_reporter,,misread_missing;token_reporting_flag,,,,dedupe_identical_action,b2-PA0320500-cherry-tree(published_zero/luna/high): misread_missing -> treat_missing_repair || c-PA0320500-cherry-tree(token_reporter/opus/high): token_reporting_flag -> treat_missing_repair,"both_reject_same_repair: repairs agree, so this is pure duplication of one ORI across two framings and either row can be dropped","[raw:publication_gap_treat_as_missing] 2024 zero is unusable; leave 2024 missing/fillable, with no valid full-year observed value. || Structural non-report — treat 2024 as MISSING for provenance purposes, while recognising the numerical correction is trivial. EST2024=0 [observedx7] is NOT defensible as an OBSERVATION (zero submitted months; the CIUS 12-month label is a default; uplift cannot rescue a zero), but the value it publishes is probably about right: for 268 residents the peer band implies only 503.4/100k x 268 = 1.3 offences/yr, so a true zero year is not merely reachable but likely (P(0)~27%), and the agency's own annualized history is ~1-1.5/yr (2018: 1 offence on an 8-month submission). Fill ~1/yr. The reason to flag rather than accept: this ORI has submitted ZERO months for five consecutive data years (2020-2024) and the panel currently carries 2020, 2023 and 2024 as complete, tier-'high', weight-1.0, 'observed' zero years on the strength of the CIUS default alone. Do not supersede the ORI — external check","The published 12-month zero is based on a 0-month submission. Historical low counts and uniform offense composition do not overcome BLANK-AS-ZERO risk. || This is the case where ABSOLUTE PLAUSIBILITY most nearly rescues the row, and it is worth being explicit that it does not. A zero is a perfectly reachable outcome at this population; what is missing is any submission that could have measured it. Ruling genuine_low_crime would leave three fabricated full-year zeros in the panel at maximum quality weight for an agency that filed nothing, and would anchor its own-history baseline at zero — a provenance error with real downstream effect even though the magnitude error is about one offence. Composition is uniformly zero and carries no signal either way; 2019's 3-month zero carries almost no information about the other 9 months; 2021-2022 are the national SRS-suspension artifact. I am high-confidence on the provenance ruling and explicitly agnostic on whether the true 2024 count was 0 or 1 — that ambiguity is immaterial at 268 residents. Sourc",,batches/batch_079.json;batches/batch_081.json
b2-PA0351700-mayfield + c-PA0351700-mayfield,same_ori_double_framing_outside_cleanup,PA,PA0351700,0.0,published_zero+token_reporter,,misread_missing;token_reporting_flag,,,,dedupe_identical_action,b2-PA0351700-mayfield(published_zero/luna/high): misread_missing -> treat_missing_repair || c-PA0351700-mayfield(token_reporter/opus/high): token_reporting_flag -> treat_missing_repair,"both_reject_same_repair: repairs agree, so this is pure duplication of one ORI across two framings and either row can be dropped","[raw:publication_gap_treat_as_missing] 2024 zero is unusable; leave 2024 missing/fillable, with no valid full-year observed value. || Packet sub-verdict: structural_zero_treat_as_missing. This is textbook BLANK-AS-ZERO: CIUS prints 0 for 2024 at an assumed 12 months while the submission record is SRS 0 offences on ZERO reported months. Zero months submitted means nothing was measured, so the published 0 is not a zero-crime finding, it is an empty cell rendered as a count. UPLIFT CANNOT RESCUE A ZERO (0 x 12/0 is undefined; 0 x anything is 0), so the only correct action is to DROP the 2024 agency-year as a non-report and carry the Mayfield borough polygon as MISSING, never as 0. The same treatment is owed to this ORI's 2018 CIUS zero (2-month record) and 2023 CIUS zero (0-month record). If a fill is required, own history is unusable (the agency has never submitted more than 4 months in the span, and never a positive count), so the fill must come from peers/neighbours: peer band (1000,2500] median 702.6 per 100k on FBIpo","The CIUS zero corresponds to an SRS record with 0 months reported. No full-year data exist, and the absence of any historical positive count does not prove a measured 2024 zero. || The decisive fact is the month count, not the rate floor. A 1,762-person borough genuinely recording 0 Part-I offences in a year is a reachable outcome in the abstract, so a rate floor alone could not condemn this — but there is no measurement to defend: 0 reported months in 2024, and 0-, 0-, 0-, 4- and 2-month records in the five years before it. Geography closes it: Mayfield borough is contiguous with Jermyn borough in Lackawanna County at nearly identical population (1,762 vs 2,128), and Jermyn measured 37-38 Part-I/yr in its genuine full years. Two adjoining boroughs of the same size do not differ by a factor of infinity in crime; they differ in whether the department files. Pipeline rule (3) already drops state-publication all-zero years that sit on zero SRS months; the identical logic is simply not being applied to CIUS zeros, which is why this row survived.",,batches/batch_079.json;batches/batch_082.json
b2-PA0372100-little-beaver-township + c-PA0372100-little-beaver-township,same_ori_double_framing_outside_cleanup,PA,PA0372100,0.0,published_zero+token_reporter,,misread_missing;token_reporting_flag,,,,reconcile_before_apply,b2-PA0372100-little-beaver-township(published_zero/luna/high): misread_missing -> treat_missing_repair || c-PA0372100-little-beaver-township(token_reporter/opus/high): token_reporting_flag -> partial_year_uplift,both_reject_DIFFERENT_repair: the two framings imply DIFFERENT repairs for the same agency-year; needs one merged-packet ruling like the cleanup pass,"[raw:publication_gap_treat_as_missing] 2024 zero is unusable; leave 2024 missing/fillable, with no valid full-year observed value. || Packet sub-verdict: structural_zero_treat_as_missing. BLANK-AS-ZERO: CIUS 0 for 2024 at an assumed 12 months over a ZERO-month submission record, and the 2018 CIUS zero is the same artifact over a ONE-month record. This ORI has never submitted more than a single month in the 2018-2024 span and has never reported a positive count, so there is no measurement anywhere in its history to defend a zero and no own-history anchor to fill from. Correct handling: drop 2024 (and 2018) as non-reports; carry the Little Beaver township polygon as MISSING, never 0. ADDITIONAL CHECK I CANNOT CLOSE FROM THIS PACKET, and it changes the right repair: an agency that is rostered but has effectively never filed is often a nominal department whose territory is actually policed by the Pennsylvania State Police. If PSP coverage already carries this cousub through the state remainder layer, the correct action is ","The 2024 SRS record has 0 months reported. The printed CIUS zero therefore has BLANK-AS-ZERO ambiguity, and no trend or plausibility argument can establish a measured full-year zero. || The ruling that the published 0 is not a measured zero is fully determined: zero reported months. What is not determined is the mechanism behind seven years of non-filing — a real but non-reporting department, or a paper department over PSP-policed territory — and those imply different repairs (fill the polygon vs. suppress the ORI and let the state layer cover it). I am ruling rather than escalating because the verdict does not depend on which mechanism holds: under both, publishing 0 as an observed value on an exclusive weight-1 municipal polygon is wrong. I have flagged the PSP-coverage check as the follow-up that decides the repair. Note the crosswalk here is 'provisional_auto/auto', the weakest provenance in the batch, which is a further reason not to let a hard zero ride on this polygon.",,batches/batch_080.json;batches/batch_082.json
b2-PA0482800-walnutport + c-PA0482800-walnutport,same_ori_double_framing_outside_cleanup,PA,PA0482800,0.0,published_zero+token_reporter,,misread_missing;token_reporting_flag,,,,reconcile_before_apply,b2-PA0482800-walnutport(published_zero/luna/high): misread_missing -> partial_year_uplift || c-PA0482800-walnutport(token_reporter/opus/high): token_reporting_flag -> treat_missing_repair,both_reject_DIFFERENT_repair: the two framings imply DIFFERENT repairs for the same agency-year; needs one merged-packet ruling like the cleanup pass,"[raw:partial_year_coverage] Only 1 submitted month is believable; do not publish a full-year zero or annualize it. Use the 1-month SRS observation only as partial coverage, otherwise leave annual 2024 missing. || Sub-ruling: structural_zero_treat_as_missing (not treat_as_partial). CIUS prints 0 at a defaulted 12 months while the 2024 SRS submission record is 1 reported month; 11 of 12 months are unobserved and the single observed month is itself a nil return. Believable months = 1, but uplift cannot rescue a zero (0 x 12 = 0), so the partial-year route returns the same zero and the year must go to missing. Own-history fill is unusable: across 2018-2024 this ORI submitted 1, 10, 3, 0, 2, 1 and 1 months and its entire seven-year reported total is ONE offense (2022, on 2 months) — an own fill just reproduces the token level. Repair must come from the peer band (local_police, 1000-2500) median 702.6 per 100k x 2,090 ~= 15, or preferably from a PA-side source. Apply the same drop to 2018 (CIUS 0 on a 1-month submission). Roster note: nibrs_start is 2025-05-01 and no NIB row exists in any year 2018-202","The SRS lane shows 1 month reported and zero offenses, while the CIUS lane labels the same source as 12 months. A one-month zero cannot support a full-year zero; uplift cannot rescue it. || BLANK-AS-ZERO on a 1-month submission, compounded by an absolute-plausibility failure: 0 Part-I offences for a 2,090-person borough with a rostered police department is not a reachable crime outcome, and the agency has never once filed a real full year. Because the own history is itself token, the artifact cannot be repaired from the agency's own past — that is the distinguishing feature versus Portland.",,batches/batch_080.json;batches/batch_082.json
b2-PA0544200-north-union-township + c-PA0544200-north-union-township,same_ori_double_framing_outside_cleanup,PA,PA0544200,0.0,published_zero+token_reporter,,misread_missing;token_reporting_flag,,,,dedupe_identical_action,b2-PA0544200-north-union-township(published_zero/luna/high): misread_missing -> treat_missing_repair || c-PA0544200-north-union-township(token_reporter/opus/high): token_reporting_flag -> treat_missing_repair,"both_reject_same_repair: repairs agree, so this is pure duplication of one ORI across two framings and either row can be dropped","[raw:publication_gap_treat_as_missing] Treat 2024 as missing; the supplied evidence provides no eligible own-history replacement, so do not fabricate a value. || Sub-ruling: structural_zero_treat_as_missing for 2024 AND for 2020-2023. This ORI submitted 0 months in every year from 2020 through 2024; its only positive-month submissions in the span are 2018 (1 month) and 2019 (6 months), both totalling zero. It has therefore never produced a measured year, and both the 2023 and 2024 CIUS zeros are blank-as-zero — a 12-month label defaulted onto a 0-month record. Uplift cannot rescue a zero. Own-history fill is doubly unavailable: it is barred by the existing within-2-years rule (the last submission of any months was 2019) and would return 0 anyway. Repair must be a peer floor (band 1000-2500 median 702.6 per 100k x 1,420 ~= 10) or PSP-localized counts for North Union township cousub 4210755472. Mechanism fits the standard PA arrangement: the Schuylkill County coverage table lists North Union Township Police Dept (Nuremberg, 570-384-3611) as primary","The CIUS zero sits on a 0-month SRS submission. Uplift cannot rescue it, and no positive historical report exists. || Five consecutive 0-month years mean nothing has been measured since 2019, so the published zero is a non-report rather than a low count. The distinguishing feature versus the other zero-month cases is that BOTH standard repair routes are closed — the 2-year own-history rule bars a fill and the history is all zeros anyway — so this ORI needs an explicit peer or state-police anchor rather than a fill rule.",,batches/batch_080.json;batches/batch_082.json
b2-PA0544700-branch-township + c-PA0544700-branch-township,same_ori_double_framing_outside_cleanup,PA,PA0544700,0.0,published_zero+token_reporter,,misread_missing;token_reporting_flag,,,,reconcile_before_apply,b2-PA0544700-branch-township(published_zero/luna/high): misread_missing -> treat_missing_repair || c-PA0544700-branch-township(token_reporter/opus/high): token_reporting_flag -> flag_review,disposition_conflict_FLAG/REJECT: the two framings imply DIFFERENT repairs for the same agency-year; needs one merged-packet ruling like the cleanup pass,"[raw:publication_gap_treat_as_missing] Treat 2024 as missing; no eligible own-history replacement is supported. || Sub-ruling: structural_zero_treat_as_missing. CIUS 0 at a defaulted 12 months on an SRS record of 0 reported months, with 0-month years running 2020 through 2024; 2023 is the same artifact and should also be dropped. Note the one genuinely informative year: 2018 is a REAL 12-month SRS submission totalling 0 for a population of 1,747 — an affirmative full-year nil return — so the nil posture is long-standing and an own-history fill would return 0, leaving the peer floor (702.6 per 100k x 1,764 ~= 12) or PSP-localized counts as the only usable repair. TWO VERIFIED STRUCTURAL FINDINGS to escalate with it: (a) the department is the JOINT Branch/Reilly Township Police Dept (570-544-2901), listed in the Schuylkill County coverage table as primary for BOTH Branch Township and Reilly Township with PSP Schuylkill Haven as station coverage, so the crosswalk's weight-1 exclusive assignment to Branc","The CIUS zero is based on a 0-month SRS submission. Historical zeros cannot establish complete-year coverage. || Zero months submitted makes 2024 a non-report. What makes this case distinctive is that its one real full-year submission (2018, 12 months) is ALSO a zero, which forecloses own-history repair, and that the joint Branch/Reilly department plus the ~670-person population-served step make both the footprint and the denominator wrong independent of the count — so fixing the zero alone would not make the polygon correct.",,batches/batch_080.json;batches/batch_082.json
b2-PA0560100-meyersdale + c-PA0560100-meyersdale,same_ori_double_framing_outside_cleanup,PA,PA0560100,0.0,published_zero+token_reporter,,misread_missing;token_reporting_flag,,,,reconcile_before_apply,b2-PA0560100-meyersdale(published_zero/luna/high): misread_missing -> treat_missing_repair || c-PA0560100-meyersdale(token_reporter/opus/high): token_reporting_flag -> flag_review,disposition_conflict_FLAG/REJECT: the two framings imply DIFFERENT repairs for the same agency-year; needs one merged-packet ruling like the cleanup pass,"[raw:publication_gap_treat_as_missing] Treat 2024 as missing; the last positive report is too old for the stated two-year own-history rule, so no replacement value is justified from this evidence. || Packet-vocabulary sub-verdict: structural_zero_treat_as_missing. 2024 = CIUS 0 at assumed 12 months sitting on SRS 0 at 0 reported months — a pure non-report published as a complete year. Chronic token filer: across 2018-2024 this agency never once reached 12 reported months; its maximum is 5 (2018), and 2018's CIUS 0 is itself a blank-as-zero on that 5-month record. Absolute plausibility rules the level out independently: pop 1,999 against a peer median of 702.6/100k implies ~14 Part-I offenses/yr, and P(a true annual zero) is ~8e-7. The agency's own thin submissions confirm crime exists — 1 offense in 1 reported month (2019) and 2 in 2 reported months (2020), i.e. roughly 1 per reported month. EST2024 = 0 [observedx7] is NOT defensible. Basis for the repair: pooled own reported-month rate = 3 offenses over 8 reported months = 4.5/yr as a floor (the 2018 five zero-months drag this down ","The CIUS zero is a 12-month publication over a 0-month SRS submission; the historical positives do not validate 2024. || Two independent arms converge: the submission record shows zero months for 2024 (so nothing was measured), and the level is absolutely implausible for a 2,000-person borough with an active department that recorded ~1 offense per reported month whenever it did file. Composition carries no signal because the year is uniformly zero across all seven streams, which is exactly the signature of a placeholder rather than of a real crime decline.",,batches/batch_081.json;batches/batch_083.json
b2-PA0560500-boswell + c-PA0560500-boswell,same_ori_double_framing_outside_cleanup,PA,PA0560500,0.0,published_zero+token_reporter,,misread_missing;token_reporting_flag,,,,reconcile_before_apply,b2-PA0560500-boswell(published_zero/luna/high): misread_missing -> treat_missing_repair || c-PA0560500-boswell(token_reporter/opus/medium): token_reporting_flag -> flag_review,disposition_conflict_FLAG/REJECT: the two framings imply DIFFERENT repairs for the same agency-year; needs one merged-packet ruling like the cleanup pass,"[raw:publication_gap_treat_as_missing] Treat 2024 as missing; no eligible own-history replacement exists in the supplied evidence. || Packet-vocabulary sub-verdict: structural_zero_treat_as_missing. This is the emptiest record in the batch: SRS shows 0 reported months in every year 2018 through 2024 — seven consecutive years with literally no month of data submitted — and CIUS prints a zero row for 2023 and 2024 only. Both CIUS rows are therefore pure blank-as-zero placeholders with no underlying submission whatsoever; the pipeline's 'no other 2018-2023 year reaches 12 reported months with a positive total' note is not a finding about low crime, it is the absence of any data at all. Absolute plausibility rules the level out: pop 1,198 at the 702.6/100k peer median implies ~8.4 offenses/yr, P(true zero) ~2e-4. EST2024 = 0 [observedx7] is NOT defensible. There is no own-history basis of any kind, so the repair must come from peers — but the national band median over-states rural PA (see the batch-wide note: these agencie","Both 2023 and 2024 CIUS zeros rest on 0-month SRS submissions, and there is no positive history. || The verdict itself is certain — a published value with zero months submitted in every year of the panel is not a measurement under any reading. Confidence is medium rather than high only because the correct repair route is genuinely underdetermined between (a) peer-fill the borough as a real-but-non-reporting department and (b) release the footprint to PSP coverage; these give materially different national totals and the choice needs the roster/activity check, not more panel evidence. Unlike the other five Somerset agencies here, Boswell never submitted a single month, so it cannot be shown to have been an active reporter at any point.",,batches/batch_081.json;batches/batch_083.json
b2-PA0561700-indian-lake + c-PA0561700-indian-lake,same_ori_double_framing_outside_cleanup,PA,PA0561700,0.0,published_zero+token_reporter,,misread_missing;token_reporting_flag,,,,reconcile_before_apply,b2-PA0561700-indian-lake(published_zero/luna/high): misread_missing -> treat_missing_repair || c-PA0561700-indian-lake(token_reporter/opus/high): token_reporting_flag -> flag_review,disposition_conflict_FLAG/REJECT: the two framings imply DIFFERENT repairs for the same agency-year; needs one merged-packet ruling like the cleanup pass,"[raw:publication_gap_treat_as_missing] 2024 is missing; replace via eligible own-history fill using the real 2022 report, not observed zero. || Packet-vocabulary sub-verdict: structural_zero_treat_as_missing. 2024 = CIUS 0 at assumed 12 months on SRS 0 at 0 reported months; 2023 is the same placeholder. EST2024 = 0 [observedx7] is NOT defensible on provenance. This case initially looks like the best genuine-low-crime candidate in the batch — pop 389, an 11-reported-month zero in 2019, and P(true annual zero) ~14% at the peer-implied 2.0/yr — but the 2022 row falsifies it: 2 offenses (1 larceny, 1 MVT) on 2 reported months, i.e. the agency demonstrably had recordable Part-I crime two years before the disputed cell. Pooled own reported-month rate = 2 offenses over 14 reported months = 1.71/yr, essentially identical to the peer-implied 1.96/yr. So the honest 2024 value is ~2, and a peer-band fill happens to be well calibrated for this ORI. The 2019 11-month zero should be retained as a genuine near-full-year low observation; it is ","The 2024 CIUS zero rests on 0 SRS months. The 2022 positive report is relevant history but does not validate the published zero. || Provenance is dispositive: no month of 2024 data was submitted, so 0 cannot be labelled observed. The genuine-low-crime reading is specifically testable here and fails — an 11-month measured zero in 2019 would support a very low true level, but the 2022 positive shows the level is not zero, and the pooled own rate lands on the peer expectation rather than below it. This is a case where the correct verdict is a provenance fix whose magnitude correction happens to be small (0 to ~2), which is worth stating explicitly so the repair is not mistaken for a large restatement.",,batches/batch_081.json;batches/batch_083.json
b2-PA0561800-rockwood + c-PA0561800-rockwood,same_ori_double_framing_outside_cleanup,PA,PA0561800,0.0,published_zero+token_reporter,,misread_missing;token_reporting_flag,,,,reconcile_before_apply,b2-PA0561800-rockwood(published_zero/luna/high): misread_missing -> treat_missing_repair || c-PA0561800-rockwood(token_reporter/opus/medium): token_reporting_flag -> flag_review,disposition_conflict_FLAG/REJECT: the two framings imply DIFFERENT repairs for the same agency-year; needs one merged-packet ruling like the cleanup pass,"[raw:publication_gap_treat_as_missing] Treat 2024 as missing; no eligible own-history replacement is supported. || Packet-vocabulary sub-verdict: structural_zero_treat_as_missing. 2024 = CIUS 0 at assumed 12 months on SRS 0 at 0 reported months; 2023 identical. EST2024 = 0 [observedx7] is NOT defensible as an 'observed' value, because nothing was submitted. However, this is the one ORI in the batch where the underlying level may genuinely be at or near zero: across 2018-2019 the agency submitted 15 reported months (5 + 10) and recorded 0 offenses in all of them, and it has never recorded a positive count in any year. Fifteen reported months of zero puts a ~95% upper bound on the annual rate of about 2.4/yr, against a peer-implied 4.1/yr at pop 822. So the repair must be own-anchored at 0-2, NOT the peer-band 4.1, which would roughly double the agency's own demonstrated ceiling. Recommended handling: drop the 2023 and 2024 CIUS placeholders as non-reports, then fill from the agency's own 15-reported-m","The published zero is based on a 0-month SRS submission, with no positive historical count to support a genuine annual zero. || I rule token_reporting_flag rather than genuine_low_crime because the two are claims about different things: the level is plausibly near zero, but the 2024 cell is not a measurement of it — zero months were submitted, so there is nothing to call credible. Marking it observed asserts a measurement that does not exist and immunises the cell against later correction. Confidence is medium rather than high because a reviewer could defensibly land on credible_low_crime here on the strength of the 15-month measured zero, and because the numeric consequence of the two rulings is nearly identical; the substantive risk in this case is the opposite of the other eleven — an over-correction if the flag routes it to a peer fill.",,batches/batch_082.json;batches/batch_083.json
b2-PA0562600-summit-township + c-PA0562600-summit-township,same_ori_double_framing_outside_cleanup,PA,PA0562600,0.0,published_zero+token_reporter,,misread_missing;token_reporting_flag,,,,reconcile_before_apply,b2-PA0562600-summit-township(published_zero/luna/high): misread_missing -> treat_missing_repair || c-PA0562600-summit-township(token_reporter/opus/high): token_reporting_flag -> flag_review,disposition_conflict_FLAG/REJECT: the two framings imply DIFFERENT repairs for the same agency-year; needs one merged-packet ruling like the cleanup pass,"[raw:publication_gap_treat_as_missing] 2024 is missing; replace via eligible own-history fill using the real 2022 report, not observed zero. || Packet-vocabulary sub-verdict: structural_zero_treat_as_missing. 2024 = CIUS 0 at assumed 12 months on SRS 0 at 0 reported months. EST2024 = 0 [observedx7] is NOT defensible. Note the contrast within this ORI's own record: 2019 is a genuine 12-reported-month zero (CIUS 0 + SRS 0 at 12mo) and should be retained as a real observation, whereas 2018 (1 reported month), 2020, 2021, 2023 and 2024 (0 reported months) are not. 2022 records 2 larcenies on 3 reported months. Pooled own reported-month rate = 2 offenses over 16 reported months = 1.5/yr. IMPORTANT REPAIR CAUTION: the peer-implied value at pop 2,088 in the (1000, 2500] band is 14.7/yr — nearly ten times this agency's own demonstrated rate. A straight peer-band fill here would be the largest single over-correction in the batch. Because 2019 is a real 12-month observation and 2022 is a real partial, this ORI does have a usable own-histo","The CIUS zero is a BLANK-AS-ZERO artifact over 0 SRS months. The 2022 positive report shows the agency can have recorded crime but does not corroborate 2024. || Provenance is dispositive for 2024 (zero months submitted). Absolute plausibility looks like it should refute a zero at pop 2,088 — P(true zero) ~4e-7 at the band median — but this ORI is the counterexample that shows why the band median is the wrong yardstick for rural PA township departments: it produced an audited 12-month zero in 2019, so its true rate really is roughly an order of magnitude below the band. The correct reading is therefore 'non-report, fill small from own history', and citing the peer floor as the basis for the repair would import a defect worse than the one being fixed. Composition is uninformative (uniform zero).",,batches/batch_082.json;batches/batch_083.json
b2-PA0591700-osceola-township + c-PA0591700-osceola-township,same_ori_double_framing_outside_cleanup,PA,PA0591700,0.0,published_zero+token_reporter,,misread_missing;token_reporting_flag,,,,reconcile_before_apply,b2-PA0591700-osceola-township(published_zero/luna/high): misread_missing -> treat_missing_repair || c-PA0591700-osceola-township(token_reporter/opus/high): token_reporting_flag -> flag_review,disposition_conflict_FLAG/REJECT: the two framings imply DIFFERENT repairs for the same agency-year; needs one merged-packet ruling like the cleanup pass,"[raw:publication_gap_treat_as_missing] 2024 should be missing/fillable; no valid 2024 full-year count exists. || Packet-vocabulary sub-verdict: structural_zero_treat_as_missing. 2024 = CIUS 0 at assumed 12 months on SRS 0 at 0 reported months, and 2020-2023 are all 0-month years. Last real data is 2019: 2 larcenies on 9 reported months. 2018's CIUS 0 is itself a blank-as-zero on a 3-month submission, so this ORI has no credible full-year zero anywhere in the panel and the screen's 'own full-year median is 0' is circular. Pooled own reported-month rate = 2 offenses over 12 reported months = 2.0/yr, against a peer-implied 2.9/yr at pop 575 — well calibrated, so either basis gives ~2-3. EST2024 = 0 [observedx7] is NOT defensible. Recommended 2024 value ~2; own-history fill is blocked by the two-year-recency rule (last real report 2019) so the peer-band route applies and is close enough to the own rate that it does not distort.","The CIUS zero rests on a zero-month SRS submission; the 12-month publication label is only a default and cannot establish coverage. || Provenance is dispositive: zero months submitted for 2024 means no measurement exists, and five consecutive 0-month years mean the agency exited the reporting system in 2020 rather than experienced a crime collapse. Absolute plausibility is permissive at pop 575 (P(true zero) ~5.5%), so the level alone could not settle this — the submission record does. Composition is uninformative (uniform zero across all seven streams).",,batches/batch_082.json;batches/batch_083.json
c-AR063019E-ar063019e,unadjudicated_no_zero_token_ruling,AR,AR063019E,0.0,token_reporter,,,,,,dispatch_again,"a2-AR06301-benton(ambiguous_twin,gold):distinct_agencies","no arm ever ruled this case_id, it was not in the cleanup population, and no live published_zero/token_reporter ruling covers its ORI -- the only live ruling is a twin-identity one, which answers a different question. The 2024 agency-year has no disposition.",no ruling for this case_id; the same ORI is adjudicated under another case_id/class framing (see replicate_verdicts),,,batches/batch_069.json
