case_id,state,oris,provenance_kind,verdict,downstream_action,believable_months,arm,confidence,mass_hint,replicate_conflict,needs_review,detail,cleanup_pass,cleanup_reason,original_class,residue_pass,merged_from,final_pass,final_reason
x-MN0181100-pequot-lakes,MN,MN0181100,cleanup_merged_packet,misread_missing,treat_missing_repair,,opus,high,37.0,0,0,"FILE NOTE (applies to the whole batch, stated once here): cleanup_batches/batch_000.json does not exist. manifest.csv shows the cleanup batches are 1-indexed (batch_001.json .. batch_026.json, 10 cases each except 025=4 and 026=2); the only batch_000.json under state/qa/stage1_adhoc_review/ is gold_repair/batch_000.json, a 3-case gold-repair set from an earlier pass. I adjudicated /Users/uzairqadir/Projects/data-projects/national/crimerisk-clone/state/qa/stage1_adhoc_review/cleanup_batches/batch_001.json (index 0, the first cleanup batch). All case_ids below are the true ids from that file. RULING: 2024 should go MISSING and fillable for MN0181100. Do NOT fill from own history: hist_median over 2018-2023 (=14) and trend_log_linear both draw on 2022 (12) and 2023 (2), which are themselves products of the same decay, so an own-history fill launders the artefact. Use a size-band peer fill for local_police in the (1000,2500] band. No ORI-succession issue: MN0181100 is on the 2024 CDE roster, carries an unbroken panel row 2018-2024, and holds a single exclusive w=1 footprint (Census place 2750416, Pequot Lakes city).",cleanup_ruling,merged_contradiction,published_zero+token_reporter,retained_pre_residue,,retained_pre_final,
r-AL0080200-blountsville,AL,AL0080200,residue_merged_packet,misread_missing,treat_missing_repair,,opus,high,31.5,0,0,"2024 goes MISSING and fillable. ZERO believable months: SRS filed 0 months, and the 12-month NIBRS header carries no offence in any of the seven streams, so there is no measured month behind the published zero. Fill anchored on the last demonstrably full-coverage years — 2022 (32, SRS 12mo + NIB 12mo) and 2023 (31, NIB 12mo) → ~31.5/yr; composition from baseline years: larceny ~14.5, MVT ~4.5, burglary ~3.5, agg assault ~2.2, rape ~0.5, robbery ~0.5. Do NOT anchor on the quoted 2018-2023 median 25.5 — it is contaminated by the 8-month 2020 (raw 12) and 11-month 2018 (raw 30) partials — and do not let the 2024 zero enter any future base rate for this ORI. Peer-band cross-check (702.6/100k x 1,816 → ~12.8/yr) sits well below own demonstrated level; own history governs.",,both_reject_DIFFERENT_repair,published_zero+token_reporter,residue_ruling,b2-AL0080200-blountsville;c-AL0080200-blountsville,retained_pre_final,
b2-PA0032200-east-franklin-township,PA,PA0032200,zero_month_submission,misread_missing,treat_missing_repair,,opus,high,30.0,0,0,"Cleanest BLANK-AS-ZERO case in the batch. Set PA0032200 2024 to missing and fill. Fill guidance: do NOT use the raw recent values (2021:1, 2022:7, 2023:3) — those are themselves partial years at 3mo, 7mo and 5mo. Annualize first (2021 -> 4, 2022 -> 12, 2023 -> 7.2) and take the median for a fill of ~7, or use the 2018-2020 full-year level (33, 27, 31 at 11mo -> 33.8) if the pipeline judges the 2021+ decline to be feed degradation rather than real. The gap between those two answers (~7 versus ~31) is genuine and I am not confident which is right; flag it for the fill step rather than hard-coding. PIPELINE GAP: the same partials-used-as-baseline error will affect every PA small-township ORI, since PA's SRS participation is chronically partial.",retained_pre_cleanup,,,dedupe_kept,c-PA0032200-east-franklin-township(token_reporter/sol/high):token_reporting_flag->treat_missing_repair,retained_pre_final,
r-GA0710300-buchanan,GA,GA0710300,residue_merged_packet,misread_missing,treat_missing_repair,,opus,high,30.0,0,0,"2024 goes MISSING and fillable; 2023 should be flagged MISSING on the same basis (0 filed months in SRS and no NIB row at all). ZERO believable months in 2024. Fill anchored on the last demonstrably full-coverage years — 2018 (48, SRS 12mo), 2020 (12, NIB 12mo), 2021 (24, NIB 12mo), median 24 — scaled for the population fall from 1,205 (2021) to 966 (2024), giving ~19-24/yr; composition larceny ~17, MVT ~4.3, agg assault ~3.3, burglary ~3. Reject any base rate drawn from 2022-2023.",,disposition_conflict_FLAG/REJECT,published_zero+token_reporter,residue_ruling,b2-GA0710300-buchanan;c-GA0710300-buchanan,retained_pre_final,
x-TX2300300-ore-city,TX,TX2300300,cleanup_merged_packet,misread_missing,treat_missing_repair,,sol,high,30.0,0,0,Set 2024 to missing and fillable; zero months are believable.,cleanup_ruling,merged_contradiction,published_zero+token_reporter,retained_pre_residue,,retained_pre_final,
x-MN0610200-starbuck,MN,MN0610200,cleanup_merged_packet,misread_missing,treat_missing_repair,6,opus,medium,28.5,1,1,"2024 should go MISSING and fillable for MN0610200. token_reporting_flag is arithmetically void here even though a partial record exists: the Return-A lane carries 6 submitted months and all six are zero, so uplift x2.0 republishes 0. Fill should NOT come from 2021-2023 own history (median 7), which is post-NIBRS-transition degraded; prefer a size-band peer fill, or an own-history fill anchored on the pre-transition full years (2018 CIUS 68, 2019 CIUS 48) discounted for the population band. No succession issue: on the 2024 roster, single exclusive w=1 footprint (place 2762500, Starbuck city).",cleanup_ruling,merged_contradiction,published_zero+token_reporter,retained_pre_residue,,retained_pre_final,
x-TX1940300-bogata,TX,TX1940300,cleanup_merged_packet,misread_missing,treat_missing_repair,0,opus,high,24.0,0,0,"2024 should go MISSING and fillable for TX1940300. Anchor any fill on the credible full years 2018-2022 (47, 27, 32, 19, 21 -> level ~21-27), not on 2023, which is a broken record rather than a low year. A size-band peer fill for (1000,2500] is also defensible. No succession issue: on the 2024 roster, single exclusive w=1 footprint (place 4809172, Bogata city).",cleanup_ruling,merged_contradiction,published_zero+token_reporter,retained_pre_residue,,retained_pre_final,
b2-PA0021H00-crescent-township,PA,PA0021H00,zero_month_submission,misread_missing,treat_missing_repair,,opus,high,23.0,0,0,"Void the CIUS zero; set 2024 missing and fillable. Fill from annualized own history: the partial-year submissions annualize to 2019 30, 2020 18, 2022 18, 2023 20 — a fill of roughly 20 Part-I, or a PA sub-3,000 township-police peer rate. The last real report (2023, 3mo) is within 2 years so the own-history path is open. Downstream must also stop treating a CIUS row as evidence of submission when SRS months=0.",retained_pre_cleanup,,,dedupe_kept,c-PA0021H00-crescent-township(token_reporter/sol/high):token_reporting_flag->treat_missing_repair,retained_pre_final,
x-IL0141300-germantown,IL,IL0141300,cleanup_merged_packet,misread_missing,treat_missing_repair,,sol,high,20.0,0,0,Set 2024 to missing and fillable; zero months are believable.,cleanup_ruling,merged_contradiction,published_zero+token_reporter,retained_pre_residue,,retained_pre_final,
b2-MN0120200-montevideo,MN,MN0120200,full_year_nibrs_backed,misread_missing,treat_missing_repair,,opus,high,17.5,0,0,"Void the zero and treat 2023 the same way; set both years missing. Do NOT use the own-history fill — the in-window values (2022: 2, 2023: 0) are themselves the degraded feed, so the recency rule would launder the artifact into a fill of ~2. Fill from peers instead: local_police 5-10k band at 1,096.9/100k x 5,180 = ~57, trimmed toward MN-specific peer rates (~40-60). Downstream rule to add: block own-history fills when the in-window history is itself sub-peer-floor. The crosswalk is already flagged_auto.",retained_pre_cleanup,,,dedupe_kept,c-MN0120200-montevideo(token_reporter/sol/high):token_reporting_flag->treat_missing_repair,retained_pre_final,
b2-VT0141000-norwich,VT,VT0141000,full_year_nibrs_backed,misread_missing,treat_missing_repair,,opus,high,17.5,0,0,"The printed zero is unusable; mark 2024 missing and fillable. Fill from own history — 2023 = 20 at 12mo in BOTH lanes (a clean, unambiguous full year, well inside the within-2-years rule); the 2018-2023 median is 21.5. Recommend ~20-21. EST2024=0 observed deletes a real agency's full year from a w=1 exclusive municipal footprint.",retained_pre_cleanup,,,dedupe_kept,c-VT0141000-norwich(token_reporter/opus/high):token_reporting_flag->treat_missing_repair,retained_pre_final,
x-NM0090400-hurley,NM,NM0090400,cleanup_merged_packet,misread_missing,treat_missing_repair,,opus,high,14.0,0,0,"2024 should go MISSING and fillable for NM0090400. Critically, the fill must exclude this ORI's own zero years: hist_median over 2018-2023 is contaminated by the 2021 and 2023 zeros, which this ruling holds to be non-reports. Anchor on the positive years only (2018 CIUS 14, 2019 SRS 8, 2022 NIB 8 -> level ~8-11) or use a size-band peer fill for (1000,2500]. 2023 (NIB 0 on 7 months, SRS 0 on 3 months) carries the same signature and should be re-examined in the same pass. No succession issue: on the 2024 roster, single exclusive w=1 footprint (place 3533850, Hurley town).",cleanup_ruling,merged_contradiction,published_zero+token_reporter,retained_pre_residue,,retained_pre_final,
x-KY0110200-junction-city,KY,KY0110200,cleanup_merged_packet,misread_missing,treat_missing_repair,1,opus,high,12.5,1,1,"2024 should go MISSING and fillable for KY0110200. Do not use trend_log_linear or hist_median naively -- this ORI's own history is wildly unstable (3, 72, 3) and the 2022 lane divergence (CIUS 72 vs NIB 40) means even the peak year has two vintages; a size-band peer fill for local_police in (1000,2500] is the defensible route. No succession issue: on the 2024 roster (NIBRS since 2009-01-01), unbroken panel rows 2018-2024, single exclusive w=1 footprint (place 2141338, Junction City city). Note the roster lists two counties (BOYLE, LINCOLN) while the footprint is one place at w=1 -- worth a Stage-2 check but it does not affect this verdict.",cleanup_ruling,merged_contradiction,published_zero+token_reporter,retained_pre_residue,,retained_pre_final,
b2-PA0071000-williamsburg,PA,PA0071000,zero_month_submission,misread_missing,treat_missing_repair,,opus,high,11.0,0,0,"The printed zero is unusable and must not stand. Set 2024 to missing and fillable. Fill basis: own history with a real report inside 2 years — 2023 is 8 at SRS 8mo (~12 annualized) and CIUS 8; 2019 is 16 at 12mo; 2018 is 11. A fill of ~8-12 Part-I offences is defensible for a 1,188-person borough PD. EST2024=0 observed is not defensible: 0 x any uplift is still 0, so leaving it as observed permanently deletes the agency from the panel. Also note the agency is is_nibrs=False with no NIBRS row at all, so there is no second FBI lane that could ever corroborate this zero — the CIUS row is the only thing asserting a full year.",retained_pre_cleanup,,,dedupe_kept,c-PA0071000-williamsburg(token_reporter/sol/high):token_reporting_flag->treat_missing_repair,retained_pre_final,
b2-SD0290100-miller,SD,SD0290100,full_year_nibrs_backed,misread_missing,treat_missing_repair,,opus,medium,11.0,0,0,"Treat the 2024 zero as missing and fillable. Fill basis: own history within 2 years — 2023 is 4 at NIB 9mo (~5.3 annualized), 2020 is 5 at 12mo, 2019 is 5 at 9mo (~6.7) — giving ~4-6 Part-I offences for this 1,319-person town. EST2024=0 observed is not defensible. Do NOT treat the 2022 zero as supporting evidence: it sits on NIB 4 months and SRS 0 months, i.e. it is a partial-year zero and statistically uninformative by the standing rule. Same settling test as Bridgeport: pull the NIBRS segment-level zero-report indicator — twelve explicit zero-report records would flip this to genuine_zero_year, their absence confirms an auto-populated header.",retained_pre_cleanup,,,dedupe_kept,c-SD0290100-miller(token_reporter/opus/medium):token_reporting_flag->treat_missing_repair,retained_pre_final,
b2-AL0340400-slocomb,AL,AL0340400,cleanup_merged_packet,misread_missing,treat_missing_repair,,opus,high,11.0,0,0,"Carry 2024 as MISSING and fillable, and treat 2023 the same way (NIB 0 on 2 months plus SRS 0 on 0 months is a non-report, not a zero). 2022 (11, 12-month NIBRS, also published in CIUS) is the last real report and sits at the 2-year boundary, so the own-history anchor is ~11-15 (2021 = 15). Nothing here is uplift-repairable: a 0-month zero and a 2-month zero both annualise to 0.",cleanup_ruling,explicit_escalate,published_zero,retained_pre_residue,,retained_pre_final,
b2-MO0570700-hawk-point,MO,MO0570700,cleanup_merged_packet,misread_missing,treat_missing_repair,9,opus,high,11.0,0,0,"The 2024 agency-year must go MISSING and be filled, not carried as an observed complete zero on place 2931024. The defensible anchor is the agency's own last real years -- 11 on a 12-month 2018 (CIUS) and 6 on 11 months of 2019 (about 6.5 annualised) -- i.e. roughly 6-11 offences, which the band peer median (503.4/100k, ~3.8) understates by two- to threefold; note that the pipeline's within-2-years rule blocks that own-history fill, so this needs an explicit override or a flagged low-weight fill. Residual risk to record: if Lincoln County SO has taken over policing, the fill may overlap sheriff-recorded counts inside the city limits.",cleanup_ruling,structural_plausibility_residue,published_zero,retained_pre_residue,,retained_pre_final,
x-OH0070300-bridgeport,OH,OH0070300,cleanup_merged_packet,misread_missing,treat_missing_repair,,opus,medium,11.0,1,1,"2024 should go MISSING and fillable for OH0070300. This is the weakest misread ruling in the batch and the counter-evidence deserves to travel with it: OH0070300 is a 26-year NIBRS reporter (start 1998-04-01) with 11-12 month NIBRS coverage in every year on record and a smooth monotone decline (27, 11, 10, 8, 5, 4) that tracks a 13% population loss (1,756 -> 1,522) -- the most genuine-looking decline in the batch. If a supervisor re-opens any single case here, make it this one. Fill: anchor on the recent credible full years (2022 CIUS 5, 2023 NIB 4 on 11mo -> level ~4-6) rather than the 16/yr baseline, since part of the decline is probably real. No succession issue: on the 2024 roster, single exclusive w=1 footprint (place 3908560, Bridgeport village).",cleanup_ruling,merged_contradiction,published_zero+token_reporter,retained_pre_residue,,retained_pre_final,
x-MO0600500-goodman,MO,MO0600500,cleanup_merged_packet,misread_missing,treat_missing_repair,,sol,high,10.5,0,0,year goes missing and fillable,cleanup_ruling,merged_same_ori_pair,published_zero+token_reporter,retained_pre_residue,,retained_pre_final,
x-KY1130300-uniontown,KY,KY1130300,cleanup_merged_packet,misread_missing,treat_missing_repair,,opus,high,10.0,1,1,"2024 should go MISSING for KY1130300, but the fill decision needs one extra check the panel can answer: whether Uniontown PD is still the policing agency. If it is, fill from the pre-collapse full years (2018 CIUS 36, 2019 CIUS 18, 2020 NIB 13 -> level ~13-22) or a size-band peer fill for (0,1000] (peer median 503.4/100k). If policing has passed to the Union County Sheriff or KSP, the year should be missing WITHOUT an own-history fill, so the county/remainder lane carries the exposure and the city is not double-counted. Do NOT use hist_median across 2018-2023 either way -- it averages in the 2021, 2022 and 2024 zeros this ruling holds to be non-reports. 2021, 2022 and 2023 carry the same signature and should be re-examined in the same pass. No succession issue on the ORI itself: on the 2024 roster (NIBRS since 2009), single exclusive w=1 footprint (place 2178492, Uniontown city).",cleanup_ruling,merged_contradiction,published_zero+token_reporter,retained_pre_residue,,retained_pre_final,
b2-CA0309600-irvine-valley-college,CA,CA0309600,zero_month_submission,misread_missing,treat_missing_repair,,opus,high,9.5,0,0,"Treat 2024 as missing and fillable. Do not carry the printed 0. Fill from own CIUS history anchored on the two most recent real full years (2022=8, 2023=5), i.e. roughly 5-6, NOT the 6-year median 9.5 which is dragged up by 2018-2019 (17, 11) and ignores the monotone decline. Peer-rate fill is structurally unavailable: FBIpop is 0/null for every year of this ORI. Separately flag that this ORI sits on 06:statewide_overlap_layer w=1, so whatever value lands gets smeared across all of California — a campus agency's counts should not ride a statewide layer.",retained_pre_cleanup,,,retained_pre_residue,,retained_pre_final,
b2-IL0970300-norris-city,IL,IL0970300,cleanup_merged_packet,misread_missing,treat_missing_repair,,sol,high,9.5,0,0,"ORI IL0970300 (NORRIS CITY, IL). Panel should carry: MISSING. No own-history fill is defensible because the last positive report was 2020, which fails the within-2-years rule.",cleanup_ruling,explicit_escalate,published_zero,retained_pre_residue,,retained_pre_final,
b2-ME0101300-veazie,ME,ME0101300,cleanup_merged_packet,misread_missing,treat_missing_repair,,opus,high,9.0,0,0,"The 2024 agency-year must go MISSING and be filled from the agency's own recent record, not carried as an observed complete zero on cousub 2301978780. The own-history anchor is strong and in-policy: 2021-2023 are all 12-month NIBRS years at 13, 4 and 5 offences (median 5), with a 2023 real report well inside the within-2-years fill rule. Do not use the band peer median (702.6/100k, ~12.8) -- the agency's own recent level is the better anchor and is roughly 5.",cleanup_ruling,structural_plausibility_residue,published_zero,retained_pre_residue,,retained_pre_final,
b2-IL0169C00-south-suburban-college,IL,IL0169C00,full_year_nibrs_backed,misread_missing,treat_missing_repair,,opus,medium,8.5,0,0,"Treat the 2024 zero as a non-report; the agency-year should be missing and fillable. Fill from own history — the last real report is 2023 (=9), inside the 2-year recency rule; median of the non-zero best-values 2018-2023 (9, 8, 6, 5, 9) is 8. Footprint is a statewide overlap layer at w=1, so the mass impact is immaterial either way; the point is not to let a printed zero stand as a measurement.",retained_pre_cleanup,,,retained_pre_residue,,retained_pre_final,
r-OK0120500-fort-towson,OK,OK0120500,residue_merged_packet,misread_missing,treat_missing_repair,,opus,high,8.5,0,0,"2024 goes MISSING and fillable — and 2021, 2022 and 2023 must be flagged MISSING on the identical basis, otherwise any own-history fill for 2024 is laundered by them. ZERO believable months in all four years. Fill anchored on the last full-coverage years with real submissions: 2018 (28, SRS 12mo + NIB 12mo), 2019 (18 NIB 12mo / 17 CIUS), 2020 (25, SRS 12mo + NIB 12mo) → ~25/yr; composition larceny ~12, burglary ~6.3, agg assault ~3.3. REJECT mass_hint 8.5: both the CIUS-lane median {2018:28, 2019:17, 2022:0, 2023:0} and the quoted 'full-year median 8.5' average two real years against two automatic-zero years — that figure is own-history laundering, not a base rate. Magnitude caveat: the own anchor (~25/yr, i.e. ~5,040/100k at pop 496) is ~10x the peer-band rate (503.4/100k → ~2.5/yr), so before filling, check for a live successor — if Choctaw County Sheriff now covers Fort Towson town, the packet's superseded-ORI rule applies and the footprint routes there instead of being filled.",,both_reject_DIFFERENT_repair,published_zero+token_reporter,residue_ruling,b2-OK0120500-fort-towson;c-OK0120500-fort-towson,retained_pre_final,
x-MN0110700-pillager,MN,MN0110700,cleanup_merged_packet,unclear_escalate,retain_current_flag_review,,opus,medium,8.5,1,1,"Escalating rather than guessing -- this is the one case in the batch where the record genuinely does not separate the hypotheses, and the per-capita stakes are the highest in the batch (either direction moves a 524-person place by roughly 800-2,000 per 100k). WHAT WOULD SETTLE IT, in order of decisiveness: (1) whether Pillager PD was operationally active in 2023-2024 -- the MN BCA 'Minnesota Uniform Crime Report' agency table, or any MN BCA/POST roster carrying sworn-officer counts for MN0110700; (2) the Cass County Sheriff's ORI (MN0110000) totals for 2022 -> 2024 -- a compensating step up in the sheriff's counts would establish a contract/dissolution and make this structural_zero_treat_as_missing with NO own-history fill; (3) the 2023 agency-year, which carries the identical signature and should be ruled in the same motion rather than separately. SECONDARY DEFECT worth logging regardless of verdict: the panel line for this ORI carries plc<NA> while the crosswalk assigns place 2750902 (Pillager city) at w=1 exclusive -- the place field is null in the panel rendering but populated in the crosswalk.",cleanup_ruling,merged_contradiction,published_zero+token_reporter,retained_pre_residue,,supervisor_above_mass_disposition,Supervisor disposition: retain the current published value and carry flag_review. The reviewer's unclear_escalate verdict remains visible; only the disposition is supervised.
b2-MO0660200-iberia,MO,MO0660200,cleanup_merged_packet,genuine_zero_year,retain_zero,,sol,medium,8.0,0,0,Carry 0 as an observed 12-month value.,cleanup_ruling,structural_plausibility_residue,published_zero,retained_pre_residue,,retained_pre_final,
x-IL0580100-blue-mound,IL,IL0580100,cleanup_merged_packet,misread_missing,treat_missing_repair,,opus,high,8.0,0,0,"2024 must go MISSING and fillable across all seven offenses, not carried as an observed zero. Own-history fill is unavailable — last real report is 2020, outside the 2-year window — so place 1706756 (Blue Mound village) has to fall to a peer/band fill. 2021-2023 are already zero-month SRS shells (same non-report) and should not be treated as evidence of a low level.",cleanup_ruling,merged_contradiction,published_zero+token_reporter,retained_pre_residue,,retained_pre_final,
x-MN0640400-morgan,MN,MN0640400,cleanup_merged_packet,genuine_zero_year,retain_zero,,sol,medium,8.0,0,0,carry 0 as observed,cleanup_ruling,merged_same_ori_pair,published_zero+token_reporter,retained_pre_residue,,retained_pre_final,
x-IL0110500-assumption,IL,IL0110500,cleanup_merged_packet,misread_missing,treat_missing_repair,,opus,medium,7.5,0,0,"2024 goes MISSING and fillable for place 1702609 (Assumption city). Fill-source caution: an own-history fill anchored on the post-2021 NIBRS-era values (0/3/0/0) re-imports the same artifact even though 2022 is technically inside the 2-year window; the defensible anchors are the pre-transition full years (2018=11, 2019=21) or a peer/band fill. 2023 is the same artifact and should not stand as an observed zero either.",cleanup_ruling,merged_contradiction,published_zero+token_reporter,retained_pre_residue,,retained_pre_final,
x-IL0920900-ridge-farm,IL,IL0920900,cleanup_merged_packet,misread_missing,treat_missing_repair,,opus,medium,7.5,0,0,"2024 goes MISSING and fillable for place 1763862 (Ridge Farm village). Own-history fill is legitimate here — 2023 is a real 12-month NIBRS report of 8 offenses, inside the 2-year window — so the polygon should carry an own-history estimate rather than the published zero. No partial-month treatment: the 2024 SRS 1-month zero cannot be uplifted to anything but zero.",cleanup_ruling,merged_contradiction,published_zero+token_reporter,retained_pre_residue,,retained_pre_final,
x-AL0380900-taylor,AL,AL0380900,cleanup_merged_packet,misread_missing,treat_missing_repair,,opus,medium,7.0,0,0,"Do not carry 0 as observed. The 2024 agency-year goes MISSING and fillable. Own-history fill is available and in-window (2023 NIB 2 on 11 months is a real report within 2 years): carry ~2 Part-I offences, composition larceny-dominant (2018 baseline 5 larceny + 2 MVT; 2023 added 1 agg assault). That repair moves Taylor town from 0 to ~86 per 100k, still only 12% of the 702.6 per 100k peer median for the (1000,2500] band, so the fill is conservative rather than inflationary. Footprint unchanged: place 0175096 ""Taylor town"", w=1 exclusive.",cleanup_ruling,merged_same_ori_pair,published_zero+token_reporter,retained_pre_residue,,retained_pre_final,
x-GA1050200-eton,GA,GA1050200,cleanup_merged_packet,misread_missing,treat_missing_repair,,opus,medium,7.0,0,0,"2024 goes MISSING and fillable for place 1327932 (Eton city). 2023 (4 offenses, real 12-month NIBRS) is inside the 2-year window, so own-history fill applies; no months of 2024 are believable as measured coverage, so this is not a partial-year case.",cleanup_ruling,merged_contradiction,published_zero+token_reporter,retained_pre_residue,,retained_pre_final,
b2-MN0540100-ada,MN,MN0540100,full_year_nibrs_backed,misread_missing,treat_missing_repair,,opus,medium,6.5,0,0,"Drop the 2024 CIUS/NIB zero; mark MN0540100 2024 missing and fillable. Own-history fill is licensed (real report in 2023, within 2 years): best-any-lane 2020-2023 = 8/5/2/11, median ~6.5, so a fill of 6-7 Part-I with a normal small-town mix. Do NOT carry 0 forward.",retained_pre_cleanup,,,dedupe_kept,c-MN0540100-ada(token_reporter/sol/medium):token_reporting_flag->treat_missing_repair,retained_pre_final,
b2-SC0231900-bob-jones-university,SC,SC0231900,cleanup_merged_packet,unclear_escalate,retain_current_flag_review,,sol,medium,6.5,0,1,The panel cannot distinguish a genuine zero from automatic zero-reporting. The 2024 Clery crime log/annual security report identifying incidents and campus policing responsibility would settle it.,cleanup_ruling,structural_plausibility_residue,published_zero,retained_pre_residue,,supervisor_above_mass_disposition,Supervisor disposition: retain the current published value and carry flag_review. The reviewer's unclear_escalate verdict remains visible; only the disposition is supervised.
b2-TX1100400-south-plains-college,TX,TX1100400,cleanup_merged_packet,misread_missing,treat_missing_repair,,sol,high,6.0,0,0,"ORI TX1100400 (SOUTH PLAINS COLLEGE, TX). Panel should carry: MISSING and fillable from eligible recent real history, including 2022.",cleanup_ruling,explicit_escalate,published_zero,retained_pre_residue,,retained_pre_final,
r-PA0100800-mars,PA,PA0100800,residue_merged_packet,misread_missing,treat_missing_repair,,opus,high,6.0,0,0,"2024 goes MISSING and fillable; 2021 (0 filed months) should be flagged MISSING on the same basis. ZERO believable months in 2024 — nothing was submitted in any lane. Fill anchored on the best-covered years available: 2019 (3 on 11 filed months → ~3.3/yr) and the 2018 CIUS publication (6) → own level ~3-6/yr, larceny-dominant (baseline larceny 5, robbery 1). Do NOT use the raw 2022 (3 on 2 months) or 2023 (1 on 2 months) totals as a base rate, and do NOT use their annualisations (x6 → 18 and 6) as fill values — a 2-month window multiplied by six is noise, not a level. Peer-band cross-check is higher (702.6/100k x 1,413 → ~9.9/yr); own history is thin but preferable. Magnitude is the weak part of this ruling: MARS has NO demonstrably full-coverage year anywhere in 2018-2023 (SRS filed months run 5, 11, 6, 0, 2, 2), so the fill rests on a coverage-weighted read rather than a clean anchor.",,both_reject_DIFFERENT_repair,published_zero+token_reporter,residue_ruling,b2-PA0100800-mars;c-PA0100800-mars,retained_pre_final,
x-IL1011000-durand,IL,IL1011000,cleanup_merged_packet,misread_missing,treat_missing_repair,,opus,medium,6.0,0,0,"2024 goes MISSING and fillable for place 1721280 (Durand village). Own-history fill applies — 2023 is a real 12-month NIBRS year of 6 offenses, inside the window. The 2024 SRS 1-month zero offers nothing to annualise.",cleanup_ruling,merged_contradiction,published_zero+token_reporter,retained_pre_residue,,retained_pre_final,
x-MI7859600-morrice,MI,MI7859600,cleanup_merged_packet,genuine_zero_year,retain_zero,,opus,low,6.0,0,0,"Carry the published 0 as observed for 2024 at place 2655560 (Morrice village) — this is the one ORI in the batch where the zero should stand. Confidence is low because the base rate is contested: on the 2023 measured level (2 offenses) a zero year is a ~1-in-7 outcome, but on the six-year mean (5.3) it is ~1-in-200, and the record cannot say which is the right rate. Flag for revisit if 2025 also comes in at zero — a second consecutive zero would move this into the structural bucket.",cleanup_ruling,merged_contradiction,published_zero+token_reporter,retained_pre_residue,,retained_pre_final,
x-VA0960400-pound,VA,VA0960400,cleanup_merged_packet,misread_missing,treat_missing_repair,,opus,medium,6.0,0,0,"2024 goes MISSING and fillable for place 5164272 (Pound town). An own-history fill is technically available (2023: 1 offense on 4 NIBRS months, annualising to ~3, inside the window), but the history is thin enough that a peer/band fill is equally defensible. Do not carry any believable month count for 2024 — the 12-month label is not measured coverage.",cleanup_ruling,merged_contradiction,published_zero+token_reporter,retained_pre_residue,,retained_pre_final,
x-MN0400600-cleveland,MN,MN0400600,cleanup_merged_packet,misread_missing,treat_missing_repair,,opus,medium,5.5,0,0,"2024 goes MISSING and fillable for place 2711872 (Cleveland city), and 2023 is the same artifact. The fill must not be anchored on 2022 (itself already larceny-stripped, so it would re-import the defect); the last intact full year is 2021 (9 offenses, 12-month NIBRS), otherwise use a peer/band fill.",cleanup_ruling,merged_contradiction,published_zero+token_reporter,retained_pre_residue,,retained_pre_final,
x-TX0980200-spearman,TX,TX0980200,cleanup_merged_packet,misread_missing,treat_missing_repair,,opus,high,5.5,0,0,"2024 goes MISSING and fillable for place 4869476 (Spearman city); 2022 and 2023 are the same artifact and should not stand as observed zeros either. Own-history fill is blocked (last real report 2021, outside the 2-year window), so this falls to a peer/band fill at pop ~3,000.",cleanup_ruling,merged_contradiction,published_zero+token_reporter,retained_pre_residue,,retained_pre_final,
b2-MO0440500-oregon,MO,MO0440500,cleanup_merged_packet,genuine_zero_year,retain_zero,,sol,high,5.0,0,0,Carry 0 as an observed 12-month value.,cleanup_ruling,structural_plausibility_residue,published_zero,retained_pre_residue,,retained_pre_final,
x-IL0090100-ashland,IL,IL0090100,cleanup_merged_packet,misread_missing,treat_missing_repair,,opus,high,5.0,0,0,"2024 goes MISSING and fillable for place 1702505 (Ashland village). Own-history fill is blocked (last real report 2020, outside the 2-year window), so it must fall to a peer/band fill; 2021-2023 are zero-month SRS shells and are already non-reports, not a low level.",cleanup_ruling,merged_contradiction,published_zero+token_reporter,retained_pre_residue,,retained_pre_final,
x-IL0900400-hopedale,IL,IL0900400,cleanup_merged_packet,misread_missing,treat_missing_repair,,sol,high,5.0,0,0,missing and fillable,cleanup_ruling,merged_contradiction,published_zero+token_reporter,retained_pre_residue,,retained_pre_final,
x-KY0290100-burkesville,KY,KY0290100,cleanup_merged_packet,misread_missing,treat_missing_repair,,sol,high,5.0,0,0,missing and fillable,cleanup_ruling,merged_contradiction,published_zero+token_reporter,retained_pre_residue,,retained_pre_final,
x-LA0190100-clinton,LA,LA0190100,cleanup_merged_packet,token_reporting_flag,partial_year_uplift,2,sol,high,5.0,0,0,2 believable months,cleanup_ruling,merged_contradiction,published_zero+token_reporter,retained_pre_residue,,retained_pre_final,
b2-IL0451900-waubonsee-comm-college,IL,IL0451900,cleanup_merged_packet,unclear_escalate,retain_current_flag_review,,sol,medium,4.5,0,1,The panel cannot distinguish genuine zero crime from discontinued or transferred campus policing. The college's 2024 Clery crime log/annual security report identifying incidents and the responsible police agency would settle it.,cleanup_ruling,structural_plausibility_residue,published_zero,retained_pre_residue,,supervisor_above_mass_disposition,Supervisor disposition: retain the current published value and carry flag_review. The reviewer's unclear_escalate verdict remains visible; only the disposition is supervised.
r-KY0470400-west-point,KY,KY0470400,residue_merged_packet,misread_missing,treat_missing_repair,,opus,high,4.5,0,0,"2024 goes MISSING and fillable; do not carry observed 0x7. Fill at approximately 10 Part-I offences, anchored on the last demonstrably full-coverage span 2018-2021 (NIB 12-month years totalling 10, 7, 14, 9; mean 10.0, median 9.5), distributed on the baseline composition vector (larceny ~5.8, MVT ~2.5, burglary ~1.0, agg assault ~0.5, robbery ~0.2, murder 0, rape 0). Explicitly reject both laundered candidates: the CIUS-lane median of 4.5 -- which is this case's mass_hint, i.e. the fill machinery's current default -- and the 2021-2023 median of 2. Both average in the degraded 2022-2023 tail. The 2022 'collapse to 2' is an exposure artefact, not a decline: 2 offences on 2 Return-A filed months annualizes to ~12/yr, right at the 2018-2021 level, which removes the declining-trend story entirely. Adjacent item the repair should not leave behind: 2023 is the identical construction (0 total on 0 SRS filed months behind the same constant NIB 12 header) and should be re-opened on the same grounds, otherwise a 2024 fill gets validated against a 2023 zero that is itself unmeasured.",,qc_flagged_for_reread,published_zero+token_reporter,residue_ruling,x-KY0470400-west-point,retained_pre_final,
r-NY0502900-wayland-village,NY,NY0502900,residue_merged_packet,misread_missing,treat_missing_repair,,opus,medium,4.5,1,1,"MISSING + fill ≈3.5-4.5. Anchors: the DCJS series for this agency (2022:4, 2023:5 → median 4.5) and the exposure-weighted FBI rate (6 offences / 21 filed months = 0.29/month → 3.4/yr); the best-covered FBI year (2018, 11 filed months) is 2. Do not use the peer band — 702.6/100k × 1,769 = 12.4/yr is ~3x anything this village has ever recorded and would fabricate more than the zero deletes. Imputed tier, and the 2019 (0 on 4 months), 2021 and 2023 (0 filed months) zeros should not enter the base either. What would settle it outright, and is the record I would want for all three NY villages here: DCJS's per-agency months-reported / incomplete-reporter footnote for 2024 — the state lane's missing period field is the whole ambiguity.",,both_reject_DIFFERENT_repair,published_zero+token_reporter,residue_ruling,b2-NY0502900-wayland-village;c-NY0502900-wayland-village,retained_pre_final,
b2-IL0167E00-oakton-community-college,IL,IL0167E00,cleanup_merged_packet,genuine_zero_year,retain_zero,,sol,medium,4.0,0,0,Carry 0 as an observed 12-month value.,cleanup_ruling,structural_plausibility_residue,published_zero,retained_pre_residue,,retained_pre_final,
b2-IL0603800-grantfork,IL,IL0603800,cleanup_merged_packet,genuine_zero_year,retain_zero,,sol,high,4.0,0,0,Carry 0 as an observed 12-month value.,cleanup_ruling,structural_plausibility_residue,published_zero,retained_pre_residue,,retained_pre_final,
b2-NC0101000-caswell-beach,NC,NC0101000,cleanup_merged_packet,genuine_zero_year,retain_zero,,sol,medium,4.0,0,0,Carry 0 as an observed 12-month value.,cleanup_ruling,structural_plausibility_residue,published_zero,retained_pre_residue,,retained_pre_final,
r-NY0192200-coxsackie-village,NY,NY0192200,residue_merged_packet,misread_missing,treat_missing_repair,,opus,medium,4.0,1,1,"MISSING + fill ≈4 (range 1-5). Anchors: the only 12-filed-month year on record (2019) is 1; the SPUB series 2021-23 is 4/6/1 (median 4); exposure-weighted FBI rate is 13 offences / 30 filed months = 0.43/month → 5.2/yr. Take ~4 at an imputed tier. Do NOT peer-fill: 929.7/100k × 2,821 = ~26/yr is roughly 6x the most this agency has ever recorded, so a band fill would fabricate far more than the zero deletes. Exclude the 2021 zero-month SRS zero and the 2024 zero from the base. Settled by the same missing record as the other NY villages: DCJS's months-reported field for 2024.",,both_reject_DIFFERENT_repair,published_zero+token_reporter,residue_ruling,b2-NY0192200-coxsackie-village;c-NY0192200-coxsackie-village,retained_pre_final,
x-IL0870600-cowden,IL,IL0870600,cleanup_merged_packet,misread_missing,treat_missing_repair,,opus,medium,4.0,0,0,"Missing and fillable; do not carry 0 as observed. Own-history fill is BLOCKED (last real positive report 2021, outside the 2-year recency window), so the repair must come from the peer path for local_police in band (0,1000]: ~2-3 offences at pop 497 (503.4 per 100k implies 2.5), floored at the agency's own demonstrated 1-5/yr rather than taken from a larger-agency rate. 2022 (NIB 0 on 7mo) and 2023 (CIUS/NIB 0 at 12mo) carry the same all-zero signature and belong in the same treatment. Footprint unchanged: place 1717055 ""Cowden village"", w=1 exclusive.",cleanup_ruling,merged_same_ori_pair,published_zero+token_reporter,retained_pre_residue,,retained_pre_final,
x-KS0050400-claflin,KS,KS0050400,cleanup_merged_packet,genuine_zero_year,retain_zero,,sol,medium,4.0,0,0,carry as observed,cleanup_ruling,merged_contradiction,published_zero+token_reporter,retained_pre_residue,,retained_pre_final,
x-KS0160300-lebo,KS,KS0160300,cleanup_merged_packet,genuine_zero_year,retain_zero,1,opus,medium,4.0,0,0,"Carry 0 as observed for 2024; no fill, no uplift. Correct one thing in the panel's run count: 2023 (NIB 0 on 1 reported month) is a non-report, not a zero year, so the terminal substantive zero run here is 1 year, not 2. Footprint unchanged: place 2039125 ""Lebo city"", w=1 exclusive.",cleanup_ruling,merged_same_ori_pair,published_zero+token_reporter,retained_pre_residue,,retained_pre_final,
x-NJ0191600-ogdensburg,NJ,NJ0191600,cleanup_merged_packet,token_reporting_flag,partial_year_uplift,1,sol,high,4.0,0,0,1 believable month,cleanup_ruling,merged_contradiction,published_zero+token_reporter,retained_pre_residue,,retained_pre_final,
b2-IL0169F00-morton-college,IL,IL0169F00,cleanup_merged_packet,genuine_zero_year,retain_zero,,sol,medium,3.5,0,0,Carry 0 as an observed 12-month value.,cleanup_ruling,structural_plausibility_residue,published_zero,retained_pre_residue,,retained_pre_final,
x-OK0230700-shattuck,OK,OK0230700,cleanup_merged_packet,misread_missing,treat_missing_repair,,sol,high,3.5,0,0,missing and fillable,cleanup_ruling,merged_contradiction,published_zero+token_reporter,retained_pre_residue,,retained_pre_final,
x-TX0910100-collinsville,TX,TX0910100,cleanup_merged_packet,misread_missing,treat_missing_repair,,opus,medium,3.5,0,0,"Missing and fillable; do not carry 0 as observed. Own-history fill is available and in-window (2023 is a real 12-month report): carry ~3-4 Part-I offences (full-coverage years 2019-2023 = 3, 3, 5, 4, 3; 2021-2023 median 4), with baseline composition rape 0.6 / agg assault 1 / burglary 1.8 / larceny 2.2 / MVT 0.6. The repair leaves the town at ~170 per 100k against a 702.6 peer median, so it does not overshoot. Footprint unchanged: place 4816036 ""Collinsville town"", w=1 exclusive.",cleanup_ruling,merged_same_ori_pair,published_zero+token_reporter,retained_pre_residue,,retained_pre_final,
b2-AL0540500-pickensville,AL,AL0540500,cleanup_merged_packet,genuine_zero_year,retain_zero,,sol,high,3.0,0,0,Carry 0 as an observed 12-month value.,cleanup_ruling,structural_plausibility_residue,published_zero,retained_pre_residue,,retained_pre_final,
b2-IL0570800-colfax,IL,IL0570800,cleanup_merged_packet,genuine_zero_year,retain_zero,,sol,high,3.0,0,0,Carry 0 as an observed 12-month value.,cleanup_ruling,structural_plausibility_residue,published_zero,retained_pre_residue,,retained_pre_final,
b2-MA0082000-worthington,MA,MA0082000,cleanup_merged_packet,genuine_zero_year,retain_zero,,opus,medium,3.0,0,0,"Carry 0 as observed for all seven offences, 12 months, no fill. Reclassify the c1 screen hit as a false positive at this scale.",cleanup_ruling,structural_plausibility_residue,published_zero,retained_pre_residue,,retained_pre_final,
b2-MN0150200-clearbrook,MN,MN0150200,cleanup_merged_packet,genuine_zero_year,retain_zero,,opus,medium,3.0,0,0,"Carry 0 as observed for all seven offences, 12 months, no fill.",cleanup_ruling,structural_plausibility_residue,published_zero,retained_pre_residue,,retained_pre_final,
b2-MN0650600-buffalo-lake,MN,MN0650600,cleanup_merged_packet,genuine_zero_year,retain_zero,,opus,medium,3.0,0,0,"Carry 0 as observed for all seven offences, 12 months, no fill.",cleanup_ruling,structural_plausibility_residue,published_zero,retained_pre_residue,,retained_pre_final,
b2-OK0080900-cement,OK,OK0080900,cleanup_merged_packet,genuine_zero_year,retain_zero,,opus,high,3.0,0,0,"Carry 0 as observed for all seven offences, 12 months, no fill.",cleanup_ruling,structural_plausibility_residue,published_zero,retained_pre_residue,,retained_pre_final,
b2-OK0221100-seiling,OK,OK0221100,cleanup_merged_packet,genuine_zero_year,retain_zero,,opus,high,3.0,0,0,"Carry 0 as observed for all seven offences, 12 months, no fill.",cleanup_ruling,structural_plausibility_residue,published_zero,retained_pre_residue,,retained_pre_final,
b2-TX1390400-paris-junior-college,TX,TX1390400,cleanup_merged_packet,genuine_zero_year,retain_zero,,opus,medium,3.0,0,0,"Carry 0 as observed for all seven offences, 12 months, no fill. Note the footprint is the Texas statewide overlap layer, so any fabricated fill would smear invented crime across the whole state.",cleanup_ruling,structural_plausibility_residue,published_zero,retained_pre_residue,,retained_pre_final,
r-NY0353600-tuxedo-park-village,NY,NY0353600,residue_merged_packet,misread_missing,treat_missing_repair,,opus,medium,3.0,1,1,"MISSING + fill ≈3-5. Anchor on the last demonstrably full-coverage year (2023: 3 offences on 12 filed months, independently corroborated at 3 by SPUB), with 2018 (11 on 12 filed months) as the upper bound and the exposure-weighted rate (16 offences / 29 filed months = 0.55/month → 6.6/yr) in between; carry ~3-5 at an imputed tier. Also mark the 2020 and 2022 zeros as non-reports rather than data (both 0 filed months, no state row; CIUS printed the 2022 one as a 12-month zero) — leaving them in the panel is what will launder every future base rate for this ORI. Caveat stated plainly: absolute plausibility is the weakest of the batch here — a 639-person gated village at ~3/yr has roughly a 5% chance of a genuinely crime-free year — so the fill should stay conservative and flagged imputed, and DCJS's 2024 months-reported footnote would settle the case outright.",,both_reject_DIFFERENT_repair,published_zero+token_reporter,residue_ruling,b2-NY0353600-tuxedo-park-village;c-NY0353600-tuxedo-park-village,retained_pre_final,
x-IL0320300-mazon,IL,IL0320300,cleanup_merged_packet,genuine_zero_year,retain_zero,,sol,medium,3.0,0,0,carry as observed,cleanup_ruling,merged_contradiction,published_zero+token_reporter,retained_pre_residue,,retained_pre_final,
x-KY1130200-sturgis,KY,KY1130200,cleanup_merged_packet,misread_missing,treat_missing_repair,,sol,high,3.0,0,0,missing and fillable,cleanup_ruling,merged_contradiction,published_zero+token_reporter,retained_pre_residue,,retained_pre_final,
b2-KY0860300-fountain-run,KY,KY0860300,cleanup_merged_packet,genuine_zero_year,retain_zero,,opus,high,2.5,0,0,"Carry 0 as observed for all seven offences, 12 months, no fill.",cleanup_ruling,structural_plausibility_residue,published_zero,retained_pre_residue,,retained_pre_final,
b2-MA0080600-goshen,MA,MA0080600,cleanup_merged_packet,genuine_zero_year,retain_zero,,opus,high,2.5,0,0,"Carry 0 as observed for all seven offences, 12 months, no fill.",cleanup_ruling,structural_plausibility_residue,published_zero,retained_pre_residue,,retained_pre_final,
r-PA0580300-lanesboro,PA,PA0580300,residue_merged_packet,misread_missing,treat_missing_repair,,opus,high,2.5,0,0,"2024 goes MISSING and fillable — and 2020, 2021, 2022 and 2023 must be flagged MISSING on the identical basis; the CIUS printed 0 for 2023 sits on the same 0-month submission record as 2024. ZERO believable months in any of the five years. REJECT mass_hint 2.5: the CIUS-lane median {2018:5, 2023:0} averages one real year against a 0-month non-report year — own-history laundering. Fill anchored on the only years with real coverage: 2019 (2 on 11 filed months → ~2.2/yr) and 2018 (CIUS 5, itself on a 7-month submission); the peer band independently agrees (503.4/100k x 492 → ~2.5/yr), so ~2-2.5/yr, composition agg assault ~4, burglary ~1 (thin). CONDITIONAL ON SUCCESSION: fill only if no live ORI covers the Lanesboro borough footprint (cousub 4211541336). PA boroughs of this size are commonly policed by PA State Police after disbanding a local PD, and the packet's own landed rule holds that a dead ORI whose weight-1.0 footprint is covered by a live ORI is superseded and never filled — filling here on top of a PSP troop that already reports the borough would double-count.",,disposition_conflict_FLAG/REJECT,published_zero+token_reporter,residue_ruling,b2-PA0580300-lanesboro;c-PA0580300-lanesboro,retained_pre_final,
r-PA0640300-waymart,PA,PA0640300,residue_merged_packet,misread_missing,treat_missing_repair,,opus,high,2.5,0,0,"2024 must go MISSING, not 0. Zero months were filed in the only submission lane (SRS 0mo, total 0) and there is no NIBRS row, so the CIUS '12 months' is a pipeline default and the printed zero row is the frozen Return-A master file's empty row for an agency that submitted nothing; CIUS is not independent corroboration (99.88% cell agreement with the master file). Uplift is void (0 x 12/0). FILL BASIS: own history cannot carry it. The last filed month is 2019, so the fill is outside the 2-year real-report rule, and 2020-2023 are all 0-filed-month non-reports -- the pipeline's hist_median of 2.5 and the '5 consecutive zero years' are both laundered from a degraded tail. Anchor on the peer band: local_police, FBIpop 1,287, in-band peer median 702.6/100k -> ~9 Part-I offences, larceny-dominant composition. That anchor is corroborated by the last substantially covered year: 2018 = 5 offences on 7 filed months = 8.6/yr = 678/100k, statistically indistinguishable from the 702.6/100k peer median, i.e. Waymart looked like an ordinary in-band peer while it was still filing. Pooling all filed exposure 2018-2023 (6 offences over 17 filed months = 4.2/yr) is the conservative floor, so the defen",,both_reject_DIFFERENT_repair,published_zero+token_reporter,residue_ruling,b2-PA0640300-waymart;c-PA0640300-waymart,retained_pre_final,
x-IL0790900-ruma,IL,IL0790900,cleanup_merged_packet,misread_missing,treat_missing_repair,,opus,medium,2.5,0,0,"Missing and fillable; do not carry 0 as observed. Own-history fill is BLOCKED (last positive 2021, outside the 2-year window), so route place 1766287 to the peer / silent-agency path for band (0,1000]: ~1.5-2 offences at pop 309 (503.4 per 100k implies 1.6), which also sits at the floor of the agency's own demonstrated 2-4/yr rather than at its 3/yr baseline. 2022 and 2023 carry the identical signature and belong in the same treatment. Footprint unchanged: place 1766287 ""Ruma village"", w=1 exclusive.",cleanup_ruling,merged_same_ori_pair,published_zero+token_reporter,retained_pre_residue,,retained_pre_final,
x-ME0151700-milbridge,ME,ME0151700,cleanup_merged_packet,misread_missing,treat_missing_repair,,sol,high,2.5,0,0,missing and fillable,cleanup_ruling,merged_contradiction,published_zero+token_reporter,retained_pre_residue,,retained_pre_final,
x-MN0470200-eden-valley,MN,MN0470200,cleanup_merged_packet,misread_missing,treat_missing_repair,,opus,medium,2.5,0,0,"Missing and fillable; do not carry 0 as observed. Own-history fill is available and in-window (2023 is a real 12-month report): carry ~4 Part-I offences (complete years 2021-2023 = 2, 9, 4; median 4), composition agg assault ~1.7 / larceny ~3.3. Record explicitly that 2018's published zero must NOT be used as evidence this agency produces genuine zero years - the packet itself flags it as blank-as-zero (a CIUS 12-month label sitting on a 2-month Return-A record). Footprint unchanged: place 2718134 ""Eden Valley city"", w=1 exclusive.",cleanup_ruling,merged_same_ori_pair,published_zero+token_reporter,retained_pre_residue,,retained_pre_final,
b2-GA1290200-leslie,GA,GA1290200,cleanup_merged_packet,genuine_zero_year,retain_zero,,opus,medium,2.0,0,0,"Carry 0 as observed for all seven offences, 12 months, no fill — but flag this ORI for re-review on the 2025 panel: a third consecutive zero would make it structural non-reporting.",cleanup_ruling,structural_plausibility_residue,published_zero,retained_pre_residue,,retained_pre_final,
b2-GA1550500-dalton-state-college,GA,GA1550500,cleanup_merged_packet,genuine_zero_year,retain_zero,,opus,high,2.0,0,0,"Carry 0 as observed for all seven offences, 12 months, no fill. Note the footprint is the Georgia statewide overlap layer, so a fabricated fill would smear invented crime across the whole state.",cleanup_ruling,structural_plausibility_residue,published_zero,retained_pre_residue,,retained_pre_final,
b2-IL0570700-danvers,IL,IL0570700,cleanup_merged_packet,misread_missing,treat_missing_repair,,sol,high,2.0,0,0,missing and fillable,cleanup_ruling,structural_plausibility_residue,published_zero,retained_pre_residue,,retained_pre_final,
b2-KY0450400-south-shore,KY,KY0450400,cleanup_merged_packet,genuine_zero_year,retain_zero,,sol,medium,2.0,0,0,carry 0 as observed,cleanup_ruling,structural_plausibility_residue,published_zero,retained_pre_residue,,retained_pre_final,
b2-KY0710400-lewisburg,KY,KY0710400,cleanup_merged_packet,genuine_zero_year,retain_zero,,sol,medium,2.0,0,0,carry 0 as observed,cleanup_ruling,structural_plausibility_residue,published_zero,retained_pre_residue,,retained_pre_final,
b2-KY0930300-pewee-valley,KY,KY0930300,cleanup_merged_packet,misread_missing,treat_missing_repair,,sol,high,2.0,0,0,missing and fillable,cleanup_ruling,structural_plausibility_residue,published_zero,retained_pre_residue,,retained_pre_final,
b2-MA0070400-chester,MA,MA0070400,cleanup_merged_packet,misread_missing,treat_missing_repair,,sol,medium,2.0,0,0,missing and fillable,cleanup_ruling,structural_plausibility_residue,published_zero,retained_pre_residue,,retained_pre_final,
b2-MN0800400-menahga,MN,MN0800400,cleanup_merged_packet,genuine_zero_year,retain_zero,,sol,medium,2.0,0,0,carry 0 as observed,cleanup_ruling,structural_plausibility_residue,published_zero,retained_pre_residue,,retained_pre_final,
b2-MO0241000-oakview-village,MO,MO0241000,cleanup_merged_packet,genuine_zero_year,retain_zero,,sol,high,2.0,0,0,carry 0 as observed,cleanup_ruling,structural_plausibility_residue,published_zero,retained_pre_residue,,retained_pre_final,
b2-NH0084000-new-castle,NH,NH0084000,cleanup_merged_packet,genuine_zero_year,retain_zero,,sol,medium,2.0,0,0,carry 0 as observed,cleanup_ruling,structural_plausibility_residue,published_zero,retained_pre_residue,,retained_pre_final,
r-NY0492000-interlaken-village,NY,NY0492000,residue_merged_packet,misread_missing,treat_missing_repair,1,opus,high,2.0,0,0,"2024 must go MISSING, not 0. One filed month (SRS 1mo, total 0) sits behind three lane rows all labelled 12 months (CIUS, SPUB, both by pipeline assumption). One month cannot measure a year, and the zero cannot be uplifted (0 x 12 = 0), so treating it as a 1-month partial republishes the same zero. SPUB is not corroboration here: it survived _drop_state_publication_non_reports only because the FBI lane shows a positive month count, and that positive count is the single token month. FILL BASIS: 2023 is the one demonstrably full-coverage year (SRS 12 filed months, total 3, all larceny; 479/100k) and it is inside the 2-year real-report rule -> carry ~3, all larceny. Independently, the in-band peer median (503.4/100k x 626 = 3.2) lands on the same number, and pooled filed exposure 2018-2023 (4 offences over 26 filed months = 1.9/yr) is the floor; bracket 2-3, prefer 3. Do NOT use the pipeline's own-history median of 1: it is built from 2018 (0 on 5 filed months, a partial-year zero) and 2022 (1 on 2 filed months, a token year published as complete).",,both_reject_DIFFERENT_repair,published_zero+token_reporter,residue_ruling,b2-NY0492000-interlaken-village;c-NY0492000-interlaken-village,retained_pre_final,
r-PA0211000-shiremanstown,PA,PA0211000,residue_merged_packet,misread_missing,treat_missing_repair,,opus,high,2.0,0,0,"2024 must go MISSING, not 0. One filed month (SRS 1mo, total 0) behind a CIUS 12-month label; uplift of the zero is arithmetically void. This is the batch's clearest case of a false zero deleting real crime: the population floor fires (FBIpop 1,652 > 1,500) and the ORI carries 17 Part-I offences over 21 filed months in 2018-2023. FILL BASIS: anchor on 2019, the only near-full-coverage year (8 offences on 11 filed months -> 8.7/yr, 538/100k). It is corroborated from two directions -- pooled filed exposure 2018-2023 gives 9.7/yr, and the in-band peer median gives 702.6/100k x 1,652 = 11.6. Carry ~10 (bracket 9-12), composition as in 2019: larceny ~5-6 plus roughly one each of aggravated assault, burglary and motor vehicle theft. Do NOT use the pipeline's own-history median of 2: it comes from the 2018 CIUS row, which itself sits on only 3 filed months, while 2021 and 2022 are 0-filed-month non-reports carrying no level information at all.",,both_reject_DIFFERENT_repair,published_zero+token_reporter,residue_ruling,b2-PA0211000-shiremanstown;c-PA0211000-shiremanstown,retained_pre_final,
r-PA0600600-new-berlin,PA,PA0600600,residue_merged_packet,misread_missing,treat_missing_repair,,opus,high,2.0,0,0,"2024 must go MISSING, not 0. Two filed months (SRS 2mo, total 0) behind a CIUS 12-month label. At this agency's own measured level the expected count over two months is about 0.35, so a zero across those two months is uninformative, and uplift cannot rescue it (0 x 6 = 0). FILL BASIS: this is the cleanest own-history fill in the batch -- 2022 and 2023 are both demonstrably full 12-month SRS years at 2 offences each, and 2023 satisfies the 2-year real-report rule. Carry 2, with the 2018/2022/2023 baseline composition (larceny ~1.3, aggravated assault ~0.3, burglary ~0.3). Pooled filed exposure 2018-2023 (7 offences over 40 filed months = 2.1/yr) confirms it. Do NOT override this with the in-band peer median (503.4/100k x 782 = 3.9): two adjacent full-coverage years of the agency's own record beat a band median, and the agency's larceny-dominant mix is the normal small-borough shape, so nothing suggests hidden streams. Do not read 2020-2021 as zero years either -- both are 0-filed-month non-reports.",,both_reject_DIFFERENT_repair,published_zero+token_reporter,residue_ruling,b2-PA0600600-new-berlin;c-PA0600600-new-berlin,retained_pre_final,
x-IL0750400-pleasant-hill,IL,IL0750400,cleanup_merged_packet,misread_missing,treat_missing_repair,,opus,high,2.0,0,0,"2024 must not stand as a measured zero: set the agency-year MISSING and fillable, and treat the 2021-2023 all-zero run the same way. Own-history fill is barred (last real positive is 2019, outside the 2-year window), so the fill has to come from the peer band: local_police, pop band (0,1000], median 503.4/100k on FBIpop 903 = ~4-5 Part-I offences, which is conservative against this agency's own 2018 level of 24. Token/partial is not available: the year has no positive content and uplift of a zero returns zero (2024 SRS is 0 on 0 months).",cleanup_ruling,merged_contradiction,published_zero+token_reporter,retained_pre_residue,,retained_pre_final,
x-KY0920400-centertown,KY,KY0920400,cleanup_merged_packet,misread_missing,treat_missing_repair,,opus,medium,2.0,0,0,"Missing and fillable; the 2024 CIUS/NIB rows must not stand as an observation. Own-history fill is available and in-window (2022 and 2023 are both real 12-month years at 2 offences, SRS and NIB agreeing): carry ~2 Part-I offences, composition burglary 0.7 / larceny 1 / MVT 0.3. Route separately to Stage-2 ORI-status/succession review: if KY0920400 was inactive or dissolved for 2024 then place 2113870 (""Centertown city"", w=1 exclusive to this ORI alone) has no live agency and needs successor coverage (Ohio County SO) rather than either a hard zero or an own-history fill.",cleanup_ruling,merged_same_ori_pair,published_zero+token_reporter,retained_pre_residue,,retained_pre_final,
x-MN0640700-walnut-grove,MN,MN0640700,cleanup_merged_packet,misread_missing,treat_missing_repair,,opus,medium,2.0,0,0,"Set 2024 MISSING and fillable, and 2023 with it (identical defect). Own-history fill is permitted here (2022 is inside the 2-year window) and is defensible: the agency's three full-year records are 3, 3, 4, so ~3 offences, which coincides with the peer-band rate for the polygon (503.4/100k x 732 = 3.7) - no peer fill needed. Token/partial is not available: no positive content in 2024, and uplift of a zero returns zero.",cleanup_ruling,merged_contradiction,published_zero+token_reporter,retained_pre_residue,,retained_pre_final,
x-OK0120300-boswell,OK,OK0120300,cleanup_merged_packet,genuine_zero_year,retain_zero,,opus,medium,2.0,0,0,"Carry 0 as observed for 2024; no fill, no uplift. Flag for the record that the 2019-2020 level (9, 13) is stale and belongs to a 15%-larger recorded population (687 vs 583) - it must not be used as a fill baseline if this year is ever revisited, and it is what makes the own-history arm fire. Footprint unchanged: place 4007750 ""Boswell town"", w=1 exclusive.",cleanup_ruling,merged_same_ori_pair,published_zero+token_reporter,retained_pre_residue,,retained_pre_final,
x-OK0241500-lahoma,OK,OK0241500,cleanup_merged_packet,misread_missing,treat_missing_repair,,opus,high,2.0,0,0,"Set 2024 MISSING and fillable, and 2023 with it. Own-history fill is permitted (2022 is inside the 2-year window) and lands at ~3; the agency's own five-year mean is 5.4 and the peer-band rate is 503.4/100k x 522 = 2.6, so a fill in the 3-5 range is defensible from this packet. Token/partial is vacuous: the 2024 SRS row carries 2 months with no content and the NIBRS header carries 12 months with no content, so there are no believable months to preserve and uplift of a zero returns zero.",cleanup_ruling,merged_contradiction,published_zero+token_reporter,retained_pre_residue,,retained_pre_final,
x-TX1660300-thorndale,TX,TX1660300,cleanup_merged_packet,misread_missing,treat_missing_repair,,opus,high,2.0,0,0,"Set 2024 MISSING and fillable, and 2023 with it. Note the fill source matters: own-history inside the 2-year window reaches only the already-degraded 2022 value (2 offences), which would carry the collapse forward. The agency's real full-year baseline is 18/yr (2018: 28 at 12 months, corroborated in CIUS, NIB and 11-month SRS; 2021: 8 at 12 NIBRS months) and the peer band gives 702.6/100k x 1,399 = ~10, so a fill in the 8-18 range is what this packet supports. Token/partial is not available: no positive content, and uplift of a zero returns zero.",cleanup_ruling,merged_contradiction,published_zero+token_reporter,retained_pre_residue,,retained_pre_final,
b2-KY0451000-bellefonte,KY,KY0451000,cleanup_merged_packet,genuine_zero_year,retain_zero,,sol,high,1.5,0,0,carry 0 as observed,cleanup_ruling,structural_plausibility_residue,published_zero,retained_pre_residue,,retained_pre_final,
b2-MI6461200-new-era,MI,MI6461200,cleanup_merged_packet,genuine_zero_year,retain_zero,,sol,high,1.5,0,0,carry 0 as observed,cleanup_ruling,structural_plausibility_residue,published_zero,retained_pre_residue,,retained_pre_final,
x-MN0230100-chatfield,MN,MN0230100,cleanup_merged_packet,misread_missing,treat_missing_repair,,opus,medium,1.5,0,0,"Set 2024 MISSING and fillable, and 2023 with it. Own-history fill is technically permitted (2022 is inside the 2-year window) but reproduces the defect: this ORI's own 2020-2024 record averages ~2 offences a year, i.e. about 60/100k for a city of 2,991, roughly 6% of its population band's median (929.7/100k). The defensible fill source is the peer band (929.7/100k x 2,991 = ~28), not this ORI's own suppressed history. Token/partial is not available: no positive content, and the 2-month 2024 SRS row multiplies to zero.",cleanup_ruling,merged_contradiction,published_zero+token_reporter,retained_pre_residue,,retained_pre_final,
x-MN0280100-caledonia,MN,MN0280100,cleanup_merged_packet,misread_missing,treat_missing_repair,,opus,high,1.5,0,0,"Set 2024 MISSING and fillable; the whole 2020-2024 run carries the same defect and should go with it. Own-history fill is barred (last positive is 2019, outside the 2-year window) and would be unusable anyway - the 2018 and 2019 '3 offences' are 12-month CIUS labels sitting on 3-month and 10-month/4-month submission records. Peer band is the only defensible source: 929.7/100k x 2,775 = ~26 offences. Token/partial is not available: no positive content, and 2021-2024 SRS are zeros on 0 months.",cleanup_ruling,merged_contradiction,published_zero+token_reporter,retained_pre_residue,,retained_pre_final,
b2-AR0030500-norfork,AR,AR0030500,cleanup_merged_packet,genuine_zero_year,retain_zero,,opus,high,1.0,0,0,"Carry 0 as observed for 2024 (all seven offences), no fill, no partial-year treatment. No change to the municipal:place:0550000 footprint.",cleanup_ruling,structural_plausibility_residue,published_zero,retained_pre_residue,,retained_pre_final,
b2-GA0471100-albany-technical-college,GA,GA0471100,cleanup_merged_packet,genuine_zero_year,retain_zero,,opus,medium,1.0,0,0,"Carry 0 as observed for 2024, no fill. Note that no defensible repair value exists anyway: FBI population served is 0/null for every year, so no peer-rate fill can be formed, and the last positive is 2019 (outside the 2-year own-history fill rule).",cleanup_ruling,structural_plausibility_residue,published_zero,retained_pre_residue,,retained_pre_final,
b2-IL0493300-tower-lakes,IL,IL0493300,cleanup_merged_packet,genuine_zero_year,retain_zero,,opus,medium,1.0,0,0,"Carry 0 as observed for 2024, no fill. Keep the municipal:place:1775874 footprint.",cleanup_ruling,structural_plausibility_residue,published_zero,retained_pre_residue,,retained_pre_final,
b2-IL0501600-tonica,IL,IL0501600,cleanup_merged_packet,unclear_escalate,retain_current_flag_review,,opus,medium,1.0,0,1,"Do not settle from this packet. What would resolve it: (a) the Illinois State Police ILUCR published agency-level 2024 table for Tonica (an independent state-publication lane the panel does not currently carry for IL), or (b) the all-offence-type incident count in Tonica's twelve 2024 NIBRS monthly batches — any non-Part-I incident proves the RMS was live and the Part-I zero is genuine; twelve literally empty batches prove an automated zero-filer. Until then the 2024 published zero should be held out of the observed lane rather than either carried as measured or filled.",cleanup_ruling,structural_plausibility_residue,published_zero,retained_pre_residue,,supervisor_wholesale_ruling,"supervisor wholesale ruling (docs/STATE.md, Stage 1 adjudication CLOSED): explicit escalation at mass <= 1.0 -> retain the current published value and carry flag_review; the state-UCR / Clery lookup that would settle it is not worth blocking the release at this mass. The reviewer's unclear_escalate verdict stands; only the disposition is supervised."
b2-IL0842800-lincoln-land-comm,IL,IL0842800,cleanup_merged_packet,genuine_zero_year,retain_zero,,opus,medium,1.0,0,0,"Carry 0 as observed for 2024, no fill. Footprint (Illinois statewide overlap layer, weight 1) unchanged.",cleanup_ruling,structural_plausibility_residue,published_zero,retained_pre_residue,,retained_pre_final,
b2-KY0562300-meadow-vale,KY,KY0562300,cleanup_merged_packet,genuine_zero_year,retain_zero,,opus,medium,1.0,0,0,"Carry 0 as observed for 2024, no fill. Keep the municipal:place:2151258 footprint.",cleanup_ruling,structural_plausibility_residue,published_zero,retained_pre_residue,,retained_pre_final,
b2-KY0563600-strathmoor-village,KY,KY0563600,cleanup_merged_packet,genuine_zero_year,retain_zero,,opus,high,1.0,0,0,"Carry 0 as observed for 2024, no fill. Keep the municipal:place:2174082 footprint.",cleanup_ruling,structural_plausibility_residue,published_zero,retained_pre_residue,,retained_pre_final,
b2-KY0600200-pippa-passes,KY,KY0600200,cleanup_merged_packet,genuine_zero_year,retain_zero,,opus,high,1.0,0,0,"Carry 0 as observed for 2024, no fill. Keep the municipal:place:2161374 footprint.",cleanup_ruling,structural_plausibility_residue,published_zero,retained_pre_residue,,retained_pre_final,
b2-KY1100400-trenton,KY,KY1100400,cleanup_merged_packet,genuine_zero_year,retain_zero,,opus,high,1.0,0,0,"Carry 0 as observed for 2024, no fill. Keep the municipal:place:2177592 footprint.",cleanup_ruling,structural_plausibility_residue,published_zero,retained_pre_residue,,retained_pre_final,
b2-MN0340200-atwater,MN,MN0340200,cleanup_merged_packet,unclear_escalate,retain_current_flag_review,,opus,medium,1.0,0,1,"Do not settle from this packet. What would resolve it: (a) the Minnesota BCA published agency-level 2024 Uniform Crime Report table for Atwater PD — an independent state-publication lane the panel does not currently carry for MN, and the only genuinely non-FBI measurement available for this ORI; or (b) the all-offence-type incident count in Atwater's twelve 2024 NIBRS monthly batches (any non-Part-I incident settles it as a genuine Part-I zero; twelve empty batches settle it as RMS zero-filing after policing consolidation). Hold the 2024 zero out of the observed lane pending one of those; do not fill from peers in the meantime, since the defendable range spans 0 to ~4.",cleanup_ruling,structural_plausibility_residue,published_zero,retained_pre_residue,,supervisor_wholesale_ruling,"supervisor wholesale ruling (docs/STATE.md, Stage 1 adjudication CLOSED): explicit escalation at mass <= 1.0 -> retain the current published value and carry flag_review; the state-UCR / Clery lookup that would settle it is not worth blocking the release at this mass. The reviewer's unclear_escalate verdict stands; only the disposition is supervised."
b2-MO0540300-corder,MO,MO0540300,cleanup_merged_packet,genuine_zero_year,retain_zero,,sol,medium,1.0,0,0,Carry the reported 2024 zero as an observed 12-month year.,cleanup_ruling,structural_plausibility_residue,published_zero,retained_pre_residue,,retained_pre_final,
b2-MO0870100-center,MO,MO0870100,cleanup_merged_packet,misread_missing,treat_missing_repair,,sol,medium,1.0,0,0,Carry 2024 as missing and fillable; no submitted-month count can be defended as genuine coverage.,cleanup_ruling,structural_plausibility_residue,published_zero,retained_pre_residue,,retained_pre_final,
b2-OK0200300-arapaho,OK,OK0200300,cleanup_merged_packet,genuine_zero_year,retain_zero,,sol,medium,1.0,0,0,Carry the reported 2024 zero as an observed 12-month year.,cleanup_ruling,structural_plausibility_residue,published_zero,retained_pre_residue,,retained_pre_final,
b2-OK0320400-calvin,OK,OK0320400,cleanup_merged_packet,genuine_zero_year,retain_zero,,sol,medium,1.0,0,0,Carry the reported 2024 zero as an observed 12-month year.,cleanup_ruling,structural_plausibility_residue,published_zero,retained_pre_residue,,retained_pre_final,
b2-OK0411400-sparks,OK,OK0411400,cleanup_merged_packet,genuine_zero_year,retain_zero,,sol,high,1.0,0,0,Carry the reported 2024 zero as an observed 12-month year.,cleanup_ruling,structural_plausibility_residue,published_zero,retained_pre_residue,,retained_pre_final,
b2-OK0570600-avant,OK,OK0570600,cleanup_merged_packet,genuine_zero_year,retain_zero,,sol,medium,1.0,0,0,Carry the reported 2024 zero as an observed 12-month year.,cleanup_ruling,structural_plausibility_residue,published_zero,retained_pre_residue,,retained_pre_final,
b2-OK0641700-rattan,OK,OK0641700,cleanup_merged_packet,genuine_zero_year,retain_zero,,sol,medium,1.0,0,0,Carry the reported 2024 zero as an observed 12-month year.,cleanup_ruling,structural_plausibility_residue,published_zero,retained_pre_residue,,retained_pre_final,
b2-SC0019E00-erskine-college,SC,SC0019E00,cleanup_merged_packet,unclear_escalate,retain_current_flag_review,,sol,medium,1.0,0,1,The settling record is Erskine College's 2024 campus-police incident/UCR extract or documentation that policing responsibility transferred to another agency; retain for supervisor review meanwhile.,cleanup_ruling,structural_plausibility_residue,published_zero,retained_pre_residue,,supervisor_wholesale_ruling,"supervisor wholesale ruling (docs/STATE.md, Stage 1 adjudication CLOSED): explicit escalation at mass <= 1.0 -> retain the current published value and carry flag_review; the state-UCR / Clery lookup that would settle it is not worth blocking the release at this mass. The reviewer's unclear_escalate verdict stands; only the disposition is supervised."
b2-SC0450500-lane,SC,SC0450500,cleanup_merged_packet,genuine_zero_year,retain_zero,,sol,medium,1.0,0,0,Carry the reported 2024 zero as an observed 12-month year.,cleanup_ruling,structural_plausibility_residue,published_zero,retained_pre_residue,,retained_pre_final,
b2-TX0290100-point-comfort,TX,TX0290100,cleanup_merged_packet,genuine_zero_year,retain_zero,,sol,medium,1.0,0,0,Carry the reported 2024 zero as an observed 12-month year.,cleanup_ruling,structural_plausibility_residue,published_zero,retained_pre_residue,,retained_pre_final,
b2-TX0912300-tom-bean,TX,TX0912300,cleanup_merged_packet,genuine_zero_year,retain_zero,12,opus,medium,1.0,0,0,"Carry the published 0 as observed across all seven offences. Believable months = 12 (NIBRS batch header); no uplift, no fill, no partial-year flag. No repair value is proposed or needed.",cleanup_ruling,structural_plausibility_residue,published_zero,retained_pre_residue,,retained_pre_final,
b2-TX1800100-vega,TX,TX1800100,cleanup_merged_packet,genuine_zero_year,retain_zero,12,opus,medium,1.0,0,0,"Carry the published 0 as observed across all seven offences. Believable months = 12 (NIBRS batch header); no uplift, no fill. Confidence is medium rather than high only because 2024 is this ORI's first 12-month zero year, so it has no zero-then-recover precedent of its own.",cleanup_ruling,structural_plausibility_residue,published_zero,retained_pre_residue,,retained_pre_final,
r-NY0223300-sackets-harbor-village,NY,NY0223300,residue_merged_packet,misread_missing,treat_missing_repair,,opus,medium,1.0,0,0,"2024 must go MISSING rather than stand as an observed measured zero -- but the repair is numerically almost a no-op, and the load-bearing half of this ruling is what the fill must NOT be. Record: one filed month (SRS 1mo, total 0) behind CIUS 0/12mo and SPUB 0/12mo, both 12-month labels being pipeline defaults. FILL BASIS: this ORI's demonstrably full-coverage years are 2019 (SRS 12 filed months, total 0 -- a real measured zero year) and 2023 (SRS 12 filed months, total 1 larceny; 70/100k); pooled filed exposure 2018-2023 is 2 offences over 33 filed months = 0.7/yr. Carry ~1 (bracket 0-1), all larceny. CRITICAL: the peer-rate floor must not drive this fill. 702.6/100k x 1,432 = ~10 offences would fabricate roughly ten times a level this agency has measured under full coverage twice, and its larceny-only composition is exactly the normal shape for a village of 1,432, so there is no compositional sign of suppressed streams. Also disregard the 2021 SPUB figure of 2 as evidence of level: it sits on a 0-month SRS submission and diverges from the FBI lane by more than 20%, so it is a publication difference, not a second measurement.",,both_reject_DIFFERENT_repair,published_zero+token_reporter,residue_ruling,b2-NY0223300-sackets-harbor-village;c-NY0223300-sackets-harbor-village,retained_pre_final,
r-PA0545000-reilly-township,PA,PA0545000,residue_merged_packet,misread_missing,treat_missing_repair,,opus,high,1.0,0,0,"2024 must go MISSING, not 0. Zero filed months in the only submission lane and no NIBRS row, so the printed CIUS zero row is the master file's empty row and the 12-month label is a default. The FLAG/REJECT disposition conflict resolves to REJECT because a FLAG/uplift disposition on a 0-month zero is arithmetically void (0 x 12/0). FILL BASIS: own history is time-barred. The last full-coverage year is 2018 (SRS 12 filed months, total 1 larceny; 145/100k), 2019 filed a single month, and 2020-2023 are all 0-filed-month non-reports, so there is no real report within 2 years and the six 'consecutive zero years' are non-reports rather than measured zeros. Under the recency rule the fill must come from the peer band: 503.4/100k x 640 = ~3 Part-I offences, larceny-dominant. The agency's single measured full year (1) is the conservative floor, so the bracket is 1-3. COVERAGE CAVEAT that should be settled before the fill is trusted: six years of non-filing by a 640-person Schuylkill County township department is the signature of a disbanded department, in which case Reilly township is policed by the PA State Police and its exposure belongs on the PSP footprint; filling this ORI while also cr",,disposition_conflict_FLAG/REJECT,published_zero+token_reporter,residue_ruling,b2-PA0545000-reilly-township;c-PA0545000-reilly-township,retained_pre_final,
r-PA0580400-montrose,PA,PA0580400,residue_merged_packet,misread_missing,treat_missing_repair,,opus,high,1.0,0,0,"2024 must go MISSING, not 0. Zero filed months and no NIBRS row behind the CIUS 0/12mo row; the FLAG/REJECT conflict resolves to REJECT because uplift on a 0-month zero cannot return anything but 0. FILL BASIS: own history is both usable and recent here -- 2020, 2022 and 2023 are all demonstrably full 12-month SRS years (2, 1, 1; baseline average 1.3), 2023 satisfies the 2-year real-report rule, and pooled filed exposure 2018-2023 is 4 offences over 42 filed months = 1.1/yr. Carry ~1-2. Explicitly do NOT take the in-band peer median (702.6/100k x 1,274 = ~9), which would fabricate roughly seven times a level this ORI has measured under full coverage three separate times. COMPOSITION CAVEAT to ride with the fill: the baseline shape is aggravated assault 1.0 against larceny 0.3, which inverts the normal small-borough Part-I mix (larceny usually dominates), so Montrose's own 'full' years may themselves under-capture larceny. That argues for taking the top of the own-history range (2) and raising a review flag on this ORI's larceny stream -- not for reaching for the peer rate. Do not read 2018 (0 on 5 filed months) or 2019 (0 on 1 filed month) as zero years.",,disposition_conflict_FLAG/REJECT,published_zero+token_reporter,residue_ruling,b2-PA0580400-montrose;c-PA0580400-montrose,retained_pre_final,
r-PA0654200-west-leechburg,PA,PA0654200,residue_merged_packet,misread_missing,treat_missing_repair,,opus,high,1.0,0,0,"2024 must go MISSING, not 0. Two independent facts kill the published figure: the ORI filed zero months in 2024 (no SRS months, no NIBRS row), and it is ABSENT from the FBI's own CDE 2024 agency roster, yet the CIUS table still carries a full row of printed zeros for it. That is a dead ORI's stale row, not a measured year. HANDLING: resolve this as an ORI-succession/coverage question before any fill. The footprint is West Leechburg borough cousub 4212983328 at weight 1 exclusive, so if the borough is now policed by a live agency (PA State Police non-municipal coverage, or a regional/neighbouring department), this ORI should be superseded and never filled and the exposure credited to the live agency; the 2026-07-29 supersession rule did not fire only because no live ORI is currently mapped onto that polygon. If no live agency is found, fill the borough from the peer band: 702.6/100k x 1,235 = ~9 Part-I offences. Own history cannot carry the fill -- the only full-coverage year is 2019 (SRS 12 filed months, total 2, both larceny; 164/100k), five years stale and outside the 2-year real-report rule, while 2018 and 2022 are 1-filed-month zeros and 2020, 2021, 2023 are 0-filed-month non-r",,both_reject_DIFFERENT_repair,published_zero+token_reporter,residue_ruling,b2-PA0654200-west-leechburg;c-PA0654200-west-leechburg,retained_pre_final,
x-IA0060400-urbana,IA,IA0060400,cleanup_merged_packet,unclear_escalate,retain_current_flag_review,,opus,medium,1.0,0,1,"Do not let the 2024 zero stand unexamined and do not fill it blind. Two records would settle it: (a) whether IA0060400 appears on a later vintage of the FBI's 2024 agency roster - it is ABSENT from the roster in hand while CIUS, NIBRS (12-month header) and SRS all carry 2024 rows for it, and the FBI records population served as 0 for 2020-2022 before 1,642/1,649 in 2023-24, with no place code on the ORI's own panel row; and (b) whether Benton County SO rather than this ORI holds policing for Urbana city in 2024, which would put the polygon's crime under a different ORI. If the year is then ruled unusable, the only fill this packet supports is the agency's own 2023 value (1 offence, inside the 2-year window); a peer-band fill would insert ~12 offences (702.6/100k x 1,649) against an ORI whose entire recorded history is one larceny.",cleanup_ruling,merged_contradiction,published_zero+token_reporter,retained_pre_residue,,supervisor_wholesale_ruling,"supervisor wholesale ruling (docs/STATE.md, Stage 1 adjudication CLOSED): explicit escalation at mass <= 1.0 -> retain the current published value and carry flag_review; the state-UCR / Clery lookup that would settle it is not worth blocking the release at this mass. The reviewer's unclear_escalate verdict stands; only the disposition is supervised."
x-NH0074800-sutton,NH,NH0074800,cleanup_merged_packet,genuine_zero_year,retain_zero,,opus,medium,1.0,0,0,"Carry the published 0 as observed - no uplift, no fill, no repair. The 1-month 2024 SRS row needs no treatment: it is the same submission re-rendered, and uplift of a zero returns zero regardless.",cleanup_ruling,merged_contradiction,published_zero+token_reporter,retained_pre_residue,,retained_pre_final,
x-OK0310800-mccurtain,OK,OK0310800,cleanup_merged_packet,misread_missing,treat_missing_repair,,opus,medium,1.0,0,0,"Missing and fillable; do not carry 0 as observed. Own-history fill is BLOCKED (last positive 2021, outside the 2-year window), so the repair is the peer / silent-agency path for band (0,1000]: ~1.8-2 offences at pop 368 (503.4 per 100k implies 1.85). Do NOT repair toward the agency's 10.5/yr baseline - the 14 and 7 years belong to a recorded population of ~500 and are four to six years stale. 2022 and 2023 carry the identical signature and belong in the same treatment. Footprint unchanged: place 4044950 ""McCurtain town"", w=1 exclusive.",cleanup_ruling,merged_same_ori_pair,published_zero+token_reporter,retained_pre_residue,,retained_pre_final,
x-PA0542800-tower-city,PA,PA0542800,cleanup_merged_packet,genuine_zero_year,retain_zero,12,opus,medium,1.0,0,0,"Carry the published 0 as observed; no repair to 2024. Worth noting for the cleanup queue that the packet's own blank-as-zero test fires on this ORI's 2020 CIUS row (12-month publication label sitting on a 0-month submission record, no NIB row at all) and does not fire on 2024 - 2020, not 2024, is the year on this panel that should go missing.",cleanup_ruling,merged_contradiction,published_zero+token_reporter,retained_pre_residue,,retained_pre_final,
x-TX2340200-edgewood,TX,TX2340200,cleanup_merged_packet,misread_missing,treat_missing_repair,,opus,medium,1.0,0,0,"Set 2024 MISSING and fillable, and 2023 with it. Own-history fill is permitted (2022 is inside the 2-year window) but its base is unreliable: the 2022 record is 2 offences that are both murders with zero property crime, which is not a usable composition for a town of 1,700. The better anchors in this packet are the 2021 near-full year (8 offences on an 11-month NIBRS header, annualising to agg assault ~5.5 and larceny ~3.3) and the peer band (702.6/100k x 1,763 = ~12). Token/partial is not available: the 2024 record has no positive content and the SRS row is a zero on 0 months, so uplift returns zero.",cleanup_ruling,merged_contradiction,published_zero+token_reporter,retained_pre_residue,,retained_pre_final,
b2-IL0571400-stanford,IL,IL0571400,cleanup_merged_packet,genuine_zero_year,retain_zero,12,opus,low,0.5,0,0,"Carry the published 0 as observed, but flag this as the weakest zero in the batch - it is the one case here worth re-opening if any enrichment becomes available. Believable months = 12. Overturning it would send 2024 to missing-and-fillable, and the fill would be the 2021-2023 baseline median of 5 offences for a 582-person village, which the record supports no better than the zero does. Records that would settle it: (a) the NIBRS zero-report segment indicator on Stanford's 2023 and 2024 monthly submissions - a true zero-report versus an empty batch header resolves this directly; (b) the Illinois State Police I-UCR agency submission record for Stanford PD 2023-24; (c) whether Stanford Village still runs its own patrol or has contracted McLean County.",cleanup_ruling,structural_plausibility_residue,published_zero,retained_pre_residue,,retained_pre_final,
b2-KY0950100-booneville,KY,KY0950100,cleanup_merged_packet,genuine_zero_year,retain_zero,12,opus,high,0.5,0,0,"Carry the published 0 as observed across all seven offences. Believable months = 12; no uplift, no fill.",cleanup_ruling,structural_plausibility_residue,published_zero,retained_pre_residue,,retained_pre_final,
b2-MN0170500-westbrook,MN,MN0170500,cleanup_merged_packet,genuine_zero_year,retain_zero,12,opus,medium,0.5,0,0,"Carry the published 0 as observed across all seven offences. Believable months = 12; no uplift, no fill. Second-weakest case in the batch after Stanford - if a re-check budget exists beyond Stanford, spend it here. Resolving record: the Minnesota BCA agency-level submission/zero-report record for Westbrook PD 2023-24.",cleanup_ruling,structural_plausibility_residue,published_zero,retained_pre_residue,,retained_pre_final,
b2-MN0410100-tyler,MN,MN0410100,cleanup_merged_packet,genuine_zero_year,retain_zero,12,opus,medium,0.5,0,0,"Carry the published 0 as observed across all seven offences. Believable months = 12; no uplift, no fill.",cleanup_ruling,structural_plausibility_residue,published_zero,retained_pre_residue,,retained_pre_final,
b2-MO0540100-alma,MO,MO0540100,cleanup_merged_packet,genuine_zero_year,retain_zero,12,opus,medium,0.5,0,0,"Carry the published 0 as observed across all seven offences. Believable months = 12; no uplift, no fill. Note for the ledger: the whole dispute here is worth at most one offence, since this ORI's highest annual total ever recorded is 1.",cleanup_ruling,structural_plausibility_residue,published_zero,retained_pre_residue,,retained_pre_final,
b2-NH0057000-sugar-hill,NH,NH0057000,cleanup_merged_packet,genuine_zero_year,retain_zero,12,opus,high,0.5,0,0,"Carry the published 0 as observed across all seven offences. Believable months = 12; no uplift, no fill.",cleanup_ruling,structural_plausibility_residue,published_zero,retained_pre_residue,,retained_pre_final,
b2-OK0572300-wynona,OK,OK0572300,cleanup_merged_packet,genuine_zero_year,retain_zero,12,opus,high,0.5,0,0,"Carry the published 0 as observed across all seven offences. Believable months = 12; no uplift, no fill.",cleanup_ruling,structural_plausibility_residue,published_zero,retained_pre_residue,,retained_pre_final,
b2-OK0680600-gans,OK,OK0680600,cleanup_merged_packet,genuine_zero_year,retain_zero,12,opus,high,0.5,0,0,"Carry the published 0 as observed across all seven offences. Believable months = 12; no uplift, no fill.",cleanup_ruling,structural_plausibility_residue,published_zero,retained_pre_residue,,retained_pre_final,
b2-SC0210700-quinby,SC,SC0210700,cleanup_merged_packet,genuine_zero_year,retain_zero,,sol,medium,0.5,0,0,genuine_zero_year,cleanup_ruling,structural_plausibility_residue,published_zero,retained_pre_residue,,retained_pre_final,
b2-TX0911800-grayson-college,TX,TX0911800,cleanup_merged_packet,genuine_zero_year,retain_zero,,sol,medium,0.5,0,0,genuine_zero_year,cleanup_ruling,structural_plausibility_residue,published_zero,retained_pre_residue,,retained_pre_final,
r-NY0022200-andover-village,NY,NY0022200,residue_merged_packet,misread_missing,treat_missing_repair,,opus,high,0.5,0,0,"2024 must not stand as an observed measured full year. Set the agency-year MISSING and fillable. Fill basis: anchor on 2022, the ONLY demonstrably full-coverage year in the record (12 SRS filed months, total 1 = 1 aggravated assault) -> ~1 Part-I/yr; 2022 is within the 2-year own-history recency rule so this fill is admissible. The base is thin (one count over one 12-month exposure year), so if own-history is judged too thin the peer band (0,1000] gives 503.4/100k x 889 = 4.5/yr as the alternative. Either way the panel carries 1-5, not 0. EXCLUDE from any base rate: 2018, 2019, 2020, 2021, 2023 (0 filed months each) and the own-history median of 0/0.5 computed from them.",,both_reject_DIFFERENT_repair,published_zero+token_reporter,residue_ruling,b2-NY0022200-andover-village;c-NY0022200-andover-village,retained_pre_final,
r-PA0561100-jennerstown,PA,PA0561100,residue_merged_packet,misread_missing,treat_missing_repair,,opus,high,0.5,0,0,"Set the 2024 agency-year MISSING and fillable. Fill basis: anchor on 2019, the last near-full-coverage year (11 filed months, total 4 -> 4.4/yr annualised), composition 1 aggravated assault / 1 burglary / 2 larceny. The 2-year own-history recency rule is FAILED (last filed month is 2020, four years back), so the pipeline's admissible route is the peer band (0,1000] at 503.4/100k x 662 = 3.3/yr - which agrees with the 2019 anchor. Carry ~3-4/yr. EXCLUDE from the base: 2021, 2022, 2023 (0 filed months), and the 2018 CIUS '1' (its 12-month label sits on a 2-month submission); the 2020 row (3 on 2 months, x6 = 18/yr) is too unstable to anchor on.",,disposition_conflict_FLAG/REJECT,published_zero+token_reporter,residue_ruling,b2-PA0561100-jennerstown;c-PA0561100-jennerstown,retained_pre_final,
r-PA0652900-avonmore-boro,PA,PA0652900,residue_merged_packet,misread_missing,treat_missing_repair,,opus,high,0.5,0,0,"Set the 2024 agency-year MISSING and fillable. Fill basis: own-history is INADMISSIBLE - the entire 2018-2023 window carries 3 filed months (all in 2018) and the 2-year recency rule fails by six years. Use the peer band (0,1000] at 503.4/100k x 879 = 4.4/yr. Cross-check that this is not an inflation: the one positive row on record (2018, 1 offence on 3 filed months) annualises to 4.0/yr, which agrees with the peer figure. Carry ~4/yr. EXCLUDE 2019-2023 (0 filed months each) and the CIUS-lane median of 0/0.5 derived from them.",,both_reject_DIFFERENT_repair,published_zero+token_reporter,residue_ruling,b2-PA0652900-avonmore-boro;c-PA0652900-avonmore-boro,retained_pre_final,
x-KY0430200-caneyville,KY,KY0430200,cleanup_merged_packet,genuine_zero_year,retain_zero,,sol,medium,0.5,0,0,observed zero for 12 months,cleanup_ruling,merged_contradiction,published_zero+token_reporter,retained_pre_residue,,retained_pre_final,
x-KY0900200-bloomfield,KY,KY0900200,cleanup_merged_packet,token_reporting_flag,partial_year_uplift,1,sol,medium,0.5,0,0,zero for 1 believable month; treat as partial and do not preserve it as a complete-year zero,cleanup_ruling,merged_contradiction,published_zero+token_reporter,retained_pre_residue,,retained_pre_final,
b2-FL0299000-hp-hillsborough,FL,FL0299000,,misread_missing,treat_missing_repair,1,gold,high,,0,0,misread_missing,retained_pre_cleanup,,,retained_pre_residue,,retained_pre_final,
b2-GA0050400-georgia-military-college,GA,GA0050400,,genuine_zero_year,retain_zero,,gold,high,,0,0,genuine_zero_year,retained_pre_cleanup,,,retained_pre_residue,,retained_pre_final,
b2-GA0680800-piedmont-college,GA,GA0680800,full_year_nibrs_backed,genuine_zero_year,retain_zero,,luna,high,0.0,0,0,"[raw:true_zero] 2024 is a genuine full-year zero for Piedmont College, ORI GA0680800, statewide overlap footprint, FBI population unavailable.",retained_pre_cleanup,,,retained_pre_residue,,retained_pre_final,
b2-MN0701000-elko-new-market,MN,MN0701000,,misread_missing,treat_missing_repair,,gold,high,,0,0,"Treat 2024 as MISSING for MN0701000 (Elko New Market PD), not as an observed zero, and flag 2023 alongside it. The 2024 NIB row that the YR line omitted is real but is NOT an affirmative zero-report: its months_reported=12 comes from the NIBRS batch header's self-declared number_of_months_reported field (src/crimerisk/observations.py, the header_months_reported merge at ~line 820), and the underlying incident stream contradicts it. Raw NIBRS administrative segment, 2024: this agency transmitted 2 incidents for the entire year (2024-02-07 and 2024-07-08), both simple assault — Group A but non-Part-I. The Part-I zero is arithmetic from a near-empty submission, not a measured zero. Its own incident stream: 2020=39 (7 declared months), 2021=45, 2022=34, 2023=4, 2024=2, against a flat-to-growing FBI population (4,855 -> 5,126). Absolute plausibility fails twice over: (a) national benchmark, city agencies pop 4,000-6,000 declaring 12 NIBRS months in 2024 (n=791) have median 136 total incidents, 5th pct 35, 1st pct 12, and only 0.51% submit <=2 — Elko submitted 2; (b) its own Scott County peers, all 12-month 2024 reporters, published Part-I of 40 (Belle Plaine), 34 (Jordan), 56 (New Pragu",retained_pre_cleanup,,,retained_pre_residue,,retained_pre_final,
b2-NY0132800-millbrook-village,NY,NY0132800,,misread_missing,treat_missing_repair,,gold,medium,,0,0,misread_missing,retained_pre_cleanup,,,retained_pre_residue,,retained_pre_final,
b2-NY0355800-highlands-town,NY,NY0355800,,misread_missing,treat_missing_repair,,gold,medium,,0,0,misread_missing,retained_pre_cleanup,,,retained_pre_residue,,retained_pre_final,
b2-PA0140100-bellefonte,PA,PA0140100,,misread_missing,treat_missing_repair,,gold,high,,0,0,misread_missing,retained_pre_cleanup,,,retained_pre_residue,,retained_pre_final,
b2-PA0450100-delaware-water-gap,PA,PA0450100,,misread_missing,treat_missing_repair,,gold,medium,,0,0,misread_missing,retained_pre_cleanup,,,retained_pre_residue,,retained_pre_final,
b2-VT0110300-castleton,VT,VT0110300,,misread_missing,treat_missing_repair,,gold,medium,,0,0,"Treat 2024 as MISSING for VT0110300 (Castleton PD), and flag 2022 and 2023 as degraded alongside it. The wind-down hypothesis the packet invites is REFUTED, so this is not a fourth category: Castleton PD is an operating full-service department with 5 full-time officers plus part-timers covering Castleton, Hydeville and Bomoseen; the NIBRS batch header shows no agency_inactive_date and no covered_by_ori in any year 2016-2024, and it declared 12 months every year from 2018 through 2024. The 2024 NIB row omitted from the YR line is real but is a self-declared header month-count, not an affirmative zero-report: the raw incident stream for 2024 is 2 incidents for the whole year (2024-04-25 and 2024-06-23), both simple assault, neither Part-I. Own incident history: 2019=73, 2020=73, 2021=67, 2022=19, 2023=3, 2024=2, against a flat population (~4,500). Vermont peers of the same size in 2024, all 12-month reporters, published Part-I of 149 (VT0110700, pop 3,929) and 115 (VT0100100, pop 4,300); national size-matched benchmark (pop 4,000-6,000, 12 declared NIBRS months, n=791) has median 136 total incidents with only 0.51% at <=2. IMPORTANT CORRECTION to the packet's calibration: the demonst",retained_pre_cleanup,,,retained_pre_residue,,retained_pre_final,
b2-AL0080500-highland-lake,AL,AL0080500,cleanup_merged_packet,genuine_zero_year,retain_zero,,sol,medium,0.0,0,0,genuine_zero_year,cleanup_ruling,structural_plausibility_residue,published_zero,retained_pre_residue,,retained_pre_final,
b2-AL0160600-coffeeville,AL,AL0160600,cleanup_merged_packet,genuine_zero_year,retain_zero,,sol,medium,0.0,0,0,genuine_zero_year,cleanup_ruling,structural_plausibility_residue,published_zero,retained_pre_residue,,retained_pre_final,
b2-GA0290900-athens-technical-college,GA,GA0290900,cleanup_merged_packet,unclear_escalate,retain_current_flag_review,,sol,low,0.0,0,1,Obtain the college police department's 2024 jurisdiction/incident record or Georgia UCR certification showing whether the twelve monthly zero returns represented active police reporting.,cleanup_ruling,structural_plausibility_residue,published_zero,retained_pre_residue,,supervisor_wholesale_ruling,"supervisor wholesale ruling (docs/STATE.md, Stage 1 adjudication CLOSED): explicit escalation at mass <= 1.0 -> retain the current published value and carry flag_review; the state-UCR / Clery lookup that would settle it is not worth blocking the release at this mass. The reviewer's unclear_escalate verdict stands; only the disposition is supervised."
b2-IL0141500-kaskaskia-college,IL,IL0141500,cleanup_merged_packet,genuine_zero_year,retain_zero,,sol,medium,0.0,0,0,genuine_zero_year,cleanup_ruling,structural_plausibility_residue,published_zero,retained_pre_residue,,retained_pre_final,
b2-IL0150900-lake-land-college,IL,IL0150900,cleanup_merged_packet,genuine_zero_year,retain_zero,,sol,medium,0.0,0,0,genuine_zero_year,cleanup_ruling,structural_plausibility_residue,published_zero,retained_pre_residue,,retained_pre_final,
b2-IL0190600-waterman,IL,IL0190600,cleanup_merged_packet,misread_missing,treat_missing_repair,,opus,medium,,0,0,"2024 must not be carried as an observed 0 at tier high, 7-of-7. The agency-year goes MISSING and fillable. No own history exists to fill from - 2018-2023 are 0-month absences, not observed zeros - so the repair basis is the neighbour/peer set: same-county, size-matched DeKalb County village agencies published Part-I of 7 (Kingston), 7 (Somonauk), 19 (Hinckley), 23 (Cortland) and 3 on 9 months (Kirkland), and the (1000,2500] local_police peer median of 702.6 per 100k on FBIpop 1,417 implies ~10. A fill in the 7-10 range is defensible; 0 is not. When 2025 lands it retroactively settles the case - a normal 15-35 incident stream confirms the onboarding artefact, a second near-empty year would justify restoring the zero.",cleanup_ruling,explicit_escalate,published_zero,retained_pre_residue,,retained_pre_final,
b2-IL0410300-rend-lake-college,IL,IL0410300,cleanup_merged_packet,genuine_zero_year,retain_zero,,sol,medium,0.0,0,0,genuine_zero_year,cleanup_ruling,structural_plausibility_residue,published_zero,retained_pre_residue,,retained_pre_final,
b2-IL0501300-grand-ridge,IL,IL0501300,cleanup_merged_packet,genuine_zero_year,retain_zero,,sol,medium,0.0,0,0,genuine_zero_year,cleanup_ruling,structural_plausibility_residue,published_zero,retained_pre_residue,,retained_pre_final,
b2-IL0921600-sidell,IL,IL0921600,cleanup_merged_packet,genuine_zero_year,retain_zero,,sol,medium,0.0,0,0,genuine_zero_year,cleanup_ruling,structural_plausibility_residue,published_zero,retained_pre_residue,,retained_pre_final,
b2-IL0921800-fithian,IL,IL0921800,cleanup_merged_packet,genuine_zero_year,retain_zero,12,opus,high,0.0,0,0,"Carry 0 as observed for 2024, 12 months believable; no fill, no uplift. Separate defect to log, not affecting this ruling: the 2020 CIUS row is a genuine blank-as-zero artifact (12-month label on a 0-month SRS record, no NIBRS row that year, only 6 of 7 offense rows with larceny absent) and should be dropped from this ORI's own-history baseline rather than counted as an observed zero year.",cleanup_ruling,structural_plausibility_residue,published_zero,retained_pre_residue,,retained_pre_final,
b2-IL0921900-henning,IL,IL0921900,cleanup_merged_packet,genuine_zero_year,retain_zero,12,opus,high,0.0,0,0,"Carry 0 as observed for 2024, 12 months believable; no fill, no uplift. Log the 2020 CIUS row as a blank-as-zero artifact (12-month label on 0-month SRS, no NIBRS row, 6 of 7 offense rows) and exclude it from own-history baselines.",cleanup_ruling,structural_plausibility_residue,published_zero,retained_pre_residue,,retained_pre_final,
b2-IL0922000-indianola,IL,IL0922000,cleanup_merged_packet,genuine_zero_year,retain_zero,12,opus,medium,0.0,0,0,"Carry 0 as observed for 2024, 12 months believable; do not peer-fill (a fill would fabricate ~1.1 offences onto a 218-person village against five affirmative zero filings). Flag for a coverage/footprint review rather than a fill: this ORI has never transmitted a positive, so verify whether Vermilion County Sheriff answers calls inside place 1737348 before the exclusive w=1 crosswalk is treated as a measured-zero polygon. Also correct the 'seven consecutive zero years' count: 2020 is a blank-as-zero artifact (12-month label on 0-month SRS, no NIBRS row, 6 of 7 offense rows) and the 2021 NIBRS 12-month header contradicts the roster NIBRS start of 2021-10-01, so the defensible evidence is five real full-year zeros, not seven.",cleanup_ruling,structural_plausibility_residue,published_zero,retained_pre_residue,,retained_pre_final,
b2-IN0740600-chrisney,IN,IN0740600,cleanup_merged_packet,genuine_zero_year,retain_zero,12,opus,low,0.0,0,0,"Carry 0 as observed for 2024, 12 months believable — but carry it as low-confidence and flag the ORI. Do not send the year missing: with the last real filing in 2019 the own-history fill rule (real report within 2 years) fails, so a fill would come from peers and fabricate ~2.4 offences for a 469-person town whose every actual filing has been a zero. What would settle it, if the supervisor wants it settled: Indiana sworn-officer employment/roster evidence that Chrisney PD had staff in 2024, or a Spencer County Sheriff coverage agreement for Chrisney town. Recommend a coverage/footprint review of the exclusive w=1 crosswalk to place 1812574 rather than a fill.",cleanup_ruling,structural_plausibility_residue,published_zero,retained_pre_residue,,retained_pre_final,
b2-KS0010300-moran,KS,KS0010300,cleanup_merged_packet,genuine_zero_year,retain_zero,12,opus,low,0.0,0,0,"Carry 0 as observed for 2024, 12 months believable, flagged low-confidence. Do not peer-fill: the last real filing is 2020, so an own-history fill fails the 2-year rule and a peer fill would fabricate ~2.3 offences against four separate zero filings by this agency. Flag for a coverage/footprint review — verify whether Allen County Sheriff answers calls inside place 2048125 before the exclusive w=1 crosswalk is treated as a measured-zero polygon.",cleanup_ruling,structural_plausibility_residue,published_zero,retained_pre_residue,,retained_pre_final,
b2-KS0850200-assaria,KS,KS0850200,cleanup_merged_packet,genuine_zero_year,retain_zero,12,opus,low,0.0,0,0,"Carry 0 as observed for 2024, 12 months believable, flagged low-confidence. Do not peer-fill: last real filing is 2020, so own-history fill fails the 2-year rule and a peer fill would fabricate ~2.1 offences against four zero filings. Flag for a coverage/footprint review of the exclusive w=1 crosswalk to place 2002850 (whether Saline County Sheriff answers calls in Assaria city).",cleanup_ruling,structural_plausibility_residue,published_zero,retained_pre_residue,,retained_pre_final,
b2-KY0561400-woodlawn-park,KY,KY0561400,cleanup_merged_packet,genuine_zero_year,retain_zero,12,opus,medium,0.0,0,0,"Carry 0 as observed for 2024, 12 months believable; no fill. Flag the footprint, not the count: at pop 928 in a residential enclave inside Jefferson County, the exclusive w=1 crosswalk to place 2184576 should be reviewed against the Louisville Metro ORI's coverage. If LMPD answers calls inside the enclave, the ORI zero is true while the polygon zero is wrong — that is a coverage/allocation defect with no token in this vocabulary, and it must not be repaired by filling this agency-year.",cleanup_ruling,structural_plausibility_residue,published_zero,retained_pre_residue,,retained_pre_final,
b2-KY0660100-hyden,KY,KY0660100,cleanup_merged_packet,genuine_zero_year,retain_zero,12,opus,medium,0.0,0,0,"Carry 0 as observed for 2024, 12 months believable; no fill. Flag for a coverage/footprint review rather than a fill: never-positive across seven filing years at a county seat of ~280 warrants checking whether Leslie County Sheriff or KSP take the Part-I reports inside place 2138908 before the exclusive w=1 crosswalk is treated as a measured-zero polygon.",cleanup_ruling,structural_plausibility_residue,published_zero,retained_pre_residue,,retained_pre_final,
b2-KY0980200-elkhorn-city,KY,KY0980200,cleanup_merged_packet,genuine_zero_year,retain_zero,12,opus,medium,0.0,0,0,"Carry 0 as observed for 2024, 12 months believable; no fill. Note for the footprint queue: pop 965 is the largest in this batch, so if the aggregate index shows the Elkhorn City polygon (place 2124382) as an implausible cold spot, the fix belongs in coverage/allocation against the Pike County Sheriff and KSP ORIs, not in filling this agency-year.",cleanup_ruling,structural_plausibility_residue,published_zero,retained_pre_residue,,retained_pre_final,
b2-KY1020100-livingston,KY,KY1020100,cleanup_merged_packet,genuine_zero_year,retain_zero,12,opus,high,0.0,0,0,"Carry 0 as observed for 2024, 12 months believable; no fill, no uplift. Note on the neighbouring years: the 2022 and 2023 CIUS zeros sit on 1-month and 2-month SRS submission records, i.e. inside the blank-as-zero window, and are rescued only by their own NIBRS 12-month headers — they should not be cited as independent corroboration of the 2024 zero. 2024 stands on its own 12-month NIBRS header.",cleanup_ruling,structural_plausibility_residue,published_zero,retained_pre_residue,,retained_pre_final,
b2-KY1140400-woodburn,KY,KY1140400,cleanup_merged_packet,unclear_escalate,retain_current_flag_review,,sol,low,0.0,0,1,Obtain Woodburn Police Department's 2024 incident-level RMS/UCR extract or an official Warren County policing-transfer agreement showing whether incidents were reported under the sheriff's ORI.,cleanup_ruling,structural_plausibility_residue,published_zero,retained_pre_residue,,supervisor_wholesale_ruling,"supervisor wholesale ruling (docs/STATE.md, Stage 1 adjudication CLOSED): explicit escalation at mass <= 1.0 -> retain the current published value and carry flag_review; the state-UCR / Clery lookup that would settle it is not worth blocking the release at this mass. The reviewer's unclear_escalate verdict stands; only the disposition is supervised."
b2-LA0190300-wilson,LA,LA0190300,cleanup_merged_packet,unclear_escalate,retain_current_flag_review,,sol,low,0.0,0,1,Obtain Wilson Police Department's 2024 incident-level RMS/UCR extract or an official East Feliciana Parish service agreement identifying the ORI under which village incidents were reported.,cleanup_ruling,structural_plausibility_residue,published_zero,retained_pre_residue,,supervisor_wholesale_ruling,"supervisor wholesale ruling (docs/STATE.md, Stage 1 adjudication CLOSED): explicit escalation at mass <= 1.0 -> retain the current published value and carry flag_review; the state-UCR / Clery lookup that would settle it is not worth blocking the release at this mass. The reviewer's unclear_escalate verdict stands; only the disposition is supervised."
b2-LA0600900-heflin,LA,LA0600900,cleanup_merged_packet,genuine_zero_year,retain_zero,,sol,medium,0.0,0,0,Carry the observed zero as a complete 12-month 2024 report.,cleanup_ruling,structural_plausibility_residue,published_zero,retained_pre_residue,,retained_pre_final,
b2-MI2755500-marenisco-township,MI,MI2755500,cleanup_merged_packet,genuine_zero_year,retain_zero,,sol,medium,0.0,0,0,Carry the observed zero as a complete 12-month 2024 report.,cleanup_ruling,structural_plausibility_residue,published_zero,retained_pre_residue,,retained_pre_final,
b2-MI3264400-owendale,MI,MI3264400,cleanup_merged_packet,genuine_zero_year,retain_zero,,sol,medium,0.0,0,0,Carry the observed zero as a complete 12-month 2024 report.,cleanup_ruling,structural_plausibility_residue,published_zero,retained_pre_residue,,retained_pre_final,
b2-MN0010200-mcgregor,MN,MN0010200,cleanup_merged_packet,unclear_escalate,retain_current_flag_review,,sol,low,0.0,0,1,Obtain McGregor Police Department's 2024 incident-level RMS/UCR extract or an official Aitkin County service agreement identifying where McGregor incidents were reported.,cleanup_ruling,structural_plausibility_residue,published_zero,retained_pre_residue,,supervisor_wholesale_ruling,"supervisor wholesale ruling (docs/STATE.md, Stage 1 adjudication CLOSED): explicit escalation at mass <= 1.0 -> retain the current published value and carry flag_review; the state-UCR / Clery lookup that would settle it is not worth blocking the release at this mass. The reviewer's unclear_escalate verdict stands; only the disposition is supervised."
b2-MN0181300-cuyuna,MN,MN0181300,cleanup_merged_packet,genuine_zero_year,retain_zero,,sol,medium,0.0,0,0,Carry the observed zero as a complete 12-month 2024 report.,cleanup_ruling,structural_plausibility_residue,published_zero,retained_pre_residue,,retained_pre_final,
b2-MN0280500-hokah,MN,MN0280500,cleanup_merged_packet,genuine_zero_year,retain_zero,,sol,medium,0.0,0,0,Carry the observed zero as a complete 12-month 2024 report.,cleanup_ruling,structural_plausibility_residue,published_zero,retained_pre_residue,,retained_pre_final,
b2-MO0050700-washburn,MO,MO0050700,cleanup_merged_packet,genuine_zero_year,retain_zero,,sol,medium,0.0,0,0,Carry the observed zero as a complete 12-month 2024 report.,cleanup_ruling,structural_plausibility_residue,published_zero,retained_pre_residue,,retained_pre_final,
b2-MO0191200-east-lynne,MO,MO0191200,cleanup_merged_packet,genuine_zero_year,retain_zero,,sol,high,0.0,0,0,Carry the observed zero as a complete 12-month 2024 report.,cleanup_ruling,structural_plausibility_residue,published_zero,retained_pre_residue,,retained_pre_final,
b2-MO0470400-arcadia,MO,MO0470400,cleanup_merged_packet,genuine_zero_year,retain_zero,12,opus,high,0.0,0,0,"Carry the published 0 as observed for 2024, 12 believable months. No uplift, no fill, no flag.",cleanup_ruling,structural_plausibility_residue,published_zero,retained_pre_residue,,retained_pre_final,
b2-MO0540900-napoleon,MO,MO0540900,cleanup_merged_packet,genuine_zero_year,retain_zero,12,opus,medium,0.0,0,0,"Carry the published 0 as observed for 2024, 12 believable months. No uplift, no fill.",cleanup_ruling,structural_plausibility_residue,published_zero,retained_pre_residue,,retained_pre_final,
b2-MO0980600-emma,MO,MO0980600,cleanup_merged_packet,genuine_zero_year,retain_zero,12,opus,medium,0.0,0,0,"Carry the published 0 as observed for 2024, 12 believable months. No uplift, no fill.",cleanup_ruling,structural_plausibility_residue,published_zero,retained_pre_residue,,retained_pre_final,
b2-MS0610900-puckett,MS,MS0610900,cleanup_merged_packet,genuine_zero_year,retain_zero,12,opus,medium,0.0,0,0,"Carry the published 0 as observed for 2024, 12 believable months. No uplift, no fill.",cleanup_ruling,structural_plausibility_residue,published_zero,retained_pre_residue,,retained_pre_final,
b2-NB0140300-laurel,NE,NB0140300,cleanup_merged_packet,misread_missing,treat_missing_repair,33,opus,medium,0.0,0,0,"The 2024 agency-year must NOT stand as a measured full year. Set it MISSING and fillable. It cannot be filled from own history - every year 2018-2024 is zero, so a hist_median or trend fill returns 0 and reproduces the defect; fill from the size-matched peer lane for local_police at pop 940 (peer median 503.4/100k implies roughly 5 Part-I offences a year for this footprint). Footprint is unchanged: Census place 3126350 'Laurel city', w=1 exclusive.",cleanup_ruling,structural_plausibility_residue,published_zero,retained_pre_residue,,retained_pre_final,
b2-NH0033000-roxbury,NH,NH0033000,cleanup_merged_packet,genuine_zero_year,retain_zero,12,opus,medium,0.0,0,0,"Carry the published 0 as observed for 2024, 12 believable months. No uplift, no fill.",cleanup_ruling,structural_plausibility_residue,published_zero,retained_pre_residue,,retained_pre_final,
b2-NH0101000-goshen,NH,NH0101000,cleanup_merged_packet,genuine_zero_year,retain_zero,12,opus,low,0.0,0,0,"Carry the published 0 as observed for 2024, 12 believable months. No uplift, no fill. Flag this ORI as the weakest ruling in the batch - if the supervisor re-reads one case here, it should be this one.",cleanup_ruling,structural_plausibility_residue,published_zero,retained_pre_residue,,retained_pre_final,
b2-OK0200400-butler,OK,OK0200400,cleanup_merged_packet,genuine_zero_year,retain_zero,12,opus,medium,0.0,0,0,"Carry the published 0 as observed for 2024, 12 believable months. No uplift, no fill.",cleanup_ruling,structural_plausibility_residue,published_zero,retained_pre_residue,,retained_pre_final,
b2-OK0270700-nash,OK,OK0270700,cleanup_merged_packet,genuine_zero_year,retain_zero,12,opus,medium,0.0,0,0,"Carry the published 0 as observed for 2024, 12 believable months. No uplift, no fill.",cleanup_ruling,structural_plausibility_residue,published_zero,retained_pre_residue,,retained_pre_final,
b2-TX0030600-angelina-college,TX,TX0030600,cleanup_merged_packet,genuine_zero_year,retain_zero,12,opus,medium,0.0,0,0,"Carry the published 0 as observed for 2024, 12 believable months. No uplift, no fill. Separately note for Stage 2 (not this verdict): the w=1 footprint is the Texas statewide overlap layer under 'flagged_auto', so this ORI's mass is smeared statewide either way - nothing in the place-level panel turns on this ruling.",cleanup_ruling,structural_plausibility_residue,published_zero,retained_pre_residue,,retained_pre_final,
b2-TX0191400-texarkana-college,TX,TX0191400,cleanup_merged_packet,unclear_escalate,retain_current_flag_review,12,sol,medium,0.0,0,1,"Obtain the college's 2024 incident log or Clery statistics and confirmation that its police department, rather than another agency, retained primary policing responsibility; these would determine whether to carry 0 observed or mark the year missing and fillable.",cleanup_ruling,structural_plausibility_residue,published_zero,retained_pre_residue,,supervisor_wholesale_ruling,"supervisor wholesale ruling (docs/STATE.md, Stage 1 adjudication CLOSED): explicit escalation at mass <= 1.0 -> retain the current published value and carry flag_review; the state-UCR / Clery lookup that would settle it is not worth blocking the release at this mass. The reviewer's unclear_escalate verdict stands; only the disposition is supervised."
b2-TX0201700-alvin-community-college,TX,TX0201700,cleanup_merged_packet,unclear_escalate,retain_current_flag_review,,sol,medium,0.0,0,1,"Obtain the college's 2024 incident or Clery record and its policing-service arrangement; carry 0 only if those records confirm an active department with no Part-I offenses, otherwise carry missing and fillable.",cleanup_ruling,structural_plausibility_residue,published_zero,retained_pre_residue,,supervisor_wholesale_ruling,"supervisor wholesale ruling (docs/STATE.md, Stage 1 adjudication CLOSED): explicit escalation at mass <= 1.0 -> retain the current published value and carry flag_review; the state-UCR / Clery lookup that would settle it is not worth blocking the release at this mass. The reviewer's unclear_escalate verdict stands; only the disposition is supervised."
b2-TX0313300-indian-lake,TX,TX0313300,cleanup_merged_packet,genuine_zero_year,retain_zero,,sol,medium,0.0,0,0,Carry 0 as observed for 12 months.,cleanup_ruling,structural_plausibility_residue,published_zero,retained_pre_residue,,retained_pre_final,
b2-TX0780100-crowell,TX,TX0780100,cleanup_merged_packet,genuine_zero_year,retain_zero,,sol,medium,0.0,0,0,Carry 0 as observed for 12 months.,cleanup_ruling,structural_plausibility_residue,published_zero,retained_pre_residue,,retained_pre_final,
b2-TX0960200-estelline,TX,TX0960200,cleanup_merged_packet,genuine_zero_year,retain_zero,,sol,high,0.0,0,0,Carry 0 as observed for 12 months.,cleanup_ruling,structural_plausibility_residue,published_zero,retained_pre_residue,,retained_pre_final,
b2-TX1270500-hawley,TX,TX1270500,cleanup_merged_packet,genuine_zero_year,retain_zero,,sol,medium,0.0,0,0,Carry 0 as observed for 12 months.,cleanup_ruling,structural_plausibility_residue,published_zero,retained_pre_residue,,retained_pre_final,
r-GA0850200-milner,GA,GA0850200,residue_merged_packet,genuine_zero_year,retain_zero,,opus,medium,0.0,0,0,"Carry 0 as observed for 2024, with two corrections that the ruling should not be applied without. (1) Provenance: re-point LANE_SELECTED_2024 from cius_publication_annual to nibrs_srs_equivalent_annual. The CIUS row is the frozen Return-A master sitting on 0 SRS filed months and has no independent standing; the NIB row (12 filed months) is the actual measurement and happens to carry the same value. Same number, correct source -- and the CIUS-over-NIB preference is precisely what produced the failures in the two PA cases in this batch. (2) Strike the 'NEVER-POSITIVE HISTORY / 7 consecutive all-lane zero years' signal from any support for this verdict: five of those seven years (2018-2022) have 0 filed months in every lane and carry no information in either direction. The entire basis is the 22 months of genuine NIBRS exposure in 2023 (10 filed months, total 0) and 2024 (12 filed months, total 0). No fill, no uplift.",,qc_flagged_for_reread,published_zero+token_reporter,residue_ruling,x-GA0850200-milner,retained_pre_final,
r-PA0102900-harrisville,PA,PA0102900,residue_merged_packet,misread_missing,treat_missing_repair,1,opus,high,0.0,0,0,"Set the 2024 agency-year MISSING and fillable. The token diagnosis is CORRECT on the facts (1 believable month) but token_reporting_flag is not the operative disposition: 0 x 12/1 = 0, so a partial-year flag republishes the same zero. Fill basis: exposure-pooled own rate = 4 offences over 17 filed months 2018-2023 x 12 = 2.8/yr; the last real report (2023, 5 filed months, 3 larcenies) is within the 2-year recency rule so own-history is admissible. Peer band (0,1000] cross-check: 503.4/100k x 793 = 4.0/yr. Carry ~3/yr, composition all larceny (4 of 4 historical offences are larceny). EXCLUDE 2020, 2021, 2022 (0 filed months) and the 2018 CIUS 12-month zero (2-month submission) from the base; the 'own full-year median 0' is an artifact of those rows.",,both_reject_DIFFERENT_repair,published_zero+token_reporter,residue_ruling,b2-PA0102900-harrisville;c-PA0102900-harrisville,retained_pre_final,
r-PA0103000-prospect,PA,PA0103000,residue_merged_packet,misread_missing,treat_missing_repair,,opus,high,0.0,0,0,"Set the 2024 agency-year MISSING and fillable. Fill basis: anchor on 2019, the ONE demonstrably full-coverage year (12 SRS filed months, total 2 = 1 burglary + 1 larceny) -> 2/yr. Note explicitly that the 2-year own-history recency rule FAILS (2019 is five years back), so the pipeline's default route is the peer band (1000,2500] at 702.6/100k x 1082 = 7.6/yr, which is 3.8x this agency's own measured full-year level; treat 7.6 as an upper bound and prefer the 2019 anchor as a stated override, or blend within 2-7.6. EXCLUDE from the base: 2020, 2021, 2022, 2023 (0 filed months each), the 2018 CIUS zero (1-month submission), and the 'full-year median 0' computed from them.",,both_reject_DIFFERENT_repair,published_zero+token_reporter,residue_ruling,b2-PA0103000-prospect;c-PA0103000-prospect,retained_pre_final,
r-PA0111900-blacklick-township,PA,PA0111900,residue_merged_packet,misread_missing,treat_missing_repair,1,opus,medium,0.0,0,0,"Set the 2024 agency-year MISSING and fillable. Token diagnosis is right (1 believable month) but token_reporting_flag republishes the zero (0 x 12/1 = 0), so it is not the operative disposition. Fill basis: own-history must be BLOCKED entirely - this ORI has no positive Part-I count in any lane in any year 2018-2024, and its one full-coverage year (2019, 12 filed SRS months) is itself all-zero at pop 1,877, i.e. a zero-filer year, not a measurement. Using it as a base rate is the own-history-laundering error in its purest form. Use the peer band (1000,2500] at 702.6/100k x 1865 = 13.1/yr. FLAG FOR STAGE 2: if West-of-Cambria PSP or county coverage actually handles this township's incidents, the 13.1 fill may double count against the state lane; the footprint (cousub 4202106736, w=1 exclusive, provisional_auto) is the thing to re-examine, not this verdict.",,both_reject_DIFFERENT_repair,published_zero+token_reporter,residue_ruling,b2-PA0111900-blacklick-township;c-PA0111900-blacklick-township,retained_pre_final,
r-PA0113500-loretto,PA,PA0113500,residue_merged_packet,misread_missing,treat_missing_repair,,opus,medium,0.0,0,0,"Set the 2024 agency-year MISSING and fillable. Fill basis: own-history is INADMISSIBLE and must be blocked - 9 filed months across 2018-2023, all zero, no positive count in any lane in any year, no full-coverage year ever, and the last filed month is 2019 (recency rule fails). Use the peer band (1000,2500] at 702.6/100k x 1161 = 8.2/yr. CAVEAT to verify in Stage 2 (external knowledge, not verifiable from this packet): Loretto borough hosts Saint Francis University, whose campus offences would be carried by a separate university ORI in the CIUS Table 9 lane; if that ORI's footprint overlaps cousub 4202144704, a full residential peer fill on this borough polygon would partly double count, and the fill should be reduced accordingly.",,both_reject_DIFFERENT_repair,published_zero+token_reporter,residue_ruling,b2-PA0113500-loretto;c-PA0113500-loretto,retained_pre_final,
r-PA0155300-west-nottingham-township,PA,PA0155300,residue_merged_packet,misread_missing,treat_missing_repair,,opus,high,0.0,0,0,"Set the 2024 agency-year MISSING and fillable. Fill basis: peer band (2500,5000] at 929.7/100k x 2875 = 26.7/yr. Own-history must be BLOCKED: the only 12-filed-month year (2019, pop 2,700) is all-zero, i.e. a zero-filer year rather than a measurement, and the 0-month tail 2021-2023 carries no information; the packet's 'full-year median 0' is laundered from exactly those rows. Independent corroboration for the peer magnitude: the one month this agency ever filed with content (2020, 2 larcenies on 1 filed month) annualises to 24/yr, within 12% of the peer figure - so the peer fill is not an inflation, and the 2019 twelve-month zero is what is anomalous.",,both_reject_DIFFERENT_repair,published_zero+token_reporter,residue_ruling,b2-PA0155300-west-nottingham-township;c-PA0155300-west-nottingham-township,retained_pre_final,
r-PA0261500-luzerne-township,PA,PA0261500,residue_merged_packet,misread_missing,treat_missing_repair,,opus,high,0.0,0,0,"Set 2024 MISSING and fillable; drop the CIUS 0 (currently observed x7, tier hi, w=1.0). Believable measured months in 2024 = 1 (SRS filed 1 of 12). A 1-month zero uplifts to zero (0 x 12/1 = 0), so a partial-year flag would republish the identical zero — that is why the year goes missing rather than getting an uplift. FILL BASIS, anchored on the years with both real filed exposure and demonstrated records: 2020 (4 Part-I on 4 filed months) and 2022 (1 on 1) => ~0.83 Part-I per filed month ~= 10/yr, composition larceny-dominant (2020 was burglary 1 + larceny 3). Cross-checks that disagree, stated so the fill is not carried as precise: the only 12-filed-month year (2019) recorded 0 over 12 months, supporting ~0/yr; the peer band (local_police, 5,000-10,000) puts pop 5,127 at ~56/yr. Anchors span 0-56, so fill at the own-history figure (~10/yr) and carry it at the lowest confidence tier, never as a high-tier value. DO NOT anchor on 2021-2024 (0, 1, 0, 1 filed months) or on the packet's 'CIUS own median 0' from 2018-2019 — that is the degraded tail. Footprint is exclusive w=1 to cousub 4205145560 with no competing ORI in the packet, so a fill does not double count. The PA State Police ",,both_reject_DIFFERENT_repair,published_zero+token_reporter,residue_ruling,b2-PA0261500-luzerne-township;c-PA0261500-luzerne-township,retained_pre_final,
r-PA0372100-little-beaver-township,PA,PA0372100,residue_merged_packet,misread_missing,treat_missing_repair,,opus,medium,0.0,0,0,"Set 2024 MISSING and fillable; drop the CIUS 0. Believable measured months in 2024 = 0 — the agency submitted nothing to the FBI for 2024, so there is no partial year to uplift and no observation to keep. FILL BASIS must be PEER-ONLY: own history is unusable rather than merely low — 2 filed months across the 72 months of 2018-2023 (1 in 2018, 1 in 2019), and never a positive count in any lane in any year. Using that all-zero series as a base rate is the own-history-laundering error in its pure form, since the 'history' is 70 of 72 months unfiled (a 95% upper bound off 2 zero-months is ~18/yr, i.e. no constraint at all). Peer anchor: local_police (1,000-2,500] median 702.6/100k x 1,195 => ~8.4 Part-I/yr, composition weighted to larceny. CAVEAT ON THE REPAIR: an ORI that filed 2 months in 7 years while staying on the roster is the profile of a nominal department with PA State Police doing the actual patrol; if a PSP ORI's footprint covers cousub 4207343824 in the panel, this fill must be suppressed rather than added, or the township is counted twice. On the packet as given the polygon is exclusive w=1 to this ORI with no competing ORI, so the peer fill stands, but run the PSP-coverag",,both_reject_DIFFERENT_repair,published_zero+token_reporter,residue_ruling,b2-PA0372100-little-beaver-township;c-PA0372100-little-beaver-township,retained_pre_final,
r-PA0482800-walnutport,PA,PA0482800,residue_merged_packet,misread_missing,treat_missing_repair,,opus,high,0.0,0,0,"Set 2024 MISSING and fillable; drop the CIUS 0. Believable measured months in 2024 = 1 (SRS filed 1 of 12); 0 x 12/1 = 0, so a partial-year flag republishes the same zero and cannot settle the case. FILL BASIS is well anchored on this agency's own filed exposure: 17 filed months across 2018-2023 (1/10/3/0/2/1) carrying exactly 1 Part-I offence (a single larceny in 2022) => ~0.06 per filed month ~= 0.7 Part-I/yr, and the last near-full-coverage year (2019, 10 filed months) measured 0. Fill ~= 1 Part-I/yr, larceny. The peer band (1,000-2,500] at 702.6/100k x 2,090 => ~14.7/yr is 20x the own rate and should be carried as an UPPER BOUND only, not as the fill — 17 months of the agency's own exposure outrank a band median. DO NOT anchor on the 2023-2024 tail (1 filed month each). Practical panel effect is small (0 -> ~1), but the year must stop carrying a tier-high weight-1.0 'measured' zero. Footprint exclusive w=1 to cousub 4209580800, no competing ORI, so no double count. Note the roster's NIBRS start of 2025-05-01 with no NIBRS row in any year: 2025+ arrives in a different lane, so this 2024 gap is a reporting seam and must not later be read as a level change.",,both_reject_DIFFERENT_repair,published_zero+token_reporter,residue_ruling,b2-PA0482800-walnutport;c-PA0482800-walnutport,retained_pre_final,
r-PA0544700-branch-township,PA,PA0544700,residue_merged_packet,misread_missing,treat_missing_repair,,opus,high,0.0,0,0,"Set 2024 MISSING and fillable; drop the CIUS 0 (and treat the 2023 CIUS 0 as the same artefact — it too sits on 0 filed months). Believable measured months in 2024 = 0 (the agency submitted nothing): no partial year, no observation. FILL BASIS: 2018 is the one demonstrably full-coverage year in the window (SRS 12 filed months, total 0, at pop 1,747), so this agency has an attested full-year zero at essentially the same population; anchored there the fill is ~0-1 Part-I/yr, with the 13 filed months of 2018-2019 giving a 95% upper bound near 2.8/yr. The peer band (1,000-2,500] at 702.6/100k x 1,764 => ~12.4/yr is an upper bound only — a measured 12-month zero from the agency itself outranks a band median. Recommend filling at ~1/yr (larceny) at the lowest confidence tier. DO NOT anchor on 2020-2023 (zero filed months in all four years) and do not treat the CIUS 2023 zero as a data point, since it is the same publication default now under review. Footprint exclusive w=1 to cousub 4210708200, no competing ORI, so no double count. Supporting the non-report reading: FBI population served for this ORI swings 1,730 (2020) -> 2,397 (2021) -> 2,402 (2023) -> 1,764 (2024), a +-39% move indica",,disposition_conflict_FLAG/REJECT,published_zero+token_reporter,residue_ruling,b2-PA0544700-branch-township;c-PA0544700-branch-township,retained_pre_final,
r-PA0560100-meyersdale,PA,PA0560100,residue_merged_packet,misread_missing,treat_missing_repair,,opus,high,0.0,0,0,"Set 2024 MISSING and fillable; drop the CIUS 0. Believable measured months in 2024 = 0 (the agency submitted nothing to the FBI). FILL BASIS: the agency's own exposure in the years it actually filed — 8 filed months across 2018-2020 (5/1/2) carrying 3 Part-I offences (2019: 1 larceny; 2020: 1 burglary + 1 larceny) => ~0.38 per filed month ~= 4.5 Part-I/yr, composition burglary + larceny. The peer band (1,000-2,500] at 702.6/100k x 1,999 => ~14.0/yr sits well above that; fill at the own-history figure (~4-5/yr) and treat the peer figure as the upper bound. DO NOT anchor on 2021-2023 (zero filed months in all three years). Also do NOT read the packet's annualised 2019 line (1 offence on 1 filed month rendered as 12, '600% of baseline') as a level — that is a x12 artefact of a single larceny, and the packet's 'median full-year total of 2' is itself drawn from a 2-filed-month year, so it is not a full-year quantity and was not used. Footprint exclusive w=1 to cousub 4211148912, no competing ORI, so no double count.",,disposition_conflict_FLAG/REJECT,published_zero+token_reporter,residue_ruling,b2-PA0560100-meyersdale;c-PA0560100-meyersdale,retained_pre_final,
r-PA0560500-boswell,PA,PA0560500,residue_merged_packet,misread_missing,treat_missing_repair,,opus,medium,0.0,0,0,"Set 2024 MISSING and fillable; drop the CIUS 0 (2023 carries the identical artefact and should go the same way if it is in scope). Believable measured months in 2024 = 0 — and 0 in every year: SRS filed months 2018-2024 are 0 0 0 0 0 0 0, i.e. this ORI has not submitted a single month across the entire 84-month window. There is therefore NO own-history base rate of any kind; the all-zero series is not a low level, it is an empty record, and using it would be the own-history-laundering error at its limit. FILL BASIS must be PEER-ONLY: local_police (1,000-2,500] median 702.6/100k x 1,198 => ~8.4 Part-I/yr, composition weighted to larceny. CAVEAT ON THE REPAIR: an ORI that has never filed a month while remaining on the 2024 CDE roster is the profile of a nominal or dormant department with PA State Police providing actual patrol; if a PSP footprint covers cousub 4211107712 in the panel, this fill must be SUPPRESSED rather than added, or the borough is counted twice. On the packet as given the polygon is exclusive w=1 to this ORI with no competing ORI, so the peer fill stands, but the PSP-coverage check must be run before the fill is published. PA State Police UCR (ucr.pa.gov) would set",,disposition_conflict_FLAG/REJECT,published_zero+token_reporter,residue_ruling,b2-PA0560500-boswell;c-PA0560500-boswell,retained_pre_final,
r-PA0561700-indian-lake,PA,PA0561700,residue_merged_packet,misread_missing,treat_missing_repair,,opus,medium,0.0,0,0,"Set 2024 MISSING and fillable; drop the CIUS 0 (2023 carries the identical artefact — CIUS 0/12mo on 0 filed months). Believable measured months in 2024 = 0 (the agency submitted nothing). FILL BASIS: own filed exposure and the peer band converge here, which makes this the best-determined fill in the batch — 14 filed months across 2018-2022 (1/11/0/0/2) carrying 2 Part-I offences (2022: 1 larceny + 1 motor vehicle theft) => ~0.14 per filed month ~= 1.7/yr; peer band (0-1,000] at 503.4/100k x 389 => ~2.0/yr. Fill ~= 2 Part-I/yr, larceny/MVT. DO NOT anchor on 2020, 2021 or 2023 (zero filed months). Note that 2019's 11-filed-month zero is fully consistent with a ~2/yr level (expected ~1.8 offences over 11 months), so it is neither evidence of a suppressed count nor evidence of an exact zero. Footprint exclusive w=1 to cousub 4211136888, no competing ORI, so no double count. Practical panel effect: 0 -> ~2.",,disposition_conflict_FLAG/REJECT,published_zero+token_reporter,residue_ruling,b2-PA0561700-indian-lake;c-PA0561700-indian-lake,retained_pre_final,
r-PA0561800-rockwood,PA,PA0561800,residue_merged_packet,misread_missing,treat_missing_repair,,opus,medium,0.0,0,0,"Set 2024 MISSING and fillable; drop the CIUS 0 (2023 is the same artefact — CIUS 0/12mo on 0 filed months). Believable measured months in 2024 = 0 (the agency submitted nothing). FILL BASIS: 2018-2019 are the last years with substantial filed exposure — 15 filed months (5 + 10) carrying zero Part-I offences at pop ~825 — so the agency's own record supports a very low fill of ~0-1/yr, with a 95% upper bound near 2.4/yr from 15 zero-months. The peer band (0-1,000] at 503.4/100k x 822 => ~4.1/yr is an upper bound only. Recommend filling at the low end (~1/yr, larceny) at the lowest confidence tier. DO NOT anchor on 2020-2023 (zero filed months in all four years) and do not treat the CIUS 2023 zero as a data point, since it is the same publication default now under review. Footprint exclusive w=1 to cousub 4211165736, no competing ORI, so no double count. Practical panel effect is small (0 -> ~1).",,disposition_conflict_FLAG/REJECT,published_zero+token_reporter,residue_ruling,b2-PA0561800-rockwood;c-PA0561800-rockwood,retained_pre_final,
r-PA0562600-summit-township,PA,PA0562600,residue_merged_packet,misread_missing,treat_missing_repair,,opus,high,0.0,0,0,"Strip the 2024 CIUS row's months_reported=12 / tier-high / weight-1.0 standing; the 2024 agency-year goes MISSING and fillable (it currently publishes as observed 0x7). Fill from own history only, anchored on the two years that have real filed exposure: 2019 (SRS 12 filed months, total 0 -- the single demonstrably full-coverage year in the window) and 2022 (SRS 3 filed months, total 2, annualizing to 8). Those bracket 0-8; the defensible point estimate is low single digits (~2-4, the 2019 full-coverage zero blended with the 2022 annualized partial). Do NOT anchor on 2020, 2021 or 2023 -- 0 filed months in every lane, non-reports, and using them is exactly the own-history-laundering error. Do NOT use the peer floor (702.6/100k x 2,088 = 14.7), which is ~4x anything this agency has ever measured with real exposure. Fill-step caveat to check first: a PA township of 2,088 with an intermittent part-time PD (SRS filed months 1/12/0/0/3/0/0) is commonly PSP-covered between local filings, so if PA State Police counts for cousub 4211175232 already sit in the statewide overlap layer, filling this ORI double-counts and it should be superseded for the uncovered months instead. Systematic impli",,disposition_conflict_FLAG/REJECT,published_zero+token_reporter,residue_ruling,b2-PA0562600-summit-township;c-PA0562600-summit-township,retained_pre_final,
r-PA0591700-osceola-township,PA,PA0591700,residue_merged_packet,misread_missing,treat_missing_repair,,opus,high,0.0,0,0,"Strip the 2024 CIUS 12mo/tier-high/weight-1.0 standing; 2024 goes MISSING and fillable. Own-history fill is NOT available under the 'real report within 2 years' rule -- the last year with any filed exposure is 2019 (SRS 9 filed months, total 2), five years back, and 2020-2023 are 0 filed months in every lane. Fill therefore from the peer floor damped to population: 503.4/100k x 575 = ~3 Part-I offences. That is corroborated rather than merely assumed: the agency's own best-exposure year annualizes to 2.67 (2 offences on 9 filed months), so the peer route and the own-history route converge at ~3 and the fill is defensible either way. Caveat to resolve before the fill lands: four consecutive years with no filed month in any lane (2020-2023) on a 575-person footprint is the signature of a lapsed or part-time township PD under PA State Police coverage; if PSP counts for cousub 4211757224 are already carried in the statewide overlap layer, this ORI should be superseded rather than filled.",,disposition_conflict_FLAG/REJECT,published_zero+token_reporter,residue_ruling,b2-PA0591700-osceola-township;c-PA0591700-osceola-township,retained_pre_final,
x-AL0060300-clio,AL,AL0060300,cleanup_merged_packet,misread_missing,treat_missing_repair,,sol,high,0.0,0,0,missing and fillable,cleanup_ruling,merged_contradiction,published_zero+token_reporter,retained_pre_residue,,retained_pre_final,
x-AL0420400-hillsboro,AL,AL0420400,cleanup_merged_packet,misread_missing,treat_missing_repair,,sol,high,0.0,0,0,missing and fillable,cleanup_ruling,merged_contradiction,published_zero+token_reporter,retained_pre_residue,,retained_pre_final,
x-AL0480300-thomaston,AL,AL0480300,cleanup_merged_packet,genuine_zero_year,retain_zero,,opus,medium,0.0,0,0,"Carry 0 as observed for 2024; no fill, no uplift. Flag for the record: two consecutive all-stream zero years (2023 NIB 0 on 10 months, 2024 NIB 0 on 12 months) for an agency whose entire 2018-2024 history totals 9 offences - if a third zero year lands in 2025 the run should be re-opened as a stopped record on the same basis I used for Ruma and McCurtain. Footprint unchanged: place 0175936 ""Thomaston town"", w=1 exclusive.",cleanup_ruling,merged_same_ori_pair,published_zero+token_reporter,retained_pre_residue,,retained_pre_final,
x-GA0190300-leary,GA,GA0190300,cleanup_merged_packet,misread_missing,treat_missing_repair,,sol,high,0.0,0,0,missing and fillable,cleanup_ruling,merged_contradiction,published_zero+token_reporter,retained_pre_residue,,retained_pre_final,
x-GA0810400-bartow,GA,GA0810400,cleanup_merged_packet,genuine_zero_year,retain_zero,,sol,medium,0.0,0,0,"Deciding fact: at population 177, the agency accumulated four consecutive 12-month NIBRS zero submissions through 2024, making a zero an absolutely reachable outcome. Carry 2024 as observed zero.",cleanup_ruling,merged_same_ori_pair,published_zero+token_reporter,retained_pre_residue,,retained_pre_final,
x-GA0810500-stapleton,GA,GA0810500,cleanup_merged_packet,misread_missing,treat_missing_repair,,sol,high,0.0,0,0,missing and fillable,cleanup_ruling,merged_contradiction,published_zero+token_reporter,retained_pre_residue,,retained_pre_final,
x-IA0540100-sigourney,IA,IA0540100,cleanup_merged_packet,misread_missing,treat_missing_repair,,sol,high,0.0,0,0,missing and fillable,cleanup_ruling,merged_contradiction,published_zero+token_reporter,retained_pre_residue,,retained_pre_final,
x-IA0820500-blue-grass,IA,IA0820500,cleanup_merged_packet,misread_missing,treat_missing_repair,,sol,high,0.0,0,0,missing and fillable,cleanup_ruling,merged_contradiction,published_zero+token_reporter,retained_pre_residue,,retained_pre_final,
x-IA0820800-princeton,IA,IA0820800,cleanup_merged_packet,misread_missing,treat_missing_repair,,sol,high,0.0,0,0,missing and fillable,cleanup_ruling,merged_contradiction,published_zero+token_reporter,retained_pre_residue,,retained_pre_final,
x-IL0140600-albers,IL,IL0140600,cleanup_merged_packet,misread_missing,treat_missing_repair,,sol,high,0.0,0,0,"Deciding fact: a positive full-year filing in 2021 demonstrates reporting capacity, followed by three all-stream zero years at population 1,111. Carry 2024 as missing and fillable, subject to checking county coverage before filling.",cleanup_ruling,merged_same_ori_pair,published_zero+token_reporter,retained_pre_residue,,retained_pre_final,
x-IL0562500-bull-valley,IL,IL0562500,cleanup_merged_packet,misread_missing,treat_missing_repair,,sol,high,0.0,0,0,"Deciding fact: the ORI has never produced a positive count and now carries repeated full-year zeros at population 1,111. Carry 2024 as missing and fillable after reconciling McHenry County coverage of the village footprint.",cleanup_ruling,merged_same_ori_pair,published_zero+token_reporter,retained_pre_residue,,retained_pre_final,
x-IL0601000-livingston,IL,IL0601000,cleanup_merged_packet,unclear_escalate,retain_current_flag_review,,sol,medium,0.0,0,1,"Deciding fact: 2024 is the ORI's first and only substantive panel appearance, consisting solely of a 12-month all-zero NIBRS feed. Obtain the Illinois UCR monthly zero-report records or village/Madison County incident-and-coverage records to determine whether the feed was substantive or an onboarding shell.",cleanup_ruling,merged_same_ori_pair,published_zero+token_reporter,retained_pre_residue,,supervisor_wholesale_ruling,"supervisor wholesale ruling (docs/STATE.md, Stage 1 adjudication CLOSED): explicit escalation at mass <= 1.0 -> retain the current published value and carry flag_review; the state-UCR / Clery lookup that would settle it is not worth blocking the release at this mass. The reviewer's unclear_escalate verdict stands; only the disposition is supervised."
x-IL0610900-patoka,IL,IL0610900,cleanup_merged_packet,genuine_zero_year,retain_zero,,sol,medium,0.0,0,0,"Deciding fact: the 2023 NIBRS coverage of nine months exactly matches the April onboarding date, validating the measured month-count sequence that continues with 12 months in 2024. Carry 2024 as observed zero.",cleanup_ruling,merged_same_ori_pair,published_zero+token_reporter,retained_pre_residue,,retained_pre_final,
x-IL0792100-ellis-grove,IL,IL0792100,cleanup_merged_packet,genuine_zero_year,retain_zero,,sol,medium,0.0,0,0,"Deciding fact: three consecutive 12-month NIBRS zero submissions occurred for a population of only 325, where a zero remains an absolutely reachable agency outcome. Carry 2024 as observed zero, while separately reviewing the exclusive village footprint.",cleanup_ruling,merged_same_ori_pair,published_zero+token_reporter,retained_pre_residue,,retained_pre_final,
x-KS0290200-bucklin,KS,KS0290200,cleanup_merged_packet,misread_missing,treat_missing_repair,46,sol,medium,0.0,0,0,Deciding fact: every submission across seven years is zero despite multiple full-year NIBRS periods separated by partial reporting and two complete gaps. Carry 2024 as missing and fillable after checking Ford County coverage.,cleanup_ruling,merged_same_ori_pair,published_zero+token_reporter,retained_pre_residue,,retained_pre_final,
x-KS0350300-montezuma,KS,KS0350300,cleanup_merged_packet,misread_missing,treat_missing_repair,6,opus,medium,0.0,0,0,"2024 should go MISSING and be filled. Do NOT fill from own history: hist_median is 0 across 2018-2023 and every one of those years is a zero of the same character, so an own-history fill would relaunder the non-report as a measured zero. Fill from the peer rate for local_police in the (0,1000] band (503.4/100k on FBIpop 977, i.e. roughly 5 Part-I offences, property-dominated). No month count is defensible as a partial-year repair: the NIBRS batch header says 12 months, so there is no basis to name 3 or 6 believable months — the defect is that twelve filed months carry no records, not that fewer months were filed. The 2018/2019/2020 CIUS-and-NIB zero years are suspect on identical grounds and must not be used as a baseline for this ORI.",cleanup_ruling,merged_contradiction,published_zero+token_reporter,retained_pre_residue,,retained_pre_final,
x-KY0110300-perryville,KY,KY0110300,cleanup_merged_packet,genuine_zero_year,retain_zero,,opus,medium,0.0,0,0,"Carry the published 0 as observed for 2024; no repair, no uplift, no fill. The SRS 1-month row is not a coverage claim about the year — for a NIBRS reporter the SRS lane is a back-conversion rendering, and the NIBRS batch header (12 months) is the submission record. Recommend one panel annotation rather than a value change: this ORI records ~0.2 Part-I/yr against a peer expectation of ~4/yr, so the place-level exposure it produces is chronically thin. That is a coverage-quality fact about Perryville PD across the whole window, not a 2024-specific artefact, and it should be handled by a coverage flag on the footprint (place 2160258), not by rejecting one year.",cleanup_ruling,merged_contradiction,published_zero+token_reporter,retained_pre_residue,,retained_pre_final,
x-KY0360200-wheelwright,KY,KY0360200,cleanup_merged_packet,misread_missing,treat_missing_repair,,opus,medium,0.0,0,0,"2024 should go MISSING and be filled. Own-history fill is unusable — every year 2018-2023 is a zero of the same character, so hist_median 0 would reproduce the non-report; fill from the (0,1000] band peer rate (503.4/100k on FBIpop 464, i.e. roughly 2 Part-I offences, property-dominated). No partial-month repair is defensible: the 2024 NIBRS header is 12 months, so the defect is twelve filed months carrying no records, not short coverage. The 2019-2023 zero years fail on the same grounds and should not serve as a baseline for this ORI or as a neighbour reference for the adjacent Floyd County micro-ORIs.",cleanup_ruling,merged_contradiction,published_zero+token_reporter,retained_pre_residue,,retained_pre_final,
x-KY0360400-wayland,KY,KY0360400,cleanup_merged_packet,genuine_zero_year,retain_zero,,opus,medium,0.0,0,0,"Carry the published 0 as observed for 2024; no repair, no uplift, no fill. The SRS 0-month row is a back-conversion rendering artefact for a NIBRS reporter, not a coverage claim — the 12-month NIBRS batch header is the submission record. As with the rest of the Floyd County micro-cluster, the honest downstream treatment is a thin-exposure coverage note on the footprint (place 2181012), not rejection of a single year.",cleanup_ruling,merged_contradiction,published_zero+token_reporter,retained_pre_residue,,retained_pre_final,
x-KY0360500-allen,KY,KY0360500,cleanup_merged_packet,genuine_zero_year,retain_zero,,opus,medium,0.0,0,0,"Carry the published 0 as observed for 2024; no repair and no fill. Flag one provenance caveat for the record rather than changing the value: 2024 is the first year this ORI carries a row in any real lane (roster nibrs_start 2015-05-01 but no NIBRS panel row before 2024, and SRS 0-month placeholders 2018-2023), so the year has no own-history corroboration of any kind and the footprint (place 2100946, 175 persons) carries negligible mass either way. If the supervisor pass later establishes that Allen PD is non-operational and Floyd County/KSP polices the city, this becomes misread_missing; the resolving record is the ORI's total NIBRS incident volume including Part-II offences for 2024.",cleanup_ruling,merged_contradiction,published_zero+token_reporter,retained_pre_residue,,retained_pre_final,
x-KY0430300-clarkson,KY,KY0430300,cleanup_merged_packet,genuine_zero_year,retain_zero,,opus,medium,0.0,0,0,"Carry the published 0 as observed for 2024; no repair, no uplift, no fill. Two provenance notes for the record, neither of which changes the 2024 value: (1) the 2022 agency-year is separately defective in the other direction — CIUS printed 0 while the NIBRS submission for the same year carried 1 at 12 months, so 2022 is a CIUS-vintage understatement and should be read off the submission lane (1), not the publication lane (0); (2) the SRS lane for this ORI is erratic across the window (12mo, 12mo, 1mo, 3mo, 3mo, 0mo, 0mo) and should not be used as a coverage measure for a NIBRS reporter.",cleanup_ruling,merged_contradiction,published_zero+token_reporter,retained_pre_residue,,retained_pre_final,
x-KY0480400-lynch,KY,KY0480400,cleanup_merged_packet,genuine_zero_year,retain_zero,,sol,medium,0.0,0,0,"Deciding fact: the agency submitted three consecutive 12-month NIBRS zero years at population 596, a level at which a zero remains reachable. Carry 2024 as observed zero.",cleanup_ruling,merged_same_ori_pair,published_zero+token_reporter,retained_pre_residue,,retained_pre_final,
x-KY0520400-campbellsburg,KY,KY0520400,cleanup_merged_packet,unclear_escalate,retain_current_flag_review,,sol,medium,0.0,0,1,Deciding fact: the 2024 all-zero feed is the first full-year submission after only one reported month in 2018 and five years with no submitted months. Obtain Kentucky UCR monthly submission detail or local/Henry County operational and incident records.,cleanup_ruling,merged_same_ori_pair,published_zero+token_reporter,retained_pre_residue,,supervisor_wholesale_ruling,"supervisor wholesale ruling (docs/STATE.md, Stage 1 adjudication CLOSED): explicit escalation at mass <= 1.0 -> retain the current published value and carry flag_review; the state-UCR / Clery lookup that would settle it is not worth blocking the release at this mass. The reviewer's unclear_escalate verdict stands; only the disposition is supervised."
x-KY0690300-crab-orchard,KY,KY0690300,cleanup_merged_packet,misread_missing,treat_missing_repair,,sol,high,0.0,0,0,Deciding fact: the ORI remained all-zero through approximately 83 submitted NIBRS months while serving about 761-831 residents. Carry 2024 as missing and fillable after reconciling Lincoln County coverage.,cleanup_ruling,merged_same_ori_pair,published_zero+token_reporter,retained_pre_residue,,retained_pre_final,
x-KY0960200-butler,KY,KY0960200,cleanup_merged_packet,unclear_escalate,retain_current_flag_review,,opus,high,0.0,0,1,"Hold 2024 unresolved: do not carry 0 at tier-high/weight-1.0 and do not peer-fill (~3.2 at pop 640). Two repo-internal checks settle it: (1) does the panel carry ANY 2018-2023 NIBRS rows for other small KY local_police ORIs? If yes, Butler's nine-year NIBRS silence under a 2015-05-01 enrollment is agency-side and the 2024 header is a fresh feed of unproven content (then misread_missing); if no, the absence is KY panel coverage and the zero is a long-quiet record becoming visible (then genuine_zero_year). (2) KSP / Kentucky UCR published 2024 figure for Butler PD. Failing both, a second all-zero 12-month year in 2025 makes it structural.",cleanup_ruling,merged_same_ori_pair,published_zero+token_reporter,retained_pre_residue,,supervisor_wholesale_ruling,"supervisor wholesale ruling (docs/STATE.md, Stage 1 adjudication CLOSED): explicit escalation at mass <= 1.0 -> retain the current published value and carry flag_review; the state-UCR / Clery lookup that would settle it is not worth blocking the release at this mass. The reviewer's unclear_escalate verdict stands; only the disposition is supervised."
x-MA0022500-savoy,MA,MA0022500,cleanup_merged_packet,genuine_zero_year,retain_zero,,opus,medium,0.0,0,0,"Carry 0 as observed, but strip the assumed CIUS standing: the tier-high/weight-1.0/12-month label is an ingestion assumption, and the only real corroboration is the NIBRS header. Flag the agency-year low-weight and re-test on 2025 -- a second consecutive all-zero 12-month year would flip this to structural non-reporting.",cleanup_ruling,merged_same_ori_pair,published_zero+token_reporter,retained_pre_residue,,retained_pre_final,
x-MA0071400-montgomery,MA,MA0071400,cleanup_merged_packet,genuine_zero_year,retain_zero,12,opus,medium,0.0,0,0,"Carry 0 as observed at reduced weight (the 12-month/high/1.0 CIUS standing is assumed, not observed). Re-test on 2025; a second all-zero year makes it structural non-reporting rather than a quiet year.",cleanup_ruling,merged_same_ori_pair,published_zero+token_reporter,retained_pre_residue,,retained_pre_final,
x-MI3266600-pigeon,MI,MI3266600,cleanup_merged_packet,misread_missing,treat_missing_repair,,opus,high,0.0,0,0,"2024 should go MISSING and be filled. Own-history fill is unusable — 2019-2023 are zeros of the same character, so hist_median 0 would relaunder the non-report; fill from the (1000,2500] band peer rate (702.6/100k on FBIpop 1,192, i.e. roughly 8 Part-I offences, property-dominated). No partial-month repair is defensible even though SRS reads 4 months: uplift cannot rescue a zero (0 x 12/4 = 0), so a token/partial ruling would leave the same false zero in the panel. The 2019-2023 zero years fail on identical grounds and must not serve as a fill baseline for this ORI.",cleanup_ruling,merged_contradiction,published_zero+token_reporter,retained_pre_residue,,retained_pre_final,
x-MN0230500-rushford,MN,MN0230500,cleanup_merged_packet,misread_missing,treat_missing_repair,,opus,high,0.0,0,0,"2024 should go MISSING and be filled. Own-history fill is unusable — every year 2018-2023 is a zero of the same character, so hist_median 0 would reproduce the non-report; fill from the (1000,2500] band peer rate (702.6/100k on FBIpop 1,861, i.e. roughly 13 Part-I offences, property-dominated). No partial-month repair is defensible: the 2024 NIBRS header is 12 months, so the defect is twelve filed months carrying no records. The 2019 (SRS 12mo) and 2021-2023 (NIB 12mo) zero years fail on the same grounds; 2018 is separately defective as a textbook blank-as-zero (a 12-month CIUS publication label sitting on a 1-month SRS submission) and should also be treated as missing rather than as a measured zero.",cleanup_ruling,merged_contradiction,published_zero+token_reporter,retained_pre_residue,,retained_pre_final,
x-MN0250400-kenyon,MN,MN0250400,cleanup_merged_packet,misread_missing,treat_missing_repair,,opus,high,0.0,0,0,"2024 should go MISSING and be filled. Own-history fill is NOT permitted and would in any case be wrong here: hist_median across 2018-2023 is contaminated by the same zero-report years, and the last real report (2021) is three years stale, which the landed rule (own-history fills require a real report within 2 years) already excludes. Fill from the (1000,2500] band peer rate (702.6/100k on FBIpop 1,874, i.e. roughly 13 Part-I offences); the agency's own 2020-2021 level (4-5/yr, composition 1.5 burglary + 2 larceny + 1 MVT) is a defensible lower bound if a same-agency anchor is preferred. 2022 and 2023 fail on identical grounds and should also be treated as missing rather than as measured zeros — the whole three-year run is one defect, not three. No partial-month repair is defensible: the NIBRS header is 12 months.",cleanup_ruling,merged_contradiction,published_zero+token_reporter,retained_pre_residue,,retained_pre_final,
x-NH0057400-warren,NH,NH0057400,cleanup_merged_packet,misread_missing,treat_missing_repair,,opus,medium,0.0,0,0,"2024 should go MISSING and be filled. Own-history fill is unusable — 2021-2023 are zeros of the same character and 2018-2020 are empty (SRS 0-month placeholders only), so hist_median 0 would relaunder the non-report; fill from the (0,1000] band peer rate (503.4/100k on FBIpop 835, i.e. roughly 4 Part-I offences, property-dominated). If the supervisor prefers a regional anchor over the national band, a rural New Hampshire property-crime rate would be the defensible substitute; what is not defensible is carrying 0 as measured. No partial-month repair: the 2024 NIBRS header is 12 months. The 2021-2023 zero years fail on the same grounds and should not be used as a baseline for this ORI.",cleanup_ruling,merged_contradiction,published_zero+token_reporter,retained_pre_residue,,retained_pre_final,
x-SC0130400-mcbee,SC,SC0130400,cleanup_merged_packet,genuine_zero_year,retain_zero,,sol,medium,0.0,0,0,carry 0 as observed,cleanup_ruling,merged_contradiction,published_zero+token_reporter,retained_pre_residue,,retained_pre_final,
x-TX0730300-rosebud,TX,TX0730300,cleanup_merged_packet,misread_missing,treat_missing_repair,,opus,medium,0.0,0,0,"The 2024 agency-year should go MISSING and fillable -- do not carry 0 as an observed complete year on place 4863188. No own-history anchor exists (no positive count in any lane 2018-2023), so any fill is necessarily a peer estimate: carry it at reduced weight and flag it, and do not treat the band median (702.6/100k, ~9.5 offences) as a point estimate, since the band median is set by agencies that actually report. I will not name a repair value the packet cannot defend.",cleanup_ruling,merged_same_ori_pair,published_zero+token_reporter,retained_pre_residue,,retained_pre_final,
x-TX0891000-smiley,TX,TX0891000,cleanup_merged_packet,genuine_zero_year,retain_zero,,opus,medium,0.0,0,0,Carry 0 as observed at reduced weight; the CIUS 12-month/high/1.0 standing is assumed and only the NIBRS header is real corroboration. Re-test on 2025: a third consecutive all-zero year across 29 filed months would move this to structural non-reporting.,cleanup_ruling,merged_same_ori_pair,published_zero+token_reporter,retained_pre_residue,,retained_pre_final,
x-TX0912200-southmayd,TX,TX0912200,cleanup_merged_packet,misread_missing,treat_missing_repair,,opus,low,0.0,0,0,"The 2024 agency-year should go MISSING rather than stand as an observed complete zero on place 4869104. There is no own-history anchor, so the fill is a peer estimate and must be carried at reduced weight and flagged; a blind band-median fill (702.6/100k, ~7.8 offences) is the specific danger and should be capped, not applied at face value. Ruled at low confidence: this population sits only ~11% above the line that decided it.",cleanup_ruling,merged_same_ori_pair,published_zero+token_reporter,retained_pre_residue,,retained_pre_final,
x-TX0990100-chillicothe,TX,TX0990100,cleanup_merged_packet,genuine_zero_year,retain_zero,,sol,medium,0.0,0,0,carry 0 as observed,cleanup_ruling,merged_contradiction,published_zero+token_reporter,retained_pre_residue,,retained_pre_final,
x-TX1100500-anton,TX,TX1100500,cleanup_merged_packet,misread_missing,treat_missing_repair,,opus,low,0.0,0,0,"The 2024 agency-year should go MISSING, not carried as an observed complete zero on place 4803540. No own-history anchor exists, so any fill is a peer estimate at reduced weight and flagged. Note a packet defect: the peer arm scored Anton against the (1000, 2500] band median of 702.6 using a 1,097 population that is the window maximum, when the 2024 population of 912 belongs in (0, 1000] at 503.4 -- so the correct band expectation is 4.6, not 6.4, and the peer arm is weaker than the packet states.",cleanup_ruling,merged_same_ori_pair,published_zero+token_reporter,retained_pre_residue,,retained_pre_final,
x-TX1410600-lometa,TX,TX1410600,cleanup_merged_packet,genuine_zero_year,retain_zero,,sol,medium,0.0,0,0,carry 0 as observed,cleanup_ruling,merged_contradiction,published_zero+token_reporter,retained_pre_residue,,retained_pre_final,
x-TX1521100-ransom-canyon,TX,TX1521100,cleanup_merged_packet,misread_missing,treat_missing_repair,,sol,high,0.0,0,0,year goes missing and fillable,cleanup_ruling,merged_contradiction,published_zero+token_reporter,retained_pre_residue,,retained_pre_final,
x-TX1701800-woodbranch,TX,TX1701800,cleanup_merged_packet,misread_missing,treat_missing_repair,,sol,high,0.0,0,0,year goes missing and fillable,cleanup_ruling,merged_contradiction,published_zero+token_reporter,retained_pre_residue,,retained_pre_final,
x-TX1750700-blooming-grove,TX,TX1750700,cleanup_merged_packet,genuine_zero_year,retain_zero,,sol,medium,0.0,0,0,carry 0 as observed,cleanup_ruling,merged_contradiction,published_zero+token_reporter,retained_pre_residue,,retained_pre_final,
x-TX2101600-tenaha,TX,TX2101600,cleanup_merged_packet,misread_missing,treat_missing_repair,,sol,high,0.0,0,0,year goes missing and fillable,cleanup_ruling,merged_contradiction,published_zero+token_reporter,retained_pre_residue,,retained_pre_final,
x-WA0380900-palouse,WA,WA0380900,cleanup_merged_packet,misread_missing,treat_missing_repair,,sol,high,0.0,0,0,year goes missing and fillable,cleanup_ruling,merged_contradiction,published_zero+token_reporter,retained_pre_residue,,retained_pre_final,
x-WY0070400-shoshoni,WY,WY0070400,cleanup_merged_packet,genuine_zero_year,retain_zero,12,opus,medium,0.0,0,0,Carry 0 as observed at reduced weight on place 5670570; the CIUS 12-month/high/1.0 standing is an ingestion assumption and only the NIBRS header corroborates completeness. Re-test on 2025 -- a second all-zero 12-month year makes it structural non-reporting.,cleanup_ruling,merged_same_ori_pair,published_zero+token_reporter,retained_pre_residue,,retained_pre_final,
g-FL0280000-highlands-sheriff,FL,FL0280000,gate_iteration_county_plausibility,misread_missing,treat_missing_repair,,codex,high,0.0,0,0,"Set the 2024 agency-year to missing and fillable. The NIBRS batch header claims only 2 months but the Part-I rollup contains no incident row in any of the seven streams; observation completion turns that total absence into seven zeros and true-partial semantics then republishes zero for the year. That is not plausible coverage for a sheriff serving 97,382 people: the last usable positive reports are 996 Part-I incidents over 6 reported months in 2018, 1,964 over 12 months in 2019, and 1,639 over 12 months in 2020; 2021-2022 have no positive observation and the 2023 NIBRS header is another all-zero fragment. The v21 surface consequently collapsed all 109,892 Highlands County residents to 38.423 expected incidents (34.96 per 100k, 2.86% of the Florida large-county median). Treat the 2024 header-only zero as an unmeasured fragment. The existing three-year recency bound correctly bars an own-history fill from 2020, leaving the existing benchmark-imputation lane to size the now-silent county-remainder territory; use no hard-coded repair value.",gate_iteration_ruling,county_level_plausibility_tripwire,published_zero,gate_iteration,,,gate_iteration,validator_mechanism_triage
